model,metric,scope,layers,paired_positive_layers,paired_negative_layers,paired_layer_mean,numerical_status,real_layer_mean,real_undefined_entries,hall_layer_mean,hall_undefined_entries
qwen2_5_vl_7b,b1_attention_residual_kappa,all,28,15,13,-0.001638549566402986,see full numerical report,0.1638579900017889,0,0.16115705369235736,0
qwen2_5_vl_7b,b1_attention_residual_kappa,train,28,14,14,-0.002212781183852378,see full numerical report,0.1639290564877649,0,0.16135762186107075,0
qwen2_5_vl_7b,b1_attention_residual_kappa,test,28,15,13,0.002333219120955312,see full numerical report,0.16358534069501546,0,0.15960981353371131,0
qwen2_5_vl_7b,b1_attention_total_norm,all,28,19,9,6.510728556282119,see full numerical report,202.37216341919472,0,207.5050110024776,0
qwen2_5_vl_7b,b1_attention_total_norm,train,28,18,10,6.20384636336033,see full numerical report,202.9564749355818,0,208.1211722196816,0
qwen2_5_vl_7b,b1_attention_total_norm,test,28,16,12,8.633330390657832,see full numerical report,200.1304298130558,0,202.75176732690412,0
qwen2_5_vl_7b,b1_cos_residual_generation,all,28,0,28,-0.09145729718537672,see full numerical report,-0.6517573707715397,0,-0.7455642607961985,0
qwen2_5_vl_7b,b1_cos_residual_generation,train,28,0,28,-0.09143997371099036,see full numerical report,-0.6553001853476619,0,-0.7494414215185221,0
qwen2_5_vl_7b,b1_cos_residual_generation,test,28,2,26,-0.09157711788321565,see full numerical report,-0.6381652263881475,0,-0.7156547352239861,0
qwen2_5_vl_7b,b1_cos_residual_prompt,all,28,25,3,0.10441437582889733,see full numerical report,-0.29306580344011357,0,-0.18273636805977672,0
qwen2_5_vl_7b,b1_cos_residual_prompt,train,28,25,3,0.09577817315567598,see full numerical report,-0.2906480918471503,0,-0.1837587473596655,0
qwen2_5_vl_7b,b1_cos_residual_prompt,test,28,24,4,0.16414811098534482,see full numerical report,-0.30234144695542486,0,-0.17484944203206365,0
qwen2_5_vl_7b,b1_cos_residual_visual,all,28,23,5,0.027436694991082238,see full numerical report,-0.40741574585979595,0,-0.3756333170588543,0
qwen2_5_vl_7b,b1_cos_residual_visual,train,28,22,6,0.03202398222684256,see full numerical report,-0.4047553859689412,0,-0.37096322815126237,0
qwen2_5_vl_7b,b1_cos_residual_visual,test,28,15,13,-0.0042920417229266195,see full numerical report,-0.4176223189025944,0,-0.4116597172031348,0
qwen2_5_vl_7b,b1_delta_residual_generation_cos,all,28,0,28,-0.10993308567740143,see full numerical report,-1.0101700454129177,0,-1.1246777610657317,0
qwen2_5_vl_7b,b1_delta_residual_generation_cos,train,28,0,28,-0.10928239881578096,see full numerical report,-1.0140745203354589,0,-1.126845793406223,0
qwen2_5_vl_7b,b1_delta_residual_generation_cos,test,28,1,27,-0.11443366980360951,see full numerical report,-0.9951903772004754,0,-1.1079529401533685,0
qwen2_5_vl_7b,b1_delta_residual_visual_cos,all,28,24,4,0.037301517359746184,see full numerical report,-0.6089266324977681,0,-0.5696071865845799,0
qwen2_5_vl_7b,b1_delta_residual_visual_cos,train,28,24,4,0.04052515832276221,see full numerical report,-0.6055190331557142,0,-0.5639846904165996,0
qwen2_5_vl_7b,b1_delta_residual_visual_cos,test,28,19,9,0.015004667365551989,see full numerical report,-0.6220000184350705,0,-0.6129807284518574,0
qwen2_5_vl_7b,b1_generation_norm,all,28,26,2,16.097698676998913,see full numerical report,149.49468866358984,0,166.38814244100567,0
qwen2_5_vl_7b,b1_generation_norm,train,28,26,2,14.90988226369681,see full numerical report,150.67877933351338,0,167.16111107215127,0
qwen2_5_vl_7b,b1_generation_norm,test,28,27,1,24.313428869005154,see full numerical report,144.95187926647935,0,160.4252415721683,0
qwen2_5_vl_7b,b1_prompt_norm,all,28,3,25,-3.9595303004508438,see full numerical report,70.55764245400867,0,65.94603318818918,0
qwen2_5_vl_7b,b1_prompt_norm,train,28,4,24,-3.5834514371331068,see full numerical report,70.44855292709659,0,65.97578479504189,0
qwen2_5_vl_7b,b1_prompt_norm,test,28,3,25,-6.560742438398522,see full numerical report,70.97616861975789,0,65.71652079246839,0
qwen2_5_vl_7b,b1_residual_norm,all,28,21,7,9.352826299791735,see full numerical report,226.15501612561522,0,233.03673409485413,0
qwen2_5_vl_7b,b1_residual_norm,train,28,20,8,9.140659083331943,see full numerical report,226.88478127131546,0,233.77696646849498,0
qwen2_5_vl_7b,b1_residual_norm,test,28,18,10,10.820316213638629,see full numerical report,223.35524407624578,0,227.32637006962437,0
qwen2_5_vl_7b,b1_residual_share,all,28,18,10,0.0014340694483615008,see full numerical report,0.5015216496026557,0,0.5026183865696249,0
qwen2_5_vl_7b,b1_residual_share,train,28,18,10,0.0011930198222244556,see full numerical report,0.5014851199289817,0,0.5025185980289143,0
qwen2_5_vl_7b,b1_residual_share,test,28,20,8,0.0031013293624760616,see full numerical report,0.5016617971006934,0,0.5033881838836775,0
qwen2_5_vl_7b,b1_residual_visual_generation_balance,all,28,2,26,-0.11889399217645898,see full numerical report,-0.2443416249117437,0,-0.36993094373734403,0
qwen2_5_vl_7b,b1_residual_visual_generation_balance,train,28,0,28,-0.12346395593783295,see full numerical report,-0.2505447993787207,0,-0.3784781933672598,0
qwen2_5_vl_7b,b1_residual_visual_generation_balance,test,28,5,23,-0.08728507616028905,see full numerical report,-0.2205429074855532,0,-0.3039950180208514,0
qwen2_5_vl_7b,b1_visual_norm,all,28,2,26,-9.979436422894677,see full numerical report,80.71479206744029,0,70.7890111368923,0
qwen2_5_vl_7b,b1_visual_norm,train,28,2,26,-10.231813868315518,see full numerical report,80.10926924168041,0,70.13061462309554,0
qwen2_5_vl_7b,b1_visual_norm,test,28,8,20,-8.233825758733845,see full numerical report,83.03790367780752,0,75.8680699576101,0
qwen2_5_vl_7b,b2_attention_residual_kappa,all,28,16,12,0.001396810447666028,B2_K4_PROVISIONAL,0.7952263807428473,0,0.7960345838111275,0
qwen2_5_vl_7b,b2_attention_residual_kappa,train,28,15,13,0.0012128152940496574,B2_K4_PROVISIONAL,0.7955135087837503,0,0.796522633299842,0
qwen2_5_vl_7b,b2_attention_residual_kappa,test,28,15,13,0.00266944359351259,B2_K4_PROVISIONAL,0.7941248029705381,0,0.7922696306124741,0
qwen2_5_vl_7b,b2_attention_total_norm,all,28,18,10,-0.05943606763260086,B2_K4_PROVISIONAL,17.965293004616235,0,18.172725391824567,0
qwen2_5_vl_7b,b2_attention_total_norm,train,28,18,10,-0.0961644182402622,B2_K4_PROVISIONAL,17.97863116724722,0,18.167022579344664,0
qwen2_5_vl_7b,b2_attention_total_norm,test,28,17,11,0.19460169073705672,B2_K4_PROVISIONAL,17.914120630676205,0,18.21671851666954,0
qwen2_5_vl_7b,b2_cos_residual_generation,all,28,19,9,0.006896409777330436,B2_K4_PROVISIONAL,0.09811859820393538,0,0.1122726743281511,0
qwen2_5_vl_7b,b2_cos_residual_generation,train,28,18,10,0.008991676258387557,B2_K4_PROVISIONAL,0.0984992727781715,0,0.11303328103059644,0
qwen2_5_vl_7b,b2_cos_residual_generation,test,28,16,12,-0.007595850049981331,B2_K4_PROVISIONAL,0.0966581255585487,0,0.106405136909287,0
qwen2_5_vl_7b,b2_cos_residual_prompt,all,28,9,19,-0.02765318843046732,B2_K4_PROVISIONAL,-0.021228646737498056,0,-0.05141146987533351,0
qwen2_5_vl_7b,b2_cos_residual_prompt,train,28,8,20,-0.028051475737619434,B2_K4_PROVISIONAL,-0.02194379893302631,0,-0.05191775789062259,0
qwen2_5_vl_7b,b2_cos_residual_prompt,test,28,7,21,-0.024898367889331852,B2_K4_PROVISIONAL,-0.018484937833500224,0,-0.04750581947167489,0
qwen2_5_vl_7b,b2_cos_residual_visual,all,28,15,13,-0.00264569691582783,B2_K4_PROVISIONAL,0.161337788470342,0,0.1566458211101657,0
qwen2_5_vl_7b,b2_cos_residual_visual,train,28,16,12,-0.0010479853965427877,B2_K4_PROVISIONAL,0.16178611541025326,0,0.15796412974364613,0
qwen2_5_vl_7b,b2_cos_residual_visual,test,28,15,13,-0.013696534924216047,B2_K4_PROVISIONAL,0.15961776492202864,0,0.14647601165188795,0
qwen2_5_vl_7b,b2_delta_residual_generation_cos,all,28,14,14,-0.003404266342998347,B2_K4_PROVISIONAL,-0.018773346704735818,0,-0.014419845107092846,0
qwen2_5_vl_7b,b2_delta_residual_generation_cos,train,28,16,12,0.0001581270074062046,B2_K4_PROVISIONAL,-0.018608722423350675,0,-0.012776257955935353,0
qwen2_5_vl_7b,b2_delta_residual_generation_cos,test,28,16,12,-0.0280441536832965,B2_K4_PROVISIONAL,-0.019404934091972977,0,-0.027098945987450464,0
qwen2_5_vl_7b,b2_delta_residual_visual_cos,all,28,15,13,0.002819807879590213,B2_K4_PROVISIONAL,0.07109492746830352,0,0.07173104243431148,0
qwen2_5_vl_7b,b2_delta_residual_visual_cos,train,28,17,11,0.005111877460859885,B2_K4_PROVISIONAL,0.07189844122823565,0,0.07404515175018012,0
qwen2_5_vl_7b,b2_delta_residual_visual_cos,test,28,15,13,-0.013033673390858347,B2_K4_PROVISIONAL,0.06801221602394855,0,0.05387934199761059,0
qwen2_5_vl_7b,b2_generation_norm,all,28,27,1,1.2207753341136947,B2_K4_PROVISIONAL,13.09901100061484,0,14.584498526500791,0
qwen2_5_vl_7b,b2_generation_norm,train,28,26,2,1.1134143780890897,B2_K4_PROVISIONAL,13.163968201918177,0,14.60380389454087,0
qwen2_5_vl_7b,b2_generation_norm,test,28,27,1,1.9633552799505414,B2_K4_PROVISIONAL,12.849800199460702,0,14.435571401620198,0
qwen2_5_vl_7b,b2_prompt_norm,all,28,3,25,-0.44253528562689615,B2_K4_PROVISIONAL,6.226366663112233,0,5.773704022533168,0
qwen2_5_vl_7b,b2_prompt_norm,train,28,5,23,-0.39786130854366686,B2_K4_PROVISIONAL,6.216217988622053,0,5.785875031089373,0
qwen2_5_vl_7b,b2_prompt_norm,test,28,2,26,-0.7515302937858989,B2_K4_PROVISIONAL,6.265302443127447,0,5.679813385099592,0
qwen2_5_vl_7b,b2_residual_norm,all,28,26,2,2.12849608027819,B2_K4_PROVISIONAL,65.49172583811061,0,66.68784430046621,0
qwen2_5_vl_7b,b2_residual_norm,train,28,25,3,2.259969676363134,B2_K4_PROVISIONAL,65.54958207088812,0,66.97700305477115,0
qwen2_5_vl_7b,b2_residual_norm,test,28,21,7,1.2191370406906679,B2_K4_PROVISIONAL,65.26975817581997,0,64.45719105297101,0
qwen2_5_vl_7b,b2_residual_share,all,28,16,12,0.0013942181500210267,B2_K4_PROVISIONAL,0.7050205045963022,0,0.7038740105460847,0
qwen2_5_vl_7b,b2_residual_share,train,28,16,12,0.0014047594946955983,B2_K4_PROVISIONAL,0.70518657081698,0,0.7046750536940074,0
qwen2_5_vl_7b,b2_residual_share,test,28,15,13,0.0013213071826885738,B2_K4_PROVISIONAL,0.7043833851535091,0,0.6976945348335385,0
qwen2_5_vl_7b,b2_residual_visual_generation_balance,all,28,18,10,0.009542106693158265,B2_K4_PROVISIONAL,-0.06321919026640664,0,-0.04437314678201457,0
qwen2_5_vl_7b,b2_residual_visual_generation_balance,train,28,18,10,0.010039661654930343,B2_K4_PROVISIONAL,-0.06328684263208176,0,-0.044930848713049656,0
qwen2_5_vl_7b,b2_residual_visual_generation_balance,test,28,16,12,0.006100684874234726,B2_K4_PROVISIONAL,-0.06295963936347997,0,-0.040070874742600945,0
qwen2_5_vl_7b,b2_visual_norm,all,28,2,26,-0.8978878448501558,B2_K4_PROVISIONAL,6.105326016398015,0,5.264836870065382,0
qwen2_5_vl_7b,b2_visual_norm,train,28,1,27,-0.9179430849925271,B2_K4_PROVISIONAL,6.064233375332345,0,5.202118461608584,0
qwen2_5_vl_7b,b2_visual_norm,test,28,8,20,-0.7591724338654213,B2_K4_PROVISIONAL,6.262979514332646,0,5.748664592446403,0
qwen2_5_vl_7b,cos_pg_in,all,28,3,25,-0.08358030450925946,see full numerical report,-0.04238502413786942,0,-0.12213525567289794,0
qwen2_5_vl_7b,cos_pg_in,train,28,3,25,-0.07990276054857574,see full numerical report,-0.044930185988372805,0,-0.1229686623398427,0
qwen2_5_vl_7b,cos_pg_in,test,28,3,25,-0.1090166502373218,see full numerical report,-0.03262041280757273,0,-0.11570611852789549,0
qwen2_5_vl_7b,cos_pg_out,all,28,4,24,-0.04949748375769003,see full numerical report,-0.10689693526365972,0,-0.1585843003213143,0
qwen2_5_vl_7b,cos_pg_out,train,28,6,22,-0.04437829980306696,see full numerical report,-0.10827607553942567,0,-0.1579386734575944,0
qwen2_5_vl_7b,cos_pg_out,test,28,3,25,-0.08490517277716629,see full numerical report,-0.10160581055182692,0,-0.163564850412868,0
qwen2_5_vl_7b,cos_vg_in,all,28,23,5,0.03478488249544871,see full numerical report,0.18625369226878066,0,0.22291572758050285,0
qwen2_5_vl_7b,cos_vg_in,train,28,23,5,0.03580792024012745,see full numerical report,0.18695407675099515,0,0.22406764922899608,0
qwen2_5_vl_7b,cos_vg_in,test,28,23,5,0.027708871428087485,see full numerical report,0.18356664026489997,0,0.21402947486355536,0
qwen2_5_vl_7b,cos_vg_out,all,28,26,2,0.07191153766666733,see full numerical report,0.06506775555603192,0,0.13870260526075487,0
qwen2_5_vl_7b,cos_vg_out,train,28,26,2,0.07423756626145203,see full numerical report,0.0669332415087507,0,0.14337530587724753,0
qwen2_5_vl_7b,cos_vg_out,test,28,23,5,0.05582317321940632,see full numerical report,0.0579107469489666,0,0.10265605764781151,0
qwen2_5_vl_7b,cos_vp_in,all,28,1,27,-0.03668459947485871,see full numerical report,-0.06631862420032533,0,-0.10272040633588482,0
qwen2_5_vl_7b,cos_vp_in,train,28,0,28,-0.03726079489224255,see full numerical report,-0.06673553900019277,0,-0.10413798464921602,0
qwen2_5_vl_7b,cos_vp_in,test,28,3,25,-0.03269924783795383,see full numerical report,-0.06471911453544933,0,-0.09178480220447274,0
qwen2_5_vl_7b,cos_vp_out,all,28,9,19,-0.02868421726887792,see full numerical report,-0.0462621245125797,0,-0.08180170340978657,0
qwen2_5_vl_7b,cos_vp_out,train,28,9,19,-0.03261629126738296,see full numerical report,-0.04686228309037589,0,-0.08532407198797762,0
qwen2_5_vl_7b,cos_vp_out,test,28,14,14,-0.0014873721125514179,see full numerical report,-0.043959593045842495,0,-0.05462914580659876,0
qwen2_5_vl_7b,delta_cos_pg,all,28,20,8,0.03408282075156942,see full numerical report,-0.06451191112579029,0,-0.03644904464841635,0
qwen2_5_vl_7b,delta_cos_pg,train,28,20,8,0.03552446074550879,see full numerical report,-0.06334588955105287,0,-0.034970011117751665,0
qwen2_5_vl_7b,delta_cos_pg,test,28,15,13,0.02411147746015549,see full numerical report,-0.06898539774425419,0,-0.04785873188497256,0
qwen2_5_vl_7b,delta_cos_vg,all,28,24,4,0.03712665517121859,see full numerical report,-0.12118593671274873,0,-0.08421312231974797,0
qwen2_5_vl_7b,delta_cos_vg,train,28,25,3,0.03842964602132458,see full numerical report,-0.12002083524224447,0,-0.0806923433517485,0
qwen2_5_vl_7b,delta_cos_vg,test,28,18,10,0.028114301791318828,see full numerical report,-0.12565589331593335,0,-0.11137341721574381,0
qwen2_5_vl_7b,delta_cos_vp,all,28,16,12,0.008000382205980794,see full numerical report,0.020056499687745633,0,0.02091870292609824,0
qwen2_5_vl_7b,delta_cos_vp,train,28,16,12,0.004644503624859597,see full numerical report,0.019873255909816895,0,0.018813912661238424,0
qwen2_5_vl_7b,delta_cos_vp,test,28,20,8,0.031211875725402422,see full numerical report,0.020759521489606858,0,0.037155656397873986,0
qwen2_5_vl_7b,generation_attention_gate_mass,all,28,28,0,0.03902431282737668,see full numerical report,0.20665328189801332,0,0.24276467923738013,0
qwen2_5_vl_7b,generation_attention_gate_mass,train,28,28,0,0.03769057033622527,see full numerical report,0.20720883461889242,0,0.24221866216545024,0
qwen2_5_vl_7b,generation_attention_gate_mass,test,28,28,0,0.048249365057840575,see full numerical report,0.20452188251694858,0,0.24697681093512447,0
qwen2_5_vl_7b,generation_attention_mass,all,28,28,0,0.07152160320295613,see full numerical report,0.3563692740212837,0,0.42805858439301303,0
qwen2_5_vl_7b,generation_attention_mass,train,28,28,0,0.06912514557719991,see full numerical report,0.35858347774955096,0,0.4291011794696922,0
qwen2_5_vl_7b,generation_attention_mass,test,28,28,0,0.08809710178110333,see full numerical report,0.34787439625610456,0,0.4200157080872023,0
qwen2_5_vl_7b,generation_gross_norm,all,28,28,0,6.197215479507216,see full numerical report,37.14163218855573,0,43.63800994135058,0
qwen2_5_vl_7b,generation_gross_norm,train,28,28,0,5.743960366767779,see full numerical report,37.476021337049886,0,43.69342554442336,0
qwen2_5_vl_7b,generation_gross_norm,test,28,28,0,9.33223000928833,see full numerical report,35.858735359236825,0,43.21051814621773,0
qwen2_5_vl_7b,generation_group_gain,all,28,15,13,-0.014729012079613413,see full numerical report,0.8042966376224099,0,0.7912408109420791,0
qwen2_5_vl_7b,generation_group_gain,train,28,13,15,-0.01496291332049308,see full numerical report,0.8042620982376224,0,0.790414852907492,0
qwen2_5_vl_7b,generation_group_gain,test,28,15,13,-0.013111195163529068,see full numerical report,0.8044291493005835,0,0.7976124872088944,0
qwen2_5_vl_7b,generation_group_rotation,all,28,5,23,-0.024879228880404287,see full numerical report,-0.3533633638329586,0,-0.38044650448003997,0
qwen2_5_vl_7b,generation_group_rotation,train,28,4,24,-0.02385451103732255,see full numerical report,-0.35396865306809516,0,-0.3794661696813586,0
qwen2_5_vl_7b,generation_group_rotation,test,28,5,23,-0.031966860628386315,see full numerical report,-0.35104114840200207,0,-0.3880090872127241,0
qwen2_5_vl_7b,generation_net_norm,all,28,26,2,2.2767140521053264,see full numerical report,21.63976683432136,0,24.06540399903069,0
qwen2_5_vl_7b,generation_net_norm,train,28,24,4,2.0802777434015796,see full numerical report,21.82136744966843,0,24.15663363575169,0
qwen2_5_vl_7b,generation_net_norm,test,28,27,1,3.6353985206395762,see full numerical report,20.943049088903276,0,23.36163251575444,0
qwen2_5_vl_7b,generation_per_token_gross,all,28,0,28,-1.4474720453614343,see full numerical report,2.535409339107955,0,1.2887777788637127,0
qwen2_5_vl_7b,generation_per_token_gross,train,28,0,28,-1.3670387798031551,see full numerical report,2.517081298534843,0,1.3243115683858324,0
qwen2_5_vl_7b,generation_per_token_gross,test,28,0,28,-2.003802132139531,see full numerical report,2.6057255716913383,0,1.014659973978789,0
qwen2_5_vl_7b,generation_token_count,all,28,28,0,23.29508771929826,see full numerical report,33.79125248508946,0,56.7049180327869,0
qwen2_5_vl_7b,generation_token_count,train,28,28,0,21.6140562248996,see full numerical report,34.53884711779449,0,55.87037037037038,0
qwen2_5_vl_7b,generation_token_count,test,28,28,0,34.92222222222222,see full numerical report,30.923076923076923,0,63.142857142857146,0
qwen2_5_vl_7b,generation_token_direction_mean,all,28,11,17,-0.005884521041163104,see full numerical report,-0.2966717487541106,0,-0.30171667154605836,0
qwen2_5_vl_7b,generation_token_direction_mean,train,28,9,19,-0.005935129505585837,see full numerical report,-0.29663189900528736,0,-0.3015864642781415,0
qwen2_5_vl_7b,generation_token_direction_mean,test,28,13,15,-0.005534479162239204,see full numerical report,-0.29682463384815355,0,-0.30272112761284653,0
qwen2_5_vl_7b,generation_token_effect_mean,all,28,0,28,-1.447472046994641,see full numerical report,2.535409339455449,0,1.2887777788244723,0
qwen2_5_vl_7b,generation_token_effect_mean,train,28,0,28,-1.3670387817446346,see full numerical report,2.5170812992661338,0,1.3243115685697757,0
qwen2_5_vl_7b,generation_token_effect_mean,test,28,0,28,-2.003802131640519,see full numerical report,2.6057255705663827,0,1.0146599722178447,0
qwen2_5_vl_7b,generation_token_gain_median,all,28,9,19,-0.022760834991484794,see full numerical report,0.8056689176867087,0,0.787171566483046,0
qwen2_5_vl_7b,generation_token_gain_median,train,28,9,19,-0.02089165268537067,see full numerical report,0.8047528457037876,0,0.7868178919663157,0
qwen2_5_vl_7b,generation_token_gain_median,test,28,6,22,-0.035689345942107494,see full numerical report,0.8091834630827227,0,0.7898999127549644,0
qwen2_5_vl_7b,generation_token_write_mean,all,28,0,28,-1.5955109869103612,see full numerical report,2.849456805752152,0,1.4963823751494618,0
qwen2_5_vl_7b,generation_token_write_mean,train,28,0,28,-1.498719023713552,see full numerical report,2.828595617433226,0,1.5344660398327064,0
qwen2_5_vl_7b,generation_token_write_mean,test,28,0,28,-2.2649887323549582,see full numerical report,2.9294915570911106,0,1.2025941047358621,0
qwen2_5_vl_7b,generation_within_source_kappa,all,28,1,27,-0.04465488722637406,see full numerical report,0.5260863226123031,0,0.484047844497978,0
qwen2_5_vl_7b,generation_within_source_kappa,train,28,1,27,-0.04270255121342599,see full numerical report,0.5251271067247056,0,0.48446206936785663,0
qwen2_5_vl_7b,generation_within_source_kappa,test,28,3,25,-0.0581585446492649,see full numerical report,0.5297663912579894,0,0.4808523955017705,0
qwen2_5_vl_7b,prompt_attention_gate_mass,all,28,8,20,-0.01722219524825141,see full numerical report,0.4256318810434035,0,0.4125247735620653,0
qwen2_5_vl_7b,prompt_attention_gate_mass,train,28,9,19,-0.01465076634385054,see full numerical report,0.42412007128923046,0,0.41443816991861687,0
qwen2_5_vl_7b,prompt_attention_gate_mass,test,28,5,23,-0.035007911837024105,see full numerical report,0.4314319973118172,0,0.3977642873829535,0
qwen2_5_vl_7b,prompt_attention_mass,all,28,4,24,-0.039667339457483734,see full numerical report,0.47587493305436807,0,0.4343790396305338,0
qwen2_5_vl_7b,prompt_attention_mass,train,28,4,24,-0.036587882139498276,see full numerical report,0.474896329584039,0,0.4360600929336485,0
qwen2_5_vl_7b,prompt_attention_mass,test,28,3,25,-0.06096691924021653,see full numerical report,0.4796293829068808,0,0.42141091414936344,0
qwen2_5_vl_7b,prompt_gross_norm,all,28,1,27,-1.9956062150967397,see full numerical report,12.704958565998169,0,10.807085979662213,0
qwen2_5_vl_7b,prompt_gross_norm,train,28,1,27,-1.8698045657549562,see full numerical report,12.644981703547701,0,10.816593287248796,0
qwen2_5_vl_7b,prompt_gross_norm,test,28,1,27,-2.8657342897107454,see full numerical report,12.935062105591792,0,10.733743892565712,0
qwen2_5_vl_7b,prompt_group_gain,all,28,18,10,0.021437831750501617,see full numerical report,1.2403589621538298,0,1.2639625829216605,0
qwen2_5_vl_7b,prompt_group_gain,train,28,16,12,0.01691616933468115,see full numerical report,1.2415846336564165,0,1.2591363845869068,0
qwen2_5_vl_7b,prompt_group_gain,test,28,16,12,0.05271266345992653,see full numerical report,1.2356566262929456,0,1.301193255789758,0
qwen2_5_vl_7b,prompt_group_rotation,all,28,2,26,-0.030676097610841866,see full numerical report,-0.3624618912385366,0,-0.3908786402118051,0
qwen2_5_vl_7b,prompt_group_rotation,train,28,3,25,-0.02840115109968307,see full numerical report,-0.363156467968404,0,-0.3910800538763114,0
qwen2_5_vl_7b,prompt_group_rotation,test,28,5,23,-0.04641114431302353,see full numerical report,-0.35979712089991084,0,-0.38932487765704255,0
qwen2_5_vl_7b,prompt_net_norm,all,28,4,24,-0.7576105431216913,see full numerical report,9.488457700248123,0,8.696466267748542,0
qwen2_5_vl_7b,prompt_net_norm,train,28,4,24,-0.6949994011457428,see full numerical report,9.462646687612855,0,8.69956602570286,0
qwen2_5_vl_7b,prompt_net_norm,test,28,3,25,-1.190670941788668,see full numerical report,9.587482642954601,0,8.672553849243798,0
qwen2_5_vl_7b,prompt_token_count,all,28,0,0,0.0,see full numerical report,25.0,0,25.0,0
qwen2_5_vl_7b,prompt_token_count,train,28,0,0,0.0,see full numerical report,25.0,0,25.0,0
qwen2_5_vl_7b,prompt_token_count,test,28,0,0,0.0,see full numerical report,25.0,0,25.0,0
qwen2_5_vl_7b,prompt_token_direction_mean,all,28,18,10,0.005347627298562278,see full numerical report,-0.30637028967602087,0,-0.30163028255152513,0
qwen2_5_vl_7b,prompt_token_direction_mean,train,28,16,12,0.00477275639482667,see full numerical report,-0.3060702205782488,0,-0.30164616152102913,0
qwen2_5_vl_7b,prompt_token_direction_mean,test,28,18,10,0.009323817716066897,see full numerical report,-0.3075215163107419,0,-0.30150778764392305,0
qwen2_5_vl_7b,prompt_token_effect_mean,all,28,1,27,-0.0798242481947116,see full numerical report,0.508198342655236,0,0.4322834393449521,0
qwen2_5_vl_7b,prompt_token_effect_mean,train,28,1,27,-0.07479218236914593,see full numerical report,0.5057992681583497,0,0.43266373157950977,0
qwen2_5_vl_7b,prompt_token_effect_mean,test,28,1,27,-0.11462937015487419,see full numerical report,0.5174024842346362,0,0.42934975639265094,0
qwen2_5_vl_7b,prompt_token_gain_median,all,28,14,14,0.003281909661104789,see full numerical report,0.7479755651871905,0,0.7527378324025296,0
qwen2_5_vl_7b,prompt_token_gain_median,train,28,14,14,0.0028592568709061702,see full numerical report,0.7480657087258304,0,0.7512559387564373,0
qwen2_5_vl_7b,prompt_token_gain_median,test,28,9,19,0.006205258126645236,see full numerical report,0.7476297260341392,0,0.7641695833866706,0
qwen2_5_vl_7b,prompt_token_write_mean,all,28,0,28,-0.09229815582153143,see full numerical report,0.45846061718783815,0,0.3709523333173939,0
qwen2_5_vl_7b,prompt_token_write_mean,train,28,0,28,-0.08783203901709709,see full numerical report,0.45578057539434574,0,0.37124246843524683,0
qwen2_5_vl_7b,prompt_token_write_mean,test,28,0,28,-0.12318879705220244,see full numerical report,0.46874270060710227,0,0.36871414812252773,0
qwen2_5_vl_7b,prompt_within_source_kappa,all,28,26,2,0.06328685144543822,see full numerical report,0.7061253223482746,0,0.7615873958242275,0
qwen2_5_vl_7b,prompt_within_source_kappa,train,28,26,2,0.061582823583171506,see full numerical report,0.7076535771496107,0,0.7624523175929053,0
qwen2_5_vl_7b,prompt_within_source_kappa,test,28,28,0,0.07507304415944964,see full numerical report,0.7002621140239172,0,0.7549151421801418,0
qwen2_5_vl_7b,source_group_kappa,all,28,22,6,0.025050362017070903,see full numerical report,0.6223383488588402,0,0.6470641230009575,0
qwen2_5_vl_7b,source_group_kappa,train,28,23,5,0.026173325726867046,see full numerical report,0.6229237784408499,0,0.6485620199779588,0
qwen2_5_vl_7b,source_group_kappa,test,28,16,12,0.017283196357647607,see full numerical report,0.620092325750938,0,0.6355089177498041,0
qwen2_5_vl_7b,visual_attention_gate_mass,all,28,0,28,-0.021490647089014058,see full numerical report,0.10404132641024744,0,0.08363736664360515,0
qwen2_5_vl_7b,visual_attention_gate_mass,train,28,0,28,-0.022280064807313517,see full numerical report,0.1033081109114518,0,0.08174379715337492,0
qwen2_5_vl_7b,visual_attention_gate_mass,test,28,1,27,-0.016030507870776107,see full numerical report,0.10685433587197302,0,0.09824490271109554,0
qwen2_5_vl_7b,visual_attention_mass,all,28,0,28,-0.03185844712102912,see full numerical report,0.16775654481946883,0,0.137562839883059,0
qwen2_5_vl_7b,visual_attention_mass,train,28,0,28,-0.032541256544607135,see full numerical report,0.16652063538676193,0,0.13483912245987634,0
qwen2_5_vl_7b,visual_attention_mass,test,28,0,28,-0.02713568194128115,see full numerical report,0.17249815889302697,0,0.15857437429046825,0
qwen2_5_vl_7b,visual_context_cos,all,28,5,23,-0.001962191367627687,see full numerical report,0.9798787934551116,0,0.9773161835166083,0
qwen2_5_vl_7b,visual_context_cos,train,28,5,23,-0.00196682260692487,see full numerical report,0.9798596935183493,0,0.9773904794627717,0
qwen2_5_vl_7b,visual_context_cos,test,28,12,16,-0.0019301586291555072,see full numerical report,0.9799520710971136,0,0.9767430433604894,0
qwen2_5_vl_7b,visual_context_relative_change,all,28,25,3,0.01560985582167833,see full numerical report,0.28654914960555483,0,0.30544696336354926,0
qwen2_5_vl_7b,visual_context_relative_change,train,28,23,5,0.016706136929895588,see full numerical report,0.286192720574165,0,0.30474996252979636,0
qwen2_5_vl_7b,visual_context_relative_change,test,28,19,9,0.008027244823175654,see full numerical report,0.2879166032932909,0,0.310823826938215,0
qwen2_5_vl_7b,visual_gross_norm,all,28,0,28,-2.9725844311782907,see full numerical report,21.243119724880696,0,18.603974276179468,0
qwen2_5_vl_7b,visual_gross_norm,train,28,0,28,-2.9340795843641523,see full numerical report,21.066802252420445,0,18.319560488207127,0
qwen2_5_vl_7b,visual_gross_norm,test,28,6,22,-3.2389096216427484,see full numerical report,21.91956848941569,0,20.7980234976804,0
qwen2_5_vl_7b,visual_group_gain,all,28,9,19,-0.010681013995814708,see full numerical report,0.8646696652164477,0,0.8550422218345287,0
qwen2_5_vl_7b,visual_group_gain,train,28,10,18,-0.013196010305433733,see full numerical report,0.8649149887434114,0,0.8524769052989266,0
qwen2_5_vl_7b,visual_group_gain,test,28,12,16,0.006714377145716891,see full numerical report,0.8637284720697317,0,0.8748318065377463,0
qwen2_5_vl_7b,visual_group_rotation,all,28,13,15,0.0004106251598877536,see full numerical report,-0.2527956225236211,0,-0.25542020561809337,0
qwen2_5_vl_7b,visual_group_rotation,train,28,12,16,-0.0016794669154955295,see full numerical report,-0.252366868641753,0,-0.2560213521829213,0
qwen2_5_vl_7b,visual_group_rotation,test,28,21,7,0.014867095347955463,see full numerical report,-0.254440553281942,0,-0.25078278926084846,0
qwen2_5_vl_7b,visual_net_norm,all,28,2,26,-1.2701425274901736,see full numerical report,10.32370246124347,0,9.078837660431986,0
qwen2_5_vl_7b,visual_net_norm,train,28,2,26,-1.3005834764828492,see full numerical report,10.247807148706354,0,8.989970283560583,0
qwen2_5_vl_7b,visual_net_norm,test,28,9,19,-1.0595926302908332,see full numerical report,10.614877746842597,0,9.764385996297111,0
qwen2_5_vl_7b,visual_token_count,all,28,0,0,0.0,see full numerical report,348.9075546719682,0,353.7786885245901,0
qwen2_5_vl_7b,visual_token_count,train,28,0,0,0.0,see full numerical report,347.34335839599004,0,353.7222222222223,0
qwen2_5_vl_7b,visual_token_count,test,28,0,0,0.0,see full numerical report,354.9086538461539,0,354.2142857142858,0
qwen2_5_vl_7b,visual_token_direction_mean,all,28,15,13,0.0015724749561869253,see full numerical report,-0.268665434288792,0,-0.2676160826392048,0
qwen2_5_vl_7b,visual_token_direction_mean,train,28,15,13,0.0005993863739156611,see full numerical report,-0.26820608383834044,0,-0.26771032861838623,0
qwen2_5_vl_7b,visual_token_direction_mean,test,28,21,7,0.008303004316896508,see full numerical report,-0.2704277499592745,0,-0.26688904222837573,0
qwen2_5_vl_7b,visual_token_effect_mean,all,28,0,28,-0.009424991779350255,see full numerical report,0.06344446121425994,0,0.053198640677422394,0
qwen2_5_vl_7b,visual_token_effect_mean,train,28,0,28,-0.009362736618414321,see full numerical report,0.06312228357779756,0,0.05242610416232093,0
qwen2_5_vl_7b,visual_token_effect_mean,test,28,6,22,-0.009855589975823777,see full numerical report,0.06468050810799543,0,0.05915820807963371,0
qwen2_5_vl_7b,visual_token_gain_median,all,28,17,11,0.0024828560485504413,see full numerical report,0.726027362088124,0,0.7300741599131051,0
qwen2_5_vl_7b,visual_token_gain_median,train,28,17,11,0.001312642340941274,see full numerical report,0.7264132476738346,0,0.7280561103527061,0
qwen2_5_vl_7b,visual_token_gain_median,test,28,16,12,0.010576834192847188,see full numerical report,0.7245468971967909,0,0.7456419708076124,0
qwen2_5_vl_7b,visual_token_write_mean,all,28,0,28,-0.016402559572575894,see full numerical report,0.09992405418853581,0,0.082930296927585,0
qwen2_5_vl_7b,visual_token_write_mean,train,28,0,28,-0.016406120976707832,see full numerical report,0.09954506757652655,0,0.08141658475463599,0
qwen2_5_vl_7b,visual_token_write_mean,test,28,5,23,-0.01637792652732995,see full numerical report,0.10137805090191754,0,0.09460750511890595,0
qwen2_5_vl_7b,visual_within_source_kappa,all,28,15,13,0.002226588735071938,see full numerical report,0.5155479489232427,0,0.5152101006481676,0
qwen2_5_vl_7b,visual_within_source_kappa,train,28,14,14,0.00017385239477233028,see full numerical report,0.5164073737448103,0,0.51626689480753,0
qwen2_5_vl_7b,visual_within_source_kappa,test,28,19,9,0.016424681755477556,see full numerical report,0.5122507325404985,0,0.5070576885616588,0
llava_1_5_7b,b1_attention_residual_kappa,all,32,12,20,-0.007897678974345618,see full numerical report,0.3142041743772463,0,0.30399248864398914,0
llava_1_5_7b,b1_attention_residual_kappa,train,32,13,19,-0.007647716241185574,see full numerical report,0.3143091307826948,0,0.30353999499956635,0
llava_1_5_7b,b1_attention_residual_kappa,test,32,9,23,-0.008986405545442692,see full numerical report,0.313768118383476,0,0.30627330120303914,0
llava_1_5_7b,b1_attention_total_norm,all,32,10,22,-0.7332136554378166,see full numerical report,21.465765566884016,0,20.552268401507234,0
llava_1_5_7b,b1_attention_total_norm,train,32,10,22,-0.6899745306435616,see full numerical report,21.401404675612664,0,20.543620501496726,0
llava_1_5_7b,b1_attention_total_norm,test,32,12,20,-0.9215440656527945,see full numerical report,21.733161847114474,0,20.595858492100742,0
llava_1_5_7b,b1_cos_residual_generation,all,32,5,27,-0.07492390289675384,see full numerical report,-0.49077543731128026,0,-0.561136003534586,0
llava_1_5_7b,b1_cos_residual_generation,train,32,6,26,-0.0711259366556872,see full numerical report,-0.4927028640156138,0,-0.5606814433032661,0
llava_1_5_7b,b1_cos_residual_generation,test,32,6,26,-0.09146615585784418,see full numerical report,-0.4827676748180182,0,-0.5634272328086717,0
llava_1_5_7b,b1_cos_residual_prompt,all,32,26,6,0.043674840692824284,see full numerical report,-0.3921054700342853,0,-0.35392806777329155,0
llava_1_5_7b,b1_cos_residual_prompt,train,32,26,6,0.04296796124892846,see full numerical report,-0.3928757019973165,0,-0.35410007098110274,0
llava_1_5_7b,b1_cos_residual_prompt,test,32,25,7,0.046753693381792735,see full numerical report,-0.3889054341466403,0,-0.35306107863121666,0
llava_1_5_7b,b1_cos_residual_visual,all,32,24,8,0.06315957569559574,see full numerical report,-0.32879911050360644,0,-0.2686729433593778,0
llava_1_5_7b,b1_cos_residual_visual,train,32,24,8,0.0589607539233708,see full numerical report,-0.32534717547752956,0,-0.26993473291008485,0
llava_1_5_7b,b1_cos_residual_visual,test,32,24,8,0.08144777719239772,see full numerical report,-0.34314065499338997,0,-0.26231284197540833,0
llava_1_5_7b,b1_delta_residual_generation_cos,all,32,5,27,-0.1001642710123664,see full numerical report,-0.5789863024707693,0,-0.6718900729314845,0
llava_1_5_7b,b1_delta_residual_generation_cos,train,32,5,27,-0.09536841453051564,see full numerical report,-0.5811786767169753,0,-0.6709526965524385,0
llava_1_5_7b,b1_delta_residual_generation_cos,test,32,5,27,-0.12105289035553857,see full numerical report,-0.5698777785406555,0,-0.6766149565718105,0
llava_1_5_7b,b1_delta_residual_visual_cos,all,32,23,9,0.07227218409185945,see full numerical report,-0.42030002571474867,0,-0.35125043709422243,0
llava_1_5_7b,b1_delta_residual_visual_cos,train,32,23,9,0.06750975555385869,see full numerical report,-0.4166882003309865,0,-0.35234861027875475,0
llava_1_5_7b,b1_delta_residual_visual_cos,test,32,24,8,0.09301520616848497,see full numerical report,-0.43530585694831736,0,-0.3457150506370529,0
llava_1_5_7b,b1_generation_norm,all,32,26,6,1.7613468867541568,see full numerical report,15.491602550585984,0,16.967234838397967,0
llava_1_5_7b,b1_generation_norm,train,32,27,5,1.6978628701745397,see full numerical report,15.525439759757766,0,16.952515640007945,0
llava_1_5_7b,b1_generation_norm,test,32,27,5,2.037855047856489,see full numerical report,15.351021155779495,0,17.041427554607125,0
llava_1_5_7b,b1_prompt_norm,all,32,9,23,-0.5381286158245453,see full numerical report,9.34381319530595,0,8.8285520248332,0
llava_1_5_7b,b1_prompt_norm,train,32,9,23,-0.5140472985566171,see full numerical report,9.342738506429523,0,8.833558660367599,0
llava_1_5_7b,b1_prompt_norm,test,32,12,20,-0.6430161310359661,see full numerical report,9.348278139813171,0,8.803315875450357,0
llava_1_5_7b,b1_residual_norm,all,32,10,22,-0.5716427179470026,see full numerical report,26.981833597653278,0,26.230974267727188,0
llava_1_5_7b,b1_residual_norm,train,32,10,22,-0.5228990872338598,see full numerical report,26.946159949277014,0,26.224728793851725,0
llava_1_5_7b,b1_residual_norm,test,32,11,21,-0.7839483094975804,see full numerical report,27.130044734721658,0,26.262454831991356,0
llava_1_5_7b,b1_residual_share,all,32,17,15,0.0005620986736849401,see full numerical report,0.5438055715298876,0,0.5435302136488505,0
llava_1_5_7b,b1_residual_share,train,32,18,14,0.0006123118984113033,see full numerical report,0.5438934211414437,0,0.5433387863787041,0
llava_1_5_7b,b1_residual_share,test,32,18,14,0.0003433921837656688,see full numerical report,0.5434405880921861,0,0.544495110564588,0
llava_1_5_7b,b1_residual_visual_generation_balance,all,32,6,26,-0.1380834785923496,see full numerical report,-0.1619763268076737,0,-0.2924630601752082,0
llava_1_5_7b,b1_residual_visual_generation_balance,train,32,6,26,-0.13008669057905797,see full numerical report,-0.16735568853808425,0,-0.2907467103931811,0
llava_1_5_7b,b1_residual_visual_generation_balance,test,32,4,28,-0.1729139330502419,see full numerical report,-0.13962701982462813,0,-0.3011143908332633,0
llava_1_5_7b,b1_visual_norm,all,32,5,27,-2.4759024964663676,see full numerical report,12.454613250480289,0,10.185706284511596,0
llava_1_5_7b,b1_visual_norm,train,32,5,27,-2.3299286417346883,see full numerical report,12.341548401411591,0,10.250268645125486,0
llava_1_5_7b,b1_visual_norm,test,32,2,30,-3.111699730408795,see full numerical report,12.924356901765702,0,9.860277088444294,0
llava_1_5_7b,b2_attention_residual_kappa,all,32,10,22,-0.0030462390388086603,B2_K4_PROVISIONAL,0.8916385727550172,0,0.8876741792274783,0
llava_1_5_7b,b2_attention_residual_kappa,train,32,11,21,-0.0028967240399096934,B2_K4_PROVISIONAL,0.8916315594154239,0,0.8876143361228698,0
llava_1_5_7b,b2_attention_residual_kappa,test,32,12,20,-0.0036974599229019373,B2_K4_PROVISIONAL,0.891667710650441,0,0.8879758208223286,0
llava_1_5_7b,b2_attention_total_norm,all,32,13,19,-0.108383324296938,B2_K4_PROVISIONAL,2.427154682485262,0,2.30977806469067,0
llava_1_5_7b,b2_attention_total_norm,train,32,12,20,-0.10349197316544957,B2_K4_PROVISIONAL,2.421086306934388,0,2.3104650489364875,0
llava_1_5_7b,b2_attention_total_norm,test,32,13,19,-0.12968787589186545,B2_K4_PROVISIONAL,2.4523665932791,0,2.3063152927489123,0
llava_1_5_7b,b2_cos_residual_generation,all,32,20,12,0.018246382146925984,B2_K4_PROVISIONAL,0.2885188327068695,0,0.3022980926802502,0
llava_1_5_7b,b2_cos_residual_generation,train,32,20,12,0.016564010479290077,B2_K4_PROVISIONAL,0.2884105359630258,0,0.300926512345385,0
llava_1_5_7b,b2_cos_residual_generation,test,32,23,9,0.025574045410406816,B2_K4_PROVISIONAL,0.28896876660139537,0,0.30921159896274664,0
llava_1_5_7b,b2_cos_residual_prompt,all,32,5,27,-0.06255200822423965,B2_K4_PROVISIONAL,-0.04633248476651321,0,-0.11146466878818408,0
llava_1_5_7b,b2_cos_residual_prompt,train,32,5,27,-0.0597484746041495,B2_K4_PROVISIONAL,-0.046913953124095936,0,-0.11246058223873028,0
llava_1_5_7b,b2_cos_residual_prompt,test,32,5,27,-0.07476295465840999,B2_K4_PROVISIONAL,-0.043916693548927146,0,-0.10644472666583629,0
llava_1_5_7b,b2_cos_residual_visual,all,32,9,23,-0.030281975671300365,B2_K4_PROVISIONAL,0.2915667002102571,0,0.26394607926308383,0
llava_1_5_7b,b2_cos_residual_visual,train,32,8,24,-0.028287750029765614,B2_K4_PROVISIONAL,0.2915740389416537,0,0.2656211816032275,0
llava_1_5_7b,b2_cos_residual_visual,test,32,7,25,-0.038967936243318416,B2_K4_PROVISIONAL,0.29153621042930045,0,0.2555026580080352,0
llava_1_5_7b,b2_delta_residual_generation_cos,all,32,23,9,0.01221178335954212,B2_K4_PROVISIONAL,0.23467796045890865,0,0.24550118548025418,0
llava_1_5_7b,b2_delta_residual_generation_cos,train,32,21,11,0.010984274635365955,B2_K4_PROVISIONAL,0.23443748998607086,0,0.24464876867744184,0
llava_1_5_7b,b2_delta_residual_generation_cos,test,32,24,8,0.017558265802620533,B2_K4_PROVISIONAL,0.23567702850585326,0,0.24979782693226782,0
llava_1_5_7b,b2_delta_residual_visual_cos,all,32,9,23,-0.014454269010507234,B2_K4_PROVISIONAL,0.2409616524615191,0,0.22979012304308646,0
llava_1_5_7b,b2_delta_residual_visual_cos,train,32,9,23,-0.01332691485164103,B2_K4_PROVISIONAL,0.24122275346897348,0,0.23138493689016082,0
llava_1_5_7b,b2_delta_residual_visual_cos,test,32,9,23,-0.019364522680235592,B2_K4_PROVISIONAL,0.23987687198724983,0,0.2217513991922929,0
llava_1_5_7b,b2_generation_norm,all,32,28,4,0.23998863017085226,B2_K4_PROVISIONAL,1.6296075036622477,0,1.8433892864770103,0
llava_1_5_7b,b2_generation_norm,train,32,29,3,0.2286393190854146,B2_K4_PROVISIONAL,1.6337354993880635,0,1.8414676351144488,0
llava_1_5_7b,b2_generation_norm,test,32,29,3,0.28942118512075854,B2_K4_PROVISIONAL,1.6124571709044777,0,1.8530754480747864,0
llava_1_5_7b,b2_prompt_norm,all,32,8,24,-0.04890120810827869,B2_K4_PROVISIONAL,0.8795120320098395,0,0.8330565203577203,0
llava_1_5_7b,b2_prompt_norm,train,32,6,26,-0.04673634680130957,B2_K4_PROVISIONAL,0.8794010910227477,0,0.8334461761003104,0
llava_1_5_7b,b2_prompt_norm,test,32,13,19,-0.058330381800855306,B2_K4_PROVISIONAL,0.8799729517809523,0,0.8310924447903401,0
llava_1_5_7b,b2_residual_norm,all,32,4,28,-0.631201559620147,B2_K4_PROVISIONAL,15.482417521016094,0,14.697773422504078,0
llava_1_5_7b,b2_residual_norm,train,32,4,28,-0.596406014609876,B2_K4_PROVISIONAL,15.475766007926357,0,14.680689399578824,0
llava_1_5_7b,b2_residual_norm,test,32,5,27,-0.7827554889982165,B2_K4_PROVISIONAL,15.510052157873453,0,14.783886132654349,0
llava_1_5_7b,b2_residual_share,all,32,14,18,-9.390173716612889e-05,B2_K4_PROVISIONAL,0.7853655168872827,0,0.7826650398743671,0
llava_1_5_7b,b2_residual_share,train,32,14,18,0.00027563033036029794,B2_K4_PROVISIONAL,0.7852335685916604,0,0.7821753793557014,0
llava_1_5_7b,b2_residual_share,test,32,14,18,-0.0017034191868367876,B2_K4_PROVISIONAL,0.785913714445384,0,0.7851331935698036,0
llava_1_5_7b,b2_residual_visual_generation_balance,all,32,25,7,0.04852835781822635,B2_K4_PROVISIONAL,-0.0030478675033876503,0,0.03835201341716639,0
llava_1_5_7b,b2_residual_visual_generation_balance,train,32,25,7,0.04485176050905569,B2_K4_PROVISIONAL,-0.0031635029786278857,0,0.03530533074215744,0
llava_1_5_7b,b2_residual_visual_generation_balance,test,32,26,6,0.06454198165372524,B2_K4_PROVISIONAL,-0.00256744382790503,0,0.05370894095471146,0
llava_1_5_7b,b2_visual_norm,all,32,3,29,-0.29999238872106637,B2_K4_PROVISIONAL,1.2737738067896414,0,1.0005193626594762,0
llava_1_5_7b,b2_visual_norm,train,32,3,29,-0.2833341198829694,B2_K4_PROVISIONAL,1.2623312064732701,0,1.007332395299564,0
llava_1_5_7b,b2_visual_norm,test,32,3,29,-0.37254840410477774,B2_K4_PROVISIONAL,1.3213136823308544,0,0.9661779954330858,0
llava_1_5_7b,cos_pg_in,all,32,9,23,-0.035347482110079036,see full numerical report,0.005900041797624159,0,-0.025301263538768874,0
llava_1_5_7b,cos_pg_in,train,32,9,23,-0.03398057140055592,see full numerical report,0.005994542038565996,0,-0.024606541521844938,0
llava_1_5_7b,cos_pg_in,test,32,9,23,-0.04130113764489081,see full numerical report,0.005507427394535875,0,-0.028803038029480026,0
llava_1_5_7b,cos_pg_out,all,32,4,28,-0.045189491915744825,see full numerical report,-0.15016471560250957,0,-0.18901972657514116,0
llava_1_5_7b,cos_pg_out,train,32,4,28,-0.044592842140930164,see full numerical report,-0.1497930883787174,0,-0.18911342126146422,0
llava_1_5_7b,cos_pg_out,test,32,5,27,-0.047788233157159805,see full numerical report,-0.1517086926250688,0,-0.18854745471029677,0
llava_1_5_7b,cos_vg_in,all,32,21,11,0.02778225636119901,see full numerical report,0.12821137182655332,0,0.14559066505278384,0
llava_1_5_7b,cos_vg_in,train,32,21,11,0.025991259896169454,see full numerical report,0.12834090632309222,0,0.1441815046392017,0
llava_1_5_7b,cos_vg_in,test,32,22,10,0.035583040964438845,see full numerical report,0.1276732027326854,0,0.1526935952455697,0
llava_1_5_7b,cos_vg_out,all,32,19,13,0.03536339380962456,see full numerical report,0.14281343525943435,0,0.16580526912648907,0
llava_1_5_7b,cos_vg_out,train,32,19,13,0.03322810484144936,see full numerical report,0.14277747821044465,0,0.1637251313842999,0
llava_1_5_7b,cos_vg_out,test,32,23,9,0.044663763537676565,see full numerical report,0.14296282382379366,0,0.17629028774590208,0
llava_1_5_7b,cos_vp_in,all,32,9,23,-0.028837751362589422,see full numerical report,0.009719667477438125,0,-0.01779857619873962,0
llava_1_5_7b,cos_vp_in,train,32,9,23,-0.027950388464727822,see full numerical report,0.009574319646994345,0,-0.017542720044322314,0
llava_1_5_7b,cos_vp_in,test,32,8,24,-0.03270270976216441,see full numerical report,0.01032353526783855,0,-0.01908822951762686,0
llava_1_5_7b,cos_vp_out,all,32,7,25,-0.05556121418319395,see full numerical report,-0.14215037485629417,0,-0.19491594557562836,0
llava_1_5_7b,cos_vp_out,train,32,7,25,-0.053812640493629285,see full numerical report,-0.14266197595925048,0,-0.19415321307046907,0
llava_1_5_7b,cos_vp_out,test,32,8,24,-0.0631772240310756,see full numerical report,-0.1400248568718468,0,-0.19876052968947175,0
llava_1_5_7b,delta_cos_pg,all,32,13,19,-0.009842009805665797,see full numerical report,-0.15606475740013373,0,-0.1637184630363723,0
llava_1_5_7b,delta_cos_pg,train,32,14,18,-0.010612270740374245,see full numerical report,-0.1557876304172834,0,-0.16450687973961925,0
llava_1_5_7b,delta_cos_pg,test,32,16,16,-0.0064870955122689955,see full numerical report,-0.15721612001960467,0,-0.15974441668081674,0
llava_1_5_7b,delta_cos_vg,all,32,18,14,0.007581137448425555,see full numerical report,0.014602063432881028,0,0.02021460407370522,0
llava_1_5_7b,delta_cos_vg,train,32,17,15,0.0072368449452799065,see full numerical report,0.014436571887352392,0,0.01954362674509822,0
llava_1_5_7b,delta_cos_vg,test,32,21,11,0.009080722573237719,see full numerical report,0.01528962109110825,0,0.023596692500332413,0
llava_1_5_7b,delta_cos_vp,all,32,13,19,-0.026723462820604525,see full numerical report,-0.1518700423337323,0,-0.17711736937688874,0
llava_1_5_7b,delta_cos_vp,train,32,12,20,-0.025862252028901463,see full numerical report,-0.15223629560624485,0,-0.17661049302614673,0
llava_1_5_7b,delta_cos_vp,test,32,13,19,-0.0304745142689112,see full numerical report,-0.15034839213968537,0,-0.17967230017184488,0
llava_1_5_7b,generation_attention_gate_mass,all,32,32,0,0.031710318016680464,see full numerical report,0.0974851123795379,0,0.12703948404280035,0
llava_1_5_7b,generation_attention_gate_mass,train,32,31,1,0.02954526514681676,see full numerical report,0.0979337005620618,0,0.12597721215976082,0
llava_1_5_7b,generation_attention_gate_mass,test,32,32,0,0.041140326072086786,see full numerical report,0.09562139034286643,0,0.13239390853433744,0
llava_1_5_7b,generation_attention_mass,all,32,32,0,0.06247119504498483,see full numerical report,0.1552194474125281,0,0.21348184371243129,0
llava_1_5_7b,generation_attention_mass,train,32,32,0,0.06010217233945413,see full numerical report,0.15585455819635097,0,0.21289932650848525,0
llava_1_5_7b,generation_attention_mass,test,32,32,0,0.07278960505129631,see full numerical report,0.15258079126942903,0,0.21641804529448366,0
llava_1_5_7b,generation_gross_norm,all,32,31,1,2.08142571688297,see full numerical report,5.5607267551011805,0,7.539146214036126,0
llava_1_5_7b,generation_gross_norm,train,32,31,1,1.991690881311257,see full numerical report,5.587281510758663,0,7.53316047397425,0
llava_1_5_7b,generation_gross_norm,test,32,32,0,2.472270778484212,see full numerical report,5.450401326957207,0,7.569317579483155,0
llava_1_5_7b,generation_group_gain,all,32,12,20,-0.01065363656587303,see full numerical report,0.606225990059489,0,0.5957873048168889,0
llava_1_5_7b,generation_group_gain,train,32,13,19,-0.010920000719105698,see full numerical report,0.6062234858395065,0,0.596626928185838,0
llava_1_5_7b,generation_group_gain,test,32,12,20,-0.009493472698459637,see full numerical report,0.6062363941899322,0,0.591555149186916,0
llava_1_5_7b,generation_group_rotation,all,32,13,19,-0.012673780810342167,see full numerical report,-0.22307066117343333,0,-0.23844848244182304,0
llava_1_5_7b,generation_group_rotation,train,32,13,19,-0.01200205734141882,see full numerical report,-0.22347930260460858,0,-0.23922429006897236,0
llava_1_5_7b,generation_group_rotation,test,32,13,19,-0.015599509697208296,see full numerical report,-0.22137290347483907,0,-0.2345379926455162,0
llava_1_5_7b,generation_net_norm,all,32,27,5,0.37456723241982115,see full numerical report,2.970397690920178,0,3.2962428494117866,0
llava_1_5_7b,generation_net_norm,train,32,28,4,0.35794291202576234,see full numerical report,2.977150679186601,0,3.2940417031847193,0
llava_1_5_7b,generation_net_norm,test,32,28,4,0.44697538346949955,see full numerical report,2.942341461318441,0,3.307337816204973,0
llava_1_5_7b,generation_per_token_gross,all,32,0,32,-0.23687129030063264,see full numerical report,0.35502586092346816,0,0.13141087091025128,0
llava_1_5_7b,generation_per_token_gross,train,32,0,32,-0.22685323455387818,see full numerical report,0.3532201346321818,0,0.13305653374159665,0
llava_1_5_7b,generation_per_token_gross,test,32,0,32,-0.2805054886642744,see full numerical report,0.36252800211303926,0,0.12311584069279422,0
llava_1_5_7b,generation_token_count,all,32,32,0,40.93885760389909,see full numerical report,31.672,0,71.5503355704698,0
llava_1_5_7b,generation_token_count,train,32,32,0,39.38961572724328,see full numerical report,32.229942100909845,0,71.72654155495978,0
llava_1_5_7b,generation_token_count,test,32,32,0,47.68666666666667,see full numerical report,29.353951890034363,0,70.66216216216216,0
llava_1_5_7b,generation_token_direction_mean,all,32,15,17,-0.004945016708852095,see full numerical report,-0.20420100572080774,0,-0.21113582426852714,0
llava_1_5_7b,generation_token_direction_mean,train,32,15,17,-0.004342314757832788,see full numerical report,-0.2045045497731282,0,-0.21148116138736223,0
llava_1_5_7b,generation_token_direction_mean,test,32,15,17,-0.007570118539958406,see full numerical report,-0.20293988970962068,0,-0.20939513852088537,0
llava_1_5_7b,generation_token_effect_mean,all,32,0,32,-0.23687129019988107,see full numerical report,0.355025860922779,0,0.13141087090662174,0
llava_1_5_7b,generation_token_effect_mean,train,32,0,32,-0.2268532344822153,see full numerical report,0.35322013464041313,0,0.13305653373939857,0
llava_1_5_7b,generation_token_effect_mean,test,32,0,32,-0.28050548843682543,see full numerical report,0.36252800207528846,0,0.12311584068194925,0
llava_1_5_7b,generation_token_gain_median,all,32,4,28,-0.020986474088835916,see full numerical report,0.5505456023946255,0,0.5329457524997553,0
llava_1_5_7b,generation_token_gain_median,train,32,5,27,-0.020330781994075432,see full numerical report,0.550661406099231,0,0.5339961674424728,0
llava_1_5_7b,generation_token_gain_median,test,32,5,27,-0.023842377434903805,see full numerical report,0.5500644797868317,0,0.5276510933965983,0
llava_1_5_7b,generation_token_write_mean,all,32,0,32,-0.45326293623308067,see full numerical report,0.701930674744291,0,0.2749926593400501,0
llava_1_5_7b,generation_token_write_mean,train,32,0,32,-0.432931371168888,see full numerical report,0.6987283426658639,0,0.27818159666107045,0
llava_1_5_7b,generation_token_write_mean,test,32,0,32,-0.5418181974015643,see full numerical report,0.7152352090495087,0,0.25891869149220426,0
llava_1_5_7b,generation_within_source_kappa,all,32,0,32,-0.1117232449428251,see full numerical report,0.5576628372968377,0,0.45107260397321547,0
llava_1_5_7b,generation_within_source_kappa,train,32,0,32,-0.10771500266486228,see full numerical report,0.5570120494760713,0,0.45172157993424833,0
llava_1_5_7b,generation_within_source_kappa,test,32,0,32,-0.1291813668646187,see full numerical report,0.5603666258717739,0,0.4478014143317929,0
llava_1_5_7b,prompt_attention_gate_mass,all,32,0,32,-0.03134342631776483,see full numerical report,0.354413808963074,0,0.31315733530764334,0
llava_1_5_7b,prompt_attention_gate_mass,train,32,0,32,-0.03595390045035441,see full numerical report,0.35328302227292385,0,0.30371311617116903,0
llava_1_5_7b,prompt_attention_gate_mass,test,32,6,26,-0.011262250095819108,see full numerical report,0.35911181964483213,0,0.36076130473879087,0
llava_1_5_7b,prompt_attention_mass,all,32,0,32,-0.03622593863894687,see full numerical report,0.687746127957517,0,0.6493089542547356,0
llava_1_5_7b,prompt_attention_mass,train,32,0,32,-0.0356419761746984,see full numerical report,0.6877159066519944,0,0.6488520291981278,0
llava_1_5_7b,prompt_attention_mass,test,32,0,32,-0.03876941959434016,see full numerical report,0.6878716865773681,0,0.6516121035265561,0
llava_1_5_7b,prompt_gross_norm,all,32,0,32,-0.4259367819434056,see full numerical report,2.763207893218388,0,2.3464802380566,0
llava_1_5_7b,prompt_gross_norm,train,32,0,32,-0.4074850249084075,see full numerical report,2.7607926788948163,0,2.3491269971921924,0
llava_1_5_7b,prompt_gross_norm,test,32,0,32,-0.5063044348069525,see full numerical report,2.7732422372637453,0,2.333139141332598,0
llava_1_5_7b,prompt_group_gain,all,32,26,6,0.046875311166420394,see full numerical report,0.8596545283996662,0,0.9079032860264062,0
llava_1_5_7b,prompt_group_gain,train,32,26,6,0.044201118148026464,see full numerical report,0.8601668923069636,0,0.9084167966461112,0
llava_1_5_7b,prompt_group_gain,test,32,27,5,0.058522907424313944,see full numerical report,0.8575258412384198,0,0.9053149149297852,0
llava_1_5_7b,prompt_group_rotation,all,32,16,16,8.200801953713813e-05,see full numerical report,-0.013346523377335984,0,-0.012673579089548193,0
llava_1_5_7b,prompt_group_rotation,train,32,17,15,0.0012260729184259494,see full numerical report,-0.013674809440079783,0,-0.01222721084460059,0
llava_1_5_7b,prompt_group_rotation,test,32,16,16,-0.00490103020673413,see full numerical report,-0.011982613240369476,0,-0.014923516324216506,0
llava_1_5_7b,prompt_net_norm,all,32,11,21,-0.08921307906625912,see full numerical report,1.8402319012672887,0,1.7582332460755072,0
llava_1_5_7b,prompt_net_norm,train,32,9,23,-0.08592540649413702,see full numerical report,1.8402015157368874,0,1.7593758549854597,0
llava_1_5_7b,prompt_net_norm,test,32,13,19,-0.10353271960261315,see full numerical report,1.8403581421822552,0,1.752473879542911,0
llava_1_5_7b,prompt_token_count,all,32,0,0,0.0,see full numerical report,17.0,0,17.0,0
llava_1_5_7b,prompt_token_count,train,32,0,0,0.0,see full numerical report,17.0,0,17.0,0
llava_1_5_7b,prompt_token_count,test,32,0,0,0.0,see full numerical report,17.0,0,17.0,0
llava_1_5_7b,prompt_token_direction_mean,all,32,13,19,-0.0041353583334350725,see full numerical report,-0.19961842689008924,0,-0.20519306142933924,0
llava_1_5_7b,prompt_token_direction_mean,train,32,13,19,-0.0035844303318579786,see full numerical report,-0.19993534425097265,0,-0.20542096019558592,0
llava_1_5_7b,prompt_token_direction_mean,test,32,12,20,-0.0065349558514153075,see full numerical report,-0.19830174960724395,0,-0.20404432845893383,0
llava_1_5_7b,prompt_token_effect_mean,all,32,0,32,-0.0250551048733127,see full numerical report,0.1625416407792027,0,0.1380282492924273,0
llava_1_5_7b,prompt_token_effect_mean,train,32,0,32,-0.023969707382708136,see full numerical report,0.16239956934090116,0,0.1381839410333775,0
llava_1_5_7b,prompt_token_effect_mean,test,32,0,32,-0.02978261394350149,see full numerical report,0.1631318963424555,0,0.13724347876034043,0
llava_1_5_7b,prompt_token_gain_median,all,32,24,8,0.010174283693958237,see full numerical report,0.5287306917204482,0,0.5404677698095267,0
llava_1_5_7b,prompt_token_gain_median,train,32,23,9,0.00928239939877173,see full numerical report,0.5292438785965947,0,0.5409992601324105,0
llava_1_5_7b,prompt_token_gain_median,test,32,24,8,0.014058935290770586,see full numerical report,0.5265985854205818,0,0.537788771290126,0
llava_1_5_7b,prompt_token_write_mean,all,32,0,32,-0.054165463395408606,see full numerical report,0.277212298848879,0,0.22508469819395904,0
llava_1_5_7b,prompt_token_write_mean,train,32,0,32,-0.05241849413519056,see full numerical report,0.2770624777452776,0,0.22535870388702428,0
llava_1_5_7b,prompt_token_write_mean,test,32,0,32,-0.06177448506213609,see full numerical report,0.27783475147518166,0,0.22370356138972478,0
llava_1_5_7b,prompt_within_source_kappa,all,32,32,0,0.07191974298793471,see full numerical report,0.7110205483399138,0,0.7827472358688088,0
llava_1_5_7b,prompt_within_source_kappa,train,32,32,0,0.06874520924350286,see full numerical report,0.7117644088057842,0,0.7825542963582205,0
llava_1_5_7b,prompt_within_source_kappa,test,32,32,0,0.08574660107479337,see full numerical report,0.707930076507483,0,0.7837197552938009,0
llava_1_5_7b,source_group_kappa,all,32,15,17,-0.0006570552845000905,see full numerical report,0.5949682280868851,0,0.5925740756600929,0
llava_1_5_7b,source_group_kappa,train,32,15,17,-0.001466786671584878,see full numerical report,0.5950925729254712,0,0.5919201084561933,0
llava_1_5_7b,source_group_kappa,test,32,16,16,0.0028697747570247583,see full numerical report,0.5944516201492538,0,0.5958704238635331,0
llava_1_5_7b,visual_attention_gate_mass,all,32,1,31,-0.019685932018337415,see full numerical report,0.09025788025590009,0,0.07342099472164487,0
llava_1_5_7b,visual_attention_gate_mass,train,32,1,31,-0.019035886472047545,see full numerical report,0.0897770497453094,0,0.0737047182786108,0
llava_1_5_7b,visual_attention_gate_mass,test,32,0,32,-0.022517241508844394,see full numerical report,0.09225555753185936,0,0.07199087463045176,0
llava_1_5_7b,visual_attention_mass,all,32,5,27,-0.026245678509444877,see full numerical report,0.15703449951085105,0,0.13720923921164183,0
llava_1_5_7b,visual_attention_mass,train,32,5,27,-0.02446058712734888,see full numerical report,0.15642959868230735,0,0.1382486391789155,0
llava_1_5_7b,visual_attention_mass,test,32,5,27,-0.034020743195907456,see full numerical report,0.15954764419026463,0,0.1319701015387624,0
llava_1_5_7b,visual_context_cos,all,32,5,27,-0.005107551198989395,see full numerical report,0.9860592082640378,0,0.9808469734913924,0
llava_1_5_7b,visual_context_cos,train,32,5,27,-0.004708666437285319,see full numerical report,0.985865588496021,0,0.9807636835592233,0
llava_1_5_7b,visual_context_cos,test,32,5,27,-0.0068449159388560355,see full numerical report,0.9868636285373444,0,0.9812667997711095,0
llava_1_5_7b,visual_context_relative_change,all,32,27,5,0.01829071124146717,see full numerical report,0.13350270693478009,0,0.15210225794212176,0
llava_1_5_7b,visual_context_relative_change,train,32,27,5,0.017040051970921826,see full numerical report,0.13405528051289842,0,0.15216158264451796,0
llava_1_5_7b,visual_context_relative_change,test,32,28,4,0.023738027175398,see full numerical report,0.13120696309991736,0,0.15180322937463803,0
llava_1_5_7b,visual_gross_norm,all,32,6,26,-0.7667313837909953,see full numerical report,4.383593854106117,0,3.7957001921099196,0
llava_1_5_7b,visual_gross_norm,train,32,6,26,-0.7116630164102024,see full numerical report,4.353294074227797,0,3.829454417140779,0
llava_1_5_7b,visual_gross_norm,test,32,6,26,-1.0065847172717826,see full numerical report,4.509478506590268,0,3.625560652427342,0
llava_1_5_7b,visual_group_gain,all,32,11,21,-0.006741415096954979,see full numerical report,0.6030352804787219,0,0.5942978336811142,0
llava_1_5_7b,visual_group_gain,train,32,11,21,-0.006884997614342841,see full numerical report,0.6026701765690041,0,0.59396392080693,0
llava_1_5_7b,visual_group_gain,test,32,15,17,-0.006116033465665627,see full numerical report,0.6045521554850752,0,0.5959809350604485,0
llava_1_5_7b,visual_group_rotation,all,32,17,15,-0.0018684026032029619,see full numerical report,-0.2130369382886828,0,-0.21712630504687405,0
llava_1_5_7b,visual_group_rotation,train,32,17,15,-0.001641363955910279,see full numerical report,-0.21330328882027072,0,-0.21774812421466633,0
llava_1_5_7b,visual_group_rotation,test,32,17,15,-0.002857282044744421,see full numerical report,-0.21193034793579688,0,-0.21399200032273194,0
llava_1_5_7b,visual_net_norm,all,32,5,27,-0.47424304890297675,see full numerical report,2.2515204546563146,0,1.8206876895406108,0
llava_1_5_7b,visual_net_norm,train,32,4,28,-0.44727010888620666,see full numerical report,2.2316777684125544,0,1.8332194248927758,0
llava_1_5_7b,visual_net_norm,test,32,2,30,-0.5917251876426863,see full numerical report,2.333959656266987,0,1.7575209694546987,0
llava_1_5_7b,visual_token_count,all,32,0,0,0.0,see full numerical report,576.0,0,576.0,0
llava_1_5_7b,visual_token_count,train,32,0,0,0.0,see full numerical report,576.0,0,576.0,0
llava_1_5_7b,visual_token_count,test,32,0,0,0.0,see full numerical report,576.0,0,576.0,0
llava_1_5_7b,visual_token_direction_mean,all,32,12,20,-0.0015403641325609496,see full numerical report,-0.21176521685828228,0,-0.21537395004876111,0
llava_1_5_7b,visual_token_direction_mean,train,32,12,20,-0.0010403648305610403,see full numerical report,-0.2119811326218341,0,-0.21570463834668058,0
llava_1_5_7b,visual_token_direction_mean,test,32,9,23,-0.0037181388701605558,see full numerical report,-0.2108681647684742,0,-0.21370710227681589,0
llava_1_5_7b,visual_token_effect_mean,all,32,6,26,-0.0013311308743524678,see full numerical report,0.007610405996666006,0,0.006589757278006992,0
llava_1_5_7b,visual_token_effect_mean,train,32,6,26,-0.0012355260696126922,see full numerical report,0.007557802212129302,0,0.006648358363381209,0
llava_1_5_7b,visual_token_effect_mean,test,32,6,26,-0.0017475429127746032,see full numerical report,0.007828955740669009,0,0.006294376131458583,0
llava_1_5_7b,visual_token_gain_median,all,32,14,18,-0.0017519021531198558,see full numerical report,0.5487419293926582,0,0.5466240851169162,0
llava_1_5_7b,visual_token_gain_median,train,32,14,18,-0.0020762275676458695,see full numerical report,0.5486117676513442,0,0.5468023206811664,0
llava_1_5_7b,visual_token_gain_median,test,32,15,17,-0.0003392847920732232,see full numerical report,0.5492827044622404,0,0.5457256815295468,0
llava_1_5_7b,visual_token_write_mean,all,32,6,26,-0.0015379426737508295,see full numerical report,0.018063944398387474,0,0.017570952360845,0
llava_1_5_7b,visual_token_write_mean,train,32,7,25,-0.001326131298398897,see full numerical report,0.017979387625920207,0,0.017785972694077733,0
llava_1_5_7b,visual_token_write_mean,test,32,6,26,-0.0024604988863948015,see full numerical report,0.018415247277813334,0,0.016487133654144854,0
llava_1_5_7b,visual_within_source_kappa,all,32,6,26,-0.013414015967149532,see full numerical report,0.501829325993154,0,0.4823489920097945,0
llava_1_5_7b,visual_within_source_kappa,train,32,6,26,-0.012920857927882886,see full numerical report,0.5013008338015855,0,0.4823447831814451,0
llava_1_5_7b,visual_within_source_kappa,test,32,6,26,-0.015561993204844261,see full numerical report,0.5040250203560623,0,0.48237020677971776,0
qwen3_vl_8b,b1_attention_residual_kappa,all,36,16,20,-2.76002668944066e-05,see full numerical report,0.1906480404661049,0,0.19280215809787563,0
qwen3_vl_8b,b1_attention_residual_kappa,train,36,16,20,-0.0009909128245238173,see full numerical report,0.19127008366805912,0,0.1921303231293373,0
qwen3_vl_8b,b1_attention_residual_kappa,test,36,25,11,0.004716714079430441,see full numerical report,0.18820892469314218,0,0.19633813161649835,0
qwen3_vl_8b,b1_attention_total_norm,all,36,16,20,-7.133978165015748,see full numerical report,264.22320873349895,0,255.4920952257264,0
qwen3_vl_8b,b1_attention_total_norm,train,36,16,20,-5.863452913889889,see full numerical report,263.62827710750184,0,256.2686359921588,0
qwen3_vl_8b,b1_attention_total_norm,test,36,9,27,-13.3913150268106,see full numerical report,266.55601633953825,0,251.40503856029278,0
qwen3_vl_8b,b1_cos_residual_generation,all,36,3,33,-0.04852576888656702,see full numerical report,-0.721127916180895,0,-0.7639582009482435,0
qwen3_vl_8b,b1_cos_residual_generation,train,36,4,32,-0.04780991009337667,see full numerical report,-0.7204993512370461,0,-0.7636894419179515,0
qwen3_vl_8b,b1_cos_residual_generation,test,36,2,34,-0.05205137344302947,see full numerical report,-0.7235926045884785,0,-0.7653727221603069,0
qwen3_vl_8b,b1_cos_residual_prompt,all,36,24,12,0.03182885327457884,see full numerical report,-0.30289514499838044,0,-0.27034263566547373,0
qwen3_vl_8b,b1_cos_residual_prompt,train,36,24,12,0.033337030360140546,see full numerical report,-0.3036217362352043,0,-0.26902243726364117,0
qwen3_vl_8b,b1_cos_residual_prompt,test,36,24,12,0.024401081128187434,see full numerical report,-0.3000460821990998,0,-0.27729104830669804,0
qwen3_vl_8b,b1_cos_residual_visual,all,36,32,4,0.03722675513155033,see full numerical report,-0.47165783727203503,0,-0.43286375215704626,0
qwen3_vl_8b,b1_cos_residual_visual,train,36,32,4,0.03482620178575253,see full numerical report,-0.47120371694343394,0,-0.43492743901700853,0
qwen3_vl_8b,b1_cos_residual_visual,test,36,34,2,0.04904948035960455,see full numerical report,-0.4734385046803985,0,-0.42200224236777134,0
qwen3_vl_8b,b1_delta_residual_generation_cos,all,36,1,35,-0.07695009234487847,see full numerical report,-0.9212213143835706,0,-0.9919820286312455,0
qwen3_vl_8b,b1_delta_residual_generation_cos,train,36,1,35,-0.0763050479340096,see full numerical report,-0.9195885945926611,0,-0.9920900285026509,0
qwen3_vl_8b,b1_delta_residual_generation_cos,test,36,2,34,-0.08012693606840765,see full numerical report,-0.9276234301567583,0,-0.9914136082554266,0
qwen3_vl_8b,b1_delta_residual_visual_cos,all,36,32,4,0.036885986639979,see full numerical report,-0.6227789211107885,0,-0.5834485392269103,0
qwen3_vl_8b,b1_delta_residual_visual_cos,train,36,30,6,0.03411722155619098,see full numerical report,-0.6215123717674121,0,-0.5854703066440875,0
qwen3_vl_8b,b1_delta_residual_visual_cos,test,36,32,4,0.05052215467763503,see full numerical report,-0.6277452328893907,0,-0.5728076580838719,0
qwen3_vl_8b,b1_generation_norm,all,36,31,5,9.439559545628988,see full numerical report,119.83094453973104,0,125.60389558711455,0
qwen3_vl_8b,b1_generation_norm,train,36,30,6,9.838566095106415,see full numerical report,119.5039546285652,0,125.75629607895391,0
qwen3_vl_8b,b1_generation_norm,test,36,32,4,7.474452289452661,see full numerical report,121.11311633651069,0,124.80178773532839,0
qwen3_vl_8b,b1_prompt_norm,all,36,6,30,-7.9840895806858425,see full numerical report,153.65636119994053,0,146.88943747289562,0
qwen3_vl_8b,b1_prompt_norm,train,36,6,30,-7.571965496705823,see full numerical report,153.4600769999112,0,147.1378356825766,0
qwen3_vl_8b,b1_prompt_norm,test,36,5,31,-10.01380069428744,see full numerical report,154.4260181735571,0,145.5820784745747,0
qwen3_vl_8b,b1_residual_norm,all,36,20,16,-2.280634243419085,see full numerical report,232.58612008939767,0,228.69743296236163,0
qwen3_vl_8b,b1_residual_norm,train,36,20,16,-1.1209543136540914,see full numerical report,232.18082560062055,0,229.52463663312432,0
qwen3_vl_8b,b1_residual_norm,test,36,13,23,-7.992057897511679,see full numerical report,234.17533475674776,0,224.34372943203184,0
qwen3_vl_8b,b1_residual_share,all,36,25,11,0.002369926981518231,see full numerical report,0.4951139425439108,0,0.49751765325632985,0
qwen3_vl_8b,b1_residual_share,train,36,25,11,0.0025056429275842444,see full numerical report,0.4951950005856767,0,0.4975244954830059,0
qwen3_vl_8b,b1_residual_share,test,36,25,11,0.0017015259471431132,see full numerical report,0.49479610296689125,0,0.497481641536982,0
qwen3_vl_8b,b1_residual_visual_generation_balance,all,36,0,36,-0.08575252401811737,see full numerical report,-0.24947007890885986,0,-0.3310944487911972,0
qwen3_vl_8b,b1_residual_visual_generation_balance,train,36,0,36,-0.08263611187912921,see full numerical report,-0.24929563429361223,0,-0.32876200290094293,0
qwen3_vl_8b,b1_residual_visual_generation_balance,test,36,1,35,-0.101100853802634,see full numerical report,-0.2501540999080801,0,-0.3433704797925356,0
qwen3_vl_8b,b1_visual_norm,all,36,0,36,-12.418834118287307,see full numerical report,67.24019339658625,0,55.831989835766905,0
qwen3_vl_8b,b1_visual_norm,train,36,0,36,-11.432939339635476,see full numerical report,67.18650781060555,0,56.626810352630514,0
qwen3_vl_8b,b1_visual_norm,test,36,0,36,-17.27436590314759,see full numerical report,67.45070186148844,0,51.64872395753741,0
qwen3_vl_8b,b2_attention_residual_kappa,all,36,18,18,0.000130425872033077,B2_K4_PROVISIONAL,0.8607524976844897,0,0.8623211295343886,0
qwen3_vl_8b,b2_attention_residual_kappa,train,36,17,19,-0.000640658321533457,B2_K4_PROVISIONAL,0.8610873590935921,0,0.8618399648420778,0
qwen3_vl_8b,b2_attention_residual_kappa,test,36,26,10,0.003928015525348258,B2_K4_PROVISIONAL,0.8594394606765579,0,0.8648535752833917,0
qwen3_vl_8b,b2_attention_total_norm,all,36,18,18,-0.6324382658067067,B2_K4_PROVISIONAL,20.48766042165184,0,19.75176292696794,0
qwen3_vl_8b,b2_attention_total_norm,train,36,19,17,-0.5495711214981027,B2_K4_PROVISIONAL,20.4465832206264,0,19.79849430542543,0
qwen3_vl_8b,b2_attention_total_norm,test,36,13,23,-1.0405589515265818,B2_K4_PROVISIONAL,20.648729698858833,0,19.505808303507443,0
qwen3_vl_8b,b2_cos_residual_generation,all,36,24,12,0.022109100529774335,B2_K4_PROVISIONAL,0.21853896592045466,0,0.24323060308883435,0
qwen3_vl_8b,b2_cos_residual_generation,train,36,23,13,0.020521544564856605,B2_K4_PROVISIONAL,0.21819286653377679,0,0.24281085928817703,0
qwen3_vl_8b,b2_cos_residual_generation,test,36,27,9,0.029927813656994158,B2_K4_PROVISIONAL,0.21989606856285404,0,0.24543978098703068,0
qwen3_vl_8b,b2_cos_residual_prompt,all,36,5,31,-0.019929133572496864,B2_K4_PROVISIONAL,0.11957909530143793,0,0.10069868600290849,0
qwen3_vl_8b,b2_cos_residual_prompt,train,36,5,31,-0.021916930238008517,B2_K4_PROVISIONAL,0.11994446362742105,0,0.0988799568378715,0
qwen3_vl_8b,b2_cos_residual_prompt,test,36,14,22,-0.010139234994851993,B2_K4_PROVISIONAL,0.11814643653425505,0,0.11027094476626108,0
qwen3_vl_8b,b2_cos_residual_visual,all,36,11,25,-0.014262008474768127,B2_K4_PROVISIONAL,0.24144209546647355,0,0.22902434684696665,0
qwen3_vl_8b,b2_cos_residual_visual,train,36,11,25,-0.014679274746622934,B2_K4_PROVISIONAL,0.24179360953072498,0,0.22882811846698045,0
qwen3_vl_8b,b2_cos_residual_visual,test,36,13,23,-0.01220697208588319,B2_K4_PROVISIONAL,0.24006376113882538,0,0.23005712779426238,0
qwen3_vl_8b,b2_delta_residual_generation_cos,all,36,21,15,0.00674671662644942,B2_K4_PROVISIONAL,0.10518754415058462,0,0.11520823859499132,0
qwen3_vl_8b,b2_delta_residual_generation_cos,train,36,21,15,0.006342799468580454,B2_K4_PROVISIONAL,0.1049086061676125,0,0.11536360972277916,0
qwen3_vl_8b,b2_delta_residual_generation_cos,test,36,24,12,0.008736008628954094,B2_K4_PROVISIONAL,0.1062812978188319,0,0.1143904958171606,0
qwen3_vl_8b,b2_delta_residual_visual_cos,all,36,11,25,-0.010865583148792235,B2_K4_PROVISIONAL,0.1278728444021908,0,0.1199038755548229,0
qwen3_vl_8b,b2_delta_residual_visual_cos,train,36,11,25,-0.011002664059635786,B2_K4_PROVISIONAL,0.12848563908854807,0,0.12027291664770552,0
qwen3_vl_8b,b2_delta_residual_visual_cos,test,36,12,24,-0.010190459662887754,B2_K4_PROVISIONAL,0.12546999331341455,0,0.11796155401333529,0
qwen3_vl_8b,b2_generation_norm,all,36,33,3,0.8190503947666837,B2_K4_PROVISIONAL,9.95884788473628,0,10.534341488128844,0
qwen3_vl_8b,b2_generation_norm,train,36,32,4,0.8556218387891771,B2_K4_PROVISIONAL,9.938736973011721,0,10.555016150514744,0
qwen3_vl_8b,b2_generation_norm,test,36,33,3,0.6389360329559044,B2_K4_PROVISIONAL,10.037705497586837,0,10.42552747557148,0
qwen3_vl_8b,b2_prompt_norm,all,36,4,32,-0.7182665776656317,B2_K4_PROVISIONAL,10.279491915526116,0,9.634421848179759,0
qwen3_vl_8b,b2_prompt_norm,train,36,5,31,-0.7025529460367704,B2_K4_PROVISIONAL,10.265213998505686,0,9.638952877451352,0
qwen3_vl_8b,b2_prompt_norm,test,36,4,32,-0.7956562134377738,B2_K4_PROVISIONAL,10.335477564915351,0,9.610574325697677,0
qwen3_vl_8b,b2_residual_norm,all,36,14,22,-1.0560016113274897,B2_K4_PROVISIONAL,85.32467561481329,0,84.41147507424446,0
qwen3_vl_8b,b2_residual_norm,train,36,13,23,-1.06219966838248,B2_K4_PROVISIONAL,85.4940767657001,0,84.26107355760844,0
qwen3_vl_8b,b2_residual_norm,test,36,18,18,-1.025476180331663,B2_K4_PROVISIONAL,84.660430723481,0,85.20306200390769,0
qwen3_vl_8b,b2_residual_share,all,36,17,19,0.000747622157545629,B2_K4_PROVISIONAL,0.7695630100533222,0,0.7715763790483557,0
qwen3_vl_8b,b2_residual_share,train,36,16,20,-0.0001078995347447045,B2_K4_PROVISIONAL,0.7701586990658628,0,0.7708032690040224,0
qwen3_vl_8b,b2_residual_share,test,36,28,8,0.004961066492075523,B2_K4_PROVISIONAL,0.7672272326319077,0,0.7756453792816892,0
qwen3_vl_8b,b2_residual_visual_generation_balance,all,36,29,7,0.03637110900454246,B2_K4_PROVISIONAL,-0.022903129546018905,0,0.014206256241867724,0
qwen3_vl_8b,b2_residual_visual_generation_balance,train,36,29,7,0.03520081931147953,B2_K4_PROVISIONAL,-0.023600742996948167,0,0.01398274082119662,0
qwen3_vl_8b,b2_residual_visual_generation_balance,test,36,27,9,0.04213478574287735,B2_K4_PROVISIONAL,-0.02016769257597134,0,0.015382653192768277,0
qwen3_vl_8b,b2_visual_norm,all,36,0,36,-0.9711878673974783,B2_K4_PROVISIONAL,4.692827543541473,0,3.7971580091267034,0
qwen3_vl_8b,b2_visual_norm,train,36,0,36,-0.9126247294452143,B2_K4_PROVISIONAL,4.687111517704669,0,3.8420915666977686,0
qwen3_vl_8b,b2_visual_norm,test,36,0,36,-1.2596113218123797,B2_K4_PROVISIONAL,4.71524085620755,0,3.560665600857944,0
qwen3_vl_8b,cos_pg_in,all,36,7,29,-0.03798522423799523,see full numerical report,-0.03367530966294701,0,-0.07400443727199552,0
qwen3_vl_8b,cos_pg_in,train,36,7,29,-0.038228092910013264,see full numerical report,-0.033549657827780924,0,-0.07462892806151017,0
qwen3_vl_8b,cos_pg_in,test,36,5,31,-0.03678909602830645,see full numerical report,-0.03416800755288852,0,-0.07071764364297103,0
qwen3_vl_8b,cos_pg_out,all,36,17,19,-0.010310054716726358,see full numerical report,-0.03898014372002285,0,-0.053369470372408793,0
qwen3_vl_8b,cos_pg_out,train,36,17,19,-0.009810864178617866,see full numerical report,-0.03907622084164876,0,-0.052943497623037496,0
qwen3_vl_8b,cos_pg_out,test,36,13,23,-0.012768568116910675,see full numerical report,-0.038603412293584244,0,-0.05561143221120506,0
qwen3_vl_8b,cos_vg_in,all,36,30,6,0.02270083432244467,see full numerical report,0.17043301697535085,0,0.19259128946139686,0
qwen3_vl_8b,cos_vg_in,train,36,28,8,0.01968369217556175,see full numerical report,0.1699129481818536,0,0.18959221375883378,0
qwen3_vl_8b,cos_vg_in,test,36,34,2,0.03756025939584311,see full numerical report,0.1724722772602627,0,0.20837589842225512,0
qwen3_vl_8b,cos_vg_out,all,36,26,10,0.034474168233809444,see full numerical report,0.1726114773211732,0,0.2053580810604355,0
qwen3_vl_8b,cos_vg_out,train,36,24,12,0.03160481341929554,see full numerical report,0.17232289911863433,0,0.20381464058795612,0
qwen3_vl_8b,cos_vg_out,test,36,29,7,0.04860574069529035,see full numerical report,0.17374303159800564,0,0.21348145196822166,0
qwen3_vl_8b,cos_vp_in,all,36,5,31,-0.01238137275886112,see full numerical report,-0.035370786951991036,0,-0.04857690859000166,0
qwen3_vl_8b,cos_vp_in,train,36,5,31,-0.012744515178811247,see full numerical report,-0.03507583635057376,0,-0.04871742826146795,0
qwen3_vl_8b,cos_vp_in,test,36,5,31,-0.010592896340606726,see full numerical report,-0.036527328269220345,0,-0.04783733137175791,0
qwen3_vl_8b,cos_vp_out,all,36,14,22,-0.0032993962201473743,see full numerical report,0.046065503673370325,0,0.038892949722199824,0
qwen3_vl_8b,cos_vp_out,train,36,15,21,-0.002810445944569785,see full numerical report,0.04628835065709285,0,0.03912249471180199,0
qwen3_vl_8b,cos_vp_out,test,36,14,22,-0.005707476327366989,see full numerical report,0.04519169042173908,0,0.03768481819797787,0
qwen3_vl_8b,delta_cos_pg,all,36,27,9,0.027675169521268885,see full numerical report,-0.005304834057075812,0,0.020634966899586746,0
qwen3_vl_8b,delta_cos_pg,train,36,28,8,0.0284172287313954,see full numerical report,-0.005526563013867845,0,0.02168543043847269,0
qwen3_vl_8b,delta_cos_pg,test,36,25,11,0.024020527911395775,see full numerical report,-0.004435404740695703,0,0.015106211431765973,0
qwen3_vl_8b,delta_cos_vg,all,36,19,17,0.011773333911364757,see full numerical report,0.0021784603458223964,0,0.012766791599038655,0
qwen3_vl_8b,delta_cos_vg,train,36,18,18,0.011921121243733797,see full numerical report,0.0024099509367807304,0,0.014222426829122364,0
qwen3_vl_8b,delta_cos_vg,test,36,23,13,0.011045481299447225,see full numerical report,0.0012707543377428697,0,0.005105553545966501,0
qwen3_vl_8b,delta_cos_vp,all,36,20,16,0.009081976538713746,see full numerical report,0.08143629062536134,0,0.08746985831220148,0
qwen3_vl_8b,delta_cos_vp,train,36,19,17,0.009934069234241462,see full numerical report,0.08136418700766658,0,0.08783992297326995,0
qwen3_vl_8b,delta_cos_vp,test,36,19,17,0.004885420013239736,see full numerical report,0.08171901869095942,0,0.08552214956973579,0
qwen3_vl_8b,generation_attention_gate_mass,all,36,36,0,0.04010142654017176,see full numerical report,0.2223576672676688,0,0.25776153224367626,0
qwen3_vl_8b,generation_attention_gate_mass,train,36,36,0,0.04103268788456185,see full numerical report,0.22187061189231613,0,0.25865955129972895,0
qwen3_vl_8b,generation_attention_gate_mass,test,36,36,0,0.03551496441905059,see full numerical report,0.2242674774618749,0,0.25303511615918833,0
qwen3_vl_8b,generation_attention_mass,all,36,36,0,0.0562366561133292,see full numerical report,0.36732474481605687,0,0.4182180304374747,0
qwen3_vl_8b,generation_attention_mass,train,36,36,0,0.05725949822636478,see full numerical report,0.366547736534972,0,0.4192265060630247,0
qwen3_vl_8b,generation_attention_mass,test,36,36,0,0.051199158706629,see full numerical report,0.37037149968479044,0,0.41291026398721087,0
qwen3_vl_8b,generation_gross_norm,all,36,35,1,3.864431090532519,see full numerical report,28.09534443619053,0,31.340227043338032,0
qwen3_vl_8b,generation_gross_norm,train,36,35,1,3.991899331528176,see full numerical report,28.02863088354886,0,31.444349244167043,0
qwen3_vl_8b,generation_gross_norm,test,36,35,1,3.236650003628907,see full numerical report,28.356937325570918,0,30.79221546002746,0
qwen3_vl_8b,generation_group_gain,all,36,13,23,-0.005714082707224644,see full numerical report,0.7906674238923332,0,0.7799460603882122,0
qwen3_vl_8b,generation_group_gain,train,36,12,24,-0.004107607360637698,see full numerical report,0.7893456303270486,0,0.7819456317231069,0
qwen3_vl_8b,generation_group_gain,test,36,9,27,-0.013625973789165384,see full numerical report,0.7958503557587333,0,0.7694220007308716,0
qwen3_vl_8b,generation_group_rotation,all,36,17,19,-0.009761979427592726,see full numerical report,-0.2264617147528779,0,-0.23404842176518598,0
qwen3_vl_8b,generation_group_rotation,train,36,16,20,-0.010828358674127382,see full numerical report,-0.2252156775260148,0,-0.2350938697028553,0
qwen3_vl_8b,generation_group_rotation,test,36,19,17,-0.004510061638409554,see full numerical report,-0.2313475957402307,0,-0.22854606419850543,0
qwen3_vl_8b,generation_net_norm,all,36,31,5,1.109057356236472,see full numerical report,14.894133715983973,0,15.618464765715316,0
qwen3_vl_8b,generation_net_norm,train,36,31,5,1.1663263912801596,see full numerical report,14.853944724591877,0,15.641976268206877,0
qwen3_vl_8b,generation_net_norm,test,36,33,3,0.8270073586463104,see full numerical report,15.05172020273594,0,15.49472001575975,0
qwen3_vl_8b,generation_per_token_gross,all,36,0,36,-0.4531541633892504,see full numerical report,0.7229370857847004,0,0.3419266475957892,0
qwen3_vl_8b,generation_per_token_gross,train,36,0,36,-0.46869750400728993,see full numerical report,0.7219973812657179,0,0.32212879708728814,0
qwen3_vl_8b,generation_per_token_gross,test,36,0,36,-0.37660321084540527,see full numerical report,0.7266217946714364,0,0.44612586079842637,0
qwen3_vl_8b,generation_token_count,all,36,36,0,54.02889458174268,see full numerical report,101.0198717948718,0,152.016806722689,0
qwen3_vl_8b,generation_token_count,train,36,36,0,56.91115744097979,see full numerical report,100.94851166532584,0,154.23999999999998,0
qwen3_vl_8b,generation_token_count,test,36,36,0,39.833749999999995,see full numerical report,101.29968454258676,0,140.31578947368422,0
qwen3_vl_8b,generation_token_direction_mean,all,36,12,24,-0.0051449324972949895,see full numerical report,-0.23324116819621862,0,-0.23627166036607386,0
qwen3_vl_8b,generation_token_direction_mean,train,36,12,24,-0.006161008513269197,see full numerical report,-0.23263559933669928,0,-0.23702538955052443,0
qwen3_vl_8b,generation_token_direction_mean,test,36,19,17,-0.00014075811862201604,see full numerical report,-0.2356156858378039,0,-0.23230466465843966,0
qwen3_vl_8b,generation_token_effect_mean,all,36,0,36,-0.453154163519753,see full numerical report,0.7229370858281298,0,0.3419266475760446,0
qwen3_vl_8b,generation_token_effect_mean,train,36,0,36,-0.46869750411887856,see full numerical report,0.7219973813219283,0,0.3221287970973472,0
qwen3_vl_8b,generation_token_effect_mean,test,36,0,36,-0.37660321106906003,see full numerical report,0.726621794664749,0,0.44612586062182025,0
qwen3_vl_8b,generation_token_gain_median,all,36,12,24,-0.0068193131702450355,see full numerical report,0.7282226518394727,0,0.7185989857039039,0
qwen3_vl_8b,generation_token_gain_median,train,36,14,22,-0.004138898503554564,see full numerical report,0.727038277141394,0,0.7197976119961692,0
qwen3_vl_8b,generation_token_gain_median,test,36,2,34,-0.020020355403695615,see full numerical report,0.7328667456871438,0,0.7122904262709291,0
qwen3_vl_8b,generation_token_write_mean,all,36,0,36,-0.7168020562369333,see full numerical report,1.1811427147658808,0,0.5756315783635222,0
qwen3_vl_8b,generation_token_write_mean,train,36,0,36,-0.748552733462898,see full numerical report,1.1808013129021073,0,0.5392629681856436,0
qwen3_vl_8b,generation_token_write_mean,test,36,0,36,-0.5604299708990568,see full numerical report,1.18248139778377,0,0.7670453161418305,0
qwen3_vl_8b,generation_within_source_kappa,all,36,2,34,-0.03856789290414861,see full numerical report,0.4776132162111037,0,0.4444203939789533,0
qwen3_vl_8b,generation_within_source_kappa,train,36,2,34,-0.038881595248060764,see full numerical report,0.477954849256487,0,0.4433493010769849,0
qwen3_vl_8b,generation_within_source_kappa,test,36,2,34,-0.03702290886038123,see full numerical report,0.4762736266987646,0,0.45005772504194563,0
qwen3_vl_8b,prompt_attention_gate_mass,all,36,0,36,-0.056613656281040696,see full numerical report,0.275932274323669,0,0.23256108812445916,0
qwen3_vl_8b,prompt_attention_gate_mass,train,36,0,36,-0.0606683360464089,see full numerical report,0.2760955055999499,0,0.22876237565572582,0
qwen3_vl_8b,prompt_attention_gate_mass,test,36,0,36,-0.03664435843660242,see full numerical report,0.27529222234759015,0,0.25255431164410846,0
qwen3_vl_8b,prompt_attention_mass,all,36,7,29,-0.028229992518479668,see full numerical report,0.5010632500558038,0,0.47796553465242575,0
qwen3_vl_8b,prompt_attention_mass,train,36,6,30,-0.03043999624533266,see full numerical report,0.5018353169600684,0,0.47580353993903074,0
qwen3_vl_8b,prompt_attention_mass,test,36,10,26,-0.017345724163728676,see full numerical report,0.49803587099586377,0,0.4893444541966104,0
qwen3_vl_8b,prompt_gross_norm,all,36,0,36,-2.111472844121222,see full numerical report,19.221722073227706,0,17.372118095074526,0
qwen3_vl_8b,prompt_gross_norm,train,36,0,36,-2.088746593942933,see full numerical report,19.206640394860372,0,17.336973053291754,0
qwen3_vl_8b,prompt_gross_norm,test,36,0,36,-2.223399626249294,see full numerical report,19.280859379885744,0,17.55709199919438,0
qwen3_vl_8b,prompt_group_gain,all,36,21,15,0.0037400970221938925,see full numerical report,1.2844406987200836,0,1.2852359524151948,0
qwen3_vl_8b,prompt_group_gain,train,36,20,16,0.007621110475684669,see full numerical report,1.2840804699958044,0,1.2880138276810773,0
qwen3_vl_8b,prompt_group_gain,test,36,13,23,-0.015373894236248183,see full numerical report,1.2858532044118158,0,1.2706155562789725,0
qwen3_vl_8b,prompt_group_rotation,all,36,9,27,-0.0089537987323755,see full numerical report,-0.2896561035606815,0,-0.2979424725562716,0
qwen3_vl_8b,prompt_group_rotation,train,36,10,26,-0.009484288299795954,see full numerical report,-0.28923745334402,0,-0.2984807677036073,0
qwen3_vl_8b,prompt_group_rotation,test,36,9,27,-0.006341137612829747,see full numerical report,-0.2912976878487263,0,-0.29510934020187257,0
qwen3_vl_8b,prompt_net_norm,all,36,6,30,-1.6547133552081885,see full numerical report,17.566364822001386,0,16.160752994296203,0
qwen3_vl_8b,prompt_net_norm,train,36,6,30,-1.6211060920664855,see full numerical report,17.551106954376102,0,16.13779396731245,0
qwen3_vl_8b,prompt_net_norm,test,36,4,32,-1.8202291261810783,see full numerical report,17.626192990639332,0,16.281589978421223,0
qwen3_vl_8b,prompt_token_count,all,36,0,0,0.0,see full numerical report,14.0,0,14.0,0
qwen3_vl_8b,prompt_token_count,train,36,0,0,0.0,see full numerical report,14.0,0,14.0,0
qwen3_vl_8b,prompt_token_count,test,36,0,0,0.0,see full numerical report,14.0,0,14.0,0
qwen3_vl_8b,prompt_token_direction_mean,all,36,15,21,-0.002985786339116955,see full numerical report,-0.25671497178517516,0,-0.25843613086857,0
qwen3_vl_8b,prompt_token_direction_mean,train,36,12,24,-0.0038080468745082512,see full numerical report,-0.2561934794037046,0,-0.2590554688898159,0
qwen3_vl_8b,prompt_token_direction_mean,test,36,22,14,0.0010638467976851827,see full numerical report,-0.2587598141516351,0,-0.2551764570725392,0
qwen3_vl_8b,prompt_token_effect_mean,all,36,0,36,-0.15081948879923857,see full numerical report,1.3729801484769573,0,1.240865578151771,0
qwen3_vl_8b,prompt_token_effect_mean,train,36,0,36,-0.14919618551953476,see full numerical report,1.371902885773391,0,1.2383552178282464,0
qwen3_vl_8b,prompt_token_effect_mean,test,36,0,36,-0.15881425745177985,see full numerical report,1.3772042416647587,0,1.2540780009071621,0
qwen3_vl_8b,prompt_token_gain_median,all,36,17,19,-0.0006080375556177515,see full numerical report,0.8068570590401024,0,0.8024500581945171,0
qwen3_vl_8b,prompt_token_gain_median,train,36,17,19,0.0021914232073070705,see full numerical report,0.8058466202247458,0,0.8039252331336131,0
qwen3_vl_8b,prompt_token_gain_median,test,36,9,27,-0.014395381813022495,see full numerical report,0.8108191266977934,0,0.7946859795676969,0
qwen3_vl_8b,prompt_token_write_mean,all,36,0,36,-0.11582977928554038,see full numerical report,0.8837947580031995,0,0.7748484901390038,0
qwen3_vl_8b,prompt_token_write_mean,train,36,0,36,-0.12010389423025966,see full numerical report,0.8838903363933225,0,0.7701935969807929,0
qwen3_vl_8b,prompt_token_write_mean,test,36,0,36,-0.09477976318279778,see full numerical report,0.8834199821706358,0,0.7993479278137984,0
qwen3_vl_8b,prompt_within_source_kappa,all,36,33,3,0.042720882756739395,see full numerical report,0.8163517711701537,0,0.8599545769522332,0
qwen3_vl_8b,prompt_within_source_kappa,train,36,34,2,0.04406276970644045,see full numerical report,0.817047312578831,0,0.8615956663984071,0
qwen3_vl_8b,prompt_within_source_kappa,test,36,33,3,0.03611208952946175,see full numerical report,0.813624458958842,0,0.8513172640776347,0
qwen3_vl_8b,source_group_kappa,all,36,27,9,0.017511866571268644,see full numerical report,0.6641614076521727,0,0.6800606164467429,0
qwen3_vl_8b,source_group_kappa,train,36,26,10,0.017612207227987887,see full numerical report,0.6640379711946145,0,0.6799379636674059,0
qwen3_vl_8b,source_group_kappa,test,36,31,5,0.017017688836926375,see full numerical report,0.664645418746005,0,0.6807061573906225,0
qwen3_vl_8b,visual_attention_gate_mass,all,36,0,36,-0.020648349688907355,see full numerical report,0.08902606134296963,0,0.06827011061387461,0
qwen3_vl_8b,visual_attention_gate_mass,train,36,0,36,-0.019982789367788606,see full numerical report,0.0889310537885338,0,0.06875450970589386,0
qwen3_vl_8b,visual_attention_gate_mass,test,36,0,36,-0.023926234270417165,see full numerical report,0.08939859885137263,0,0.06572064170851027,0
qwen3_vl_8b,visual_attention_mass,all,36,0,36,-0.02800585494582294,see full numerical report,0.13160997920330816,0,0.10381602641995835,0
qwen3_vl_8b,visual_attention_mass,train,36,0,36,-0.02681944794441008,see full numerical report,0.1316151073637953,0,0.10496914737317842,0
qwen3_vl_8b,visual_attention_mass,test,36,0,36,-0.03384890942778132,see full numerical report,0.13158987099042013,0,0.0977469687714318,0
qwen3_vl_8b,visual_context_cos,all,36,4,32,-0.0029820311597900306,see full numerical report,0.9853295424813209,0,0.9827302517703842,0
qwen3_vl_8b,visual_context_cos,train,36,4,32,-0.003310166827252527,see full numerical report,0.985430488604448,0,0.9824853902266687,0
qwen3_vl_8b,visual_context_cos,test,36,5,31,-0.0013659629975372352,see full numerical report,0.9849337190395318,0,0.9840189967373073,0
qwen3_vl_8b,visual_context_relative_change,all,36,31,5,0.018803015400972924,see full numerical report,0.19398071629991748,0,0.2090750495857232,0
qwen3_vl_8b,visual_context_relative_change,train,36,31,5,0.01997292588306844,see full numerical report,0.1930351735906539,0,0.2102341688379677,0
qwen3_vl_8b,visual_context_relative_change,test,36,32,4,0.013041206276652532,see full numerical report,0.19768831752267646,0,0.20297442194233115,0
qwen3_vl_8b,visual_gross_norm,all,36,0,36,-3.1051985583445805,see full numerical report,15.527181520504989,0,12.645346568642456,0
qwen3_vl_8b,visual_gross_norm,train,36,0,36,-2.9116206147288297,see full numerical report,15.505404481643545,0,12.813481299158804,0
qwen3_vl_8b,visual_gross_norm,test,36,0,36,-4.058569930652156,see full numerical report,15.612572243863898,0,11.760426934345858,0
qwen3_vl_8b,visual_group_gain,all,36,7,29,-0.012159978200253115,see full numerical report,0.8544405187765819,0,0.8402959803261942,0
qwen3_vl_8b,visual_group_gain,train,36,8,28,-0.011756213100248651,see full numerical report,0.854776352362587,0,0.8410527796687591,0
qwen3_vl_8b,visual_group_gain,test,36,11,25,-0.014148521317775085,see full numerical report,0.8531236697311422,0,0.8363128258916427,0
qwen3_vl_8b,visual_group_rotation,all,36,12,24,-0.006269162555386387,see full numerical report,-0.21219043999559067,0,-0.216073941771663,0
qwen3_vl_8b,visual_group_rotation,train,36,13,23,-0.0074859836939502634,see full numerical report,-0.21106933097581979,0,-0.21656507119958754,0
qwen3_vl_8b,visual_group_rotation,test,36,17,19,-0.00027631844795929786,see full numerical report,-0.2165864605368374,0,-0.2134890500457445,0
qwen3_vl_8b,visual_net_norm,all,36,0,36,-1.53480104804011,see full numerical report,8.044810466121643,0,6.634686434362096,0
qwen3_vl_8b,visual_net_norm,train,36,0,36,-1.422563451781502,see full numerical report,8.038445236437433,0,6.723587303593803,0
qwen3_vl_8b,visual_net_norm,test,36,0,36,-2.0875712096137544,see full numerical report,8.069769395135753,0,6.166787122616269,0
qwen3_vl_8b,visual_token_count,all,36,0,0,0.0,see full numerical report,265.0384615384615,0,268.7927170868348,0
qwen3_vl_8b,visual_token_count,train,36,0,0,0.0,see full numerical report,264.5277554304103,0,267.4866666666668,0
qwen3_vl_8b,visual_token_count,test,36,0,0,0.0,see full numerical report,267.04100946372245,0,275.66666666666663,0
qwen3_vl_8b,visual_token_direction_mean,all,36,12,24,-0.002000557567733827,see full numerical report,-0.22736994926043191,0,-0.22799753917368445,0
qwen3_vl_8b,visual_token_direction_mean,train,36,10,26,-0.0027018446010977173,see full numerical report,-0.22653382380946002,0,-0.22820569817022618,0
qwen3_vl_8b,visual_token_direction_mean,test,36,22,14,0.001453281071583328,see full numerical report,-0.23064851057134067,0,-0.22690196550767527,0
qwen3_vl_8b,visual_token_effect_mean,all,36,0,36,-0.012086146971155164,see full numerical report,0.06080791725083672,0,0.04842038485681436,0
qwen3_vl_8b,visual_token_effect_mean,train,36,0,36,-0.011498143320660258,see full numerical report,0.06077897926955996,0,0.04927706671501636,0
qwen3_vl_8b,visual_token_effect_mean,test,36,0,36,-0.014982064949842555,see full numerical report,0.06092138700076423,0,0.0439115329715407,0
qwen3_vl_8b,visual_token_gain_median,all,36,13,23,-0.005612710819463943,see full numerical report,0.7034167886049902,0,0.6975879432746643,0
qwen3_vl_8b,visual_token_gain_median,train,36,14,22,-0.005095496104680049,see full numerical report,0.7041971856820418,0,0.6984124989767818,0
qwen3_vl_8b,visual_token_gain_median,test,36,8,28,-0.008159993289774625,see full numerical report,0.7003567458075921,0,0.6932481764214137,0
qwen3_vl_8b,visual_token_write_mean,all,36,0,36,-0.02197637495893755,see full numerical report,0.11902825745967058,0,0.09663602646795184,0
qwen3_vl_8b,visual_token_write_mean,train,36,0,36,-0.021179223063483767,see full numerical report,0.1190088005532816,0,0.09818902947049926,0
qwen3_vl_8b,visual_token_write_mean,test,36,0,36,-0.025902348044047414,see full numerical report,0.11910455062888664,0,0.0884623264545445,0
qwen3_vl_8b,visual_within_source_kappa,all,36,23,13,0.0049212221746228815,see full numerical report,0.5338684676199327,0,0.5385276225505378,0
qwen3_vl_8b,visual_within_source_kappa,train,36,24,12,0.005623647034603224,see full numerical report,0.5343866539070761,0,0.5396111816491166,0
qwen3_vl_8b,visual_within_source_kappa,test,36,21,15,0.001461779739219695,see full numerical report,0.5318365888977898,0,0.5328246799264375,0
internvl_2_5_8b,b1_attention_residual_kappa,all,32,21,11,0.004839650774412309,see full numerical report,0.3106591524600273,0,0.3141039635954388,0
internvl_2_5_8b,b1_attention_residual_kappa,train,32,23,9,0.0071286537294503955,see full numerical report,0.3109644835115586,0,0.3153900982167096,0
internvl_2_5_8b,b1_attention_residual_kappa,test,32,12,20,-0.008226741093930106,see full numerical report,0.3093599248580381,0,0.30658811440238753,0
internvl_2_5_8b,b1_attention_total_norm,all,32,18,14,1.4535997289296696,see full numerical report,56.443585347319555,0,57.71570035398634,0
internvl_2_5_8b,b1_attention_total_norm,train,32,19,13,1.3862343922295146,see full numerical report,56.331664736004996,0,57.77402216409602,0
internvl_2_5_8b,b1_attention_total_norm,test,32,17,15,1.8381435259263887,see full numerical report,56.91982366871572,0,57.37488227615785,0
internvl_2_5_8b,b1_cos_residual_generation,all,32,2,30,-0.0705481302928525,see full numerical report,-0.5501499269760134,0,-0.618111080431204,0
internvl_2_5_8b,b1_cos_residual_generation,train,32,3,29,-0.06919633945988313,see full numerical report,-0.550586671380765,0,-0.6190365210563512,0
internvl_2_5_8b,b1_cos_residual_generation,test,32,1,31,-0.07826460296438603,see full numerical report,-0.5482915166282223,0,-0.6127030367779991,0
internvl_2_5_8b,b1_cos_residual_prompt,all,32,30,2,0.06198334587660005,see full numerical report,-0.2460194670010134,0,-0.18484484980136598,0
internvl_2_5_8b,b1_cos_residual_prompt,train,32,29,3,0.05847577461441971,see full numerical report,-0.24682406847786958,0,-0.18774999631244008,0
internvl_2_5_8b,b1_cos_residual_prompt,test,32,31,1,0.08200573183154616,see full numerical report,-0.24259577182788877,0,-0.16786789987727668,0
internvl_2_5_8b,b1_cos_residual_visual,all,32,29,3,0.05513392833780956,see full numerical report,-0.3744517106561013,0,-0.31912408747058507,0
internvl_2_5_8b,b1_cos_residual_visual,train,32,29,3,0.05640362202505307,see full numerical report,-0.3727357528733586,0,-0.31513826491700675,0
internvl_2_5_8b,b1_cos_residual_visual,test,32,28,4,0.04788609353979449,see full numerical report,-0.3817533581760848,0,-0.3424162380180584,0
internvl_2_5_8b,b1_delta_residual_generation_cos,all,32,3,29,-0.08164686165183638,see full numerical report,-0.7480422530141894,0,-0.832260860867899,0
internvl_2_5_8b,b1_delta_residual_generation_cos,train,32,4,28,-0.07705788072892497,see full numerical report,-0.7487197765700548,0,-0.8321661096834705,0
internvl_2_5_8b,b1_delta_residual_generation_cos,test,32,1,31,-0.10784229442012228,see full numerical report,-0.7451592926982846,0,-0.8328145631019028,0
internvl_2_5_8b,b1_delta_residual_visual_cos,all,32,31,1,0.06464227132512013,see full numerical report,-0.516260463289637,0,-0.45304566678919445,0
internvl_2_5_8b,b1_delta_residual_visual_cos,train,32,31,1,0.06619412360697127,see full numerical report,-0.5142295130755539,0,-0.44864933344665003,0
internvl_2_5_8b,b1_delta_residual_visual_cos,test,32,28,4,0.05578378121621985,see full numerical report,-0.5249024489742546,0,-0.47873673975968845,0
internvl_2_5_8b,b1_generation_norm,all,32,31,1,5.353678916148252,see full numerical report,44.31651638920826,0,49.54784997004366,0
internvl_2_5_8b,b1_generation_norm,train,32,31,1,5.215654021400132,see full numerical report,44.264778958758434,0,49.67799890471956,0
internvl_2_5_8b,b1_generation_norm,test,32,32,0,6.141571023668772,see full numerical report,44.53666660766552,0,48.787292133031364,0
internvl_2_5_8b,b1_prompt_norm,all,32,22,10,-0.08943573216648637,see full numerical report,22.791545704561578,0,22.618003965903874,0
internvl_2_5_8b,b1_prompt_norm,train,32,21,11,0.06790218931832764,see full numerical report,22.810560666107833,0,22.718018013144096,0
internvl_2_5_8b,b1_prompt_norm,test,32,9,23,-0.9875730339756337,see full numerical report,22.710634304401793,0,22.033546877343817,0
internvl_2_5_8b,b1_residual_norm,all,32,21,11,2.588107928376897,see full numerical report,69.40747463340605,0,71.87545989022561,0
internvl_2_5_8b,b1_residual_norm,train,32,22,10,2.6231271255148356,see full numerical report,69.26435711864708,0,72.00183321290567,0
internvl_2_5_8b,b1_residual_norm,test,32,23,9,2.388206678047831,see full numerical report,70.01646027233929,0,71.13696578581397,0
internvl_2_5_8b,b1_residual_share,all,32,21,11,0.0035623417282075955,see full numerical report,0.5259672489565643,0,0.5298582005188364,0
internvl_2_5_8b,b1_residual_share,train,32,25,7,0.004077563760098562,see full numerical report,0.5259551445990329,0,0.5300851611992206,0
internvl_2_5_8b,b1_residual_share,test,32,18,14,0.0006212826294966575,see full numerical report,0.5260187547412865,0,0.528531899042842,0
internvl_2_5_8b,b1_residual_visual_generation_balance,all,32,0,32,-0.12568205863066206,see full numerical report,-0.1756982163199121,0,-0.2989869929606188,0
internvl_2_5_8b,b1_residual_visual_generation_balance,train,32,0,32,-0.1255999614849362,see full numerical report,-0.1778509185074065,0,-0.3038982561393445,0
internvl_2_5_8b,b1_residual_visual_generation_balance,test,32,2,30,-0.12615069650418054,see full numerical report,-0.16653815845213754,0,-0.2702867987599407,0
internvl_2_5_8b,b1_visual_norm,all,32,1,31,-4.482541442070661,see full numerical report,19.64530632136335,0,15.27928891728969,0
internvl_2_5_8b,b1_visual_norm,train,32,1,31,-4.735706267721926,see full numerical report,19.44989005082091,0,14.918540347526717,0
internvl_2_5_8b,b1_visual_norm,test,32,3,29,-3.0373922289780224,see full numerical report,20.476830698897846,0,17.38741337184207,0
internvl_2_5_8b,b2_attention_residual_kappa,all,32,17,15,0.000879173322694464,B2_K4_PROVISIONAL,0.8963923522148255,0,0.8967850840791262,0
internvl_2_5_8b,b2_attention_residual_kappa,train,32,19,13,0.001571862179535627,B2_K4_PROVISIONAL,0.8965049790143645,0,0.8972239036672509,0
internvl_2_5_8b,b2_attention_residual_kappa,test,32,9,23,-0.0030749255684405074,B2_K4_PROVISIONAL,0.8959131089608199,0,0.8942207321110225,0
internvl_2_5_8b,b2_attention_total_norm,all,32,16,16,-0.012663419560783502,B2_K4_PROVISIONAL,4.972023247400841,0,4.942016762644463,0
internvl_2_5_8b,b2_attention_total_norm,train,32,17,15,-0.017876102057142747,B2_K4_PROVISIONAL,4.966618018843246,0,4.93977115476234,0
internvl_2_5_8b,b2_attention_total_norm,test,32,18,14,0.01709230968926723,B2_K4_PROVISIONAL,4.99502327344427,0,4.955139533705623,0
internvl_2_5_8b,b2_cos_residual_generation,all,32,16,16,0.006249461993781496,B2_K4_PROVISIONAL,0.2686722589604459,0,0.27548707802915934,0
internvl_2_5_8b,b2_cos_residual_generation,train,32,15,17,0.005989826227091381,B2_K4_PROVISIONAL,0.269083752160043,0,0.27644761108318033,0
internvl_2_5_8b,b2_cos_residual_generation,test,32,18,14,0.007731549495304245,B2_K4_PROVISIONAL,0.26692129612759236,0,0.26987396299472416,0
internvl_2_5_8b,b2_cos_residual_prompt,all,32,7,25,-0.024755534001416557,B2_K4_PROVISIONAL,0.17323161039099763,0,0.14838467735657979,0
internvl_2_5_8b,b2_cos_residual_prompt,train,32,8,24,-0.022624893137882643,B2_K4_PROVISIONAL,0.173123952231796,0,0.14914697102169555,0
internvl_2_5_8b,b2_cos_residual_prompt,test,32,5,27,-0.036917942264089315,B2_K4_PROVISIONAL,0.17368971136471978,0,0.14393002375105965,0
internvl_2_5_8b,b2_cos_residual_visual,all,32,5,27,-0.01731781026704163,B2_K4_PROVISIONAL,0.20295505596331043,0,0.185148607656177,0
internvl_2_5_8b,b2_cos_residual_visual,train,32,6,26,-0.016458531748333255,B2_K4_PROVISIONAL,0.20286326652811645,0,0.18525370152210976,0
internvl_2_5_8b,b2_cos_residual_visual,test,32,8,24,-0.022222858478001938,B2_K4_PROVISIONAL,0.20334563323076127,0,0.18453446537713225,0
internvl_2_5_8b,b2_delta_residual_generation_cos,all,32,12,20,-0.0005790454990119136,B2_K4_PROVISIONAL,0.19507312876054533,0,0.19421531688659527,0
internvl_2_5_8b,b2_delta_residual_generation_cos,train,32,13,19,-0.0006126738225729509,B2_K4_PROVISIONAL,0.19528518502173023,0,0.19477382357082323,0
internvl_2_5_8b,b2_delta_residual_generation_cos,test,32,13,19,-0.00038708381868432507,B2_K4_PROVISIONAL,0.19417079882612062,0,0.19095154345063825,0
internvl_2_5_8b,b2_delta_residual_visual_cos,all,32,7,25,-0.012778574146047036,B2_K4_PROVISIONAL,0.1348605890629475,0,0.12155671227960271,0
internvl_2_5_8b,b2_delta_residual_visual_cos,train,32,8,24,-0.012549864219240233,B2_K4_PROVISIONAL,0.1347504856200349,0,0.12147998386720885,0
internvl_2_5_8b,b2_delta_residual_visual_cos,test,32,12,20,-0.01408412664490253,B2_K4_PROVISIONAL,0.1353290950710613,0,0.12200509393952932,0
internvl_2_5_8b,b2_generation_norm,all,32,32,0,0.4680369710138188,B2_K4_PROVISIONAL,3.353603929483159,0,3.8004414349035764,0
internvl_2_5_8b,b2_generation_norm,train,32,32,0,0.45732019065558327,B2_K4_PROVISIONAL,3.3551335019993713,0,3.80864462911253,0
internvl_2_5_8b,b2_generation_norm,test,32,31,1,0.5292119255587466,B2_K4_PROVISIONAL,3.347095378117878,0,3.7525040187450016,0
internvl_2_5_8b,b2_prompt_norm,all,32,19,13,-0.049484746088662206,B2_K4_PROVISIONAL,2.0874145154512704,0,2.037645528654813,0
internvl_2_5_8b,b2_prompt_norm,train,32,20,12,-0.038477522186275565,B2_K4_PROVISIONAL,2.088967124595734,0,2.0445279762038986,0
internvl_2_5_8b,b2_prompt_norm,test,32,11,21,-0.11231764919811935,B2_K4_PROVISIONAL,2.080807939914747,0,1.9974262257898423,0
internvl_2_5_8b,b2_residual_norm,all,32,31,1,1.175235109368754,B2_K4_PROVISIONAL,34.84722949127946,0,35.75203373176029,0
internvl_2_5_8b,b2_residual_norm,train,32,31,1,1.4267000850402596,B2_K4_PROVISIONAL,34.814152663048645,0,35.923543379556946,0
internvl_2_5_8b,b2_residual_norm,test,32,15,17,-0.2602107934227583,B2_K4_PROVISIONAL,34.98797615955375,0,34.7497742274486,0
internvl_2_5_8b,b2_residual_share,all,32,22,10,0.0048804774134944395,B2_K4_PROVISIONAL,0.7944931175604224,0,0.7983401482571921,0
internvl_2_5_8b,b2_residual_share,train,32,25,7,0.005946494618488648,B2_K4_PROVISIONAL,0.7945699466097189,0,0.798858828288147,0
internvl_2_5_8b,b2_residual_share,test,32,13,19,-0.0012047041316808325,B2_K4_PROVISIONAL,0.7941661988897538,0,0.7953091118262992,0
internvl_2_5_8b,b2_residual_visual_generation_balance,all,32,23,9,0.023567272260823127,B2_K4_PROVISIONAL,0.06571720299713546,0,0.09033847037298234,0
internvl_2_5_8b,b2_residual_visual_generation_balance,train,32,24,8,0.022448357975424632,B2_K4_PROVISIONAL,0.06622048563192653,0,0.09119390956107055,0
internvl_2_5_8b,b2_residual_visual_generation_balance,test,32,22,10,0.02995440797330618,B2_K4_PROVISIONAL,0.06357566289683104,0,0.08533949761759194,0
internvl_2_5_8b,b2_visual_norm,all,32,1,31,-0.432899342585759,B2_K4_PROVISIONAL,1.830033145656599,0,1.4101997200304397,0
internvl_2_5_8b,b2_visual_norm,train,32,0,32,-0.4534843767937642,B2_K4_PROVISIONAL,1.8122713074845587,0,1.377820084016446,0
internvl_2_5_8b,b2_visual_norm,test,32,2,30,-0.3153931056483964,B2_K4_PROVISIONAL,1.9056123253680806,0,1.5994182179872163,0
internvl_2_5_8b,cos_pg_in,all,32,2,30,-0.06337780472690038,see full numerical report,-0.016293174180901922,0,-0.07700526317960327,0
internvl_2_5_8b,cos_pg_in,train,32,2,30,-0.0609297482719984,see full numerical report,-0.01678512122968213,0,-0.0763110823133161,0
internvl_2_5_8b,cos_pg_in,test,32,3,29,-0.07735212699029909,see full numerical report,-0.014199868631771318,0,-0.08106188261696891,0
internvl_2_5_8b,cos_pg_out,all,32,4,28,-0.053497590593864434,see full numerical report,-0.15004590840501,0,-0.2041332601919022,0
internvl_2_5_8b,cos_pg_out,train,32,4,28,-0.04878078510315486,see full numerical report,-0.15012329366344343,0,-0.20125131571357285,0
internvl_2_5_8b,cos_pg_out,test,32,3,29,-0.08042268860333157,see full numerical report,-0.14971662298435082,0,-0.22097462323713946,0
internvl_2_5_8b,cos_vg_in,all,32,29,3,0.043484638772180756,see full numerical report,0.19244964006520032,0,0.22943846435761733,0
internvl_2_5_8b,cos_vg_in,train,32,30,2,0.044868301588261675,see full numerical report,0.19340573208110234,0,0.2307725500052531,0
internvl_2_5_8b,cos_vg_in,test,32,25,7,0.03558623019705214,see full numerical report,0.18838133082881064,0,0.22164240135424607,0
internvl_2_5_8b,cos_vg_out,all,32,29,3,0.07012286584635799,see full numerical report,0.200423459090679,0,0.26256481476366184,0
internvl_2_5_8b,cos_vg_out,train,32,29,3,0.07336821129185983,see full numerical report,0.2015931782266953,0,0.26490080129841365,0
internvl_2_5_8b,cos_vg_out,test,32,24,8,0.05159735226161827,see full numerical report,0.19544613568886465,0,0.2489138934512059,0
internvl_2_5_8b,cos_vp_in,all,32,2,30,-0.052801821212685146,see full numerical report,-0.04857329226736186,0,-0.0955112071947403,0
internvl_2_5_8b,cos_vp_in,train,32,2,30,-0.05394299786475288,see full numerical report,-0.04858649329937825,0,-0.09680538535524422,0
internvl_2_5_8b,cos_vp_in,test,32,1,31,-0.04628760449046514,see full numerical report,-0.048517119974748946,0,-0.08794835356929556,0
internvl_2_5_8b,cos_vp_out,all,32,3,29,-0.05461114989685548,see full numerical report,-0.13194125828127437,0,-0.18470751136511898,0
internvl_2_5_8b,cos_vp_out,train,32,3,29,-0.05504409025637102,see full numerical report,-0.1323299476118469,0,-0.1852976170921718,0
internvl_2_5_8b,cos_vp_out,test,32,2,30,-0.05213978201128765,see full numerical report,-0.13028732919562835,0,-0.1812590810226542,0
internvl_2_5_8b,delta_cos_pg,all,32,18,14,0.009880214133035943,see full numerical report,-0.13375273422410805,0,-0.12712799701229893,0
internvl_2_5_8b,delta_cos_pg,train,32,17,15,0.012148963168843549,see full numerical report,-0.1333381724337613,0,-0.12494023340025673,0
internvl_2_5_8b,delta_cos_pg,test,32,18,14,-0.003070561613032469,see full numerical report,-0.13551675435257948,0,-0.1399127406201705,0
internvl_2_5_8b,delta_cos_vg,all,32,27,5,0.026638227074177238,see full numerical report,0.007973819025478664,0,0.033126350406044495,0
internvl_2_5_8b,delta_cos_vg,train,32,28,4,0.028499909703598163,see full numerical report,0.008187446145592957,0,0.03412825129316059,0
internvl_2_5_8b,delta_cos_vg,test,32,22,10,0.016011122064566126,see full numerical report,0.007064804860054046,0,0.02727149209695983,0
internvl_2_5_8b,delta_cos_vp,all,32,11,21,-0.0018093286841703417,see full numerical report,-0.0833679660139125,0,-0.0891963041703787,0
internvl_2_5_8b,delta_cos_vp,train,32,11,21,-0.0011010923916181378,see full numerical report,-0.08374345431246863,0,-0.08849223173692758,0
internvl_2_5_8b,delta_cos_vp,test,32,15,17,-0.005852177520822507,see full numerical report,-0.08177020922087942,0,-0.09331072745335864,0
internvl_2_5_8b,generation_attention_gate_mass,all,32,32,0,0.029188063298865266,see full numerical report,0.13276040885156545,0,0.16081732037008345,0
internvl_2_5_8b,generation_attention_gate_mass,train,32,32,0,0.028256689757318283,see full numerical report,0.13274012260071633,0,0.16091520637852752,0
internvl_2_5_8b,generation_attention_gate_mass,test,32,32,0,0.03450465393186264,see full numerical report,0.13284672977081646,0,0.16024529900823836,0
internvl_2_5_8b,generation_attention_mass,all,32,32,0,0.04490674028643399,see full numerical report,0.22060612139222824,0,0.26476497377654895,0
internvl_2_5_8b,generation_attention_mass,train,32,32,0,0.04232248484167972,see full numerical report,0.22072600244854457,0,0.26447268610447894,0
internvl_2_5_8b,generation_attention_mass,test,32,32,0,0.05965853178357296,see full numerical report,0.22009601023078346,0,0.26647302986020804,0
internvl_2_5_8b,generation_gross_norm,all,32,32,0,2.1897499842389916,see full numerical report,12.328564875640833,0,14.523121697532353,0
internvl_2_5_8b,generation_gross_norm,train,32,32,0,2.0606654951225627,see full numerical report,12.334527814504549,0,14.529881818148823,0
internvl_2_5_8b,generation_gross_norm,test,32,32,0,2.926607276278607,see full numerical report,12.30319171191621,0,14.483617242679852,0
internvl_2_5_8b,generation_group_gain,all,32,21,11,-0.004397948544370785,see full numerical report,0.7125602744414168,0,0.709384243895499,0
internvl_2_5_8b,generation_group_gain,train,32,20,12,-0.002647582239896615,see full numerical report,0.7125336405373628,0,0.7106140525464708,0
internvl_2_5_8b,generation_group_gain,test,32,16,16,-0.014389622865744186,see full numerical report,0.7126736055393259,0,0.7021975495913826,0
internvl_2_5_8b,generation_group_rotation,all,32,18,14,-0.0017871481944741348,see full numerical report,-0.2351240057855184,0,-0.23897347355113036,0
internvl_2_5_8b,generation_group_rotation,train,32,18,14,5.1261203642592084e-05,see full numerical report,-0.23463154311926307,0,-0.23780691551345592,0
internvl_2_5_8b,generation_group_rotation,test,32,12,20,-0.012281401842057118,see full numerical report,-0.2372195053612714,0,-0.24579054708379022,0
internvl_2_5_8b,generation_net_norm,all,32,32,0,0.8651732482318468,see full numerical report,7.039670645451989,0,7.897094989611324,0
internvl_2_5_8b,generation_net_norm,train,32,32,0,0.8387635788985326,see full numerical report,7.033147663097527,0,7.914808291856814,0
internvl_2_5_8b,generation_net_norm,test,32,32,0,1.0159284440095155,see full numerical report,7.06742687489443,0,7.793582879614243,0
internvl_2_5_8b,generation_per_token_gross,all,32,0,32,-0.29233647730002105,see full numerical report,0.48760067850085415,0,0.22866869242970975,0
internvl_2_5_8b,generation_per_token_gross,train,32,0,32,-0.27634573786137384,see full numerical report,0.48788759270614757,0,0.23622594719804976,0
internvl_2_5_8b,generation_per_token_gross,test,32,0,32,-0.3836169482622986,see full numerical report,0.48637981723223944,0,0.18450598487722278,0
internvl_2_5_8b,generation_token_count,all,32,32,0,32.32506654835847,see full numerical report,71.89115113547376,0,105.84018264840182,0
internvl_2_5_8b,generation_token_count,train,32,32,0,30.027719847062915,see full numerical report,71.321083172147,0,105.27272727272727,0
internvl_2_5_8b,generation_token_count,test,32,32,0,45.4390873015873,see full numerical report,74.31687242798354,0,109.15625,0
internvl_2_5_8b,generation_token_direction_mean,all,32,16,16,-0.0022301483982009526,see full numerical report,-0.21295836328885848,0,-0.21630739041911812,0
internvl_2_5_8b,generation_token_direction_mean,train,32,17,15,-0.001074538583528262,see full numerical report,-0.21270811402372158,0,-0.21553452867822537,0
internvl_2_5_8b,generation_token_direction_mean,test,32,8,24,-0.008826754423624227,see full numerical report,-0.2140232099561487,0,-0.22082380121746,0
internvl_2_5_8b,generation_token_effect_mean,all,32,0,32,-0.29233647730323287,see full numerical report,0.4876006781672509,0,0.22866869220556973,0
internvl_2_5_8b,generation_token_effect_mean,train,32,0,32,-0.27634573775496263,see full numerical report,0.48788759238974444,0,0.23622594697854576,0
internvl_2_5_8b,generation_token_effect_mean,test,32,0,32,-0.38361694889127573,see full numerical report,0.48637981682544695,0,0.18450598462599124,0
internvl_2_5_8b,generation_token_gain_median,all,32,18,14,-0.0013373617117062165,see full numerical report,0.6155631005289843,0,0.6150970370709188,0
internvl_2_5_8b,generation_token_gain_median,train,32,17,15,-0.0009355225792046424,see full numerical report,0.615723072218332,0,0.615611163478444,0
internvl_2_5_8b,generation_token_gain_median,test,32,14,18,-0.0036311934264026922,see full numerical report,0.6148823979496195,0,0.6120926108769431,0
internvl_2_5_8b,generation_token_write_mean,all,32,0,32,-0.454542609085565,see full numerical report,0.8014558041512624,0,0.3954267102514139,0
internvl_2_5_8b,generation_token_write_mean,train,32,0,32,-0.4319710632853947,see full numerical report,0.8039523389070278,0,0.40797528721271725,0
internvl_2_5_8b,generation_token_write_mean,test,32,0,32,-0.5833885163615374,see full numerical report,0.7908326891822857,0,0.32209596363379756,0
internvl_2_5_8b,generation_within_source_kappa,all,32,0,32,-0.04231636066510407,see full numerical report,0.5153253979462428,0,0.47412158204551347,0
internvl_2_5_8b,generation_within_source_kappa,train,32,0,32,-0.03886797307585603,see full numerical report,0.515192507689956,0,0.4751533485619114,0
internvl_2_5_8b,generation_within_source_kappa,test,32,0,32,-0.06200090648706162,see full numerical report,0.5158908651273151,0,0.4680921964653134,0
internvl_2_5_8b,prompt_attention_gate_mass,all,32,12,20,-0.002636905011040928,see full numerical report,0.6104679209620927,0,0.6063594312254448,0
internvl_2_5_8b,prompt_attention_gate_mass,train,32,15,17,-8.77303701925808e-05,see full numerical report,0.6109064735435161,0,0.6077909728772934,0
internvl_2_5_8b,prompt_attention_gate_mass,test,32,3,29,-0.017188443585883575,see full numerical report,0.6086018165621265,0,0.5979938596974534,0
internvl_2_5_8b,prompt_attention_mass,all,32,6,26,-0.013392783608838488,see full numerical report,0.6535416900670921,0,0.6388187634239832,0
internvl_2_5_8b,prompt_attention_mass,train,32,8,24,-0.010234833721263766,see full numerical report,0.6540817264319989,0,0.6405745707377593,0
internvl_2_5_8b,prompt_attention_mass,test,32,0,32,-0.031419414217077515,see full numerical report,0.6512437575513981,0,0.6285582644341048,0
internvl_2_5_8b,prompt_gross_norm,all,32,0,32,-0.5482744793383549,see full numerical report,5.168334518516301,0,4.657050835187999,0
internvl_2_5_8b,prompt_gross_norm,train,32,0,32,-0.5146257069392786,see full numerical report,5.172636781420201,0,4.674946457666437,0
internvl_2_5_8b,prompt_gross_norm,test,32,0,32,-0.7403528884497489,see full numerical report,5.1500277701927075,0,4.552473291329624,0
internvl_2_5_8b,prompt_group_gain,all,32,30,2,0.044780478441933266,see full numerical report,1.0959338459437278,0,1.1386058493654159,0
internvl_2_5_8b,prompt_group_gain,train,32,30,2,0.045497936490565244,see full numerical report,1.096108933813026,0,1.1396571779073272,0
internvl_2_5_8b,prompt_group_gain,test,32,28,4,0.04068498874765908,see full numerical report,1.0951888218414465,0,1.132462148198623,0
internvl_2_5_8b,prompt_group_rotation,all,32,6,26,-0.02336810996221358,see full numerical report,-0.2725657779825021,0,-0.2909413315162171,0
internvl_2_5_8b,prompt_group_rotation,train,32,6,26,-0.02408502532274831,see full numerical report,-0.2725346902929946,0,-0.2910747517813058,0
internvl_2_5_8b,prompt_group_rotation,test,32,9,23,-0.01927571811249451,see full numerical report,-0.27269806057900714,0,-0.2901616568421046,0
internvl_2_5_8b,prompt_net_norm,all,32,22,10,-0.012185590947088248,see full numerical report,3.7552023995164845,0,3.7328000284244958,0
internvl_2_5_8b,prompt_net_norm,train,32,22,10,0.012085771443085362,see full numerical report,3.758641913018742,0,3.7479136131862933,0
internvl_2_5_8b,prompt_net_norm,test,32,9,23,-0.15073461792432924,see full numerical report,3.740566774161203,0,3.6444800174727408,0
internvl_2_5_8b,prompt_token_count,all,32,0,0,0.0,see full numerical report,28.0,0,28.0,0
internvl_2_5_8b,prompt_token_count,train,32,0,0,0.0,see full numerical report,28.0,0,28.0,0
internvl_2_5_8b,prompt_token_count,test,32,0,0,0.0,see full numerical report,28.0,0,28.0,0
internvl_2_5_8b,prompt_token_direction_mean,all,32,18,14,0.0012455281497200025,see full numerical report,-0.23511252222254908,0,-0.2343956617016179,0
internvl_2_5_8b,prompt_token_direction_mean,train,32,18,14,0.0018846686308336938,see full numerical report,-0.23494802742532278,0,-0.2338423191945784,0
internvl_2_5_8b,prompt_token_direction_mean,test,32,13,19,-0.002402898763303985,see full numerical report,-0.23581247127741312,0,-0.23762925697712994,0
internvl_2_5_8b,prompt_token_effect_mean,all,32,0,32,-0.019581231404027774,see full numerical report,0.18458337564158583,0,0.16632324410933966,0
internvl_2_5_8b,prompt_token_effect_mean,train,32,0,32,-0.018379489503817494,see full numerical report,0.1847370278766064,0,0.16696237350480198,0
internvl_2_5_8b,prompt_token_effect_mean,test,32,0,32,-0.026441174751061454,see full numerical report,0.18392956325059306,0,0.16258833170460685,0
internvl_2_5_8b,prompt_token_gain_median,all,32,22,10,0.005840318321028465,see full numerical report,0.5950407032484413,0,0.6025390471491434,0
internvl_2_5_8b,prompt_token_gain_median,train,32,22,10,0.005680542912331489,see full numerical report,0.5952026684990653,0,0.6027648889091208,0
internvl_2_5_8b,prompt_token_gain_median,test,32,21,11,0.006752369612340368,see full numerical report,0.5943515177787073,0,0.6012192843642749,0
internvl_2_5_8b,prompt_token_write_mean,all,32,0,32,-0.046515937349559354,see full numerical report,0.25201355131668246,0,0.20949645430374803,0
internvl_2_5_8b,prompt_token_write_mean,train,32,0,32,-0.04573389104528977,see full numerical report,0.25215298026935684,0,0.20977620593922564,0
internvl_2_5_8b,prompt_token_write_mean,test,32,0,32,-0.05098011833643156,see full numerical report,0.2514202610406936,0,0.20786165568392592,0
internvl_2_5_8b,prompt_within_source_kappa,all,32,31,1,0.07194227064198148,see full numerical report,0.7266631765918385,0,0.7931005292960485,0
internvl_2_5_8b,prompt_within_source_kappa,train,32,31,1,0.07123910595166072,see full numerical report,0.7263841638276147,0,0.7932950619627428,0
internvl_2_5_8b,prompt_within_source_kappa,test,32,31,1,0.07595616908256254,see full numerical report,0.7278504160906354,0,0.7919637290250537,0
internvl_2_5_8b,source_group_kappa,all,32,17,15,0.0025255040390748857,see full numerical report,0.6128068008585119,0,0.6138375846712703,0
internvl_2_5_8b,source_group_kappa,train,32,17,15,0.0034148675928285625,see full numerical report,0.6132191199223526,0,0.6149132155552312,0
internvl_2_5_8b,source_group_kappa,test,32,15,17,-0.0025512795802690204,see full numerical report,0.6110523238543505,0,0.6075518666931247,0
internvl_2_5_8b,visual_attention_gate_mass,all,32,0,32,-0.0217824856658619,see full numerical report,0.07915716866564759,0,0.058671022930393016,0
internvl_2_5_8b,visual_attention_gate_mass,train,32,0,32,-0.02228483572227559,see full numerical report,0.07857872367176189,0,0.057515346679403764,0
internvl_2_5_8b,visual_attention_gate_mass,test,32,0,32,-0.01891490409383377,see full numerical report,0.08161853542975381,0,0.06542450602211147,0
internvl_2_5_8b,visual_attention_mass,all,32,0,32,-0.03151585033889892,see full numerical report,0.1258497709802207,0,0.09641287505879212,0
internvl_2_5_8b,visual_attention_mass,train,32,0,32,-0.03209003838680973,see full numerical report,0.1251898423086114,0,0.09494873317168304,0
internvl_2_5_8b,visual_attention_mass,test,32,0,32,-0.02823819356540803,see full numerical report,0.12865786252937308,0,0.1049689542115857,0
internvl_2_5_8b,visual_context_cos,all,32,4,28,-0.001001926466935392,see full numerical report,0.9866105239539986,0,0.9854546029786939,0
internvl_2_5_8b,visual_context_cos,train,32,5,27,-0.0009440817061385033,see full numerical report,0.9865589715029546,0,0.9854006874457999,0
internvl_2_5_8b,visual_context_cos,test,32,7,25,-0.0013321236431509643,see full numerical report,0.9868298870584411,0,0.9857696718740425,0
internvl_2_5_8b,visual_context_relative_change,all,32,30,2,0.01010360670506186,see full numerical report,0.1452956885073205,0,0.15555996563800714,0
internvl_2_5_8b,visual_context_relative_change,train,32,27,5,0.009334177131833044,see full numerical report,0.14550749383493114,0,0.15547608154766474,0
internvl_2_5_8b,visual_context_relative_change,test,32,27,5,0.014495767185576344,see full numerical report,0.1443944263313971,0,0.1560501632909457,0
internvl_2_5_8b,visual_gross_norm,all,32,0,32,-1.4929532301897575,see full numerical report,6.262078263701099,0,4.876605432239567,0
internvl_2_5_8b,visual_gross_norm,train,32,0,32,-1.5669937253644415,see full numerical report,6.211627236565293,0,4.771772160124428,0
internvl_2_5_8b,visual_gross_norm,test,32,2,30,-1.0703054035675998,see full numerical report,6.476754650772801,0,5.489224866162422,0
internvl_2_5_8b,visual_group_gain,all,32,17,15,0.002927721561657923,see full numerical report,0.6899016059783066,0,0.6909096969868355,0
internvl_2_5_8b,visual_group_gain,train,32,19,13,0.003803068036350524,see full numerical report,0.6899510787189179,0,0.6913585734637431,0
internvl_2_5_8b,visual_group_gain,test,32,17,15,-0.0020690478980456752,see full numerical report,0.6896910923413019,0,0.6882865750749063,0
internvl_2_5_8b,visual_group_rotation,all,32,21,11,0.0057258358476768014,see full numerical report,-0.22455625732464524,0,-0.22061664031380243,0
internvl_2_5_8b,visual_group_rotation,train,32,22,10,0.006511690373344078,see full numerical report,-0.22441831404368542,0,-0.21979417687054043,0
internvl_2_5_8b,visual_group_rotation,test,32,16,16,0.0012399162636594228,see full numerical report,-0.22514322585350305,0,-0.22542291106036497,0
internvl_2_5_8b,visual_net_norm,all,32,1,31,-0.7033002547911211,see full numerical report,3.0969539976896145,0,2.4154900860233273,0
internvl_2_5_8b,visual_net_norm,train,32,1,31,-0.7399072788929932,see full numerical report,3.067061005983545,0,2.3602508800188136,0
internvl_2_5_8b,visual_net_norm,test,32,3,29,-0.4943351588762676,see full numerical report,3.2241529829738758,0,2.738294196112201,0
internvl_2_5_8b,visual_token_count,all,32,0,0,0.0,see full numerical report,256.0,0,256.0,0
internvl_2_5_8b,visual_token_count,train,32,0,0,0.0,see full numerical report,256.0,0,256.0,0
internvl_2_5_8b,visual_token_count,test,32,0,0,0.0,see full numerical report,256.0,0,256.0,0
internvl_2_5_8b,visual_token_direction_mean,all,32,22,10,0.004095047117104582,see full numerical report,-0.2193823013747636,0,-0.21586228304077226,0
internvl_2_5_8b,visual_token_direction_mean,train,32,22,10,0.004530988308112531,see full numerical report,-0.21916416758431723,0,-0.21544086260147838,0
internvl_2_5_8b,visual_token_direction_mean,test,32,18,14,0.0016065494851008788,see full numerical report,-0.22031049207156028,0,-0.21832495873289576,0
internvl_2_5_8b,visual_token_effect_mean,all,32,0,32,-0.005831848552247094,see full numerical report,0.02446124321480707,0,0.0190492399675937,0
internvl_2_5_8b,visual_token_effect_mean,train,32,0,32,-0.006121069237095362,see full numerical report,0.024264168890672906,0,0.0186397349987388,0
internvl_2_5_8b,visual_token_effect_mean,test,32,2,30,-0.0041808804762382325,see full numerical report,0.02529982284918867,0,0.021442284629339517,0
internvl_2_5_8b,visual_token_gain_median,all,32,22,10,0.006139580502318784,see full numerical report,0.5871468679912057,0,0.5940051957851076,0
internvl_2_5_8b,visual_token_gain_median,train,32,22,10,0.0065009223599400996,see full numerical report,0.5872477948532888,0,0.594274640341147,0
internvl_2_5_8b,visual_token_gain_median,test,32,22,10,0.00407692073173044,see full numerical report,0.5867174096562519,0,0.5924306291607528,0
internvl_2_5_8b,visual_token_write_mean,all,32,0,32,-0.014320045314036713,see full numerical report,0.0578465035891506,0,0.045089259331104074,0
internvl_2_5_8b,visual_token_write_mean,train,32,0,32,-0.015326887561837942,see full numerical report,0.05745118943048831,0,0.043977109154351254,0
internvl_2_5_8b,visual_token_write_mean,test,32,1,31,-0.008572654149504711,see full numerical report,0.05952862227251193,0,0.051588386926503374,0
internvl_2_5_8b,visual_within_source_kappa,all,32,14,18,0.0005723088431432797,see full numerical report,0.4997130621302637,0,0.4976842720382828,0
internvl_2_5_8b,visual_within_source_kappa,train,32,13,19,-0.00017439560572993077,see full numerical report,0.49941250781034263,0,0.4967556292974849,0
internvl_2_5_8b,visual_within_source_kappa,test,32,19,13,0.004834746738794523,see full numerical report,0.5009919640512447,0,0.5031110280548204,0
