model,scale,source,label,layer,n,mean,median,q25,q75
qwen2_5_vl_7b,raw,prompt,0,1,916,1.085827257695677,0.8793342709541321,0.6382980346679688,1.360015869140625
qwen2_5_vl_7b,raw,prompt,0,2,916,9.690899658931915,8.620045185089111,6.817999720573425,11.684178113937378
qwen2_5_vl_7b,raw,prompt,0,3,916,4.557566763662355,4.141550064086914,3.3160181641578674,5.298412799835205
qwen2_5_vl_7b,raw,prompt,0,4,916,4.706179988306162,4.306556940078735,3.4378780722618103,5.423669815063477
qwen2_5_vl_7b,raw,prompt,0,5,916,10.48335938500525,9.870878219604492,7.983835935592651,12.31422472000122
qwen2_5_vl_7b,raw,prompt,0,6,916,10.131562799345458,9.379601955413818,7.8828123807907104,11.43895936012268
qwen2_5_vl_7b,raw,prompt,0,7,916,5.614251176863258,5.334376573562622,4.813269853591919,6.114525318145752
qwen2_5_vl_7b,raw,prompt,0,8,916,3.003583109144561,2.8495452404022217,2.514620542526245,3.244893491268158
qwen2_5_vl_7b,raw,prompt,0,9,916,3.6072898702329943,3.3636807203292847,2.9865349531173706,3.930954098701477
qwen2_5_vl_7b,raw,prompt,0,10,916,9.394231322030313,8.61778736114502,7.547432780265808,10.238925695419312
qwen2_5_vl_7b,raw,prompt,0,11,916,3.8427817498752646,3.713475227355957,3.318849742412567,4.181960463523865
qwen2_5_vl_7b,raw,prompt,0,12,916,4.349947703197013,4.214136123657227,3.7333987951278687,4.818266034126282
qwen2_5_vl_7b,raw,prompt,0,13,916,4.581282861368105,4.339967489242554,3.8348355889320374,5.023020505905151
qwen2_5_vl_7b,raw,prompt,0,14,916,4.75074930794895,4.606464624404907,4.064871072769165,5.261082649230957
qwen2_5_vl_7b,raw,prompt,0,15,916,4.172704726327455,3.9441492557525635,3.4207156896591187,4.798685669898987
qwen2_5_vl_7b,raw,prompt,0,16,916,3.270169972462425,3.1448267698287964,2.7800301909446716,3.624351441860199
qwen2_5_vl_7b,raw,prompt,0,17,916,2.762662919587964,2.594428300857544,2.129348397254944,3.265533685684204
qwen2_5_vl_7b,raw,prompt,0,18,916,2.6697284761474642,2.564935803413391,2.2319238781929016,2.9787715673446655
qwen2_5_vl_7b,raw,prompt,0,19,916,3.7774155666994735,3.652372121810913,3.1258727312088013,4.332384705543518
qwen2_5_vl_7b,raw,prompt,0,20,916,4.289094456028209,4.208113431930542,3.5788047313690186,4.863391280174255
qwen2_5_vl_7b,raw,prompt,0,21,916,2.0974348574616504,2.0014644861221313,1.7130445539951324,2.35248726606369
qwen2_5_vl_7b,raw,prompt,0,22,916,2.4900346406162046,2.3559051752090454,2.0041401386260986,2.8275161385536194
qwen2_5_vl_7b,raw,prompt,0,23,916,3.2187388043476504,3.0089938640594482,2.5990716218948364,3.5584044456481934
qwen2_5_vl_7b,raw,prompt,0,24,916,11.35780438949968,11.312333583831787,9.971548080444336,12.549622058868408
qwen2_5_vl_7b,raw,prompt,0,25,916,9.349129869948309,9.44763994216919,8.4142484664917,10.377405881881714
qwen2_5_vl_7b,raw,prompt,0,26,916,12.67218562088679,12.527965068817139,10.929757356643677,14.430379867553711
qwen2_5_vl_7b,raw,prompt,0,27,916,23.278075143239384,23.17178726196289,20.897709846496582,25.6102294921875
qwen2_5_vl_7b,raw,prompt,0,28,916,37.50785102386141,36.58505630493164,29.63919496536255,43.82012748718262
qwen2_5_vl_7b,raw,prompt,1,1,7801,1.8683190031580978,1.650719404220581,0.9265868067741394,2.7082433700561523
qwen2_5_vl_7b,raw,prompt,1,2,7801,14.041738763006508,14.08215045928955,9.067206382751465,18.95701789855957
qwen2_5_vl_7b,raw,prompt,1,3,7801,6.188344477079049,6.035386085510254,4.262521743774414,7.988790988922119
qwen2_5_vl_7b,raw,prompt,1,4,7801,6.932148226162299,6.500659942626953,4.582849025726318,8.959660530090332
qwen2_5_vl_7b,raw,prompt,1,5,7801,12.51917019826818,11.523738861083984,9.146714210510254,15.272867202758789
qwen2_5_vl_7b,raw,prompt,1,6,7801,11.921894000900233,10.739518165588379,8.833431243896484,14.912254333496094
qwen2_5_vl_7b,raw,prompt,1,7,7801,6.24539488842053,6.102344512939453,5.322895526885986,7.178995609283447
qwen2_5_vl_7b,raw,prompt,1,8,7801,3.5548624313728823,3.3142802715301514,2.8097174167633057,4.331684112548828
qwen2_5_vl_7b,raw,prompt,1,9,7801,4.45576703387978,3.9350039958953857,3.3349525928497314,5.413815498352051
qwen2_5_vl_7b,raw,prompt,1,10,7801,11.357671905214886,10.37630844116211,8.618809700012207,13.353937149047852
qwen2_5_vl_7b,raw,prompt,1,11,7801,4.411684377149746,4.2359843254089355,3.661637544631958,5.113339424133301
qwen2_5_vl_7b,raw,prompt,1,12,7801,4.968487763646291,4.827698230743408,4.1247735023498535,5.732510089874268
qwen2_5_vl_7b,raw,prompt,1,13,7801,5.49033596683444,5.180030345916748,4.243409633636475,6.472858428955078
qwen2_5_vl_7b,raw,prompt,1,14,7801,5.801971334614,5.451228618621826,4.690579891204834,6.599297523498535
qwen2_5_vl_7b,raw,prompt,1,15,7801,4.869397800590057,4.510633945465088,3.6855227947235107,5.788415908813477
qwen2_5_vl_7b,raw,prompt,1,16,7801,4.2155219798454215,3.9876415729522705,3.2924153804779053,4.8428568840026855
qwen2_5_vl_7b,raw,prompt,1,17,7801,3.392234111463331,3.1364634037017822,2.4390366077423096,4.153590679168701
qwen2_5_vl_7b,raw,prompt,1,18,7801,3.2858525455464096,2.9932353496551514,2.473827600479126,3.8489134311676025
qwen2_5_vl_7b,raw,prompt,1,19,7801,4.649733428052871,4.389209747314453,3.589106798171997,5.499985218048096
qwen2_5_vl_7b,raw,prompt,1,20,7801,5.041708748824412,4.773782253265381,3.970284938812256,5.903844356536865
qwen2_5_vl_7b,raw,prompt,1,21,7801,2.993707788905919,2.504056215286255,1.9697952270507812,3.5822858810424805
qwen2_5_vl_7b,raw,prompt,1,22,7801,3.140038509076107,2.8754518032073975,2.312368392944336,3.7742810249328613
qwen2_5_vl_7b,raw,prompt,1,23,7801,3.6501569271148773,3.3970324993133545,2.7912447452545166,4.118957042694092
qwen2_5_vl_7b,raw,prompt,1,24,7801,11.744502748072017,11.588810920715332,10.452384948730469,12.638833045959473
qwen2_5_vl_7b,raw,prompt,1,25,7801,10.5211042143904,10.65494441986084,9.489405632019043,11.622380256652832
qwen2_5_vl_7b,raw,prompt,1,26,7801,14.080320120193976,14.246845245361328,12.456920623779297,15.71908187866211
qwen2_5_vl_7b,raw,prompt,1,27,7801,25.58057432452191,25.78032112121582,23.385923385620117,27.798166275024414
qwen2_5_vl_7b,raw,prompt,1,28,7801,43.62431139151968,41.90748977661133,33.52811050415039,51.49519348144531
qwen2_5_vl_7b,raw,generation,0,1,916,15.0355306478567,14.770799160003662,12.674447059631348,16.896594524383545
qwen2_5_vl_7b,raw,generation,0,2,916,34.62676549374277,34.2369441986084,29.79032325744629,39.40780830383301
qwen2_5_vl_7b,raw,generation,0,3,916,18.767911095806603,18.58705425262451,15.85490608215332,21.615875244140625
qwen2_5_vl_7b,raw,generation,0,4,916,28.754627561985664,29.21803855895996,25.298909187316895,31.959689617156982
qwen2_5_vl_7b,raw,generation,0,5,916,23.452424918199732,23.060590744018555,17.08212375640869,28.77934694290161
qwen2_5_vl_7b,raw,generation,0,6,916,31.39961182082064,30.507308959960938,24.867077827453613,37.64251899719238
qwen2_5_vl_7b,raw,generation,0,7,916,14.248547304665678,14.187219142913818,12.268846273422241,16.072102069854736
qwen2_5_vl_7b,raw,generation,0,8,916,14.635767618641582,14.603522300720215,11.71419095993042,17.312870502471924
qwen2_5_vl_7b,raw,generation,0,9,916,14.347723131617084,14.125802040100098,11.603156089782715,16.86258363723755
qwen2_5_vl_7b,raw,generation,0,10,916,28.66925371265828,28.96035861968994,23.9995174407959,33.67375469207764
qwen2_5_vl_7b,raw,generation,0,11,916,13.165471526212567,13.075626850128174,11.31734323501587,14.834758996963501
qwen2_5_vl_7b,raw,generation,0,12,916,13.308155162105393,13.228219985961914,10.845778465270996,15.588828325271606
qwen2_5_vl_7b,raw,generation,0,13,916,14.856094887162921,14.934155464172363,12.787543058395386,16.98389482498169
qwen2_5_vl_7b,raw,generation,0,14,916,15.077205902624339,14.970185279846191,12.690075397491455,17.387495040893555
qwen2_5_vl_7b,raw,generation,0,15,916,12.15090322182168,11.852943897247314,10.350669384002686,13.611835479736328
qwen2_5_vl_7b,raw,generation,0,16,916,15.783660329064949,15.567967891693115,14.047883749008179,17.424506187438965
qwen2_5_vl_7b,raw,generation,0,17,916,12.907693317623638,12.667651176452637,9.919342041015625,15.275739908218384
qwen2_5_vl_7b,raw,generation,0,18,916,16.238379207761007,15.771088123321533,13.44369101524353,18.272282600402832
qwen2_5_vl_7b,raw,generation,0,19,916,20.67365528818822,20.148807525634766,17.808900833129883,22.825863361358643
qwen2_5_vl_7b,raw,generation,0,20,916,25.92333333461045,25.50139617919922,22.543782711029053,28.66938591003418
qwen2_5_vl_7b,raw,generation,0,21,916,21.508800961565242,21.38710594177246,17.652999877929688,24.83706045150757
qwen2_5_vl_7b,raw,generation,0,22,916,22.899155492865884,22.097671508789062,18.453924655914307,26.71294116973877
qwen2_5_vl_7b,raw,generation,0,23,916,15.034615299066601,14.484834671020508,11.458792448043823,18.032923221588135
qwen2_5_vl_7b,raw,generation,0,24,916,24.141531578838563,22.95866107940674,19.814598560333252,27.012577056884766
qwen2_5_vl_7b,raw,generation,0,25,916,24.895189990122766,24.19827365875244,19.74486780166626,28.736392498016357
qwen2_5_vl_7b,raw,generation,0,26,916,24.275691561303283,23.822284698486328,20.141741275787354,28.29448938369751
qwen2_5_vl_7b,raw,generation,0,27,916,25.78261601456388,24.46964931488037,19.82387685775757,29.365529537200928
qwen2_5_vl_7b,raw,generation,0,28,916,172.81935548574123,172.63774871826172,153.41155242919922,191.74159622192383
qwen2_5_vl_7b,raw,generation,1,1,7801,13.903729382852243,13.744129180908203,10.825658798217773,16.04850959777832
qwen2_5_vl_7b,raw,generation,1,2,7801,28.460241091830532,28.562650680541992,20.438447952270508,34.83887481689453
qwen2_5_vl_7b,raw,generation,1,3,7801,15.45217095025303,15.348082542419434,11.47228717803955,18.852703094482422
qwen2_5_vl_7b,raw,generation,1,4,7801,24.70975146240461,24.443979263305664,20.543731689453125,28.823139190673828
qwen2_5_vl_7b,raw,generation,1,5,7801,17.92601542621985,16.20246124267578,11.086828231811523,23.61958122253418
qwen2_5_vl_7b,raw,generation,1,6,7801,25.070106873831953,23.364784240722656,15.809343338012695,31.905309677124023
qwen2_5_vl_7b,raw,generation,1,7,7801,12.316548401813387,12.013357162475586,9.79578685760498,14.426039695739746
qwen2_5_vl_7b,raw,generation,1,8,7801,10.863675031520177,10.111695289611816,6.760025501251221,14.024147987365723
qwen2_5_vl_7b,raw,generation,1,9,7801,11.169058523244116,10.131135940551758,8.220292091369629,13.959091186523438
qwen2_5_vl_7b,raw,generation,1,10,7801,21.084683944744693,20.16151237487793,13.913942337036133,27.318754196166992
qwen2_5_vl_7b,raw,generation,1,11,7801,10.605681349812158,10.314967155456543,8.084630966186523,12.72374153137207
qwen2_5_vl_7b,raw,generation,1,12,7801,9.819086847084025,9.569892883300781,5.995743274688721,12.742241859436035
qwen2_5_vl_7b,raw,generation,1,13,7801,11.556594443495435,11.344939231872559,8.162270545959473,14.526019096374512
qwen2_5_vl_7b,raw,generation,1,14,7801,11.072873506526461,10.889298439025879,7.305017948150635,14.291476249694824
qwen2_5_vl_7b,raw,generation,1,15,7801,9.828693137598593,9.553693771362305,7.4475812911987305,11.644177436828613
qwen2_5_vl_7b,raw,generation,1,16,7801,13.151532677928081,13.090178489685059,10.368245124816895,15.611929893493652
qwen2_5_vl_7b,raw,generation,1,17,7801,10.026141369897514,9.413239479064941,5.680107593536377,13.007814407348633
qwen2_5_vl_7b,raw,generation,1,18,7801,14.357288186022325,13.752882957458496,10.80322551727295,16.73600196838379
qwen2_5_vl_7b,raw,generation,1,19,7801,18.677480084546758,17.78005027770996,14.611241340637207,21.425617218017578
qwen2_5_vl_7b,raw,generation,1,20,7801,22.921736059762196,22.157651901245117,19.20475959777832,25.46133041381836
qwen2_5_vl_7b,raw,generation,1,21,7801,18.030416172386026,16.99515151977539,12.718459129333496,22.122352600097656
qwen2_5_vl_7b,raw,generation,1,22,7801,18.885508005687203,18.207048416137695,13.412642478942871,23.10347557067871
qwen2_5_vl_7b,raw,generation,1,23,7801,11.670594171765003,10.750535011291504,6.668895244598389,15.39147663116455
qwen2_5_vl_7b,raw,generation,1,24,7801,21.850661828997442,20.134836196899414,17.52077865600586,24.883708953857422
qwen2_5_vl_7b,raw,generation,1,25,7801,20.677592083026685,19.657058715820312,15.071173667907715,24.738988876342773
qwen2_5_vl_7b,raw,generation,1,26,7801,20.911956923724045,19.56846809387207,14.947492599487305,25.348745346069336
qwen2_5_vl_7b,raw,generation,1,27,7801,21.49849845672048,19.008663177490234,14.152318954467773,25.798906326293945
qwen2_5_vl_7b,raw,generation,1,28,7801,155.08564542993614,154.96070861816406,131.34576416015625,177.36026000976562
qwen2_5_vl_7b,raw,visual,0,1,916,0.6691136020662742,0.5796388685703278,0.4197060540318489,0.8315935134887695
qwen2_5_vl_7b,raw,visual,0,2,916,2.2184432334384545,2.033717393875122,1.5150159895420074,2.708423614501953
qwen2_5_vl_7b,raw,visual,0,3,916,1.1136582688993761,0.9146764278411865,0.6966363936662674,1.2393900156021118
qwen2_5_vl_7b,raw,visual,0,4,916,2.197453542567757,1.7366061210632324,1.2360374629497528,2.5651118755340576
qwen2_5_vl_7b,raw,visual,0,5,916,2.8732673830340523,2.2837177515029907,1.4523979127407074,3.7199631333351135
qwen2_5_vl_7b,raw,visual,0,6,916,6.6383516804099605,5.775976181030273,3.733368456363678,8.871540069580078
qwen2_5_vl_7b,raw,visual,0,7,916,1.4184473736382468,1.2417137026786804,0.8203546106815338,1.8140819072723389
qwen2_5_vl_7b,raw,visual,0,8,916,2.8066299423640473,2.5549416542053223,1.3668984174728394,4.001896500587463
qwen2_5_vl_7b,raw,visual,0,9,916,5.3421503069229,4.613310098648071,2.945267140865326,7.126537084579468
qwen2_5_vl_7b,raw,visual,0,10,916,14.985717854385292,14.960370540618896,11.505774974822998,18.294623374938965
qwen2_5_vl_7b,raw,visual,0,11,916,3.1755676960580734,3.020131826400757,2.3757156133651733,3.903672695159912
qwen2_5_vl_7b,raw,visual,0,12,916,5.248189833031471,5.172591924667358,3.7179882526397705,6.682003736495972
qwen2_5_vl_7b,raw,visual,0,13,916,5.957141726688526,6.039998292922974,4.473987340927124,7.3383400440216064
qwen2_5_vl_7b,raw,visual,0,14,916,6.381553878495266,6.3036370277404785,4.857490062713623,7.863120913505554
qwen2_5_vl_7b,raw,visual,0,15,916,11.936040933475745,11.555659770965576,8.676557302474976,14.603331565856934
qwen2_5_vl_7b,raw,visual,0,16,916,5.201063315485762,4.591273546218872,3.456947445869446,6.4468278884887695
qwen2_5_vl_7b,raw,visual,0,17,916,8.607421749543935,8.401686191558838,5.925513386726379,11.328261852264404
qwen2_5_vl_7b,raw,visual,0,18,916,5.416560318304722,5.203415393829346,3.3436595797538757,7.048245549201965
qwen2_5_vl_7b,raw,visual,0,19,916,5.648992632153774,5.675981521606445,4.081954121589661,7.067804336547852
qwen2_5_vl_7b,raw,visual,0,20,916,12.836656113899432,12.907156944274902,9.906665086746216,15.614474058151245
qwen2_5_vl_7b,raw,visual,0,21,916,8.695787441912698,8.716253280639648,6.2463825941085815,10.976400375366211
qwen2_5_vl_7b,raw,visual,0,22,916,20.335717923776553,20.33853530883789,16.39548921585083,24.308363914489746
qwen2_5_vl_7b,raw,visual,0,23,916,19.575396415968648,19.816237449645996,13.876043796539307,24.256330490112305
qwen2_5_vl_7b,raw,visual,0,24,916,19.31368239777057,18.94594669342041,12.16356348991394,25.7098650932312
qwen2_5_vl_7b,raw,visual,0,25,916,12.936437991118327,12.002790927886963,7.796656608581543,17.54526424407959
qwen2_5_vl_7b,raw,visual,0,26,916,12.132417397012357,10.755934715270996,6.408934593200684,16.460620880126953
qwen2_5_vl_7b,raw,visual,0,27,916,28.2633555102036,26.978288650512695,17.58474349975586,37.626654624938965
qwen2_5_vl_7b,raw,visual,0,28,916,53.46883195508516,51.371585845947266,32.58113193511963,71.79787063598633
qwen2_5_vl_7b,raw,visual,1,1,7801,0.9563882250170221,0.8806040287017822,0.5618938207626343,1.22306489944458
qwen2_5_vl_7b,raw,visual,1,2,7801,2.8055052027199885,2.6845548152923584,1.9632961750030518,3.4435975551605225
qwen2_5_vl_7b,raw,visual,1,3,7801,1.618018183096481,1.2970525026321411,0.898978590965271,1.804644227027893
qwen2_5_vl_7b,raw,visual,1,4,7801,3.663474468027471,2.8511600494384766,1.771303415298462,5.188827991485596
qwen2_5_vl_7b,raw,visual,1,5,7801,4.1707446646604796,3.6544833183288574,2.0650620460510254,5.407462120056152
qwen2_5_vl_7b,raw,visual,1,6,7801,8.662592525895384,7.639651775360107,5.2247209548950195,11.149354934692383
qwen2_5_vl_7b,raw,visual,1,7,7801,2.306852740150983,2.009064197540283,1.223344087600708,3.2704615592956543
qwen2_5_vl_7b,raw,visual,1,8,7801,3.3227706487446835,3.4398910999298096,1.8360254764556885,4.446929931640625
qwen2_5_vl_7b,raw,visual,1,9,7801,6.533596427425209,6.020101070404053,3.9879908561706543,8.335845947265625
qwen2_5_vl_7b,raw,visual,1,10,7801,17.921530503597708,18.023479461669922,13.89185905456543,22.32976531982422
qwen2_5_vl_7b,raw,visual,1,11,7801,3.990143216499807,3.994682550430298,3.0446853637695312,4.934121608734131
qwen2_5_vl_7b,raw,visual,1,12,7801,5.836816023346125,5.647671699523926,4.458245277404785,7.167506217956543
qwen2_5_vl_7b,raw,visual,1,13,7801,6.931720282241115,7.0327043533325195,5.648109436035156,8.235065460205078
qwen2_5_vl_7b,raw,visual,1,14,7801,7.815931597358523,7.804450988769531,5.907018661499023,9.713732719421387
qwen2_5_vl_7b,raw,visual,1,15,7801,12.105685967128256,11.447614669799805,9.304967880249023,14.43996524810791
qwen2_5_vl_7b,raw,visual,1,16,7801,5.615645161936977,4.882211685180664,3.8989808559417725,6.834100246429443
qwen2_5_vl_7b,raw,visual,1,17,7801,10.146768936124035,9.938407897949219,8.097331047058105,12.24751091003418
qwen2_5_vl_7b,raw,visual,1,18,7801,6.903238447006506,6.65083122253418,5.158702850341797,8.531672477722168
qwen2_5_vl_7b,raw,visual,1,19,7801,6.9754456688296935,6.898658752441406,5.419985771179199,8.335319519042969
qwen2_5_vl_7b,raw,visual,1,20,7801,14.677665643257416,14.916303634643555,12.704766273498535,16.924850463867188
qwen2_5_vl_7b,raw,visual,1,21,7801,11.175189301128984,11.22785758972168,8.612256050109863,13.756857872009277
qwen2_5_vl_7b,raw,visual,1,22,7801,20.611075304972942,20.418760299682617,16.86345672607422,24.24272918701172
qwen2_5_vl_7b,raw,visual,1,23,7801,24.12338945548086,24.367595672607422,19.06121826171875,29.424724578857422
qwen2_5_vl_7b,raw,visual,1,24,7801,22.75468238591078,22.181278228759766,15.42012882232666,29.32393455505371
qwen2_5_vl_7b,raw,visual,1,25,7801,14.17561804265674,13.865550994873047,9.945637702941895,17.87078094482422
qwen2_5_vl_7b,raw,visual,1,26,7801,14.441331535864299,13.680343627929688,9.683114051818848,18.100345611572266
qwen2_5_vl_7b,raw,visual,1,27,7801,31.893243347004642,30.967079162597656,21.743873596191406,40.6485595703125
qwen2_5_vl_7b,raw,visual,1,28,7801,59.80149005960309,58.626487731933594,42.953834533691406,75.33840942382812
qwen2_5_vl_7b,raw,visual_prompt_sum,0,1,916,1.7549408565246902,1.5209695100784302,1.1392762064933777,2.1400827169418335
qwen2_5_vl_7b,raw,visual_prompt_sum,0,2,916,11.909342902976872,10.740286350250244,8.633114099502563,14.197346687316895
qwen2_5_vl_7b,raw,visual_prompt_sum,0,3,916,5.671225024102557,5.108335733413696,4.202964425086975,6.526434898376465
qwen2_5_vl_7b,raw,visual_prompt_sum,0,4,916,6.903633526579261,6.143959999084473,5.178457736968994,7.758343458175659
qwen2_5_vl_7b,raw,visual_prompt_sum,0,5,916,13.356626773505232,12.546789169311523,10.492267608642578,15.454433917999268
qwen2_5_vl_7b,raw,visual_prompt_sum,0,6,916,16.769914466741305,15.851300716400146,13.308871269226074,19.38871669769287
qwen2_5_vl_7b,raw,visual_prompt_sum,0,7,916,7.03269855164024,6.749201774597168,6.0372090339660645,7.764543771743774
qwen2_5_vl_7b,raw,visual_prompt_sum,0,8,916,5.810213051508608,5.543992757797241,4.534859776496887,6.8939865827560425
qwen2_5_vl_7b,raw,visual_prompt_sum,0,9,916,8.949440168761791,8.449199199676514,6.642009854316711,10.647510528564453
qwen2_5_vl_7b,raw,visual_prompt_sum,0,10,916,24.379949188648872,23.886298179626465,20.605969429016113,27.842185974121094
qwen2_5_vl_7b,raw,visual_prompt_sum,0,11,916,7.018349439035857,6.826066255569458,6.081666946411133,7.795356512069702
qwen2_5_vl_7b,raw,visual_prompt_sum,0,12,916,9.598137540588212,9.570424556732178,8.2892005443573,10.97033166885376
qwen2_5_vl_7b,raw,visual_prompt_sum,0,13,916,10.538424599639193,10.54223918914795,9.142745018005371,11.82046890258789
qwen2_5_vl_7b,raw,visual_prompt_sum,0,14,916,11.132303173885596,11.05008840560913,9.437408924102783,12.684563636779785
qwen2_5_vl_7b,raw,visual_prompt_sum,0,15,916,16.108745655118117,15.706017971038818,13.231980800628662,18.39509391784668
qwen2_5_vl_7b,raw,visual_prompt_sum,0,16,916,8.471233285931,7.891340970993042,6.584725618362427,9.974276781082153
qwen2_5_vl_7b,raw,visual_prompt_sum,0,17,916,11.37008466132343,11.08307695388794,8.998433351516724,13.651511192321777
qwen2_5_vl_7b,raw,visual_prompt_sum,0,18,916,8.086288797282757,7.800659656524658,6.23010790348053,9.689763069152832
qwen2_5_vl_7b,raw,visual_prompt_sum,0,19,916,9.426408178160806,9.467720985412598,7.773133873939514,10.996884822845459
qwen2_5_vl_7b,raw,visual_prompt_sum,0,20,916,17.125750551057173,17.210429191589355,14.255028247833252,19.928284168243408
qwen2_5_vl_7b,raw,visual_prompt_sum,0,21,916,10.79322229045968,10.75832748413086,8.45881724357605,12.87873387336731
qwen2_5_vl_7b,raw,visual_prompt_sum,0,22,916,22.82575257168066,22.658705711364746,19.004992485046387,26.486688137054443
qwen2_5_vl_7b,raw,visual_prompt_sum,0,23,916,22.79413521133656,22.71525764465332,17.370361328125,27.228460788726807
qwen2_5_vl_7b,raw,visual_prompt_sum,0,24,916,30.671486749399175,30.30995464324951,23.10768747329712,37.57891368865967
qwen2_5_vl_7b,raw,visual_prompt_sum,0,25,916,22.285567874471173,21.445663452148438,17.21306085586548,26.7881441116333
qwen2_5_vl_7b,raw,visual_prompt_sum,0,26,916,24.80460304568428,23.570456504821777,19.3703875541687,29.489128589630127
qwen2_5_vl_7b,raw,visual_prompt_sum,0,27,916,51.541430716951865,50.69449996948242,40.385196685791016,61.75398254394531
qwen2_5_vl_7b,raw,visual_prompt_sum,0,28,916,90.97668295031552,89.32540893554688,72.8608512878418,107.84916687011719
qwen2_5_vl_7b,raw,visual_prompt_sum,1,1,7801,2.824707228626873,2.5810084342956543,1.5566692352294922,4.050741672515869
qwen2_5_vl_7b,raw,visual_prompt_sum,1,2,7801,16.847243965352106,17.029752731323242,11.301676750183105,22.380565643310547
qwen2_5_vl_7b,raw,visual_prompt_sum,1,3,7801,7.806362661073306,7.598666667938232,5.353396415710449,10.371757507324219
qwen2_5_vl_7b,raw,visual_prompt_sum,1,4,7801,10.595622688207149,9.691293716430664,6.747798919677734,14.036338806152344
qwen2_5_vl_7b,raw,visual_prompt_sum,1,5,7801,16.689914863272488,16.025562286376953,12.721670150756836,20.387598037719727
qwen2_5_vl_7b,raw,visual_prompt_sum,1,6,7801,20.58448651539578,20.76101303100586,16.290321350097656,24.172508239746094
qwen2_5_vl_7b,raw,visual_prompt_sum,1,7,7801,8.552247627562949,8.30937385559082,6.950143814086914,9.850048065185547
qwen2_5_vl_7b,raw,visual_prompt_sum,1,8,7801,6.877633077947624,6.789855003356934,5.407998085021973,8.351348876953125
qwen2_5_vl_7b,raw,visual_prompt_sum,1,9,7801,10.989363461606795,10.914371490478516,8.719334602355957,12.675193786621094
qwen2_5_vl_7b,raw,visual_prompt_sum,1,10,7801,29.27920240806381,28.77916717529297,24.52031135559082,33.81234359741211
qwen2_5_vl_7b,raw,visual_prompt_sum,1,11,7801,8.401827598073485,8.34316635131836,7.131793022155762,9.61479377746582
qwen2_5_vl_7b,raw,visual_prompt_sum,1,12,7801,10.805303781189348,10.865557670593262,9.428860664367676,12.097517013549805
qwen2_5_vl_7b,raw,visual_prompt_sum,1,13,7801,12.42205625056548,12.310123443603516,10.67957592010498,14.238703727722168
qwen2_5_vl_7b,raw,visual_prompt_sum,1,14,7801,13.617902932511187,13.395943641662598,11.303356170654297,15.890666007995605
qwen2_5_vl_7b,raw,visual_prompt_sum,1,15,7801,16.975083762996395,16.660905838012695,14.59644889831543,18.901140213012695
qwen2_5_vl_7b,raw,visual_prompt_sum,1,16,7801,9.831167147291302,9.673933982849121,7.994816303253174,11.113479614257812
qwen2_5_vl_7b,raw,visual_prompt_sum,1,17,7801,13.539003056175448,13.618437767028809,11.606720924377441,15.493894577026367
qwen2_5_vl_7b,raw,visual_prompt_sum,1,18,7801,10.189090993370463,10.25952434539795,8.274872779846191,11.879093170166016
qwen2_5_vl_7b,raw,visual_prompt_sum,1,19,7801,11.62517909077005,11.448160171508789,9.668685913085938,13.550801277160645
qwen2_5_vl_7b,raw,visual_prompt_sum,1,20,7801,19.719374399095937,20.200847625732422,17.488170623779297,22.284669876098633
qwen2_5_vl_7b,raw,visual_prompt_sum,1,21,7801,14.168897083975875,13.746474266052246,11.102836608886719,17.011882781982422
qwen2_5_vl_7b,raw,visual_prompt_sum,1,22,7801,23.751113816845525,23.655323028564453,20.177024841308594,27.04492950439453
qwen2_5_vl_7b,raw,visual_prompt_sum,1,23,7801,27.773546395645955,28.01064109802246,22.869003295898438,32.7390022277832
qwen2_5_vl_7b,raw,visual_prompt_sum,1,24,7801,34.49918513389111,33.86442565917969,27.126222610473633,41.02180862426758
qwen2_5_vl_7b,raw,visual_prompt_sum,1,25,7801,24.696722268110786,24.56024742126465,20.5151424407959,28.59562110900879
qwen2_5_vl_7b,raw,visual_prompt_sum,1,26,7801,28.521651663912856,28.057350158691406,24.02979850769043,32.431861877441406
qwen2_5_vl_7b,raw,visual_prompt_sum,1,27,7801,57.47381767568306,56.72710418701172,47.069244384765625,67.0452651977539
qwen2_5_vl_7b,raw,visual_prompt_sum,1,28,7801,103.42580153034095,102.2129135131836,84.17488098144531,121.00227355957031
llava_1_5_7b,raw,prompt,0,1,3487,0.047865353488895625,0.03470611572265625,0.029151386581361294,0.054272206500172615
llava_1_5_7b,raw,prompt,0,2,3487,0.4994778643843777,0.47513532638549805,0.39861661195755005,0.5707481503486633
llava_1_5_7b,raw,prompt,0,3,3487,0.3538756829074573,0.3507075905799866,0.33075156807899475,0.3734184503555298
llava_1_5_7b,raw,prompt,0,4,3487,0.5501659754562214,0.5437725186347961,0.5151402652263641,0.5796339511871338
llava_1_5_7b,raw,prompt,0,5,3487,0.8809425822636238,0.8726807832717896,0.8283132314682007,0.9277153015136719
llava_1_5_7b,raw,prompt,0,6,3487,1.055302850421329,1.0413881540298462,0.9796289205551147,1.1221762299537659
llava_1_5_7b,raw,prompt,0,7,3487,1.6341007035818558,1.5407105684280396,1.4362573623657227,1.715189516544342
llava_1_5_7b,raw,prompt,0,8,3487,1.3983310691463184,1.3762691020965576,1.293523132801056,1.4789554476737976
llava_1_5_7b,raw,prompt,0,9,3487,1.9522211638158804,1.9223005771636963,1.7196248769760132,2.148656129837036
llava_1_5_7b,raw,prompt,0,10,3487,1.5865576706371576,1.5548444986343384,1.4397846460342407,1.7081799507141113
llava_1_5_7b,raw,prompt,0,11,3487,1.6718894659122492,1.674866795539856,1.5110744833946228,1.8174430131912231
llava_1_5_7b,raw,prompt,0,12,3487,1.537002219369564,1.5179166793823242,1.3962295055389404,1.6499149799346924
llava_1_5_7b,raw,prompt,0,13,3487,1.3161898113814952,1.3026854991912842,1.2136158347129822,1.3971897959709167
llava_1_5_7b,raw,prompt,0,14,3487,1.7174476502719087,1.7070376873016357,1.5973159670829773,1.8112784028053284
llava_1_5_7b,raw,prompt,0,15,3487,1.3281462436458051,1.2952775955200195,1.1832815408706665,1.4375033378601074
llava_1_5_7b,raw,prompt,0,16,3487,1.8102242815005667,1.8187322616577148,1.6161595582962036,2.0072296857833862
llava_1_5_7b,raw,prompt,0,17,3487,1.4809732247739047,1.4758856296539307,1.362510085105896,1.5848220586776733
llava_1_5_7b,raw,prompt,0,18,3487,1.1957968791542404,1.1818429231643677,1.1048667430877686,1.2798277139663696
llava_1_5_7b,raw,prompt,0,19,3487,1.1359077938689452,1.1132110357284546,1.060245931148529,1.1835893988609314
llava_1_5_7b,raw,prompt,0,20,3487,0.7524450743372747,0.7153676152229309,0.659080982208252,0.7983048558235168
llava_1_5_7b,raw,prompt,0,21,3487,0.8979536815772673,0.8620321750640869,0.8090398609638214,0.939727783203125
llava_1_5_7b,raw,prompt,0,22,3487,0.6913067285331506,0.682084858417511,0.6359115839004517,0.7376306354999542
llava_1_5_7b,raw,prompt,0,23,3487,0.6214332888503795,0.6087124943733215,0.5766316652297974,0.650536298751831
llava_1_5_7b,raw,prompt,0,24,3487,0.44327792898781976,0.4302617609500885,0.4074634909629822,0.4650641977787018
llava_1_5_7b,raw,prompt,0,25,3487,0.5067508306395949,0.4666139781475067,0.4254566431045532,0.5403752028942108
llava_1_5_7b,raw,prompt,0,26,3487,0.8469985900582986,0.8421354293823242,0.8058452010154724,0.8803099393844604
llava_1_5_7b,raw,prompt,0,27,3487,0.4659238123076674,0.4457983076572418,0.4116647392511368,0.49183598160743713
llava_1_5_7b,raw,prompt,0,28,3487,0.6562819590208214,0.6594356894493103,0.6189425885677338,0.6927861869335175
llava_1_5_7b,raw,prompt,0,29,3487,1.2674135387131844,1.2743264436721802,1.139630138874054,1.3730691075325012
llava_1_5_7b,raw,prompt,0,30,3487,0.7819039782309963,0.7558959722518921,0.715636283159256,0.8116517663002014
llava_1_5_7b,raw,prompt,0,31,3487,1.8243030833760407,1.789847493171692,1.7196746468544006,1.8804044127464294
llava_1_5_7b,raw,prompt,0,32,3487,3.68228947644525,3.323512554168701,2.852047562599182,4.147232532501221
llava_1_5_7b,raw,prompt,1,1,11976,0.12056426864422848,0.09653696790337563,0.05227741878479719,0.17249079048633575
llava_1_5_7b,raw,prompt,1,2,11976,0.5850304760904852,0.5543037354946136,0.47022103518247604,0.6731324642896652
llava_1_5_7b,raw,prompt,1,3,11976,0.39487837073837984,0.38532960414886475,0.3499329462647438,0.42945902049541473
llava_1_5_7b,raw,prompt,1,4,11976,0.5788187100418265,0.5743013918399811,0.5307274907827377,0.6248822063207626
llava_1_5_7b,raw,prompt,1,5,11976,0.9719180574636899,0.9383579790592194,0.8651318401098251,1.011473536491394
llava_1_5_7b,raw,prompt,1,6,11976,1.2049033189106562,1.1641556024551392,1.0464942455291748,1.3085648119449615
llava_1_5_7b,raw,prompt,1,7,11976,1.8552821960422143,1.6293785572052002,1.4892831444740295,1.9051611721515656
llava_1_5_7b,raw,prompt,1,8,11976,1.515620719962464,1.483102798461914,1.364806741476059,1.629745364189148
llava_1_5_7b,raw,prompt,1,9,11976,2.1652111738880397,2.1035996675491333,1.8857766687870026,2.371600031852722
llava_1_5_7b,raw,prompt,1,10,11976,1.809173969413809,1.717619240283966,1.5437866151332855,1.9350923895835876
llava_1_5_7b,raw,prompt,1,11,11976,1.8349327445129753,1.8011301755905151,1.612222284078598,2.0501043796539307
llava_1_5_7b,raw,prompt,1,12,11976,1.8382134990805217,1.7733089923858643,1.539630651473999,2.1047379970550537
llava_1_5_7b,raw,prompt,1,13,11976,1.5406245403165968,1.474626064300537,1.3222037851810455,1.69989612698555
llava_1_5_7b,raw,prompt,1,14,11976,1.911483207333064,1.8342841863632202,1.6651136875152588,2.0811610221862793
llava_1_5_7b,raw,prompt,1,15,11976,1.656739699184576,1.540325939655304,1.2775593400001526,1.8897747695446014
llava_1_5_7b,raw,prompt,1,16,11976,1.8477274272976594,1.787723183631897,1.588680922985077,2.073604643344879
llava_1_5_7b,raw,prompt,1,17,11976,1.6186689968826218,1.5374268293380737,1.3765662014484406,1.7647055685520172
llava_1_5_7b,raw,prompt,1,18,11976,1.3483267631643043,1.2802067399024963,1.1582426726818085,1.4584742784500122
llava_1_5_7b,raw,prompt,1,19,11976,1.4448669981622027,1.2703794836997986,1.150748759508133,1.4645907878875732
llava_1_5_7b,raw,prompt,1,20,11976,1.0215224322222756,0.9365593194961548,0.788544088602066,1.1630777418613434
llava_1_5_7b,raw,prompt,1,21,11976,1.1656986650977839,1.0770986080169678,0.9170989543199539,1.3356900811195374
llava_1_5_7b,raw,prompt,1,22,11976,0.7801640522041039,0.7586706876754761,0.6823716014623642,0.8481576591730118
llava_1_5_7b,raw,prompt,1,23,11976,0.7245591949788467,0.6967810988426208,0.6149983406066895,0.8033879995346069
llava_1_5_7b,raw,prompt,1,24,11976,0.4927933239014091,0.48176029324531555,0.4272487759590149,0.5429367870092392
llava_1_5_7b,raw,prompt,1,25,11976,0.7733199818902161,0.7451601028442383,0.5431744754314423,0.9684015512466431
llava_1_5_7b,raw,prompt,1,26,11976,0.8948577869193269,0.8918978869915009,0.8362966328859329,0.9527335166931152
llava_1_5_7b,raw,prompt,1,27,11976,0.720750313471199,0.6150023639202118,0.495907299220562,0.8495539426803589
llava_1_5_7b,raw,prompt,1,28,11976,0.7047969152007448,0.7026830911636353,0.6545449495315552,0.7508389949798584
llava_1_5_7b,raw,prompt,1,29,11976,1.420746878894393,1.3664876818656921,1.1909575164318085,1.5771056413650513
llava_1_5_7b,raw,prompt,1,30,11976,0.9616289047913784,0.9073508679866791,0.7911549359560013,1.0854626595973969
llava_1_5_7b,raw,prompt,1,31,11976,2.024471952595469,1.957386076450348,1.7954215109348297,2.210677683353424
llava_1_5_7b,raw,prompt,1,32,11976,5.373181228308814,5.087465286254883,4.045008063316345,6.319197297096252
llava_1_5_7b,raw,generation,0,1,3487,0.6375963029844015,0.6619216203689575,0.5877916216850281,0.7117369174957275
llava_1_5_7b,raw,generation,0,2,3487,1.4073176137314576,1.4013952016830444,1.2489786744117737,1.5039061307907104
llava_1_5_7b,raw,generation,0,3,3487,1.7027338083746921,1.665872573852539,1.3880819082260132,1.9576812386512756
llava_1_5_7b,raw,generation,0,4,3487,1.7482170701317503,1.7129676342010498,1.2651504874229431,2.1637392044067383
llava_1_5_7b,raw,generation,0,5,3487,2.2300928515043714,2.2465243339538574,1.760151982307434,2.5750898122787476
llava_1_5_7b,raw,generation,0,6,3487,2.8538881442695216,2.7835257053375244,2.462508797645569,3.212867021560669
llava_1_5_7b,raw,generation,0,7,3487,3.1999093674984365,3.1968891620635986,2.6879156827926636,3.697709560394287
llava_1_5_7b,raw,generation,0,8,3487,3.262819681326229,3.2514874935150146,2.7907131910324097,3.729398250579834
llava_1_5_7b,raw,generation,0,9,3487,4.235652959445913,4.196758270263672,3.710114002227783,4.752514839172363
llava_1_5_7b,raw,generation,0,10,3487,4.333427165653359,4.346250057220459,3.5918080806732178,5.0895676612854
llava_1_5_7b,raw,generation,0,11,3487,5.84464944437988,5.961678504943848,5.322689533233643,6.476881742477417
llava_1_5_7b,raw,generation,0,12,3487,5.373602151289552,5.652678966522217,4.748607873916626,6.265448570251465
llava_1_5_7b,raw,generation,0,13,3487,5.8087907858280525,5.95504903793335,4.90889573097229,6.843521595001221
llava_1_5_7b,raw,generation,0,14,3487,5.266982285279683,5.441040992736816,4.594628095626831,6.08338475227356
llava_1_5_7b,raw,generation,0,15,3487,5.851640739617322,6.038705825805664,5.189842700958252,6.660226821899414
llava_1_5_7b,raw,generation,0,16,3487,6.98831177622738,7.290764331817627,6.311879873275757,7.943483591079712
llava_1_5_7b,raw,generation,0,17,3487,6.7366758011322085,6.672251224517822,5.944590330123901,7.501449823379517
llava_1_5_7b,raw,generation,0,18,3487,3.8400080854584364,3.8283140659332275,3.3464733362197876,4.289467096328735
llava_1_5_7b,raw,generation,0,19,3487,3.885308351836712,3.8441450595855713,3.492599368095398,4.233487606048584
llava_1_5_7b,raw,generation,0,20,3487,4.655436037227422,4.7701616287231445,4.138445854187012,5.269244194030762
llava_1_5_7b,raw,generation,0,21,3487,3.7688744791196074,3.606235980987549,3.125414729118347,4.239659547805786
llava_1_5_7b,raw,generation,0,22,3487,1.9031681277953967,1.8842744827270508,1.432076632976532,2.3235394954681396
llava_1_5_7b,raw,generation,0,23,3487,3.5962806926404025,3.634309768676758,3.1208831071853638,4.136975049972534
llava_1_5_7b,raw,generation,0,24,3487,2.8772804070961726,2.803995132446289,2.240755319595337,3.4128236770629883
llava_1_5_7b,raw,generation,0,25,3487,1.6841073296953486,1.5580449104309082,1.2306238412857056,2.0038408041000366
llava_1_5_7b,raw,generation,0,26,3487,0.9346041700578126,0.8855525851249695,0.6511256098747253,1.162051022052765
llava_1_5_7b,raw,generation,0,27,3487,3.30060374152192,3.302927255630493,2.5970253944396973,3.969409704208374
llava_1_5_7b,raw,generation,0,28,3487,1.6530864107248124,1.6037698984146118,1.2282516956329346,1.9738743901252747
llava_1_5_7b,raw,generation,0,29,3487,1.723943538196729,1.625744104385376,1.3309911489486694,2.0033706426620483
llava_1_5_7b,raw,generation,0,30,3487,2.868962784807628,2.83738112449646,2.1483017206192017,3.506654143333435
llava_1_5_7b,raw,generation,0,31,3487,5.483934169243631,6.0191802978515625,3.378764033317566,7.412771701812744
llava_1_5_7b,raw,generation,0,32,3487,14.492547344812733,14.177495002746582,11.46496295928955,17.01876163482666
llava_1_5_7b,raw,generation,1,1,11976,0.4609948358471762,0.45562630891799927,0.2980792671442032,0.5973782986402512
llava_1_5_7b,raw,generation,1,2,11976,1.1373715843773915,1.060374140739441,0.846726804971695,1.3759129047393799
llava_1_5_7b,raw,generation,1,3,11976,1.7095776984471835,1.5856583714485168,1.3763848841190338,1.9286856353282928
llava_1_5_7b,raw,generation,1,4,11976,1.4412836947875893,1.4035276770591736,1.0736631453037262,1.77298042178154
llava_1_5_7b,raw,generation,1,5,11976,1.941893448168505,1.8817514181137085,1.4469892382621765,2.3573933839797974
llava_1_5_7b,raw,generation,1,6,11976,2.2152990937959616,2.1912955045700073,1.644150197505951,2.6584270000457764
llava_1_5_7b,raw,generation,1,7,11976,2.1719102940696953,2.2354661226272583,1.132202684879303,2.9096102118492126
llava_1_5_7b,raw,generation,1,8,11976,2.425367294622208,2.325532078742981,1.6440441310405731,3.01550829410553
llava_1_5_7b,raw,generation,1,9,11976,2.9693373324885797,2.952480912208557,1.7434306740760803,3.8698038458824158
llava_1_5_7b,raw,generation,1,10,11976,3.1482346615018093,3.0137715339660645,2.124516546726227,3.9803857803344727
llava_1_5_7b,raw,generation,1,11,11976,4.407918981824546,4.342460632324219,2.9316227436065674,5.590109944343567
llava_1_5_7b,raw,generation,1,12,11976,3.6174836192795174,3.340341806411743,2.2155324816703796,4.933813095092773
llava_1_5_7b,raw,generation,1,13,11976,3.7956564410346383,3.5367244482040405,2.1862696409225464,5.186959981918335
llava_1_5_7b,raw,generation,1,14,11976,3.7429931049316663,3.527844548225403,2.3055193424224854,5.043278694152832
llava_1_5_7b,raw,generation,1,15,11976,4.376718907214517,4.037594318389893,2.8274459838867188,5.7591482400894165
llava_1_5_7b,raw,generation,1,16,11976,5.115992812411181,4.833539724349976,3.3887975215911865,6.664252042770386
llava_1_5_7b,raw,generation,1,17,11976,5.167371952571547,5.190372705459595,3.5457326769828796,6.452091217041016
llava_1_5_7b,raw,generation,1,18,11976,3.049326638684284,2.9620673656463623,2.1598745584487915,3.6988112330436707
llava_1_5_7b,raw,generation,1,19,11976,3.2490276855851463,3.181975841522217,2.5499945282936096,3.814814329147339
llava_1_5_7b,raw,generation,1,20,11976,3.6174538727892025,3.3912220001220703,2.598198175430298,4.532949686050415
llava_1_5_7b,raw,generation,1,21,11976,3.2136999363292436,3.1624951362609863,2.2023585438728333,4.028040051460266
llava_1_5_7b,raw,generation,1,22,11976,1.5106131626814405,1.3856205344200134,0.8044015616178513,2.0605615377426147
llava_1_5_7b,raw,generation,1,23,11976,2.826064854880214,2.7156994342803955,2.1015588641166687,3.473666548728943
llava_1_5_7b,raw,generation,1,24,11976,2.0949755447456937,1.9066219329833984,1.2389355599880219,2.6935293078422546
llava_1_5_7b,raw,generation,1,25,11976,1.3281581932747253,1.1270148754119873,0.7319110631942749,1.6950577199459076
llava_1_5_7b,raw,generation,1,26,11976,0.8639763431177514,0.7211975455284119,0.38169652968645096,1.1745280027389526
llava_1_5_7b,raw,generation,1,27,11976,2.2447765673459092,2.032192826271057,1.3296769857406616,2.953477144241333
llava_1_5_7b,raw,generation,1,28,11976,1.1365842374655093,1.0186753273010254,0.5360795855522156,1.5975524485111237
llava_1_5_7b,raw,generation,1,29,11976,1.577776649447983,1.4966789484024048,1.1646477282047272,1.879090428352356
llava_1_5_7b,raw,generation,1,30,11976,1.8876263272756326,1.6724348068237305,1.0703390538692474,2.464690387248993
llava_1_5_7b,raw,generation,1,31,11976,3.598688351496825,3.2899630069732666,1.9946191608905792,4.574786424636841
llava_1_5_7b,raw,generation,1,32,11976,10.788312174693377,9.625665187835693,7.005078554153442,13.42429232597351
llava_1_5_7b,raw,visual,0,1,3487,0.35042925731548447,0.308822900056839,0.2690332680940628,0.39314591884613037
llava_1_5_7b,raw,visual,0,2,3487,0.44663971427487276,0.4423486888408661,0.415948286652565,0.472163662314415
llava_1_5_7b,raw,visual,0,3,3487,0.27369596861069956,0.26988205313682556,0.23787591606378555,0.304120272397995
llava_1_5_7b,raw,visual,0,4,3487,0.21906053770150843,0.20441403985023499,0.17430362850427628,0.24194224923849106
llava_1_5_7b,raw,visual,0,5,3487,0.2612371087749469,0.2378646731376648,0.19452279061079025,0.2932255417108536
llava_1_5_7b,raw,visual,0,6,3487,0.32844067887988787,0.27221035957336426,0.22529496997594833,0.3426930457353592
llava_1_5_7b,raw,visual,0,7,3487,0.4573874758689493,0.3335338532924652,0.2628902196884155,0.45041777193546295
llava_1_5_7b,raw,visual,0,8,3487,0.4931129102301625,0.3902590274810791,0.29855605959892273,0.5441781580448151
llava_1_5_7b,raw,visual,0,9,3487,0.5828891443636174,0.4645003080368042,0.3538927137851715,0.6329999566078186
llava_1_5_7b,raw,visual,0,10,3487,0.760092067359972,0.631787896156311,0.46781517565250397,0.9012275338172913
llava_1_5_7b,raw,visual,0,11,3487,1.154479579150181,1.002092957496643,0.7179560959339142,1.4281450510025024
llava_1_5_7b,raw,visual,0,12,3487,2.6456825033466966,2.518454074859619,2.0045779943466187,3.1281356811523438
llava_1_5_7b,raw,visual,0,13,3487,1.3934103998424743,1.3059457540512085,0.9608523845672607,1.7189176082611084
llava_1_5_7b,raw,visual,0,14,3487,1.9516645278669478,1.9665439128875732,1.498566210269928,2.412846565246582
llava_1_5_7b,raw,visual,0,15,3487,2.8707218770784944,2.7471213340759277,1.9358646869659424,3.648285746574402
llava_1_5_7b,raw,visual,0,16,3487,1.9754732878280978,1.9658557176589966,1.5049155354499817,2.428792715072632
llava_1_5_7b,raw,visual,0,17,3487,1.8037965603328756,1.6869899034500122,1.298961579799652,2.1452975273132324
llava_1_5_7b,raw,visual,0,18,3487,2.9237368753655852,2.9125688076019287,2.2714544534683228,3.61520254611969
llava_1_5_7b,raw,visual,0,19,3487,2.338890179053722,2.332063913345337,1.8641901016235352,2.812371850013733
llava_1_5_7b,raw,visual,0,20,3487,3.2858873348429922,3.4834470748901367,2.7313568592071533,4.055946350097656
llava_1_5_7b,raw,visual,0,21,3487,4.815052047166744,5.133770942687988,4.2026526927948,5.875766277313232
llava_1_5_7b,raw,visual,0,22,3487,3.6421333327761243,3.9044933319091797,2.9199392795562744,4.65230131149292
llava_1_5_7b,raw,visual,0,23,3487,3.644556414155417,3.8773651123046875,3.2002254724502563,4.427876710891724
llava_1_5_7b,raw,visual,0,24,3487,1.7924554046592776,1.8628053665161133,1.4908980131149292,2.1898977756500244
llava_1_5_7b,raw,visual,0,25,3487,3.914112115809269,4.128757476806641,3.2000935077667236,4.869106769561768
llava_1_5_7b,raw,visual,0,26,3487,2.13178733650596,2.168360471725464,1.6415388584136963,2.638121485710144
llava_1_5_7b,raw,visual,0,27,3487,3.0459757812571175,3.202268123626709,2.512820243835449,3.719088912010193
llava_1_5_7b,raw,visual,0,28,3487,0.2936903318763634,0.2593839764595032,0.212279312312603,0.3237382471561432
llava_1_5_7b,raw,visual,0,29,3487,1.4293777790804083,1.4113125801086426,1.0800093412399292,1.762296736240387
llava_1_5_7b,raw,visual,0,30,3487,2.0199606119560793,2.008044481277466,1.600975751876831,2.454820156097412
llava_1_5_7b,raw,visual,0,31,3487,0.8494445291586308,0.8131896257400513,0.6720772087574005,0.9860058128833771
llava_1_5_7b,raw,visual,0,32,3487,8.832428559075463,8.499676704406738,7.688830137252808,9.497296333312988
llava_1_5_7b,raw,visual,1,1,11976,0.5414691767459343,0.5466131567955017,0.37312254309654236,0.6825274527072906
llava_1_5_7b,raw,visual,1,2,11976,0.4805043579471772,0.4795621782541275,0.44190818071365356,0.5185332745313644
llava_1_5_7b,raw,visual,1,3,11976,0.28492200947456864,0.2771352529525757,0.2374011166393757,0.3233504742383957
llava_1_5_7b,raw,visual,1,4,11976,0.31938773811326354,0.27701666951179504,0.21119875460863113,0.3940423056483269
llava_1_5_7b,raw,visual,1,5,11976,0.3978583353752632,0.34274861216545105,0.24771523848176003,0.4826507568359375
llava_1_5_7b,raw,visual,1,6,11976,0.5676055959623081,0.46773694455623627,0.2899553030729294,0.713028609752655
llava_1_5_7b,raw,visual,1,7,11976,1.1055662555485695,0.8965086042881012,0.3900504857301712,1.6259023249149323
llava_1_5_7b,raw,visual,1,8,11976,1.0624795503144164,0.9184361100196838,0.43490276485681534,1.568470537662506
llava_1_5_7b,raw,visual,1,9,11976,1.2247406413452668,1.0363101363182068,0.5368008762598038,1.6140415370464325
llava_1_5_7b,raw,visual,1,10,11976,1.4510549526224903,1.4234923720359802,0.7707013338804245,2.0298757553100586
llava_1_5_7b,raw,visual,1,11,11976,2.116721973920573,2.1660706996917725,1.293271005153656,2.8784037828445435
llava_1_5_7b,raw,visual,1,12,11976,3.3106763574979707,3.0852991342544556,2.369790554046631,4.032812714576721
llava_1_5_7b,raw,visual,1,13,11976,2.1438861828902085,2.0381903648376465,1.4004787504673004,2.859526038169861
llava_1_5_7b,raw,visual,1,14,11976,2.1439254883995296,2.1098873615264893,1.4958540797233582,2.7223238348960876
llava_1_5_7b,raw,visual,1,15,11976,3.8273777195918774,3.8613312244415283,2.6043620109558105,5.063594818115234
llava_1_5_7b,raw,visual,1,16,11976,2.5939939460302184,2.667795181274414,1.909571647644043,3.3201306462287903
llava_1_5_7b,raw,visual,1,17,11976,2.9897180052988017,2.9035139083862305,1.6656962633132935,4.244838237762451
llava_1_5_7b,raw,visual,1,18,11976,3.45371993239434,3.4995654821395874,2.603520929813385,4.36411440372467
llava_1_5_7b,raw,visual,1,19,11976,3.075735982632515,3.0414432287216187,2.067870795726776,4.077143311500549
llava_1_5_7b,raw,visual,1,20,11976,3.5226585945772704,3.742838144302368,2.6136170625686646,4.523899555206299
llava_1_5_7b,raw,visual,1,21,11976,4.844042786772182,5.077290773391724,3.63464891910553,6.164582967758179
llava_1_5_7b,raw,visual,1,22,11976,3.117157822255849,3.1813801527023315,1.9892118573188782,4.194652557373047
llava_1_5_7b,raw,visual,1,23,11976,3.2276012604271043,3.325091242790222,2.218256711959839,4.185351014137268
llava_1_5_7b,raw,visual,1,24,11976,1.558681873885856,1.5641155242919922,1.0120030045509338,2.054488718509674
llava_1_5_7b,raw,visual,1,25,11976,3.4654131167012707,3.427795886993408,2.336106777191162,4.489445805549622
llava_1_5_7b,raw,visual,1,26,11976,1.9843108703394134,1.9148781299591064,1.2886335849761963,2.486142933368683
llava_1_5_7b,raw,visual,1,27,11976,2.811409743946934,2.865793228149414,1.8516607284545898,3.6448399424552917
llava_1_5_7b,raw,visual,1,28,11976,0.38224995914105087,0.3125600814819336,0.23241284862160683,0.4390750601887703
llava_1_5_7b,raw,visual,1,29,11976,1.5199532677153835,1.3600221872329712,0.9233638346195221,1.8449003994464874
llava_1_5_7b,raw,visual,1,30,11976,2.0823837272131054,2.017698884010315,1.4872834980487823,2.602782666683197
llava_1_5_7b,raw,visual,1,31,11976,1.0337956634337055,0.9580822288990021,0.715850293636322,1.2674523293972015
llava_1_5_7b,raw,visual,1,32,11976,11.338324062212674,10.594066143035889,9.256975173950195,12.302354335784912
llava_1_5_7b,raw,visual_prompt_sum,0,1,3487,0.3982946104619781,0.3441108167171478,0.2983602285385132,0.4472390115261078
llava_1_5_7b,raw,visual_prompt_sum,0,2,3487,0.9461175786720705,0.9150545597076416,0.8272919952869415,1.0337470769882202
llava_1_5_7b,raw,visual_prompt_sum,0,3,3487,0.6275716510395419,0.6225628852844238,0.5911740064620972,0.6578705608844757
llava_1_5_7b,raw,visual_prompt_sum,0,4,3487,0.769226512698345,0.7480767369270325,0.7074248194694519,0.8090215027332306
llava_1_5_7b,raw,visual_prompt_sum,0,5,3487,1.1421796902736416,1.115189552307129,1.0425562262535095,1.2068360447883606
llava_1_5_7b,raw,visual_prompt_sum,0,6,3487,1.3837435301409295,1.3274061679840088,1.2357011437416077,1.4353833198547363
llava_1_5_7b,raw,visual_prompt_sum,0,7,3487,2.0914881793824316,1.946588397026062,1.7695985436439514,2.259406805038452
llava_1_5_7b,raw,visual_prompt_sum,0,8,3487,1.8914439805708816,1.8094524145126343,1.6667996048927307,1.9744698405265808
llava_1_5_7b,raw,visual_prompt_sum,0,9,3487,2.5351103072457715,2.4343857765197754,2.1531102657318115,2.767199397087097
llava_1_5_7b,raw,visual_prompt_sum,0,10,3487,2.346649740977789,2.231430768966675,1.963711440563202,2.561119318008423
llava_1_5_7b,raw,visual_prompt_sum,0,11,3487,2.826369046378621,2.70245361328125,2.3281736373901367,3.1794649362564087
llava_1_5_7b,raw,visual_prompt_sum,0,12,3487,4.182684720297546,4.079925060272217,3.5122991800308228,4.699894666671753
llava_1_5_7b,raw,visual_prompt_sum,0,13,3487,2.709600209916325,2.6335647106170654,2.251494288444519,3.0705485343933105
llava_1_5_7b,raw,visual_prompt_sum,0,14,3487,3.6691121783268836,3.681230306625366,3.184706449508667,4.1782386302948
llava_1_5_7b,raw,visual_prompt_sum,0,15,3487,4.198868121275561,4.084592819213867,3.2287720441818237,5.021572589874268
llava_1_5_7b,raw,visual_prompt_sum,0,16,3487,3.7856975686150154,3.8062825202941895,3.307576537132263,4.286994457244873
llava_1_5_7b,raw,visual_prompt_sum,0,17,3487,3.284769785140967,3.180457592010498,2.7970077991485596,3.613057255744934
llava_1_5_7b,raw,visual_prompt_sum,0,18,3487,4.11953375282758,4.118165016174316,3.4684864282608032,4.775083541870117
llava_1_5_7b,raw,visual_prompt_sum,0,19,3487,3.4747979733948724,3.453277587890625,2.995323419570923,3.9147387742996216
llava_1_5_7b,raw,visual_prompt_sum,0,20,3487,4.038332407355548,4.1969146728515625,3.455298662185669,4.78677225112915
llava_1_5_7b,raw,visual_prompt_sum,0,21,3487,5.713005726936385,6.000295162200928,5.093573570251465,6.729295969009399
llava_1_5_7b,raw,visual_prompt_sum,0,22,3487,4.333440060580669,4.582645416259766,3.6511857509613037,5.322576999664307
llava_1_5_7b,raw,visual_prompt_sum,0,23,3487,4.265989701198171,4.476126194000244,3.809304714202881,5.039514064788818
llava_1_5_7b,raw,visual_prompt_sum,0,24,3487,2.2357333344889465,2.296271800994873,1.9379584193229675,2.6253774166107178
llava_1_5_7b,raw,visual_prompt_sum,0,25,3487,4.420862946036486,4.613805294036865,3.7049992084503174,5.353731155395508
llava_1_5_7b,raw,visual_prompt_sum,0,26,3487,2.9787859258078764,3.0133306980133057,2.4923914670944214,3.477648377418518
llava_1_5_7b,raw,visual_prompt_sum,0,27,3487,3.5118995889538436,3.645299196243286,2.962239384651184,4.177850008010864
llava_1_5_7b,raw,visual_prompt_sum,0,28,3487,0.9499722908416313,0.9184409976005554,0.8528141379356384,0.9903575479984283
llava_1_5_7b,raw,visual_prompt_sum,0,29,3487,2.69679131803931,2.685260534286499,2.2874726057052612,3.081099033355713
llava_1_5_7b,raw,visual_prompt_sum,0,30,3487,2.8018645919391476,2.763117790222168,2.3807400465011597,3.2174965143203735
llava_1_5_7b,raw,visual_prompt_sum,0,31,3487,2.673747611688549,2.6159768104553223,2.4302083253860474,2.8435953855514526
llava_1_5_7b,raw,visual_prompt_sum,0,32,3487,12.514718033161826,11.874717712402344,10.675889015197754,13.576186656951904
llava_1_5_7b,raw,visual_prompt_sum,1,1,11976,0.6620334456254819,0.6533603668212891,0.4245850592851639,0.842252716422081
llava_1_5_7b,raw,visual_prompt_sum,1,2,11976,1.0655348336668753,1.053804099559784,0.9352197051048279,1.1673559546470642
llava_1_5_7b,raw,visual_prompt_sum,1,3,11976,0.6798003801880634,0.6739047765731812,0.6280831545591354,0.7244048118591309
llava_1_5_7b,raw,visual_prompt_sum,1,4,11976,0.8982064477158692,0.8554897606372833,0.7503346651792526,1.0253981351852417
llava_1_5_7b,raw,visual_prompt_sum,1,5,11976,1.3697763928918338,1.2861865758895874,1.1389155089855194,1.595983862876892
llava_1_5_7b,raw,visual_prompt_sum,1,6,11976,1.7725089150533806,1.6750692129135132,1.3729682266712189,2.1458434462547302
llava_1_5_7b,raw,visual_prompt_sum,1,7,11976,2.9608484512778546,2.734921932220459,2.048520803451538,3.855892598628998
llava_1_5_7b,raw,visual_prompt_sum,1,8,11976,2.578100270283724,2.405465841293335,1.8480722606182098,3.2952977418899536
llava_1_5_7b,raw,visual_prompt_sum,1,9,11976,3.3899518146205123,3.2883130311965942,2.5725188851356506,4.137102365493774
llava_1_5_7b,raw,visual_prompt_sum,1,10,11976,3.260228922696375,3.17843496799469,2.3828830122947693,4.029007792472839
llava_1_5_7b,raw,visual_prompt_sum,1,11,11976,3.9516547175551064,3.976710796356201,2.9686468839645386,4.941898703575134
llava_1_5_7b,raw,visual_prompt_sum,1,12,11976,5.148889856790015,5.088465213775635,4.129249334335327,6.03976309299469
llava_1_5_7b,raw,visual_prompt_sum,1,13,11976,3.6845107220695588,3.6020840406417847,2.8039936423301697,4.560144901275635
llava_1_5_7b,raw,visual_prompt_sum,1,14,11976,4.055408696154395,4.010682582855225,3.3242899775505066,4.770754337310791
llava_1_5_7b,raw,visual_prompt_sum,1,15,11976,5.484117417875615,5.450387239456177,4.02257239818573,6.978809595108032
llava_1_5_7b,raw,visual_prompt_sum,1,16,11976,4.441721373446081,4.453031301498413,3.6405235528945923,5.336467623710632
llava_1_5_7b,raw,visual_prompt_sum,1,17,11976,4.608387001600358,4.42757248878479,3.1670596599578857,6.046345114707947
llava_1_5_7b,raw,visual_prompt_sum,1,18,11976,4.802046692900922,4.865802526473999,3.8886407613754272,5.819292068481445
llava_1_5_7b,raw,visual_prompt_sum,1,19,11976,4.520602981179813,4.389867067337036,3.271082580089569,5.710790157318115
llava_1_5_7b,raw,visual_prompt_sum,1,20,11976,4.544181028967032,4.694400072097778,3.5332847237586975,5.652568936347961
llava_1_5_7b,raw,visual_prompt_sum,1,21,11976,6.009741449314272,6.248559236526489,4.7375277280807495,7.374975919723511
llava_1_5_7b,raw,visual_prompt_sum,1,22,11976,3.8973218737420194,3.997817873954773,2.844705045223236,4.940909743309021
llava_1_5_7b,raw,visual_prompt_sum,1,23,11976,3.9521604568094673,4.065598726272583,2.9756603837013245,4.902543783187866
llava_1_5_7b,raw,visual_prompt_sum,1,24,11976,2.05147519697228,2.0746432542800903,1.520067423582077,2.533009350299835
llava_1_5_7b,raw,visual_prompt_sum,1,25,11976,4.238733098453375,4.255949258804321,3.1944982409477234,5.217439651489258
llava_1_5_7b,raw,visual_prompt_sum,1,26,11976,2.879168657816165,2.8251891136169434,2.202397108078003,3.3664655685424805
llava_1_5_7b,raw,visual_prompt_sum,1,27,11976,3.5321600590655224,3.604164242744446,2.6176554560661316,4.35927414894104
llava_1_5_7b,raw,visual_prompt_sum,1,28,11976,1.0870468745788258,1.016838252544403,0.900444746017456,1.1771506071090698
llava_1_5_7b,raw,visual_prompt_sum,1,29,11976,2.9407001457058275,2.7881957292556763,2.2110548615455627,3.3977182507514954
llava_1_5_7b,raw,visual_prompt_sum,1,30,11976,3.044012631387335,2.9933152198791504,2.4865061044692993,3.5554758310317993
llava_1_5_7b,raw,visual_prompt_sum,1,31,11976,3.0582676171838403,2.9647862911224365,2.5503947138786316,3.4857585430145264
llava_1_5_7b,raw,visual_prompt_sum,1,32,11976,16.711505295836933,16.236084938049316,13.71941590309143,18.991831302642822
qwen3_vl_8b,raw,prompt,0,1,2593,0.08330668984221656,0.04586028307676315,0.02875819429755211,0.09145103394985199
qwen3_vl_8b,raw,prompt,0,2,2593,2.5125288334630236,2.1272881031036377,1.5954525470733643,2.960222005844116
qwen3_vl_8b,raw,prompt,0,3,2593,2.3505905042088173,1.9943825006484985,1.5639983415603638,2.6806108951568604
qwen3_vl_8b,raw,prompt,0,4,2593,2.50759749829976,2.291566848754883,1.915671467781067,2.8166286945343018
qwen3_vl_8b,raw,prompt,0,5,2593,1.5504165210413097,1.4111875295639038,1.1781052350997925,1.793758749961853
qwen3_vl_8b,raw,prompt,0,6,2593,1.3582180320090234,1.2212483882904053,1.0515069961547852,1.4738868474960327
qwen3_vl_8b,raw,prompt,0,7,2593,0.7583190673194334,0.6426771283149719,0.5228747725486755,0.8466938734054565
qwen3_vl_8b,raw,prompt,0,8,2593,1.3389251982894497,1.280818223953247,1.1742055416107178,1.4432274103164673
qwen3_vl_8b,raw,prompt,0,9,2593,2.405312216884144,2.3545188903808594,2.1247477531433105,2.6171305179595947
qwen3_vl_8b,raw,prompt,0,10,2593,2.6584258613740896,2.599372386932373,2.289005756378174,2.933929920196533
qwen3_vl_8b,raw,prompt,0,11,2593,3.8912238632441944,3.843071460723877,3.468101978302002,4.256219863891602
qwen3_vl_8b,raw,prompt,0,12,2593,2.6765605840175435,2.5924787521362305,2.2637667655944824,2.98286771774292
qwen3_vl_8b,raw,prompt,0,13,2593,3.0948747989067553,3.069925308227539,2.8037476539611816,3.3583219051361084
qwen3_vl_8b,raw,prompt,0,14,2593,1.9242246912061778,1.859857201576233,1.6717731952667236,2.10654354095459
qwen3_vl_8b,raw,prompt,0,15,2593,2.388849898879702,2.3224661350250244,2.0524203777313232,2.6365487575531006
qwen3_vl_8b,raw,prompt,0,16,2593,2.1289666098514854,2.073059320449829,1.8626618385314941,2.3010365962982178
qwen3_vl_8b,raw,prompt,0,17,2593,2.8253265379296275,2.7808191776275635,2.4805331230163574,3.096473455429077
qwen3_vl_8b,raw,prompt,0,18,2593,3.238578254129268,3.1750917434692383,2.8440117835998535,3.571971893310547
qwen3_vl_8b,raw,prompt,0,19,2593,1.7215454107631003,1.6713457107543945,1.4417880773544312,1.9490476846694946
qwen3_vl_8b,raw,prompt,0,20,2593,3.075138090156102,2.999723434448242,2.6999142169952393,3.371401786804199
qwen3_vl_8b,raw,prompt,0,21,2593,2.3489257450320755,2.315570116043091,1.9738481044769287,2.6724493503570557
qwen3_vl_8b,raw,prompt,0,22,2593,2.089337436425562,2.027985095977783,1.7994248867034912,2.2988572120666504
qwen3_vl_8b,raw,prompt,0,23,2593,3.6196508515630503,3.488809823989868,3.145965337753296,3.9483377933502197
qwen3_vl_8b,raw,prompt,0,24,2593,2.5106903854319365,2.387887716293335,2.057865619659424,2.8128106594085693
qwen3_vl_8b,raw,prompt,0,25,2593,3.9524804454855693,3.8234686851501465,3.2968664169311523,4.437051296234131
qwen3_vl_8b,raw,prompt,0,26,2593,2.4588573977058106,2.421867847442627,2.1659934520721436,2.7047858238220215
qwen3_vl_8b,raw,prompt,0,27,2593,4.059937406588465,4.045608043670654,3.8366212844848633,4.269793510437012
qwen3_vl_8b,raw,prompt,0,28,2593,5.012353389731163,4.99172306060791,4.72845983505249,5.244728088378906
qwen3_vl_8b,raw,prompt,0,29,2593,3.357047664673228,3.2949657440185547,3.070249319076538,3.5864720344543457
qwen3_vl_8b,raw,prompt,0,30,2593,8.94688672721501,8.88871955871582,8.35849380493164,9.472917556762695
qwen3_vl_8b,raw,prompt,0,31,2593,7.1765583552681615,7.117280960083008,6.522508144378662,7.7579569816589355
qwen3_vl_8b,raw,prompt,0,32,2593,8.497323099729227,8.555326461791992,8.061783790588379,9.039406776428223
qwen3_vl_8b,raw,prompt,0,33,2593,4.924934446512848,4.813325881958008,4.423829078674316,5.290661811828613
qwen3_vl_8b,raw,prompt,0,34,2593,21.296191955504618,21.295442581176758,19.993635177612305,22.61834144592285
qwen3_vl_8b,raw,prompt,0,35,2593,83.73348439691428,84.44117736816406,79.31000518798828,89.02435302734375
qwen3_vl_8b,raw,prompt,0,36,2593,166.92569663521869,162.6165008544922,139.55772399902344,192.2736053466797
qwen3_vl_8b,raw,prompt,1,1,12280,0.18537592309366316,0.10142090916633606,0.04162938240915537,0.25911133736371994
qwen3_vl_8b,raw,prompt,1,2,12280,3.808164671958949,3.2409629821777344,2.083217442035675,5.376013278961182
qwen3_vl_8b,raw,prompt,1,3,12280,3.5510094257878557,2.809088945388794,1.882830947637558,4.866016864776611
qwen3_vl_8b,raw,prompt,1,4,12280,3.14772290967963,2.722676634788513,2.082577645778656,4.14840829372406
qwen3_vl_8b,raw,prompt,1,5,12280,2.109550733344951,1.992947280406952,1.4230869114398956,2.690011143684387
qwen3_vl_8b,raw,prompt,1,6,12280,1.7237584568730007,1.44344824552536,1.140838474035263,2.325225055217743
qwen3_vl_8b,raw,prompt,1,7,12280,1.1677653999701871,0.9198162853717804,0.642668828368187,1.5428416728973389
qwen3_vl_8b,raw,prompt,1,8,12280,1.5873232891874127,1.4949533343315125,1.276345670223236,1.8401890695095062
qwen3_vl_8b,raw,prompt,1,9,12280,2.836005179996599,2.70302951335907,2.3826063871383667,3.1693368554115295
qwen3_vl_8b,raw,prompt,1,10,12280,3.067662904346028,2.886233687400818,2.5155558586120605,3.4637128710746765
qwen3_vl_8b,raw,prompt,1,11,12280,4.359843857746559,4.288686990737915,3.855212092399597,4.810471892356873
qwen3_vl_8b,raw,prompt,1,12,12280,2.9932189416031107,2.8936656713485718,2.4681962728500366,3.4638041853904724
qwen3_vl_8b,raw,prompt,1,13,12280,3.259100488517494,3.229846954345703,2.890016496181488,3.5938894152641296
qwen3_vl_8b,raw,prompt,1,14,12280,2.0849860250076175,1.967662274837494,1.6818613111972809,2.4148913621902466
qwen3_vl_8b,raw,prompt,1,15,12280,2.7108884954685495,2.6129225492477417,2.2647385597229004,3.1097291707992554
qwen3_vl_8b,raw,prompt,1,16,12280,2.517469246229248,2.31921648979187,2.01375275850296,2.905905544757843
qwen3_vl_8b,raw,prompt,1,17,12280,3.237013417948341,3.137117385864258,2.732424557209015,3.6873347759246826
qwen3_vl_8b,raw,prompt,1,18,12280,3.6140730521286737,3.433539628982544,2.9890204668045044,4.095840573310852
qwen3_vl_8b,raw,prompt,1,19,12280,1.9917963334034632,1.875592291355133,1.548136979341507,2.310924708843231
qwen3_vl_8b,raw,prompt,1,20,12280,3.3905157924475033,3.196576714515686,2.7751940488815308,3.9225723147392273
qwen3_vl_8b,raw,prompt,1,21,12280,2.7074420318153085,2.5570303201675415,2.1522796750068665,3.130624830722809
qwen3_vl_8b,raw,prompt,1,22,12280,2.3848026121089823,2.2751760482788086,1.9732289612293243,2.6927590370178223
qwen3_vl_8b,raw,prompt,1,23,12280,4.21115343345493,3.922859311103821,3.3397794365882874,4.967100620269775
qwen3_vl_8b,raw,prompt,1,24,12280,2.997650997588223,2.803285241127014,2.319394290447235,3.5378509163856506
qwen3_vl_8b,raw,prompt,1,25,12280,4.753049690482671,4.629909038543701,3.8266246914863586,5.580371022224426
qwen3_vl_8b,raw,prompt,1,26,12280,2.5930322709999953,2.5344901084899902,2.218210756778717,2.908307433128357
qwen3_vl_8b,raw,prompt,1,27,12280,4.12331416797172,4.085162878036499,3.8318719267845154,4.369094133377075
qwen3_vl_8b,raw,prompt,1,28,12280,5.2676313805075345,5.2118940353393555,4.908663868904114,5.567987561225891
qwen3_vl_8b,raw,prompt,1,29,12280,3.6273246440126377,3.480048894882202,3.148519217967987,3.978083312511444
qwen3_vl_8b,raw,prompt,1,30,12280,9.238658673600188,9.171012878417969,8.643816709518433,9.774811267852783
qwen3_vl_8b,raw,prompt,1,31,12280,7.732742444894213,7.557586669921875,6.843431234359741,8.428918600082397
qwen3_vl_8b,raw,prompt,1,32,12280,9.089955887926518,9.073882579803467,8.529904127120972,9.66114616394043
qwen3_vl_8b,raw,prompt,1,33,12280,5.419820046541357,5.282353162765503,4.742639064788818,5.976113319396973
qwen3_vl_8b,raw,prompt,1,34,12280,22.349420053407503,22.465514183044434,21.220579624176025,23.5748872756958
qwen3_vl_8b,raw,prompt,1,35,12280,85.66830578782272,86.02151489257812,80.95651626586914,90.70797348022461
qwen3_vl_8b,raw,prompt,1,36,12280,181.11088335521833,179.11097717285156,147.8121681213379,212.6758689880371
qwen3_vl_8b,raw,generation,0,1,2593,7.129966119427134,6.977313995361328,4.176527500152588,9.3695707321167
qwen3_vl_8b,raw,generation,0,2,2593,18.098447846391696,17.728477478027344,14.648036003112793,21.24403190612793
qwen3_vl_8b,raw,generation,0,3,2593,17.79192114519972,18.008502960205078,15.450207710266113,20.436901092529297
qwen3_vl_8b,raw,generation,0,4,2593,12.077471698176387,12.175581932067871,10.381814956665039,13.912914276123047
qwen3_vl_8b,raw,generation,0,5,2593,8.757548687267708,8.844303131103516,7.728353977203369,9.871280670166016
qwen3_vl_8b,raw,generation,0,6,2593,8.75643464013779,8.806619644165039,7.788335800170898,9.816364288330078
qwen3_vl_8b,raw,generation,0,7,2593,10.162326216835613,10.21552562713623,7.85634183883667,11.88835620880127
qwen3_vl_8b,raw,generation,0,8,2593,9.591525369199877,9.390775680541992,7.8981828689575195,11.166033744812012
qwen3_vl_8b,raw,generation,0,9,2593,11.106764431768433,10.942359924316406,9.370964050292969,12.782684326171875
qwen3_vl_8b,raw,generation,0,10,2593,13.569366748756853,13.381139755249023,11.494966506958008,15.40492057800293
qwen3_vl_8b,raw,generation,0,11,2593,14.908453484736397,14.767329216003418,13.3359375,16.311609268188477
qwen3_vl_8b,raw,generation,0,12,2593,12.916626798936496,12.937463760375977,11.22743034362793,14.515780448913574
qwen3_vl_8b,raw,generation,0,13,2593,11.142019888263295,11.084901809692383,10.021478652954102,12.179549217224121
qwen3_vl_8b,raw,generation,0,14,2593,8.964765243350058,8.778810501098633,7.598499774932861,10.172099113464355
qwen3_vl_8b,raw,generation,0,15,2593,12.741598311879208,12.70684814453125,11.454486846923828,14.00886344909668
qwen3_vl_8b,raw,generation,0,16,2593,11.606453826424701,11.484065055847168,10.129626274108887,12.88973331451416
qwen3_vl_8b,raw,generation,0,17,2593,11.516177039140906,11.54862117767334,10.102302551269531,13.046213150024414
qwen3_vl_8b,raw,generation,0,18,2593,11.423525574305689,11.393847465515137,10.100103378295898,12.752447128295898
qwen3_vl_8b,raw,generation,0,19,2593,11.046750681031591,10.916544914245605,9.576496124267578,12.286946296691895
qwen3_vl_8b,raw,generation,0,20,2593,12.726965990298234,12.566972732543945,11.302777290344238,13.988365173339844
qwen3_vl_8b,raw,generation,0,21,2593,13.104205510720202,12.785856246948242,11.097064971923828,14.799192428588867
qwen3_vl_8b,raw,generation,0,22,2593,16.631423769795294,16.29636001586914,14.20531940460205,18.715457916259766
qwen3_vl_8b,raw,generation,0,23,2593,20.690141900000405,20.200298309326172,18.028560638427734,22.80885887145996
qwen3_vl_8b,raw,generation,0,24,2593,21.18455084879059,20.639820098876953,17.3349552154541,24.40623664855957
qwen3_vl_8b,raw,generation,0,25,2593,19.61099223855192,19.24289321899414,16.104761123657227,22.575061798095703
qwen3_vl_8b,raw,generation,0,26,2593,18.13630010646786,17.769315719604492,15.657266616821289,20.09326934814453
qwen3_vl_8b,raw,generation,0,27,2593,16.745729389220095,16.19805908203125,12.998083114624023,19.919363021850586
qwen3_vl_8b,raw,generation,0,28,2593,15.118665258809953,14.499069213867188,12.37346363067627,17.210289001464844
qwen3_vl_8b,raw,generation,0,29,2593,24.013662966438762,23.071455001831055,19.03556251525879,28.028173446655273
qwen3_vl_8b,raw,generation,0,30,2593,20.53845335119625,19.609933853149414,14.284814834594727,25.311426162719727
qwen3_vl_8b,raw,generation,0,31,2593,23.357878613095004,22.539587020874023,19.450334548950195,25.995952606201172
qwen3_vl_8b,raw,generation,0,32,2593,19.739016405459402,19.0769100189209,15.791672706604004,22.79741668701172
qwen3_vl_8b,raw,generation,0,33,2593,27.685520488049043,26.534944534301758,21.950374603271484,32.42385482788086
qwen3_vl_8b,raw,generation,0,34,2593,22.51596397182172,21.326017379760742,16.589412689208984,27.189542770385742
qwen3_vl_8b,raw,generation,0,35,2593,48.82072286168167,45.95371627807617,38.65746307373047,55.5305061340332
qwen3_vl_8b,raw,generation,0,36,2593,112.98468240604775,110.76473999023438,97.07319641113281,126.52001953125
qwen3_vl_8b,raw,generation,1,1,12280,7.28804989769715,7.572562217712402,4.00160539150238,9.60256290435791
qwen3_vl_8b,raw,generation,1,2,12280,16.296430112601104,15.824335098266602,13.139335632324219,19.32126235961914
qwen3_vl_8b,raw,generation,1,3,12280,15.658351292041303,15.903518199920654,12.567412853240967,18.79834270477295
qwen3_vl_8b,raw,generation,1,4,12280,10.275241940432146,10.297205924987793,7.6429256200790405,12.645866632461548
qwen3_vl_8b,raw,generation,1,5,12280,7.455890117867179,7.578630208969116,5.93210244178772,8.937009572982788
qwen3_vl_8b,raw,generation,1,6,12280,7.801994500962064,7.958162546157837,6.397807240486145,9.221996784210205
qwen3_vl_8b,raw,generation,1,7,12280,8.883157719783364,8.564429759979248,6.841073751449585,10.68664813041687
qwen3_vl_8b,raw,generation,1,8,12280,8.129837076497001,7.915573835372925,6.738539099693298,9.303009033203125
qwen3_vl_8b,raw,generation,1,9,12280,9.429587489948988,9.410324096679688,7.494150757789612,11.296868562698364
qwen3_vl_8b,raw,generation,1,10,12280,11.57580658350783,11.361257553100586,8.96518874168396,13.713622570037842
qwen3_vl_8b,raw,generation,1,11,12280,13.19660900077913,13.197471618652344,11.205904006958008,15.015322923660278
qwen3_vl_8b,raw,generation,1,12,12280,10.899363732493272,11.046807765960693,8.817684173583984,12.90211534500122
qwen3_vl_8b,raw,generation,1,13,12280,9.732941621794374,9.716370582580566,8.15177059173584,11.082339525222778
qwen3_vl_8b,raw,generation,1,14,12280,7.538066960924612,7.390839338302612,5.867839097976685,9.027644395828247
qwen3_vl_8b,raw,generation,1,15,12280,10.977043592386215,11.27714204788208,9.109588623046875,12.917418956756592
qwen3_vl_8b,raw,generation,1,16,12280,9.921473042273755,9.967650413513184,8.044725179672241,11.696139097213745
qwen3_vl_8b,raw,generation,1,17,12280,9.770681513753699,9.962226390838623,7.230221271514893,12.17347240447998
qwen3_vl_8b,raw,generation,1,18,12280,10.116537947025671,10.31288766860962,7.915085434913635,12.252850532531738
qwen3_vl_8b,raw,generation,1,19,12280,9.618867074880228,9.493631839752197,7.478351831436157,11.397014856338501
qwen3_vl_8b,raw,generation,1,20,12280,11.820348679592245,11.82019853591919,9.838581323623657,13.603539943695068
qwen3_vl_8b,raw,generation,1,21,12280,11.542706569592417,11.327192306518555,8.862781524658203,13.79510235786438
qwen3_vl_8b,raw,generation,1,22,12280,14.945152036685508,14.626545906066895,11.895854711532593,17.44695281982422
qwen3_vl_8b,raw,generation,1,23,12280,20.309951943838634,19.981806755065918,17.239917278289795,22.874472618103027
qwen3_vl_8b,raw,generation,1,24,12280,18.808718490833567,18.057650566101074,14.886359930038452,21.991507530212402
qwen3_vl_8b,raw,generation,1,25,12280,16.423372937530182,16.046194076538086,12.023937225341797,20.13685131072998
qwen3_vl_8b,raw,generation,1,26,12280,18.777452538261972,18.28331184387207,15.875965118408203,21.05441427230835
qwen3_vl_8b,raw,generation,1,27,12280,14.118386650648489,13.298069953918457,10.499708890914917,16.85455560684204
qwen3_vl_8b,raw,generation,1,28,12280,13.806551946355,13.315356731414795,10.557507038116455,16.429728984832764
qwen3_vl_8b,raw,generation,1,29,12280,23.266559619779308,22.24884796142578,18.299259662628174,27.206961631774902
qwen3_vl_8b,raw,generation,1,30,12280,16.25783806686875,14.79548692703247,8.854599714279175,21.633448123931885
qwen3_vl_8b,raw,generation,1,31,12280,22.55467421356164,21.86992073059082,18.25135612487793,25.836308002471924
qwen3_vl_8b,raw,generation,1,32,12280,19.021242702240276,18.443230628967285,14.679718255996704,22.666326999664307
qwen3_vl_8b,raw,generation,1,33,12280,26.971062128357467,26.15035343170166,21.90778160095215,31.28896999359131
qwen3_vl_8b,raw,generation,1,34,12280,18.37928797429858,17.454145431518555,12.905088424682617,22.58311414718628
qwen3_vl_8b,raw,generation,1,35,12280,44.797243682879966,43.10365867614746,35.817782402038574,51.38753700256348
qwen3_vl_8b,raw,generation,1,36,12280,107.00806845096501,106.47774887084961,88.28444480895996,124.09634590148926
qwen3_vl_8b,raw,visual,0,1,2593,0.2205472423515803,0.1726783961057663,0.108792744576931,0.2791612148284912
qwen3_vl_8b,raw,visual,0,2,2593,0.36447737173016037,0.286960631608963,0.20615361630916595,0.42327681183815
qwen3_vl_8b,raw,visual,0,3,2593,1.4525063244293337,1.1566524505615234,0.802518904209137,1.7346312999725342
qwen3_vl_8b,raw,visual,0,4,2593,0.7309399330245049,0.5228164196014404,0.3439837396144867,0.8680163621902466
qwen3_vl_8b,raw,visual,0,5,2593,0.4562172993085201,0.33748188614845276,0.1803985834121704,0.5774927139282227
qwen3_vl_8b,raw,visual,0,6,2593,0.5134491034590549,0.4049898684024811,0.26593127846717834,0.6304959058761597
qwen3_vl_8b,raw,visual,0,7,2593,0.5889017359284282,0.4063229262828827,0.1928318738937378,0.8272688984870911
qwen3_vl_8b,raw,visual,0,8,2593,0.4680277537245618,0.3971570134162903,0.2509801983833313,0.592082142829895
qwen3_vl_8b,raw,visual,0,9,2593,2.621808007807746,2.424182415008545,1.5706071853637695,3.4370501041412354
qwen3_vl_8b,raw,visual,0,10,2593,4.373594501535266,4.136538028717041,2.684701919555664,5.73600959777832
qwen3_vl_8b,raw,visual,0,11,2593,3.321742809536004,3.1142899990081787,2.0867693424224854,4.301963806152344
qwen3_vl_8b,raw,visual,0,12,2593,3.3643367025574524,3.2452573776245117,2.332813262939453,4.2366180419921875
qwen3_vl_8b,raw,visual,0,13,2593,2.496932723073485,2.327392101287842,1.739628791809082,3.0430073738098145
qwen3_vl_8b,raw,visual,0,14,2593,5.685107920915061,5.441732406616211,3.8849081993103027,7.33582067489624
qwen3_vl_8b,raw,visual,0,15,2593,4.292739892208203,4.244498252868652,3.1641428470611572,5.400085926055908
qwen3_vl_8b,raw,visual,0,16,2593,6.391004850057116,6.2788496017456055,4.723848342895508,7.982828140258789
qwen3_vl_8b,raw,visual,0,17,2593,4.858570982257786,4.674844741821289,3.4811747074127197,5.996865749359131
qwen3_vl_8b,raw,visual,0,18,2593,6.3125113487197675,6.336862564086914,4.79598331451416,7.808408260345459
qwen3_vl_8b,raw,visual,0,19,2593,8.23514398547429,8.484487533569336,6.443606376647949,10.073905944824219
qwen3_vl_8b,raw,visual,0,20,2593,5.228911964418894,5.017417907714844,3.201890468597412,6.924126625061035
qwen3_vl_8b,raw,visual,0,21,2593,6.931954783739108,6.966301441192627,4.476075172424316,9.209694862365723
qwen3_vl_8b,raw,visual,0,22,2593,6.947119228291871,7.037769317626953,5.090910911560059,8.792360305786133
qwen3_vl_8b,raw,visual,0,23,2593,4.2125263069524665,4.110837936401367,3.114534616470337,5.145336627960205
qwen3_vl_8b,raw,visual,0,24,2593,11.822909359370149,11.80774211883545,8.91722297668457,14.628439903259277
qwen3_vl_8b,raw,visual,0,25,2593,14.003255510877285,13.829765319824219,11.160871505737305,16.755321502685547
qwen3_vl_8b,raw,visual,0,26,2593,5.53646836868594,5.368941307067871,3.717445135116577,7.066685676574707
qwen3_vl_8b,raw,visual,0,27,2593,12.71876716264371,12.57780933380127,9.03750991821289,16.041242599487305
qwen3_vl_8b,raw,visual,0,28,2593,8.083335164346797,7.659823417663574,5.408958435058594,10.216257095336914
qwen3_vl_8b,raw,visual,0,29,2593,9.208181250890709,8.277997970581055,5.317876815795898,12.375965118408203
qwen3_vl_8b,raw,visual,0,30,2593,18.02583320932502,16.85344886779785,11.75002670288086,22.781326293945312
qwen3_vl_8b,raw,visual,0,31,2593,8.855198226050204,8.22896957397461,5.370128631591797,11.750295639038086
qwen3_vl_8b,raw,visual,0,32,2593,11.6588524130381,10.913799285888672,6.961981773376465,15.489124298095703
qwen3_vl_8b,raw,visual,0,33,2593,12.785192087999514,11.293981552124023,6.624473571777344,18.052583694458008
qwen3_vl_8b,raw,visual,0,34,2593,18.191141898688137,17.046180725097656,10.82216739654541,24.182804107666016
qwen3_vl_8b,raw,visual,0,35,2593,20.040485532413427,18.11766242980957,12.56198501586914,26.08316421508789
qwen3_vl_8b,raw,visual,0,36,2593,16.59164846416978,15.587540626525879,12.497730255126953,19.693025588989258
qwen3_vl_8b,raw,visual,1,1,12280,0.3267766775796948,0.2790107876062393,0.16227033361792564,0.42356984317302704
qwen3_vl_8b,raw,visual,1,2,12280,0.5813924994532031,0.45302826166152954,0.271204449236393,0.7902922034263611
qwen3_vl_8b,raw,visual,1,3,12280,2.221436297104782,1.7625435590744019,1.15688094496727,2.751069188117981
qwen3_vl_8b,raw,visual,1,4,12280,1.0402176373777758,0.8147960305213928,0.4446130841970444,1.3675189018249512
qwen3_vl_8b,raw,visual,1,5,12280,0.7910631240077062,0.6254659295082092,0.3450125530362129,1.0326963067054749
qwen3_vl_8b,raw,visual,1,6,12280,0.9247216436296022,0.7437191009521484,0.44112391769886017,1.2446180284023285
qwen3_vl_8b,raw,visual,1,7,12280,1.1638906435570786,0.8947902023792267,0.386547788977623,1.7940573990345001
qwen3_vl_8b,raw,visual,1,8,12280,0.7550429991859008,0.646087110042572,0.39834462106227875,1.0307884216308594
qwen3_vl_8b,raw,visual,1,9,12280,3.5765707971789062,3.256283164024353,2.1989660263061523,4.773253679275513
qwen3_vl_8b,raw,visual,1,10,12280,5.914604191496628,5.812114238739014,3.4288848638534546,7.889137625694275
qwen3_vl_8b,raw,visual,1,11,12280,4.369778283882025,4.1969804763793945,2.9992421865463257,5.549801349639893
qwen3_vl_8b,raw,visual,1,12,12280,4.27896893575108,4.091595411300659,2.9233075380325317,5.484130144119263
qwen3_vl_8b,raw,visual,1,13,12280,3.676402432629262,3.348006844520569,2.4980252981185913,4.614614844322205
qwen3_vl_8b,raw,visual,1,14,12280,6.551727055622331,6.212847709655762,4.851494669914246,8.234768867492676
qwen3_vl_8b,raw,visual,1,15,12280,5.469662791371637,5.543198108673096,4.334312558174133,6.683582544326782
qwen3_vl_8b,raw,visual,1,16,12280,7.148230596027467,7.160170793533325,5.648613929748535,8.623441696166992
qwen3_vl_8b,raw,visual,1,17,12280,6.4310424940351165,6.2067484855651855,4.785787105560303,7.875515580177307
qwen3_vl_8b,raw,visual,1,18,12280,7.285427050530328,7.370140075683594,5.902471423149109,8.688339948654175
qwen3_vl_8b,raw,visual,1,19,12280,9.420074767641214,9.54998779296875,8.144931316375732,10.879990100860596
qwen3_vl_8b,raw,visual,1,20,12280,6.883943321883485,6.663857460021973,5.139555335044861,8.518376111984253
qwen3_vl_8b,raw,visual,1,21,12280,8.625621814457912,8.74397897720337,6.849236607551575,10.561968564987183
qwen3_vl_8b,raw,visual,1,22,12280,9.012490556537134,9.040695190429688,7.142983555793762,10.879930257797241
qwen3_vl_8b,raw,visual,1,23,12280,4.924139761679627,4.836652755737305,3.7703508734703064,5.990864872932434
qwen3_vl_8b,raw,visual,1,24,12280,13.894948012277435,14.095531940460205,11.140212297439575,16.948081016540527
qwen3_vl_8b,raw,visual,1,25,12280,16.37992042632658,16.66142463684082,13.270199298858643,19.729924201965332
qwen3_vl_8b,raw,visual,1,26,12280,6.98667487403566,6.765059471130371,4.852815270423889,8.983012199401855
qwen3_vl_8b,raw,visual,1,27,12280,14.46574133372462,14.533620834350586,10.891205549240112,17.912968635559082
qwen3_vl_8b,raw,visual,1,28,12280,11.145476531050493,10.79774284362793,7.670137524604797,14.313801527023315
qwen3_vl_8b,raw,visual,1,29,12280,12.968571584106268,12.150934219360352,8.479706525802612,16.834609508514404
qwen3_vl_8b,raw,visual,1,30,12280,22.170244020437185,19.983474731445312,13.128597974777222,28.83111572265625
qwen3_vl_8b,raw,visual,1,31,12280,10.831983606213953,9.900067806243896,6.849603772163391,13.776090383529663
qwen3_vl_8b,raw,visual,1,32,12280,15.459792617834644,14.602389812469482,9.99475359916687,20.114561557769775
qwen3_vl_8b,raw,visual,1,33,12280,14.320815527849263,13.111679553985596,8.25300645828247,19.404004096984863
qwen3_vl_8b,raw,visual,1,34,12280,20.492660910308555,18.83817481994629,12.387449026107788,27.070466995239258
qwen3_vl_8b,raw,visual,1,35,12280,23.388292385244604,21.576400756835938,15.39998173713684,29.68209218978882
qwen3_vl_8b,raw,visual,1,36,12280,21.05557893374844,19.560751914978027,14.83465838432312,25.747809886932373
qwen3_vl_8b,raw,visual_prompt_sum,0,1,2593,0.3038539321474642,0.22843249142169952,0.1420692652463913,0.372624933719635
qwen3_vl_8b,raw,visual_prompt_sum,0,2,2593,2.87700620320052,2.4263079166412354,1.8536739349365234,3.365230083465576
qwen3_vl_8b,raw,visual_prompt_sum,0,3,2593,3.8030968302702104,3.3406288623809814,2.5590603351593018,4.406293869018555
qwen3_vl_8b,raw,visual_prompt_sum,0,4,2593,3.238537431659728,2.9674627780914307,2.4986331462860107,3.6382687091827393
qwen3_vl_8b,raw,visual_prompt_sum,0,5,2593,2.0066338211723243,1.8289401531219482,1.4796786308288574,2.3509960174560547
qwen3_vl_8b,raw,visual_prompt_sum,0,6,2593,1.8716671355801386,1.64546537399292,1.3950713872909546,2.1121811866760254
qwen3_vl_8b,raw,visual_prompt_sum,0,7,2593,1.3472208041759517,1.1489636898040771,0.7927154898643494,1.662621021270752
qwen3_vl_8b,raw,visual_prompt_sum,0,8,2593,1.8069529517525373,1.7019195556640625,1.4934593439102173,1.9665148258209229
qwen3_vl_8b,raw,visual_prompt_sum,0,9,2593,5.027120224122968,4.818301200866699,3.85213303565979,6.00145959854126
qwen3_vl_8b,raw,visual_prompt_sum,0,10,2593,7.03202036132327,6.691262245178223,5.290425777435303,8.33942699432373
qwen3_vl_8b,raw,visual_prompt_sum,0,11,2593,7.212966671332033,7.019163608551025,5.928365707397461,8.20303726196289
qwen3_vl_8b,raw,visual_prompt_sum,0,12,2593,6.040897287551933,5.920272350311279,4.835772514343262,7.099396228790283
qwen3_vl_8b,raw,visual_prompt_sum,0,13,2593,5.5918075197964985,5.437938690185547,4.733757019042969,6.222918510437012
qwen3_vl_8b,raw,visual_prompt_sum,0,14,2593,7.609332610776514,7.350736618041992,5.871924877166748,9.25169563293457
qwen3_vl_8b,raw,visual_prompt_sum,0,15,2593,6.681589793524501,6.667796611785889,5.466352939605713,7.828901767730713
qwen3_vl_8b,raw,visual_prompt_sum,0,16,2593,8.519971460437297,8.417924880981445,6.864588260650635,10.114768028259277
qwen3_vl_8b,raw,visual_prompt_sum,0,17,2593,7.683897522394141,7.49257755279541,6.279830455780029,8.885599136352539
qwen3_vl_8b,raw,visual_prompt_sum,0,18,2593,9.5510895982287,9.617016792297363,8.121776580810547,10.979052543640137
qwen3_vl_8b,raw,visual_prompt_sum,0,19,2593,9.956689392145748,10.21160888671875,8.25818920135498,11.796191215515137
qwen3_vl_8b,raw,visual_prompt_sum,0,20,2593,8.304050058827546,8.063385963439941,6.37530517578125,9.872349739074707
qwen3_vl_8b,raw,visual_prompt_sum,0,21,2593,9.280880523840525,9.36103630065918,7.030338287353516,11.446799278259277
qwen3_vl_8b,raw,visual_prompt_sum,0,22,2593,9.03645666699312,9.102856636047363,7.209244251251221,10.819528579711914
qwen3_vl_8b,raw,visual_prompt_sum,0,23,2593,7.8321771634576685,7.718181610107422,6.6201863288879395,8.863483428955078
qwen3_vl_8b,raw,visual_prompt_sum,0,24,2593,14.333599737975021,14.265254020690918,11.534160614013672,17.074047088623047
qwen3_vl_8b,raw,visual_prompt_sum,0,25,2593,17.95573595652376,17.780784606933594,15.134431838989258,20.69081687927246
qwen3_vl_8b,raw,visual_prompt_sum,0,26,2593,7.99532576550676,7.824073314666748,6.144752502441406,9.550493240356445
qwen3_vl_8b,raw,visual_prompt_sum,0,27,2593,16.7787045714389,16.599252700805664,13.164469718933105,20.165124893188477
qwen3_vl_8b,raw,visual_prompt_sum,0,28,2593,13.095688544412033,12.66522216796875,10.318049430847168,15.347871780395508
qwen3_vl_8b,raw,visual_prompt_sum,0,29,2593,12.565228918828057,11.656204223632812,8.713654518127441,15.630268096923828
qwen3_vl_8b,raw,visual_prompt_sum,0,30,2593,26.97271993874676,25.866207122802734,20.493457794189453,31.899944305419922
qwen3_vl_8b,raw,visual_prompt_sum,0,31,2593,16.031756598748068,15.396411895751953,12.374667167663574,18.947980880737305
qwen3_vl_8b,raw,visual_prompt_sum,0,32,2593,20.156175514468345,19.419668197631836,15.343877792358398,24.12757110595703
qwen3_vl_8b,raw,visual_prompt_sum,0,33,2593,17.710126539109712,16.22801399230957,11.418925285339355,23.030399322509766
qwen3_vl_8b,raw,visual_prompt_sum,0,34,2593,39.48733383617114,38.498497009277344,32.31120300292969,45.55070114135742
qwen3_vl_8b,raw,visual_prompt_sum,0,35,2593,103.77397005557094,102.95001983642578,94.41017150878906,112.45378875732422
qwen3_vl_8b,raw,visual_prompt_sum,0,36,2593,183.51734516954403,178.84251403808594,153.22738647460938,211.22035217285156
qwen3_vl_8b,raw,visual_prompt_sum,1,1,12280,0.5121526008368703,0.39496296644210815,0.21223831176757812,0.72877436876297
qwen3_vl_8b,raw,visual_prompt_sum,1,2,12280,4.389557170770844,3.7169346809387207,2.417763113975525,6.197625756263733
qwen3_vl_8b,raw,visual_prompt_sum,1,3,12280,5.77244572103606,4.923784494400024,3.288053870201111,7.970131039619446
qwen3_vl_8b,raw,visual_prompt_sum,1,4,12280,4.187940545923741,3.767126441001892,2.7991204261779785,5.490438461303711
qwen3_vl_8b,raw,visual_prompt_sum,1,5,12280,2.9006138568082735,2.6864761114120483,1.9242570102214813,3.7856579422950745
qwen3_vl_8b,raw,visual_prompt_sum,1,6,12280,2.648480101070497,2.2764610052108765,1.6547692120075226,3.5204100012779236
qwen3_vl_8b,raw,visual_prompt_sum,1,7,12280,2.3316560426441777,1.8792035579681396,1.2015792727470398,3.203059136867523
qwen3_vl_8b,raw,visual_prompt_sum,1,8,12280,2.342366287519955,2.118571639060974,1.7468600869178772,2.84222149848938
qwen3_vl_8b,raw,visual_prompt_sum,1,9,12280,6.412575977167012,5.999852657318115,4.7302669286727905,7.8404810428619385
qwen3_vl_8b,raw,visual_prompt_sum,1,10,12280,8.982267095347568,8.705937385559082,6.240941405296326,11.307580471038818
qwen3_vl_8b,raw,visual_prompt_sum,1,11,12280,8.729622141720807,8.437679767608643,7.08550763130188,10.075991868972778
qwen3_vl_8b,raw,visual_prompt_sum,1,12,12280,7.272187878002173,7.08508563041687,5.648389935493469,8.817209959030151
qwen3_vl_8b,raw,visual_prompt_sum,1,13,12280,6.9355029229426615,6.628682613372803,5.620446801185608,8.077369451522827
qwen3_vl_8b,raw,visual_prompt_sum,1,14,12280,8.636713082636994,8.523305892944336,6.9007686376571655,10.298017501831055
qwen3_vl_8b,raw,visual_prompt_sum,1,15,12280,8.180551289638402,8.199278354644775,6.886725068092346,9.59243369102478
qwen3_vl_8b,raw,visual_prompt_sum,1,16,12280,9.66569984322262,9.773635864257812,7.971029758453369,11.425297021865845
qwen3_vl_8b,raw,visual_prompt_sum,1,17,12280,9.668055909464336,9.392592906951904,7.771574139595032,11.347547769546509
qwen3_vl_8b,raw,visual_prompt_sum,1,18,12280,10.899500101591165,10.951985359191895,9.549339771270752,12.397986650466919
qwen3_vl_8b,raw,visual_prompt_sum,1,19,12280,11.411871101452396,11.634971141815186,10.015403985977173,13.040914535522461
qwen3_vl_8b,raw,visual_prompt_sum,1,20,12280,10.274459115165842,10.196431159973145,8.340988874435425,12.053531885147095
qwen3_vl_8b,raw,visual_prompt_sum,1,21,12280,11.333063843778367,11.480193614959717,9.525482416152954,13.283297538757324
qwen3_vl_8b,raw,visual_prompt_sum,1,22,12280,11.39729317009255,11.378520965576172,9.368268966674805,13.473558902740479
qwen3_vl_8b,raw,visual_prompt_sum,1,23,12280,9.13529319405944,8.969353675842285,7.480393290519714,10.64533805847168
qwen3_vl_8b,raw,visual_prompt_sum,1,24,12280,16.892599008370688,17.101816177368164,13.934759140014648,20.027170181274414
qwen3_vl_8b,raw,visual_prompt_sum,1,25,12280,21.132970110756567,21.337929725646973,17.69526767730713,24.745205879211426
qwen3_vl_8b,raw,visual_prompt_sum,1,26,12280,9.579707145244369,9.30485200881958,7.344190239906311,11.576818227767944
qwen3_vl_8b,raw,visual_prompt_sum,1,27,12280,18.589055503579615,18.670316696166992,14.981361150741577,22.06260585784912
qwen3_vl_8b,raw,visual_prompt_sum,1,28,12280,16.413107911189137,16.026066780090332,12.71493411064148,19.73225975036621
qwen3_vl_8b,raw,visual_prompt_sum,1,29,12280,16.59589622676955,15.730596542358398,12.006577253341675,20.548611640930176
qwen3_vl_8b,raw,visual_prompt_sum,1,30,12280,31.40890268079621,29.18077278137207,22.417911052703857,38.12101173400879
qwen3_vl_8b,raw,visual_prompt_sum,1,31,12280,18.56472604892153,17.510624885559082,14.257997274398804,21.808066368103027
qwen3_vl_8b,raw,visual_prompt_sum,1,32,12280,24.549748497715992,23.71268081665039,18.753772735595703,29.487411975860596
qwen3_vl_8b,raw,visual_prompt_sum,1,33,12280,19.740635574019304,18.562687873840332,13.449307203292847,24.99350881576538
qwen3_vl_8b,raw,visual_prompt_sum,1,34,12280,42.8420809604446,41.27742576599121,34.87111949920654,49.684125900268555
qwen3_vl_8b,raw,visual_prompt_sum,1,35,12280,109.0565981805907,108.69333267211914,99.81625938415527,117.76101303100586
qwen3_vl_8b,raw,visual_prompt_sum,1,36,12280,202.1664622943642,200.0131607055664,164.0238037109375,237.84236526489258
internvl_2_5_8b,raw,prompt,0,1,1766,0.2037252831702054,0.1488853245973587,0.09892744943499565,0.26263073086738586
internvl_2_5_8b,raw,prompt,0,2,1766,0.2352044684211233,0.22262630611658096,0.19813057035207748,0.2566010057926178
internvl_2_5_8b,raw,prompt,0,3,1766,0.49473671026165056,0.48278048634529114,0.44013744592666626,0.5352511405944824
internvl_2_5_8b,raw,prompt,0,4,1766,0.7641696257269937,0.7602146565914154,0.7140311002731323,0.8043627887964249
internvl_2_5_8b,raw,prompt,0,5,1766,1.2779703660365005,1.2579480409622192,1.169899821281433,1.3608533143997192
internvl_2_5_8b,raw,prompt,0,6,1766,1.3015051170559189,1.281488060951233,1.2090511918067932,1.379250556230545
internvl_2_5_8b,raw,prompt,0,7,1766,1.884209246219622,1.8630804419517517,1.7598562836647034,1.986147701740265
internvl_2_5_8b,raw,prompt,0,8,1766,2.222875538390733,2.1896597146987915,2.049880266189575,2.3501821160316467
internvl_2_5_8b,raw,prompt,0,9,1766,2.4561832499936105,2.4213662147521973,2.2659385800361633,2.6042031049728394
internvl_2_5_8b,raw,prompt,0,10,1766,2.2691525092616356,2.2062127590179443,1.9647406935691833,2.5181087255477905
internvl_2_5_8b,raw,prompt,0,11,1766,3.0716967077784467,3.0139085054397583,2.7747499346733093,3.292682468891144
internvl_2_5_8b,raw,prompt,0,12,1766,2.580833769600632,2.5287803411483765,2.30939120054245,2.7935891151428223
internvl_2_5_8b,raw,prompt,0,13,1766,2.2453275825132195,2.1691997051239014,1.9383770525455475,2.484705328941345
internvl_2_5_8b,raw,prompt,0,14,1766,2.5038532248169756,2.4342408180236816,2.1866174936294556,2.737595856189728
internvl_2_5_8b,raw,prompt,0,15,1766,2.5130164874369534,2.4242457151412964,2.1635067462921143,2.750758111476898
internvl_2_5_8b,raw,prompt,0,16,1766,2.265742553522471,2.1777901649475098,1.8836754858493805,2.496284604072571
internvl_2_5_8b,raw,prompt,0,17,1766,2.576020197919649,2.5225733518600464,2.198912799358368,2.890754520893097
internvl_2_5_8b,raw,prompt,0,18,1766,2.16002878219328,2.0999155044555664,1.8935739696025848,2.3344241976737976
internvl_2_5_8b,raw,prompt,0,19,1766,2.660658815438993,2.6099687814712524,2.1734076142311096,3.082759976387024
internvl_2_5_8b,raw,prompt,0,20,1766,2.870877335322673,2.790936231613159,2.5507925748825073,3.0915656685829163
internvl_2_5_8b,raw,prompt,0,21,1766,1.7873009236050623,1.7274982929229736,1.5053834021091461,1.9807022213935852
internvl_2_5_8b,raw,prompt,0,22,1766,1.3558381425632355,1.3118079900741577,1.153703212738037,1.4895254075527191
internvl_2_5_8b,raw,prompt,0,23,1766,1.531285113616006,1.5165532231330872,1.4035027921199799,1.6270587146282196
internvl_2_5_8b,raw,prompt,0,24,1766,1.4455368205280563,1.3885260820388794,1.2284908592700958,1.5815708339214325
internvl_2_5_8b,raw,prompt,0,25,1766,0.8270664007517922,0.7802112698554993,0.6876723170280457,0.8923657387495041
internvl_2_5_8b,raw,prompt,0,26,1766,1.095062061857394,1.0601895451545715,0.9788667261600494,1.175801306962967
internvl_2_5_8b,raw,prompt,0,27,1766,1.234818821315182,1.2038587927818298,1.088978886604309,1.3340937495231628
internvl_2_5_8b,raw,prompt,0,28,1766,2.6816595676666206,2.6208078861236572,2.416064500808716,2.892202138900757
internvl_2_5_8b,raw,prompt,0,29,1766,2.5342341257788723,2.471871495246887,2.2714179158210754,2.737847924232483
internvl_2_5_8b,raw,prompt,0,30,1766,6.446324741313844,6.366999864578247,6.0230103731155396,6.758179664611816
internvl_2_5_8b,raw,prompt,0,31,1766,4.646334794882605,4.613828659057617,4.199572801589966,5.001116871833801
internvl_2_5_8b,raw,prompt,0,32,1766,15.74862218146146,15.471397399902344,13.981416940689087,17.199753284454346
internvl_2_5_8b,raw,prompt,1,1,9993,0.29390676627635515,0.25655749440193176,0.1361924707889557,0.426616907119751
internvl_2_5_8b,raw,prompt,1,2,9993,0.2987688997525371,0.274008572101593,0.22400328516960144,0.35805773735046387
internvl_2_5_8b,raw,prompt,1,3,9993,0.49980518797144663,0.4916510581970215,0.4499276280403137,0.5397786498069763
internvl_2_5_8b,raw,prompt,1,4,9993,0.7945540047593748,0.7899057865142822,0.7357473373413086,0.8436536192893982
internvl_2_5_8b,raw,prompt,1,5,9993,1.4229631448345572,1.363906979560852,1.239099383354187,1.5254591703414917
internvl_2_5_8b,raw,prompt,1,6,9993,1.3719722121420128,1.3400248289108276,1.2402853965759277,1.4744189977645874
internvl_2_5_8b,raw,prompt,1,7,9993,1.971560217591481,1.9422025680541992,1.8123610019683838,2.0881471633911133
internvl_2_5_8b,raw,prompt,1,8,9993,2.401254975424745,2.2906360626220703,2.098322868347168,2.5762312412261963
internvl_2_5_8b,raw,prompt,1,9,9993,2.735448299949739,2.6212189197540283,2.402059316635132,2.9177193641662598
internvl_2_5_8b,raw,prompt,1,10,9993,2.390493061047923,2.275538206100464,1.9826593399047852,2.713392496109009
internvl_2_5_8b,raw,prompt,1,11,9993,3.5309216120955726,3.3608598709106445,2.97912859916687,3.9067368507385254
internvl_2_5_8b,raw,prompt,1,12,9993,2.9521754412969337,2.8105528354644775,2.4650046825408936,3.2448325157165527
internvl_2_5_8b,raw,prompt,1,13,9993,2.522967309848236,2.4016759395599365,2.058737277984619,2.8456497192382812
internvl_2_5_8b,raw,prompt,1,14,9993,2.9512249962364745,2.827622890472412,2.457840919494629,3.307178497314453
internvl_2_5_8b,raw,prompt,1,15,9993,3.0627567803526885,2.8733415603637695,2.3724911212921143,3.569058418273926
internvl_2_5_8b,raw,prompt,1,16,9993,2.5950851847575995,2.476952314376831,2.053175449371338,2.983959674835205
internvl_2_5_8b,raw,prompt,1,17,9993,2.816768937266936,2.7295734882354736,2.3066916465759277,3.224151611328125
internvl_2_5_8b,raw,prompt,1,18,9993,2.494714163820104,2.3391072750091553,2.0330944061279297,2.786107301712036
internvl_2_5_8b,raw,prompt,1,19,9993,3.009983689836538,2.94598650932312,2.388819456100464,3.5714731216430664
internvl_2_5_8b,raw,prompt,1,20,9993,3.1407194765649806,3.0706067085266113,2.761152744293213,3.4553537368774414
internvl_2_5_8b,raw,prompt,1,21,9993,2.0956469369605055,1.9947919845581055,1.6889773607254028,2.3956546783447266
internvl_2_5_8b,raw,prompt,1,22,9993,1.5318092630454205,1.4737054109573364,1.2898601293563843,1.715537667274475
internvl_2_5_8b,raw,prompt,1,23,9993,1.6192136253189733,1.5778968334197998,1.4529767036437988,1.7459239959716797
internvl_2_5_8b,raw,prompt,1,24,9993,1.6329562607248613,1.5969144105911255,1.3634610176086426,1.8537487983703613
internvl_2_5_8b,raw,prompt,1,25,9993,1.06184093461647,0.9457937479019165,0.7934539914131165,1.2116340398788452
internvl_2_5_8b,raw,prompt,1,26,9993,1.240133398910262,1.1572797298431396,1.027416467666626,1.3677021265029907
internvl_2_5_8b,raw,prompt,1,27,9993,1.337876483537074,1.2413197755813599,1.1175756454467773,1.4232866764068604
internvl_2_5_8b,raw,prompt,1,28,9993,2.9339587435783905,2.8845107555389404,2.569613218307495,3.244738817214966
internvl_2_5_8b,raw,prompt,1,29,9993,2.8667260449199623,2.7082762718200684,2.419229745864868,3.1304779052734375
internvl_2_5_8b,raw,prompt,1,30,9993,7.219025596894267,6.927667140960693,6.355922222137451,7.839733123779297
internvl_2_5_8b,raw,prompt,1,31,9993,5.412540752322516,5.178931713104248,4.6429595947265625,5.9919867515563965
internvl_2_5_8b,raw,prompt,1,32,9993,18.27348579745339,17.85898780822754,15.540990829467773,20.66196060180664
internvl_2_5_8b,raw,generation,0,1,1766,1.556392905969987,1.5090742111206055,1.2935055792331696,1.7806503474712372
internvl_2_5_8b,raw,generation,0,2,1766,2.535407873944275,2.549182653427124,2.1200568675994873,2.911607027053833
internvl_2_5_8b,raw,generation,0,3,1766,0.6445775403897462,0.5575723052024841,0.42322829365730286,0.7763457894325256
internvl_2_5_8b,raw,generation,0,4,1766,1.81514607418839,1.748544991016388,1.4251005947589874,2.124824345111847
internvl_2_5_8b,raw,generation,0,5,1766,2.5964653147036465,2.5598676204681396,2.18011212348938,2.972335398197174
internvl_2_5_8b,raw,generation,0,6,1766,4.3038752873176085,4.31379508972168,3.565993905067444,5.0820406675338745
internvl_2_5_8b,raw,generation,0,7,1766,4.272006839885042,4.228639602661133,3.584496021270752,4.929511785507202
internvl_2_5_8b,raw,generation,0,8,1766,4.980105729092288,4.93578028678894,3.988205909729004,5.929518461227417
internvl_2_5_8b,raw,generation,0,9,1766,5.190117773153774,5.196722745895386,4.457303285598755,5.956986308097839
internvl_2_5_8b,raw,generation,0,10,1766,4.533792721860676,4.481677532196045,3.6480568051338196,5.329071521759033
internvl_2_5_8b,raw,generation,0,11,1766,6.992580575891691,6.946970462799072,6.021653056144714,7.93426787853241
internvl_2_5_8b,raw,generation,0,12,1766,6.225887368381496,6.106276035308838,5.115828275680542,7.243880867958069
internvl_2_5_8b,raw,generation,0,13,1766,6.935689955983534,6.808717250823975,5.700672388076782,8.046998977661133
internvl_2_5_8b,raw,generation,0,14,1766,8.15862480686853,8.073462963104248,6.843838095664978,9.400003910064697
internvl_2_5_8b,raw,generation,0,15,1766,9.822446276215437,9.931334495544434,8.222799062728882,11.368594884872437
internvl_2_5_8b,raw,generation,0,16,1766,6.771109161162295,6.43252158164978,4.778729557991028,8.50315546989441
internvl_2_5_8b,raw,generation,0,17,1766,8.190010502208805,8.14489221572876,6.451816201210022,9.718389987945557
internvl_2_5_8b,raw,generation,0,18,1766,9.073745855658673,8.906051635742188,7.764104247093201,10.155609846115112
internvl_2_5_8b,raw,generation,0,19,1766,10.62815376356801,10.50688362121582,8.901591062545776,12.222548484802246
internvl_2_5_8b,raw,generation,0,20,1766,9.76432767864802,9.33625078201294,7.345379829406738,11.67800784111023
internvl_2_5_8b,raw,generation,0,21,1766,7.779271421251589,7.704096794128418,6.38504946231842,9.107168674468994
internvl_2_5_8b,raw,generation,0,22,1766,8.934009717922924,8.828230857849121,7.196416974067688,10.636648416519165
internvl_2_5_8b,raw,generation,0,23,1766,3.8812946992781803,3.858588457107544,2.929659843444824,4.72360634803772
internvl_2_5_8b,raw,generation,0,24,1766,4.930018343174849,4.653123617172241,3.7598809003829956,5.674022078514099
internvl_2_5_8b,raw,generation,0,25,1766,3.536899515770435,3.3613311052322388,2.4564622044563293,4.404512882232666
internvl_2_5_8b,raw,generation,0,26,1766,3.5367414368272234,3.395032048225403,2.573770582675934,4.362331032752991
internvl_2_5_8b,raw,generation,0,27,1766,3.3155594623372346,3.008526086807251,2.156036078929901,4.043232798576355
internvl_2_5_8b,raw,generation,0,28,1766,6.279133038504613,5.776227712631226,4.562912940979004,7.638437271118164
internvl_2_5_8b,raw,generation,0,29,1766,8.135172738089297,7.80205774307251,6.544407367706299,9.56747841835022
internvl_2_5_8b,raw,generation,0,30,1766,11.993796165910204,11.657513618469238,9.747763633728027,13.916034460067749
internvl_2_5_8b,raw,generation,0,31,1766,10.45067872007463,10.072819709777832,8.395179986953735,12.129775285720825
internvl_2_5_8b,raw,generation,0,32,1766,46.85229477822983,46.35092735290527,42.168410301208496,50.9810094833374
internvl_2_5_8b,raw,generation,1,1,9993,1.3720720288549042,1.324754238128662,1.1090478897094727,1.6179699897766113
internvl_2_5_8b,raw,generation,1,2,9993,2.288421239316565,2.2391533851623535,1.9031989574432373,2.641033411026001
internvl_2_5_8b,raw,generation,1,3,9993,0.5470667811386294,0.467901349067688,0.3171332776546478,0.6985401511192322
internvl_2_5_8b,raw,generation,1,4,9993,1.4641209325071785,1.3876725435256958,1.0540618896484375,1.7683568000793457
internvl_2_5_8b,raw,generation,1,5,9993,2.0168007835335744,2.04193115234375,1.4165797233581543,2.5642008781433105
internvl_2_5_8b,raw,generation,1,6,9993,3.1339858522181823,3.1320457458496094,1.9104901552200317,4.171378135681152
internvl_2_5_8b,raw,generation,1,7,9993,3.4067336336623724,3.4155986309051514,2.477583169937134,4.251924991607666
internvl_2_5_8b,raw,generation,1,8,9993,3.662300271242574,3.589553117752075,2.2429370880126953,4.809633731842041
internvl_2_5_8b,raw,generation,1,9,9993,4.180978112472233,4.185401439666748,3.0288915634155273,5.18612003326416
internvl_2_5_8b,raw,generation,1,10,9993,3.3423953169305727,3.232771158218384,2.187805414199829,4.346108913421631
internvl_2_5_8b,raw,generation,1,11,9993,5.614988253279561,5.726728916168213,4.300378799438477,6.9159088134765625
internvl_2_5_8b,raw,generation,1,12,9993,4.793870294844437,4.746370315551758,3.1171817779541016,6.215512752532959
internvl_2_5_8b,raw,generation,1,13,9993,5.330557244980906,5.258730888366699,3.5955424308776855,6.795865535736084
internvl_2_5_8b,raw,generation,1,14,9993,6.820109504533461,6.695497989654541,4.988668441772461,8.398903846740723
internvl_2_5_8b,raw,generation,1,15,9993,8.156300813791738,7.8548583984375,6.159979343414307,9.948113441467285
internvl_2_5_8b,raw,generation,1,16,9993,4.456414711441971,4.038562774658203,2.3369228839874268,5.952524662017822
internvl_2_5_8b,raw,generation,1,17,9993,6.63700122693918,6.314692497253418,4.270571708679199,8.601561546325684
internvl_2_5_8b,raw,generation,1,18,9993,8.034280520951343,7.922904968261719,6.42396879196167,9.458837509155273
internvl_2_5_8b,raw,generation,1,19,9993,9.30845603229023,8.94849681854248,6.766782760620117,11.404547691345215
internvl_2_5_8b,raw,generation,1,20,9993,7.5231532144150455,6.908392429351807,5.136303424835205,9.175399780273438
internvl_2_5_8b,raw,generation,1,21,9993,6.198307331219386,5.9914984703063965,4.1399946212768555,7.891779899597168
internvl_2_5_8b,raw,generation,1,22,9993,7.081288957332188,7.005420684814453,4.431398391723633,9.266806602478027
internvl_2_5_8b,raw,generation,1,23,9993,3.014759882585215,2.8286843299865723,2.0403692722320557,3.8395352363586426
internvl_2_5_8b,raw,generation,1,24,9993,4.146133727107835,3.852959156036377,2.928912878036499,4.944738864898682
internvl_2_5_8b,raw,generation,1,25,9993,2.562050300339112,2.302431344985962,1.2838910818099976,3.445392370223999
internvl_2_5_8b,raw,generation,1,26,9993,3.0181910864353467,2.7706003189086914,1.9901173114776611,3.872692823410034
internvl_2_5_8b,raw,generation,1,27,9993,2.618372046158954,2.244994640350342,1.3799382448196411,3.428405284881592
internvl_2_5_8b,raw,generation,1,28,9993,5.575212197428791,5.130605220794678,4.119831085205078,6.6489362716674805
internvl_2_5_8b,raw,generation,1,29,9993,6.5252757544013145,6.255516052246094,4.591121673583984,8.028160095214844
internvl_2_5_8b,raw,generation,1,30,9993,10.422189232442491,10.2247896194458,7.871636867523193,12.551793098449707
internvl_2_5_8b,raw,generation,1,31,9993,8.920368148222899,8.605854988098145,6.627917289733887,10.757404327392578
internvl_2_5_8b,raw,generation,1,32,9993,42.24280532139099,41.914791107177734,36.34291076660156,47.647586822509766
internvl_2_5_8b,raw,visual,0,1,1766,0.14284945363315962,0.1183694452047348,0.08541627787053585,0.17167985439300537
internvl_2_5_8b,raw,visual,0,2,1766,0.13125738994949335,0.12511710077524185,0.1002545915544033,0.15460510551929474
internvl_2_5_8b,raw,visual,0,3,1766,0.05530051394056693,0.04625025950372219,0.03332602605223656,0.06649674847722054
internvl_2_5_8b,raw,visual,0,4,1766,0.13290104842380887,0.11154168471693993,0.08037113212049007,0.15955783426761627
internvl_2_5_8b,raw,visual,0,5,1766,0.42755423824588684,0.3427544832229614,0.23310169577598572,0.5199466794729233
internvl_2_5_8b,raw,visual,0,6,1766,1.0181144783874532,0.7859712541103363,0.49851470440626144,1.2465441823005676
internvl_2_5_8b,raw,visual,0,7,1766,0.8242966699860104,0.6383258402347565,0.42783989012241364,0.9796959608793259
internvl_2_5_8b,raw,visual,0,8,1766,2.0469801580430023,1.8634321689605713,1.1733113825321198,2.679452419281006
internvl_2_5_8b,raw,visual,0,9,1766,0.9163709943976974,0.8037685751914978,0.6166995018720627,1.0829533338546753
internvl_2_5_8b,raw,visual,0,10,1766,3.0178856343317815,2.8132686614990234,1.8431164622306824,3.9837753772735596
internvl_2_5_8b,raw,visual,0,11,1766,1.6253906103148466,1.4801628589630127,0.9422723650932312,2.145540416240692
internvl_2_5_8b,raw,visual,0,12,1766,2.59679885053773,2.476606011390686,1.5845284163951874,3.461334705352783
internvl_2_5_8b,raw,visual,0,13,1766,4.424994570769513,4.316624402999878,2.7235161662101746,5.854847431182861
internvl_2_5_8b,raw,visual,0,14,1766,1.5482783995585627,1.4140124917030334,0.9004203081130981,2.0518239736557007
internvl_2_5_8b,raw,visual,0,15,1766,2.6737742586776463,2.6261861324310303,1.6841434836387634,3.5555993914604187
internvl_2_5_8b,raw,visual,0,16,1766,6.361473620056026,6.355099201202393,4.121970057487488,8.405843257904053
internvl_2_5_8b,raw,visual,0,17,1766,4.339211756686257,4.303313493728638,2.7667529582977295,5.741121888160706
internvl_2_5_8b,raw,visual,0,18,1766,2.6068128553743337,2.438819646835327,1.4040631651878357,3.758807122707367
internvl_2_5_8b,raw,visual,0,19,1766,4.716727756259125,4.540325880050659,2.8332513570785522,6.432326912879944
internvl_2_5_8b,raw,visual,0,20,1766,7.4255713413080295,7.475369930267334,4.864968538284302,9.872642993927002
internvl_2_5_8b,raw,visual,0,21,1766,4.374925480946679,4.2412190437316895,2.6840776205062866,5.819384336471558
internvl_2_5_8b,raw,visual,0,22,1766,3.1880689331605643,2.8587485551834106,1.697113037109375,4.385762095451355
internvl_2_5_8b,raw,visual,0,23,1766,1.413778247516328,1.183950126171112,0.6411129534244537,1.9632992148399353
internvl_2_5_8b,raw,visual,0,24,1766,1.280322787525936,1.0482199788093567,0.567094087600708,1.7959591150283813
internvl_2_5_8b,raw,visual,0,25,1766,3.8464008421169873,3.534566283226013,1.6553910374641418,5.635607004165649
internvl_2_5_8b,raw,visual,0,26,1766,2.652371334445706,2.358092188835144,1.0130509734153748,4.019195079803467
internvl_2_5_8b,raw,visual,0,27,1766,2.262745864478405,1.6889195442199707,0.7521925121545792,3.054627776145935
internvl_2_5_8b,raw,visual,0,28,1766,1.0171124302821144,0.8650349378585815,0.47417084127664566,1.443838894367218
internvl_2_5_8b,raw,visual,0,29,1766,3.3876984608807894,2.9050244092941284,1.502163589000702,4.824844598770142
internvl_2_5_8b,raw,visual,0,30,1766,5.8335159236347955,5.138494253158569,2.8868951201438904,8.088306903839111
internvl_2_5_8b,raw,visual,0,31,1766,4.044465882895622,3.540162205696106,2.072134017944336,5.5184948444366455
internvl_2_5_8b,raw,visual,0,32,1766,5.987766179061017,5.400120973587036,3.6092693209648132,7.6818907260894775
internvl_2_5_8b,raw,visual,1,1,9993,0.19695197115216564,0.1831345409154892,0.11382754147052765,0.24664601683616638
internvl_2_5_8b,raw,visual,1,2,9993,0.16517193790647847,0.15363091230392456,0.12102838605642319,0.19684553146362305
internvl_2_5_8b,raw,visual,1,3,9993,0.07966968450178216,0.06454196572303772,0.0450645349919796,0.09216959774494171
internvl_2_5_8b,raw,visual,1,4,9993,0.1993995381872044,0.16970564424991608,0.11579616367816925,0.2560359239578247
internvl_2_5_8b,raw,visual,1,5,9993,0.6662516886181813,0.5559502243995667,0.33790165185928345,0.9159682989120483
internvl_2_5_8b,raw,visual,1,6,9993,1.8424503472394609,1.434409499168396,0.8088385462760925,2.750136375427246
internvl_2_5_8b,raw,visual,1,7,9993,1.4102560474359214,1.1629550457000732,0.6743267774581909,1.9270235300064087
internvl_2_5_8b,raw,visual,1,8,9993,2.9246480913863913,2.9006285667419434,1.8968600034713745,3.790682315826416
internvl_2_5_8b,raw,visual,1,9,9993,1.4357569332620492,1.2672563791275024,0.8689588308334351,1.9414668083190918
internvl_2_5_8b,raw,visual,1,10,9993,4.087277536341871,4.08747673034668,2.966262102127075,5.107554912567139
internvl_2_5_8b,raw,visual,1,11,9993,2.2897277088446457,2.2397916316986084,1.5392134189605713,2.98930025100708
internvl_2_5_8b,raw,visual,1,12,9993,3.6426071892593592,3.6183104515075684,2.696877956390381,4.567171573638916
internvl_2_5_8b,raw,visual,1,13,9993,5.600260911476775,5.503039836883545,4.221818923950195,6.851900100708008
internvl_2_5_8b,raw,visual,1,14,9993,2.1676012281077552,2.108685255050659,1.472594976425171,2.820068836212158
internvl_2_5_8b,raw,visual,1,15,9993,3.4416717027509627,3.4809041023254395,2.621837615966797,4.3221635818481445
internvl_2_5_8b,raw,visual,1,16,9993,7.70581077319729,7.894931793212891,6.1812920570373535,9.439642906188965
internvl_2_5_8b,raw,visual,1,17,9993,5.414371649463005,5.569981098175049,4.368056774139404,6.613597869873047
internvl_2_5_8b,raw,visual,1,18,9993,3.495031277311823,3.650238037109375,2.6174678802490234,4.394230842590332
internvl_2_5_8b,raw,visual,1,19,9993,6.370314167548345,6.604174613952637,4.584816932678223,8.064783096313477
internvl_2_5_8b,raw,visual,1,20,9993,9.551015219986766,9.741159439086914,7.083451271057129,12.07176399230957
internvl_2_5_8b,raw,visual,1,21,9993,5.617903871775079,5.616413116455078,4.0266265869140625,7.117122173309326
internvl_2_5_8b,raw,visual,1,22,9993,4.221572616815949,4.136177062988281,2.5776190757751465,5.644997596740723
internvl_2_5_8b,raw,visual,1,23,9993,1.7914097792061972,1.6840453147888184,1.1288089752197266,2.3351986408233643
internvl_2_5_8b,raw,visual,1,24,9993,1.4297747920349018,1.2110116481781006,0.7487502098083496,1.892017126083374
internvl_2_5_8b,raw,visual,1,25,9993,5.059354065487326,4.859703063964844,2.9373440742492676,6.825712203979492
internvl_2_5_8b,raw,visual,1,26,9993,3.758066968516486,3.710451126098633,2.1282505989074707,5.238963603973389
internvl_2_5_8b,raw,visual,1,27,9993,2.4438300623805342,2.2457399368286133,1.3168327808380127,3.338094472885132
internvl_2_5_8b,raw,visual,1,28,9993,1.2565623277895779,1.1103630065917969,0.6976929903030396,1.6896576881408691
internvl_2_5_8b,raw,visual,1,29,9993,4.560606938965278,4.184025764465332,2.4567434787750244,6.2537150382995605
internvl_2_5_8b,raw,visual,1,30,9993,7.502581447398688,7.1182169914245605,4.540154457092285,9.966894149780273
internvl_2_5_8b,raw,visual,1,31,9993,5.260627524494636,4.8564910888671875,3.25050687789917,6.8135986328125
internvl_2_5_8b,raw,visual,1,32,9993,8.344000641742316,7.766512870788574,5.651214122772217,10.39400863647461
internvl_2_5_8b,raw,visual_prompt_sum,0,1,1766,0.34657473695102664,0.27927927672863007,0.18715884536504745,0.4402540847659111
internvl_2_5_8b,raw,visual_prompt_sum,0,2,1766,0.36646185827991024,0.34995751082897186,0.3082900643348694,0.4054264575242996
internvl_2_5_8b,raw,visual_prompt_sum,0,3,1766,0.5500372230399101,0.5378545820713043,0.4885358065366745,0.598607525229454
internvl_2_5_8b,raw,visual_prompt_sum,0,4,1766,0.8970706733207335,0.8751843869686127,0.8161741644144058,0.9483581185340881
internvl_2_5_8b,raw,visual_prompt_sum,0,5,1766,1.7055246065184053,1.6219494938850403,1.4594038724899292,1.8457472920417786
internvl_2_5_8b,raw,visual_prompt_sum,0,6,1766,2.3196195964095008,2.077480435371399,1.7894788980484009,2.5345633029937744
internvl_2_5_8b,raw,visual_prompt_sum,0,7,1766,2.708505917783502,2.5391429662704468,2.2854419946670532,2.899409770965576
internvl_2_5_8b,raw,visual_prompt_sum,0,8,1766,4.269855690434457,4.127731561660767,3.3943248987197876,4.906977891921997
internvl_2_5_8b,raw,visual_prompt_sum,0,9,1766,3.3725542482811353,3.2496215105056763,2.954060733318329,3.6163448095321655
internvl_2_5_8b,raw,visual_prompt_sum,0,10,1766,5.287038140091728,5.106362342834473,4.177441120147705,6.200471997261047
internvl_2_5_8b,raw,visual_prompt_sum,0,11,1766,4.697087319088954,4.559217691421509,3.913723647594452,5.2846009731292725
internvl_2_5_8b,raw,visual_prompt_sum,0,12,1766,5.177632615830863,5.037747859954834,4.099142909049988,6.075530052185059
internvl_2_5_8b,raw,visual_prompt_sum,0,13,1766,6.670322158598549,6.5537309646606445,5.07791543006897,8.024006128311157
internvl_2_5_8b,raw,visual_prompt_sum,0,14,1766,4.052131624008494,3.8938066959381104,3.215211570262909,4.696413993835449
internvl_2_5_8b,raw,visual_prompt_sum,0,15,1766,5.186790751101341,5.053498268127441,4.137600898742676,6.098515272140503
internvl_2_5_8b,raw,visual_prompt_sum,0,16,1766,8.627216169005207,8.572472095489502,6.55437970161438,10.527145385742188
internvl_2_5_8b,raw,visual_prompt_sum,0,17,1766,6.915231952310823,6.8493876457214355,5.489584565162659,8.194650411605835
internvl_2_5_8b,raw,visual_prompt_sum,0,18,1766,4.7668416367111766,4.540188550949097,3.6037964820861816,5.80988621711731
internvl_2_5_8b,raw,visual_prompt_sum,0,19,1766,7.377386558771404,7.192072629928589,5.64869499206543,8.910575151443481
internvl_2_5_8b,raw,visual_prompt_sum,0,20,1766,10.296448665729061,10.220598220825195,7.680824875831604,12.653213739395142
internvl_2_5_8b,raw,visual_prompt_sum,0,21,1766,6.162226405378647,5.987552881240845,4.548251032829285,7.476871609687805
internvl_2_5_8b,raw,visual_prompt_sum,0,22,1766,4.543907075411601,4.202031373977661,3.065142810344696,5.711733341217041
internvl_2_5_8b,raw,visual_prompt_sum,0,23,1766,2.945063363790242,2.7340577840805054,2.157076120376587,3.5468567609786987
internvl_2_5_8b,raw,visual_prompt_sum,0,24,1766,2.725859604767468,2.5700560808181763,2.011863887310028,3.28466135263443
internvl_2_5_8b,raw,visual_prompt_sum,0,25,1766,4.673467244999325,4.345062971115112,2.4727149605751038,6.432912468910217
internvl_2_5_8b,raw,visual_prompt_sum,0,26,1766,3.7474333949699274,3.421151280403137,2.176420569419861,5.0747435092926025
internvl_2_5_8b,raw,visual_prompt_sum,0,27,1766,3.497564684561668,2.9029570817947388,1.9934110641479492,4.280422806739807
internvl_2_5_8b,raw,visual_prompt_sum,0,28,1766,3.6987719994844155,3.6360113620758057,3.0715888142585754,4.234287977218628
internvl_2_5_8b,raw,visual_prompt_sum,0,29,1766,5.921932586592159,5.451610565185547,4.039731740951538,7.332951903343201
internvl_2_5_8b,raw,visual_prompt_sum,0,30,1766,12.279840666737455,11.591712474822998,9.487834215164185,14.468780040740967
internvl_2_5_8b,raw,visual_prompt_sum,0,31,1766,8.690800688004845,8.285940170288086,6.7243160009384155,10.093695640563965
internvl_2_5_8b,raw,visual_prompt_sum,0,32,1766,21.736388353367218,21.116920471191406,18.748991012573242,23.82571315765381
internvl_2_5_8b,raw,visual_prompt_sum,1,1,9993,0.4908587374132364,0.4486665725708008,0.2569350600242615,0.6892561912536621
internvl_2_5_8b,raw,visual_prompt_sum,1,2,9993,0.46394083730113717,0.4291045069694519,0.3544861078262329,0.5490649342536926
internvl_2_5_8b,raw,visual_prompt_sum,1,3,9993,0.5794748723101332,0.568817675113678,0.5153372287750244,0.6290677785873413
internvl_2_5_8b,raw,visual_prompt_sum,1,4,9993,0.9939535427568291,0.9612973928451538,0.8723459839820862,1.0958441495895386
internvl_2_5_8b,raw,visual_prompt_sum,1,5,9993,2.0892148323809674,1.9291799068450928,1.6350191831588745,2.456744909286499
internvl_2_5_8b,raw,visual_prompt_sum,1,6,9993,3.214422556697386,2.783128261566162,2.098224639892578,4.182369709014893
internvl_2_5_8b,raw,visual_prompt_sum,1,7,9993,3.381816265068409,3.125094175338745,2.564181327819824,4.081699371337891
internvl_2_5_8b,raw,visual_prompt_sum,1,8,9993,5.325903065818024,5.238589286804199,4.161323070526123,6.43165397644043
internvl_2_5_8b,raw,visual_prompt_sum,1,9,9993,4.171205235830265,3.9112484455108643,3.3162307739257812,4.8229265213012695
internvl_2_5_8b,raw,visual_prompt_sum,1,10,9993,6.477770597908717,6.472928047180176,5.267435073852539,7.698198318481445
internvl_2_5_8b,raw,visual_prompt_sum,1,11,9993,5.820649319197052,5.658034324645996,4.709583282470703,6.774557590484619
internvl_2_5_8b,raw,visual_prompt_sum,1,12,9993,6.594782630709882,6.452031135559082,5.3597917556762695,7.843560218811035
internvl_2_5_8b,raw,visual_prompt_sum,1,13,9993,8.123228221711223,8.046552658081055,6.691168785095215,9.585774421691895
internvl_2_5_8b,raw,visual_prompt_sum,1,14,9993,5.118826224927274,4.95642614364624,4.059779644012451,6.086626052856445
internvl_2_5_8b,raw,visual_prompt_sum,1,15,9993,6.504428480786388,6.3301262855529785,5.231305122375488,7.605113983154297
internvl_2_5_8b,raw,visual_prompt_sum,1,16,9993,10.300895961975057,10.716500282287598,8.664734840393066,12.046470642089844
internvl_2_5_8b,raw,visual_prompt_sum,1,17,9993,8.231140586285575,8.366645812988281,7.034305572509766,9.58691120147705
internvl_2_5_8b,raw,visual_prompt_sum,1,18,9993,5.9897454418625955,6.072320938110352,4.884097099304199,7.100419521331787
internvl_2_5_8b,raw,visual_prompt_sum,1,19,9993,9.380297858018626,9.606670379638672,7.44813346862793,11.31275749206543
internvl_2_5_8b,raw,visual_prompt_sum,1,20,9993,12.691734703145656,12.871411323547363,10.09737491607666,15.267899513244629
internvl_2_5_8b,raw,visual_prompt_sum,1,21,9993,7.713550810029911,7.808833599090576,6.002936840057373,9.349187850952148
internvl_2_5_8b,raw,visual_prompt_sum,1,22,9993,5.753381883550499,5.7202372550964355,4.008699417114258,7.266743183135986
internvl_2_5_8b,raw,visual_prompt_sum,1,23,9993,3.4106234040189216,3.3607561588287354,2.680241823196411,4.039360046386719
internvl_2_5_8b,raw,visual_prompt_sum,1,24,9993,3.062731053668625,2.9489457607269287,2.4037692546844482,3.5827133655548096
internvl_2_5_8b,raw,visual_prompt_sum,1,25,9993,6.1211949964489625,5.973616600036621,3.934523344039917,7.916723251342773
internvl_2_5_8b,raw,visual_prompt_sum,1,26,9993,4.998200366127948,4.959946632385254,3.285370111465454,6.528807640075684
internvl_2_5_8b,raw,visual_prompt_sum,1,27,9993,3.7817065447261715,3.565605640411377,2.566891670227051,4.783512592315674
internvl_2_5_8b,raw,visual_prompt_sum,1,28,9993,4.190521071506646,4.141075134277344,3.473538398742676,4.774473667144775
internvl_2_5_8b,raw,visual_prompt_sum,1,29,9993,7.427332980919323,7.052388668060303,5.166051864624023,9.243121147155762
internvl_2_5_8b,raw,visual_prompt_sum,1,30,9993,14.72160703379817,14.389513969421387,11.526470184326172,17.487991333007812
internvl_2_5_8b,raw,visual_prompt_sum,1,31,9993,10.67316827222438,10.357964515686035,8.453189849853516,12.447799682617188
internvl_2_5_8b,raw,visual_prompt_sum,1,32,9993,26.617486442780454,25.742551803588867,22.18102264404297,30.609304428100586
qwen2_5_vl_7b,log1p,prompt,0,1,916,0.6953460803849207,0.6309175491333008,0.4936578795313835,0.8586682081222534
qwen2_5_vl_7b,log1p,prompt,0,2,916,2.307634681593383,2.2638487815856934,2.0564284920692444,2.5403552651405334
qwen2_5_vl_7b,log1p,prompt,0,3,916,1.6739268750603022,1.6373546123504639,1.462333232164383,1.8402976393699646
qwen2_5_vl_7b,log1p,prompt,0,4,916,1.6962802150494147,1.6689432263374329,1.4901762902736664,1.8599895238876343
qwen2_5_vl_7b,log1p,prompt,0,5,916,2.3960559330392615,2.3860875368118286,2.1954267621040344,2.588832974433899
qwen2_5_vl_7b,log1p,prompt,0,6,916,2.370879003314472,2.339842438697815,2.1841182112693787,2.520833373069763
qwen2_5_vl_7b,log1p,prompt,0,7,916,1.8745697782289514,1.845991313457489,1.7601431906223297,1.9621385633945465
qwen2_5_vl_7b,log1p,prompt,0,8,916,1.37172447236084,1.3479549884796143,1.2569315731525421,1.4457166492938995
qwen2_5_vl_7b,log1p,prompt,0,9,916,1.5084142694046403,1.4733158349990845,1.3829223811626434,1.595532476902008
qwen2_5_vl_7b,log1p,prompt,0,10,916,2.3062645707067966,2.2636138200759888,2.145630955696106,2.4193832874298096
qwen2_5_vl_7b,log1p,prompt,0,11,916,1.565062467187773,1.5504255294799805,1.4629891216754913,1.64518341422081
qwen2_5_vl_7b,log1p,prompt,0,12,916,1.663226000086189,1.651373267173767,1.5546434819698334,1.7610022723674774
qwen2_5_vl_7b,log1p,prompt,0,13,916,1.7006502135872321,1.6752195358276367,1.5758467018604279,1.795588880777359
qwen2_5_vl_7b,log1p,prompt,0,14,916,1.732151774469942,1.7239202857017517,1.622328668832779,1.8343530893325806
qwen2_5_vl_7b,log1p,prompt,0,15,916,1.6226209447633753,1.5982049107551575,1.4863016307353973,1.7576313018798828
qwen2_5_vl_7b,log1p,prompt,0,16,916,1.4387550961763058,1.4218609929084778,1.329732060432434,1.5313356518745422
qwen2_5_vl_7b,log1p,prompt,0,17,916,1.3007956846702566,1.279384970664978,1.1408247351646423,1.4505673050880432
qwen2_5_vl_7b,log1p,prompt,0,18,916,1.286248421304611,1.27114599943161,1.1730775833129883,1.380973070859909
qwen2_5_vl_7b,log1p,prompt,0,19,916,1.546758094338871,1.5373771786689758,1.4172775447368622,1.673798531293869
qwen2_5_vl_7b,log1p,prompt,0,20,916,1.6492397682375262,1.6502174735069275,1.5214380025863647,1.7687280774116516
qwen2_5_vl_7b,log1p,prompt,0,21,916,1.1133193568241129,1.0991002917289734,0.9980714321136475,1.2097023129463196
qwen2_5_vl_7b,log1p,prompt,0,22,916,1.2294958255306603,1.2107214331626892,1.0999912917613983,1.342216044664383
qwen2_5_vl_7b,log1p,prompt,0,23,916,1.4174430329987056,1.388540267944336,1.2806759476661682,1.516972541809082
qwen2_5_vl_7b,log1p,prompt,0,24,916,2.4986907250235695,2.51060152053833,2.3953052759170532,2.6063586473464966
qwen2_5_vl_7b,log1p,prompt,0,25,916,2.3242840211204046,2.346376061439514,2.2422242164611816,2.4316294193267822
qwen2_5_vl_7b,log1p,prompt,0,26,916,2.5971982076959317,2.6047589778900146,2.4790359139442444,2.736338257789612
qwen2_5_vl_7b,log1p,prompt,0,27,916,3.176533775298356,3.1851861476898193,3.08638197183609,3.2812955379486084
qwen2_5_vl_7b,log1p,prompt,0,28,916,3.6110227214717447,3.6266063451766968,3.422279953956604,3.8026569485664368
qwen2_5_vl_7b,log1p,prompt,1,1,7801,0.98593335566521,0.9748310446739197,0.6557499170303345,1.3105583190917969
qwen2_5_vl_7b,log1p,prompt,1,2,7801,2.6365972132793436,2.7135119438171387,2.3092832565307617,2.9935808181762695
qwen2_5_vl_7b,log1p,prompt,1,3,7801,1.9220094275679318,1.9509525299072266,1.660610318183899,2.1959784030914307
qwen2_5_vl_7b,log1p,prompt,1,4,7801,2.005662711755295,2.014991044998169,1.7196992635726929,2.2985429763793945
qwen2_5_vl_7b,log1p,prompt,1,5,7801,2.548438231160497,2.5276260375976562,2.3171498775482178,2.789499044418335
qwen2_5_vl_7b,log1p,prompt,1,6,7801,2.5077515282305125,2.462960720062256,2.285788059234619,2.767089605331421
qwen2_5_vl_7b,log1p,prompt,1,7,7801,1.9661370992599396,1.9604249000549316,1.84417724609375,2.101569414138794
qwen2_5_vl_7b,log1p,prompt,1,8,7801,1.494881778019481,1.461930513381958,1.3375550508499146,1.6736671924591064
qwen2_5_vl_7b,log1p,prompt,1,9,7801,1.6612806330887329,1.596353530883789,1.4667106866836548,1.8584543466567993
qwen2_5_vl_7b,log1p,prompt,1,10,7801,2.4719369264768187,2.431532859802246,2.2637205123901367,2.6640243530273438
qwen2_5_vl_7b,log1p,prompt,1,11,7801,1.6720298027750804,1.6555548906326294,1.5393667221069336,1.8104732036590576
qwen2_5_vl_7b,log1p,prompt,1,12,7801,1.7689361076693613,1.7626221179962158,1.63408625125885,1.9069479703903198
qwen2_5_vl_7b,log1p,prompt,1,13,7801,1.8403998374358277,1.8213231563568115,1.6569719314575195,2.011277675628662
qwen2_5_vl_7b,log1p,prompt,1,14,7801,1.8921129420512366,1.864270567893982,1.7388122081756592,2.0280559062957764
qwen2_5_vl_7b,log1p,prompt,1,15,7801,1.7366471824822036,1.7066797018051147,1.5444774627685547,1.915217638015747
qwen2_5_vl_7b,log1p,prompt,1,16,7801,1.6244471201666226,1.6069631576538086,1.4568495750427246,1.7652199268341064
qwen2_5_vl_7b,log1p,prompt,1,17,7801,1.4422496898313957,1.4198411703109741,1.2351914644241333,1.6396936178207397
qwen2_5_vl_7b,log1p,prompt,1,18,7801,1.423187805580613,1.3846017122268677,1.245257019996643,1.5787546634674072
qwen2_5_vl_7b,log1p,prompt,1,19,7801,1.7011543320335039,1.6843987703323364,1.5236854553222656,1.8717999458312988
qwen2_5_vl_7b,log1p,prompt,1,20,7801,1.7704320399826299,1.7533273696899414,1.603477120399475,1.9320783615112305
qwen2_5_vl_7b,log1p,prompt,1,21,7801,1.3283920816130674,1.2539211511611938,1.0884929895401,1.522197961807251
qwen2_5_vl_7b,log1p,prompt,1,22,7801,1.3850065850245772,1.3546621799468994,1.197663426399231,1.5632433891296387
qwen2_5_vl_7b,log1p,prompt,1,23,7801,1.500015554795157,1.4809298515319824,1.332694411277771,1.6329506635665894
qwen2_5_vl_7b,log1p,prompt,1,24,7801,2.5307366332554264,2.532808303833008,2.4381980895996094,2.6129209995269775
qwen2_5_vl_7b,log1p,prompt,1,25,7801,2.4307496874259993,2.455730438232422,2.35036563873291,2.5354714393615723
qwen2_5_vl_7b,log1p,prompt,1,26,7801,2.697689048939218,2.724372625350952,2.5994935035705566,2.8165507316589355
qwen2_5_vl_7b,log1p,prompt,1,27,7801,3.2691791878802823,3.2876672744750977,3.1940059661865234,3.36031174659729
qwen2_5_vl_7b,log1p,prompt,1,28,7801,3.751836713193823,3.7590465545654297,3.541773796081543,3.960721731185913
qwen2_5_vl_7b,log1p,generation,0,1,916,2.745047278799865,2.75816011428833,2.615528702735901,2.8846102952957153
qwen2_5_vl_7b,log1p,generation,0,2,916,3.548979775874375,3.5620951652526855,3.4272005558013916,3.699023127555847
qwen2_5_vl_7b,log1p,generation,0,3,916,2.9601893588965638,2.974868893623352,2.824641704559326,3.118652105331421
qwen2_5_vl_7b,log1p,generation,0,4,916,3.3775746978526553,3.408439040184021,3.2695271372795105,3.4952852725982666
qwen2_5_vl_7b,log1p,generation,0,5,916,3.1349929715608407,3.180575132369995,2.8949204683303833,3.3938151597976685
qwen2_5_vl_7b,log1p,generation,0,6,916,3.435680915955373,3.450219511985779,3.2529709935188293,3.6543529629707336
qwen2_5_vl_7b,log1p,generation,0,7,916,2.7071417166676586,2.7204540967941284,2.585418939590454,2.8374454975128174
qwen2_5_vl_7b,log1p,generation,0,8,916,2.7129436054604543,2.7474966049194336,2.542718470096588,2.9076037406921387
qwen2_5_vl_7b,log1p,generation,0,9,916,2.698129320378907,2.7164018154144287,2.5339471101760864,2.8827081322669983
qwen2_5_vl_7b,log1p,generation,0,10,916,3.3517693091167633,3.399875044822693,3.2188565731048584,3.545983076095581
qwen2_5_vl_7b,log1p,generation,0,11,916,2.6310198157375035,2.644444704055786,2.511008322238922,2.7622073888778687
qwen2_5_vl_7b,log1p,generation,0,12,916,2.6200816905914954,2.655227303504944,2.471971571445465,2.8087294697761536
qwen2_5_vl_7b,log1p,generation,0,13,916,2.739833931475227,2.7684648036956787,2.6237655878067017,2.8894765377044678
qwen2_5_vl_7b,log1p,generation,0,14,916,2.7432954532610796,2.770723342895508,2.6166710257530212,2.911670744419098
qwen2_5_vl_7b,log1p,generation,0,15,916,2.554425619444993,2.5535728931427,2.4292766451835632,2.6818318367004395
qwen2_5_vl_7b,log1p,generation,0,16,916,2.8036325750913162,2.8074711561203003,2.71123731136322,2.9136815667152405
qwen2_5_vl_7b,log1p,generation,0,17,916,2.5824018093436045,2.6150317192077637,2.390535593032837,2.789675533771515
qwen2_5_vl_7b,log1p,generation,0,18,916,2.8191044192647308,2.8196563720703125,2.6702577471733093,2.958667814731598
qwen2_5_vl_7b,log1p,generation,0,19,916,3.056169722017763,3.051583409309387,2.9343301653862,3.1707716584205627
qwen2_5_vl_7b,log1p,generation,0,20,916,3.2783278789062167,3.277197480201721,3.1588618755340576,3.390115737915039
qwen2_5_vl_7b,log1p,generation,0,21,916,3.0826500906694405,3.108484983444214,2.9260058999061584,3.2518098950386047
qwen2_5_vl_7b,log1p,generation,0,22,916,3.1383890754270762,3.1397318840026855,2.9680486917495728,3.3218994140625
qwen2_5_vl_7b,log1p,generation,0,23,916,2.7150046556016765,2.7398611307144165,2.5224265456199646,2.946170151233673
qwen2_5_vl_7b,log1p,generation,0,24,916,3.197592167094285,3.1763299703598022,3.0356544256210327,3.3326535820961
qwen2_5_vl_7b,log1p,generation,0,25,916,3.212348425232167,3.2267755270004272,3.0322989225387573,3.3923715353012085
qwen2_5_vl_7b,log1p,generation,0,26,916,3.1993580601100837,3.2117403745651245,3.051249384880066,3.3773993849754333
qwen2_5_vl_7b,log1p,generation,0,27,916,3.2432292866394508,3.237487554550171,3.0361002683639526,3.413308084011078
qwen2_5_vl_7b,log1p,generation,0,28,916,5.144231505789611,5.156970500946045,5.039621591567993,5.2613502740859985
qwen2_5_vl_7b,log1p,generation,1,1,7801,2.665583931548582,2.690845012664795,2.470271587371826,2.8360629081726074
qwen2_5_vl_7b,log1p,generation,1,2,7801,3.3335832343806273,3.38651180267334,3.065186023712158,3.579033136367798
qwen2_5_vl_7b,log1p,generation,1,3,7801,2.7514295640961817,2.7941105365753174,2.5235092639923096,2.988340139389038
qwen2_5_vl_7b,log1p,generation,1,4,7801,3.2233703897451993,3.2364790439605713,3.070084810256958,3.395284652709961
qwen2_5_vl_7b,log1p,generation,1,5,7801,2.8325652203457796,2.845052480697632,2.4921162128448486,3.2035422325134277
qwen2_5_vl_7b,log1p,generation,1,6,7801,3.18703340973675,3.193138837814331,2.821934938430786,3.493633985519409
qwen2_5_vl_7b,log1p,generation,1,7,7801,2.5645035646799483,2.56597638130188,2.3791558742523193,2.7360570430755615
qwen2_5_vl_7b,log1p,generation,1,8,7801,2.396847366354524,2.4079980850219727,2.048985719680786,2.7096588611602783
qwen2_5_vl_7b,log1p,generation,1,9,7801,2.4412636124404665,2.4097461700439453,2.2214066982269287,2.7053191661834717
qwen2_5_vl_7b,log1p,generation,1,10,7801,3.01251921866463,3.0521841049194336,2.702296495437622,3.343524217605591
qwen2_5_vl_7b,log1p,generation,1,11,7801,2.414250863085892,2.42612624168396,2.2065842151641846,2.6191272735595703
qwen2_5_vl_7b,log1p,generation,1,12,7801,2.293575968456305,2.3580095767974854,1.94530189037323,2.620474338531494
qwen2_5_vl_7b,log1p,generation,1,13,7801,2.470284790614372,2.5132462978363037,2.2150940895080566,2.7425172328948975
qwen2_5_vl_7b,log1p,generation,1,14,7801,2.41137446843421,2.4756386280059814,2.1168599128723145,2.7272956371307373
qwen2_5_vl_7b,log1p,generation,1,15,7801,2.339745555744922,2.356475830078125,2.133880138397217,2.5371968746185303
qwen2_5_vl_7b,log1p,generation,1,16,7801,2.6134569151800973,2.6454780101776123,2.430824041366577,2.8101210594177246
qwen2_5_vl_7b,log1p,generation,1,17,7801,2.2984091258021504,2.343078136444092,1.8991340398788452,2.639615297317505
qwen2_5_vl_7b,log1p,generation,1,18,7801,2.688538818432114,2.6914384365081787,2.4683728218078613,2.875596523284912
qwen2_5_vl_7b,log1p,generation,1,19,7801,2.9476319061397147,2.932795286178589,2.7479913234710693,3.110203981399536
qwen2_5_vl_7b,log1p,generation,1,20,7801,3.1544559721059793,3.1423251628875732,3.005918264389038,3.275684356689453
qwen2_5_vl_7b,log1p,generation,1,21,7801,2.8897738829589383,2.8901023864746094,2.6187422275543213,3.1407997608184814
qwen2_5_vl_7b,log1p,generation,1,22,7801,2.9300811316413524,2.95527720451355,2.6681058406829834,3.182356119155884
qwen2_5_vl_7b,log1p,generation,1,23,7801,2.388764216027005,2.4638986587524414,2.037172555923462,2.7967615127563477
qwen2_5_vl_7b,log1p,generation,1,24,7801,3.094609537150306,3.0509226322174072,2.918893337249756,3.2536137104034424
qwen2_5_vl_7b,log1p,generation,1,25,7801,3.021588800748393,3.028057098388672,2.777027130126953,3.24800705909729
qwen2_5_vl_7b,log1p,generation,1,26,7801,3.0293343721208106,3.023759126663208,2.769301652908325,3.27142071723938
qwen2_5_vl_7b,log1p,generation,1,27,7801,3.0277560411271582,2.9961652755737305,2.718153715133667,3.288361072540283
qwen2_5_vl_7b,log1p,generation,1,28,7801,5.023991148099886,5.0496039390563965,4.885417938232422,5.183805465698242
qwen2_5_vl_7b,log1p,visual,0,1,916,0.491579468333565,0.4571961909532547,0.3504498526453972,0.605186328291893
qwen2_5_vl_7b,log1p,visual,0,2,916,1.127235001644453,1.1097885966300964,0.9222791343927383,1.3106069266796112
qwen2_5_vl_7b,log1p,visual,0,3,916,0.7014581214587762,0.649547815322876,0.5286476314067841,0.8062034249305725
qwen2_5_vl_7b,log1p,visual,0,4,916,1.0786064062186205,1.006718397140503,0.8047053217887878,1.271194189786911
qwen2_5_vl_7b,log1p,visual,0,5,916,1.2485170796448486,1.1889761686325073,0.8970662206411362,1.5518006682395935
qwen2_5_vl_7b,log1p,visual,0,6,916,1.9080100490927177,1.913383424282074,1.5546370148658752,2.2896558046340942
qwen2_5_vl_7b,log1p,visual,0,7,916,0.8337841601188266,0.80724036693573,0.5990313291549683,1.034635305404663
qwen2_5_vl_7b,log1p,visual,0,8,916,1.2381024786218284,1.2683386206626892,0.8615797311067581,1.6098170280456543
qwen2_5_vl_7b,log1p,visual,0,9,916,1.7216252567140817,1.7251405715942383,1.3725166618824005,2.0951348543167114
qwen2_5_vl_7b,log1p,visual,0,10,916,2.711320792743733,2.7701083421707153,2.526190400123596,2.9598265290260315
qwen2_5_vl_7b,log1p,visual,0,11,916,1.3952668974232987,1.391314685344696,1.2166058123111725,1.589984267950058
qwen2_5_vl_7b,log1p,visual,0,12,916,1.7676913040043485,1.8201186656951904,1.5513823926448822,2.038880407810211
qwen2_5_vl_7b,log1p,visual,0,13,916,1.8876741456933417,1.951607882976532,1.7000071704387665,2.1208640933036804
qwen2_5_vl_7b,log1p,visual,0,14,916,1.934212833675495,1.9883715510368347,1.7677212357521057,2.1818989515304565
qwen2_5_vl_7b,log1p,visual,0,15,916,2.4780404232605053,2.5301711559295654,2.269706130027771,2.747484266757965
qwen2_5_vl_7b,log1p,visual,0,16,916,1.7453166077881401,1.721207082271576,1.4944641292095184,2.0077878832817078
qwen2_5_vl_7b,log1p,visual,0,17,916,2.1797908695178783,2.2408878803253174,1.9352121949195862,2.511894404888153
qwen2_5_vl_7b,log1p,visual,0,18,916,1.763103293637261,1.8250998258590698,1.4687170386314392,2.085453450679779
qwen2_5_vl_7b,log1p,visual,0,19,916,1.836022554071189,1.8985161185264587,1.625694900751114,2.087881326675415
qwen2_5_vl_7b,log1p,visual,0,20,916,2.575059056542326,2.6324033737182617,2.389374077320099,2.810274124145508
qwen2_5_vl_7b,log1p,visual,0,21,916,2.203794665406885,2.273799777030945,1.9805023670196533,2.4829381108283997
qwen2_5_vl_7b,log1p,visual,0,22,916,3.0145256529728917,3.0605145692825317,2.856211006641388,3.2311348915100098
qwen2_5_vl_7b,log1p,visual,0,23,916,2.945750079040444,3.035733222961426,2.6997517943382263,3.229076862335205
qwen2_5_vl_7b,log1p,visual,0,24,916,2.89514213423021,2.9930258989334106,2.577452600002289,3.285032868385315
qwen2_5_vl_7b,log1p,visual,0,25,916,2.5127091738985095,2.5651639699935913,2.1743714213371277,2.9202144742012024
qwen2_5_vl_7b,log1p,visual,0,26,916,2.4092706871995757,2.464357852935791,2.002686619758606,2.8599469661712646
qwen2_5_vl_7b,log1p,visual,0,27,916,3.2486179745613746,3.3314274549484253,2.9223408102989197,3.6539425253868103
qwen2_5_vl_7b,log1p,visual,0,28,916,3.860654541368568,3.9583624601364136,3.5139641761779785,4.287686228752136
qwen2_5_vl_7b,log1p,visual,1,1,7801,0.6410626619700865,0.6315929889678955,0.4458990693092346,0.7988868355751038
qwen2_5_vl_7b,log1p,visual,1,2,7801,1.2931802500449545,1.3041497468948364,1.0863022804260254,1.4914642572402954
qwen2_5_vl_7b,log1p,visual,1,3,7801,0.8875810575819889,0.8316267728805542,0.6413161754608154,1.0312767028808594
qwen2_5_vl_7b,log1p,visual,1,4,7801,1.4174553441353417,1.348374366760254,1.0193177461624146,1.822745680809021
qwen2_5_vl_7b,log1p,visual,1,5,7801,1.5210160401910868,1.5378309488296509,1.120067834854126,1.8574632406234741
qwen2_5_vl_7b,log1p,visual,1,6,7801,2.153983664770888,2.156362295150757,1.828528642654419,2.4972760677337646
qwen2_5_vl_7b,log1p,visual,1,7,7801,1.1124266712822344,1.1016291379928589,0.7990124225616455,1.4517219066619873
qwen2_5_vl_7b,log1p,visual,1,8,7801,1.371518105692534,1.49062979221344,1.0424035787582397,1.695052146911621
qwen2_5_vl_7b,log1p,visual,1,9,7801,1.9089387561698523,1.9487775564193726,1.6070332527160645,2.2338614463806152
qwen2_5_vl_7b,log1p,visual,1,10,7801,2.8842642104804495,2.945673942565918,2.700814723968506,3.1497299671173096
qwen2_5_vl_7b,log1p,visual,1,11,7801,1.5722674885295536,1.6083738803863525,1.3974037170410156,1.7807190418243408
qwen2_5_vl_7b,log1p,visual,1,12,7801,1.865891295122865,1.8942667245864868,1.697127342224121,2.100163698196411
qwen2_5_vl_7b,log1p,visual,1,13,7801,2.0251867595261115,2.0835213661193848,1.8943325281143188,2.2230076789855957
qwen2_5_vl_7b,log1p,visual,1,14,7801,2.1081650273270554,2.175257444381714,1.9325380325317383,2.3715262413024902
qwen2_5_vl_7b,log1p,visual,1,15,7801,2.512173974938827,2.521528959274292,2.3326261043548584,2.736959218978882
qwen2_5_vl_7b,log1p,visual,1,16,7801,1.8187541224386214,1.77193284034729,1.5890271663665771,2.058485984802246
qwen2_5_vl_7b,log1p,visual,1,17,7801,2.358648855576774,2.392280340194702,2.2079811096191406,2.5838096141815186
qwen2_5_vl_7b,log1p,visual,1,18,7801,2.0028484841597844,2.0348143577575684,1.8178662061691284,2.254620313644409
qwen2_5_vl_7b,log1p,visual,1,19,7801,2.027982158613364,2.066693067550659,1.859415888786316,2.233804941177368
qwen2_5_vl_7b,log1p,visual,1,20,7801,2.7201788472511907,2.7673439979553223,2.617743730545044,2.88618803024292
qwen2_5_vl_7b,log1p,visual,1,21,7801,2.446954964193193,2.5037167072296143,2.2630388736724854,2.6917078495025635
qwen2_5_vl_7b,log1p,visual,1,22,7801,3.0329972911745964,3.064267158508301,2.8827571868896484,3.2285382747650146
qwen2_5_vl_7b,log1p,visual,1,23,7801,3.1709634306919514,3.2334725856781006,2.998788595199585,3.415255546569824
qwen2_5_vl_7b,log1p,visual,1,24,7801,3.0701737828765707,3.1433448791503906,2.7985079288482666,3.4119372367858887
qwen2_5_vl_7b,log1p,visual,1,25,7801,2.645155986414981,2.6990466117858887,2.3929409980773926,2.937614679336548
qwen2_5_vl_7b,log1p,visual,1,26,7801,2.6405434166753983,2.686509370803833,2.368664264678955,2.9497063159942627
qwen2_5_vl_7b,log1p,visual,1,27,7801,3.407898010366804,3.4647066593170166,3.124295711517334,3.729266881942749
qwen2_5_vl_7b,log1p,visual,1,28,7801,4.027466088865769,4.088099956512451,3.783139944076538,4.33517599105835
qwen2_5_vl_7b,log1p,visual_prompt_sum,0,1,916,0.9685566926366898,0.924643486738205,0.7604672014713287,1.1442484557628632
qwen2_5_vl_7b,log1p,visual_prompt_sum,0,2,916,2.5013091418420386,2.4630261659622192,2.2652065753936768,2.721120238304138
qwen2_5_vl_7b,log1p,visual_prompt_sum,0,3,916,1.8547241238787706,1.8096542954444885,1.6492285132408142,2.0184213519096375
qwen2_5_vl_7b,log1p,visual_prompt_sum,0,4,916,2.0179554066543495,1.966267168521881,1.8210685849189758,2.1700066924095154
qwen2_5_vl_7b,log1p,visual_prompt_sum,0,5,916,2.6288695862459823,2.606149435043335,2.4416739344596863,2.800594925880432
qwen2_5_vl_7b,log1p,visual_prompt_sum,0,6,916,2.8420380746953873,2.824427843093872,2.6608797311782837,3.014981269836426
qwen2_5_vl_7b,log1p,visual_prompt_sum,0,7,916,2.0693820941396157,2.0475897789001465,1.9512116312980652,2.170714497566223
qwen2_5_vl_7b,log1p,visual_prompt_sum,0,8,916,1.8893619577957552,1.878547489643097,1.71106618642807,2.06610107421875
qwen2_5_vl_7b,log1p,visual_prompt_sum,0,9,916,2.2510131484296125,2.2459299564361572,2.033660650253296,2.4550922513008118
qwen2_5_vl_7b,log1p,visual_prompt_sum,0,10,916,3.209542027727485,3.2143173217773438,3.072969615459442,3.36183899641037
qwen2_5_vl_7b,log1p,visual_prompt_sum,0,11,916,2.069065735199566,2.0574599504470825,1.9575093388557434,2.1742238998413086
qwen2_5_vl_7b,log1p,visual_prompt_sum,0,12,916,2.3419249793067247,2.3580600023269653,2.2288524508476257,2.482431173324585
qwen2_5_vl_7b,log1p,visual_prompt_sum,0,13,916,2.429046288848444,2.4460132122039795,2.316758632659912,2.5510430335998535
qwen2_5_vl_7b,log1p,visual_prompt_sum,0,14,916,2.4725039374880393,2.4890717267990112,2.345396339893341,2.616268515586853
qwen2_5_vl_7b,log1p,visual_prompt_sum,0,15,916,2.8047532709925456,2.815769076347351,2.655491530895233,2.9650201201438904
qwen2_5_vl_7b,log1p,visual_prompt_sum,0,16,916,2.2105918507128304,2.1850777864456177,2.0261362195014954,2.395553410053253
qwen2_5_vl_7b,log1p,visual_prompt_sum,0,17,916,2.478314485221971,2.4918057918548584,2.302428424358368,2.684542417526245
qwen2_5_vl_7b,log1p,visual_prompt_sum,0,18,916,2.164508412498574,2.1748266220092773,1.978253960609436,2.369286596775055
qwen2_5_vl_7b,log1p,visual_prompt_sum,0,19,916,2.314363851687794,2.348296284675598,2.1716939210891724,2.484647035598755
qwen2_5_vl_7b,log1p,visual_prompt_sum,0,20,916,2.868544242657949,2.901994466781616,2.72490918636322,3.0411015152931213
qwen2_5_vl_7b,log1p,visual_prompt_sum,0,21,916,2.427841287122543,2.4645615816116333,2.2469473481178284,2.6303576231002808
qwen2_5_vl_7b,log1p,visual_prompt_sum,0,22,916,3.139332248784569,3.163731098175049,2.9959818720817566,3.313701629638672
qwen2_5_vl_7b,log1p,visual_prompt_sum,0,23,916,3.120214843073266,3.166118621826172,2.910738527774811,3.340330719947815
qwen2_5_vl_7b,log1p,visual_prompt_sum,0,24,916,3.4068324352455974,3.443935990333557,3.1825308203697205,3.6527057886123657
qwen2_5_vl_7b,log1p,visual_prompt_sum,0,25,916,3.1056301047187707,3.1110974550247192,2.9021389484405518,3.324609339237213
qwen2_5_vl_7b,log1p,visual_prompt_sum,0,26,916,3.2063881624734036,3.201544761657715,3.0140823125839233,3.4173701405525208
qwen2_5_vl_7b,log1p,visual_prompt_sum,0,27,916,3.9194982897766812,3.945351481437683,3.7229209542274475,4.139221906661987
qwen2_5_vl_7b,log1p,visual_prompt_sum,0,28,916,4.485739697014921,4.503418207168579,4.302183151245117,4.689963340759277
qwen2_5_vl_7b,log1p,visual_prompt_sum,1,1,7801,1.2703555504139716,1.2756444215774536,0.938705325126648,1.6195350885391235
qwen2_5_vl_7b,log1p,visual_prompt_sum,1,2,7801,2.8156800717058097,2.8920233249664307,2.509735584259033,3.151905059814453
qwen2_5_vl_7b,log1p,visual_prompt_sum,1,3,7801,2.1194174107779693,2.1516072750091553,1.848989486694336,2.4311327934265137
qwen2_5_vl_7b,log1p,visual_prompt_sum,1,4,7801,2.373467315772973,2.36942982673645,2.0474088191986084,2.710469961166382
qwen2_5_vl_7b,log1p,visual_prompt_sum,1,5,7801,2.8332243723649886,2.8347158432006836,2.618976354598999,3.0628111362457275
qwen2_5_vl_7b,log1p,visual_prompt_sum,1,6,7801,3.038632185791352,3.0801198482513428,2.850146770477295,3.225752592086792
qwen2_5_vl_7b,log1p,visual_prompt_sum,1,7,7801,2.234561937403303,2.2310218811035156,2.0731899738311768,2.384169578552246
qwen2_5_vl_7b,log1p,visual_prompt_sum,1,8,7801,2.035800129385304,2.0528223514556885,1.8575469255447388,2.235520601272583
qwen2_5_vl_7b,log1p,visual_prompt_sum,1,9,7801,2.4465897252446274,2.477745294570923,2.2741169929504395,2.6155834197998047
qwen2_5_vl_7b,log1p,visual_prompt_sum,1,10,7801,3.386228004948724,3.3938090801239014,3.2394745349884033,3.5499720573425293
qwen2_5_vl_7b,log1p,visual_prompt_sum,1,11,7801,2.225461227590343,2.234645128250122,2.0957815647125244,2.362248659133911
qwen2_5_vl_7b,log1p,visual_prompt_sum,1,12,7801,2.4526084107842876,2.473639965057373,2.3445770740509033,2.572422742843628
qwen2_5_vl_7b,log1p,visual_prompt_sum,1,13,7801,2.5797857335707635,2.58852481842041,2.457841634750366,2.7238385677337646
qwen2_5_vl_7b,log1p,visual_prompt_sum,1,14,7801,2.657598291585238,2.6669464111328125,2.5098721981048584,2.826761245727539
qwen2_5_vl_7b,log1p,visual_prompt_sum,1,15,7801,2.8660658413348266,2.8713533878326416,2.7470431327819824,2.990777015686035
qwen2_5_vl_7b,log1p,visual_prompt_sum,1,16,7801,2.3523579245422943,2.367804765701294,2.196648359298706,2.494318723678589
qwen2_5_vl_7b,log1p,visual_prompt_sum,1,17,7801,2.651392155894101,2.682283639907837,2.5342299938201904,2.802990198135376
qwen2_5_vl_7b,log1p,visual_prompt_sum,1,18,7801,2.3830706045316163,2.4212143421173096,2.227308750152588,2.555605411529541
qwen2_5_vl_7b,log1p,visual_prompt_sum,1,19,7801,2.507835056778407,2.5215728282928467,2.3673129081726074,2.6776459217071533
qwen2_5_vl_7b,log1p,visual_prompt_sum,1,20,7801,3.012907395117131,3.0540411472320557,2.917131185531616,3.1477952003479004
qwen2_5_vl_7b,log1p,visual_prompt_sum,1,21,7801,2.6787071670573304,2.6910040378570557,2.4934399127960205,2.8910317420959473
qwen2_5_vl_7b,log1p,visual_prompt_sum,1,22,7801,3.184024549358824,3.2049927711486816,3.0529167652130127,3.333807945251465
qwen2_5_vl_7b,log1p,visual_prompt_sum,1,23,7801,3.3247544998359166,3.3676626682281494,3.1725807189941406,3.5186545848846436
qwen2_5_vl_7b,log1p,visual_prompt_sum,1,24,7801,3.527500486056051,3.551466941833496,3.336702346801758,3.7381887435913086
qwen2_5_vl_7b,log1p,visual_prompt_sum,1,25,7801,3.2199954640604016,3.2410383224487305,3.0687570571899414,3.3876264095306396
qwen2_5_vl_7b,log1p,visual_prompt_sum,1,26,7801,3.3596594930841226,3.3692715167999268,3.220067024230957,3.509509325027466
qwen2_5_vl_7b,log1p,visual_prompt_sum,1,27,7801,4.038802274693711,4.055727005004883,3.8726425170898438,4.220173358917236
qwen2_5_vl_7b,log1p,visual_prompt_sum,1,28,7801,4.61564249470362,4.636794090270996,4.444706439971924,4.804039478302002
llava_1_5_7b,log1p,prompt,0,1,3487,0.046212890232155475,0.0341174378991127,0.02873456571251154,0.05285067856311798
llava_1_5_7b,log1p,prompt,0,2,3487,0.40073034486081427,0.38874971866607666,0.3354836255311966,0.45155203342437744
llava_1_5_7b,log1p,prompt,0,3,3487,0.3026411214564022,0.3006286025047302,0.2857438772916794,0.317302867770195
llava_1_5_7b,log1p,prompt,0,4,3487,0.4378443998510324,0.4342291057109833,0.4155080169439316,0.45719315111637115
llava_1_5_7b,log1p,prompt,0,5,3487,0.6309265749209038,0.6273709535598755,0.6033938229084015,0.6563355326652527
llava_1_5_7b,log1p,prompt,0,6,3487,0.7189439549841306,0.7136300206184387,0.6829094290733337,0.7524420917034149
llava_1_5_7b,log1p,prompt,0,7,3487,0.9618699724126553,0.9324437975883484,0.8904629945755005,0.9988617599010468
llava_1_5_7b,log1p,prompt,0,8,3487,0.8729885187024607,0.8655316233634949,0.8300891220569611,0.9078372716903687
llava_1_5_7b,log1p,prompt,0,9,3487,1.0773404380773999,1.072371244430542,1.0004940032958984,1.1469757556915283
llava_1_5_7b,log1p,prompt,0,10,3487,0.9473939170323233,0.9379913210868835,0.8919097781181335,0.9962767958641052
llava_1_5_7b,log1p,prompt,0,11,3487,0.9790659917436769,0.9838995933532715,0.9207107722759247,1.0358297228813171
llava_1_5_7b,log1p,prompt,0,12,3487,0.9275311467330983,0.9234318137168884,0.8738964796066284,0.9745275676250458
llava_1_5_7b,log1p,prompt,0,13,3487,0.8377530032596309,0.8340760469436646,0.7946272790431976,0.8742971420288086
llava_1_5_7b,log1p,prompt,0,14,3487,0.9975072267337894,0.995854914188385,0.9544785916805267,1.0336393117904663
llava_1_5_7b,log1p,prompt,0,15,3487,0.8400301694152073,0.8308537602424622,0.7808290123939514,0.8909743130207062
llava_1_5_7b,log1p,prompt,0,16,3487,1.0279453900197464,1.0362871885299683,0.9617074131965637,1.1010193228721619
llava_1_5_7b,log1p,prompt,0,17,3487,0.9056227247695168,0.9065982103347778,0.8597246408462524,0.9496566653251648
llava_1_5_7b,log1p,prompt,0,18,3487,0.7848282892108477,0.7801699042320251,0.7442522048950195,0.8240998387336731
llava_1_5_7b,log1p,prompt,0,19,3487,0.7571509610557063,0.7482085824012756,0.7228253483772278,0.78097003698349
llava_1_5_7b,log1p,prompt,0,20,3487,0.5579725058553279,0.5396274328231812,0.5062638223171234,0.5868444740772247
llava_1_5_7b,log1p,prompt,0,21,3487,0.6380481300071621,0.6216684579849243,0.592796266078949,0.6625476479530334
llava_1_5_7b,log1p,prompt,0,22,3487,0.5242565655592077,0.5200340151786804,0.49220019578933716,0.5525224804878235
llava_1_5_7b,log1p,prompt,0,23,3487,0.4824175927301926,0.47543415427207947,0.4552907198667526,0.5011002421379089
llava_1_5_7b,log1p,prompt,0,24,3487,0.36621747674660315,0.35785746574401855,0.3417891412973404,0.38189905881881714
llava_1_5_7b,log1p,prompt,0,25,3487,0.4065608168985018,0.382956326007843,0.3544922173023224,0.4320260137319565
llava_1_5_7b,log1p,prompt,0,26,3487,0.6130356082507386,0.6109254956245422,0.5910287499427795,0.6314366161823273
llava_1_5_7b,log1p,prompt,0,27,3487,0.38063465315631717,0.36866164207458496,0.344769686460495,0.40000757575035095
llava_1_5_7b,log1p,prompt,0,28,3487,0.5038833538765274,0.5064775943756104,0.4817732125520706,0.52637580037117
llava_1_5_7b,log1p,prompt,0,29,3487,0.8153803302218178,0.821683943271637,0.7606329619884491,0.8641841113567352
llava_1_5_7b,log1p,prompt,0,30,3487,0.5759279252141329,0.5629792809486389,0.5397840142250061,0.5942390263080597
llava_1_5_7b,log1p,prompt,0,31,3487,1.036286020094322,1.025986909866333,1.0005122423171997,1.0579307079315186
llava_1_5_7b,log1p,prompt,0,32,3487,1.5142734933795168,1.4640681743621826,1.3486048579216003,1.6384591460227966
llava_1_5_7b,log1p,prompt,1,1,11976,0.11117955295637476,0.09215700253844261,0.050956783816218376,0.15913036838173866
llava_1_5_7b,log1p,prompt,1,2,11976,0.4546218101786289,0.4410276859998703,0.3854127451777458,0.5146975964307785
llava_1_5_7b,log1p,prompt,1,3,11976,0.3318947990703021,0.3259380906820297,0.3000549152493477,0.35729606449604034
llava_1_5_7b,log1p,prompt,1,4,11976,0.45590242462291186,0.4538116157054901,0.42574311792850494,0.4854353293776512
llava_1_5_7b,log1p,prompt,1,5,11976,0.6758405487429483,0.6618412137031555,0.6233317404985428,0.6988675445318222
llava_1_5_7b,log1p,prompt,1,6,11976,0.7862401313099291,0.7720302641391754,0.7161282002925873,0.8366260379552841
llava_1_5_7b,log1p,prompt,1,7,11976,1.0299213058256116,0.966747522354126,0.9119947701692581,1.0664888322353363
llava_1_5_7b,log1p,prompt,1,8,11976,0.9192300173755718,0.9095088839530945,0.860696330666542,0.9668870121240616
llava_1_5_7b,log1p,prompt,1,9,11976,1.1447505187404976,1.1325626373291016,1.0597940981388092,1.2153874039649963
llava_1_5_7b,log1p,prompt,1,10,11976,1.023832423255375,0.9997562170028687,0.9336537420749664,1.0767389833927155
llava_1_5_7b,log1p,prompt,1,11,11976,1.035566534321947,1.0300229787826538,0.9602013379335403,1.1151758432388306
llava_1_5_7b,log1p,prompt,1,12,11976,1.0345028023382943,1.0200412273406982,0.9320186823606491,1.1329293251037598
llava_1_5_7b,log1p,prompt,1,13,11976,0.925822163248309,0.9060892760753632,0.8425166457891464,0.9932133257389069
llava_1_5_7b,log1p,prompt,1,14,11976,1.0621296575587833,1.0417894124984741,0.9802467077970505,1.125306487083435
llava_1_5_7b,log1p,prompt,1,15,11976,0.9585159987450124,0.9322924017906189,0.8231044262647629,1.0611785352230072
llava_1_5_7b,log1p,prompt,1,16,11976,1.0391250441352287,1.0252252221107483,0.9511484205722809,1.1228510439395905
llava_1_5_7b,log1p,prompt,1,17,11976,0.9538536419421335,0.931150496006012,0.8656566590070724,1.0169341564178467
llava_1_5_7b,log1p,prompt,1,18,11976,0.8475087339440504,0.824266105890274,0.7692943066358566,0.899540901184082
llava_1_5_7b,log1p,prompt,1,19,11976,0.8757843535415873,0.8199469745159149,0.7658160328865051,0.9020257890224457
llava_1_5_7b,log1p,prompt,1,20,11976,0.6925808993369121,0.6609128713607788,0.5814019441604614,0.7715320438146591
llava_1_5_7b,log1p,prompt,1,21,11976,0.7624881929788259,0.7309719920158386,0.6508130878210068,0.8483074009418488
llava_1_5_7b,log1p,prompt,1,22,11976,0.5736163329947728,0.5645582377910614,0.5202044546604156,0.6141892671585083
llava_1_5_7b,log1p,prompt,1,23,11976,0.541656741789065,0.5287329852581024,0.47933394461870193,0.5896670967340469
llava_1_5_7b,log1p,prompt,1,24,11976,0.399048962380859,0.39323078095912933,0.35574866086244583,0.43368760496377945
llava_1_5_7b,log1p,prompt,1,25,11976,0.5617711722139087,0.5568463206291199,0.43384165316820145,0.677221804857254
llava_1_5_7b,log1p,prompt,1,26,11976,0.6382780790966036,0.6375804841518402,0.6077508330345154,0.6692301779985428
llava_1_5_7b,log1p,prompt,1,27,11976,0.5272654841940803,0.4793364256620407,0.40273290127515793,0.6149445176124573
llava_1_5_7b,log1p,prompt,1,28,11976,0.532298043459833,0.5322052836418152,0.5035260319709778,0.5600951015949249
llava_1_5_7b,log1p,prompt,1,29,11976,0.8753302680775175,0.8614068925380707,0.7843386679887772,0.9466669261455536
llava_1_5_7b,log1p,prompt,1,30,11976,0.6674367653612862,0.6457152962684631,0.582860603928566,0.7349907606840134
llava_1_5_7b,log1p,prompt,1,31,11976,1.1019953884925935,1.084305763244629,1.0279828608036041,1.166482001543045
llava_1_5_7b,log1p,prompt,1,32,11976,1.812478741557501,1.8062317967414856,1.6183992326259613,1.990500658750534
llava_1_5_7b,log1p,generation,0,1,3487,0.49084277058317766,0.5079745650291443,0.46234412491321564,0.5375086069107056
llava_1_5_7b,log1p,generation,0,2,3487,0.8699873998731263,0.8760498762130737,0.8104761838912964,0.917851984500885
llava_1_5_7b,log1p,generation,0,3,3487,0.9814327505860795,0.9805314540863037,0.8704904913902283,1.084405541419983
llava_1_5_7b,log1p,generation,0,4,3487,0.9905158480635201,0.9980431199073792,0.8176411688327789,1.15175461769104
llava_1_5_7b,log1p,generation,0,5,3487,1.157899783971763,1.1775850057601929,1.0152857899665833,1.2739903330802917
llava_1_5_7b,log1p,generation,0,6,3487,1.3383943218367127,1.3306562900543213,1.2419933676719666,1.4381433725357056
llava_1_5_7b,log1p,generation,0,7,3487,1.4146805582618796,1.4343435764312744,1.3050614595413208,1.547075092792511
llava_1_5_7b,log1p,generation,0,8,3487,1.4355152820597277,1.4472689628601074,1.3325541615486145,1.5537980198860168
llava_1_5_7b,log1p,generation,0,9,3487,1.6358522606812202,1.6480350494384766,1.5497121214866638,1.7496370673179626
llava_1_5_7b,log1p,generation,0,10,3487,1.6529374838661661,1.6763954162597656,1.5242738723754883,1.8065770864486694
llava_1_5_7b,log1p,generation,0,11,3487,1.9111661093775851,1.9404206275939941,1.8441447019577026,2.0118157863616943
llava_1_5_7b,log1p,generation,0,12,3487,1.8283185759724332,1.8950196504592896,1.7489577531814575,1.9831300377845764
llava_1_5_7b,log1p,generation,0,13,3487,1.8894395884313384,1.9394679069519043,1.7764589190483093,2.0596879720687866
llava_1_5_7b,log1p,generation,0,14,3487,1.814763771793649,1.8626902103424072,1.721806824207306,1.9577518701553345
llava_1_5_7b,log1p,generation,0,15,3487,1.9048459195700969,1.9514243602752686,1.8229097127914429,2.0360416173934937
llava_1_5_7b,log1p,generation,0,16,3487,2.0589535335500293,2.1151421070098877,1.989500343799591,2.1909252405166626
llava_1_5_7b,log1p,generation,0,17,3487,2.032306656356797,2.0376100540161133,1.9379629492759705,2.140236735343933
llava_1_5_7b,log1p,generation,0,18,3487,1.5625878810745821,1.5744973421096802,1.4693647027015686,1.6657174825668335
llava_1_5_7b,log1p,generation,0,19,3487,1.5763897489161283,1.5777708292007446,1.5024314522743225,1.655077874660492
llava_1_5_7b,log1p,generation,0,20,3487,1.717019963732824,1.7527000904083252,1.6367506384849548,1.8356558084487915
llava_1_5_7b,log1p,generation,0,21,3487,1.5422271131135894,1.5274109840393066,1.417166531085968,1.6562565565109253
llava_1_5_7b,log1p,generation,0,22,3487,1.0403226394091973,1.059273362159729,0.8887454867362976,1.2010303139686584
llava_1_5_7b,log1p,generation,0,23,3487,1.5059846654162559,1.533487319946289,1.4160674810409546,1.6364644169807434
llava_1_5_7b,log1p,generation,0,24,3487,1.3224987776360815,1.3360518217086792,1.1758064031600952,1.4845147728919983
llava_1_5_7b,log1p,generation,0,25,3487,0.9588076630823585,0.9392432570457458,0.8022812306880951,1.0998917818069458
llava_1_5_7b,log1p,generation,0,26,3487,0.6384504953325051,0.6342209577560425,0.5014572143554688,0.7710573077201843
llava_1_5_7b,log1p,generation,0,27,3487,1.428209734554444,1.4592955112457275,1.2801072001457214,1.6033011078834534
llava_1_5_7b,log1p,generation,0,28,3487,0.9438612151913428,0.9569603800773621,0.8012172877788544,1.0898656249046326
llava_1_5_7b,log1p,generation,0,29,3487,0.9826787250121275,0.9653643369674683,0.846293568611145,1.0997352600097656
llava_1_5_7b,log1p,generation,0,30,3487,1.3184181811015039,1.3447901010513306,1.146863043308258,1.5055550336837769
llava_1_5_7b,log1p,generation,0,31,3487,1.796245848018049,1.9486464262008667,1.4767664670944214,2.129750967025757
llava_1_5_7b,log1p,generation,0,32,3487,2.7000944413734023,2.719813823699951,2.5229218006134033,2.891413450241089
llava_1_5_7b,log1p,generation,1,1,11976,0.3725780082098846,0.3754362612962723,0.26088568568229675,0.4683637097477913
llava_1_5_7b,log1p,generation,1,2,11976,0.7423882657934525,0.7228875756263733,0.6134147644042969,0.8653817474842072
llava_1_5_7b,log1p,generation,1,3,11976,0.9811490069261056,0.9499801695346832,0.8655803948640823,1.0745537281036377
llava_1_5_7b,log1p,generation,1,4,11976,0.8707413399914303,0.8769375383853912,0.7293166965246201,1.01992267370224
llava_1_5_7b,log1p,generation,1,5,11976,1.0570486548046272,1.058398187160492,0.8948583900928497,1.2111649215221405
llava_1_5_7b,log1p,generation,1,6,11976,1.1474359209985836,1.1604269742965698,0.9723497033119202,1.2970332205295563
llava_1_5_7b,log1p,generation,1,7,11976,1.0956783447596297,1.1741729974746704,0.7571555823087692,1.3634377121925354
llava_1_5_7b,log1p,generation,1,8,11976,1.1953414440672638,1.2016296982765198,0.9723096042871475,1.3901639580726624
llava_1_5_7b,log1p,generation,1,9,11976,1.326054506168098,1.374343454837799,1.0092092156410217,1.5830536484718323
llava_1_5_7b,log1p,generation,1,10,11976,1.3798922256341997,1.3897314071655273,1.139279544353485,1.6055073142051697
llava_1_5_7b,log1p,generation,1,11,11976,1.6464994877785861,1.6756863594055176,1.3690522015094757,1.885570079088211
llava_1_5_7b,log1p,generation,1,12,11976,1.4697987447003165,1.4679531455039978,1.1679929792881012,1.780667006969452
llava_1_5_7b,log1p,generation,1,13,11976,1.4915989026248098,1.5122052431106567,1.1588507890701294,1.8224439024925232
llava_1_5_7b,log1p,generation,1,14,11976,1.494364767644552,1.5102459788322449,1.1955935955047607,1.7989467680454254
llava_1_5_7b,log1p,generation,1,15,11976,1.6287840019386453,1.6169286370277405,1.3421978056430817,1.910896897315979
llava_1_5_7b,log1p,generation,1,16,11976,1.7647090771234903,1.7636239528656006,1.479055255651474,2.0365668535232544
llava_1_5_7b,log1p,generation,1,17,11976,1.77516404680196,1.8229953050613403,1.5141889452934265,2.0084946155548096
llava_1_5_7b,log1p,generation,1,18,11976,1.3633034336383771,1.3767659068107605,1.1505323350429535,1.5473095774650574
llava_1_5_7b,log1p,generation,1,19,11976,1.418457891525789,1.4307838082313538,1.2669461071491241,1.5716975331306458
llava_1_5_7b,log1p,generation,1,20,11976,1.4933305180662062,1.4796075224876404,1.2804332077503204,1.7107210755348206
llava_1_5_7b,log1p,generation,1,21,11976,1.3873687419709397,1.4261146783828735,1.1638875901699066,1.615030199289322
llava_1_5_7b,log1p,generation,1,22,11976,0.863654136332343,0.8694593012332916,0.5902289748191833,1.1185984313488007
llava_1_5_7b,log1p,generation,1,23,11976,1.3092548970503852,1.312566876411438,1.1319047808647156,1.4982083439826965
llava_1_5_7b,log1p,generation,1,24,11976,1.0678826959874623,1.0669915080070496,0.8060005605220795,1.3065824508666992
llava_1_5_7b,log1p,generation,1,25,11976,0.7902543522982436,0.7547195255756378,0.5492254495620728,0.9914196282625198
llava_1_5_7b,log1p,generation,1,26,11976,0.5739016877023818,0.5430202782154083,0.3233121186494827,0.7768116593360901
llava_1_5_7b,log1p,generation,1,27,11976,1.121862359566436,1.1092860698699951,0.8457296043634415,1.3745954930782318
llava_1_5_7b,log1p,generation,1,28,11976,0.6997484068361994,0.702441543340683,0.4292334318161011,0.9545696377754211
llava_1_5_7b,log1p,generation,1,29,11976,0.9153078836460431,0.91496142745018,0.7722576260566711,1.057474434375763
llava_1_5_7b,log1p,generation,1,30,11976,1.0077117802817859,0.9829899668693542,0.7277123928070068,1.2426232397556305
llava_1_5_7b,log1p,generation,1,31,11976,1.4369709018291874,1.4562780857086182,1.0968170762062073,1.7182539701461792
llava_1_5_7b,log1p,generation,1,32,11976,2.3865783687782987,2.3632723093032837,2.080076217651367,2.668913781642914
llava_1_5_7b,log1p,visual,0,1,3487,0.2965340535561061,0.2691281735897064,0.23825540393590927,0.33156444132328033
llava_1_5_7b,log1p,visual,0,2,3487,0.36876803577578715,0.36627280712127686,0.34779947996139526,0.38673320412635803
llava_1_5_7b,log1p,visual,0,3,3487,0.241075682117018,0.2389240264892578,0.21339693665504456,0.26552869379520416
llava_1_5_7b,log1p,visual,0,4,3487,0.1963276360979865,0.18599317967891693,0.1606753170490265,0.2166764810681343
llava_1_5_7b,log1p,visual,0,5,3487,0.2285304036165569,0.2133878618478775,0.17774676531553268,0.25713951885700226
llava_1_5_7b,log1p,visual,0,6,3487,0.2750749370114729,0.2407558262348175,0.20318160951137543,0.29467733204364777
llava_1_5_7b,log1p,visual,0,7,3487,0.35077698288390863,0.28783243894577026,0.23340291529893875,0.3718516230583191
llava_1_5_7b,log1p,visual,0,8,3487,0.3806440701624333,0.3294900953769684,0.26125292479991913,0.4344917833805084
llava_1_5_7b,log1p,visual,0,9,3487,0.43236344340993166,0.3815141022205353,0.30298393964767456,0.49041879177093506
llava_1_5_7b,log1p,visual,0,10,3487,0.5380283477469096,0.489676296710968,0.3837750256061554,0.6424997448921204
llava_1_5_7b,log1p,visual,0,11,3487,0.7295299607513626,0.6941931247711182,0.5411352515220642,0.8871276080608368
llava_1_5_7b,log1p,visual,0,12,3487,1.2490850071109465,1.2580217123031616,1.1001371145248413,1.4178258776664734
llava_1_5_7b,log1p,visual,0,13,3487,0.8375411423338256,0.835490882396698,0.6733792424201965,1.0002338886260986
llava_1_5_7b,log1p,visual,0,14,3487,1.04791945245962,1.087397575378418,0.9157170653343201,1.227546751499176
llava_1_5_7b,log1p,visual,0,15,3487,1.288946088586149,1.3209879398345947,1.0770018696784973,1.536498486995697
llava_1_5_7b,log1p,visual,0,16,3487,1.0591304100000793,1.0871655941009521,0.9182550013065338,1.2322081923484802
llava_1_5_7b,log1p,visual,0,17,3487,0.9933120965795255,0.9884215593338013,0.8324574530124664,1.1459084749221802
llava_1_5_7b,log1p,visual,0,18,3487,1.3215164725482036,1.3641941547393799,1.1852346658706665,1.529355764389038
llava_1_5_7b,log1p,visual,0,19,3487,1.1663741722044885,1.2035919427871704,1.052285611629486,1.338251531124115
llava_1_5_7b,log1p,visual,0,20,3487,1.4061932150036276,1.500392198562622,1.316771924495697,1.6205649971961975
llava_1_5_7b,log1p,visual,0,21,3487,1.7006995766534483,1.8138097524642944,1.6491685509681702,1.9280030727386475
llava_1_5_7b,log1p,visual,0,22,3487,1.464588975244858,1.5901517868041992,1.3660761713981628,1.7320627570152283
llava_1_5_7b,log1p,visual,0,23,3487,1.477468448431197,1.584605097770691,1.43513822555542,1.6915480494499207
llava_1_5_7b,log1p,visual,0,24,3487,0.9905731871613022,1.0518020391464233,0.9126432836055756,1.1599888801574707
llava_1_5_7b,log1p,visual,0,25,3487,1.530067494407762,1.6348633766174316,1.4351068139076233,1.769702434539795
llava_1_5_7b,log1p,visual,0,26,3487,1.0927278424872517,1.1532142162322998,0.9713616371154785,1.2914674282073975
llava_1_5_7b,log1p,visual,0,27,3487,1.346528415526775,1.435624361038208,1.2564191818237305,1.5516157150268555
llava_1_5_7b,log1p,visual,0,28,3487,0.25068826902287034,0.23062269389629364,0.19250231236219406,0.2804597318172455
llava_1_5_7b,log1p,visual,0,29,3487,0.8563126998894496,0.8801712393760681,0.732372373342514,1.0160624980926514
llava_1_5_7b,log1p,visual,0,30,3487,1.074081741091786,1.101290225982666,0.9558866322040558,1.2397704124450684
llava_1_5_7b,log1p,visual,0,31,3487,0.6032211448380829,0.5950875282287598,0.5140666961669922,0.6861254870891571
llava_1_5_7b,log1p,visual,0,32,3487,2.2700743511819144,2.2512576580047607,2.162038207054138,2.351117730140686
llava_1_5_7b,log1p,visual,1,1,11976,0.42534246339239357,0.43606749176979065,0.3170873820781708,0.520297110080719
llava_1_5_7b,log1p,visual,1,2,11976,0.3916663555870095,0.3917462229728699,0.36596735566854477,0.4177449122071266
llava_1_5_7b,log1p,visual,1,3,11976,0.24943529942639683,0.2446194887161255,0.21301330998539925,0.28016676753759384
llava_1_5_7b,log1p,visual,1,4,11976,0.27145177829804107,0.24452663213014603,0.19161057472229004,0.33220765739679337
llava_1_5_7b,log1p,visual,1,5,11976,0.32469012892233307,0.2947187125682831,0.22131406515836716,0.3938315361738205
llava_1_5_7b,log1p,visual,1,6,11976,0.4265514282328024,0.383721724152565,0.25460757315158844,0.5382629036903381
llava_1_5_7b,log1p,visual,1,7,11976,0.6732101619390444,0.6400146186351776,0.3293400779366493,0.9654245525598526
llava_1_5_7b,log1p,visual,1,8,11976,0.6678742538470683,0.6515103280544281,0.36109708994627,0.9433106034994125
llava_1_5_7b,log1p,visual,1,9,11976,0.7327032792086432,0.7111394107341766,0.42970290780067444,0.9608975201845169
llava_1_5_7b,log1p,visual,1,10,11976,0.8461755517653687,0.8852096498012543,0.5713757127523422,1.1085216104984283
llava_1_5_7b,log1p,visual,1,11,11976,1.0789074830271668,1.152491271495819,0.829979196190834,1.3554236590862274
llava_1_5_7b,log1p,visual,1,12,11976,1.4042674678856222,1.4073949456214905,1.2148506045341492,1.615979015827179
llava_1_5_7b,log1p,visual,1,13,11976,1.0924557126540897,1.111262023448944,0.8756681978702545,1.3505443930625916
llava_1_5_7b,log1p,visual,1,14,11976,1.101809092610079,1.13458651304245,0.9146309792995453,1.3143481314182281
llava_1_5_7b,log1p,visual,1,15,11976,1.5030041990270397,1.5813122987747192,1.2821448147296906,1.8023028075695038
llava_1_5_7b,log1p,visual,1,16,11976,1.2359597725892015,1.2995907068252563,1.0680058300495148,1.4632855951786041
llava_1_5_7b,log1p,visual,1,17,11976,1.3033432863757224,1.361877202987671,0.9804652780294418,1.6572444140911102
llava_1_5_7b,log1p,visual,1,18,11976,1.442449434130946,1.503980815410614,1.2819113731384277,1.6797312498092651
llava_1_5_7b,log1p,visual,1,19,11976,1.3336612400502394,1.3966018557548523,1.1209837794303894,1.6247487664222717
llava_1_5_7b,log1p,visual,1,20,11976,1.448785192037652,1.5566357374191284,1.2847092151641846,1.7090840339660645
llava_1_5_7b,log1p,visual,1,21,11976,1.6929586511789638,1.804559051990509,1.5335604548454285,1.969149887561798
llava_1_5_7b,log1p,visual,1,22,11976,1.339689695379593,1.4306413531303406,1.0950097143650055,1.6476297676563263
llava_1_5_7b,log1p,visual,1,23,11976,1.3708669792166455,1.4644332528114319,1.16883984208107,1.6458375751972198
llava_1_5_7b,log1p,visual,1,24,11976,0.8963985893901489,0.9416135847568512,0.6991307586431503,1.1166122555732727
llava_1_5_7b,log1p,visual,1,25,11976,1.4265550491819998,1.4879019260406494,1.2048045098781586,1.7028273344039917
llava_1_5_7b,log1p,visual,1,26,11976,1.0349071132524328,1.0698279738426208,0.8279549479484558,1.2487959563732147
llava_1_5_7b,log1p,visual,1,27,11976,1.2772920087599504,1.3521668910980225,1.0479015707969666,1.5357569456100464
llava_1_5_7b,log1p,visual,1,28,11976,0.3082613292838893,0.271979495882988,0.20897391065955162,0.3640005812048912
llava_1_5_7b,log1p,visual,1,29,11976,0.8669964522322418,0.8586710095405579,0.6540756523609161,1.045528084039688
llava_1_5_7b,log1p,visual,1,30,11976,1.0875528055649442,1.104494571685791,0.9111911356449127,1.2817064821720123
llava_1_5_7b,log1p,visual,1,31,11976,0.688430910438558,0.6719655394554138,0.5399087369441986,0.8186568766832352
llava_1_5_7b,log1p,visual,1,32,11976,2.4807232212506696,2.4504934549331665,2.3279579877853394,2.587940990924835
llava_1_5_7b,log1p,visual_prompt_sum,0,1,3487,0.3295681782051865,0.29573267698287964,0.2611021101474762,0.36965760588645935
llava_1_5_7b,log1p,visual_prompt_sum,0,2,3487,0.6623699139704292,0.6497461199760437,0.602835088968277,0.7098799347877502
llava_1_5_7b,log1p,visual_prompt_sum,0,3,3487,0.48648627841236736,0.48400694131851196,0.46447210013866425,0.5055339634418488
llava_1_5_7b,log1p,visual_prompt_sum,0,4,3487,0.5690971814717746,0.5585161447525024,0.534986287355423,0.5927861034870148
llava_1_5_7b,log1p,visual_prompt_sum,0,5,3487,0.7594894753474714,0.749144434928894,0.7142020463943481,0.7915598154067993
llava_1_5_7b,log1p,visual_prompt_sum,0,6,3487,0.863687823982474,0.8447543978691101,0.8045548796653748,0.8901041746139526
llava_1_5_7b,log1p,visual_prompt_sum,0,7,3487,1.117112867976452,1.0806480646133423,1.0187023878097534,1.1815451979637146
llava_1_5_7b,log1p,visual_prompt_sum,0,8,3487,1.0537225801485945,1.0329896211624146,0.9808790981769562,1.0900657773017883
llava_1_5_7b,log1p,visual_prompt_sum,0,9,3487,1.2508056079004637,1.2338380813598633,1.1483893394470215,1.3263318538665771
llava_1_5_7b,log1p,visual_prompt_sum,0,10,3487,1.1950970122012157,1.1729249954223633,1.0864423513412476,1.2700748443603516
llava_1_5_7b,log1p,visual_prompt_sum,0,11,3487,1.3237290027697448,1.3089957237243652,1.2024236917495728,1.430183231830597
llava_1_5_7b,log1p,visual_prompt_sum,0,12,3487,1.6212393813773216,1.6252964735031128,1.5068067908287048,1.7404477000236511
llava_1_5_7b,log1p,visual_prompt_sum,0,13,3487,1.293220333069144,1.29021418094635,1.1791146993637085,1.4037777781486511
llava_1_5_7b,log1p,visual_prompt_sum,0,14,3487,1.5253065619729875,1.5435609817504883,1.431436538696289,1.6444649696350098
llava_1_5_7b,log1p,visual_prompt_sum,0,15,3487,1.6090695822960264,1.6262149810791016,1.4419116377830505,1.7953484654426575
llava_1_5_7b,log1p,visual_prompt_sum,0,16,3487,1.5499601643441705,1.5699238777160645,1.460375428199768,1.6652499437332153
llava_1_5_7b,log1p,visual_prompt_sum,0,17,3487,1.4385063661898587,1.4304207563400269,1.3342133164405823,1.52889084815979
llava_1_5_7b,log1p,visual_prompt_sum,0,18,3487,1.6074252233896347,1.6327959299087524,1.4970498085021973,1.7535526752471924
llava_1_5_7b,log1p,visual_prompt_sum,0,19,3487,1.477917975739418,1.4936403036117554,1.3851245641708374,1.5922386050224304
llava_1_5_7b,log1p,visual_prompt_sum,0,20,3487,1.5849559453246858,1.6480650901794434,1.4940940737724304,1.755574643611908
llava_1_5_7b,log1p,visual_prompt_sum,0,21,3487,1.866723858270872,1.945952296257019,1.8072347044944763,2.0450178384780884
llava_1_5_7b,log1p,visual_prompt_sum,0,22,3487,1.6250699650841318,1.7196627855300903,1.537122130393982,1.8441268801689148
llava_1_5_7b,log1p,visual_prompt_sum,0,23,3487,1.6205093152276213,1.7003979682922363,1.5705525279045105,1.7983235716819763
llava_1_5_7b,log1p,visual_prompt_sum,0,24,3487,1.1490815792874822,1.1927920579910278,1.0777149200439453,1.2879583835601807
llava_1_5_7b,log1p,visual_prompt_sum,0,25,3487,1.644531772527785,1.7252287864685059,1.5486255884170532,1.8490421772003174
llava_1_5_7b,log1p,visual_prompt_sum,0,26,3487,1.3533903002602206,1.3896214962005615,1.2505866885185242,1.499098002910614
llava_1_5_7b,log1p,visual_prompt_sum,0,27,3487,1.4678056912108346,1.535855770111084,1.376809298992157,1.6443899273872375
llava_1_5_7b,log1p,visual_prompt_sum,0,28,3487,0.6636181108446289,0.651512861251831,0.6167056262493134,0.688314288854599
llava_1_5_7b,log1p,visual_prompt_sum,0,29,3487,1.289235023977697,1.304341197013855,1.1901190280914307,1.4063662886619568
llava_1_5_7b,log1p,visual_prompt_sum,0,30,3487,1.316984057922161,1.325247883796692,1.2180946469306946,1.4392417073249817
llava_1_5_7b,log1p,visual_prompt_sum,0,31,3487,1.2957794968501388,1.2853620052337646,1.2326210141181946,1.346408188343048
llava_1_5_7b,log1p,visual_prompt_sum,0,32,3487,2.5852213225872016,2.555265426635742,2.4575259685516357,2.679389238357544
llava_1_5_7b,log1p,visual_prompt_sum,1,1,11976,0.49543102586277343,0.5028098225593567,0.3538805767893791,0.61098912358284
llava_1_5_7b,log1p,visual_prompt_sum,1,2,11976,0.7208486108896967,0.7196937501430511,0.6602208465337753,0.7735079824924469
llava_1_5_7b,log1p,visual_prompt_sum,1,3,11976,0.5176617325213286,0.5151590704917908,0.48740334808826447,0.5448819994926453
llava_1_5_7b,log1p,visual_prompt_sum,1,4,11976,0.6365385438025037,0.618148684501648,0.5598070025444031,0.7057663053274155
llava_1_5_7b,log1p,visual_prompt_sum,1,5,11976,0.8553792341159994,0.8268851935863495,0.7602989226579666,0.9539656043052673
llava_1_5_7b,log1p,visual_prompt_sum,1,6,11976,1.006447738973435,0.9839752316474915,0.864141583442688,1.1460820436477661
llava_1_5_7b,log1p,visual_prompt_sum,1,7,11976,1.3444074571142615,1.3177269101142883,1.1146564781665802,1.580192893743515
llava_1_5_7b,log1p,visual_prompt_sum,1,8,11976,1.248991063826468,1.2253817319869995,1.0466424226760864,1.4575208723545074
llava_1_5_7b,log1p,visual_prompt_sum,1,9,11976,1.4541809899693898,1.4558933973312378,1.2732709348201752,1.6364891529083252
llava_1_5_7b,log1p,visual_prompt_sum,1,10,11976,1.420139717165836,1.4299368262290955,1.2187283337116241,1.6152227222919464
llava_1_5_7b,log1p,visual_prompt_sum,1,11,11976,1.5662539028422626,1.6047691702842712,1.3784251511096954,1.7820286750793457
llava_1_5_7b,log1p,visual_prompt_sum,1,12,11976,1.7839966190402796,1.8063960075378418,1.63495934009552,1.9515745341777802
llava_1_5_7b,log1p,visual_prompt_sum,1,13,11976,1.5129253039150217,1.5265092253684998,1.336051493883133,1.7156240940093994
llava_1_5_7b,log1p,visual_prompt_sum,1,14,11976,1.5985932873938986,1.6115721464157104,1.46424800157547,1.7528027296066284
llava_1_5_7b,log1p,visual_prompt_sum,1,15,11976,1.8166365202220185,1.8641402125358582,1.6139422357082367,2.076789140701294
llava_1_5_7b,log1p,visual_prompt_sum,1,16,11976,1.6695676972677729,1.6961716413497925,1.5348272323608398,1.8463214635849
llava_1_5_7b,log1p,visual_prompt_sum,1,17,11976,1.6794005802962568,1.691491961479187,1.427210658788681,1.9525090456008911
llava_1_5_7b,log1p,visual_prompt_sum,1,18,11976,1.7262496765486464,1.7691393494606018,1.586914300918579,1.9197556674480438
llava_1_5_7b,log1p,visual_prompt_sum,1,19,11976,1.6613802461820837,1.6845207214355469,1.4518672823905945,1.9037166833877563
llava_1_5_7b,log1p,visual_prompt_sum,1,20,11976,1.668048309952359,1.7394832968711853,1.51144677400589,1.895003080368042
llava_1_5_7b,log1p,visual_prompt_sum,1,21,11976,1.8971619022215058,1.9808027744293213,1.7470283806324005,2.1252481937408447
llava_1_5_7b,log1p,visual_prompt_sum,1,22,11976,1.5372767351796688,1.6090013980865479,1.34669691324234,1.7818622291088104
llava_1_5_7b,log1p,visual_prompt_sum,1,23,11976,1.5492853568661547,1.62247234582901,1.3801908493041992,1.7753834128379822
llava_1_5_7b,log1p,visual_prompt_sum,1,24,11976,1.085650677833166,1.1231889128684998,0.9242856502532959,1.2621499598026276
llava_1_5_7b,log1p,visual_prompt_sum,1,25,11976,1.6055658241247406,1.6593605875968933,1.433773785829544,1.827358216047287
llava_1_5_7b,log1p,visual_prompt_sum,1,26,11976,1.322192273242679,1.3416078686714172,1.1638996601104736,1.4739538431167603
llava_1_5_7b,log1p,visual_prompt_sum,1,27,11976,1.4654779982197539,1.5269612073898315,1.2858261168003082,1.6788285672664642
llava_1_5_7b,log1p,visual_prompt_sum,1,28,11976,0.725717277265463,0.7015310227870941,0.6420879513025284,0.7780169546604156
llava_1_5_7b,log1p,visual_prompt_sum,1,29,11976,1.3360652848879098,1.3318898677825928,1.1665994822978973,1.4810858368873596
llava_1_5_7b,log1p,visual_prompt_sum,1,30,11976,1.3740011178151161,1.3846217393875122,1.2489001154899597,1.516330063343048
llava_1_5_7b,log1p,visual_prompt_sum,1,31,11976,1.3884978056969288,1.37745201587677,1.267058789730072,1.5009076297283173
llava_1_5_7b,log1p,visual_prompt_sum,1,32,11976,2.847058643558938,2.8470051288604736,2.6891674995422363,2.995323657989502
qwen3_vl_8b,log1p,prompt,0,1,2593,0.0753791811640744,0.04483978450298309,0.028352437540888786,0.08750803768634796
qwen3_vl_8b,log1p,prompt,0,2,2593,1.1961860271940072,1.140166163444519,0.9537608623504639,1.3763000965118408
qwen3_vl_8b,log1p,prompt,0,3,2593,1.156721919740529,1.0967379808425903,0.9415678977966309,1.3030787706375122
qwen3_vl_8b,log1p,prompt,0,4,2593,1.2247799595741062,1.1913636922836304,1.07010018825531,1.3393675088882446
qwen3_vl_8b,log1p,prompt,0,5,2593,0.9148661188531281,0.8801193833351135,0.7784553170204163,1.0273878574371338
qwen3_vl_8b,log1p,prompt,0,6,2593,0.8409297828089534,0.7980693578720093,0.7185746431350708,0.9057905673980713
qwen3_vl_8b,log1p,prompt,0,7,2593,0.543909273492844,0.49632731080055237,0.4205998480319977,0.613396942615509
qwen3_vl_8b,log1p,prompt,0,8,2593,0.8441670051055022,0.8245342373847961,0.7766633033752441,0.893319845199585
qwen3_vl_8b,log1p,prompt,0,9,2593,1.2166602051584499,1.210308313369751,1.139353632926941,1.2856810092926025
qwen3_vl_8b,log1p,prompt,0,10,2593,1.286604565126851,1.2807594537734985,1.1905853748321533,1.3696389198303223
qwen3_vl_8b,log1p,prompt,0,11,2593,1.5803003524014538,1.5775490999221802,1.496963620185852,1.6594120264053345
qwen3_vl_8b,log1p,prompt,0,12,2593,1.2899659556217098,1.2788424491882324,1.1828819513320923,1.3820021152496338
qwen3_vl_8b,log1p,prompt,0,13,2593,1.4039854108712593,1.4036246538162231,1.335986852645874,1.4720871448516846
qwen3_vl_8b,log1p,prompt,0,14,2593,1.065638917388026,1.050771713256836,0.9827423691749573,1.133510708808899
qwen3_vl_8b,log1p,prompt,0,15,2593,1.2108271204501195,1.2007073163986206,1.1159348487854004,1.2910350561141968
qwen3_vl_8b,log1p,prompt,0,16,2593,1.1326768243813947,1.1226736307144165,1.051751971244812,1.1942365169525146
qwen3_vl_8b,log1p,prompt,0,17,2593,1.3334035410459926,1.329940676689148,1.247185468673706,1.4101264476776123
qwen3_vl_8b,log1p,prompt,0,18,2593,1.4347778418741768,1.4291362762451172,1.3465166091918945,1.519944667816162
qwen3_vl_8b,log1p,prompt,0,19,2593,0.9898321643282078,0.9825823307037354,0.8927305936813354,1.0814822912216187
qwen3_vl_8b,log1p,prompt,0,20,2593,1.3965770598778244,1.3862252235412598,1.3083096742630005,1.4750837087631226
qwen3_vl_8b,log1p,prompt,0,21,2593,1.195349576962394,1.19862961769104,1.089856743812561,1.3008588552474976
qwen3_vl_8b,log1p,prompt,0,22,2593,1.1189580000692751,1.107897400856018,1.0294140577316284,1.1935760974884033
qwen3_vl_8b,log1p,prompt,0,23,2593,1.5194594253226683,1.5015876293182373,1.4221357107162476,1.5990517139434814
qwen3_vl_8b,log1p,prompt,0,24,2593,1.239199072340948,1.220206618309021,1.1177171468734741,1.3383666276931763
qwen3_vl_8b,log1p,prompt,0,25,2593,1.5831607188950438,1.5734933614730835,1.457885980606079,1.6932369470596313
qwen3_vl_8b,log1p,prompt,0,26,2593,1.2330916556344729,1.2301865816116333,1.152466893196106,1.3096253871917725
qwen3_vl_8b,log1p,prompt,0,27,2593,1.6185480198067586,1.6185181140899658,1.5762163400650024,1.6619911193847656
qwen3_vl_8b,log1p,prompt,0,28,2593,1.7909256315488775,1.7903790473937988,1.7454466819763184,1.8317376375198364
qwen3_vl_8b,log1p,prompt,0,29,2593,1.4668057751021144,1.4574435949325562,1.403704285621643,1.52311110496521
qwen3_vl_8b,log1p,prompt,0,30,2593,2.2936533696394927,2.2913947105407715,2.2362842559814453,2.348792552947998
qwen3_vl_8b,log1p,prompt,0,31,2593,2.0943477638338783,2.0939953327178955,2.017899513244629,2.1699626445770264
qwen3_vl_8b,log1p,prompt,0,32,2593,2.2454834622487203,2.25709867477417,2.204066038131714,2.306518077850342
qwen3_vl_8b,log1p,prompt,0,33,2593,1.7717282884239554,1.760152816772461,1.690801978111267,1.8390662670135498
qwen3_vl_8b,log1p,prompt,0,34,2593,3.1004227071115515,3.104382276535034,3.0442192554473877,3.1620235443115234
qwen3_vl_8b,log1p,prompt,0,35,2593,4.435107846541428,4.44782829284668,4.385894298553467,4.500080108642578
qwen3_vl_8b,log1p,prompt,0,36,2593,5.097694777633249,5.097525119781494,4.945618152618408,5.264106750488281
qwen3_vl_8b,log1p,prompt,1,1,12280,0.15816654478016245,0.09660108387470245,0.040786201134324074,0.23040617629885674
qwen3_vl_8b,log1p,prompt,1,2,12280,1.4776464163431904,1.4447903037071228,1.125973641872406,1.8525430560112
qwen3_vl_8b,log1p,prompt,1,3,12280,1.4182847515767871,1.3373900055885315,1.0587728023529053,1.7691758275032043
qwen3_vl_8b,log1p,prompt,1,4,12280,1.3728805315149917,1.3144429326057434,1.125766098499298,1.6386876106262207
qwen3_vl_8b,log1p,prompt,1,5,12280,1.1006062975899598,1.0962585806846619,0.8850423097610474,1.3056294918060303
qwen3_vl_8b,log1p,prompt,1,6,12280,0.970429649029279,0.8934102654457092,0.7611975818872452,1.201537400484085
qwen3_vl_8b,log1p,prompt,1,7,12280,0.7284810546834131,0.652229517698288,0.49632224440574646,0.9332822263240814
qwen3_vl_8b,log1p,prompt,1,8,12280,0.9398046645162936,0.9142700135707855,0.8225713670253754,1.043870598077774
qwen3_vl_8b,log1p,prompt,1,9,12280,1.330953938205778,1.309151291847229,1.2186465859413147,1.4277570247650146
qwen3_vl_8b,log1p,prompt,1,10,12280,1.3854829268172044,1.35744047164917,1.2571976482868195,1.4959808886051178
qwen3_vl_8b,log1p,prompt,1,11,12280,1.6700270854397783,1.6655700206756592,1.5800528228282928,1.7596617937088013
qwen3_vl_8b,log1p,prompt,1,12,12280,1.3704378642748545,1.359351098537445,1.243634670972824,1.4960013628005981
qwen3_vl_8b,log1p,prompt,1,13,12280,1.441240917597609,1.4421658515930176,1.3584133982658386,1.5247270166873932
qwen3_vl_8b,log1p,prompt,1,14,12280,1.1130031172295347,1.0877745151519775,0.9865110814571381,1.2281457483768463
qwen3_vl_8b,log1p,prompt,1,15,12280,1.2986278908211943,1.2845170497894287,1.1831796765327454,1.4133571088314056
qwen3_vl_8b,log1p,prompt,1,16,12280,1.2399554098904715,1.1997287273406982,1.103186011314392,1.3624896705150604
qwen3_vl_8b,log1p,prompt,1,17,12280,1.4312275348589163,1.4199992418289185,1.3170579671859741,1.5448641777038574
qwen3_vl_8b,log1p,prompt,1,18,12280,1.51224095032153,1.4891982674598694,1.383545696735382,1.6284246444702148
qwen3_vl_8b,log1p,prompt,1,19,12280,1.0762795982366664,1.0562586188316345,0.9353624731302261,1.1972275376319885
qwen3_vl_8b,log1p,prompt,1,20,12280,1.4639278206306872,1.43426913022995,1.3284517526626587,1.5938312709331512
qwen3_vl_8b,log1p,prompt,1,21,12280,1.2897200994654665,1.2689260244369507,1.1481258869171143,1.4184286892414093
qwen3_vl_8b,log1p,prompt,1,22,12280,1.2061098311982248,1.186371624469757,1.0896486043930054,1.3063738942146301
qwen3_vl_8b,log1p,prompt,1,23,12280,1.6295250845751468,1.5938895344734192,1.4678235352039337,1.7862610816955566
qwen3_vl_8b,log1p,prompt,1,24,12280,1.3618103091802194,1.3358651995658875,1.199782282114029,1.5124535262584686
qwen3_vl_8b,log1p,prompt,1,25,12280,1.7283550142950654,1.7280932664871216,1.5741474032402039,1.8840911984443665
qwen3_vl_8b,log1p,prompt,1,26,12280,1.2686707851115966,1.262569010257721,1.1688255667686462,1.363104373216629
qwen3_vl_8b,log1p,prompt,1,27,12280,1.6302493516028123,1.626327097415924,1.5752339363098145,1.6806592345237732
qwen3_vl_8b,log1p,prompt,1,28,12280,1.831843598832525,1.8264658451080322,1.7764196991920471,1.8822074234485626
qwen3_vl_8b,log1p,prompt,1,29,12280,1.5219892119157585,1.4996339082717896,1.422751396894455,1.6050449311733246
qwen3_vl_8b,log1p,prompt,1,30,12280,2.322783105352026,2.319541811943054,2.2663168907165527,2.377211093902588
qwen3_vl_8b,log1p,prompt,1,31,12280,2.1572022533474993,2.1468182802200317,2.059676468372345,2.243781328201294
qwen3_vl_8b,log1p,prompt,1,32,12280,2.3054515036775545,2.3099461793899536,2.254434645175934,2.3666059374809265
qwen3_vl_8b,log1p,prompt,1,33,12280,1.8492527289965253,1.8377445936203003,1.7479188740253448,1.9424919784069061
qwen3_vl_8b,log1p,prompt,1,34,12280,3.1474499191639866,3.1555317640304565,3.101018965244293,3.2017250657081604
qwen3_vl_8b,log1p,prompt,1,35,12280,4.45807154891157,4.466155290603638,4.40618896484375,4.518609166145325
qwen3_vl_8b,log1p,prompt,1,36,12280,5.17482336732386,5.193573236465454,5.002684712409973,5.364460229873657
qwen3_vl_8b,log1p,generation,0,1,2593,2.0229594799436015,2.07660174369812,1.6441344022750854,2.3388755321502686
qwen3_vl_8b,log1p,generation,0,2,2593,2.919723437276532,2.9300451278686523,2.750345468521118,3.1020736694335938
qwen3_vl_8b,log1p,generation,0,3,2593,2.9068446274756283,2.9448864459991455,2.80033802986145,3.0651137828826904
qwen3_vl_8b,log1p,generation,0,4,2593,2.538066952351755,2.5783653259277344,2.4320168495178223,2.7022275924682617
qwen3_vl_8b,log1p,generation,0,5,2593,2.2538856709044826,2.286892890930176,2.166576862335205,2.386124610900879
qwen3_vl_8b,log1p,generation,0,6,2593,2.261300980883862,2.283057689666748,2.1734254360198975,2.3810601234436035
qwen3_vl_8b,log1p,generation,0,7,2593,2.380675011328459,2.4172990322113037,2.18113374710083,2.5563242435455322
qwen3_vl_8b,log1p,generation,0,8,2593,2.337916606464673,2.34091854095459,2.185847043991089,2.498647928237915
qwen3_vl_8b,log1p,generation,0,9,2593,2.4699770664552716,2.4800918102264404,2.339010000228882,2.6234130859375
qwen3_vl_8b,log1p,generation,0,10,2593,2.657379835165931,2.6659176349639893,2.5253260135650635,2.797581195831299
qwen3_vl_8b,log1p,generation,0,11,2593,2.7542877959506282,2.7579400539398193,2.6627695560455322,2.851377248764038
qwen3_vl_8b,log1p,generation,0,12,2593,2.6153071860388075,2.634580373764038,2.5036818981170654,2.7418575286865234
qwen3_vl_8b,log1p,generation,0,13,2593,2.4858926883591588,2.491956949234009,2.399845838546753,2.5786662101745605
qwen3_vl_8b,log1p,generation,0,14,2593,2.278434481116919,2.2802178859710693,2.151587724685669,2.413419485092163
qwen3_vl_8b,log1p,generation,0,15,2593,2.6076243130157595,2.6178956031799316,2.522080898284912,2.7086408138275146
qwen3_vl_8b,log1p,generation,0,16,2593,2.517916434619402,2.5244529247283936,2.4096105098724365,2.631150007247925
qwen3_vl_8b,log1p,generation,0,17,2593,2.506929281729784,2.5296108722686768,2.4071524143218994,2.642352819442749
qwen3_vl_8b,log1p,generation,0,18,2593,2.502542031992829,2.517200231552124,2.406954526901245,2.6212167739868164
qwen3_vl_8b,log1p,generation,0,19,2593,2.4707421977870307,2.4779276847839355,2.3586342334747314,2.586782217025757
qwen3_vl_8b,log1p,generation,0,20,2593,2.6057327867151914,2.607638359069824,2.5098249912261963,2.7072741985321045
qwen3_vl_8b,log1p,generation,0,21,2593,2.6239170858035252,2.623643159866333,2.4929628372192383,2.7599587440490723
qwen3_vl_8b,log1p,generation,0,22,2593,2.8493307370547387,2.8504960536956787,2.7216453552246094,2.981403112411499
qwen3_vl_8b,log1p,generation,0,23,2593,3.061173656112753,3.0540151596069336,2.9459409713745117,3.170057773590088
qwen3_vl_8b,log1p,generation,0,24,2593,3.070779382056175,3.0745351314544678,2.9088094234466553,3.234994649887085
qwen3_vl_8b,log1p,generation,0,25,2593,2.993095646941703,3.0078039169311523,2.8393568992614746,3.160189390182495
qwen3_vl_8b,log1p,generation,0,26,2593,2.9344468156297467,2.932223320007324,2.8128464221954346,3.0489540100097656
qwen3_vl_8b,log1p,generation,0,27,2593,2.8305225831589733,2.844796657562256,2.638920545578003,3.040675163269043
qwen3_vl_8b,log1p,generation,0,28,2593,2.7489914369546353,2.7407798767089844,2.5932724475860596,2.901986837387085
qwen3_vl_8b,log1p,generation,0,29,2593,3.181346278460937,3.1810266971588135,2.9975087642669678,3.3682668209075928
qwen3_vl_8b,log1p,generation,0,30,2593,2.9844425976437305,3.025773048400879,2.7268598079681396,3.270003318786621
qwen3_vl_8b,log1p,generation,0,31,2593,3.160355509086047,3.1586835384368896,3.0179991722106934,3.295686960220337
qwen3_vl_8b,log1p,generation,0,32,2593,2.995615833935662,2.999570369720459,2.82088303565979,3.169577121734619
qwen3_vl_8b,log1p,generation,0,33,2593,3.318022877472136,3.315455913543701,3.133334159851074,3.5092697143554688
qwen3_vl_8b,log1p,generation,0,34,2593,3.100720363374939,3.10575270652771,2.8672971725463867,3.3389511108398438
qwen3_vl_8b,log1p,generation,0,35,2593,3.8694216180757994,3.8491623401641846,3.68027925491333,4.034780502319336
qwen3_vl_8b,log1p,generation,0,36,2593,4.714194085209056,4.716396331787109,4.585713863372803,4.848273277282715
qwen3_vl_8b,log1p,generation,1,1,12280,2.0405920476109665,2.1485666036605835,1.6097589135169983,2.3610957860946655
qwen3_vl_8b,log1p,generation,1,2,12280,2.814375108014489,2.822826385498047,2.6489607095718384,3.011667847633362
qwen3_vl_8b,log1p,generation,1,3,12280,2.773116434028172,2.827521800994873,2.607670843601227,2.98559832572937
qwen3_vl_8b,log1p,generation,1,4,12280,2.3770431803132888,2.424555540084839,2.156741142272949,2.6134366393089294
qwen3_vl_8b,log1p,generation,1,5,12280,2.0974297471805583,2.149274230003357,1.9361631274223328,2.29626601934433
qwen3_vl_8b,log1p,generation,1,6,12280,2.1462849969972617,2.192565083503723,2.001183569431305,2.324541926383972
qwen3_vl_8b,log1p,generation,1,7,12280,2.24589265094712,2.2580509185791016,2.059375822544098,2.458446979522705
qwen3_vl_8b,log1p,generation,1,8,12280,2.186901681489199,2.187799572944641,2.046212911605835,2.33243590593338
qwen3_vl_8b,log1p,generation,1,9,12280,2.3035838407297478,2.3427979946136475,2.139377772808075,2.5093446373939514
qwen3_vl_8b,log1p,generation,1,10,12280,2.4944952219918806,2.5145671367645264,2.2990978360176086,2.68877375125885
qwen3_vl_8b,log1p,generation,1,11,12280,2.6313629731778603,2.6530638933181763,2.5019198656082153,2.773545980453491
qwen3_vl_8b,log1p,generation,1,12,12280,2.4430314276913476,2.4887996912002563,2.284185230731964,2.632041037082672
qwen3_vl_8b,log1p,generation,1,13,12280,2.3545748654910716,2.371772527694702,2.2139474153518677,2.491744816303253
qwen3_vl_8b,log1p,generation,1,14,12280,2.103215530136121,2.1271406412124634,1.9268495738506317,2.3053457736968994
qwen3_vl_8b,log1p,generation,1,15,12280,2.452290351033599,2.5077391862869263,2.3134844303131104,2.6331411600112915
qwen3_vl_8b,log1p,generation,1,16,12280,2.356574511722167,2.3949501514434814,2.2021817564964294,2.541297972202301
qwen3_vl_8b,log1p,generation,1,17,12280,2.3277453767166074,2.3944554328918457,2.1078129410743713,2.578205108642578
qwen3_vl_8b,log1p,generation,1,18,12280,2.36745591160723,2.425942540168762,2.187744915485382,2.5842126607894897
qwen3_vl_8b,log1p,generation,1,19,12280,2.3251287893868424,2.3507686853408813,2.1375160217285156,2.517455756664276
qwen3_vl_8b,log1p,generation,1,20,12280,2.5280138621792343,2.551021933555603,2.383112072944641,2.6812638640403748
qwen3_vl_8b,log1p,generation,1,21,12280,2.485915905839069,2.5118075609207153,2.288768172264099,2.6942963004112244
qwen3_vl_8b,log1p,generation,1,22,12280,2.7362012661823623,2.748971104621887,2.5569058656692505,2.9148992896080017
qwen3_vl_8b,log1p,generation,1,23,12280,3.039894367817559,3.0436556339263916,2.903612434864044,3.1728097200393677
qwen3_vl_8b,log1p,generation,1,24,12280,2.950461271715863,2.947468638420105,2.765460968017578,3.135124981403351
qwen3_vl_8b,log1p,generation,1,25,12280,2.797086184556787,2.8359270095825195,2.5667890310287476,3.0510180592536926
qwen3_vl_8b,log1p,generation,1,26,12280,2.9645917626662053,2.9592400789260864,2.82589054107666,3.093512713909149
qwen3_vl_8b,log1p,generation,1,27,12280,2.661209096058184,2.6601245403289795,2.44232177734375,2.8822585940361023
qwen3_vl_8b,log1p,generation,1,28,12280,2.6485359100254815,2.661332845687866,2.447335183620453,2.8581773042678833
qwen3_vl_8b,log1p,generation,1,29,12280,3.146540701185453,3.146255612373352,2.9600667357444763,3.339568793773651
qwen3_vl_8b,log1p,generation,1,30,12280,2.6823929732368126,2.759724259376526,2.287938416004181,3.1194286942481995
qwen3_vl_8b,log1p,generation,1,31,12280,3.121209162512509,3.129822611808777,2.9575815200805664,3.289755702018738
qwen3_vl_8b,log1p,generation,1,32,12280,2.9495359255650144,2.967499017715454,2.7523680925369263,3.164053201675415
qwen3_vl_8b,log1p,generation,1,33,12280,3.2976759691968414,3.3013901710510254,3.1314767003059387,3.474725663661957
qwen3_vl_8b,log1p,generation,1,34,12280,2.883454863431011,2.915289044380188,2.632254898548126,3.160530984401703
qwen3_vl_8b,log1p,generation,1,35,12280,3.7866826578926185,3.786542773246765,3.605980932712555,3.9586687684059143
qwen3_vl_8b,log1p,generation,1,36,12280,4.65403598562514,4.677283763885498,4.4918272495269775,4.829084157943726
qwen3_vl_8b,log1p,visual,0,1,2593,0.19204103240633374,0.1592903584241867,0.10327180474996567,0.24620455503463745
qwen3_vl_8b,log1p,visual,0,2,2593,0.2954388458900961,0.25228333473205566,0.18743646144866943,0.35296183824539185
qwen3_vl_8b,log1p,visual,0,3,2593,0.8320760157604361,0.7685572504997253,0.5891850590705872,1.005996584892273
qwen3_vl_8b,log1p,visual,0,4,2593,0.49806932256349806,0.4205615222454071,0.29563814401626587,0.6248770952224731
qwen3_vl_8b,log1p,visual,0,5,2593,0.3442369464338056,0.2907886505126953,0.1658521592617035,0.455836683511734
qwen3_vl_8b,log1p,visual,0,6,2593,0.3875100049809788,0.34003010392189026,0.23580804467201233,0.48888421058654785
qwen3_vl_8b,log1p,visual,0,7,2593,0.4157529650087229,0.3409784436225891,0.17633020877838135,0.6028224229812622
qwen3_vl_8b,log1p,visual,0,8,2593,0.3642698423861538,0.3344394564628601,0.22392740845680237,0.46504268050193787
qwen3_vl_8b,log1p,visual,0,9,2593,1.2135325425893149,1.2308627367019653,0.9441421031951904,1.4899897575378418
qwen3_vl_8b,log1p,visual,0,10,2593,1.58930099865,1.636379361152649,1.304189682006836,1.9074677228927612
qwen3_vl_8b,log1p,visual,0,11,2593,1.3897657021564083,1.4144662618637085,1.1271250247955322,1.6680772304534912
qwen3_vl_8b,log1p,visual,0,12,2593,1.419112968355176,1.4458024501800537,1.2038167715072632,1.6556758880615234
qwen3_vl_8b,log1p,visual,0,13,2593,1.2098351358746728,1.2021888494491577,1.0078223943710327,1.396988868713379
qwen3_vl_8b,log1p,visual,0,14,2593,1.8231558734001545,1.862797498703003,1.5861505270004272,2.1205620765686035
qwen3_vl_8b,log1p,visual,0,15,2593,1.6145358670070462,1.657179594039917,1.4265104532241821,1.8563114404678345
qwen3_vl_8b,log1p,visual,0,16,2593,1.9356238979011533,1.9849728345870972,1.7446414232254028,2.195314884185791
qwen3_vl_8b,log1p,visual,0,17,2593,1.7114754815474928,1.7360432147979736,1.4998852014541626,1.9454623460769653
qwen3_vl_8b,log1p,visual,0,18,2593,1.9363686834069416,1.9929113388061523,1.7571651935577393,2.1757068634033203
qwen3_vl_8b,log1p,visual,0,19,2593,2.1735515403462524,2.24965763092041,2.0073554515838623,2.4045915603637695
qwen3_vl_8b,log1p,visual,0,20,2593,1.7350860995718562,1.7946583032608032,1.4355344772338867,2.0699121952056885
qwen3_vl_8b,log1p,visual,0,21,2593,1.9742382033895076,2.0752203464508057,1.7003886699676514,2.3233377933502197
qwen3_vl_8b,log1p,visual,0,22,2593,2.0032477997878413,2.08415150642395,1.8067976236343384,2.281602621078491
qwen3_vl_8b,log1p,visual,0,23,2593,1.6032514863270753,1.6313633918762207,1.4145257472991943,1.8156934976577759
qwen3_vl_8b,log1p,visual,0,24,2593,2.4850693956977192,2.5500497817993164,2.2942728996276855,2.7490923404693604
qwen3_vl_8b,log1p,visual,0,25,2593,2.659349024640608,2.696636438369751,2.4982235431671143,2.876685380935669
qwen3_vl_8b,log1p,visual,0,26,2593,1.8030343767165034,1.851433277130127,1.551267385482788,2.087742805480957
qwen3_vl_8b,log1p,visual,0,27,2593,2.538405158117017,2.6084368228912354,2.3063290119171143,2.8356363773345947
qwen3_vl_8b,log1p,visual,0,28,2593,2.1222236705272297,2.158694267272949,1.857696771621704,2.4173643589019775
qwen3_vl_8b,log1p,visual,0,29,2593,2.1934529801408984,2.2276458740234375,1.8433831930160522,2.593459367752075
qwen3_vl_8b,log1p,visual,0,30,2593,2.8310363733120236,2.8821966648101807,2.5455334186553955,3.168900728225708
qwen3_vl_8b,log1p,visual,0,31,2593,2.172363703223531,2.2223474979400635,1.8516197204589844,2.5455543994903564
qwen3_vl_8b,log1p,visual,0,32,2593,2.4059065404634334,2.4776973724365234,2.0746779441833496,2.802700996398926
qwen3_vl_8b,log1p,visual,0,33,2593,2.4349568448170613,2.5091097354888916,2.0313632488250732,2.947202682495117
qwen3_vl_8b,log1p,visual,0,34,2593,2.800001701320684,2.8929340839385986,2.4699764251708984,3.226161479949951
qwen3_vl_8b,log1p,visual,0,35,2593,2.9251909018988043,2.9506125450134277,2.6072707176208496,3.298912286758423
qwen3_vl_8b,log1p,visual,0,36,2593,2.8160990929447265,2.808651924133301,2.6025216579437256,3.029796600341797
qwen3_vl_8b,log1p,visual,1,1,12280,0.271084353959655,0.2460869550704956,0.15037527307868004,0.35316768288612366
qwen3_vl_8b,log1p,visual,1,2,12280,0.42767179262663574,0.37364983558654785,0.2399648316204548,0.5823788344860077
qwen3_vl_8b,log1p,visual,1,3,12280,1.0740582647948778,1.0161518454551697,0.7686631977558136,1.3220408856868744
qwen3_vl_8b,log1p,visual,1,4,12280,0.6466206736647272,0.5959730744361877,0.367841511964798,0.8618425279855728
qwen3_vl_8b,log1p,visual,1,5,12280,0.5313399524685808,0.4857944846153259,0.29640334099531174,0.7093631476163864
qwen3_vl_8b,log1p,visual,1,6,12280,0.6049337109966441,0.5560202598571777,0.3654232993721962,0.8085353374481201
qwen3_vl_8b,log1p,visual,1,7,12280,0.685935689217232,0.6391080915927887,0.3268170431256294,1.0274948477745056
qwen3_vl_8b,log1p,visual,1,8,12280,0.5309052090427507,0.498401015996933,0.3352891355752945,0.7084240913391113
qwen3_vl_8b,log1p,visual,1,9,12280,1.4392974942655634,1.4483962655067444,1.1628276705741882,1.7532358467578888
qwen3_vl_8b,log1p,visual,1,10,12280,1.8207741675892366,1.9187025427818298,1.488147795200348,2.184830069541931
qwen3_vl_8b,log1p,visual,1,11,12280,1.6131961796784633,1.6480777263641357,1.3861049115657806,1.8794346749782562
qwen3_vl_8b,log1p,visual,1,12,12280,1.6017238983659965,1.6275911927223206,1.3669350445270538,1.8693576455116272
qwen3_vl_8b,log1p,visual,1,13,12280,1.4851508581021904,1.469717562198639,1.2521986067295074,1.7253729403018951
qwen3_vl_8b,log1p,visual,1,14,12280,1.9617246586756616,1.9758638739585876,1.7666971385478973,2.222975492477417
qwen3_vl_8b,log1p,visual,1,15,12280,1.8251602607387867,1.8784260153770447,1.674159973859787,2.0390859842300415
qwen3_vl_8b,log1p,visual,1,16,12280,2.051914653769339,2.0992650985717773,1.8944083452224731,2.2642019987106323
qwen3_vl_8b,log1p,visual,1,17,12280,1.9507121304250308,1.9750178456306458,1.755404382944107,2.1832963824272156
qwen3_vl_8b,log1p,visual,1,18,12280,2.0749062534191127,2.124670624732971,1.9318795502185822,2.27092307806015
qwen3_vl_8b,log1p,visual,1,19,12280,2.3117690149609738,2.356124758720398,2.213199734687805,2.4748555421829224
qwen3_vl_8b,log1p,visual,1,20,12280,1.9999120537640607,2.036515474319458,1.8147522807121277,2.253224194049835
qwen3_vl_8b,log1p,visual,1,21,12280,2.2097176216287897,2.276649594306946,2.0604162216186523,2.4477211833000183
qwen3_vl_8b,log1p,visual,1,22,12280,2.2520530971112973,2.3066463470458984,2.0971567034721375,2.4748504161834717
qwen3_vl_8b,log1p,visual,1,23,12280,1.7361896424126548,1.764157474040985,1.562419831752777,1.9446043074131012
qwen3_vl_8b,log1p,visual,1,24,12280,2.647086880096395,2.714398741722107,2.4965232014656067,2.887483239173889
qwen3_vl_8b,log1p,visual,1,25,12280,2.8105416747519945,2.8713828325271606,2.658173441886902,3.031578242778778
qwen3_vl_8b,log1p,visual,1,26,12280,2.007086583575179,2.049634099006653,1.7669228315353394,2.3008849024772644
qwen3_vl_8b,log1p,visual,1,27,12280,2.671888244685987,2.743006706237793,2.475799024105072,2.9398478865623474
qwen3_vl_8b,log1p,visual,1,28,12280,2.4169329489553983,2.467908263206482,2.1598846316337585,2.7287545800209045
qwen3_vl_8b,log1p,visual,1,29,12280,2.534035889986381,2.5764927864074707,2.2491533160209656,2.8811410069465637
qwen3_vl_8b,log1p,visual,1,30,12280,3.011868392916378,3.0437352657318115,2.6482008695602417,3.3955519795417786
qwen3_vl_8b,log1p,visual,1,31,12280,2.3648324157496616,2.388769030570984,2.0604629516601562,2.693010449409485
qwen3_vl_8b,log1p,visual,1,32,12280,2.6935820899466933,2.747424006462097,2.397418200969696,3.0499629378318787
qwen3_vl_8b,log1p,visual,1,33,12280,2.5849221338059887,2.6470028162002563,2.224948525428772,3.015731155872345
qwen3_vl_8b,log1p,visual,1,34,12280,2.9416667568955437,2.9876081943511963,2.594317615032196,3.334718108177185
qwen3_vl_8b,log1p,visual,1,35,12280,3.0939244393174343,3.1169052124023438,2.7972801327705383,3.4236791133880615
qwen3_vl_8b,log1p,visual,1,36,12280,3.025174597158106,3.0233840942382812,2.7622010111808777,3.2864526510238647
qwen3_vl_8b,log1p,visual_prompt_sum,0,1,2593,0.2505939534868552,0.20573894679546356,0.13284176588058472,0.3167249262332916
qwen3_vl_8b,log1p,visual_prompt_sum,0,2,2593,1.2924941294771615,1.2314832210540771,1.0486072301864624,1.4736708402633667
qwen3_vl_8b,log1p,visual_prompt_sum,0,3,2593,1.5110173895006882,1.4680192470550537,1.2694965600967407,1.6875637769699097
qwen3_vl_8b,log1p,visual_prompt_sum,0,4,2593,1.4109100229805425,1.3781267404556274,1.25237238407135,1.5343410968780518
qwen3_vl_8b,log1p,visual_prompt_sum,0,5,2593,1.0714463448598033,1.0399020910263062,0.9081289768218994,1.2092576026916504
qwen3_vl_8b,log1p,visual_prompt_sum,0,6,2593,1.028619595007045,0.9728469848632812,0.8734130263328552,1.1353237628936768
qwen3_vl_8b,log1p,visual_prompt_sum,0,7,2593,0.8064568520879544,0.7649856805801392,0.583731472492218,0.9793109893798828
qwen3_vl_8b,log1p,visual_prompt_sum,0,8,2593,1.0191517204241636,0.9939624667167664,0.91367107629776,1.0873878002166748
qwen3_vl_8b,log1p,visual_prompt_sum,0,9,2593,1.7603494176706476,1.761008381843567,1.579418420791626,1.9461185932159424
qwen3_vl_8b,log1p,visual_prompt_sum,0,10,2593,2.043612268777414,2.0400848388671875,1.8390288352966309,2.2342448234558105
qwen3_vl_8b,log1p,visual_prompt_sum,0,11,2593,2.0816172728242446,2.081834077835083,1.9356238842010498,2.219533681869507
qwen3_vl_8b,log1p,visual_prompt_sum,0,12,2593,1.9231993126400273,1.934455156326294,1.7640066146850586,2.091789484024048
qwen3_vl_8b,log1p,visual_prompt_sum,0,13,2593,1.8683864596356217,1.862208366394043,1.7463710308074951,1.9772590398788452
qwen3_vl_8b,log1p,visual_prompt_sum,0,14,2593,2.1117972318058627,2.122349739074707,1.9274442195892334,2.3274431228637695
qwen3_vl_8b,log1p,visual_prompt_sum,0,15,2593,2.011410908629156,2.037029266357422,1.8666123151779175,2.1780307292938232
qwen3_vl_8b,log1p,visual_prompt_sum,0,16,2593,2.215908882519567,2.24261474609375,2.0623700618743896,2.4082746505737305
qwen3_vl_8b,log1p,visual_prompt_sum,0,17,2593,2.1331889372831876,2.139192581176758,1.9851075410842896,2.291079044342041
qwen3_vl_8b,log1p,visual_prompt_sum,0,18,2593,2.3336311779195076,2.3624579906463623,2.2106645107269287,2.4831595420837402
qwen3_vl_8b,log1p,visual_prompt_sum,0,19,2593,2.36070598229174,2.41694974899292,2.225508451461792,2.549147605895996
qwen3_vl_8b,log1p,visual_prompt_sum,0,20,2593,2.192024141860385,2.204242706298828,1.9981372356414795,2.3862228393554688
qwen3_vl_8b,log1p,visual_prompt_sum,0,21,2593,2.2838827097135486,2.338052272796631,2.0832266807556152,2.521463394165039
qwen3_vl_8b,log1p,visual_prompt_sum,0,22,2593,2.266331463672919,2.3128182888031006,2.1052608489990234,2.4697530269622803
qwen3_vl_8b,log1p,visual_prompt_sum,0,23,2593,2.157036373663997,2.1654107570648193,2.0308008193969727,2.288839340209961
qwen3_vl_8b,log1p,visual_prompt_sum,0,24,2593,2.6876619523251053,2.725579261779785,2.5284576416015625,2.894477128982544
qwen3_vl_8b,log1p,visual_prompt_sum,0,25,2593,2.9139291828679985,2.9328341484069824,2.7809555530548096,3.0768890380859375
qwen3_vl_8b,log1p,visual_prompt_sum,0,26,2593,2.160080273777557,2.177483558654785,1.966378092765808,2.356172561645508
qwen3_vl_8b,log1p,visual_prompt_sum,0,27,2593,2.8340214997978226,2.867856502532959,2.6507368087768555,3.0523548126220703
qwen3_vl_8b,log1p,visual_prompt_sum,0,28,2593,2.610304329232548,2.614854097366333,2.426398754119873,2.794097661972046
qwen3_vl_8b,log1p,visual_prompt_sum,0,29,2593,2.5421824748112436,2.538147449493408,2.2735326290130615,2.8112244606018066
qwen3_vl_8b,log1p,visual_prompt_sum,0,30,2593,3.2791056900561384,3.2908692359924316,3.067748546600342,3.4934709072113037
qwen3_vl_8b,log1p,visual_prompt_sum,0,31,2593,2.7988092033641476,2.797062397003174,2.593362331390381,2.9931280612945557
qwen3_vl_8b,log1p,visual_prompt_sum,0,32,2593,3.0055743107407698,3.016498565673828,2.793853282928467,3.223965644836426
qwen3_vl_8b,log1p,visual_prompt_sum,0,33,2593,2.8344971496443745,2.846536874771118,2.519221544265747,3.1793196201324463
qwen3_vl_8b,log1p,visual_prompt_sum,0,34,2593,3.6716532326553764,3.676262617111206,3.5058937072753906,3.8405420780181885
qwen3_vl_8b,log1p,visual_prompt_sum,0,35,2593,4.64299937633304,4.6439104080200195,4.55818510055542,4.731395721435547
qwen3_vl_8b,log1p,visual_prompt_sum,0,36,2593,5.19175410114381,5.192081451416016,5.038427829742432,5.3576250076293945
qwen3_vl_8b,log1p,visual_prompt_sum,1,1,12280,0.3851668812862388,0.3328678756952286,0.19246849790215492,0.5474126935005188
qwen3_vl_8b,log1p,visual_prompt_sum,1,2,12280,1.588350639594203,1.551159143447876,1.2289862632751465,1.9737512171268463
qwen3_vl_8b,log1p,visual_prompt_sum,1,3,12280,1.8176923261597413,1.7789755463600159,1.4558330476284027,2.193900167942047
qwen3_vl_8b,log1p,visual_prompt_sum,1,4,12280,1.593707617381982,1.5617437362670898,1.3347695767879486,1.8703300952911377
qwen3_vl_8b,log1p,visual_prompt_sum,1,5,12280,1.3146506817143786,1.304671049118042,1.0730404257774353,1.5656234622001648
qwen3_vl_8b,log1p,visual_prompt_sum,1,6,12280,1.2429434994824158,1.186763882637024,0.9763577282428741,1.508602648973465
qwen3_vl_8b,log1p,visual_prompt_sum,1,7,12280,1.1145334876200081,1.05751371383667,0.7891749441623688,1.4358125925064087
qwen3_vl_8b,log1p,visual_prompt_sum,1,8,12280,1.1821480667600803,1.1373750567436218,1.0104584991931915,1.3460507094860077
qwen3_vl_8b,log1p,visual_prompt_sum,1,9,12280,1.9580108262331555,1.9458891153335571,1.7457620799541473,2.1793413162231445
qwen3_vl_8b,log1p,visual_prompt_sum,1,10,12280,2.2432471906420464,2.2727378606796265,1.979751169681549,2.5102153420448303
qwen3_vl_8b,log1p,visual_prompt_sum,1,11,12280,2.246656818149144,2.2447102069854736,2.09007328748703,2.4047799110412598
qwen3_vl_8b,log1p,visual_prompt_sum,1,12,12280,2.0781078216598554,2.090021014213562,1.8943746984004974,2.284136950969696
qwen3_vl_8b,log1p,visual_prompt_sum,1,13,12280,2.0448693544255017,2.0319151878356934,1.8901628255844116,2.2057844400405884
qwen3_vl_8b,log1p,visual_prompt_sum,1,14,12280,2.230709857952323,2.253741979598999,2.0669599771499634,2.424627184867859
qwen3_vl_8b,log1p,visual_prompt_sum,1,15,12280,2.190859754534032,2.2191251516342163,2.0651808977127075,2.360139846801758
qwen3_vl_8b,log1p,visual_prompt_sum,1,16,12280,2.336834394456121,2.377102017402649,2.194000542163849,2.5197344422340393
qwen3_vl_8b,log1p,visual_prompt_sum,1,17,12280,2.3326310995444413,2.3410933017730713,2.1715163588523865,2.513457417488098
qwen3_vl_8b,log1p,visual_prompt_sum,1,18,12280,2.4562501480796826,2.4808974266052246,2.356063187122345,2.595104396343231
qwen3_vl_8b,log1p,visual_prompt_sum,1,19,12280,2.4946319369132044,2.5364683866500854,2.39929461479187,2.641975462436676
qwen3_vl_8b,log1p,visual_prompt_sum,1,20,12280,2.3888028487805824,2.415595054626465,2.2344122529029846,2.569058656692505
qwen3_vl_8b,log1p,visual_prompt_sum,1,21,12280,2.4811524375059704,2.524142861366272,2.3537992238998413,2.6590908765792847
qwen3_vl_8b,log1p,visual_prompt_sum,1,22,12280,2.4823922572675667,2.515962839126587,2.3387500643730164,2.672323524951935
qwen3_vl_8b,log1p,visual_prompt_sum,1,23,12280,2.2895833538293062,2.2995158433914185,2.1377567648887634,2.454905927181244
qwen3_vl_8b,log1p,visual_prompt_sum,1,24,12280,2.8481040700736187,2.896012306213379,2.703691303730011,3.0458154678344727
qwen3_vl_8b,log1p,visual_prompt_sum,1,25,12280,3.069151322927071,3.1062861680984497,2.9282703399658203,3.2482483983039856
qwen3_vl_8b,log1p,visual_prompt_sum,1,26,12280,2.3182695141347303,2.332614779472351,2.121565580368042,2.5318551659584045
qwen3_vl_8b,log1p,visual_prompt_sum,1,27,12280,2.936407139421674,2.9791107177734375,2.771423041820526,3.1382124423980713
qwen3_vl_8b,log1p,visual_prompt_sum,1,28,12280,2.816800197454151,2.8347455263137817,2.618485391139984,3.0316908955574036
qwen3_vl_8b,log1p,visual_prompt_sum,1,29,12280,2.8052595516563628,2.8172391653060913,2.565455198287964,3.0703113079071045
qwen3_vl_8b,log1p,visual_prompt_sum,1,30,12280,3.414904139212754,3.407205104827881,3.1535010933876038,3.666659712791443
qwen3_vl_8b,log1p,visual_prompt_sum,1,31,12280,2.932211477243939,2.9183448553085327,2.725103735923767,3.127114176750183
qwen3_vl_8b,log1p,visual_prompt_sum,1,32,12280,3.1949541259569143,3.207316517829895,2.9833444952964783,3.4173139333724976
qwen3_vl_8b,log1p,visual_prompt_sum,1,33,12280,2.9540656773197536,2.973624110221863,2.6706464290618896,3.2578468918800354
qwen3_vl_8b,log1p,visual_prompt_sum,1,34,12280,3.752899492233506,3.7442532777786255,3.5799325704574585,3.9256128072738647
qwen3_vl_8b,log1p,visual_prompt_sum,1,35,12280,4.692882854387116,4.697688579559326,4.613299608230591,4.777113080024719
qwen3_vl_8b,log1p,visual_prompt_sum,1,36,12280,5.282926610121898,5.303370237350464,5.1060895919799805,5.475803732872009
internvl_2_5_8b,log1p,prompt,0,1,1766,0.17866176899020494,0.13879219442605972,0.0943346619606018,0.2331974022090435
internvl_2_5_8b,log1p,prompt,0,2,1766,0.21025033041176683,0.20100125670433044,0.18076248094439507,0.22841046378016472
internvl_2_5_8b,log1p,prompt,0,3,1766,0.40061937100417483,0.3939190208911896,0.3647385537624359,0.4286939576268196
internvl_2_5_8b,log1p,prompt,0,4,1766,0.5669542910997352,0.5654357373714447,0.538847953081131,0.590207502245903
internvl_2_5_8b,log1p,prompt,0,5,1766,0.8209546111515668,0.8144564628601074,0.7746810019016266,0.8590231239795685
internvl_2_5_8b,log1p,prompt,0,6,1766,0.8317793364365536,0.8248278796672821,0.7925631105899811,0.8667855560779572
internvl_2_5_8b,log1p,prompt,0,7,1766,1.0572365984101257,1.0518981218338013,1.0151785612106323,1.0939841270446777
internvl_2_5_8b,log1p,prompt,0,8,1766,1.1668334221920909,1.159914255142212,1.115102380514145,1.209014743566513
internvl_2_5_8b,log1p,prompt,0,9,1766,1.2357560441421085,1.2300399541854858,1.1835471391677856,1.2821006774902344
internvl_2_5_8b,log1p,prompt,0,10,1766,1.1768880374096797,1.1650903820991516,1.086789608001709,1.2579235434532166
internvl_2_5_8b,log1p,prompt,0,11,1766,1.3979005185826043,1.389765441417694,1.3283341228961945,1.4569117426872253
internvl_2_5_8b,log1p,prompt,0,12,1766,1.268917966942015,1.2609522938728333,1.1967642903327942,1.3333125710487366
internvl_2_5_8b,log1p,prompt,0,13,1766,1.1680239081247747,1.1534790992736816,1.0778574049472809,1.2483834624290466
internvl_2_5_8b,log1p,prompt,0,14,1766,1.2436305423892637,1.2337958812713623,1.1589600145816803,1.3184424936771393
internvl_2_5_8b,log1p,prompt,0,15,1766,1.2452723612399226,1.2308812141418457,1.1516811549663544,1.321957916021347
internvl_2_5_8b,log1p,prompt,0,16,1766,1.1691629908565486,1.156186044216156,1.0590656697750092,1.2517008781433105
internvl_2_5_8b,log1p,prompt,0,17,1766,1.2620828474702004,1.2591918110847473,1.1628110110759735,1.358603149652481
internvl_2_5_8b,log1p,prompt,0,18,1766,1.1415819100453386,1.1313748955726624,1.0624924004077911,1.2042999863624573
internvl_2_5_8b,log1p,prompt,0,19,1766,1.2801128041298717,1.283699095249176,1.1548059582710266,1.4067732393741608
internvl_2_5_8b,log1p,prompt,0,20,1766,1.3458829825893803,1.3326130509376526,1.2671708762645721,1.4089276790618896
internvl_2_5_8b,log1p,prompt,0,21,1766,1.0151335233537688,1.0033848285675049,0.9184417724609375,1.0921588838100433
internvl_2_5_8b,log1p,prompt,0,22,1766,0.8492921861827306,0.8380298912525177,0.7671887874603271,0.9120920747518539
internvl_2_5_8b,log1p,prompt,0,23,1766,0.9263336700329289,0.9228901863098145,0.8769271969795227,0.9658648520708084
internvl_2_5_8b,log1p,prompt,0,24,1766,0.887129580313055,0.8706764578819275,0.8013246208429337,0.9483980685472488
internvl_2_5_8b,log1p,prompt,0,25,1766,0.5962726818408188,0.5767320692539215,0.52335025370121,0.6378277242183685
internvl_2_5_8b,log1p,prompt,0,26,1766,0.7364772694904699,0.7227979600429535,0.6825243234634399,0.7773969769477844
internvl_2_5_8b,log1p,prompt,0,27,1766,0.7999037182209581,0.7902098000049591,0.7366753816604614,0.8476236760616302
internvl_2_5_8b,log1p,prompt,0,28,1766,1.297622954251407,1.2866972088813782,1.2284891307353973,1.3589750826358795
internvl_2_5_8b,log1p,prompt,0,29,1766,1.2560622470025162,1.2446937561035156,1.1852235198020935,1.3185099959373474
internvl_2_5_8b,log1p,prompt,0,30,1766,2.001884755704843,1.997010588645935,1.9491919577121735,2.048747718334198
internvl_2_5_8b,log1p,prompt,0,31,1766,1.7224466532705054,1.7252329587936401,1.648576408624649,1.7919456362724304
internvl_2_5_8b,log1p,prompt,0,32,1766,2.806799864309965,2.801625370979309,2.7068106532096863,2.901408016681671
internvl_2_5_8b,log1p,prompt,1,1,9993,0.24837463180267344,0.22837582230567932,0.12768273055553436,0.35530585050582886
internvl_2_5_8b,log1p,prompt,1,2,9993,0.2586903227207051,0.24216827750205994,0.2021268755197525,0.30605554580688477
internvl_2_5_8b,log1p,prompt,1,3,9993,0.4041420297407715,0.39988359808921814,0.37151363492012024,0.4316386580467224
internvl_2_5_8b,log1p,prompt,1,4,9993,0.5837953858078272,0.5821629762649536,0.55143803358078,0.6117492318153381
internvl_2_5_8b,log1p,prompt,1,5,9993,0.8794488762038899,0.8603157997131348,0.8060737252235413,0.9264228940010071
internvl_2_5_8b,log1p,prompt,1,6,9993,0.860920904868002,0.8501614928245544,0.8066032528877258,0.9060056209564209
internvl_2_5_8b,log1p,prompt,1,7,9993,1.0864603298032272,1.0791584253311157,1.0340243577957153,1.1275712251663208
internvl_2_5_8b,log1p,prompt,1,8,9993,1.2160973537437052,1.191080927848816,1.1308609247207642,1.274309515953064
internvl_2_5_8b,log1p,prompt,1,9,9993,1.3094949134832672,1.2868107557296753,1.2243809700012207,1.3655097484588623
internvl_2_5_8b,log1p,prompt,1,10,9993,1.2097062148406534,1.1864821910858154,1.0928152799606323,1.311945915222168
internvl_2_5_8b,log1p,prompt,1,11,9993,1.4978279822655034,1.472669243812561,1.3810628652572632,1.590609073638916
internvl_2_5_8b,log1p,prompt,1,12,9993,1.359598468322958,1.3377742767333984,1.2427140474319458,1.445702314376831
internvl_2_5_8b,log1p,prompt,1,13,9993,1.243879186233863,1.2242681980133057,1.11800217628479,1.3469425439834595
internvl_2_5_8b,log1p,prompt,1,14,9993,1.3591212137115498,1.342244029045105,1.2406444549560547,1.4602830410003662
internvl_2_5_8b,log1p,prompt,1,15,9993,1.3784956149626433,1.3541176319122314,1.2156516313552856,1.5193071365356445
internvl_2_5_8b,log1p,prompt,1,16,9993,1.2607457927906942,1.246156096458435,1.1161820888519287,1.382276177406311
internvl_2_5_8b,log1p,prompt,1,17,9993,1.3236629733043928,1.3162939548492432,1.1959481239318848,1.440818428993225
internvl_2_5_8b,log1p,prompt,1,18,9993,1.234238831533823,1.2057034969329834,1.1095833778381348,1.3313384056091309
internvl_2_5_8b,log1p,prompt,1,19,9993,1.3666556824986955,1.3726990222930908,1.2204816341400146,1.5198354721069336
internvl_2_5_8b,log1p,prompt,1,20,9993,1.412531479174676,1.4037920236587524,1.3247255086898804,1.494106411933899
internvl_2_5_8b,log1p,prompt,1,21,9993,1.1145859278024979,1.096874713897705,0.98916095495224,1.222496509552002
internvl_2_5_8b,log1p,prompt,1,22,9993,0.9201246395753356,0.9057171940803528,0.8284907341003418,0.998989999294281
internvl_2_5_8b,log1p,prompt,1,23,9993,0.9590799026180051,0.9469739198684692,0.8973022699356079,1.0101176500320435
internvl_2_5_8b,log1p,prompt,1,24,9993,0.9594971318687749,0.954323947429657,0.8601270914077759,1.0486334562301636
internvl_2_5_8b,log1p,prompt,1,25,9993,0.7084170828128761,0.6656699776649475,0.5841434001922607,0.7937316298484802
internvl_2_5_8b,log1p,prompt,1,26,9993,0.797906479289865,0.7688480615615845,0.7067623138427734,0.8619199395179749
internvl_2_5_8b,log1p,prompt,1,27,9993,0.8384344490049457,0.8070648908615112,0.7502718567848206,0.8851247429847717
internvl_2_5_8b,log1p,prompt,1,28,9993,1.3625541183727348,1.356997013092041,1.272457242012024,1.4456802606582642
internvl_2_5_8b,log1p,prompt,1,29,9993,1.3380550302257173,1.3105671405792236,1.2294152975082397,1.4183931350708008
internvl_2_5_8b,log1p,prompt,1,30,9993,2.0935204766789894,2.0703587532043457,1.995505690574646,2.1792566776275635
internvl_2_5_8b,log1p,prompt,1,31,9993,1.844044824673895,1.8211454153060913,1.7304086685180664,1.9447647333145142
internvl_2_5_8b,log1p,prompt,1,32,9993,2.939791567497612,2.9369895458221436,2.8058416843414307,3.0755577087402344
internvl_2_5_8b,log1p,generation,0,1,1766,0.9290786928255723,0.9199137687683105,0.8300814926624298,1.0226848423480988
internvl_2_5_8b,log1p,generation,0,2,1766,1.2499929272980004,1.2667173147201538,1.1378512680530548,1.363948255777359
internvl_2_5_8b,log1p,generation,0,3,1766,0.48039689126803137,0.44312839210033417,0.35292772948741913,0.5745583325624466
internvl_2_5_8b,log1p,generation,0,4,1766,1.0175975582573988,1.0110716223716736,0.8858730047941208,1.1393780410289764
internvl_2_5_8b,log1p,generation,0,5,1766,1.2627099274846463,1.2697234153747559,1.156916469335556,1.3793542087078094
internvl_2_5_8b,log1p,generation,0,6,1766,1.6402193136082905,1.6703063249588013,1.5186362266540527,1.8053402602672577
internvl_2_5_8b,log1p,generation,0,7,1766,1.6433887041573616,1.6541511416435242,1.5226802229881287,1.7799419164657593
internvl_2_5_8b,log1p,generation,0,8,1766,1.7543898927868424,1.780998408794403,1.6070762872695923,1.935790240764618
internvl_2_5_8b,log1p,generation,0,9,1766,1.8044541801493679,1.8240205645561218,1.696954756975174,1.939746379852295
internvl_2_5_8b,log1p,generation,0,10,1766,1.6796809434553235,1.701411247253418,1.536449134349823,1.8451535105705261
internvl_2_5_8b,log1p,generation,0,11,1766,2.059054104482601,2.072790741920471,1.9489986896514893,2.1898940801620483
internvl_2_5_8b,log1p,generation,0,12,1766,1.9469464462111248,1.9609783291816711,1.8108801543712616,2.1094711422920227
internvl_2_5_8b,log1p,generation,0,13,1766,2.0408671675830035,2.0552406311035156,1.902207851409912,2.2024329900741577
internvl_2_5_8b,log1p,generation,0,14,1766,2.1902327553737204,2.2053539752960205,2.0597283244132996,2.34180611371994
internvl_2_5_8b,log1p,generation,0,15,1766,2.355534203122723,2.391633152961731,2.221678614616394,2.515160620212555
internvl_2_5_8b,log1p,generation,0,16,1766,1.983298246243532,2.0058650970458984,1.7541837990283966,2.2516238689422607
internvl_2_5_8b,log1p,generation,0,17,1766,2.1800310817607262,2.213195562362671,2.0084577798843384,2.371960937976837
internvl_2_5_8b,log1p,generation,0,18,1766,2.29253230798285,2.293145775794983,2.1706641912460327,2.411942481994629
internvl_2_5_8b,log1p,generation,0,19,1766,2.4264737105045557,2.4429454803466797,2.29269540309906,2.5819236040115356
internvl_2_5_8b,log1p,generation,0,20,1766,2.3311876819330863,2.3356571197509766,2.121708035469055,2.5398687720298767
internvl_2_5_8b,log1p,generation,0,21,1766,2.141838827867605,2.1637938022613525,1.9994575679302216,2.313244879245758
internvl_2_5_8b,log1p,generation,0,22,1766,2.255856591807351,2.2852588891983032,2.1036970615386963,2.4541594982147217
internvl_2_5_8b,log1p,generation,0,23,1766,1.5461995565540254,1.580747902393341,1.3685528635978699,1.7445990443229675
internvl_2_5_8b,log1p,generation,0,24,1766,1.7404726430824362,1.7322081923484802,1.5602226853370667,1.8982227146625519
internvl_2_5_8b,log1p,generation,0,25,1766,1.4524558749501324,1.4727773070335388,1.2402456104755402,1.6872342228889465
internvl_2_5_8b,log1p,generation,0,26,1766,1.4696841692364229,1.4804747104644775,1.2736211717128754,1.679398775100708
internvl_2_5_8b,log1p,generation,0,27,1766,1.3987404175549913,1.3884235620498657,1.1493168473243713,1.618047297000885
internvl_2_5_8b,log1p,generation,0,28,1766,1.9387843243668061,1.9134204983711243,1.716121882200241,2.1562217473983765
internvl_2_5_8b,log1p,generation,0,29,1766,2.1793301342432794,2.1749855279922485,2.020806610584259,2.357781231403351
internvl_2_5_8b,log1p,generation,0,30,1766,2.5329827504951847,2.538251042366028,2.374697685241699,2.7024367451667786
internvl_2_5_8b,log1p,generation,0,31,1766,2.404095746787731,2.4044933319091797,2.2401968240737915,2.5748825669288635
internvl_2_5_8b,log1p,generation,0,32,1766,3.856943875314965,3.85758638381958,3.7651089429855347,3.9508784413337708
internvl_2_5_8b,log1p,generation,1,1,9993,0.8500143903476584,0.8436143398284912,0.7462366223335266,0.9623991847038269
internvl_2_5_8b,log1p,generation,1,2,9993,1.1762216946067818,1.1753120422363281,1.0658131837844849,1.2922675609588623
internvl_2_5_8b,log1p,generation,1,3,9993,0.41804433330918866,0.38383370637893677,0.27545762062072754,0.5297691822052002
internvl_2_5_8b,log1p,generation,1,4,9993,0.8777636094701955,0.8703190684318542,0.7198192477226257,1.0182539224624634
internvl_2_5_8b,log1p,generation,1,5,9993,1.066901992572913,1.112492561340332,0.8823531866073608,1.270939826965332
internvl_2_5_8b,log1p,generation,1,6,9993,1.3511389864227095,1.418772578239441,1.0683214664459229,1.6431392431259155
internvl_2_5_8b,log1p,generation,1,7,9993,1.4460401290603244,1.4851434230804443,1.2463375329971313,1.6585947275161743
internvl_2_5_8b,log1p,generation,1,8,9993,1.4724546482550374,1.5237826108932495,1.176479458808899,1.7595175504684448
internvl_2_5_8b,log1p,generation,1,9,9993,1.6072243383955958,1.645847201347351,1.393491268157959,1.82230806350708
internvl_2_5_8b,log1p,generation,1,10,9993,1.4064118294676276,1.4428569078445435,1.1593327522277832,1.6763689517974854
internvl_2_5_8b,log1p,generation,1,11,9993,1.8393361684403524,1.906088948249817,1.6677782535552979,2.0688745975494385
internvl_2_5_8b,log1p,generation,1,12,9993,1.6884509496868736,1.7485684156417847,1.4151688814163208,1.9762332439422607
internvl_2_5_8b,log1p,generation,1,13,9993,1.7791285897105302,1.833977460861206,1.525086760520935,2.053593397140503
internvl_2_5_8b,log1p,generation,1,14,9993,2.0128085162741494,2.040635585784912,1.7898690700531006,2.2405929565429688
internvl_2_5_8b,log1p,generation,1,15,9993,2.172163610759946,2.180966377258301,1.9685070514678955,2.393167018890381
internvl_2_5_8b,log1p,generation,1,16,9993,1.5799062430834754,1.6171208620071411,1.2050490379333496,1.9391049146652222
internvl_2_5_8b,log1p,generation,1,17,9993,1.9639489792625098,1.9898849725723267,1.662138819694519,2.26192569732666
internvl_2_5_8b,log1p,generation,1,18,9993,2.1699350872734557,2.1886215209960938,2.004713773727417,2.347447395324707
internvl_2_5_8b,log1p,generation,1,19,9993,2.286229540585255,2.297421455383301,2.049855947494507,2.5180630683898926
internvl_2_5_8b,log1p,generation,1,20,9993,2.0838790514155883,2.0679244995117188,1.8142224550247192,2.3199729919433594
internvl_2_5_8b,log1p,generation,1,21,9993,1.9075830404457597,1.944694995880127,1.637052059173584,2.1851272583007812
internvl_2_5_8b,log1p,generation,1,22,9993,2.0009362111098294,2.0801188945770264,1.6921966075897217,2.328916072845459
internvl_2_5_8b,log1p,generation,1,23,9993,1.334552022945078,1.3425211906433105,1.1119790077209473,1.5768187046051025
internvl_2_5_8b,log1p,generation,1,24,9993,1.5883703607166302,1.5795886516571045,1.3683627843856812,1.7825065851211548
internvl_2_5_8b,log1p,generation,1,25,9993,1.1621413161601795,1.1946589946746826,0.8258806467056274,1.4918681383132935
internvl_2_5_8b,log1p,generation,1,26,9993,1.3271625356506946,1.3272342681884766,1.0953125953674316,1.5836467742919922
internvl_2_5_8b,log1p,generation,1,27,9993,1.1974721101804096,1.177113652229309,0.8670745491981506,1.488039493560791
internvl_2_5_8b,log1p,generation,1,28,9993,1.8400657796160687,1.81329345703125,1.6331214904785156,2.034566640853882
internvl_2_5_8b,log1p,generation,1,29,9993,1.9581013414388089,1.9817620515823364,1.7211799621582031,2.2003486156463623
internvl_2_5_8b,log1p,generation,1,30,9993,2.389561251180136,2.4181246757507324,2.182859420776367,2.6065189838409424
internvl_2_5_8b,log1p,generation,1,31,9993,2.2377644063688478,2.2623727321624756,2.0318148136138916,2.4644832611083984
internvl_2_5_8b,log1p,generation,1,32,9993,3.7473249330447147,3.759216547012329,3.620143175125122,3.8846020698547363
internvl_2_5_8b,log1p,visual,0,1,1766,0.1304072834960568,0.11187177151441574,0.08196357637643814,0.15843848511576653
internvl_2_5_8b,log1p,visual,0,2,1766,0.12257785279839589,0.11788712069392204,0.09554159455001354,0.1437583863735199
internvl_2_5_8b,log1p,visual,0,3,1766,0.05334603307728623,0.04521259106695652,0.03278275113552809,0.06437921151518822
internvl_2_5_8b,log1p,visual,0,4,1766,0.12229420571342228,0.10574795678257942,0.07730462029576302,0.14803875982761383
internvl_2_5_8b,log1p,visual,0,5,1766,0.33795678655649636,0.2947230935096741,0.2095326967537403,0.4186752215027809
internvl_2_5_8b,log1p,visual,0,6,1766,0.6428806731606056,0.5799623131752014,0.4044744148850441,0.809393122792244
internvl_2_5_8b,log1p,visual,0,7,1766,0.5576680218621599,0.4936748743057251,0.3561627268791199,0.6829432845115662
internvl_2_5_8b,log1p,visual,0,8,1766,1.0515957394718178,1.0520206093788147,0.7762519717216492,1.3027638792991638
internvl_2_5_8b,log1p,visual,0,9,1766,0.6274181358212455,0.5898780524730682,0.48038671165704727,0.7337862849235535
internvl_2_5_8b,log1p,visual,0,10,1766,1.3138592904549629,1.3384866118431091,1.0449004471302032,1.606187641620636
internvl_2_5_8b,log1p,visual,0,11,1766,0.9096423916324619,0.9083240926265717,0.6638585925102234,1.145985633134842
internvl_2_5_8b,log1p,visual,0,12,1766,1.2070267397112984,1.2460565567016602,0.9495429843664169,1.495447963476181
internvl_2_5_8b,log1p,visual,0,13,1766,1.5898515418095942,1.6708385944366455,1.3146683871746063,1.9249560832977295
internvl_2_5_8b,log1p,visual,0,14,1766,0.8848331429882741,0.8812903165817261,0.6420750617980957,1.1157394349575043
internvl_2_5_8b,log1p,visual,0,15,1766,1.2379209067533268,1.2881814241409302,0.9873612076044083,1.5163571238517761
internvl_2_5_8b,log1p,visual,0,16,1766,1.9086075255379402,1.9953938126564026,1.6335391402244568,2.241331100463867
internvl_2_5_8b,log1p,visual,0,17,1766,1.5969005440059092,1.668331801891327,1.3262133598327637,1.9082264006137848
internvl_2_5_8b,log1p,visual,0,18,1766,1.1963863239443249,1.2351282835006714,0.8771602958440781,1.5599969029426575
internvl_2_5_8b,log1p,visual,0,19,1766,1.6468438033946913,1.7120532989501953,1.3437133133411407,2.005838990211487
internvl_2_5_8b,log1p,visual,0,20,1766,2.030504684891058,2.1371642351150513,1.7689970433712006,2.3862497806549072
internvl_2_5_8b,log1p,visual,0,21,1766,1.591956641276115,1.656554102897644,1.3040200173854828,1.9197691977024078
internvl_2_5_8b,log1p,visual,0,22,1766,1.3304959871085826,1.3503426313400269,0.9921819567680359,1.6837588250637054
internvl_2_5_8b,log1p,visual,0,23,1766,0.8081613287945634,0.7811352014541626,0.4953746423125267,1.0863031446933746
internvl_2_5_8b,log1p,visual,0,24,1766,0.7534864230518096,0.7169710993766785,0.44922295212745667,1.0281752049922943
internvl_2_5_8b,log1p,visual,0,25,1766,1.427881391813909,1.5117288827896118,0.9765917509794235,1.892449975013733
internvl_2_5_8b,log1p,visual,0,26,1766,1.1570741550813377,1.211372971534729,0.6996514648199081,1.6132695376873016
internvl_2_5_8b,log1p,visual,0,27,1766,1.0266635775068271,0.9891394376754761,0.5608678460121155,1.3998585641384125
internvl_2_5_8b,log1p,visual,0,28,1766,0.6518383132144049,0.6232797801494598,0.3880956768989563,0.893570065498352
internvl_2_5_8b,log1p,visual,0,29,1766,1.3362943589231706,1.3622634410858154,0.9171556979417801,1.762132316827774
internvl_2_5_8b,log1p,visual,0,30,1766,1.7649104882660296,1.814579427242279,1.3576105833053589,2.2069886922836304
internvl_2_5_8b,log1p,visual,0,31,1766,1.4957938428845843,1.5129625797271729,1.122372329235077,1.8746435046195984
internvl_2_5_8b,log1p,visual,0,32,1766,1.8477767869273236,1.8563160300254822,1.5280693471431732,2.1612393856048584
internvl_2_5_8b,log1p,visual,1,1,9993,0.17604159032069477,0.16816730797290802,0.10780231654644012,0.22045676410198212
internvl_2_5_8b,log1p,visual,1,2,9993,0.15149784071359215,0.142914280295372,0.11424646526575089,0.17968937754631042
internvl_2_5_8b,log1p,visual,1,3,9993,0.07515838373688029,0.06254462897777557,0.04407864063978195,0.08816617727279663
internvl_2_5_8b,log1p,visual,1,4,9993,0.17735726299476565,0.15675212442874908,0.10956820100545883,0.22796067595481873
internvl_2_5_8b,log1p,visual,1,5,9993,0.48179772780997715,0.44208642840385437,0.29110246896743774,0.6502231359481812
internvl_2_5_8b,log1p,visual,1,6,9993,0.9505885263688152,0.8897042274475098,0.5926849246025085,1.3217922449111938
internvl_2_5_8b,log1p,visual,1,7,9993,0.8132722596172384,0.7714753746986389,0.5154111385345459,1.0739860534667969
internvl_2_5_8b,log1p,visual,1,8,9993,1.3086983809510617,1.3611377477645874,1.0636273622512817,1.5666728019714355
internvl_2_5_8b,log1p,visual,1,9,9993,0.8512451117113643,0.8185704350471497,0.6253815293312073,1.0789083242416382
internvl_2_5_8b,log1p,visual,1,10,9993,1.5735976811430183,1.626781940460205,1.377824068069458,1.8095265626907349
internvl_2_5_8b,log1p,visual,1,11,9993,1.1435519093736137,1.175508975982666,0.9318543672561646,1.3836158514022827
internvl_2_5_8b,log1p,visual,1,12,9993,1.4850206624444011,1.5300289392471313,1.3074886798858643,1.71688711643219
internvl_2_5_8b,log1p,visual,1,13,9993,1.8249814432521823,1.8722697496414185,1.6528457403182983,2.060755491256714
internvl_2_5_8b,log1p,visual,1,14,9993,1.108889399906256,1.134199857711792,0.9052681922912598,1.3402684926986694
internvl_2_5_8b,log1p,visual,1,15,9993,1.446512668206505,1.49982488155365,1.2869815826416016,1.6718798875808716
internvl_2_5_8b,log1p,visual,1,16,9993,2.106698345549887,2.185481548309326,1.9714792966842651,2.3456103801727295
internvl_2_5_8b,log1p,visual,1,17,9993,1.810446789858936,1.8825109004974365,1.6804659366607666,2.029935836791992
internvl_2_5_8b,log1p,visual,1,18,9993,1.4507678541411966,1.5369184017181396,1.2857743501663208,1.6853300333023071
internvl_2_5_8b,log1p,visual,1,19,9993,1.9307758109974906,2.0286974906921387,1.720051646232605,2.204396963119507
internvl_2_5_8b,log1p,visual,1,20,9993,2.2842062166577453,2.3740830421447754,2.0898189544677734,2.5704545974731445
internvl_2_5_8b,log1p,visual,1,21,9993,1.8260914022280959,1.889553427696228,1.6147490739822388,2.093975782394409
internvl_2_5_8b,log1p,visual,1,22,9993,1.568192777606647,1.636309027671814,1.2746975421905518,1.8938642740249634
internvl_2_5_8b,log1p,visual,1,23,9993,0.9743784958500231,0.987325131893158,0.7555626630783081,1.204532265663147
internvl_2_5_8b,log1p,visual,1,24,9993,0.8271781462819252,0.7934501767158508,0.5589013695716858,1.0619542598724365
internvl_2_5_8b,log1p,visual,1,25,9993,1.6894497471626404,1.7680989503860474,1.3705064058303833,2.0574147701263428
internvl_2_5_8b,log1p,visual,1,26,9993,1.453190514133205,1.549783706665039,1.1404739618301392,1.8308141231536865
internvl_2_5_8b,log1p,visual,1,27,9993,1.1519543970536628,1.1773433685302734,0.8402010798454285,1.4674352407455444
internvl_2_5_8b,log1p,visual,1,28,9993,0.7670557807624357,0.7468599677085876,0.5292702913284302,0.9894139170646667
internvl_2_5_8b,log1p,visual,1,29,9993,1.600945467344636,1.6455819606781006,1.240327000617981,1.9815137386322021
internvl_2_5_8b,log1p,visual,1,30,9993,2.032862747899825,2.0941104888916016,1.7120224237442017,2.394881010055542
internvl_2_5_8b,log1p,visual,1,31,9993,1.7432375448274742,1.7675505876541138,1.4470382928848267,2.055865526199341
internvl_2_5_8b,log1p,visual,1,32,9993,2.157494531657905,2.1709392070770264,1.8947994709014893,2.4330875873565674
internvl_2_5_8b,log1p,visual_prompt_sum,0,1,1766,0.28639505870243703,0.24629683792591095,0.17156293243169785,0.3648195192217827
internvl_2_5_8b,log1p,visual_prompt_sum,0,2,1766,0.31041973657981997,0.30007311701774597,0.26872098445892334,0.3403407856822014
internvl_2_5_8b,log1p,visual_prompt_sum,0,3,1766,0.4368034291544155,0.43038833141326904,0.3977929428219795,0.4691329449415207
internvl_2_5_8b,log1p,visual_prompt_sum,0,4,1766,0.6382807879492488,0.6287069916725159,0.5967321991920471,0.6669870316982269
internvl_2_5_8b,log1p,visual_prompt_sum,0,5,1766,0.9861832549995906,0.9639180898666382,0.8999189883470535,1.0458256900310516
internvl_2_5_8b,log1p,visual_prompt_sum,0,6,1766,1.1741848570101663,1.1241112351417542,1.0258547067642212,1.2625897228717804
internvl_2_5_8b,log1p,visual_prompt_sum,0,7,1766,1.297411072092175,1.2638846039772034,1.1895012259483337,1.3608251810073853
internvl_2_5_8b,log1p,visual_prompt_sum,0,8,1766,1.6403434115250006,1.6346632838249207,1.480313926935196,1.7761342823505402
internvl_2_5_8b,log1p,visual_prompt_sum,0,9,1766,1.4649813700370313,1.446829915046692,1.3747430741786957,1.529603272676468
internvl_2_5_8b,log1p,visual_prompt_sum,0,10,1766,1.8118550170588466,1.809331238269806,1.6443109512329102,1.974146455526352
internvl_2_5_8b,log1p,visual_prompt_sum,0,11,1766,1.7232679616014388,1.7154573798179626,1.5920319557189941,1.8381022810935974
internvl_2_5_8b,log1p,visual_prompt_sum,0,12,1766,1.7940213024143725,1.7980310320854187,1.6290724575519562,1.956642359495163
internvl_2_5_8b,log1p,visual_prompt_sum,0,13,1766,1.997497998439577,2.0220415592193604,1.8046618103981018,2.1998884081840515
internvl_2_5_8b,log1p,visual_prompt_sum,0,14,1766,1.5954488728824046,1.5879704356193542,1.4386997818946838,1.7398368418216705
internvl_2_5_8b,log1p,visual_prompt_sum,0,15,1766,1.795437587009551,1.800636351108551,1.636585921049118,1.9598856270313263
internvl_2_5_8b,log1p,visual_prompt_sum,0,16,1766,2.224398791114984,2.258891463279724,2.0221274495124817,2.44470477104187
internvl_2_5_8b,log1p,visual_prompt_sum,0,17,1766,2.040688890900509,2.06043541431427,1.8701984882354736,2.2186219096183777
internvl_2_5_8b,log1p,visual_prompt_sum,0,18,1766,1.7201867560568105,1.7120283842086792,1.5268810987472534,1.9183753728866577
internvl_2_5_8b,log1p,visual_prompt_sum,0,19,1766,2.088703563704766,2.103166937828064,1.8944205939769745,2.293602406978607
internvl_2_5_8b,log1p,visual_prompt_sum,0,20,1766,2.3753646402909827,2.41775119304657,2.161116600036621,2.6139749884605408
internvl_2_5_8b,log1p,visual_prompt_sum,0,21,1766,1.9245774645362543,1.9441304206848145,1.7134827077388763,2.1373413801193237
internvl_2_5_8b,log1p,visual_prompt_sum,0,22,1766,1.6566777574921518,1.6490491032600403,1.4024488627910614,1.903857260942459
internvl_2_5_8b,log1p,visual_prompt_sum,0,23,1766,1.3422519014821317,1.3174955248832703,1.149646371603012,1.5144360959529877
internvl_2_5_8b,log1p,visual_prompt_sum,0,24,1766,1.284742140452697,1.2725812792778015,1.1025590598583221,1.4550414383411407
internvl_2_5_8b,log1p,visual_prompt_sum,0,25,1766,1.63145756205103,1.6761733293533325,1.2449365258216858,2.00591778755188
internvl_2_5_8b,log1p,visual_prompt_sum,0,26,1766,1.4822478712550107,1.4864001870155334,1.155754953622818,1.8041397035121918
internvl_2_5_8b,log1p,visual_prompt_sum,0,27,1766,1.4195730420903199,1.3617343306541443,1.0964135229587555,1.6640061736106873
internvl_2_5_8b,log1p,visual_prompt_sum,0,28,1766,1.532521372270746,1.533854365348816,1.4040333032608032,1.6552307605743408
internvl_2_5_8b,log1p,visual_prompt_sum,0,29,1766,1.880105673456786,1.8643298149108887,1.6173527836799622,2.1202178597450256
internvl_2_5_8b,log1p,visual_prompt_sum,0,30,1766,2.5475563552749523,2.5330384969711304,2.350215971469879,2.738823413848877
internvl_2_5_8b,log1p,visual_prompt_sum,0,31,1766,2.2386240714133665,2.228501319885254,2.0443731546401978,2.406376898288727
internvl_2_5_8b,log1p,visual_prompt_sum,0,32,1766,3.1072085881152214,3.096342921257019,2.9831023812294006,3.2118799090385437
internvl_2_5_8b,log1p,visual_prompt_sum,1,1,9993,0.383863465602329,0.3706435263156891,0.22867627441883087,0.5242882966995239
internvl_2_5_8b,log1p,visual_prompt_sum,1,2,9993,0.37659063342543775,0.35704803466796875,0.30342212319374084,0.43765145540237427
internvl_2_5_8b,log1p,visual_prompt_sum,1,3,9993,0.45531501114684564,0.4503222703933716,0.4156380295753479,0.48800796270370483
internvl_2_5_8b,log1p,visual_prompt_sum,1,4,9993,0.6868090582278044,0.6736061573028564,0.6271921992301941,0.7399564385414124
internvl_2_5_8b,log1p,visual_prompt_sum,1,5,9993,1.1108848866812284,1.0747225284576416,0.9688904881477356,1.2403273582458496
internvl_2_5_8b,log1p,visual_prompt_sum,1,6,9993,1.3896080048475778,1.330551266670227,1.1308292150497437,1.6452624797821045
internvl_2_5_8b,log1p,visual_prompt_sum,1,7,9993,1.4534005831040193,1.4170888662338257,1.2709344625473022,1.6256457567214966
internvl_2_5_8b,log1p,visual_prompt_sum,1,8,9993,1.8178625900824363,1.830754041671753,1.6411930322647095,2.0057485103607178
internvl_2_5_8b,log1p,visual_prompt_sum,1,9,9993,1.6222785083092597,1.5915281772613525,1.4623825550079346,1.7618030309677124
internvl_2_5_8b,log1p,visual_prompt_sum,1,10,9993,1.9873679807734157,2.011286973953247,1.835367202758789,2.163115978240967
internvl_2_5_8b,log1p,visual_prompt_sum,1,11,9993,1.8977195298625198,1.8958243131637573,1.7421460151672363,2.050856590270996
internvl_2_5_8b,log1p,visual_prompt_sum,1,12,9993,2.000319756605503,2.008486747741699,1.8499956130981445,2.179689407348633
internvl_2_5_8b,log1p,visual_prompt_sum,1,13,9993,2.1804080087358644,2.2023837566375732,2.0400726795196533,2.359511137008667
internvl_2_5_8b,log1p,visual_prompt_sum,1,14,9993,1.7842019805735945,1.7844706773757935,1.6213228702545166,1.9582092761993408
internvl_2_5_8b,log1p,visual_prompt_sum,1,15,9993,1.986638620893936,1.991992712020874,1.8295857906341553,2.1523566246032715
internvl_2_5_8b,log1p,visual_prompt_sum,1,16,9993,2.395066709593826,2.460998058319092,2.2684836387634277,2.5685176849365234
internvl_2_5_8b,log1p,visual_prompt_sum,1,17,9993,2.1999656642675043,2.2371551990509033,2.0837206840515137,2.3596184253692627
internvl_2_5_8b,log1p,visual_prompt_sum,1,18,9993,1.9173322754269855,1.956188678741455,1.7722532749176025,2.0919158458709717
internvl_2_5_8b,log1p,visual_prompt_sum,1,19,9993,2.3066764434727416,2.361483097076416,2.1339454650878906,2.5106358528137207
internvl_2_5_8b,log1p,visual_prompt_sum,1,20,9993,2.5751290130123747,2.6298298835754395,2.4067087173461914,2.789193868637085
internvl_2_5_8b,log1p,visual_prompt_sum,1,21,9993,2.1274013249804686,2.175755023956299,1.9463295936584473,2.3369081020355225
internvl_2_5_8b,log1p,visual_prompt_sum,1,22,9993,1.8566502081456753,1.9051234722137451,1.6111762523651123,2.1122405529022217
internvl_2_5_8b,log1p,visual_prompt_sum,1,23,9993,1.4597675861401398,1.4726455211639404,1.302978515625,1.6172791719436646
internvl_2_5_8b,log1p,visual_prompt_sum,1,24,9993,1.3760899428036266,1.3734486103057861,1.2248834371566772,1.5222913026809692
internvl_2_5_8b,log1p,visual_prompt_sum,1,25,9993,1.8787440191061542,1.942133903503418,1.596256136894226,2.1879284381866455
internvl_2_5_8b,log1p,visual_prompt_sum,1,26,9993,1.723773591060079,1.7850615978240967,1.4552068710327148,2.0187366008758545
internvl_2_5_8b,log1p,visual_prompt_sum,1,27,9993,1.5144346066331478,1.5185511112213135,1.271694540977478,1.7550112009048462
internvl_2_5_8b,log1p,visual_prompt_sum,1,28,9993,1.6309024002606192,1.637262225151062,1.4981796741485596,1.7534470558166504
internvl_2_5_8b,log1p,visual_prompt_sum,1,29,9993,2.075176506205673,2.0859687328338623,1.8190587759017944,2.326606273651123
internvl_2_5_8b,log1p,visual_prompt_sum,1,30,9993,2.7191676020467175,2.7336864471435547,2.527843952178955,2.917121410369873
internvl_2_5_8b,log1p,visual_prompt_sum,1,31,9993,2.4254819234188383,2.4299192428588867,2.246352195739746,2.598815441131592
internvl_2_5_8b,log1p,visual_prompt_sum,1,32,9993,3.295328984637047,3.2862560749053955,3.143333911895752,3.453451633453369
