model,scope,metric,label,layer,n_total,n_valid,n_undefined,mean,q25,median,q75
qwen2_5_vl_7b,all,amp_mean,REAL,1,1006,1006,0,1.0587038502361936,0.940975480214436,1.0580288574640637,1.1453046689653872
qwen2_5_vl_7b,all,amp_mean,REAL,2,1006,1006,0,0.5239976395922862,0.4305929998051093,0.4960121569086393,0.6100742250627997
qwen2_5_vl_7b,all,amp_mean,REAL,3,1006,1006,0,0.421373802946918,0.3518808353275213,0.4016249585842914,0.46249157529681617
qwen2_5_vl_7b,all,amp_mean,REAL,4,1006,1006,0,0.4684247761282394,0.42292397330819387,0.47600398054884085,0.5095824154072345
qwen2_5_vl_7b,all,amp_mean,REAL,5,1006,1006,0,0.6399318743874775,0.5732051906473025,0.6347377492913285,0.7046484022706985
qwen2_5_vl_7b,all,amp_mean,REAL,6,1006,1006,0,0.6422304640265902,0.5779896681252416,0.6331069250102268,0.6961867019617317
qwen2_5_vl_7b,all,amp_mean,REAL,7,1006,1006,0,0.7182453693415143,0.6660209949371867,0.6925254167746671,0.75140886080153
qwen2_5_vl_7b,all,amp_mean,REAL,8,1006,1006,0,0.8134281408033907,0.7529108239377617,0.7973249318479038,0.8520513653122309
qwen2_5_vl_7b,all,amp_mean,REAL,9,1006,1006,0,0.7262120998428763,0.6686059977934904,0.7052722030789038,0.7729940877800847
qwen2_5_vl_7b,all,amp_mean,REAL,10,1006,1006,0,0.8894423411221108,0.8265807139585282,0.8749988324241473,0.938160228316451
qwen2_5_vl_7b,all,amp_mean,REAL,11,1006,1006,0,0.6608856600105498,0.6310579194034626,0.6556601670011014,0.6828344382221859
qwen2_5_vl_7b,all,amp_mean,REAL,12,1006,1006,0,0.6708724477631423,0.6331005739267308,0.6650010315649695,0.702972276335142
qwen2_5_vl_7b,all,amp_mean,REAL,13,1006,1006,0,0.6908700060333149,0.6536208713296231,0.6790774503112853,0.711179448334466
qwen2_5_vl_7b,all,amp_mean,REAL,14,1006,1006,0,0.6760608870527779,0.644159276628259,0.6685979487122329,0.7019441639573522
qwen2_5_vl_7b,all,amp_mean,REAL,15,1006,1006,0,0.6209602366399947,0.5917274755855803,0.6124083659855214,0.6434143219593156
qwen2_5_vl_7b,all,amp_mean,REAL,16,1006,1006,0,0.6129479786604859,0.5810120978778246,0.6064208413168688,0.6309512900990738
qwen2_5_vl_7b,all,amp_mean,REAL,17,1006,1006,0,0.6011752103714839,0.5668260364224994,0.5983476693290841,0.6275865044982144
qwen2_5_vl_7b,all,amp_mean,REAL,18,1006,1006,0,0.5726305879648972,0.5412709174345358,0.5663422495390784,0.5929656986151035
qwen2_5_vl_7b,all,amp_mean,REAL,19,1006,1006,0,0.5877096192500412,0.5549981740382074,0.5761628506482139,0.6071127710963227
qwen2_5_vl_7b,all,amp_mean,REAL,20,1006,1006,0,0.5210730043723676,0.49518089910595264,0.5160372552155482,0.5415891683894304
qwen2_5_vl_7b,all,amp_mean,REAL,21,1006,1006,0,0.569039081554527,0.5374594550482961,0.5660280594379181,0.5919168338348204
qwen2_5_vl_7b,all,amp_mean,REAL,22,1006,1006,0,0.5227050664545988,0.4898854422792878,0.5162640866481385,0.5470701486939732
qwen2_5_vl_7b,all,amp_mean,REAL,23,1006,1006,0,0.5281937617773615,0.5047066471072875,0.5250325078547807,0.5474840951281325
qwen2_5_vl_7b,all,amp_mean,REAL,24,1006,1006,0,0.48323951603993553,0.43808693969248125,0.4765338150798508,0.5213294488189638
qwen2_5_vl_7b,all,amp_mean,REAL,25,1006,1006,0,0.42649685994294406,0.39473100377761045,0.421191220471678,0.4491699120952466
qwen2_5_vl_7b,all,amp_mean,REAL,26,1006,1006,0,0.3930041168255163,0.3576789564171944,0.38555272459865075,0.41829658497315947
qwen2_5_vl_7b,all,amp_mean,REAL,27,1006,1006,0,0.4254590307087941,0.388250531654646,0.4212791661380122,0.45323025910432196
qwen2_5_vl_7b,all,amp_mean,REAL,28,1006,1006,0,0.7631263240595022,0.6342712730656439,0.7107221891677837,0.8571238393019457
qwen2_5_vl_7b,all,amp_mean,HALL,1,122,122,0,1.0142073442405692,0.8738263836896834,0.989929714109372,1.115545540227132
qwen2_5_vl_7b,all,amp_mean,HALL,2,122,122,0,0.5134351254230197,0.42681413967908455,0.49452086883658153,0.5804817167214735
qwen2_5_vl_7b,all,amp_mean,HALL,3,122,122,0,0.42291866914777104,0.35719436924301734,0.4058234815794488,0.46536147855771115
qwen2_5_vl_7b,all,amp_mean,HALL,4,122,122,0,0.4709336076620127,0.43603513660060433,0.4716305483009363,0.5070864400346218
qwen2_5_vl_7b,all,amp_mean,HALL,5,122,122,0,0.6213372213241977,0.5586329460698298,0.6167968794054013,0.6722533364025486
qwen2_5_vl_7b,all,amp_mean,HALL,6,122,122,0,0.6297878808250837,0.5705203415473676,0.6389639763124817,0.6898063655082248
qwen2_5_vl_7b,all,amp_mean,HALL,7,122,122,0,0.7261729919840506,0.6692083478518381,0.7137943452566067,0.7475024706098925
qwen2_5_vl_7b,all,amp_mean,HALL,8,122,122,0,0.8262409825426099,0.7642248304186664,0.8117936714508777,0.8595038153273697
qwen2_5_vl_7b,all,amp_mean,HALL,9,122,122,0,0.7332235594400454,0.679824048971385,0.7265638208468176,0.7825058183727265
qwen2_5_vl_7b,all,amp_mean,HALL,10,122,122,0,0.8781242622015432,0.8140205796276522,0.8507090887459136,0.9216458492124752
qwen2_5_vl_7b,all,amp_mean,HALL,11,122,122,0,0.648897703434078,0.6099010810927072,0.6419838012759449,0.6737454655525285
qwen2_5_vl_7b,all,amp_mean,HALL,12,122,122,0,0.676328260268666,0.649762309297464,0.6709925839517799,0.7010973787093677
qwen2_5_vl_7b,all,amp_mean,HALL,13,122,122,0,0.6925484709083461,0.6596778739243447,0.689541384900915,0.7164888293380055
qwen2_5_vl_7b,all,amp_mean,HALL,14,122,122,0,0.6793998566879352,0.6527306049469627,0.6762449371971547,0.704015905916348
qwen2_5_vl_7b,all,amp_mean,HALL,15,122,122,0,0.6252354488928472,0.5948273090310229,0.6206767905971725,0.6465814461385313
qwen2_5_vl_7b,all,amp_mean,HALL,16,122,122,0,0.601680251580897,0.5728816840398578,0.5959197755625975,0.6202706014181578
qwen2_5_vl_7b,all,amp_mean,HALL,17,122,122,0,0.5944305295549195,0.5670828419382674,0.5930946898843696,0.6170361577438772
qwen2_5_vl_7b,all,amp_mean,HALL,18,122,122,0,0.5700255582538641,0.5452251575000406,0.5646448582262591,0.5946433730765263
qwen2_5_vl_7b,all,amp_mean,HALL,19,122,122,0,0.5989340575659665,0.5644364892168428,0.5879073149462302,0.6208055935892046
qwen2_5_vl_7b,all,amp_mean,HALL,20,122,122,0,0.5204738111904552,0.49535389801632457,0.5193991069154593,0.5410847658151863
qwen2_5_vl_7b,all,amp_mean,HALL,21,122,122,0,0.5672856619047493,0.5383087500830047,0.5658607307423826,0.5860614862712407
qwen2_5_vl_7b,all,amp_mean,HALL,22,122,122,0,0.5349026267784316,0.51054013781091,0.5313719136524974,0.5581943152672499
qwen2_5_vl_7b,all,amp_mean,HALL,23,122,122,0,0.5235509239950912,0.4910786002700475,0.5175094592196303,0.5450253904598188
qwen2_5_vl_7b,all,amp_mean,HALL,24,122,122,0,0.5176484367907906,0.4648477626217269,0.5049484665727848,0.5610915406860155
qwen2_5_vl_7b,all,amp_mean,HALL,25,122,122,0,0.43741536533118514,0.40865069436162443,0.4311652200244199,0.4546105254280613
qwen2_5_vl_7b,all,amp_mean,HALL,26,122,122,0,0.41068080036659416,0.37198807075338236,0.39530737069113064,0.44485538135671354
qwen2_5_vl_7b,all,amp_mean,HALL,27,122,122,0,0.45040328574004795,0.41610871650620507,0.44332122619725967,0.47093945895401534
qwen2_5_vl_7b,all,amp_mean,HALL,28,122,122,0,0.7707956381027472,0.6571898473059387,0.708665388698092,0.8338835152847175
qwen2_5_vl_7b,all,amp_median,REAL,1,1006,1006,0,1.059370671001998,0.9369351239362603,1.0587606343263962,1.1508979987120571
qwen2_5_vl_7b,all,amp_median,REAL,2,1006,1006,0,0.50291813928684,0.4088494932232732,0.4781800152190724,0.5829647276794218
qwen2_5_vl_7b,all,amp_median,REAL,3,1006,1006,0,0.4058986964244308,0.3430118396384917,0.38792833285761585,0.44274263104147854
qwen2_5_vl_7b,all,amp_median,REAL,4,1006,1006,0,0.456542793098269,0.4107943954241444,0.4637030794010919,0.4974729791015811
qwen2_5_vl_7b,all,amp_median,REAL,5,1006,1006,0,0.6289726350477507,0.5637394883547084,0.6257794681509974,0.6893303542849174
qwen2_5_vl_7b,all,amp_median,REAL,6,1006,1006,0,0.6291690954667635,0.5675464332047973,0.620647067204242,0.6853646909549047
qwen2_5_vl_7b,all,amp_median,REAL,7,1006,1006,0,0.7151413375352479,0.6643804274503325,0.6901154082814945,0.7468279330450633
qwen2_5_vl_7b,all,amp_median,REAL,8,1006,1006,0,0.8109605835702758,0.7507324761495487,0.7946245790422102,0.8514162786655386
qwen2_5_vl_7b,all,amp_median,REAL,9,1006,1006,0,0.7155033943483231,0.6579335855519617,0.6958344408087038,0.7626563740477499
qwen2_5_vl_7b,all,amp_median,REAL,10,1006,1006,0,0.8718738169490479,0.8158688705216959,0.8684318616764598,0.916405989779453
qwen2_5_vl_7b,all,amp_median,REAL,11,1006,1006,0,0.6457373455939724,0.6162698253017196,0.6417296862776725,0.6666650148355115
qwen2_5_vl_7b,all,amp_median,REAL,12,1006,1006,0,0.6603776666502021,0.6213959189072503,0.6535340016805882,0.6946275532806708
qwen2_5_vl_7b,all,amp_median,REAL,13,1006,1006,0,0.6841891564648505,0.6470295589190108,0.6730677553086255,0.7059603793693974
qwen2_5_vl_7b,all,amp_median,REAL,14,1006,1006,0,0.6738376310924465,0.641259457274998,0.665427498740085,0.701210667673936
qwen2_5_vl_7b,all,amp_median,REAL,15,1006,1006,0,0.613926880381239,0.5830788258082706,0.6045452037950535,0.6376494487519878
qwen2_5_vl_7b,all,amp_median,REAL,16,1006,1006,0,0.6054844661432351,0.5718178513336885,0.5994950659036227,0.6262362984638404
qwen2_5_vl_7b,all,amp_median,REAL,17,1006,1006,0,0.5978223403046479,0.5651873530034909,0.5938275135537909,0.6230406005068103
qwen2_5_vl_7b,all,amp_median,REAL,18,1006,1006,0,0.5721066522322287,0.5415441050351926,0.5648783893044859,0.5920714441161218
qwen2_5_vl_7b,all,amp_median,REAL,19,1006,1006,0,0.5836094053163098,0.5516810033235471,0.5730801976723567,0.60301082472322
qwen2_5_vl_7b,all,amp_median,REAL,20,1006,1006,0,0.5097255772785322,0.4845853854970902,0.5049920396309855,0.5290302310556765
qwen2_5_vl_7b,all,amp_median,REAL,21,1006,1006,0,0.5620455922542792,0.5331831034177253,0.558370803855214,0.5847712283912148
qwen2_5_vl_7b,all,amp_median,REAL,22,1006,1006,0,0.5127830770613655,0.48086248932067205,0.5072648022722912,0.5356143287333541
qwen2_5_vl_7b,all,amp_median,REAL,23,1006,1006,0,0.5200628091960396,0.4979453928412494,0.5182227945827855,0.5393705404723895
qwen2_5_vl_7b,all,amp_median,REAL,24,1006,1006,0,0.449707386721183,0.40905327909582,0.4422026225719714,0.4824033478976669
qwen2_5_vl_7b,all,amp_median,REAL,25,1006,1006,0,0.4207231533367635,0.38946815215610064,0.4153380239623993,0.4430951078236599
qwen2_5_vl_7b,all,amp_median,REAL,26,1006,1006,0,0.37367876811453454,0.34148711863392706,0.36737756649503317,0.394192135552544
qwen2_5_vl_7b,all,amp_median,REAL,27,1006,1006,0,0.41296339930226716,0.3785157669651631,0.4089550275580055,0.43856998842413775
qwen2_5_vl_7b,all,amp_median,REAL,28,1006,1006,0,0.7039109047412293,0.5849884727795067,0.6405136716420811,0.7844079351876916
qwen2_5_vl_7b,all,amp_median,HALL,1,122,122,0,1.0125739879833133,0.8633933049890891,0.9894661607684644,1.1190328912311138
qwen2_5_vl_7b,all,amp_median,HALL,2,122,122,0,0.4906458584630981,0.4032884163774282,0.4739861082711675,0.546006732959546
qwen2_5_vl_7b,all,amp_median,HALL,3,122,122,0,0.4077511701308195,0.34742468776794944,0.39048829235936233,0.45340513406664634
qwen2_5_vl_7b,all,amp_median,HALL,4,122,122,0,0.4607136422185386,0.42561023510077545,0.4607156542574144,0.4970187602472307
qwen2_5_vl_7b,all,amp_median,HALL,5,122,122,0,0.6124200531350461,0.5501240882873608,0.6126997909628968,0.659718377263387
qwen2_5_vl_7b,all,amp_median,HALL,6,122,122,0,0.6163026235444952,0.5580955351289744,0.6287559160488951,0.6747429341722913
qwen2_5_vl_7b,all,amp_median,HALL,7,122,122,0,0.7224045507441402,0.6691378604969681,0.710727516417308,0.7448174883946446
qwen2_5_vl_7b,all,amp_median,HALL,8,122,122,0,0.8250201853276289,0.761790728921157,0.809987524003893,0.8560203759020928
qwen2_5_vl_7b,all,amp_median,HALL,9,122,122,0,0.7222629673338513,0.670136740552515,0.7149226646362375,0.7711652998174826
qwen2_5_vl_7b,all,amp_median,HALL,10,122,122,0,0.8551461886760745,0.7946745713761346,0.845593687450917,0.896532115858832
qwen2_5_vl_7b,all,amp_median,HALL,11,122,122,0,0.6318842759160037,0.5983095628413253,0.6264602322049782,0.6597841876947963
qwen2_5_vl_7b,all,amp_median,HALL,12,122,122,0,0.6669412715692189,0.6400486788967625,0.6610006548017253,0.6975696778119854
qwen2_5_vl_7b,all,amp_median,HALL,13,122,122,0,0.6871900593887366,0.6587348193985296,0.6864289041229694,0.7119640993176366
qwen2_5_vl_7b,all,amp_median,HALL,14,122,122,0,0.6798856605619699,0.6543250849645532,0.6765576825261257,0.7041179183451287
qwen2_5_vl_7b,all,amp_median,HALL,15,122,122,0,0.6196318038160673,0.5905698681328589,0.6170894032706207,0.6392398184554516
qwen2_5_vl_7b,all,amp_median,HALL,16,122,122,0,0.593740195220105,0.5655699480938243,0.5882569028647473,0.6146008444452118
qwen2_5_vl_7b,all,amp_median,HALL,17,122,122,0,0.5926186314847944,0.5629592635165535,0.5905576470391913,0.6135049066299247
qwen2_5_vl_7b,all,amp_median,HALL,18,122,122,0,0.5706091887242624,0.5439194347363129,0.5645936477881254,0.5960825834152016
qwen2_5_vl_7b,all,amp_median,HALL,19,122,122,0,0.5961654415969124,0.5617878747379876,0.5867470625247491,0.6208285126995361
qwen2_5_vl_7b,all,amp_median,HALL,20,122,122,0,0.5114062396514607,0.48725446942491685,0.5103733166006572,0.5330691110374768
qwen2_5_vl_7b,all,amp_median,HALL,21,122,122,0,0.561545492314587,0.5318590668315121,0.5612882574089761,0.5806924084390014
qwen2_5_vl_7b,all,amp_median,HALL,22,122,122,0,0.5230734898157363,0.49944273587134913,0.5179553801742571,0.545777918197885
qwen2_5_vl_7b,all,amp_median,HALL,23,122,122,0,0.5146576627440693,0.4843768547505935,0.510021708091037,0.5327313724069542
qwen2_5_vl_7b,all,amp_median,HALL,24,122,122,0,0.48415678935138823,0.4339337571980981,0.47217698930031016,0.519565738505804
qwen2_5_vl_7b,all,amp_median,HALL,25,122,122,0,0.43189467836953366,0.4043533929001555,0.42528776011796593,0.4493752942043971
qwen2_5_vl_7b,all,amp_median,HALL,26,122,122,0,0.3897833710938614,0.3568374635598643,0.3801936398057758,0.4140132832479052
qwen2_5_vl_7b,all,amp_median,HALL,27,122,122,0,0.4334838835869907,0.40388371858232536,0.4251619412368252,0.45451523569722546
qwen2_5_vl_7b,all,amp_median,HALL,28,122,122,0,0.7132836058381494,0.6041479266999066,0.6421399625263714,0.7422485460570135
qwen2_5_vl_7b,all,amp_fraction_gt1,REAL,1,1006,1006,0,0.5928614103492126,0.25895140664961636,0.7173913043478262,0.9186700767263427
qwen2_5_vl_7b,all,amp_fraction_gt1,REAL,2,1006,1006,0,0.02853270989958277,0.0,0.0,0.02557544757033248
qwen2_5_vl_7b,all,amp_fraction_gt1,REAL,3,1006,1006,0,0.0037922085136669046,0.0,0.0,0.0
qwen2_5_vl_7b,all,amp_fraction_gt1,REAL,4,1006,1006,0,0.0033444391117147016,0.0,0.0,0.0025575447570332483
qwen2_5_vl_7b,all,amp_fraction_gt1,REAL,5,1006,1006,0,0.01358912146999264,0.0,0.0,0.014492753623188406
qwen2_5_vl_7b,all,amp_fraction_gt1,REAL,6,1006,1006,0,0.01627312051217951,0.0,0.0,0.010230179028132993
qwen2_5_vl_7b,all,amp_fraction_gt1,REAL,7,1006,1006,0,0.014976986437632595,0.0,0.0,0.0
qwen2_5_vl_7b,all,amp_fraction_gt1,REAL,8,1006,1006,0,0.06817163525046253,0.0,0.0,0.02269820971867008
qwen2_5_vl_7b,all,amp_fraction_gt1,REAL,9,1006,1006,0,0.02798651921500802,0.0,0.0,0.00454059829059829
qwen2_5_vl_7b,all,amp_fraction_gt1,REAL,10,1006,1006,0,0.19248331714242706,0.030399906998372472,0.12276214833759591,0.2826086956521739
qwen2_5_vl_7b,all,amp_fraction_gt1,REAL,11,1006,1006,0,0.011229713785116004,0.0,0.002898550724637681,0.01278772378516624
qwen2_5_vl_7b,all,amp_fraction_gt1,REAL,12,1006,1006,0,0.0020066390702300073,0.0,0.0,0.0
qwen2_5_vl_7b,all,amp_fraction_gt1,REAL,13,1006,1006,0,0.00472299374955818,0.0,0.0,0.0
qwen2_5_vl_7b,all,amp_fraction_gt1,REAL,14,1006,1006,0,0.001179455625312777,0.0,0.0,0.0
qwen2_5_vl_7b,all,amp_fraction_gt1,REAL,15,1006,1006,0,0.0003222508751530722,0.0,0.0,0.0
qwen2_5_vl_7b,all,amp_fraction_gt1,REAL,16,1006,1006,0,0.0004470299635226142,0.0,0.0,0.0
qwen2_5_vl_7b,all,amp_fraction_gt1,REAL,17,1006,1006,0,9.2922107446216e-05,0.0,0.0,0.0
qwen2_5_vl_7b,all,amp_fraction_gt1,REAL,18,1006,1006,0,3.378157750047175e-05,0.0,0.0,0.0
qwen2_5_vl_7b,all,amp_fraction_gt1,REAL,19,1006,1006,0,0.0005564805578952474,0.0,0.0,0.0
qwen2_5_vl_7b,all,amp_fraction_gt1,REAL,20,1006,1006,0,3.276513346528041e-05,0.0,0.0,0.0
qwen2_5_vl_7b,all,amp_fraction_gt1,REAL,21,1006,1006,0,0.00048647914193161555,0.0,0.0,0.0
qwen2_5_vl_7b,all,amp_fraction_gt1,REAL,22,1006,1006,0,0.0007649615779149108,0.0,0.0,0.0
qwen2_5_vl_7b,all,amp_fraction_gt1,REAL,23,1006,1006,0,0.0010361474536006818,0.0,0.0,0.0
qwen2_5_vl_7b,all,amp_fraction_gt1,REAL,24,1006,1006,0,0.010737305609557327,0.0,0.0,0.010756340579710144
qwen2_5_vl_7b,all,amp_fraction_gt1,REAL,25,1006,1006,0,4.7672838669489e-05,0.0,0.0,0.0
qwen2_5_vl_7b,all,amp_fraction_gt1,REAL,26,1006,1006,0,0.00021974999062601328,0.0,0.0,0.0
qwen2_5_vl_7b,all,amp_fraction_gt1,REAL,27,1006,1006,0,0.0005093831815263282,0.0,0.0,0.0
qwen2_5_vl_7b,all,amp_fraction_gt1,REAL,28,1006,1006,0,0.1793043328908608,0.04603580562659847,0.10933503836317135,0.2707161125319693
qwen2_5_vl_7b,all,amp_fraction_gt1,HALL,1,122,122,0,0.4603042740997407,0.05196256038647343,0.44858132773733794,0.8369565217391305
qwen2_5_vl_7b,all,amp_fraction_gt1,HALL,2,122,122,0,0.03331468417046597,0.0,0.0,0.023145780051150894
qwen2_5_vl_7b,all,amp_fraction_gt1,HALL,3,122,122,0,0.0029356250300864783,0.0,0.0,0.0
qwen2_5_vl_7b,all,amp_fraction_gt1,HALL,4,122,122,0,0.0019713752870351487,0.0,0.0,0.0
qwen2_5_vl_7b,all,amp_fraction_gt1,HALL,5,122,122,0,0.01057987506413952,0.0,0.0,0.005765595463137997
qwen2_5_vl_7b,all,amp_fraction_gt1,HALL,6,122,122,0,0.011484015147407382,0.0,0.0,0.006569517439082656
qwen2_5_vl_7b,all,amp_fraction_gt1,HALL,7,122,122,0,0.01744500491036752,0.0,0.0,0.0
qwen2_5_vl_7b,all,amp_fraction_gt1,HALL,8,122,122,0,0.08128656678380775,0.0,0.0,0.013613597612958226
qwen2_5_vl_7b,all,amp_fraction_gt1,HALL,9,122,122,0,0.0175399316931707,0.0,0.0,0.006507437070938215
qwen2_5_vl_7b,all,amp_fraction_gt1,HALL,10,122,122,0,0.17519838127152804,0.03260869565217391,0.10102301790281329,0.23178341384863124
qwen2_5_vl_7b,all,amp_fraction_gt1,HALL,11,122,122,0,0.011704770681167789,0.0,0.0,0.00865849126718692
qwen2_5_vl_7b,all,amp_fraction_gt1,HALL,12,122,122,0,0.001008391189565321,0.0,0.0,0.0
qwen2_5_vl_7b,all,amp_fraction_gt1,HALL,13,122,122,0,0.00032932631356177535,0.0,0.0,0.0
qwen2_5_vl_7b,all,amp_fraction_gt1,HALL,14,122,122,0,0.0009631860188440625,0.0,0.0,0.0
qwen2_5_vl_7b,all,amp_fraction_gt1,HALL,15,122,122,0,2.741378365041943e-05,0.0,0.0,0.0
qwen2_5_vl_7b,all,amp_fraction_gt1,HALL,16,122,122,0,1.5494747280671853e-05,0.0,0.0,0.0
qwen2_5_vl_7b,all,amp_fraction_gt1,HALL,17,122,122,0,0.0,0.0,0.0,0.0
qwen2_5_vl_7b,all,amp_fraction_gt1,HALL,18,122,122,0,0.0,0.0,0.0,0.0
qwen2_5_vl_7b,all,amp_fraction_gt1,HALL,19,122,122,0,0.0,0.0,0.0,0.0
qwen2_5_vl_7b,all,amp_fraction_gt1,HALL,20,122,122,0,0.0,0.0,0.0,0.0
qwen2_5_vl_7b,all,amp_fraction_gt1,HALL,21,122,122,0,2.3758612497030174e-05,0.0,0.0,0.0
qwen2_5_vl_7b,all,amp_fraction_gt1,HALL,22,122,122,0,0.0011876782866468835,0.0,0.0,0.0
qwen2_5_vl_7b,all,amp_fraction_gt1,HALL,23,122,122,0,0.001704072628669264,0.0,0.0,0.0
qwen2_5_vl_7b,all,amp_fraction_gt1,HALL,24,122,122,0,0.017510352043919097,0.0,0.0025575447570332483,0.015895717554756456
qwen2_5_vl_7b,all,amp_fraction_gt1,HALL,25,122,122,0,4.6419137861844665e-05,0.0,0.0,0.0
qwen2_5_vl_7b,all,amp_fraction_gt1,HALL,26,122,122,0,0.000526283214640097,0.0,0.0,0.0
qwen2_5_vl_7b,all,amp_fraction_gt1,HALL,27,122,122,0,0.0019421357608572437,0.0,0.0,0.0
qwen2_5_vl_7b,all,amp_fraction_gt1,HALL,28,122,122,0,0.1812920899452761,0.05225206024438761,0.09207161125319693,0.2416453537936914
qwen2_5_vl_7b,all,gross_gain,REAL,1,1006,1006,0,1.1213937422017635,1.0061804559877774,1.1333934146200741,1.2158643105357734
qwen2_5_vl_7b,all,gross_gain,REAL,2,1006,1006,0,0.43142192630243076,0.367105872908918,0.4129936928775454,0.4755487969165531
qwen2_5_vl_7b,all,gross_gain,REAL,3,1006,1006,0,0.44593987650009187,0.36885869929800813,0.42183352228486404,0.4943916219959661
qwen2_5_vl_7b,all,gross_gain,REAL,4,1006,1006,0,0.4926142504768345,0.44273656761687,0.495454849365799,0.5378582197746385
qwen2_5_vl_7b,all,gross_gain,REAL,5,1006,1006,0,0.6519611836214285,0.5785025861006302,0.6467317736024198,0.7068790062319512
qwen2_5_vl_7b,all,gross_gain,REAL,6,1006,1006,0,0.6476520284861594,0.5930726486165923,0.6392511669389589,0.689355201608056
qwen2_5_vl_7b,all,gross_gain,REAL,7,1006,1006,0,0.7364720528635187,0.6810560555730637,0.7117386098655999,0.7735603005429255
qwen2_5_vl_7b,all,gross_gain,REAL,8,1006,1006,0,0.8470219666684072,0.7849211866858885,0.8247544736198558,0.8907032491614565
qwen2_5_vl_7b,all,gross_gain,REAL,9,1006,1006,0,0.7795691361167029,0.7156959182115116,0.7662044566516367,0.831634497968343
qwen2_5_vl_7b,all,gross_gain,REAL,10,1006,1006,0,0.9982612475021228,0.8969297949420894,0.9586655268330855,1.05722653330779
qwen2_5_vl_7b,all,gross_gain,REAL,11,1006,1006,0,0.683507682814319,0.6509458665884565,0.6769295612217014,0.7083169937644206
qwen2_5_vl_7b,all,gross_gain,REAL,12,1006,1006,0,0.7276649958899262,0.6944780450297732,0.7216452333528774,0.7558900397300398
qwen2_5_vl_7b,all,gross_gain,REAL,13,1006,1006,0,0.7265370139664138,0.6910576755426459,0.7200505320585755,0.7498487428814598
qwen2_5_vl_7b,all,gross_gain,REAL,14,1006,1006,0,0.7152558361301933,0.6766179470942818,0.706884448315311,0.7447488527450772
qwen2_5_vl_7b,all,gross_gain,REAL,15,1006,1006,0,0.6722638834026455,0.6400789883623237,0.6643938353866781,0.6986852482915613
qwen2_5_vl_7b,all,gross_gain,REAL,16,1006,1006,0,0.6618582622764241,0.629094427780805,0.6550181741272498,0.6813346205242357
qwen2_5_vl_7b,all,gross_gain,REAL,17,1006,1006,0,0.6735185716123265,0.6370644664534655,0.6677800028609443,0.704010294437325
qwen2_5_vl_7b,all,gross_gain,REAL,18,1006,1006,0,0.5910969613632985,0.5552930135282682,0.5815117158396239,0.6169003395740148
qwen2_5_vl_7b,all,gross_gain,REAL,19,1006,1006,0,0.6085767677602321,0.5671271502633493,0.590966717031502,0.6368009322691782
qwen2_5_vl_7b,all,gross_gain,REAL,20,1006,1006,0,0.5996780824683208,0.5675492448270023,0.595868781204768,0.6259306594557514
qwen2_5_vl_7b,all,gross_gain,REAL,21,1006,1006,0,0.6189024478151177,0.5750574122728527,0.6160498015596955,0.659425720196269
qwen2_5_vl_7b,all,gross_gain,REAL,22,1006,1006,0,0.5836853782901267,0.5418618845331461,0.5768563189494477,0.6160620202035408
qwen2_5_vl_7b,all,gross_gain,REAL,23,1006,1006,0,0.5724295609639553,0.5406701213639432,0.5662824336848508,0.5979693288624102
qwen2_5_vl_7b,all,gross_gain,REAL,24,1006,1006,0,0.5440771116928739,0.4766263788186002,0.5280648618982404,0.5969065340739869
qwen2_5_vl_7b,all,gross_gain,REAL,25,1006,1006,0,0.42342904764617384,0.39150406023009326,0.4165381828869713,0.44600243071279777
qwen2_5_vl_7b,all,gross_gain,REAL,26,1006,1006,0,0.38565733128287183,0.3582933427196575,0.3789168329300895,0.4050268338270342
qwen2_5_vl_7b,all,gross_gain,REAL,27,1006,1006,0,0.43820533261725786,0.4004267103402325,0.43110722961606285,0.4689717891164043
qwen2_5_vl_7b,all,gross_gain,REAL,28,1006,1006,0,0.6872740020486588,0.5974300005619007,0.6625843853665496,0.7478059292667375
qwen2_5_vl_7b,all,gross_gain,HALL,1,122,122,0,1.0722750693351455,0.9052823249811204,1.052173951030261,1.200460302442457
qwen2_5_vl_7b,all,gross_gain,HALL,2,122,122,0,0.4235320028869211,0.3535732184499738,0.39970411402485595,0.46945853818121586
qwen2_5_vl_7b,all,gross_gain,HALL,3,122,122,0,0.4419287506203316,0.37818275938857204,0.42497676590422007,0.47596568950428264
qwen2_5_vl_7b,all,gross_gain,HALL,4,122,122,0,0.485920507104127,0.4451861337110856,0.48882342841322074,0.5231193731856804
qwen2_5_vl_7b,all,gross_gain,HALL,5,122,122,0,0.6342509514001379,0.5717201519339778,0.6319591975292763,0.6785576790621964
qwen2_5_vl_7b,all,gross_gain,HALL,6,122,122,0,0.6370192922331044,0.5814666804914326,0.6428566702190619,0.688661724296521
qwen2_5_vl_7b,all,gross_gain,HALL,7,122,122,0,0.7391124840494643,0.68780420924815,0.7210709967754656,0.7717578078169592
qwen2_5_vl_7b,all,gross_gain,HALL,8,122,122,0,0.8583972186089598,0.790491320293174,0.8390885514641186,0.8871442635071765
qwen2_5_vl_7b,all,gross_gain,HALL,9,122,122,0,0.7818265871145247,0.7209648438876625,0.771781872912018,0.8416977514479054
qwen2_5_vl_7b,all,gross_gain,HALL,10,122,122,0,0.9954679625811886,0.8852301226023422,0.925927318422362,1.0473941690931166
qwen2_5_vl_7b,all,gross_gain,HALL,11,122,122,0,0.6660024937920964,0.6224953680927209,0.6559313446241177,0.704809165775156
qwen2_5_vl_7b,all,gross_gain,HALL,12,122,122,0,0.7290422833830332,0.6982035042779946,0.7272043883514014,0.7553884632276107
qwen2_5_vl_7b,all,gross_gain,HALL,13,122,122,0,0.7177741449940837,0.6891470529926738,0.7155680398175546,0.742511316293007
qwen2_5_vl_7b,all,gross_gain,HALL,14,122,122,0,0.7266982474890602,0.6891805831469751,0.7245705260834455,0.759918544437409
qwen2_5_vl_7b,all,gross_gain,HALL,15,122,122,0,0.6732053136649923,0.6375854564951539,0.6676967418951518,0.6952666222761081
qwen2_5_vl_7b,all,gross_gain,HALL,16,122,122,0,0.6520343919160041,0.6161185196685365,0.6495801531482212,0.6756021910420965
qwen2_5_vl_7b,all,gross_gain,HALL,17,122,122,0,0.6613371107067376,0.6315595627991066,0.656770266260185,0.6892328893232308
qwen2_5_vl_7b,all,gross_gain,HALL,18,122,122,0,0.579877808529962,0.550718739615663,0.5737640781276263,0.6069425030874549
qwen2_5_vl_7b,all,gross_gain,HALL,19,122,122,0,0.6190808080486983,0.575302565280343,0.6100577795512852,0.6564026649574157
qwen2_5_vl_7b,all,gross_gain,HALL,20,122,122,0,0.5952518336923089,0.5630667752917092,0.5856323238713139,0.6219512019587249
qwen2_5_vl_7b,all,gross_gain,HALL,21,122,122,0,0.5914739641614961,0.5581076468511207,0.5850999582344576,0.622027993959394
qwen2_5_vl_7b,all,gross_gain,HALL,22,122,122,0,0.6073891553932685,0.5639695553698559,0.6035609176705663,0.6396127542799533
qwen2_5_vl_7b,all,gross_gain,HALL,23,122,122,0,0.566324301752749,0.5205608629422268,0.5491759592119396,0.6010989596916237
qwen2_5_vl_7b,all,gross_gain,HALL,24,122,122,0,0.5726032348472869,0.48807830347174264,0.547281446033464,0.6365750261331349
qwen2_5_vl_7b,all,gross_gain,HALL,25,122,122,0,0.4286424733378973,0.3941169177729037,0.4258938809477553,0.45244859680322935
qwen2_5_vl_7b,all,gross_gain,HALL,26,122,122,0,0.3825049130508241,0.3605334486892235,0.3748299187194559,0.39322606414423444
qwen2_5_vl_7b,all,gross_gain,HALL,27,122,122,0,0.44895672785114216,0.4177703934972009,0.43610237932845164,0.47489767611200306
qwen2_5_vl_7b,all,gross_gain,HALL,28,122,122,0,0.7025765321968208,0.605753961479094,0.665815811349409,0.7973976231182918
qwen2_5_vl_7b,all,cancellation,REAL,1,1006,1006,0,0.8301710800780809,0.7981070557998247,0.8482430978094457,0.871404638809832
qwen2_5_vl_7b,all,cancellation,REAL,2,1006,1006,0,0.6931582680133855,0.638938490535543,0.7054669118486507,0.7553681002684955
qwen2_5_vl_7b,all,cancellation,REAL,3,1006,1006,0,0.6128237089063976,0.5562412760671172,0.6053420749713425,0.6607420326553741
qwen2_5_vl_7b,all,cancellation,REAL,4,1006,1006,0,0.5356600831842713,0.46913178358792085,0.5338517591243302,0.5995496573048529
qwen2_5_vl_7b,all,cancellation,REAL,5,1006,1006,0,0.63446810674764,0.5800798479735164,0.6316701314501805,0.6889383210425384
qwen2_5_vl_7b,all,cancellation,REAL,6,1006,1006,0,0.6146330589341034,0.578043287230334,0.6213808245469826,0.658720395182643
qwen2_5_vl_7b,all,cancellation,REAL,7,1006,1006,0,0.5874192004496251,0.5412609512242594,0.5833388722775645,0.6340380746326802
qwen2_5_vl_7b,all,cancellation,REAL,8,1006,1006,0,0.49806243407381895,0.4468746252437603,0.4806118482832954,0.5397767191230736
qwen2_5_vl_7b,all,cancellation,REAL,9,1006,1006,0,0.4870367782786118,0.4457342222429892,0.4808863465856916,0.5247639233005397
qwen2_5_vl_7b,all,cancellation,REAL,10,1006,1006,0,0.5767678121239861,0.49208869609426864,0.5628466394860713,0.6452130360940107
qwen2_5_vl_7b,all,cancellation,REAL,11,1006,1006,0,0.5093839151916407,0.4752189236240606,0.5077771711498833,0.5397029202984023
qwen2_5_vl_7b,all,cancellation,REAL,12,1006,1006,0,0.49629560732604167,0.4652095824520542,0.4994147697634246,0.5273522357155943
qwen2_5_vl_7b,all,cancellation,REAL,13,1006,1006,0,0.44630430993545006,0.41202498086145434,0.44428609338861236,0.4803225421493406
qwen2_5_vl_7b,all,cancellation,REAL,14,1006,1006,0,0.44026809547563606,0.40428848343121876,0.43556356937425783,0.47157579727399845
qwen2_5_vl_7b,all,cancellation,REAL,15,1006,1006,0,0.4583059814898139,0.419858471989616,0.4536421929799833,0.48880906871730706
qwen2_5_vl_7b,all,cancellation,REAL,16,1006,1006,0,0.3796274268925003,0.3391222981482759,0.374786535645241,0.4115297936079209
qwen2_5_vl_7b,all,cancellation,REAL,17,1006,1006,0,0.4647106409041778,0.4187536744413847,0.4595051639714912,0.505559719069751
qwen2_5_vl_7b,all,cancellation,REAL,18,1006,1006,0,0.3566508623366563,0.3208933437351216,0.34484475080762567,0.38244654546898327
qwen2_5_vl_7b,all,cancellation,REAL,19,1006,1006,0,0.4306470887353576,0.3782618547218561,0.41920311118738085,0.4725280183321615
qwen2_5_vl_7b,all,cancellation,REAL,20,1006,1006,0,0.5160399959356984,0.47525539554885265,0.513039002752917,0.5540903775289236
qwen2_5_vl_7b,all,cancellation,REAL,21,1006,1006,0,0.4791544164243973,0.4296050346530612,0.4758765766521684,0.5231127530759353
qwen2_5_vl_7b,all,cancellation,REAL,22,1006,1006,0,0.5691015318512841,0.5069677252917779,0.5689576045516789,0.6309445613131394
qwen2_5_vl_7b,all,cancellation,REAL,23,1006,1006,0,0.4702297821120137,0.4229097858088968,0.46155932992338217,0.5135540571670195
qwen2_5_vl_7b,all,cancellation,REAL,24,1006,1006,0,0.5618875191933527,0.4700359074682346,0.5582030433111107,0.6499825733248733
qwen2_5_vl_7b,all,cancellation,REAL,25,1006,1006,0,0.4602500725585123,0.40071200596785517,0.4510203053352235,0.5077498061327492
qwen2_5_vl_7b,all,cancellation,REAL,26,1006,1006,0,0.3885371964701172,0.33116719920876514,0.3768036251064719,0.4369133766347939
qwen2_5_vl_7b,all,cancellation,REAL,27,1006,1006,0,0.3930337756678469,0.3248717249747174,0.37733886086106916,0.4491865832067243
qwen2_5_vl_7b,all,cancellation,REAL,28,1006,1006,0,0.49999030941394806,0.4479964065939578,0.4951791873542476,0.5488887471733553
qwen2_5_vl_7b,all,cancellation,HALL,1,122,122,0,0.8259047943125416,0.7937458261359754,0.8422850623691274,0.880824033660069
qwen2_5_vl_7b,all,cancellation,HALL,2,122,122,0,0.6792737858097175,0.6203393278252665,0.684359625992571,0.739367409754556
qwen2_5_vl_7b,all,cancellation,HALL,3,122,122,0,0.5832866513955461,0.5251066571692207,0.5725393774423064,0.6274690061024809
qwen2_5_vl_7b,all,cancellation,HALL,4,122,122,0,0.4903177988308237,0.4299085709893987,0.4928635095595464,0.5473694530594826
qwen2_5_vl_7b,all,cancellation,HALL,5,122,122,0,0.6020870746384198,0.5514478600583457,0.5961928767978537,0.6360808803924771
qwen2_5_vl_7b,all,cancellation,HALL,6,122,122,0,0.5810558269051646,0.5237875858634197,0.5850723541318765,0.6381805522438744
qwen2_5_vl_7b,all,cancellation,HALL,7,122,122,0,0.5726895097589433,0.5322901987830038,0.5682066768553906,0.6075080191232418
qwen2_5_vl_7b,all,cancellation,HALL,8,122,122,0,0.49787814551900905,0.44259093058344934,0.48387372507755355,0.5545256004005238
qwen2_5_vl_7b,all,cancellation,HALL,9,122,122,0,0.4700619996591106,0.4283774782110433,0.4631905010934229,0.5017246310422625
qwen2_5_vl_7b,all,cancellation,HALL,10,122,122,0,0.5546970637793571,0.4620361509346098,0.5416536041266197,0.6506327945233611
qwen2_5_vl_7b,all,cancellation,HALL,11,122,122,0,0.5207388218416507,0.4898081753093846,0.5171283663020706,0.5499072813133793
qwen2_5_vl_7b,all,cancellation,HALL,12,122,122,0,0.48547133412539556,0.44984173121863713,0.4814715197034045,0.5119578526463844
qwen2_5_vl_7b,all,cancellation,HALL,13,122,122,0,0.4651869891973449,0.42722757891420543,0.4635760656134712,0.4995252373814946
qwen2_5_vl_7b,all,cancellation,HALL,14,122,122,0,0.4609773047112954,0.41009935234893863,0.45379967872197247,0.509187476548364
qwen2_5_vl_7b,all,cancellation,HALL,15,122,122,0,0.4703144871451692,0.42054195527658483,0.46423438694034314,0.5116074754167907
qwen2_5_vl_7b,all,cancellation,HALL,16,122,122,0,0.39374228599557565,0.3593663180493158,0.3909066879463087,0.427016359808158
qwen2_5_vl_7b,all,cancellation,HALL,17,122,122,0,0.4826375906942812,0.429567949999467,0.47505320047163,0.5272979191551699
qwen2_5_vl_7b,all,cancellation,HALL,18,122,122,0,0.35619112377843226,0.3188399975025456,0.34639583668929297,0.3868680451721196
qwen2_5_vl_7b,all,cancellation,HALL,19,122,122,0,0.46656910927464235,0.4028527540632455,0.4599765516405053,0.5238317470899684
qwen2_5_vl_7b,all,cancellation,HALL,20,122,122,0,0.5341049453888821,0.4757679665135892,0.5382337104351369,0.5892007847258582
qwen2_5_vl_7b,all,cancellation,HALL,21,122,122,0,0.4799893129944579,0.43460885874606325,0.4684198585198637,0.5266124457090932
qwen2_5_vl_7b,all,cancellation,HALL,22,122,122,0,0.5970259928960263,0.5273943024559296,0.587794170275431,0.6676847810663343
qwen2_5_vl_7b,all,cancellation,HALL,23,122,122,0,0.503870266210707,0.44366817498291417,0.4906658658130092,0.5568759559914951
qwen2_5_vl_7b,all,cancellation,HALL,24,122,122,0,0.5708812756628521,0.47563234373562513,0.5698465150408314,0.6624612420446229
qwen2_5_vl_7b,all,cancellation,HALL,25,122,122,0,0.4686852549125229,0.3955452856555234,0.44994487960409013,0.5223748578590661
qwen2_5_vl_7b,all,cancellation,HALL,26,122,122,0,0.3711267440135692,0.3042621964784353,0.363923558210287,0.42834744994471136
qwen2_5_vl_7b,all,cancellation,HALL,27,122,122,0,0.37998236089288606,0.3094626916372214,0.36545567276424884,0.4360420620404722
qwen2_5_vl_7b,all,cancellation,HALL,28,122,122,0,0.5146938503717495,0.44539122262624353,0.5189265638643296,0.5726826810395071
qwen2_5_vl_7b,all,closure,REAL,1,1006,1006,0,2.4819945460370344e-06,1.455123765481403e-06,2.0432336214071256e-06,3.0902235153007496e-06
qwen2_5_vl_7b,all,closure,REAL,2,1006,1006,0,9.208322811653155e-06,5.175191859052575e-06,7.48268689676479e-06,1.1281926163064782e-05
qwen2_5_vl_7b,all,closure,REAL,3,1006,1006,0,1.4896470707043307e-05,8.354089914064389e-06,1.226585573022021e-05,1.847851490310859e-05
qwen2_5_vl_7b,all,closure,REAL,4,1006,1006,0,9.489334275142722e-06,3.7564680610557843e-06,7.257006700456259e-06,1.207736249853042e-05
qwen2_5_vl_7b,all,closure,REAL,5,1006,1006,0,7.330041757378758e-06,3.1682284316048026e-06,5.0317594286752865e-06,9.443402177566895e-06
qwen2_5_vl_7b,all,closure,REAL,6,1006,1006,0,3.864866862879125e-06,2.057267124655482e-06,2.9055722734483425e-06,4.566534471450723e-06
qwen2_5_vl_7b,all,closure,REAL,7,1006,1006,0,6.425785790235052e-06,2.6185605861428485e-06,4.406252855915227e-06,7.596385557917529e-06
qwen2_5_vl_7b,all,closure,REAL,8,1006,1006,0,4.8815292798488945e-06,2.332853000552859e-06,3.2926427593338303e-06,5.607134198726271e-06
qwen2_5_vl_7b,all,closure,REAL,9,1006,1006,0,2.633261322470684e-06,1.3454231009291107e-06,1.7624732322474301e-06,2.939158548542764e-06
qwen2_5_vl_7b,all,closure,REAL,10,1006,1006,0,2.8779121600035966e-05,1.1427531774188537e-06,1.7948577237802965e-06,6.419376745725458e-06
qwen2_5_vl_7b,all,closure,REAL,11,1006,1006,0,3.237931936148511e-06,1.9942262952099554e-06,2.768606577774335e-06,4.000727244601876e-06
qwen2_5_vl_7b,all,closure,REAL,12,1006,1006,0,2.177777498756721e-06,1.2502297579430888e-06,1.639699917177495e-06,2.3471250187867554e-06
qwen2_5_vl_7b,all,closure,REAL,13,1006,1006,0,1.9396292402851873e-06,1.2236017425948376e-06,1.5627327911715838e-06,2.089761096613074e-06
qwen2_5_vl_7b,all,closure,REAL,14,1006,1006,0,2.0212165298757024e-06,1.1108348303423554e-06,1.3996872212374e-06,1.9870743699357263e-06
qwen2_5_vl_7b,all,closure,REAL,15,1006,1006,0,1.6013920539614877e-06,9.560832552324428e-07,1.136096273057774e-06,1.5127050403407338e-06
qwen2_5_vl_7b,all,closure,REAL,16,1006,1006,0,3.3351304976925532e-06,2.180271167162573e-06,2.8761123758158647e-06,3.7896102185186464e-06
qwen2_5_vl_7b,all,closure,REAL,17,1006,1006,0,1.5789188787502953e-06,1.006846190421129e-06,1.2594600207194162e-06,1.6587882782914676e-06
qwen2_5_vl_7b,all,closure,REAL,18,1006,1006,0,3.6673326098731504e-06,2.074384326533618e-06,2.7698818030330585e-06,3.764850191600999e-06
qwen2_5_vl_7b,all,closure,REAL,19,1006,1006,0,3.291868907494584e-06,2.004748012041091e-06,2.5558069864928257e-06,3.5992329685541335e-06
qwen2_5_vl_7b,all,closure,REAL,20,1006,1006,0,1.4742059132028624e-06,1.0487743793419213e-06,1.2512139164755354e-06,1.5557336610072525e-06
qwen2_5_vl_7b,all,closure,REAL,21,1006,1006,0,2.8068719853414497e-06,1.7970308761050546e-06,2.241595666419016e-06,3.0726858426533e-06
qwen2_5_vl_7b,all,closure,REAL,22,1006,1006,0,2.130988296504287e-06,1.2637237603030371e-06,1.550972967834241e-06,1.978531599888811e-06
qwen2_5_vl_7b,all,closure,REAL,23,1006,1006,0,2.8810715269143834e-05,1.694394285323142e-06,2.1032395807196735e-06,2.7941841835854575e-06
qwen2_5_vl_7b,all,closure,REAL,24,1006,1006,0,3.5490993843180676e-06,1.745932650010218e-06,2.3515882503488683e-06,3.563405073236936e-06
qwen2_5_vl_7b,all,closure,REAL,25,1006,1006,0,6.4719578250119786e-06,4.062134848936694e-06,5.205609568292857e-06,7.289898462659039e-06
qwen2_5_vl_7b,all,closure,REAL,26,1006,1006,0,9.113012743814244e-06,5.334843081072904e-06,6.98277312949358e-06,1.0125425433216151e-05
qwen2_5_vl_7b,all,closure,REAL,27,1006,1006,0,4.977017208259227e-06,3.0199929597074515e-06,3.9570861645188415e-06,5.656442567669728e-06
qwen2_5_vl_7b,all,closure,REAL,28,1006,1006,0,7.556841206650629e-06,3.497244392747234e-06,4.752990207634866e-06,6.889368250995176e-06
qwen2_5_vl_7b,all,closure,HALL,1,122,122,0,3.370624659644401e-06,2.1472030198310676e-06,3.0236868724387023e-06,3.876403297908837e-06
qwen2_5_vl_7b,all,closure,HALL,2,122,122,0,1.1408101345221469e-05,6.806214173593617e-06,9.714894986245781e-06,1.2949154097441351e-05
qwen2_5_vl_7b,all,closure,HALL,3,122,122,0,1.9569459955611642e-05,1.2492381074480363e-05,1.6053591934905853e-05,2.3478492494177772e-05
qwen2_5_vl_7b,all,closure,HALL,4,122,122,0,1.621385442589241e-05,8.194964038921171e-06,1.2823382348869927e-05,1.9780529328272678e-05
qwen2_5_vl_7b,all,closure,HALL,5,122,122,0,1.0817660435737916e-05,5.16023317231884e-06,8.557022283639526e-06,1.4225211316443165e-05
qwen2_5_vl_7b,all,closure,HALL,6,122,122,0,5.706779919908841e-06,2.8514032237580977e-06,4.262670017851633e-06,7.02700572219328e-06
qwen2_5_vl_7b,all,closure,HALL,7,122,122,0,9.609594619670118e-06,5.151389473212475e-06,7.844996616768185e-06,1.1597907359828241e-05
qwen2_5_vl_7b,all,closure,HALL,8,122,122,0,7.300581788125574e-06,3.0223449130062363e-06,4.570493956634891e-06,1.0028469887402025e-05
qwen2_5_vl_7b,all,closure,HALL,9,122,122,0,4.109970626679987e-06,1.794365203977577e-06,2.928954700109898e-06,4.802655780622445e-06
qwen2_5_vl_7b,all,closure,HALL,10,122,122,0,4.813712334851993e-06,1.177967192234064e-06,1.6773527136138e-06,2.845849110144627e-06
qwen2_5_vl_7b,all,closure,HALL,11,122,122,0,4.207158704010923e-06,2.570498793375009e-06,3.682168085106241e-06,5.1933726581410156e-06
qwen2_5_vl_7b,all,closure,HALL,12,122,122,0,2.850453203426114e-06,1.4507961338949826e-06,2.010257503570756e-06,3.0233115921873832e-06
qwen2_5_vl_7b,all,closure,HALL,13,122,122,0,2.3217129302949735e-06,1.4954151481560984e-06,1.7534315475131734e-06,2.6445094931659696e-06
qwen2_5_vl_7b,all,closure,HALL,14,122,122,0,2.1592987486357862e-06,1.4133092918200418e-06,1.7885822671814822e-06,2.493824808880163e-06
qwen2_5_vl_7b,all,closure,HALL,15,122,122,0,1.4732057860835428e-06,9.907521985041967e-07,1.189930685541185e-06,1.632873676271629e-06
qwen2_5_vl_7b,all,closure,HALL,16,122,122,0,3.4722243043927205e-06,2.371742027662549e-06,3.137805833830498e-06,4.229147975820524e-06
qwen2_5_vl_7b,all,closure,HALL,17,122,122,0,1.8573959297383658e-06,1.1789598772793397e-06,1.5132353610169957e-06,2.179844329930347e-06
qwen2_5_vl_7b,all,closure,HALL,18,122,122,0,5.245934120966177e-06,2.5440945705668128e-06,3.861757932099863e-06,6.071113261896244e-06
qwen2_5_vl_7b,all,closure,HALL,19,122,122,0,3.702109375197205e-06,2.119718772064516e-06,2.767267233139137e-06,4.060489800394862e-06
qwen2_5_vl_7b,all,closure,HALL,20,122,122,0,1.572715718122977e-06,1.1310140735076857e-06,1.3492216908161936e-06,1.7521864208447369e-06
qwen2_5_vl_7b,all,closure,HALL,21,122,122,0,3.4668241553726014e-06,2.0808096223845496e-06,2.810151727317134e-06,3.898766976817569e-06
qwen2_5_vl_7b,all,closure,HALL,22,122,122,0,1.6833248942654537e-06,1.2119299981350196e-06,1.4281923768066918e-06,1.8530556928908481e-06
qwen2_5_vl_7b,all,closure,HALL,23,122,122,0,2.70812916706656e-05,1.93502455658745e-06,2.4798889626254095e-06,3.494515226520889e-06
qwen2_5_vl_7b,all,closure,HALL,24,122,122,0,3.3592535847212095e-06,1.8654409075224976e-06,2.4546012582504773e-06,3.6547671129483206e-06
qwen2_5_vl_7b,all,closure,HALL,25,122,122,0,7.686831689871261e-06,3.9688982269581174e-06,5.913966106163571e-06,9.112011184697622e-06
qwen2_5_vl_7b,all,closure,HALL,26,122,122,0,1.3318563375952315e-05,6.217117856976984e-06,1.0026224572357023e-05,1.6425434296252206e-05
qwen2_5_vl_7b,all,closure,HALL,27,122,122,0,5.555942603588519e-06,3.3631930591582204e-06,4.992411277271458e-06,6.768599291717692e-06
qwen2_5_vl_7b,all,closure,HALL,28,122,122,0,6.794585514115647e-06,3.7681729168070888e-06,5.285546194500057e-06,7.705967391302693e-06
qwen2_5_vl_7b,all,rotation_mean,REAL,1,1006,1006,0,-0.13736187267650762,-0.2144339345395565,-0.13585782796144485,-0.06212106440216303
qwen2_5_vl_7b,all,rotation_mean,REAL,2,1006,1006,0,-0.1273331910512497,-0.14313232898712158,-0.12132174149155617,-0.1078434269875288
qwen2_5_vl_7b,all,rotation_mean,REAL,3,1006,1006,0,-0.18729393344898346,-0.21929515525698662,-0.19470860064029694,-0.1578456647694111
qwen2_5_vl_7b,all,rotation_mean,REAL,4,1006,1006,0,-0.23428891216280684,-0.27031323313713074,-0.24812398105859756,-0.2010057121515274
qwen2_5_vl_7b,all,rotation_mean,REAL,5,1006,1006,0,-0.28352208171876714,-0.30580994486808777,-0.28446605801582336,-0.2635834738612175
qwen2_5_vl_7b,all,rotation_mean,REAL,6,1006,1006,0,-0.3715126926364529,-0.40202604979276657,-0.3828723877668381,-0.3472127467393875
qwen2_5_vl_7b,all,rotation_mean,REAL,7,1006,1006,0,-0.35899428186371596,-0.40079931169748306,-0.3707015663385391,-0.3264279440045357
qwen2_5_vl_7b,all,rotation_mean,REAL,8,1006,1006,0,-0.4596715089726164,-0.5148898810148239,-0.4854779541492462,-0.4306207597255707
qwen2_5_vl_7b,all,rotation_mean,REAL,9,1006,1006,0,-0.36449128930747626,-0.4157891198992729,-0.3837035149335861,-0.3260810747742653
qwen2_5_vl_7b,all,rotation_mean,REAL,10,1006,1006,0,-0.5724353291109116,-0.623451828956604,-0.5842201411724091,-0.5316263735294342
qwen2_5_vl_7b,all,rotation_mean,REAL,11,1006,1006,0,-0.458642278229503,-0.4908884987235069,-0.46673300862312317,-0.4338167831301689
qwen2_5_vl_7b,all,rotation_mean,REAL,12,1006,1006,0,-0.4283569109131754,-0.4550146758556366,-0.4332147538661957,-0.4062013477087021
qwen2_5_vl_7b,all,rotation_mean,REAL,13,1006,1006,0,-0.4185794949472306,-0.46073801070451736,-0.4265342205762863,-0.38756534457206726
qwen2_5_vl_7b,all,rotation_mean,REAL,14,1006,1006,0,-0.5015746951399456,-0.5318466275930405,-0.5070088505744934,-0.47345568984746933
qwen2_5_vl_7b,all,rotation_mean,REAL,15,1006,1006,0,-0.32558360263320135,-0.35244590044021606,-0.32934102416038513,-0.29989689588546753
qwen2_5_vl_7b,all,rotation_mean,REAL,16,1006,1006,0,-0.3479033071792149,-0.37541134655475616,-0.35591110587120056,-0.32668986916542053
qwen2_5_vl_7b,all,rotation_mean,REAL,17,1006,1006,0,-0.3660592050189763,-0.38573453575372696,-0.36424191296100616,-0.34546105563640594
qwen2_5_vl_7b,all,rotation_mean,REAL,18,1006,1006,0,-0.38013515999137054,-0.39688634127378464,-0.38276325166225433,-0.36711788177490234
qwen2_5_vl_7b,all,rotation_mean,REAL,19,1006,1006,0,-0.3292043346385833,-0.3489861488342285,-0.33217155933380127,-0.31326862424612045
qwen2_5_vl_7b,all,rotation_mean,REAL,20,1006,1006,0,-0.21174904803336259,-0.23617301136255264,-0.21001900732517242,-0.1858372986316681
qwen2_5_vl_7b,all,rotation_mean,REAL,21,1006,1006,0,-0.2471868074600905,-0.27570420503616333,-0.24463999271392822,-0.21274374797940254
qwen2_5_vl_7b,all,rotation_mean,REAL,22,1006,1006,0,-0.14278669003952688,-0.16112157702445984,-0.14194098114967346,-0.12320053577423096
qwen2_5_vl_7b,all,rotation_mean,REAL,23,1006,1006,0,-0.06509292126695658,-0.08834460005164146,-0.06726264581084251,-0.04645312298089266
qwen2_5_vl_7b,all,rotation_mean,REAL,24,1006,1006,0,-0.07117681449212533,-0.08461682684719563,-0.07052101567387581,-0.05666697397828102
qwen2_5_vl_7b,all,rotation_mean,REAL,25,1006,1006,0,-0.039947665719872884,-0.05743999965488911,-0.038205573335289955,-0.019641852471977472
qwen2_5_vl_7b,all,rotation_mean,REAL,26,1006,1006,0,0.010887123259691753,0.0008659399900352582,0.011689709033817053,0.022666628938168287
qwen2_5_vl_7b,all,rotation_mean,REAL,27,1006,1006,0,0.018563882169875208,-0.012919023167341948,0.01647455431520939,0.04701767582446337
qwen2_5_vl_7b,all,rotation_mean,REAL,28,1006,1006,0,-0.05550988443701318,-0.10729032382369041,-0.03617984987795353,0.014853535685688257
qwen2_5_vl_7b,all,rotation_mean,HALL,1,122,122,0,-0.13288003562274006,-0.19548483192920685,-0.12571309506893158,-0.05270599294453859
qwen2_5_vl_7b,all,rotation_mean,HALL,2,122,122,0,-0.13075802044668158,-0.15647424012422562,-0.1242523305118084,-0.10977817885577679
qwen2_5_vl_7b,all,rotation_mean,HALL,3,122,122,0,-0.19320165133867107,-0.226315476000309,-0.20481174439191818,-0.1588851548731327
qwen2_5_vl_7b,all,rotation_mean,HALL,4,122,122,0,-0.2363743875481066,-0.27045320719480515,-0.24843180924654007,-0.21333681046962738
qwen2_5_vl_7b,all,rotation_mean,HALL,5,122,122,0,-0.28637008112473566,-0.308494932949543,-0.2884526997804642,-0.2639566957950592
qwen2_5_vl_7b,all,rotation_mean,HALL,6,122,122,0,-0.3642744741967467,-0.3976929485797882,-0.3802891969680786,-0.32745200395584106
qwen2_5_vl_7b,all,rotation_mean,HALL,7,122,122,0,-0.3516545660915922,-0.40210048109292984,-0.359391525387764,-0.3119378834962845
qwen2_5_vl_7b,all,rotation_mean,HALL,8,122,122,0,-0.45794714913993584,-0.5042690634727478,-0.47098031640052795,-0.42967720329761505
qwen2_5_vl_7b,all,rotation_mean,HALL,9,122,122,0,-0.3609323690904946,-0.40107961744070053,-0.3764236271381378,-0.3312603756785393
qwen2_5_vl_7b,all,rotation_mean,HALL,10,122,122,0,-0.5588025653459987,-0.6021566689014435,-0.5648738443851471,-0.517808586359024
qwen2_5_vl_7b,all,rotation_mean,HALL,11,122,122,0,-0.4459415637567395,-0.47669316083192825,-0.4536098539829254,-0.42298146337270737
qwen2_5_vl_7b,all,rotation_mean,HALL,12,122,122,0,-0.4265336560421303,-0.45459191501140594,-0.42915110290050507,-0.39874760806560516
qwen2_5_vl_7b,all,rotation_mean,HALL,13,122,122,0,-0.4115225877918181,-0.4418214038014412,-0.4219505935907364,-0.3955143690109253
qwen2_5_vl_7b,all,rotation_mean,HALL,14,122,122,0,-0.5114317580324704,-0.5462601631879807,-0.5220970213413239,-0.48201414197683334
qwen2_5_vl_7b,all,rotation_mean,HALL,15,122,122,0,-0.30900882917349454,-0.3511335477232933,-0.31074725091457367,-0.26634369045495987
qwen2_5_vl_7b,all,rotation_mean,HALL,16,122,122,0,-0.3482516079408223,-0.3788013532757759,-0.35795406997203827,-0.3246067762374878
qwen2_5_vl_7b,all,rotation_mean,HALL,17,122,122,0,-0.3772558750676327,-0.39683979004621506,-0.37558096647262573,-0.3602816015481949
qwen2_5_vl_7b,all,rotation_mean,HALL,18,122,122,0,-0.38948329867886716,-0.4064340218901634,-0.3918650448322296,-0.37657567858695984
qwen2_5_vl_7b,all,rotation_mean,HALL,19,122,122,0,-0.3237018459400193,-0.3475945070385933,-0.3247642368078232,-0.30377496033906937
qwen2_5_vl_7b,all,rotation_mean,HALL,20,122,122,0,-0.21265403883623296,-0.23228466510772705,-0.2102532982826233,-0.19070426747202873
qwen2_5_vl_7b,all,rotation_mean,HALL,21,122,122,0,-0.26405249206257647,-0.2969294935464859,-0.2564818561077118,-0.23507678136229515
qwen2_5_vl_7b,all,rotation_mean,HALL,22,122,122,0,-0.15051425120136777,-0.17143107950687408,-0.14435655623674393,-0.12569031864404678
qwen2_5_vl_7b,all,rotation_mean,HALL,23,122,122,0,-0.0807509247183067,-0.09960963018238544,-0.08340851590037346,-0.06903529539704323
qwen2_5_vl_7b,all,rotation_mean,HALL,24,122,122,0,-0.07210012103934757,-0.08188395202159882,-0.07034511119127274,-0.05894662905484438
qwen2_5_vl_7b,all,rotation_mean,HALL,25,122,122,0,-0.035188661908041916,-0.05260116048157215,-0.034232137724757195,-0.01316721923649311
qwen2_5_vl_7b,all,rotation_mean,HALL,26,122,122,0,0.010184990009531516,-0.0015157698362600058,0.012391896452754736,0.02330400003120303
qwen2_5_vl_7b,all,rotation_mean,HALL,27,122,122,0,0.013107111714742162,-0.01678074663504958,0.00661837263032794,0.04338136501610279
qwen2_5_vl_7b,all,rotation_mean,HALL,28,122,122,0,-0.055338363851645776,-0.09405437111854553,-0.04670720174908638,0.018182285130023956
qwen2_5_vl_7b,all,rotation_median,REAL,1,1006,1006,0,-0.13655412314568402,-0.21389733999967575,-0.13233256340026855,-0.06189928017556667
qwen2_5_vl_7b,all,rotation_median,REAL,2,1006,1006,0,-0.1260566619441476,-0.1421768255531788,-0.12086326256394386,-0.10756618343293667
qwen2_5_vl_7b,all,rotation_median,REAL,3,1006,1006,0,-0.18576937638756413,-0.2150544635951519,-0.19148863852024078,-0.15741265937685966
qwen2_5_vl_7b,all,rotation_median,REAL,4,1006,1006,0,-0.23675978417039867,-0.2716280594468117,-0.24934346973896027,-0.20704201236367226
qwen2_5_vl_7b,all,rotation_median,REAL,5,1006,1006,0,-0.28271413081979185,-0.3059493824839592,-0.2826573997735977,-0.2616773247718811
qwen2_5_vl_7b,all,rotation_median,REAL,6,1006,1006,0,-0.37029295411723745,-0.40160612761974335,-0.3811332583427429,-0.34449322521686554
qwen2_5_vl_7b,all,rotation_median,REAL,7,1006,1006,0,-0.35836797409041027,-0.39957065880298615,-0.3702281415462494,-0.32537562400102615
qwen2_5_vl_7b,all,rotation_median,REAL,8,1006,1006,0,-0.46320670681670456,-0.5174100399017334,-0.4885365664958954,-0.4347599670290947
qwen2_5_vl_7b,all,rotation_median,REAL,9,1006,1006,0,-0.36887916505603385,-0.4186803326010704,-0.3861090689897537,-0.33038031309843063
qwen2_5_vl_7b,all,rotation_median,REAL,10,1006,1006,0,-0.5895940286975732,-0.6350915729999542,-0.6021425426006317,-0.5533500164747238
qwen2_5_vl_7b,all,rotation_median,REAL,11,1006,1006,0,-0.45848954828904115,-0.4905160292983055,-0.46665604412555695,-0.43187151849269867
qwen2_5_vl_7b,all,rotation_median,REAL,12,1006,1006,0,-0.43287284518212493,-0.4609486982226372,-0.4369248002767563,-0.4100508913397789
qwen2_5_vl_7b,all,rotation_median,REAL,13,1006,1006,0,-0.42613882135977565,-0.4684814065694809,-0.4341200143098831,-0.39525502920150757
qwen2_5_vl_7b,all,rotation_median,REAL,14,1006,1006,0,-0.5102509809417232,-0.5408429503440857,-0.5155062675476074,-0.482107512652874
qwen2_5_vl_7b,all,rotation_median,REAL,15,1006,1006,0,-0.3325841534830941,-0.36962759494781494,-0.3401905447244644,-0.29966871440410614
qwen2_5_vl_7b,all,rotation_median,REAL,16,1006,1006,0,-0.3550999699601122,-0.38220489025115967,-0.3618869483470917,-0.33618544787168503
qwen2_5_vl_7b,all,rotation_median,REAL,17,1006,1006,0,-0.3733402695025412,-0.39311815798282623,-0.37229129672050476,-0.35191766917705536
qwen2_5_vl_7b,all,rotation_median,REAL,18,1006,1006,0,-0.3846005702291284,-0.40058228373527527,-0.3871951401233673,-0.3721897602081299
qwen2_5_vl_7b,all,rotation_median,REAL,19,1006,1006,0,-0.3300534517135819,-0.3494064509868622,-0.332774356007576,-0.31398090720176697
qwen2_5_vl_7b,all,rotation_median,REAL,20,1006,1006,0,-0.20857174507903295,-0.23535599932074547,-0.20736338198184967,-0.179376482963562
qwen2_5_vl_7b,all,rotation_median,REAL,21,1006,1006,0,-0.24460202412564996,-0.2698318213224411,-0.24219560623168945,-0.21341265365481377
qwen2_5_vl_7b,all,rotation_median,REAL,22,1006,1006,0,-0.14106029085259492,-0.16210933402180672,-0.1394125372171402,-0.1189010739326477
qwen2_5_vl_7b,all,rotation_median,REAL,23,1006,1006,0,-0.06536804474473058,-0.08842470683157444,-0.06816360354423523,-0.046324705705046654
qwen2_5_vl_7b,all,rotation_median,REAL,24,1006,1006,0,-0.07494163796190861,-0.08865808323025703,-0.07379386946558952,-0.06113630998879671
qwen2_5_vl_7b,all,rotation_median,REAL,25,1006,1006,0,-0.028467249035121794,-0.04399960581213236,-0.028455072082579136,-0.01234193705022335
qwen2_5_vl_7b,all,rotation_median,REAL,26,1006,1006,0,0.014943424636671003,0.0036900813574902713,0.014066735748201609,0.025082796812057495
qwen2_5_vl_7b,all,rotation_median,REAL,27,1006,1006,0,0.032012297059022525,-1.5735773558844812e-05,0.029646863229572773,0.060703983530402184
qwen2_5_vl_7b,all,rotation_median,REAL,28,1006,1006,0,-0.03432978159537763,-0.06354844570159912,-0.016284924000501633,0.023142694029957056
qwen2_5_vl_7b,all,rotation_median,HALL,1,122,122,0,-0.13271820388322117,-0.1946525201201439,-0.12369399145245552,-0.04982956312596798
qwen2_5_vl_7b,all,rotation_median,HALL,2,122,122,0,-0.12943916798370783,-0.154020007699728,-0.12501642107963562,-0.10837707854807377
qwen2_5_vl_7b,all,rotation_median,HALL,3,122,122,0,-0.19018928297474735,-0.21871648356318474,-0.20187924802303314,-0.15676116570830345
qwen2_5_vl_7b,all,rotation_median,HALL,4,122,122,0,-0.23932393505925037,-0.2701181471347809,-0.2494816705584526,-0.2161790058016777
qwen2_5_vl_7b,all,rotation_median,HALL,5,122,122,0,-0.2852646768337391,-0.3056773617863655,-0.2883603423833847,-0.26165782660245895
qwen2_5_vl_7b,all,rotation_median,HALL,6,122,122,0,-0.3631693119885492,-0.3966374769806862,-0.3793672174215317,-0.3284318298101425
qwen2_5_vl_7b,all,rotation_median,HALL,7,122,122,0,-0.35076656326895855,-0.40208692103624344,-0.3591189384460449,-0.30721330642700195
qwen2_5_vl_7b,all,rotation_median,HALL,8,122,122,0,-0.46155328975349175,-0.5093715190887451,-0.47512446343898773,-0.43102677166461945
qwen2_5_vl_7b,all,rotation_median,HALL,9,122,122,0,-0.3644894272333286,-0.4019693210721016,-0.3783884048461914,-0.33817337453365326
qwen2_5_vl_7b,all,rotation_median,HALL,10,122,122,0,-0.5775493334551327,-0.6223435997962952,-0.5849170982837677,-0.5451574474573135
qwen2_5_vl_7b,all,rotation_median,HALL,11,122,122,0,-0.4446001006442992,-0.4768717288970947,-0.4493911415338516,-0.41902486234903336
qwen2_5_vl_7b,all,rotation_median,HALL,12,122,122,0,-0.43199961571419826,-0.46193869411945343,-0.4357773959636688,-0.4031044766306877
qwen2_5_vl_7b,all,rotation_median,HALL,13,122,122,0,-0.4184901225762289,-0.4492940753698349,-0.426935538649559,-0.40266003459692
qwen2_5_vl_7b,all,rotation_median,HALL,14,122,122,0,-0.5208922023655939,-0.5571276098489761,-0.5286866724491119,-0.49308689683675766
qwen2_5_vl_7b,all,rotation_median,HALL,15,122,122,0,-0.3105590750203758,-0.35850849002599716,-0.31197798252105713,-0.26787950098514557
qwen2_5_vl_7b,all,rotation_median,HALL,16,122,122,0,-0.3572370467371628,-0.3865126147866249,-0.36624516546726227,-0.33072198182344437
qwen2_5_vl_7b,all,rotation_median,HALL,17,122,122,0,-0.38562347410155123,-0.40314781665802,-0.38427193462848663,-0.365878701210022
qwen2_5_vl_7b,all,rotation_median,HALL,18,122,122,0,-0.3925117581594186,-0.4092877507209778,-0.39544689655303955,-0.38116925209760666
qwen2_5_vl_7b,all,rotation_median,HALL,19,122,122,0,-0.32646288356331526,-0.3484561815857887,-0.32532021403312683,-0.3074754402041435
qwen2_5_vl_7b,all,rotation_median,HALL,20,122,122,0,-0.21111223327576137,-0.23695982620120049,-0.20855560153722763,-0.1872989758849144
qwen2_5_vl_7b,all,rotation_median,HALL,21,122,122,0,-0.26051621346688664,-0.2865760177373886,-0.2544368952512741,-0.23192531242966652
qwen2_5_vl_7b,all,rotation_median,HALL,22,122,122,0,-0.15043498099338812,-0.17198465391993523,-0.1471662074327469,-0.12554847449064255
qwen2_5_vl_7b,all,rotation_median,HALL,23,122,122,0,-0.08110891542870735,-0.09977936185896397,-0.08391039818525314,-0.06859792582690716
qwen2_5_vl_7b,all,rotation_median,HALL,24,122,122,0,-0.07255007273166394,-0.08426783420145512,-0.07095064967870712,-0.059826938435435295
qwen2_5_vl_7b,all,rotation_median,HALL,25,122,122,0,-0.024901391585742994,-0.04139967355877161,-0.02589741349220276,-0.009570191614329815
qwen2_5_vl_7b,all,rotation_median,HALL,26,122,122,0,0.014324002190718244,0.0033698990591801703,0.014373343903571367,0.025018880609422922
qwen2_5_vl_7b,all,rotation_median,HALL,27,122,122,0,0.02418969748491616,-0.0012161120539531112,0.018967537209391594,0.052667681127786636
qwen2_5_vl_7b,all,rotation_median,HALL,28,122,122,0,-0.03151892665888137,-0.05141999665647745,-0.01449507661163807,0.02555307513102889
qwen2_5_vl_7b,all,input_cancellation,REAL,1,1006,1006,0,0.7817322332745281,0.7684647440910339,0.7819469273090363,0.7986611127853394
qwen2_5_vl_7b,all,input_cancellation,REAL,2,1006,1006,0,0.6295363667234037,0.5817519724369049,0.625071793794632,0.6735097765922546
qwen2_5_vl_7b,all,input_cancellation,REAL,3,1006,1006,0,0.4953161893379143,0.4532046318054199,0.4819566607475281,0.5196646004915237
qwen2_5_vl_7b,all,input_cancellation,REAL,4,1006,1006,0,0.4898874897428346,0.43996478617191315,0.4815213233232498,0.5310626178979874
qwen2_5_vl_7b,all,input_cancellation,REAL,5,1006,1006,0,0.545330953971292,0.4920020252466202,0.5366270542144775,0.5861202776432037
qwen2_5_vl_7b,all,input_cancellation,REAL,6,1006,1006,0,0.5405191400830835,0.503900870680809,0.5398395657539368,0.5734860152006149
qwen2_5_vl_7b,all,input_cancellation,REAL,7,1006,1006,0,0.5489064701508812,0.5031989365816116,0.5498103499412537,0.5959119498729706
qwen2_5_vl_7b,all,input_cancellation,REAL,8,1006,1006,0,0.4726376502698743,0.4342893436551094,0.4605274945497513,0.5038816332817078
qwen2_5_vl_7b,all,input_cancellation,REAL,9,1006,1006,0,0.45380862021659524,0.4177911505103111,0.450685515999794,0.4834384173154831
qwen2_5_vl_7b,all,input_cancellation,REAL,10,1006,1006,0,0.505082161093564,0.45116812735795975,0.49675579369068146,0.5551931858062744
qwen2_5_vl_7b,all,input_cancellation,REAL,11,1006,1006,0,0.5218827331634923,0.4902848079800606,0.5190330147743225,0.5494963973760605
qwen2_5_vl_7b,all,input_cancellation,REAL,12,1006,1006,0,0.45493099428194894,0.4269479587674141,0.4549705982208252,0.4822912663221359
qwen2_5_vl_7b,all,input_cancellation,REAL,13,1006,1006,0,0.4126593663725654,0.3808397054672241,0.4088945686817169,0.4389330595731735
qwen2_5_vl_7b,all,input_cancellation,REAL,14,1006,1006,0,0.3906767187014252,0.3592720627784729,0.38451822102069855,0.4164471849799156
qwen2_5_vl_7b,all,input_cancellation,REAL,15,1006,1006,0,0.4159217990831163,0.38031458854675293,0.4096076637506485,0.4436502754688263
qwen2_5_vl_7b,all,input_cancellation,REAL,16,1006,1006,0,0.35681152888842177,0.3253078982234001,0.34965382516384125,0.3806590288877487
qwen2_5_vl_7b,all,input_cancellation,REAL,17,1006,1006,0,0.41615116865805557,0.3765079751610756,0.40791918337345123,0.44891346246004105
qwen2_5_vl_7b,all,input_cancellation,REAL,18,1006,1006,0,0.3375821208681311,0.3069180101156235,0.3279499113559723,0.35940226167440414
qwen2_5_vl_7b,all,input_cancellation,REAL,19,1006,1006,0,0.408508194429026,0.3613015040755272,0.39888952672481537,0.4457665979862213
qwen2_5_vl_7b,all,input_cancellation,REAL,20,1006,1006,0,0.4489857366023433,0.41523509472608566,0.44251975417137146,0.4785868600010872
qwen2_5_vl_7b,all,input_cancellation,REAL,21,1006,1006,0,0.4393579490616118,0.3947475999593735,0.4314401000738144,0.4792638495564461
qwen2_5_vl_7b,all,input_cancellation,REAL,22,1006,1006,0,0.46389872297851986,0.41551730036735535,0.45839616656303406,0.5109293758869171
qwen2_5_vl_7b,all,input_cancellation,REAL,23,1006,1006,0,0.4280744584251351,0.3879219964146614,0.4205482602119446,0.46287068724632263
qwen2_5_vl_7b,all,input_cancellation,REAL,24,1006,1006,0,0.4279944981720528,0.3709384948015213,0.42339232563972473,0.4776924103498459
qwen2_5_vl_7b,all,input_cancellation,REAL,25,1006,1006,0,0.43750804298322193,0.3804384171962738,0.4291184991598129,0.4821825698018074
qwen2_5_vl_7b,all,input_cancellation,REAL,26,1006,1006,0,0.37618874759963206,0.32118216156959534,0.3694009333848953,0.42076466232538223
qwen2_5_vl_7b,all,input_cancellation,REAL,27,1006,1006,0,0.35711734102035375,0.30201413482427597,0.34245824813842773,0.40231599658727646
qwen2_5_vl_7b,all,input_cancellation,REAL,28,1006,1006,0,0.3851337958993779,0.3338317275047302,0.3776105046272278,0.42672525346279144
qwen2_5_vl_7b,all,input_cancellation,HALL,1,122,122,0,0.7842508808511203,0.7701142132282257,0.7881606817245483,0.8062593787908554
qwen2_5_vl_7b,all,input_cancellation,HALL,2,122,122,0,0.6484234787401606,0.5979969203472137,0.6446866393089294,0.6926910877227783
qwen2_5_vl_7b,all,input_cancellation,HALL,3,122,122,0,0.481557909582482,0.446145199239254,0.4784534126520157,0.5064350962638855
qwen2_5_vl_7b,all,input_cancellation,HALL,4,122,122,0,0.4528318479901455,0.41326921433210373,0.4471661448478699,0.4855174794793129
qwen2_5_vl_7b,all,input_cancellation,HALL,5,122,122,0,0.5218419078432146,0.47678206861019135,0.5090559124946594,0.5465635061264038
qwen2_5_vl_7b,all,input_cancellation,HALL,6,122,122,0,0.5230095608801139,0.48908208310604095,0.5148822367191315,0.5581272691488266
qwen2_5_vl_7b,all,input_cancellation,HALL,7,122,122,0,0.5293872295344462,0.48226263374090195,0.524491161108017,0.5709851384162903
qwen2_5_vl_7b,all,input_cancellation,HALL,8,122,122,0,0.47420548440003,0.4328954517841339,0.4645678400993347,0.5053137093782425
qwen2_5_vl_7b,all,input_cancellation,HALL,9,122,122,0,0.4363895818346836,0.39968160539865494,0.4311753809452057,0.4575786516070366
qwen2_5_vl_7b,all,input_cancellation,HALL,10,122,122,0,0.48319787348880144,0.4292014166712761,0.47171470522880554,0.5426941215991974
qwen2_5_vl_7b,all,input_cancellation,HALL,11,122,122,0,0.5340997205405938,0.4939371794462204,0.5346733033657074,0.5660676807165146
qwen2_5_vl_7b,all,input_cancellation,HALL,12,122,122,0,0.4489413560902486,0.4151914268732071,0.4430552273988724,0.47249899059534073
qwen2_5_vl_7b,all,input_cancellation,HALL,13,122,122,0,0.43624339704630805,0.3998851850628853,0.4328208416700363,0.46668383479118347
qwen2_5_vl_7b,all,input_cancellation,HALL,14,122,122,0,0.4077239131829778,0.36235156655311584,0.4023759961128235,0.44858796149492264
qwen2_5_vl_7b,all,input_cancellation,HALL,15,122,122,0,0.4402083070551763,0.39727693796157837,0.43441666662693024,0.47010763734579086
qwen2_5_vl_7b,all,input_cancellation,HALL,16,122,122,0,0.37839369939976053,0.3480672240257263,0.3706379234790802,0.40475142002105713
qwen2_5_vl_7b,all,input_cancellation,HALL,17,122,122,0,0.44015783999787,0.397323802113533,0.43157608807086945,0.4804393872618675
qwen2_5_vl_7b,all,input_cancellation,HALL,18,122,122,0,0.34429374923471545,0.31030500680208206,0.33013205230236053,0.37590356171131134
qwen2_5_vl_7b,all,input_cancellation,HALL,19,122,122,0,0.44846039326464543,0.40030794590711594,0.44129322469234467,0.49633534997701645
qwen2_5_vl_7b,all,input_cancellation,HALL,20,122,122,0,0.47375611521181515,0.4253121465444565,0.4721488058567047,0.5108390301465988
qwen2_5_vl_7b,all,input_cancellation,HALL,21,122,122,0,0.4631422416108554,0.41895899921655655,0.45431482791900635,0.5069249719381332
qwen2_5_vl_7b,all,input_cancellation,HALL,22,122,122,0,0.4953908966701539,0.4335451200604439,0.4916713088750839,0.5556263029575348
qwen2_5_vl_7b,all,input_cancellation,HALL,23,122,122,0,0.4624940599085855,0.41128750890493393,0.45707014203071594,0.5058369189500809
qwen2_5_vl_7b,all,input_cancellation,HALL,24,122,122,0,0.4535369660522117,0.3748443052172661,0.4531576782464981,0.5166615545749664
qwen2_5_vl_7b,all,input_cancellation,HALL,25,122,122,0,0.45589444407674135,0.3840165063738823,0.43827056884765625,0.5086435824632645
qwen2_5_vl_7b,all,input_cancellation,HALL,26,122,122,0,0.3682368192516389,0.30039220303297043,0.3542756736278534,0.4247751384973526
qwen2_5_vl_7b,all,input_cancellation,HALL,27,122,122,0,0.3556360656120738,0.30198586732149124,0.3475613594055176,0.4034344479441643
qwen2_5_vl_7b,all,input_cancellation,HALL,28,122,122,0,0.39123492199377935,0.3287346139550209,0.3882482945919037,0.43479879200458527
qwen2_5_vl_7b,all,cancellation_change,REAL,1,1006,1006,0,0.04843884680355292,0.015023423355648075,0.06283622974959174,0.08863589861059312
qwen2_5_vl_7b,all,cancellation_change,REAL,2,1006,1006,0,0.06362190128998173,-0.006148661658290033,0.052525343613286535,0.12429195895364797
qwen2_5_vl_7b,all,cancellation_change,REAL,3,1006,1006,0,0.11750751956848332,0.08101873890842148,0.11777603875430148,0.153027705641621
qwen2_5_vl_7b,all,cancellation_change,REAL,4,1006,1006,0,0.04577259344143669,0.011820683443888008,0.04878435452451868,0.07689069072563759
qwen2_5_vl_7b,all,cancellation_change,REAL,5,1006,1006,0,0.08913715277634789,0.05966722192487778,0.08726839074001325,0.11899549267074608
qwen2_5_vl_7b,all,cancellation_change,REAL,6,1006,1006,0,0.07411391885101976,0.04456359032782853,0.0766571848499013,0.10570602869101317
qwen2_5_vl_7b,all,cancellation_change,REAL,7,1006,1006,0,0.038512730298743934,0.021823703302101122,0.03562803013854468,0.051023759445604916
qwen2_5_vl_7b,all,cancellation_change,REAL,8,1006,1006,0,0.025424783803944754,0.00842309958085817,0.017668051582241273,0.03333636289062594
qwen2_5_vl_7b,all,cancellation_change,REAL,9,1006,1006,0,0.03322815806201652,0.01823581305130935,0.030284619629826204,0.04627041700997023
qwen2_5_vl_7b,all,cancellation_change,REAL,10,1006,1006,0,0.0716856510304222,0.015739342890207453,0.05274281284398802,0.1126737975963919
qwen2_5_vl_7b,all,cancellation_change,REAL,11,1006,1006,0,-0.012498817971851536,-0.027646821662986168,-0.013048149172300794,0.0027108752468190944
qwen2_5_vl_7b,all,cancellation_change,REAL,12,1006,1006,0,0.041364613044092786,0.024651836837281893,0.03998638745455549,0.05488049700335784
qwen2_5_vl_7b,all,cancellation_change,REAL,13,1006,1006,0,0.03364494356288476,0.017664232387514647,0.03162200003948287,0.047252568093658145
qwen2_5_vl_7b,all,cancellation_change,REAL,14,1006,1006,0,0.04959137677421089,0.03739345492262698,0.04803427365944257,0.06103976324204269
qwen2_5_vl_7b,all,cancellation_change,REAL,15,1006,1006,0,0.04238418240669758,0.02760610706659973,0.041513693633745186,0.05627071832514985
qwen2_5_vl_7b,all,cancellation_change,REAL,16,1006,1006,0,0.022815898004078492,0.0028381834364079456,0.02442413404031668,0.04315435463646532
qwen2_5_vl_7b,all,cancellation_change,REAL,17,1006,1006,0,0.04855947224612226,0.03154276258220495,0.047866517456337826,0.06324056752969248
qwen2_5_vl_7b,all,cancellation_change,REAL,18,1006,1006,0,0.019068741468525233,0.006002364168016652,0.01771607921604343,0.02925293495399478
qwen2_5_vl_7b,all,cancellation_change,REAL,19,1006,1006,0,0.02213889430633161,0.006233504442442334,0.019662281723699604,0.036132509957771036
qwen2_5_vl_7b,all,cancellation_change,REAL,20,1006,1006,0,0.06705425933335508,0.05141384626135731,0.06772212590109805,0.08345968074728657
qwen2_5_vl_7b,all,cancellation_change,REAL,21,1006,1006,0,0.039796467362785574,0.013562834018669354,0.03223237372545229,0.06474779756345107
qwen2_5_vl_7b,all,cancellation_change,REAL,22,1006,1006,0,0.10520280887276431,0.08286388030425379,0.10405682507022579,0.12377166579605464
qwen2_5_vl_7b,all,cancellation_change,REAL,23,1006,1006,0,0.04215532368687868,0.020456541933647834,0.037060198886382595,0.05950184979419809
qwen2_5_vl_7b,all,cancellation_change,REAL,24,1006,1006,0,0.13389302102129996,0.07893532913243118,0.12685296876836566,0.18323422022544458
qwen2_5_vl_7b,all,cancellation_change,REAL,25,1006,1006,0,0.022742029575290347,-0.00023877240340079708,0.022133550301668775,0.04388409933548626
qwen2_5_vl_7b,all,cancellation_change,REAL,26,1006,1006,0,0.012348448870485184,-0.009711023448845738,0.006054793010712545,0.025424885230193706
qwen2_5_vl_7b,all,cancellation_change,REAL,27,1006,1006,0,0.03591643464749317,0.01799412820952001,0.03097662084924452,0.049012261890959974
qwen2_5_vl_7b,all,cancellation_change,REAL,28,1006,1006,0,0.11485651351457019,0.07813361657005709,0.11138297433322031,0.15032519449537088
qwen2_5_vl_7b,all,cancellation_change,HALL,1,122,122,0,0.04165391346142144,0.00477743537708486,0.051303740979986856,0.07968898563425841
qwen2_5_vl_7b,all,cancellation_change,HALL,2,122,122,0,0.030850307069557017,-0.04103400196571752,0.025763978688133904,0.09334440001063893
qwen2_5_vl_7b,all,cancellation_change,HALL,3,122,122,0,0.10172874181306409,0.05655046875535916,0.10270842731507734,0.14810084790144507
qwen2_5_vl_7b,all,cancellation_change,HALL,4,122,122,0,0.03748595084067834,0.007605397851596446,0.03485238217884734,0.06830020458476055
qwen2_5_vl_7b,all,cancellation_change,HALL,5,122,122,0,0.08024516679520526,0.05493078960702105,0.08005978175494666,0.1048276821465089
qwen2_5_vl_7b,all,cancellation_change,HALL,6,122,122,0,0.058046266025050745,0.021482357552914555,0.05670873722381148,0.0891871156966092
qwen2_5_vl_7b,all,cancellation_change,HALL,7,122,122,0,0.04330228022449715,0.03131065677148359,0.0430425777601923,0.05526611215243202
qwen2_5_vl_7b,all,cancellation_change,HALL,8,122,122,0,0.023672661118979005,0.001136813278716342,0.018948199302368435,0.03361295581480521
qwen2_5_vl_7b,all,cancellation_change,HALL,9,122,122,0,0.033672417824426995,0.01816480960208064,0.0331880530548192,0.04770798005319704
qwen2_5_vl_7b,all,cancellation_change,HALL,10,122,122,0,0.07149919029055565,0.020417023386686994,0.06288705870448713,0.11066151901735519
qwen2_5_vl_7b,all,cancellation_change,HALL,11,122,122,0,-0.01336089869894328,-0.03062079269488993,-0.013893890768524264,-0.002962452057117787
qwen2_5_vl_7b,all,cancellation_change,HALL,12,122,122,0,0.03652997803514694,0.02247658816917672,0.03655978891612882,0.048859268381688845
qwen2_5_vl_7b,all,cancellation_change,HALL,13,122,122,0,0.02894359215103679,0.013155272899250475,0.027395338561315208,0.0416718933075627
qwen2_5_vl_7b,all,cancellation_change,HALL,14,122,122,0,0.053253391528317554,0.038799497175690034,0.049540573239166386,0.06461521655794285
qwen2_5_vl_7b,all,cancellation_change,HALL,15,122,122,0,0.030106180089992933,0.01707621827796693,0.02922609020348732,0.04247282972215194
qwen2_5_vl_7b,all,cancellation_change,HALL,16,122,122,0,0.015348586595815146,-0.011691937990259416,0.014721844708573018,0.03901058988897335
qwen2_5_vl_7b,all,cancellation_change,HALL,17,122,122,0,0.04247975069641116,0.025201142776418994,0.04080187844571573,0.05788305167762382
qwen2_5_vl_7b,all,cancellation_change,HALL,18,122,122,0,0.011897374543716865,-0.0048151290774614,0.01190616660819574,0.022695432426339923
qwen2_5_vl_7b,all,cancellation_change,HALL,19,122,122,0,0.01810871600999698,0.003286926467984577,0.016014653402116108,0.03153400899771544
qwen2_5_vl_7b,all,cancellation_change,HALL,20,122,122,0,0.06034883017706688,0.04165344890518945,0.06065073774999963,0.07855324310899514
qwen2_5_vl_7b,all,cancellation_change,HALL,21,122,122,0,0.016847071383602585,0.001472745002928072,0.01797311527372053,0.031196166815846124
qwen2_5_vl_7b,all,cancellation_change,HALL,22,122,122,0,0.10163509622587232,0.07588572801444408,0.10126365689941869,0.12562580796304942
qwen2_5_vl_7b,all,cancellation_change,HALL,23,122,122,0,0.04137620630212154,0.01859813237899406,0.0341714287910046,0.05892019092832229
qwen2_5_vl_7b,all,cancellation_change,HALL,24,122,122,0,0.11734430961064034,0.06948225812681937,0.11358192069601503,0.1528745866908955
qwen2_5_vl_7b,all,cancellation_change,HALL,25,122,122,0,0.012790810835781635,-0.006532133649671229,0.006538997512030964,0.03268775156353826
qwen2_5_vl_7b,all,cancellation_change,HALL,26,122,122,0,0.002889924761930206,-0.010425445277175968,0.00031005174161774507,0.01511569478875123
qwen2_5_vl_7b,all,cancellation_change,HALL,27,122,122,0,0.024346295280812245,0.00973172592169834,0.022082091281222876,0.03594811123317296
qwen2_5_vl_7b,all,cancellation_change,HALL,28,122,122,0,0.12345892837797007,0.08556136232256437,0.12480556519168606,0.16114373232778878
qwen2_5_vl_7b,train,amp_mean,REAL,1,798,798,0,1.0635582848044334,0.940975480214436,1.0635500223180423,1.1519421641530676
qwen2_5_vl_7b,train,amp_mean,REAL,2,798,798,0,0.5263840001452543,0.43142823876105385,0.501050621586588,0.608646589825292
qwen2_5_vl_7b,train,amp_mean,REAL,3,798,798,0,0.4238798074433448,0.35225432228787784,0.40292634232535945,0.46580191855335457
qwen2_5_vl_7b,train,amp_mean,REAL,4,798,798,0,0.4693462718975269,0.4238945019066326,0.47469334600981333,0.5095824154072345
qwen2_5_vl_7b,train,amp_mean,REAL,5,798,798,0,0.6416761977329505,0.5740180211099535,0.6373702427343084,0.7080232147232024
qwen2_5_vl_7b,train,amp_mean,REAL,6,798,798,0,0.6426914305924737,0.5784686784367894,0.6329885801783592,0.6946587336883805
qwen2_5_vl_7b,train,amp_mean,REAL,7,798,798,0,0.7185308876237538,0.6673745917284132,0.6927050417841558,0.7526587005690077
qwen2_5_vl_7b,train,amp_mean,REAL,8,798,798,0,0.8147591823852998,0.7543331029436613,0.7982252825928184,0.8564443048670388
qwen2_5_vl_7b,train,amp_mean,REAL,9,798,798,0,0.7268009131224759,0.6693307334156393,0.7068157390893457,0.7727253667249692
qwen2_5_vl_7b,train,amp_mean,REAL,10,798,798,0,0.892622639587955,0.828013022270259,0.8763339031227023,0.9423787064943364
qwen2_5_vl_7b,train,amp_mean,REAL,11,798,798,0,0.6600184204316379,0.6305256418977152,0.6549890961870057,0.6827739198883054
qwen2_5_vl_7b,train,amp_mean,REAL,12,798,798,0,0.6712550701892177,0.6330335920248907,0.6656255604734325,0.7038897713299926
qwen2_5_vl_7b,train,amp_mean,REAL,13,798,798,0,0.6909535021585592,0.6537789574402479,0.6797696473502612,0.7138606472139575
qwen2_5_vl_7b,train,amp_mean,REAL,14,798,798,0,0.6761814387873992,0.6428787624662038,0.6679567224461326,0.703829591249426
qwen2_5_vl_7b,train,amp_mean,REAL,15,798,798,0,0.6209872257286254,0.5911946774775163,0.6125489446011874,0.6445696845985487
qwen2_5_vl_7b,train,amp_mean,REAL,16,798,798,0,0.6121358202296127,0.5797210434080659,0.6058003220182466,0.6305930199529827
qwen2_5_vl_7b,train,amp_mean,REAL,17,798,798,0,0.6009523714360997,0.5677528674067318,0.5964815738246345,0.6263154616890486
qwen2_5_vl_7b,train,amp_mean,REAL,18,798,798,0,0.5722443917265752,0.5414697061322691,0.5659144559767271,0.5928605242200096
qwen2_5_vl_7b,train,amp_mean,REAL,19,798,798,0,0.5868501461462942,0.5537555561601651,0.5755438632343328,0.6077199723129727
qwen2_5_vl_7b,train,amp_mean,REAL,20,798,798,0,0.5208296557524026,0.49452471984892815,0.5157670593135286,0.5419777468186884
qwen2_5_vl_7b,train,amp_mean,REAL,21,798,798,0,0.568314668340953,0.537505847327056,0.565513100075258,0.5920657506558824
qwen2_5_vl_7b,train,amp_mean,REAL,22,798,798,0,0.5230855331019392,0.4892638074169288,0.5165054539211968,0.5484283508879597
qwen2_5_vl_7b,train,amp_mean,REAL,23,798,798,0,0.528933195125125,0.5063933412709092,0.5260283247165018,0.5471581473162439
qwen2_5_vl_7b,train,amp_mean,REAL,24,798,798,0,0.4833689216082339,0.43793788560103736,0.4764779614913338,0.5213294488189638
qwen2_5_vl_7b,train,amp_mean,REAL,25,798,798,0,0.4261081771326232,0.39519123845128445,0.4203279637570319,0.4475021511769639
qwen2_5_vl_7b,train,amp_mean,REAL,26,798,798,0,0.39290103180980496,0.35744778486310286,0.38524175913160963,0.41829658497315947
qwen2_5_vl_7b,train,amp_mean,REAL,27,798,798,0,0.4257439858464786,0.38958797149411284,0.42079737594866473,0.45323025910432196
qwen2_5_vl_7b,train,amp_mean,REAL,28,798,798,0,0.7599576947797521,0.6344682282978475,0.7081974502072135,0.8516503092675891
qwen2_5_vl_7b,train,amp_mean,HALL,1,108,108,0,1.0013791334693876,0.8483813584017836,0.963700810048739,1.10006789984959
qwen2_5_vl_7b,train,amp_mean,HALL,2,108,108,0,0.5150582018995981,0.43318548326326944,0.5002449740266948,0.5866889086002968
qwen2_5_vl_7b,train,amp_mean,HALL,3,108,108,0,0.427478298959151,0.3582284530681584,0.4074820654049641,0.47760465992603074
qwen2_5_vl_7b,train,amp_mean,HALL,4,108,108,0,0.47047888066521615,0.4421952502714235,0.47416332450425314,0.5068163236669713
qwen2_5_vl_7b,train,amp_mean,HALL,5,108,108,0,0.6215112413777087,0.5577733995232351,0.6167968794054013,0.6778036135493748
qwen2_5_vl_7b,train,amp_mean,HALL,6,108,108,0,0.6304258929115574,0.565509775039765,0.6424470199694461,0.6919375397829011
qwen2_5_vl_7b,train,amp_mean,HALL,7,108,108,0,0.7283818078339604,0.6684723424654773,0.7183916940060926,0.7509445771854891
qwen2_5_vl_7b,train,amp_mean,HALL,8,108,108,0,0.8278831802144283,0.766439042567616,0.8117936714508777,0.8638959830647075
qwen2_5_vl_7b,train,amp_mean,HALL,9,108,108,0,0.7349897379125088,0.6791494007719858,0.7295015402305575,0.7894359610357199
qwen2_5_vl_7b,train,amp_mean,HALL,10,108,108,0,0.8827958986005443,0.8186172208856523,0.8546534484554548,0.9352732270004254
qwen2_5_vl_7b,train,amp_mean,HALL,11,108,108,0,0.6487527412085692,0.6105480114142761,0.639837281716346,0.6698417609046484
qwen2_5_vl_7b,train,amp_mean,HALL,12,108,108,0,0.6770547042336535,0.6503429158201017,0.6709925839517799,0.7027311318961182
qwen2_5_vl_7b,train,amp_mean,HALL,13,108,108,0,0.6936063834793444,0.6670864641998155,0.690483558035514,0.7165961203647058
qwen2_5_vl_7b,train,amp_mean,HALL,14,108,108,0,0.6803525468660347,0.6522256554133763,0.6781975812674345,0.7101927158350507
qwen2_5_vl_7b,train,amp_mean,HALL,15,108,108,0,0.6263496217833205,0.5951033738514417,0.6206767905971725,0.6470746251123998
qwen2_5_vl_7b,train,amp_mean,HALL,16,108,108,0,0.6015896898530276,0.5733114183912179,0.5948945431246698,0.6197279045235228
qwen2_5_vl_7b,train,amp_mean,HALL,17,108,108,0,0.5956678103492911,0.5680362504151051,0.5938249753972926,0.6183113892039355
qwen2_5_vl_7b,train,amp_mean,HALL,18,108,108,0,0.5703157096175461,0.5452507376332593,0.5646448582262591,0.5955844430337569
qwen2_5_vl_7b,train,amp_mean,HALL,19,108,108,0,0.6006333392788834,0.5649495893585077,0.5894422248109578,0.6287561089202223
qwen2_5_vl_7b,train,amp_mean,HALL,20,108,108,0,0.5212957202772321,0.4963024438887439,0.522360888132227,0.542070140619356
qwen2_5_vl_7b,train,amp_mean,HALL,21,108,108,0,0.5675819755999751,0.5386850160779573,0.5658607307423826,0.587403217310998
qwen2_5_vl_7b,train,amp_mean,HALL,22,108,108,0,0.5346988941238024,0.5119017262861791,0.5313719136524974,0.5584989508361506
qwen2_5_vl_7b,train,amp_mean,HALL,23,108,108,0,0.5230680797709618,0.4902577756976858,0.5175094592196303,0.5449282191036571
qwen2_5_vl_7b,train,amp_mean,HALL,24,108,108,0,0.5204072116311323,0.46699883265364617,0.5059693610798683,0.5699517628654424
qwen2_5_vl_7b,train,amp_mean,HALL,25,108,108,0,0.4386422688020016,0.40821239248479646,0.43207277579553105,0.45956499270110096
qwen2_5_vl_7b,train,amp_mean,HALL,26,108,108,0,0.4120944743394974,0.3724865997222306,0.39840420993981807,0.4453449667619279
qwen2_5_vl_7b,train,amp_mean,HALL,27,108,108,0,0.4524852301050629,0.4170680909060955,0.44548827719855427,0.47138773690734537
qwen2_5_vl_7b,train,amp_mean,HALL,28,108,108,0,0.7767526370407061,0.6579509233060858,0.7130305959386558,0.8378168019674826
qwen2_5_vl_7b,train,amp_median,REAL,1,798,798,0,1.0644541933442004,0.9338764359516472,1.0677806614859948,1.1565166918787304
qwen2_5_vl_7b,train,amp_median,REAL,2,798,798,0,0.5058813761550305,0.4125387812315439,0.4813991570696461,0.588974983828666
qwen2_5_vl_7b,train,amp_median,REAL,3,798,798,0,0.4084800280210743,0.3435299501768396,0.38829513842915464,0.445011546713222
qwen2_5_vl_7b,train,amp_median,REAL,4,798,798,0,0.4573429913055612,0.4126104490873909,0.4630597221513976,0.49683653565873165
qwen2_5_vl_7b,train,amp_median,REAL,5,798,798,0,0.630446603901993,0.5650226688714001,0.6268421841791255,0.691486533028757
qwen2_5_vl_7b,train,amp_median,REAL,6,798,798,0,0.6292087562354423,0.5668110262122263,0.619803402839558,0.6840639687534327
qwen2_5_vl_7b,train,amp_median,REAL,7,798,798,0,0.7154354912778966,0.6651005377449868,0.6904642591466186,0.7477924503381698
qwen2_5_vl_7b,train,amp_median,REAL,8,798,798,0,0.8123773335052907,0.75133473744383,0.795837415583371,0.8567030461398604
qwen2_5_vl_7b,train,amp_median,REAL,9,798,798,0,0.7159675023463915,0.6590225878526402,0.6961108537912524,0.7621144857620938
qwen2_5_vl_7b,train,amp_median,REAL,10,798,798,0,0.8742978256140987,0.8188645604071412,0.8690983018715632,0.9201526652355949
qwen2_5_vl_7b,train,amp_median,REAL,11,798,798,0,0.6449221294284,0.6156280221859531,0.6403097339501392,0.6664645344897888
qwen2_5_vl_7b,train,amp_median,REAL,12,798,798,0,0.6607155598782598,0.6209906584364274,0.6546634994049032,0.6955907167405595
qwen2_5_vl_7b,train,amp_median,REAL,13,798,798,0,0.6842547710786183,0.6473278824430918,0.6736954256918197,0.7082293161685262
qwen2_5_vl_7b,train,amp_median,REAL,14,798,798,0,0.6741808194391917,0.6401493140238357,0.6647813845028949,0.702889547062379
qwen2_5_vl_7b,train,amp_median,REAL,15,798,798,0,0.6139190678396439,0.582365750972291,0.605306453408156,0.6382955999055796
qwen2_5_vl_7b,train,amp_median,REAL,16,798,798,0,0.6046516782242145,0.5711453125950616,0.5991054841493424,0.6248152887741294
qwen2_5_vl_7b,train,amp_median,REAL,17,798,798,0,0.5977265244727377,0.5658936557957186,0.592846707637168,0.6225522952527551
qwen2_5_vl_7b,train,amp_median,REAL,18,798,798,0,0.5718307282745356,0.5416405101769137,0.5647108162795371,0.5919449680893224
qwen2_5_vl_7b,train,amp_median,REAL,19,798,798,0,0.5827167756929971,0.5499742615582763,0.5721429807332752,0.6037302069548082
qwen2_5_vl_7b,train,amp_median,REAL,20,798,798,0,0.5094440800343907,0.4834532497631133,0.5046991729413739,0.5294369122866805
qwen2_5_vl_7b,train,amp_median,REAL,21,798,798,0,0.5614298067736777,0.5329816410676169,0.5575211233646451,0.5847712283912148
qwen2_5_vl_7b,train,amp_median,REAL,22,798,798,0,0.5129341112950758,0.4798283293421056,0.5079189710550817,0.5365014183812185
qwen2_5_vl_7b,train,amp_median,REAL,23,798,798,0,0.5207494361107424,0.49903429618327505,0.5188637169845187,0.5392594394155867
qwen2_5_vl_7b,train,amp_median,REAL,24,798,798,0,0.4500216629819136,0.40923473381106446,0.4420353130709353,0.4824033478976669
qwen2_5_vl_7b,train,amp_median,REAL,25,798,798,0,0.4204979151755205,0.3902663563099462,0.4146326746551342,0.44263161651333877
qwen2_5_vl_7b,train,amp_median,REAL,26,798,798,0,0.37370411322886604,0.34148711863392706,0.36768179839796367,0.3937788805871752
qwen2_5_vl_7b,train,amp_median,REAL,27,798,798,0,0.41333517069359904,0.3793649839832455,0.4080423684792074,0.43849606143897296
qwen2_5_vl_7b,train,amp_median,REAL,28,798,798,0,0.7002748102083536,0.5849884727795067,0.6375770594826375,0.7677810551155085
qwen2_5_vl_7b,train,amp_median,HALL,1,108,108,0,0.9998017863076517,0.8443873635508123,0.9559498078526512,1.1120671446730033
qwen2_5_vl_7b,train,amp_median,HALL,2,108,108,0,0.48994725558838126,0.40498805285752165,0.4785843904398893,0.5468148398195061
qwen2_5_vl_7b,train,amp_median,HALL,3,108,108,0,0.4118502164594752,0.3486163614636654,0.3953265559711079,0.4566134621514032
qwen2_5_vl_7b,train,amp_median,HALL,4,108,108,0,0.4601649351319952,0.4324316781263746,0.4621420940815992,0.4968221909720896
qwen2_5_vl_7b,train,amp_median,HALL,5,108,108,0,0.6125314087510659,0.54939055176553,0.6126997909628968,0.662608043758855
qwen2_5_vl_7b,train,amp_median,HALL,6,108,108,0,0.6172313010912952,0.5560367585942732,0.6325663967204604,0.6748649132743938
qwen2_5_vl_7b,train,amp_median,HALL,7,108,108,0,0.7249054740513959,0.66848531803088,0.7142145999218339,0.7469567270066289
qwen2_5_vl_7b,train,amp_median,HALL,8,108,108,0,0.8262804389661377,0.767287256578321,0.809987524003893,0.8575461306178178
qwen2_5_vl_7b,train,amp_median,HALL,9,108,108,0,0.72405315074989,0.6710493703089702,0.7159082606296159,0.7826444996164215
qwen2_5_vl_7b,train,amp_median,HALL,10,108,108,0,0.8568950802316296,0.7967921230955365,0.845593687450917,0.8984177723309167
qwen2_5_vl_7b,train,amp_median,HALL,11,108,108,0,0.6309947607418713,0.598285804217871,0.6253464460196141,0.6589548127689614
qwen2_5_vl_7b,train,amp_median,HALL,12,108,108,0,0.6675234687852301,0.6406612804974028,0.6610006548017253,0.6995664182840269
qwen2_5_vl_7b,train,amp_median,HALL,13,108,108,0,0.688321830671486,0.6616722809587645,0.6876531709309698,0.7119823889724709
qwen2_5_vl_7b,train,amp_median,HALL,14,108,108,0,0.6809182442445406,0.6534446644534874,0.6790456235938409,0.705935667489224
qwen2_5_vl_7b,train,amp_median,HALL,15,108,108,0,0.6207908792611968,0.5912502897346908,0.6175779178779103,0.6396705744923041
qwen2_5_vl_7b,train,amp_median,HALL,16,108,108,0,0.5935336005635918,0.5657261176825766,0.5878515224860352,0.6141860634342314
qwen2_5_vl_7b,train,amp_median,HALL,17,108,108,0,0.594011593300601,0.5663572552506269,0.5919799805837991,0.614927854722983
qwen2_5_vl_7b,train,amp_median,HALL,18,108,108,0,0.5710763620519855,0.5437157517663401,0.5636940789178015,0.5967228036888819
qwen2_5_vl_7b,train,amp_median,HALL,19,108,108,0,0.5978642611997126,0.5621449803408106,0.5912321281468813,0.6233901154194629
qwen2_5_vl_7b,train,amp_median,HALL,20,108,108,0,0.5123132523439684,0.48728510012848364,0.5114682537640334,0.5335873979112231
qwen2_5_vl_7b,train,amp_median,HALL,21,108,108,0,0.5618913957892614,0.5325779961667776,0.5612882574089761,0.582020844594757
qwen2_5_vl_7b,train,amp_median,HALL,22,108,108,0,0.522399918214706,0.5006796638617326,0.5189047982423439,0.5457104598949591
qwen2_5_vl_7b,train,amp_median,HALL,23,108,108,0,0.5139232405085215,0.48439930316941765,0.510021708091037,0.532097828157328
qwen2_5_vl_7b,train,amp_median,HALL,24,108,108,0,0.48677460008360735,0.43335082240038214,0.47301581788483954,0.5211969055696091
qwen2_5_vl_7b,train,amp_median,HALL,25,108,108,0,0.4332887113339447,0.40645427651956384,0.4264969978130017,0.45267418693220424
qwen2_5_vl_7b,train,amp_median,HALL,26,108,108,0,0.39093631550873015,0.36040173299414047,0.38061896860155864,0.41698191743187146
qwen2_5_vl_7b,train,amp_median,HALL,27,108,108,0,0.43529797846537444,0.40519374772764966,0.42984137498836694,0.4560637218248091
qwen2_5_vl_7b,train,amp_median,HALL,28,108,108,0,0.7186410312570013,0.6048795410047617,0.6421399625263714,0.7816307181809257
qwen2_5_vl_7b,train,amp_fraction_gt1,REAL,1,798,798,0,0.5963046722453338,0.2512787723785166,0.7307065217391304,0.9246376811594202
qwen2_5_vl_7b,train,amp_fraction_gt1,REAL,2,798,798,0,0.028886406605531507,0.0,0.0,0.02557544757033248
qwen2_5_vl_7b,train,amp_fraction_gt1,REAL,3,798,798,0,0.004233723513574907,0.0,0.0,0.0
qwen2_5_vl_7b,train,amp_fraction_gt1,REAL,4,798,798,0,0.0033328076714324254,0.0,0.0,0.0025575447570332483
qwen2_5_vl_7b,train,amp_fraction_gt1,REAL,5,798,798,0,0.014751603866140252,0.0,0.0,0.014492753623188406
qwen2_5_vl_7b,train,amp_fraction_gt1,REAL,6,798,798,0,0.016886673145728948,0.0,0.0,0.010230179028132993
qwen2_5_vl_7b,train,amp_fraction_gt1,REAL,7,798,798,0,0.013982921013554897,0.0,0.0,0.0
qwen2_5_vl_7b,train,amp_fraction_gt1,REAL,8,798,798,0,0.06816860009128684,0.0,0.0,0.023583662714097495
qwen2_5_vl_7b,train,amp_fraction_gt1,REAL,9,798,798,0,0.027358318823423985,0.0,0.0,0.005044046604148906
qwen2_5_vl_7b,train,amp_fraction_gt1,REAL,10,798,798,0,0.19862091868142226,0.032225063938618924,0.12676241064987867,0.2961352657004831
qwen2_5_vl_7b,train,amp_fraction_gt1,REAL,11,798,798,0,0.010824394380008371,0.0,0.002898550724637681,0.011594202898550725
qwen2_5_vl_7b,train,amp_fraction_gt1,REAL,12,798,798,0,0.0018667214255946444,0.0,0.0,0.0
qwen2_5_vl_7b,train,amp_fraction_gt1,REAL,13,798,798,0,0.004338972768605749,0.0,0.0,0.0
qwen2_5_vl_7b,train,amp_fraction_gt1,REAL,14,798,798,0,0.0012642752120895127,0.0,0.0,0.0
qwen2_5_vl_7b,train,amp_fraction_gt1,REAL,15,798,798,0,0.0002914942827283384,0.0,0.0,0.0
qwen2_5_vl_7b,train,amp_fraction_gt1,REAL,16,798,798,0,0.0003887728102174646,0.0,0.0,0.0
qwen2_5_vl_7b,train,amp_fraction_gt1,REAL,17,798,798,0,9.898106073647228e-05,0.0,0.0,0.0
qwen2_5_vl_7b,train,amp_fraction_gt1,REAL,18,798,798,0,2.8485050168581806e-05,0.0,0.0,0.0
qwen2_5_vl_7b,train,amp_fraction_gt1,REAL,19,798,798,0,0.0005858599220567519,0.0,0.0,0.0
qwen2_5_vl_7b,train,amp_fraction_gt1,REAL,20,798,798,0,4.130541887978959e-05,0.0,0.0,0.0
qwen2_5_vl_7b,train,amp_fraction_gt1,REAL,21,798,798,0,0.0004003672745784057,0.0,0.0,0.0
qwen2_5_vl_7b,train,amp_fraction_gt1,REAL,22,798,798,0,0.0009071647138423469,0.0,0.0,0.0
qwen2_5_vl_7b,train,amp_fraction_gt1,REAL,23,798,798,0,0.0011580086192805215,0.0,0.0,0.0
qwen2_5_vl_7b,train,amp_fraction_gt1,REAL,24,798,798,0,0.01073873150368981,0.0,0.0,0.011594202898550725
qwen2_5_vl_7b,train,amp_fraction_gt1,REAL,25,798,798,0,4.312951033973539e-05,0.0,0.0,0.0
qwen2_5_vl_7b,train,amp_fraction_gt1,REAL,26,798,798,0,0.00023792787535584426,0.0,0.0,0.0
qwen2_5_vl_7b,train,amp_fraction_gt1,REAL,27,798,798,0,0.0005296011920047014,0.0,0.0,0.0
qwen2_5_vl_7b,train,amp_fraction_gt1,REAL,28,798,798,0,0.17566924527827113,0.044082125603864736,0.10559271646228167,0.2657278072879096
qwen2_5_vl_7b,train,amp_fraction_gt1,HALL,1,108,108,0,0.43468595742374627,0.03054298642533937,0.35643648763853364,0.8152173913043479
qwen2_5_vl_7b,train,amp_fraction_gt1,HALL,2,108,108,0,0.03194982154730435,0.0,0.0,0.0283461210571185
qwen2_5_vl_7b,train,amp_fraction_gt1,HALL,3,108,108,0,0.0033161690154680586,0.0,0.0,0.0
qwen2_5_vl_7b,train,amp_fraction_gt1,HALL,4,108,108,0,0.002027327188443195,0.0,0.0,0.0
qwen2_5_vl_7b,train,amp_fraction_gt1,HALL,5,108,108,0,0.010189397589425607,0.0,0.0,0.005797101449275362
qwen2_5_vl_7b,train,amp_fraction_gt1,HALL,6,108,108,0,0.011336004121623531,0.0,0.0,0.005900621118012423
qwen2_5_vl_7b,train,amp_fraction_gt1,HALL,7,108,108,0,0.017684039600131467,0.0,0.0,0.0
qwen2_5_vl_7b,train,amp_fraction_gt1,HALL,8,108,108,0,0.08535924009044658,0.0,0.0,0.014252983802216538
qwen2_5_vl_7b,train,amp_fraction_gt1,HALL,9,108,108,0,0.018941377481630557,0.0,0.0,0.007066899986539238
qwen2_5_vl_7b,train,amp_fraction_gt1,HALL,10,108,108,0,0.18295487644500727,0.03563327032136106,0.10588235294117647,0.24180602006688964
qwen2_5_vl_7b,train,amp_fraction_gt1,HALL,11,108,108,0,0.012795798309961779,0.0,0.0,0.010508173023462694
qwen2_5_vl_7b,train,amp_fraction_gt1,HALL,12,108,108,0,0.0010693812655157833,0.0,0.0,0.0
qwen2_5_vl_7b,train,amp_fraction_gt1,HALL,13,108,108,0,0.00034833579164354956,0.0,0.0,0.0
qwen2_5_vl_7b,train,amp_fraction_gt1,HALL,14,108,108,0,0.0008733360046469832,0.0,0.0,0.0
qwen2_5_vl_7b,train,amp_fraction_gt1,HALL,15,108,108,0,3.09674222717701e-05,0.0,0.0,0.0
qwen2_5_vl_7b,train,amp_fraction_gt1,HALL,16,108,108,0,1.7503325631870055e-05,0.0,0.0,0.0
qwen2_5_vl_7b,train,amp_fraction_gt1,HALL,17,108,108,0,0.0,0.0,0.0,0.0
qwen2_5_vl_7b,train,amp_fraction_gt1,HALL,18,108,108,0,0.0,0.0,0.0,0.0
qwen2_5_vl_7b,train,amp_fraction_gt1,HALL,19,108,108,0,0.0,0.0,0.0,0.0
qwen2_5_vl_7b,train,amp_fraction_gt1,HALL,20,108,108,0,0.0,0.0,0.0,0.0
qwen2_5_vl_7b,train,amp_fraction_gt1,HALL,21,108,108,0,2.6838432635534087e-05,0.0,0.0,0.0
qwen2_5_vl_7b,train,amp_fraction_gt1,HALL,22,108,108,0,0.001341636583064072,0.0,0.0,0.0
qwen2_5_vl_7b,train,amp_fraction_gt1,HALL,23,108,108,0,0.0014971825818919854,0.0,0.0,0.0
qwen2_5_vl_7b,train,amp_fraction_gt1,HALL,24,108,108,0,0.018506582952453353,0.0,0.0025575447570332483,0.01815856777493606
qwen2_5_vl_7b,train,amp_fraction_gt1,HALL,25,108,108,0,2.3680969972530078e-05,0.0,0.0,0.0
qwen2_5_vl_7b,train,amp_fraction_gt1,HALL,26,108,108,0,0.0005945051128341837,0.0,0.0,0.0
qwen2_5_vl_7b,train,amp_fraction_gt1,HALL,27,108,108,0,0.002062859399712961,0.0,0.0,0.0
qwen2_5_vl_7b,train,amp_fraction_gt1,HALL,28,108,108,0,0.1876177444917212,0.05608837737993748,0.09241261722080137,0.23900255754475702
qwen2_5_vl_7b,train,gross_gain,REAL,1,798,798,0,1.12512958083352,1.0050810238259218,1.1363323482384495,1.221196720870205
qwen2_5_vl_7b,train,gross_gain,REAL,2,798,798,0,0.43286755822406975,0.3676891302581711,0.41333848065641754,0.4756340581794926
qwen2_5_vl_7b,train,gross_gain,REAL,3,798,798,0,0.44873804063951533,0.36994821650188714,0.42250297447954477,0.5005940644566187
qwen2_5_vl_7b,train,gross_gain,REAL,4,798,798,0,0.49388564031512894,0.44218821113823303,0.49446350021248997,0.5385329224344634
qwen2_5_vl_7b,train,gross_gain,REAL,5,798,798,0,0.6542200263389766,0.5789657820271429,0.6471899718599217,0.710339205271298
qwen2_5_vl_7b,train,gross_gain,REAL,6,798,798,0,0.6484460699851576,0.5934175989602305,0.6402737180373508,0.688963946101375
qwen2_5_vl_7b,train,gross_gain,REAL,7,798,798,0,0.7371853404093621,0.6810560555730637,0.7120978868291237,0.774453831473187
qwen2_5_vl_7b,train,gross_gain,REAL,8,798,798,0,0.848285500565879,0.7860121362089509,0.8257383608495179,0.8951957003697765
qwen2_5_vl_7b,train,gross_gain,REAL,9,798,798,0,0.7799772705961115,0.7157777056914227,0.7676852860715475,0.8336594168199833
qwen2_5_vl_7b,train,gross_gain,REAL,10,798,798,0,1.002703723917211,0.8996871318736959,0.9610606152216775,1.0610341966664907
qwen2_5_vl_7b,train,gross_gain,REAL,11,798,798,0,0.6831133287350775,0.6508529737056762,0.6757691087319964,0.7083169937644206
qwen2_5_vl_7b,train,gross_gain,REAL,12,798,798,0,0.727651921844573,0.6941534870449191,0.7210232147758628,0.7558900397300398
qwen2_5_vl_7b,train,gross_gain,REAL,13,798,798,0,0.7268192362959995,0.6915065824838975,0.7213258971062672,0.7504485100906232
qwen2_5_vl_7b,train,gross_gain,REAL,14,798,798,0,0.7155147234429102,0.6752710108508264,0.7056582265351337,0.7493699957654283
qwen2_5_vl_7b,train,gross_gain,REAL,15,798,798,0,0.67229326773176,0.6397772668404961,0.6644414145337717,0.699061356379309
qwen2_5_vl_7b,train,gross_gain,REAL,16,798,798,0,0.6611524435310581,0.629094427780805,0.6548763943266767,0.6808617799879051
qwen2_5_vl_7b,train,gross_gain,REAL,17,798,798,0,0.6729824738218214,0.6366835515767921,0.6672488863575409,0.7038187258647565
qwen2_5_vl_7b,train,gross_gain,REAL,18,798,798,0,0.5903525207061526,0.5545249018288899,0.5813131976505687,0.6156277968635715
qwen2_5_vl_7b,train,gross_gain,REAL,19,798,798,0,0.607733880098888,0.5652241409011797,0.5908992341084305,0.635723735752424
qwen2_5_vl_7b,train,gross_gain,REAL,20,798,798,0,0.5993426598483044,0.5658355230214538,0.5961643605159344,0.6269749843185943
qwen2_5_vl_7b,train,gross_gain,REAL,21,798,798,0,0.6177667650241999,0.5751093196276619,0.614052680855937,0.6578226408652174
qwen2_5_vl_7b,train,gross_gain,REAL,22,798,798,0,0.584941401180486,0.5416757698218482,0.5770344330026851,0.6177779717808938
qwen2_5_vl_7b,train,gross_gain,REAL,23,798,798,0,0.5727978867972244,0.54098216949535,0.5659590807163993,0.597185239766991
qwen2_5_vl_7b,train,gross_gain,REAL,24,798,798,0,0.5456086122130194,0.47690484381523246,0.5314003940062969,0.6007626048038569
qwen2_5_vl_7b,train,gross_gain,REAL,25,798,798,0,0.42281832791563023,0.391425350563513,0.41544787880305767,0.44600243071279777
qwen2_5_vl_7b,train,gross_gain,REAL,26,798,798,0,0.38513221537492837,0.35726482436164697,0.3769058960990329,0.4058701745004265
qwen2_5_vl_7b,train,gross_gain,REAL,27,798,798,0,0.43829709316345294,0.4006090418013859,0.43046000005474594,0.46887704389192764
qwen2_5_vl_7b,train,gross_gain,REAL,28,798,798,0,0.6852940364325845,0.5953463884107049,0.6590789718499659,0.745265443508697
qwen2_5_vl_7b,train,gross_gain,HALL,1,108,108,0,1.0617995740715718,0.88968605693324,1.039627415704226,1.1832952626321283
qwen2_5_vl_7b,train,gross_gain,HALL,2,108,108,0,0.4211530389497102,0.35387152668351174,0.403629794822043,0.47307430612189866
qwen2_5_vl_7b,train,gross_gain,HALL,3,108,108,0,0.44613360064885726,0.39023935609656235,0.4273567809093243,0.48641203591889315
qwen2_5_vl_7b,train,gross_gain,HALL,4,108,108,0,0.48549846732908725,0.4478865056066253,0.489004566653224,0.5215524688177425
qwen2_5_vl_7b,train,gross_gain,HALL,5,108,108,0,0.6329809390904443,0.5780509967460413,0.6319591975292763,0.67449869625743
qwen2_5_vl_7b,train,gross_gain,HALL,6,108,108,0,0.6366235858868475,0.5791586591727861,0.6438769859299238,0.6900102562987638
qwen2_5_vl_7b,train,gross_gain,HALL,7,108,108,0,0.741235368635157,0.6857491751137419,0.7228903417227672,0.777772215107078
qwen2_5_vl_7b,train,gross_gain,HALL,8,108,108,0,0.8600538030742101,0.7942984500495803,0.8389257622433288,0.8881359199468758
qwen2_5_vl_7b,train,gross_gain,HALL,9,108,108,0,0.7822365928351993,0.7196788865875929,0.7740449445354217,0.84834754984109
qwen2_5_vl_7b,train,gross_gain,HALL,10,108,108,0,1.0028294100407622,0.8887220820969323,0.9314772178798437,1.055005112448226
qwen2_5_vl_7b,train,gross_gain,HALL,11,108,108,0,0.6653742311585938,0.6205338105418057,0.6534631680590584,0.7045063525077842
qwen2_5_vl_7b,train,gross_gain,HALL,12,108,108,0,0.7293281309998249,0.6982811999311376,0.7266236460252864,0.7578218266750987
qwen2_5_vl_7b,train,gross_gain,HALL,13,108,108,0,0.7182641922128483,0.6892555249359013,0.7164827731769592,0.7420496805566053
qwen2_5_vl_7b,train,gross_gain,HALL,14,108,108,0,0.7261754807701005,0.6864296965549432,0.7256995511865463,0.760846172921158
qwen2_5_vl_7b,train,gross_gain,HALL,15,108,108,0,0.6724842792950654,0.6373815845308489,0.664195399027554,0.695782144044433
qwen2_5_vl_7b,train,gross_gain,HALL,16,108,108,0,0.652432481091018,0.6152250932431278,0.6495801531482212,0.6776479778286827
qwen2_5_vl_7b,train,gross_gain,HALL,17,108,108,0,0.6625496314398667,0.6329320598493811,0.6598000997533687,0.6898715605006701
qwen2_5_vl_7b,train,gross_gain,HALL,18,108,108,0,0.5800099753338107,0.5518577283462436,0.5737640781276263,0.6068979970487063
qwen2_5_vl_7b,train,gross_gain,HALL,19,108,108,0,0.6213762438192267,0.5748377465381326,0.6134216758786306,0.6636295094926176
qwen2_5_vl_7b,train,gross_gain,HALL,20,108,108,0,0.5963200114042481,0.5642256645185942,0.5863184241482815,0.6222001613446673
qwen2_5_vl_7b,train,gross_gain,HALL,21,108,108,0,0.5920085699817482,0.5591879924954783,0.5850999582344576,0.6217934253105726
qwen2_5_vl_7b,train,gross_gain,HALL,22,108,108,0,0.6089072669360758,0.5660059997345517,0.6049972203514721,0.6396113653560701
qwen2_5_vl_7b,train,gross_gain,HALL,23,108,108,0,0.5660881086502714,0.520094480707828,0.5499256532947114,0.5953044433170306
qwen2_5_vl_7b,train,gross_gain,HALL,24,108,108,0,0.5753603833241808,0.4891387819776374,0.547281446033464,0.6535147902111225
qwen2_5_vl_7b,train,gross_gain,HALL,25,108,108,0,0.4266330941989429,0.38991470774587833,0.42496643477785034,0.44817540176742016
qwen2_5_vl_7b,train,gross_gain,HALL,26,108,108,0,0.3833837797399389,0.360415807979251,0.37472399693103386,0.3952948067042159
qwen2_5_vl_7b,train,gross_gain,HALL,27,108,108,0,0.45067656308445647,0.4181000241757199,0.43610237932845164,0.4765094625576095
qwen2_5_vl_7b,train,gross_gain,HALL,28,108,108,0,0.7075824619793766,0.604936419963124,0.6685622309780841,0.8022456965971511
qwen2_5_vl_7b,train,cancellation,REAL,1,798,798,0,0.829877115097737,0.7981070557998247,0.8475871262198149,0.871404638809832
qwen2_5_vl_7b,train,cancellation,REAL,2,798,798,0,0.6937310957860067,0.6392769501036574,0.7048456694893341,0.7544026004223969
qwen2_5_vl_7b,train,cancellation,REAL,3,798,798,0,0.614077733621708,0.5577701223524224,0.6065772784180274,0.6647811565105777
qwen2_5_vl_7b,train,cancellation,REAL,4,798,798,0,0.5371075818864256,0.4716561146363816,0.5350270298266344,0.6047175156130564
qwen2_5_vl_7b,train,cancellation,REAL,5,798,798,0,0.6356353874978751,0.5838586339804341,0.6324810103674046,0.6888232696536347
qwen2_5_vl_7b,train,cancellation,REAL,6,798,798,0,0.615170274816076,0.5807269700868255,0.6226726343445146,0.6583219289970482
qwen2_5_vl_7b,train,cancellation,REAL,7,798,798,0,0.5888822143166745,0.5425706158218125,0.5860538067639129,0.6367686988583228
qwen2_5_vl_7b,train,cancellation,REAL,8,798,798,0,0.4982632649051459,0.44672163243720325,0.47982425281529884,0.5413936882057113
qwen2_5_vl_7b,train,cancellation,REAL,9,798,798,0,0.48798892763569557,0.4469882890588706,0.4808388574720538,0.5267713515840493
qwen2_5_vl_7b,train,cancellation,REAL,10,798,798,0,0.5771991979774326,0.4917883771475431,0.5622034782552754,0.6462424636940527
qwen2_5_vl_7b,train,cancellation,REAL,11,798,798,0,0.511060273280624,0.4765681302099785,0.5094894115150399,0.5414043687900687
qwen2_5_vl_7b,train,cancellation,REAL,12,798,798,0,0.49451368427865544,0.4628974799526542,0.4966007375156217,0.5264670240266357
qwen2_5_vl_7b,train,cancellation,REAL,13,798,798,0,0.4471523801337824,0.411909695983125,0.44428609338861236,0.4822693006302928
qwen2_5_vl_7b,train,cancellation,REAL,14,798,798,0,0.4421984530370035,0.4050853665584315,0.43688804865066644,0.47367106658348995
qwen2_5_vl_7b,train,cancellation,REAL,15,798,798,0,0.4591875144241172,0.419858471989616,0.4542838235394832,0.48958560596915834
qwen2_5_vl_7b,train,cancellation,REAL,16,798,798,0,0.38138259950938924,0.33925084864134025,0.37572315210381485,0.41618022030396057
qwen2_5_vl_7b,train,cancellation,REAL,17,798,798,0,0.46449984639575614,0.4217629470856338,0.460238002090559,0.5039827198616482
qwen2_5_vl_7b,train,cancellation,REAL,18,798,798,0,0.3565760414428154,0.32199749089605484,0.34453658744435867,0.381438462928169
qwen2_5_vl_7b,train,cancellation,REAL,19,798,798,0,0.4321489117172602,0.38123748508620214,0.42091442611618596,0.47242612113277455
qwen2_5_vl_7b,train,cancellation,REAL,20,798,798,0,0.5163197424060071,0.47510286667804524,0.513039002752917,0.5546769520288204
qwen2_5_vl_7b,train,cancellation,REAL,21,798,798,0,0.4800971648147599,0.43082358689608835,0.47547011707713926,0.5261347335892935
qwen2_5_vl_7b,train,cancellation,REAL,22,798,798,0,0.5729900971108928,0.5103506906190435,0.5721316751449297,0.6347128136493816
qwen2_5_vl_7b,train,cancellation,REAL,23,798,798,0,0.47254375818472527,0.4238337505276151,0.4630371728254554,0.5141902574903319
qwen2_5_vl_7b,train,cancellation,REAL,24,798,798,0,0.5640363730759838,0.46971511484921674,0.5582030433111107,0.6563622490006754
qwen2_5_vl_7b,train,cancellation,REAL,25,798,798,0,0.4628106138157513,0.4020977330410616,0.45476069438220557,0.5091258022619447
qwen2_5_vl_7b,train,cancellation,REAL,26,798,798,0,0.38807085985062467,0.3297584275190173,0.3758080811746445,0.43804635030389016
qwen2_5_vl_7b,train,cancellation,REAL,27,798,798,0,0.39202279860533645,0.3245997327438795,0.37733886086106916,0.4484752272150733
qwen2_5_vl_7b,train,cancellation,REAL,28,798,798,0,0.4999414829564258,0.44633388153651354,0.4938935789627825,0.5481857927340631
qwen2_5_vl_7b,train,cancellation,HALL,1,108,108,0,0.8241994861474318,0.7942877118312264,0.8389728657186286,0.8796511106588367
qwen2_5_vl_7b,train,cancellation,HALL,2,108,108,0,0.6775520778266371,0.6144483232432761,0.6844429408698485,0.7425532134801416
qwen2_5_vl_7b,train,cancellation,HALL,3,108,108,0,0.5832614606220926,0.523343867832105,0.5734086061717893,0.637784355101868
qwen2_5_vl_7b,train,cancellation,HALL,4,108,108,0,0.49409163602996947,0.43220955022310875,0.4976520552150019,0.5506314668873371
qwen2_5_vl_7b,train,cancellation,HALL,5,108,108,0,0.6070978339056686,0.5580267479806906,0.600264645514283,0.6383874639042924
qwen2_5_vl_7b,train,cancellation,HALL,6,108,108,0,0.5800234748222652,0.5222744134349158,0.5838364432475717,0.6367459932077894
qwen2_5_vl_7b,train,cancellation,HALL,7,108,108,0,0.5758788928083545,0.5329182413852501,0.5753564128052322,0.608618031152199
qwen2_5_vl_7b,train,cancellation,HALL,8,108,108,0,0.4980987867460151,0.43930375262584576,0.47637429917300267,0.5684206572567474
qwen2_5_vl_7b,train,cancellation,HALL,9,108,108,0,0.46959314986940265,0.4264157174461458,0.4608599347372917,0.5005622533712802
qwen2_5_vl_7b,train,cancellation,HALL,10,108,108,0,0.562422464444386,0.46515988952706283,0.5519260813251865,0.6698747077138957
qwen2_5_vl_7b,train,cancellation,HALL,11,108,108,0,0.5242318876917196,0.4921097755181395,0.5215964551735288,0.5525115136663229
qwen2_5_vl_7b,train,cancellation,HALL,12,108,108,0,0.4842478761102491,0.4470421044396087,0.47988757191756576,0.5161464766591417
qwen2_5_vl_7b,train,cancellation,HALL,13,108,108,0,0.46260745277892384,0.4251662206537719,0.460938303941041,0.4975457495892149
qwen2_5_vl_7b,train,cancellation,HALL,14,108,108,0,0.45915334187249573,0.41316901247834303,0.45441543742613416,0.5085576415238278
qwen2_5_vl_7b,train,cancellation,HALL,15,108,108,0,0.46748943590077646,0.418315020349602,0.45436634292833855,0.5093287922947439
qwen2_5_vl_7b,train,cancellation,HALL,16,108,108,0,0.3934952441800642,0.3634296492870908,0.3928289806420031,0.42803283355708294
qwen2_5_vl_7b,train,cancellation,HALL,17,108,108,0,0.48456119538687115,0.4281881234865871,0.4761876142162688,0.5328478797096271
qwen2_5_vl_7b,train,cancellation,HALL,18,108,108,0,0.35689726821716006,0.3201236244155747,0.35262813731537257,0.38664226683072456
qwen2_5_vl_7b,train,cancellation,HALL,19,108,108,0,0.4658157522630572,0.40264104029581227,0.46261348852361817,0.524240529316728
qwen2_5_vl_7b,train,cancellation,HALL,20,108,108,0,0.5345120281885907,0.48181729719148114,0.5382337104351369,0.5848246828548264
qwen2_5_vl_7b,train,cancellation,HALL,21,108,108,0,0.481149545720195,0.4349943879149571,0.4705787129183981,0.52745227360892
qwen2_5_vl_7b,train,cancellation,HALL,22,108,108,0,0.604283127386723,0.5355967703338521,0.5985470940444533,0.6743539137128571
qwen2_5_vl_7b,train,cancellation,HALL,23,108,108,0,0.5063128177820069,0.44565052505154995,0.5041986683462942,0.5590646516767963
qwen2_5_vl_7b,train,cancellation,HALL,24,108,108,0,0.5769130598441442,0.47868286587708725,0.5748546739445656,0.6779909569486408
qwen2_5_vl_7b,train,cancellation,HALL,25,108,108,0,0.46682414930709537,0.40081648487269506,0.44994487960409013,0.5208362873844375
qwen2_5_vl_7b,train,cancellation,HALL,26,108,108,0,0.3752084037756101,0.3107915317493707,0.3713859390272145,0.43112757937964263
qwen2_5_vl_7b,train,cancellation,HALL,27,108,108,0,0.3819560240187292,0.3184036497252652,0.3721333861846998,0.43671367627160806
qwen2_5_vl_7b,train,cancellation,HALL,28,108,108,0,0.5153264543664858,0.4446319311368835,0.5240207059149784,0.5759758385848478
qwen2_5_vl_7b,train,closure,REAL,1,798,798,0,2.496237714564943e-06,1.4368622203164705e-06,2.0459166307773557e-06,3.1214312343763595e-06
qwen2_5_vl_7b,train,closure,REAL,2,798,798,0,9.20271868170103e-06,5.142858867657196e-06,7.60617399464536e-06,1.1513607660162961e-05
qwen2_5_vl_7b,train,closure,REAL,3,798,798,0,1.5087170692667836e-05,8.340118483829428e-06,1.2161376616859343e-05,1.847851490310859e-05
qwen2_5_vl_7b,train,closure,REAL,4,798,798,0,9.558384769284397e-06,3.7203496390247892e-06,7.320807981159305e-06,1.2210289014547016e-05
qwen2_5_vl_7b,train,closure,REAL,5,798,798,0,7.407832657662468e-06,3.2126947644428583e-06,5.1158790483896155e-06,9.391843605044414e-06
qwen2_5_vl_7b,train,closure,REAL,6,798,798,0,3.962563352318223e-06,2.061194493307994e-06,2.9055722734483425e-06,4.80698065530305e-06
qwen2_5_vl_7b,train,closure,REAL,7,798,798,0,6.508378756383568e-06,2.639686726979562e-06,4.504737717070384e-06,7.601901188536431e-06
qwen2_5_vl_7b,train,closure,REAL,8,798,798,0,4.9012311268128274e-06,2.360491066610848e-06,3.305447762613767e-06,5.576680223384756e-06
qwen2_5_vl_7b,train,closure,REAL,9,798,798,0,2.691390419183283e-06,1.3578850541762222e-06,1.8011652969107672e-06,3.066963074616069e-06
qwen2_5_vl_7b,train,closure,REAL,10,798,798,0,2.9881756641525453e-05,1.1443672747191158e-06,1.7647492427386169e-06,5.973702513983881e-06
qwen2_5_vl_7b,train,closure,REAL,11,798,798,0,3.2701739652615184e-06,2.0107955833736924e-06,2.7768750214818283e-06,4.060782202941482e-06
qwen2_5_vl_7b,train,closure,REAL,12,798,798,0,2.2302895976672357e-06,1.2704536231922248e-06,1.7156320382127888e-06,2.4313539483955537e-06
qwen2_5_vl_7b,train,closure,REAL,13,798,798,0,1.954839845659518e-06,1.2241435456417094e-06,1.5672264339627873e-06,2.148913949895359e-06
qwen2_5_vl_7b,train,closure,REAL,14,798,798,0,2.0179116466478352e-06,1.115294537612499e-06,1.3962050502414058e-06,2.0048449300702487e-06
qwen2_5_vl_7b,train,closure,REAL,15,798,798,0,1.637333014273247e-06,9.560832552324428e-07,1.1368938999112288e-06,1.5231724148634385e-06
qwen2_5_vl_7b,train,closure,REAL,16,798,798,0,3.3624109748483475e-06,2.173331893118302e-06,2.8896404273837106e-06,3.8384350773412734e-06
qwen2_5_vl_7b,train,closure,REAL,17,798,798,0,1.5936265178862597e-06,1.0099272742536414e-06,1.2659505728151998e-06,1.679885741623366e-06
qwen2_5_vl_7b,train,closure,REAL,18,798,798,0,3.7774444506123385e-06,2.0980261865588545e-06,2.804944415402133e-06,3.826123474937049e-06
qwen2_5_vl_7b,train,closure,REAL,19,798,798,0,3.358730342748495e-06,2.020331862695457e-06,2.5703437813717755e-06,3.614458876199933e-06
qwen2_5_vl_7b,train,closure,REAL,20,798,798,0,1.4850724127305433e-06,1.054081792517536e-06,1.255332165328582e-06,1.5582935191105207e-06
qwen2_5_vl_7b,train,closure,REAL,21,798,798,0,2.835997499578594e-06,1.8003071318162256e-06,2.2434198854170972e-06,3.0733941684957244e-06
qwen2_5_vl_7b,train,closure,REAL,22,798,798,0,2.0458067503829594e-06,1.2309018302403274e-06,1.5260591226251563e-06,1.9730790086214256e-06
qwen2_5_vl_7b,train,closure,REAL,23,798,798,0,3.0493781070189308e-05,1.7100658737945196e-06,2.1053954242233885e-06,2.792971883991413e-06
qwen2_5_vl_7b,train,closure,REAL,24,798,798,0,3.5518220617101214e-06,1.7320484460014995e-06,2.356298978156701e-06,3.5601814261099207e-06
qwen2_5_vl_7b,train,closure,REAL,25,798,798,0,6.57007111362246e-06,4.0416869069304084e-06,5.205609568292857e-06,7.321033194784832e-06
qwen2_5_vl_7b,train,closure,REAL,26,798,798,0,9.362940788018032e-06,5.334843081072904e-06,7.115257176337764e-06,1.0420459602755727e-05
qwen2_5_vl_7b,train,closure,REAL,27,798,798,0,4.953323067260462e-06,3.02141063457384e-06,3.9570861645188415e-06,5.656442567669728e-06
qwen2_5_vl_7b,train,closure,REAL,28,798,798,0,7.9025853007184e-06,3.5222262226852763e-06,4.8609588247927604e-06,6.948334885237273e-06
qwen2_5_vl_7b,train,closure,HALL,1,108,108,0,3.3452138994663174e-06,2.069658194159274e-06,3.006901238222781e-06,3.755938962513028e-06
qwen2_5_vl_7b,train,closure,HALL,2,108,108,0,1.1636183086449347e-05,6.79369259160012e-06,9.750794561114162e-06,1.3337851896721986e-05
qwen2_5_vl_7b,train,closure,HALL,3,108,108,0,1.9539850772734672e-05,1.2240717524036882e-05,1.587318183737807e-05,2.319732675459818e-05
qwen2_5_vl_7b,train,closure,HALL,4,108,108,0,1.6112728338334313e-05,8.160368452081457e-06,1.24251855595503e-05,1.8997846837010002e-05
qwen2_5_vl_7b,train,closure,HALL,5,108,108,0,1.1018811055355062e-05,5.08733467086131e-06,8.557022283639526e-06,1.4276067304308526e-05
qwen2_5_vl_7b,train,closure,HALL,6,108,108,0,5.8292552327859285e-06,2.8927146900059597e-06,4.341818794273422e-06,7.278428597601305e-06
qwen2_5_vl_7b,train,closure,HALL,7,108,108,0,9.643927996792087e-06,5.113895326758211e-06,7.954556622280506e-06,1.1679697308863979e-05
qwen2_5_vl_7b,train,closure,HALL,8,108,108,0,7.725526695931304e-06,3.0807267421550932e-06,4.63177275378257e-06,1.0281526783728623e-05
qwen2_5_vl_7b,train,closure,HALL,9,108,108,0,4.327840321770458e-06,1.951581168668781e-06,2.9981719080751645e-06,5.5432996077797725e-06
qwen2_5_vl_7b,train,closure,HALL,10,108,108,0,4.834798658150787e-06,1.234679132267047e-06,1.7195788473145512e-06,2.803986774324585e-06
qwen2_5_vl_7b,train,closure,HALL,11,108,108,0,4.294800943524832e-06,2.6145073093175597e-06,3.682168085106241e-06,5.369100563257234e-06
qwen2_5_vl_7b,train,closure,HALL,12,108,108,0,2.9930451417057056e-06,1.5424085972881585e-06,2.1493921167348162e-06,3.298737112800154e-06
qwen2_5_vl_7b,train,closure,HALL,13,108,108,0,2.4155881603788927e-06,1.4996133188560634e-06,1.8100367356055358e-06,2.991158225995605e-06
qwen2_5_vl_7b,train,closure,HALL,14,108,108,0,2.257495811751074e-06,1.4816002362749714e-06,1.866858042376407e-06,2.7547501417757303e-06
qwen2_5_vl_7b,train,closure,HALL,15,108,108,0,1.4934290748914026e-06,1.0028555834651343e-06,1.2465376357795321e-06,1.6369730531096138e-06
qwen2_5_vl_7b,train,closure,HALL,16,108,108,0,3.517405731288279e-06,2.382200648298749e-06,3.1416016099683475e-06,4.264607355253247e-06
qwen2_5_vl_7b,train,closure,HALL,17,108,108,0,1.9107594900552378e-06,1.1831149322460988e-06,1.5564716591143224e-06,2.205057853643666e-06
qwen2_5_vl_7b,train,closure,HALL,18,108,108,0,5.490318338169581e-06,2.5709277338137326e-06,4.030117679576506e-06,6.457764584411052e-06
qwen2_5_vl_7b,train,closure,HALL,19,108,108,0,3.867743213571952e-06,2.1875221136724576e-06,2.8379300829328713e-06,4.341944759289618e-06
qwen2_5_vl_7b,train,closure,HALL,20,108,108,0,1.594433553219898e-06,1.1285841878816427e-06,1.3539496421799413e-06,1.7736817028435325e-06
qwen2_5_vl_7b,train,closure,HALL,21,108,108,0,3.5782845581403913e-06,2.0895391799058416e-06,2.8432023100322112e-06,4.131430955567339e-06
qwen2_5_vl_7b,train,closure,HALL,22,108,108,0,1.6993994346716203e-06,1.2175261190350284e-06,1.4531298688780225e-06,1.8715043097472517e-06
qwen2_5_vl_7b,train,closure,HALL,23,108,108,0,2.994121922694359e-05,1.9888270230694616e-06,2.5608992473280523e-06,3.627108412729285e-06
qwen2_5_vl_7b,train,closure,HALL,24,108,108,0,3.478985343429452e-06,1.8624173776515818e-06,2.4955564867923385e-06,3.998300712737546e-06
qwen2_5_vl_7b,train,closure,HALL,25,108,108,0,7.962839977911548e-06,4.115686920158623e-06,6.0370282426447375e-06,9.344273848910234e-06
qwen2_5_vl_7b,train,closure,HALL,26,108,108,0,1.3613889997806703e-05,6.3011558495418285e-06,1.0026224572357023e-05,1.7891868537844857e-05
qwen2_5_vl_7b,train,closure,HALL,27,108,108,0,5.633994512074288e-06,3.3492435704829404e-06,5.0290800572838634e-06,6.82820154906949e-06
qwen2_5_vl_7b,train,closure,HALL,28,108,108,0,6.884128016214096e-06,3.496652254852961e-06,5.285546194500057e-06,7.836100849090144e-06
qwen2_5_vl_7b,train,rotation_mean,REAL,1,798,798,0,-0.13451834089816353,-0.21147869899868965,-0.13237561285495758,-0.05867830477654934
qwen2_5_vl_7b,train,rotation_mean,REAL,2,798,798,0,-0.12761946349757208,-0.14313232898712158,-0.12158171087503433,-0.1082918718457222
qwen2_5_vl_7b,train,rotation_mean,REAL,3,798,798,0,-0.18671559113402264,-0.21792877465486526,-0.1938181146979332,-0.1575709879398346
qwen2_5_vl_7b,train,rotation_mean,REAL,4,798,798,0,-0.23423529420057335,-0.27031323313713074,-0.2484249845147133,-0.20043393224477768
qwen2_5_vl_7b,train,rotation_mean,REAL,5,798,798,0,-0.283481639522807,-0.3061998412013054,-0.28424857556819916,-0.26389506459236145
qwen2_5_vl_7b,train,rotation_mean,REAL,6,798,798,0,-0.3706263009654848,-0.40178482234477997,-0.38192369043827057,-0.34610068053007126
qwen2_5_vl_7b,train,rotation_mean,REAL,7,798,798,0,-0.35872445860527513,-0.400846928358078,-0.3686497360467911,-0.32616332918405533
qwen2_5_vl_7b,train,rotation_mean,REAL,8,798,798,0,-0.4589836734503433,-0.5137515664100647,-0.48480480909347534,-0.42988958209753036
qwen2_5_vl_7b,train,rotation_mean,REAL,9,798,798,0,-0.3641019073083885,-0.41688426584005356,-0.3811018019914627,-0.32581283897161484
qwen2_5_vl_7b,train,rotation_mean,REAL,10,798,798,0,-0.5706781638520104,-0.6240607351064682,-0.582957923412323,-0.5280480235815048
qwen2_5_vl_7b,train,rotation_mean,REAL,11,798,798,0,-0.45749767561604204,-0.4899577349424362,-0.4652847796678543,-0.4346196800470352
qwen2_5_vl_7b,train,rotation_mean,REAL,12,798,798,0,-0.428108273405479,-0.4551583006978035,-0.43312299251556396,-0.4059824198484421
qwen2_5_vl_7b,train,rotation_mean,REAL,13,798,798,0,-0.4176306825383265,-0.4607779309153557,-0.42595160007476807,-0.38633544743061066
qwen2_5_vl_7b,train,rotation_mean,REAL,14,798,798,0,-0.5019557549242388,-0.5316289663314819,-0.507502019405365,-0.4726063087582588
qwen2_5_vl_7b,train,rotation_mean,REAL,15,798,798,0,-0.3244815801169938,-0.3523814529180527,-0.3289460390806198,-0.29813140630722046
qwen2_5_vl_7b,train,rotation_mean,REAL,16,798,798,0,-0.34739379508229423,-0.3743084818124771,-0.35561101138591766,-0.3254663124680519
qwen2_5_vl_7b,train,rotation_mean,REAL,17,798,798,0,-0.3662720062678918,-0.3856486454606056,-0.3641049563884735,-0.3454737737774849
qwen2_5_vl_7b,train,rotation_mean,REAL,18,798,798,0,-0.3801197076874568,-0.39642084389925003,-0.38272885978221893,-0.36738602072000504
qwen2_5_vl_7b,train,rotation_mean,REAL,19,798,798,0,-0.3294915333390236,-0.3489861488342285,-0.33245204389095306,-0.31378693133592606
qwen2_5_vl_7b,train,rotation_mean,REAL,20,798,798,0,-0.2117066930858115,-0.23629920929670334,-0.20962544530630112,-0.1865316778421402
qwen2_5_vl_7b,train,rotation_mean,REAL,21,798,798,0,-0.24660648128255866,-0.27461519092321396,-0.24361709505319595,-0.2127523124217987
qwen2_5_vl_7b,train,rotation_mean,REAL,22,798,798,0,-0.1426176189638693,-0.16009831055998802,-0.14138013869524002,-0.12357731349766254
qwen2_5_vl_7b,train,rotation_mean,REAL,23,798,798,0,-0.06494596488068839,-0.0881959218531847,-0.06641124561429024,-0.04645745549350977
qwen2_5_vl_7b,train,rotation_mean,REAL,24,798,798,0,-0.0710079328128998,-0.08441823720932007,-0.07024126499891281,-0.05611554812639952
qwen2_5_vl_7b,train,rotation_mean,REAL,25,798,798,0,-0.04031161265199505,-0.057286025024950504,-0.038004640489816666,-0.020302499644458294
qwen2_5_vl_7b,train,rotation_mean,REAL,26,798,798,0,0.010683564498773413,0.00011446579446783289,0.011489431839436293,0.022874782793223858
qwen2_5_vl_7b,train,rotation_mean,REAL,27,798,798,0,0.0190860702571998,-0.012992559699341655,0.016737711615860462,0.04738424811512232
qwen2_5_vl_7b,train,rotation_mean,REAL,28,798,798,0,-0.05287942258845325,-0.09814508445560932,-0.03443077765405178,0.01655151043087244
qwen2_5_vl_7b,train,rotation_mean,HALL,1,108,108,0,-0.13275638256217698,-0.20120631158351898,-0.12155569344758987,-0.05211178958415985
qwen2_5_vl_7b,train,rotation_mean,HALL,2,108,108,0,-0.13166167297297054,-0.16112440451979637,-0.1242523305118084,-0.10945610143244267
qwen2_5_vl_7b,train,rotation_mean,HALL,3,108,108,0,-0.1931515625781483,-0.22823389992117882,-0.2059817835688591,-0.15440238267183304
qwen2_5_vl_7b,train,rotation_mean,HALL,4,108,108,0,-0.23599220929598366,-0.271349161863327,-0.24771497398614883,-0.21424397826194763
qwen2_5_vl_7b,train,rotation_mean,HALL,5,108,108,0,-0.286942221224308,-0.3086562156677246,-0.2888960540294647,-0.26344677805900574
qwen2_5_vl_7b,train,rotation_mean,HALL,6,108,108,0,-0.36473961505624986,-0.39789239317178726,-0.38030144572257996,-0.32681363821029663
qwen2_5_vl_7b,train,rotation_mean,HALL,7,108,108,0,-0.348902291169873,-0.3965552896261215,-0.35643771290779114,-0.30925269424915314
qwen2_5_vl_7b,train,rotation_mean,HALL,8,108,108,0,-0.4551795878344112,-0.4980533495545387,-0.4698832333087921,-0.4245426878333092
qwen2_5_vl_7b,train,rotation_mean,HALL,9,108,108,0,-0.3608746299589122,-0.4006071165204048,-0.3775779604911804,-0.32950085401535034
qwen2_5_vl_7b,train,rotation_mean,HALL,10,108,108,0,-0.5544089109257415,-0.5990177989006042,-0.5625098645687103,-0.5098536163568497
qwen2_5_vl_7b,train,rotation_mean,HALL,11,108,108,0,-0.443326639632384,-0.4741957560181618,-0.4512193202972412,-0.4206787943840027
qwen2_5_vl_7b,train,rotation_mean,HALL,12,108,108,0,-0.4269057443296468,-0.4566408693790436,-0.4298006445169449,-0.40009141713380814
qwen2_5_vl_7b,train,rotation_mean,HALL,13,108,108,0,-0.4110884067636949,-0.442690908908844,-0.421224907040596,-0.3953434079885483
qwen2_5_vl_7b,train,rotation_mean,HALL,14,108,108,0,-0.5102844172053866,-0.5461745411157608,-0.5203166604042053,-0.4818223714828491
qwen2_5_vl_7b,train,rotation_mean,HALL,15,108,108,0,-0.3072798834354789,-0.3507760837674141,-0.30779437720775604,-0.2640795186161995
qwen2_5_vl_7b,train,rotation_mean,HALL,16,108,108,0,-0.347280976810941,-0.37763936817646027,-0.35753099620342255,-0.3233610764145851
qwen2_5_vl_7b,train,rotation_mean,HALL,17,108,108,0,-0.3768460502227147,-0.3970515951514244,-0.37444300949573517,-0.35950838029384613
qwen2_5_vl_7b,train,rotation_mean,HALL,18,108,108,0,-0.38939502752489513,-0.4063406065106392,-0.392478808760643,-0.3759477585554123
qwen2_5_vl_7b,train,rotation_mean,HALL,19,108,108,0,-0.3253909270796511,-0.3480975106358528,-0.326001912355423,-0.3056371584534645
qwen2_5_vl_7b,train,rotation_mean,HALL,20,108,108,0,-0.2140823051471401,-0.23709937930107117,-0.2102532982826233,-0.19044384360313416
qwen2_5_vl_7b,train,rotation_mean,HALL,21,108,108,0,-0.26327116056172933,-0.2972908765077591,-0.25568388402462006,-0.23501766845583916
qwen2_5_vl_7b,train,rotation_mean,HALL,22,108,108,0,-0.1505473798347844,-0.17232581228017807,-0.14530812203884125,-0.1268274150788784
qwen2_5_vl_7b,train,rotation_mean,HALL,23,108,108,0,-0.08180016795759676,-0.10056693479418755,-0.08476085215806961,-0.07146092876791954
qwen2_5_vl_7b,train,rotation_mean,HALL,24,108,108,0,-0.07226304813391632,-0.08264614641666412,-0.07034511119127274,-0.059320537373423576
qwen2_5_vl_7b,train,rotation_mean,HALL,25,108,108,0,-0.0357937699475399,-0.05582582391798496,-0.034232137724757195,-0.0129788254853338
qwen2_5_vl_7b,train,rotation_mean,HALL,26,108,108,0,0.009270567166957469,-0.0016687822644598782,0.011879481375217438,0.023001122754067183
qwen2_5_vl_7b,train,rotation_mean,HALL,27,108,108,0,0.010540505275087155,-0.0183155401609838,0.005519931437447667,0.034468771889805794
qwen2_5_vl_7b,train,rotation_mean,HALL,28,108,108,0,-0.06041429454651532,-0.10378875397145748,-0.04944796301424503,0.017365414183586836
qwen2_5_vl_7b,train,rotation_median,REAL,1,798,798,0,-0.13367492993527316,-0.21164566650986671,-0.1301250457763672,-0.05735968519002199
qwen2_5_vl_7b,train,rotation_median,REAL,2,798,798,0,-0.1263217539211413,-0.14222387596964836,-0.12112139165401459,-0.10780931264162064
qwen2_5_vl_7b,train,rotation_median,REAL,3,798,798,0,-0.1852477307204988,-0.21441985666751862,-0.19084268063306808,-0.15701478347182274
qwen2_5_vl_7b,train,rotation_median,REAL,4,798,798,0,-0.23662446558774264,-0.27169620990753174,-0.2494584396481514,-0.20622050389647484
qwen2_5_vl_7b,train,rotation_median,REAL,5,798,798,0,-0.28259643436150444,-0.3064532205462456,-0.2818736284971237,-0.2619192600250244
qwen2_5_vl_7b,train,rotation_median,REAL,6,798,798,0,-0.36951236184079544,-0.4013565182685852,-0.38009440898895264,-0.3430868089199066
qwen2_5_vl_7b,train,rotation_median,REAL,7,798,798,0,-0.35810550825114834,-0.4000650569796562,-0.36861608922481537,-0.3246200680732727
qwen2_5_vl_7b,train,rotation_median,REAL,8,798,798,0,-0.46247567809688717,-0.51674023270607,-0.48699401319026947,-0.4330784007906914
qwen2_5_vl_7b,train,rotation_median,REAL,9,798,798,0,-0.3684626496992165,-0.4192974641919136,-0.385171502828598,-0.3303050547838211
qwen2_5_vl_7b,train,rotation_median,REAL,10,798,798,0,-0.5875376890551177,-0.6355925649404526,-0.6008358895778656,-0.549416184425354
qwen2_5_vl_7b,train,rotation_median,REAL,11,798,798,0,-0.4571025698704827,-0.49013181775808334,-0.4645196497440338,-0.43187151849269867
qwen2_5_vl_7b,train,rotation_median,REAL,12,798,798,0,-0.4325872216009556,-0.4614519625902176,-0.4362255930900574,-0.4092901200056076
qwen2_5_vl_7b,train,rotation_median,REAL,13,798,798,0,-0.4251595977740479,-0.4680250734090805,-0.43368661403656006,-0.39473139494657516
qwen2_5_vl_7b,train,rotation_median,REAL,14,798,798,0,-0.5107406497300419,-0.5407522767782211,-0.5159831643104553,-0.4819333702325821
qwen2_5_vl_7b,train,rotation_median,REAL,15,798,798,0,-0.3314614089061144,-0.36924515664577484,-0.3403143137693405,-0.29854467511177063
qwen2_5_vl_7b,train,rotation_median,REAL,16,798,798,0,-0.35466983066615004,-0.3818044885993004,-0.361829474568367,-0.3353966623544693
qwen2_5_vl_7b,train,rotation_median,REAL,17,798,798,0,-0.373407347272512,-0.3926534503698349,-0.3722976744174957,-0.352457232773304
qwen2_5_vl_7b,train,rotation_median,REAL,18,798,798,0,-0.3845430404171908,-0.4001540392637253,-0.3869299590587616,-0.37222930788993835
qwen2_5_vl_7b,train,rotation_median,REAL,19,798,798,0,-0.3304156183935048,-0.3494064509868622,-0.33298899233341217,-0.31398090720176697
qwen2_5_vl_7b,train,rotation_median,REAL,20,798,798,0,-0.2083129435497567,-0.23471176996827126,-0.2067851424217224,-0.17959661036729813
qwen2_5_vl_7b,train,rotation_median,REAL,21,798,798,0,-0.24417762176360103,-0.26910020411014557,-0.24196048080921173,-0.21366363763809204
qwen2_5_vl_7b,train,rotation_median,REAL,22,798,798,0,-0.14086437589234502,-0.16079417243599892,-0.1393352821469307,-0.11894075199961662
qwen2_5_vl_7b,train,rotation_median,REAL,23,798,798,0,-0.06504601161552209,-0.08734231442213058,-0.06737091392278671,-0.046324705705046654
qwen2_5_vl_7b,train,rotation_median,REAL,24,798,798,0,-0.07473959787667059,-0.08841253072023392,-0.07312536984682083,-0.06086223293095827
qwen2_5_vl_7b,train,rotation_median,REAL,25,798,798,0,-0.028830263468918066,-0.043630797415971756,-0.029047666117548943,-0.012928755255416036
qwen2_5_vl_7b,train,rotation_median,REAL,26,798,798,0,0.014722282588521656,0.003349376318510622,0.013726252131164074,0.025056326296180487
qwen2_5_vl_7b,train,rotation_median,REAL,27,798,798,0,0.032318431137827064,-0.0006060751038603485,0.030188975855708122,0.061068201437592506
qwen2_5_vl_7b,train,rotation_median,REAL,28,798,798,0,-0.031585285517983605,-0.059964644722640514,-0.014294629450887442,0.024375980254262686
qwen2_5_vl_7b,train,rotation_median,HALL,1,108,108,0,-0.13270861045371188,-0.20052910223603249,-0.11716015264391899,-0.04948166757822037
qwen2_5_vl_7b,train,rotation_median,HALL,2,108,108,0,-0.13034524127013153,-0.158041313290596,-0.12501642107963562,-0.10779648274183273
qwen2_5_vl_7b,train,rotation_median,HALL,3,108,108,0,-0.19017101707005943,-0.22304179146885872,-0.20187924802303314,-0.15299326553940773
qwen2_5_vl_7b,train,rotation_median,HALL,4,108,108,0,-0.23904843090309036,-0.2724399045109749,-0.24867168068885803,-0.2172972932457924
qwen2_5_vl_7b,train,rotation_median,HALL,5,108,108,0,-0.28594660234672054,-0.3059341013431549,-0.28942370414733887,-0.26174096018075943
qwen2_5_vl_7b,train,rotation_median,HALL,6,108,108,0,-0.3635248746033068,-0.3966324254870415,-0.3804306089878082,-0.3267555311322212
qwen2_5_vl_7b,train,rotation_median,HALL,7,108,108,0,-0.3479272186480187,-0.3948257863521576,-0.35677574574947357,-0.3057567626237869
qwen2_5_vl_7b,train,rotation_median,HALL,8,108,108,0,-0.4588168497990679,-0.5080921947956085,-0.47390423715114594,-0.42552127689123154
qwen2_5_vl_7b,train,rotation_median,HALL,9,108,108,0,-0.3644459646333147,-0.4017259106040001,-0.3788565844297409,-0.34009649604558945
qwen2_5_vl_7b,train,rotation_median,HALL,10,108,108,0,-0.5733603647461644,-0.6202901005744934,-0.5833238363265991,-0.5377696603536606
qwen2_5_vl_7b,train,rotation_median,HALL,11,108,108,0,-0.4418687828712993,-0.4734709784388542,-0.44913433492183685,-0.41796164214611053
qwen2_5_vl_7b,train,rotation_median,HALL,12,108,108,0,-0.43169780682634423,-0.46128134429454803,-0.4357773959636688,-0.40365610271692276
qwen2_5_vl_7b,train,rotation_median,HALL,13,108,108,0,-0.41794355820726464,-0.44882989674806595,-0.4257411062717438,-0.40186160057783127
qwen2_5_vl_7b,train,rotation_median,HALL,14,108,108,0,-0.5199082714539988,-0.5560733526945114,-0.5286866724491119,-0.492589496076107
qwen2_5_vl_7b,train,rotation_median,HALL,15,108,108,0,-0.3080483884723098,-0.35782624036073685,-0.3083658665418625,-0.2656109929084778
qwen2_5_vl_7b,train,rotation_median,HALL,16,108,108,0,-0.3563875700864527,-0.38605888932943344,-0.3644635081291199,-0.33132728189229965
qwen2_5_vl_7b,train,rotation_median,HALL,17,108,108,0,-0.38505330543827126,-0.4030836820602417,-0.38406291604042053,-0.3653634861111641
qwen2_5_vl_7b,train,rotation_median,HALL,18,108,108,0,-0.39253907319572234,-0.4083229824900627,-0.39640964567661285,-0.38028860092163086
qwen2_5_vl_7b,train,rotation_median,HALL,19,108,108,0,-0.3278807180899161,-0.35060857236385345,-0.32607604563236237,-0.3079662099480629
qwen2_5_vl_7b,train,rotation_median,HALL,20,108,108,0,-0.21288128976744633,-0.24140293896198273,-0.20959655940532684,-0.1871415562927723
qwen2_5_vl_7b,train,rotation_median,HALL,21,108,108,0,-0.26016755388290796,-0.28427328169345856,-0.25568561255931854,-0.23182512447237968
qwen2_5_vl_7b,train,rotation_median,HALL,22,108,108,0,-0.15090083254984132,-0.17223229631781578,-0.1475658342242241,-0.12659086659550667
qwen2_5_vl_7b,train,rotation_median,HALL,23,108,108,0,-0.08219542532848816,-0.10000206157565117,-0.08520134910941124,-0.07104255445301533
qwen2_5_vl_7b,train,rotation_median,HALL,24,108,108,0,-0.0725753771106678,-0.08361662738025188,-0.07124725356698036,-0.060042234137654305
qwen2_5_vl_7b,train,rotation_median,HALL,25,108,108,0,-0.025447130374097335,-0.04324555583298206,-0.02640316542237997,-0.009985408745706081
qwen2_5_vl_7b,train,rotation_median,HALL,26,108,108,0,0.013353540555086781,0.002346252731513232,0.012882173992693424,0.02393728867173195
qwen2_5_vl_7b,train,rotation_median,HALL,27,108,108,0,0.021891496062178502,-0.005753919598646462,0.016509064007550478,0.05092957429587841
qwen2_5_vl_7b,train,rotation_median,HALL,28,108,108,0,-0.03666420452753772,-0.058130926452577114,-0.01929936744272709,0.02446577325463295
qwen2_5_vl_7b,train,input_cancellation,REAL,1,798,798,0,0.7814438830043439,0.7682327479124069,0.7818418741226196,0.7986136972904205
qwen2_5_vl_7b,train,input_cancellation,REAL,2,798,798,0,0.6310364026622963,0.581193208694458,0.625071793794632,0.6752773523330688
qwen2_5_vl_7b,train,input_cancellation,REAL,3,798,798,0,0.4970540561547554,0.4558896869421005,0.4837711900472641,0.5212690085172653
qwen2_5_vl_7b,train,input_cancellation,REAL,4,798,798,0,0.4907904648616499,0.43996478617191315,0.4831760376691818,0.5332956612110138
qwen2_5_vl_7b,train,input_cancellation,REAL,5,798,798,0,0.5467682661941475,0.4938266724348068,0.5376992225646973,0.5868557989597321
qwen2_5_vl_7b,train,input_cancellation,REAL,6,798,798,0,0.5407529470317047,0.5032937228679657,0.5383284091949463,0.5723830461502075
qwen2_5_vl_7b,train,input_cancellation,REAL,7,798,798,0,0.5508149745022145,0.5048521608114243,0.5515035688877106,0.598324716091156
qwen2_5_vl_7b,train,input_cancellation,REAL,8,798,798,0,0.4726958919064443,0.43382227420806885,0.45969608426094055,0.5044105499982834
qwen2_5_vl_7b,train,input_cancellation,REAL,9,798,798,0,0.45455769596990186,0.41951632499694824,0.4508040249347687,0.4846741259098053
qwen2_5_vl_7b,train,input_cancellation,REAL,10,798,798,0,0.5044584273171604,0.44919705390930176,0.49674154818058014,0.5551931858062744
qwen2_5_vl_7b,train,input_cancellation,REAL,11,798,798,0,0.5230323259244886,0.4917035177350044,0.520589292049408,0.5501405447721481
qwen2_5_vl_7b,train,input_cancellation,REAL,12,798,798,0,0.4534756912100584,0.42411476373672485,0.45259805023670197,0.4811094030737877
qwen2_5_vl_7b,train,input_cancellation,REAL,13,798,798,0,0.4128966823705755,0.3812432661652565,0.40932580828666687,0.439034067094326
qwen2_5_vl_7b,train,input_cancellation,REAL,14,798,798,0,0.39212253387261153,0.3596179485321045,0.3841720223426819,0.41777582466602325
qwen2_5_vl_7b,train,input_cancellation,REAL,15,798,798,0,0.4168938313958639,0.3814185857772827,0.4096076637506485,0.4438735693693161
qwen2_5_vl_7b,train,input_cancellation,REAL,16,798,798,0,0.35793082621462063,0.32503609359264374,0.3499850332736969,0.3822205141186714
qwen2_5_vl_7b,train,input_cancellation,REAL,17,798,798,0,0.416347187637984,0.3786275088787079,0.4091634303331375,0.44802236557006836
qwen2_5_vl_7b,train,input_cancellation,REAL,18,798,798,0,0.33751964781965527,0.30728917568922043,0.32770322263240814,0.35819099098443985
qwen2_5_vl_7b,train,input_cancellation,REAL,19,798,798,0,0.40976184662571524,0.36527983099222183,0.4004193842411041,0.4444393068552017
qwen2_5_vl_7b,train,input_cancellation,REAL,20,798,798,0,0.44972664319482963,0.4160900115966797,0.4425763636827469,0.47866159677505493
qwen2_5_vl_7b,train,input_cancellation,REAL,21,798,798,0,0.4406961813979878,0.3969876915216446,0.4328685998916626,0.4804212599992752
qwen2_5_vl_7b,train,input_cancellation,REAL,22,798,798,0,0.4660864773400147,0.41666918247938156,0.46004897356033325,0.5121850818395615
qwen2_5_vl_7b,train,input_cancellation,REAL,23,798,798,0,0.42940470665917363,0.3879219964146614,0.4207652509212494,0.46430402994155884
qwen2_5_vl_7b,train,input_cancellation,REAL,24,798,798,0,0.4297316990475308,0.3709384948015213,0.42376576364040375,0.47958219051361084
qwen2_5_vl_7b,train,input_cancellation,REAL,25,798,798,0,0.4388963148408665,0.3805563524365425,0.4299926310777664,0.4849645346403122
qwen2_5_vl_7b,train,input_cancellation,REAL,26,798,798,0,0.3765756339768419,0.32105884701013565,0.3691447228193283,0.4207095354795456
qwen2_5_vl_7b,train,input_cancellation,REAL,27,798,798,0,0.3565290028364736,0.30123964697122574,0.342306986451149,0.40216952562332153
qwen2_5_vl_7b,train,input_cancellation,REAL,28,798,798,0,0.38462023694712416,0.3342524841427803,0.37486734986305237,0.42643895000219345
qwen2_5_vl_7b,train,input_cancellation,HALL,1,108,108,0,0.7845389705013346,0.7714082896709442,0.7900232076644897,0.807971641421318
qwen2_5_vl_7b,train,input_cancellation,HALL,2,108,108,0,0.6523520129698294,0.5994181334972382,0.6461873054504395,0.695221483707428
qwen2_5_vl_7b,train,input_cancellation,HALL,3,108,108,0,0.4823242765333917,0.4502483084797859,0.47891370952129364,0.5065414756536484
qwen2_5_vl_7b,train,input_cancellation,HALL,4,108,108,0,0.4546460685906587,0.4150077998638153,0.4479859173297882,0.48784371465444565
qwen2_5_vl_7b,train,input_cancellation,HALL,5,108,108,0,0.5255066959394349,0.4788076728582382,0.511692464351654,0.5490949898958206
qwen2_5_vl_7b,train,input_cancellation,HALL,6,108,108,0,0.5238527189250346,0.4883657917380333,0.5148822367191315,0.5596356242895126
qwen2_5_vl_7b,train,input_cancellation,HALL,7,108,108,0,0.5328474061356651,0.4844402149319649,0.5282873511314392,0.5732246190309525
qwen2_5_vl_7b,train,input_cancellation,HALL,8,108,108,0,0.4739545462308107,0.4313987046480179,0.46329230070114136,0.5074955075979233
qwen2_5_vl_7b,train,input_cancellation,HALL,9,108,108,0,0.43514518108632827,0.3986949697136879,0.42939232289791107,0.4569186195731163
qwen2_5_vl_7b,train,input_cancellation,HALL,10,108,108,0,0.48725431440053163,0.4317006841301918,0.4857218265533447,0.5453706532716751
qwen2_5_vl_7b,train,input_cancellation,HALL,11,108,108,0,0.5382636393661853,0.498006708920002,0.5402902364730835,0.5683711767196655
qwen2_5_vl_7b,train,input_cancellation,HALL,12,108,108,0,0.44780149669558916,0.4132436513900757,0.44133609533309937,0.4713781699538231
qwen2_5_vl_7b,train,input_cancellation,HALL,13,108,108,0,0.4329617064860132,0.396563820540905,0.4279904365539551,0.45968490093946457
qwen2_5_vl_7b,train,input_cancellation,HALL,14,108,108,0,0.4050304025963501,0.362864226102829,0.4023759961128235,0.4482739791274071
qwen2_5_vl_7b,train,input_cancellation,HALL,15,108,108,0,0.4379336960889675,0.39626483619213104,0.4328223913908005,0.46816401928663254
qwen2_5_vl_7b,train,input_cancellation,HALL,16,108,108,0,0.3767015004047641,0.34845633804798126,0.3708837926387787,0.40152615308761597
qwen2_5_vl_7b,train,input_cancellation,HALL,17,108,108,0,0.4419707520692437,0.3967112973332405,0.43229644000530243,0.48169445991516113
qwen2_5_vl_7b,train,input_cancellation,HALL,18,108,108,0,0.34412163385638483,0.3102475330233574,0.3320465534925461,0.37669453024864197
qwen2_5_vl_7b,train,input_cancellation,HALL,19,108,108,0,0.44713148281530096,0.4011390507221222,0.4424593448638916,0.4976760074496269
qwen2_5_vl_7b,train,input_cancellation,HALL,20,108,108,0,0.4741242268571147,0.42730002105236053,0.4726710319519043,0.5115377902984619
qwen2_5_vl_7b,train,input_cancellation,HALL,21,108,108,0,0.4651766281436991,0.4203120172023773,0.4608060270547867,0.5068078339099884
qwen2_5_vl_7b,train,input_cancellation,HALL,22,108,108,0,0.5012616584146464,0.43999865651130676,0.4948185682296753,0.5570300966501236
qwen2_5_vl_7b,train,input_cancellation,HALL,23,108,108,0,0.4637949425313208,0.41646260768175125,0.4592381417751312,0.5052631944417953
qwen2_5_vl_7b,train,input_cancellation,HALL,24,108,108,0,0.45828208796404024,0.3802247941493988,0.4591749310493469,0.5177959650754929
qwen2_5_vl_7b,train,input_cancellation,HALL,25,108,108,0,0.4562625777390268,0.3863332197070122,0.4429054707288742,0.5106629431247711
qwen2_5_vl_7b,train,input_cancellation,HALL,26,108,108,0,0.3718102858574302,0.30119380354881287,0.3664173185825348,0.4259751960635185
qwen2_5_vl_7b,train,input_cancellation,HALL,27,108,108,0,0.35748811342098097,0.3033644109964371,0.3552754074335098,0.40435339510440826
qwen2_5_vl_7b,train,input_cancellation,HALL,28,108,108,0,0.3935626018102522,0.33082329481840134,0.3923494219779968,0.43871191143989563
qwen2_5_vl_7b,train,cancellation_change,REAL,1,798,798,0,0.04843323209339303,0.015023423355648075,0.06283622974959174,0.08899222931049985
qwen2_5_vl_7b,train,cancellation_change,REAL,2,798,798,0,0.0626946931237103,-0.011900658280617621,0.04968681115711737,0.12467236364088691
qwen2_5_vl_7b,train,cancellation_change,REAL,3,798,798,0,0.11702367746695268,0.0807623686550972,0.11763282917358131,0.1529950353929329
qwen2_5_vl_7b,train,cancellation_change,REAL,4,798,798,0,0.04631711702477566,0.013930522659061653,0.04920511103561723,0.07689069072563759
qwen2_5_vl_7b,train,cancellation_change,REAL,5,798,798,0,0.08886712130372754,0.05954057077552222,0.08720609592071882,0.11759920568686799
qwen2_5_vl_7b,train,cancellation_change,REAL,6,798,798,0,0.07441732778437124,0.044775964114529276,0.0766571848499013,0.10629201406322442
qwen2_5_vl_7b,train,cancellation_change,REAL,7,798,798,0,0.03806723981446003,0.022082427606791633,0.03537882373438522,0.050023168101051146
qwen2_5_vl_7b,train,cancellation_change,REAL,8,798,798,0,0.02556737299870156,0.007920515934856695,0.018223918467939026,0.0337520118303966
qwen2_5_vl_7b,train,cancellation_change,REAL,9,798,798,0,0.03343123166579366,0.018225468780771845,0.030947371313814892,0.04657281154724635
qwen2_5_vl_7b,train,cancellation_change,REAL,10,798,798,0,0.07274077066027212,0.01673262900022135,0.05290669418356522,0.11384819722433764
qwen2_5_vl_7b,train,cancellation_change,REAL,11,798,798,0,-0.01197205264386459,-0.02765284899810655,-0.013032233023252404,0.003312937431190044
qwen2_5_vl_7b,train,cancellation_change,REAL,12,798,798,0,0.04103799306859705,0.024620417518153803,0.039467949233005784,0.054766902514422705
qwen2_5_vl_7b,train,cancellation_change,REAL,13,798,798,0,0.03425569776320699,0.01833000293697111,0.03169419840931201,0.04797310163220048
qwen2_5_vl_7b,train,cancellation_change,REAL,14,798,798,0,0.05007591916439202,0.03750801118512377,0.04827746079809381,0.06241080283144723
qwen2_5_vl_7b,train,cancellation_change,REAL,15,798,798,0,0.042293683028253246,0.027664269699493677,0.04130595094554651,0.0554227403423006
qwen2_5_vl_7b,train,cancellation_change,REAL,16,798,798,0,0.0234517732947686,0.003079595052599471,0.02483242286265039,0.04381114763112312
qwen2_5_vl_7b,train,cancellation_change,REAL,17,798,798,0,0.048152658757772124,0.031360156044249105,0.04719617809462928,0.06256920253913005
qwen2_5_vl_7b,train,cancellation_change,REAL,18,798,798,0,0.019056393623160185,0.005601707153602017,0.017701526179389,0.02922412077030133
qwen2_5_vl_7b,train,cancellation_change,REAL,19,798,798,0,0.02238706509154492,0.005912178601730961,0.01990282034199098,0.03677012850170376
qwen2_5_vl_7b,train,cancellation_change,REAL,20,798,798,0,0.06659309921117747,0.05063589038831534,0.0670600090010692,0.08266158197349771
qwen2_5_vl_7b,train,cancellation_change,REAL,21,798,798,0,0.03940098341677207,0.012632679955028508,0.03193162243510975,0.06448324308175483
qwen2_5_vl_7b,train,cancellation_change,REAL,22,798,798,0,0.10690361977087813,0.08497515047655915,0.10620424227507524,0.12463822649030581
qwen2_5_vl_7b,train,cancellation_change,REAL,23,798,798,0,0.043139051525551635,0.021342601235687902,0.03837943356131257,0.06028611830956873
qwen2_5_vl_7b,train,cancellation_change,REAL,24,798,798,0,0.13430467402845295,0.0785046175927524,0.12740462295554744,0.18214810394455452
qwen2_5_vl_7b,train,cancellation_change,REAL,25,798,798,0,0.02391429897488474,0.0011584668016853955,0.02313225263136165,0.04468115273375993
qwen2_5_vl_7b,train,cancellation_change,REAL,26,798,798,0,0.011495225873782752,-0.009780101056827167,0.005102756625686183,0.024748913665703504
qwen2_5_vl_7b,train,cancellation_change,REAL,27,798,798,0,0.035493795768862815,0.01760397517408073,0.030230596434661,0.04862668058315739
qwen2_5_vl_7b,train,cancellation_change,REAL,28,798,798,0,0.11532124600930165,0.07738981855096297,0.11084368604380704,0.15067431725759006
qwen2_5_vl_7b,train,cancellation_change,HALL,1,108,108,0,0.03966051564609719,0.0029871058964745234,0.04954399850759422,0.07638382082801226
qwen2_5_vl_7b,train,cancellation_change,HALL,2,108,108,0,0.025200064856807765,-0.04490797876666158,0.020624033533737818,0.08973203434614238
qwen2_5_vl_7b,train,cancellation_change,HALL,3,108,108,0,0.10093718408870077,0.0549019148998853,0.10185746000099816,0.14424460719976764
qwen2_5_vl_7b,train,cancellation_change,HALL,4,108,108,0,0.03944556743931086,0.011335934608978818,0.03488630426740591,0.07083959631381434
qwen2_5_vl_7b,train,cancellation_change,HALL,5,108,108,0,0.08159113796623377,0.055222620429392494,0.08005978175494666,0.10556339511351254
qwen2_5_vl_7b,train,cancellation_change,HALL,6,108,108,0,0.056170755897230674,0.0211234410599693,0.05236035670358402,0.0885898754059441
qwen2_5_vl_7b,train,cancellation_change,HALL,7,108,108,0,0.04303148667268944,0.031239483158483017,0.04338772837139304,0.05518340162747784
qwen2_5_vl_7b,train,cancellation_change,HALL,8,108,108,0,0.024144240515204446,0.0004461485083016581,0.019524116639957206,0.033968959114828085
qwen2_5_vl_7b,train,cancellation_change,HALL,9,108,108,0,0.03444796878307436,0.018603444469680125,0.033702678563916955,0.048770616718846665
qwen2_5_vl_7b,train,cancellation_change,HALL,10,108,108,0,0.0751681500438545,0.023166003707669303,0.068312549122031,0.11256918740744296
qwen2_5_vl_7b,train,cancellation_change,HALL,11,108,108,0,-0.014031751674465588,-0.030718971238768752,-0.015210810433456984,-0.003405277046476779
qwen2_5_vl_7b,train,cancellation_change,HALL,12,108,108,0,0.03644637941465997,0.021965928565801734,0.037552007227559525,0.04931799458607086
qwen2_5_vl_7b,train,cancellation_change,HALL,13,108,108,0,0.029645746292910606,0.013858200899259099,0.027657097199563607,0.042179066994704195
qwen2_5_vl_7b,train,cancellation_change,HALL,14,108,108,0,0.054122939276145615,0.03966448787508729,0.051428308618638036,0.06527496074429384
qwen2_5_vl_7b,train,cancellation_change,HALL,15,108,108,0,0.02955573981180899,0.016479516569495034,0.028997995364568402,0.04123169559058615
qwen2_5_vl_7b,train,cancellation_change,HALL,16,108,108,0,0.016793743775299977,-0.01148832678898265,0.017428420222645208,0.04012132132223656
qwen2_5_vl_7b,train,cancellation_change,HALL,17,108,108,0,0.04259044331762749,0.023519133528023414,0.04001403983725432,0.058949034330532155
qwen2_5_vl_7b,train,cancellation_change,HALL,18,108,108,0,0.012775634360775131,-0.0018249494767693109,0.012207066643240422,0.024396320511192365
qwen2_5_vl_7b,train,cancellation_change,HALL,19,108,108,0,0.018684269447756283,0.003445964381682362,0.016368412620026418,0.03178184093346009
qwen2_5_vl_7b,train,cancellation_change,HALL,20,108,108,0,0.06038780133147607,0.041028178073664656,0.06163828636955154,0.07880978175818851
qwen2_5_vl_7b,train,cancellation_change,HALL,21,108,108,0,0.015972917576496017,0.0007642492149845526,0.017423563978564066,0.030565230133312263
qwen2_5_vl_7b,train,cancellation_change,HALL,22,108,108,0,0.10302146897207648,0.07759924299942206,0.10199433024853555,0.12612369757733416
qwen2_5_vl_7b,train,cancellation_change,HALL,23,108,108,0,0.042517875250686156,0.018253563062918796,0.032991434286631705,0.059700768977987
qwen2_5_vl_7b,train,cancellation_change,HALL,24,108,108,0,0.1186309718801038,0.07022485888981188,0.11392125741855103,0.15555623231420115
qwen2_5_vl_7b,train,cancellation_change,HALL,25,108,108,0,0.010561571568068551,-0.007016106708574846,0.005012183101449602,0.029015341367891273
qwen2_5_vl_7b,train,cancellation_change,HALL,26,108,108,0,0.0033981179181798273,-0.010074192399175785,0.0008699757367787719,0.015423446138449329
qwen2_5_vl_7b,train,cancellation_change,HALL,27,108,108,0,0.024467910597748152,0.009441745274614777,0.02247454511080446,0.036122058194227466
qwen2_5_vl_7b,train,cancellation_change,HALL,28,108,108,0,0.12176385255623347,0.08080128875376602,0.12252396952494635,0.161802379102452
qwen2_5_vl_7b,test,amp_mean,REAL,1,208,208,0,1.0400796253061202,0.9454995254775322,1.0403234835357225,1.130033920668702
qwen2_5_vl_7b,test,amp_mean,REAL,2,208,208,0,0.5148422755477255,0.4235492605718483,0.48473099980567874,0.6135934350562795
qwen2_5_vl_7b,test,amp_mean,REAL,3,208,208,0,0.4117594203115882,0.3493407836510657,0.39423888989926625,0.45163237115422117
qwen2_5_vl_7b,test,amp_mean,REAL,4,208,208,0,0.46488942216722245,0.41769368749556013,0.47890125415618756,0.509526565654072
qwen2_5_vl_7b,test,amp_mean,REAL,5,208,208,0,0.6332397107832107,0.569750657085905,0.6324973284048878,0.6942823117053047
qwen2_5_vl_7b,test,amp_mean,REAL,6,208,208,0,0.640461948067095,0.5766990061608546,0.6340346588453634,0.7015266003364551
qwen2_5_vl_7b,test,amp_mean,REAL,7,208,208,0,0.7171499674702299,0.6634893115557966,0.6913390044226138,0.748984100812612
qwen2_5_vl_7b,test,amp_mean,REAL,8,208,208,0,0.8083215485804901,0.7474113165313887,0.7940869983057501,0.8400366857483523
qwen2_5_vl_7b,test,amp_mean,REAL,9,208,208,0,0.723953095049028,0.6668294541489467,0.7016734647039362,0.7730463207106122
qwen2_5_vl_7b,test,amp_mean,REAL,10,208,208,0,0.8772410037387279,0.8124244152230763,0.8694925161786071,0.9127120462607639
qwen2_5_vl_7b,test,amp_mean,REAL,11,208,208,0,0.664212858010414,0.6349939619324925,0.658721221745057,0.6843370294784994
qwen2_5_vl_7b,test,amp_mean,REAL,12,208,208,0,0.6694045021092567,0.6337576504037665,0.6632710647200505,0.693286594105201
qwen2_5_vl_7b,test,amp_mean,REAL,13,208,208,0,0.6905496699374258,0.6534583391349247,0.6754494442918779,0.7050455466254636
qwen2_5_vl_7b,test,amp_mean,REAL,14,208,208,0,0.6755983856862987,0.6494720695479614,0.6712401749403902,0.6939106346031743
qwen2_5_vl_7b,test,amp_mean,REAL,15,208,208,0,0.6208566919634213,0.5921419276755487,0.6119275403952876,0.637543762121198
qwen2_5_vl_7b,test,amp_mean,REAL,16,208,208,0,0.6160638557173942,0.5832474819065139,0.6106221895248762,0.6342980183260225
qwen2_5_vl_7b,test,amp_mean,REAL,17,208,208,0,0.602030140517814,0.5636014521395651,0.601064428332645,0.6293712838964763
qwen2_5_vl_7b,test,amp_mean,REAL,18,208,208,0,0.574112244686921,0.5412096123955544,0.567526812318595,0.5935470763513949
qwen2_5_vl_7b,test,amp_mean,REAL,19,208,208,0,0.5910070208692237,0.5605466023676668,0.5785796069305358,0.6038887103548735
qwen2_5_vl_7b,test,amp_mean,REAL,20,208,208,0,0.5220066207124261,0.49651619978993633,0.5175085605149603,0.5411176764625037
qwen2_5_vl_7b,test,amp_mean,REAL,21,208,208,0,0.5718183207104499,0.5374176958836464,0.570267806150886,0.5916476458706206
qwen2_5_vl_7b,test,amp_mean,REAL,22,208,208,0,0.5212453915287448,0.4913383966412732,0.516223218264305,0.5438219604174536
qwen2_5_vl_7b,test,amp_mean,REAL,23,208,208,0,0.525356897298923,0.5014484713676542,0.5209902664690667,0.5498469667002119
qwen2_5_vl_7b,test,amp_mean,REAL,24,208,208,0,0.482743046600022,0.4394315116137821,0.47873905654192295,0.520301694806854
qwen2_5_vl_7b,test,amp_mean,REAL,25,208,208,0,0.42798805649407873,0.390960362095917,0.42460650395122695,0.4553967595146482
qwen2_5_vl_7b,test,amp_mean,REAL,26,208,208,0,0.3933996064531009,0.35779249563208715,0.3872898059653755,0.41789158997682274
qwen2_5_vl_7b,test,amp_mean,REAL,27,208,208,0,0.4243657893632547,0.38562852344805226,0.4238958328094389,0.45288416120228425
qwen2_5_vl_7b,test,amp_mean,REAL,28,208,208,0,0.7752828921616206,0.6320645705194521,0.7323440506322094,0.9000963409907818
qwen2_5_vl_7b,test,amp_mean,HALL,1,14,14,0,1.1131678273325394,0.9824832040237701,1.0776213894752358,1.2108106759399397
qwen2_5_vl_7b,test,amp_mean,HALL,2,14,14,0,0.5009142497465578,0.37877917317597837,0.45084018849444485,0.5378112988837501
qwen2_5_vl_7b,test,amp_mean,HALL,3,14,14,0,0.3877443820314119,0.34689101054101457,0.36732361680893894,0.4165224810917792
qwen2_5_vl_7b,test,amp_mean,HALL,4,14,14,0,0.4744415016372999,0.42752774132061366,0.45250346373388484,0.5189524368850182
qwen2_5_vl_7b,test,amp_mean,HALL,5,14,14,0,0.6199947809113991,0.5628978548156263,0.6195356190206994,0.6378680456360525
qwen2_5_vl_7b,test,amp_mean,HALL,6,14,14,0,0.6248660733008576,0.5846422722638757,0.6207409181725784,0.6558143955328588
qwen2_5_vl_7b,test,amp_mean,HALL,7,14,14,0,0.7091335554276047,0.6733211891885829,0.6968537795512801,0.7209908186487193
qwen2_5_vl_7b,test,amp_mean,HALL,8,14,14,0,0.8135726005028682,0.7451032651580701,0.8097697989673978,0.8569859037394101
qwen2_5_vl_7b,test,amp_mean,HALL,9,14,14,0,0.719598754081041,0.6812073815153299,0.7127307170528806,0.7671149930055313
qwen2_5_vl_7b,test,amp_mean,HALL,10,14,14,0,0.8420859242663904,0.7941365695494994,0.8309835245572266,0.8716130749445321
qwen2_5_vl_7b,test,amp_mean,HALL,11,14,14,0,0.6500159834594313,0.6108254548367648,0.6664500322456512,0.6742954910046988
qwen2_5_vl_7b,test,amp_mean,HALL,12,14,14,0,0.6707242639673349,0.6490882746525901,0.6754456346466531,0.6970825583700963
qwen2_5_vl_7b,test,amp_mean,HALL,13,14,14,0,0.6843874310749302,0.6557278138171887,0.6757430550162431,0.7041415317192156
qwen2_5_vl_7b,test,amp_mean,HALL,14,14,14,0,0.6720505324568837,0.6609856251067322,0.6724242152763533,0.6887541204136216
qwen2_5_vl_7b,test,amp_mean,HALL,15,14,14,0,0.6166404008806244,0.5842044130903231,0.6186451021746913,0.6385900951513798
qwen2_5_vl_7b,test,amp_mean,HALL,16,14,14,0,0.60237887062446,0.5666918610925562,0.6027715910188978,0.6200524760912314
qwen2_5_vl_7b,test,amp_mean,HALL,17,14,14,0,0.5848857919983373,0.5565376748454497,0.5848736804619967,0.6005307369947057
qwen2_5_vl_7b,test,amp_mean,HALL,18,14,14,0,0.5677872477340317,0.5472069839367095,0.5647698206166545,0.5822642511587865
qwen2_5_vl_7b,test,amp_mean,HALL,19,14,14,0,0.5858253129234636,0.5631859545202673,0.5853460402170207,0.6095346236702488
qwen2_5_vl_7b,test,amp_mean,HALL,20,14,14,0,0.5141333696638897,0.4949216508504857,0.5118697727586548,0.5165579998093797
qwen2_5_vl_7b,test,amp_mean,HALL,21,14,14,0,0.56499981339872,0.5353267480607251,0.5626946518331517,0.5804593564588647
qwen2_5_vl_7b,test,amp_mean,HALL,22,14,14,0,0.5364742786855705,0.4992168548197151,0.5262912416376488,0.5541829538934462
qwen2_5_vl_7b,test,amp_mean,HALL,23,14,14,0,0.5272757222955179,0.49814012463601764,0.5172230414625127,0.543426982614171
qwen2_5_vl_7b,test,amp_mean,HALL,24,14,14,0,0.49636645945101227,0.46230380924768855,0.48673837220520144,0.5229032069043779
qwen2_5_vl_7b,test,amp_mean,HALL,25,14,14,0,0.4279506814134583,0.41113643818970586,0.420218556737699,0.43234984447925084
qwen2_5_vl_7b,test,amp_mean,HALL,26,14,14,0,0.39977531543276884,0.3682244946743272,0.3918451047142318,0.42287604289498737
qwen2_5_vl_7b,test,amp_mean,HALL,27,14,14,0,0.43434257206707544,0.41562927490729185,0.4304806421571127,0.46149996650712666
qwen2_5_vl_7b,test,amp_mean,HALL,28,14,14,0,0.7248416462956351,0.634566046806749,0.6991963418722762,0.8132697799031288
qwen2_5_vl_7b,test,amp_median,REAL,1,208,208,0,1.0398675420160488,0.947145376743505,1.0418438406114414,1.1346225127918046
qwen2_5_vl_7b,test,amp_median,REAL,2,208,208,0,0.49154956707137865,0.3989228834038504,0.4575821925415663,0.5787838231518647
qwen2_5_vl_7b,test,amp_median,REAL,3,208,208,0,0.3959953184719237,0.3410851883105525,0.3825249998510244,0.42981065611833136
qwen2_5_vl_7b,test,amp_median,REAL,4,208,208,0,0.45347280189913836,0.4071930408302961,0.4673685611247528,0.49816044350839545
qwen2_5_vl_7b,test,amp_median,REAL,5,208,208,0,0.6233176968473402,0.560095023051538,0.6205345683947343,0.6801316269745837
qwen2_5_vl_7b,test,amp_median,REAL,6,208,208,0,0.6290169354023133,0.5678728393906238,0.6229675803400752,0.6894150453526358
qwen2_5_vl_7b,test,amp_median,REAL,7,208,208,0,0.7140128053879712,0.662168605100329,0.6895914258029523,0.7445172317188531
qwen2_5_vl_7b,test,amp_median,REAL,8,208,208,0,0.8055251679542095,0.7447533924806629,0.7926778753945944,0.8389748133457883
qwen2_5_vl_7b,test,amp_median,REAL,9,208,208,0,0.7137228261634259,0.6536126956077329,0.6903701995325981,0.7628509743829335
qwen2_5_vl_7b,test,amp_median,REAL,10,208,208,0,0.8625740144744776,0.8043075509275894,0.8652073748265482,0.8971391757713923
qwen2_5_vl_7b,test,amp_median,REAL,11,208,208,0,0.6488649537676584,0.6200517558887628,0.6462023720225947,0.6686698174880389
qwen2_5_vl_7b,test,amp_median,REAL,12,208,208,0,0.6590813262848653,0.6237269184667729,0.6497199354291967,0.6872310780521723
qwen2_5_vl_7b,test,amp_median,REAL,13,208,208,0,0.6839374234754912,0.645617334789294,0.6708095135102095,0.6984582894210715
qwen2_5_vl_7b,test,amp_median,REAL,14,208,208,0,0.6725209758006069,0.6444747108707805,0.6668021341465605,0.6935530290975332
qwen2_5_vl_7b,test,amp_median,REAL,15,208,208,0,0.6139568534975506,0.5843788856881333,0.6033971514364982,0.6309348483226338
qwen2_5_vl_7b,test,amp_median,REAL,16,208,208,0,0.6086794890248627,0.5754646863691378,0.6006813600213429,0.6285197042172586
qwen2_5_vl_7b,test,amp_median,REAL,17,208,208,0,0.5981899414289958,0.5632052223836657,0.5985074802432104,0.6241517658964686
qwen2_5_vl_7b,test,amp_median,REAL,18,208,208,0,0.5731652451083781,0.5400414031633002,0.5669938232459255,0.5927922151628482
qwen2_5_vl_7b,test,amp_median,REAL,19,208,208,0,0.587034013198057,0.5570264135179399,0.5749085723492113,0.6000739555480297
qwen2_5_vl_7b,test,amp_median,REAL,20,208,208,0,0.5108055522824979,0.4861184124543224,0.5063596138810521,0.5272721899606507
qwen2_5_vl_7b,test,amp_median,REAL,21,208,208,0,0.5644080769346638,0.5342665137908766,0.5602828532510975,0.5836761496004401
qwen2_5_vl_7b,test,amp_median,REAL,22,208,208,0,0.5122036284147272,0.4838679193126738,0.5053289464215314,0.5326881321815544
qwen2_5_vl_7b,test,amp_median,REAL,23,208,208,0,0.517428538629055,0.4918806349085594,0.5141141475871203,0.5397408250884641
qwen2_5_vl_7b,test,amp_median,REAL,24,208,208,0,0.4485016537593418,0.40735866418423955,0.4428490603013834,0.48229553467330216
qwen2_5_vl_7b,test,amp_median,REAL,25,208,208,0,0.42158728820537866,0.3857930615948617,0.4178455456564539,0.44796118068918606
qwen2_5_vl_7b,test,amp_median,REAL,26,208,208,0,0.3735815306085898,0.3416804233818084,0.3658810062515397,0.3969036185265575
qwen2_5_vl_7b,test,amp_median,REAL,27,208,208,0,0.41153708406052314,0.3748622098059536,0.4104802615478687,0.43955487074651267
qwen2_5_vl_7b,test,amp_median,REAL,28,208,208,0,0.7178609212663962,0.5854302440688283,0.6555394814840885,0.8414355419253672
qwen2_5_vl_7b,test,amp_median,HALL,1,14,14,0,1.1111024009098454,0.981375448577349,1.0713057640033576,1.2122124724402108
qwen2_5_vl_7b,test,amp_median,HALL,2,14,14,0,0.49603508063948515,0.3691196302423345,0.4428973564483346,0.5306972777447011
qwen2_5_vl_7b,test,amp_median,HALL,3,14,14,0,0.37612995559547574,0.3401318360444874,0.3532695906487746,0.39857319800194557
qwen2_5_vl_7b,test,amp_median,HALL,4,14,14,0,0.46494652545758797,0.4193747157779223,0.4459139223282589,0.5133144308673959
qwen2_5_vl_7b,test,amp_median,HALL,5,14,14,0,0.6115610240971786,0.5523866024787831,0.6059589578232367,0.6333028730811279
qwen2_5_vl_7b,test,amp_median,HALL,6,14,14,0,0.6091385396120381,0.5799618136064809,0.604005833223922,0.6445442386321365
qwen2_5_vl_7b,test,amp_median,HALL,7,14,14,0,0.7031117138024546,0.6730540182489345,0.6929189179518872,0.7112896605506384
qwen2_5_vl_7b,test,amp_median,HALL,8,14,14,0,0.8152982286877032,0.7470302834165281,0.808791969455083,0.8524100182763806
qwen2_5_vl_7b,test,amp_median,HALL,9,14,14,0,0.7084529809815532,0.6694110084408169,0.7016394763923746,0.7556430613467378
qwen2_5_vl_7b,test,amp_median,HALL,10,14,14,0,0.8416547395332217,0.782654179344412,0.8443550114713946,0.8581960929893901
qwen2_5_vl_7b,test,amp_median,HALL,11,14,14,0,0.6387462501164539,0.6108866245045103,0.650184681476391,0.6694849039853776
qwen2_5_vl_7b,test,amp_median,HALL,12,14,14,0,0.6624500359028466,0.6389630279630096,0.6664366987364296,0.6912030120987266
qwen2_5_vl_7b,test,amp_median,HALL,13,14,14,0,0.6784592523503837,0.6465146603972184,0.6683221547038929,0.6978836505539618
qwen2_5_vl_7b,test,amp_median,HALL,14,14,14,0,0.67192001501071,0.655531214594357,0.6717830447612944,0.687984911771744
qwen2_5_vl_7b,test,amp_median,HALL,15,14,14,0,0.6106903646679249,0.57939948355293,0.6106666416283604,0.6309860160947499
qwen2_5_vl_7b,test,amp_median,HALL,16,14,14,0,0.5953339254274926,0.5595181462604468,0.5942357291303892,0.6127483991880758
qwen2_5_vl_7b,test,amp_median,HALL,17,14,14,0,0.5818729260485717,0.558563507089602,0.5796963280665908,0.5948713147052297
qwen2_5_vl_7b,test,amp_median,HALL,18,14,14,0,0.5670052801961125,0.5459346685042138,0.5659017940732829,0.5849328876877378
qwen2_5_vl_7b,test,amp_median,HALL,19,14,14,0,0.5830602618038822,0.5602949600140645,0.5843474252752874,0.6068941771169225
qwen2_5_vl_7b,test,amp_median,HALL,20,14,14,0,0.5044092845949723,0.4841117940386369,0.5027049094617384,0.509781762227509
qwen2_5_vl_7b,test,amp_median,HALL,21,14,14,0,0.5588770940813841,0.5319051481165877,0.5558178674011943,0.5751263193560989
qwen2_5_vl_7b,test,amp_median,HALL,22,14,14,0,0.5282696135951127,0.492423878134554,0.5114924635175804,0.5497881064721573
qwen2_5_vl_7b,test,amp_median,HALL,23,14,14,0,0.5203232057040091,0.4832819644525101,0.5144478401642822,0.5426977610872679
qwen2_5_vl_7b,test,amp_median,HALL,24,14,14,0,0.46396224941712694,0.4376022615242271,0.4560215297519725,0.48567560888925004
qwen2_5_vl_7b,test,amp_median,HALL,25,14,14,0,0.4211407097869343,0.401777038907712,0.4166562164714586,0.43029786151432975
qwen2_5_vl_7b,test,amp_median,HALL,26,14,14,0,0.38088922846487444,0.35215504556654154,0.3759340488444416,0.40213144813015456
qwen2_5_vl_7b,test,amp_median,HALL,27,14,14,0,0.4194894373823163,0.400923674403888,0.4182434809878528,0.44712898513444477
qwen2_5_vl_7b,test,amp_median,HALL,28,14,14,0,0.671954895464148,0.5976678158996007,0.6444026733489469,0.7137788645749261
qwen2_5_vl_7b,test,amp_fraction_gt1,REAL,1,208,208,0,0.5796512036515935,0.31381311957050156,0.6560102301790282,0.9017814009661836
qwen2_5_vl_7b,test,amp_fraction_gt1,REAL,2,208,208,0,0.027175738883490976,0.0,0.0,0.023785166240409206
qwen2_5_vl_7b,test,amp_fraction_gt1,REAL,3,208,208,0,0.0020983192351737073,0.0,0.0,0.0
qwen2_5_vl_7b,test,amp_fraction_gt1,REAL,4,208,208,0,0.0033890635797207405,0.0,0.0,0.0025575447570332483
qwen2_5_vl_7b,test,amp_fraction_gt1,REAL,5,208,208,0,0.009129213046310931,0.0,0.0,0.014492753623188406
qwen2_5_vl_7b,test,amp_fraction_gt1,REAL,6,208,208,0,0.013919202235388884,0.0,0.0,0.00966183574879227
qwen2_5_vl_7b,test,amp_fraction_gt1,REAL,7,208,208,0,0.01879075667039222,0.0,0.0,0.0
qwen2_5_vl_7b,test,amp_fraction_gt1,REAL,8,208,208,0,0.06818327975537702,0.0,0.0,0.014645308924485125
qwen2_5_vl_7b,test,amp_fraction_gt1,REAL,9,208,208,0,0.03039663417887367,0.0,0.0,0.00276268115942029
qwen2_5_vl_7b,test,amp_fraction_gt1,REAL,10,208,208,0,0.1689361727764743,0.024936061381074168,0.10869565217391305,0.22570332480818414
qwen2_5_vl_7b,test,amp_fraction_gt1,REAL,11,208,208,0,0.012784737272019323,0.0,0.003002070393374741,0.014039855072463768
qwen2_5_vl_7b,test,amp_fraction_gt1,REAL,12,208,208,0,0.0025434384953214495,0.0,0.0,0.0
qwen2_5_vl_7b,test,amp_fraction_gt1,REAL,13,208,208,0,0.006196305013019914,0.0,0.0,0.0
qwen2_5_vl_7b,test,amp_fraction_gt1,REAL,14,208,208,0,0.0008540420183520318,0.0,0.0,0.0
qwen2_5_vl_7b,test,amp_fraction_gt1,REAL,15,208,208,0,0.00044024972493642565,0.0,0.0,0.0
qwen2_5_vl_7b,test,amp_fraction_gt1,REAL,16,208,208,0,0.000670535772837563,0.0,0.0,0.0
qwen2_5_vl_7b,test,amp_fraction_gt1,REAL,17,208,208,0,6.967670011148272e-05,0.0,0.0,0.0
qwen2_5_vl_7b,test,amp_fraction_gt1,REAL,18,208,208,0,5.410190832185717e-05,0.0,0.0,0.0
qwen2_5_vl_7b,test,amp_fraction_gt1,REAL,19,208,208,0,0.0004437654973140906,0.0,0.0,0.0
qwen2_5_vl_7b,test,amp_fraction_gt1,REAL,20,208,208,0,0.0,0.0,0.0,0.0
qwen2_5_vl_7b,test,amp_fraction_gt1,REAL,21,208,208,0,0.0008168506330271037,0.0,0.0,0.0
qwen2_5_vl_7b,test,amp_fraction_gt1,REAL,22,208,208,0,0.0002193937775779208,0.0,0.0,0.0
qwen2_5_vl_7b,test,amp_fraction_gt1,REAL,23,208,208,0,0.0005686224045020653,0.0,0.0,0.0
qwen2_5_vl_7b,test,amp_fraction_gt1,REAL,24,208,208,0,0.010731835111875985,0.0,0.0,0.008695652173913044
qwen2_5_vl_7b,test,amp_fraction_gt1,REAL,25,208,208,0,6.510349254998602e-05,0.0,0.0,0.0
qwen2_5_vl_7b,test,amp_fraction_gt1,REAL,26,208,208,0,0.00015000983671060398,0.0,0.0,0.0
qwen2_5_vl_7b,test,amp_fraction_gt1,REAL,27,208,208,0,0.0004318160067102621,0.0,0.0,0.0
qwen2_5_vl_7b,test,amp_fraction_gt1,REAL,28,208,208,0,0.19325048632762326,0.049585921325051754,0.11859903381642511,0.3208247066942719
qwen2_5_vl_7b,test,amp_fraction_gt1,HALL,1,14,14,0,0.6579312884574121,0.40336134453781514,0.7664961636828644,0.9289855072463769
qwen2_5_vl_7b,test,amp_fraction_gt1,HALL,2,14,14,0,0.04384362440628425,0.0,0.0,0.0
qwen2_5_vl_7b,test,amp_fraction_gt1,HALL,3,14,14,0,0.0,0.0,0.0,0.0
qwen2_5_vl_7b,test,amp_fraction_gt1,HALL,4,14,14,0,0.001539746333315935,0.0,0.0,0.0019181585677749361
qwen2_5_vl_7b,test,amp_fraction_gt1,HALL,5,14,14,0,0.01359212986907543,0.0,0.0,0.003105590062111801
qwen2_5_vl_7b,test,amp_fraction_gt1,HALL,6,14,14,0,0.012625814489168524,0.0,0.0,0.017857142857142856
qwen2_5_vl_7b,test,amp_fraction_gt1,HALL,7,14,14,0,0.015601023017902813,0.0,0.0,0.0
qwen2_5_vl_7b,test,amp_fraction_gt1,HALL,8,14,14,0,0.04986880127545089,0.0,0.0,0.002173913043478261
qwen2_5_vl_7b,test,amp_fraction_gt1,HALL,9,14,14,0,0.006728778467908903,0.0,0.0,0.0019181585677749361
qwen2_5_vl_7b,test,amp_fraction_gt1,HALL,10,14,14,0,0.11536256136183064,0.025824097755044045,0.04165144318597004,0.09476616733649981
qwen2_5_vl_7b,test,amp_fraction_gt1,HALL,11,14,14,0,0.003288271830471319,0.0,0.0,0.0
qwen2_5_vl_7b,test,amp_fraction_gt1,HALL,12,14,14,0,0.0005378963179474689,0.0,0.0,0.0
qwen2_5_vl_7b,test,amp_fraction_gt1,HALL,13,14,14,0,0.00018268176835951774,0.0,0.0,0.0
qwen2_5_vl_7b,test,amp_fraction_gt1,HALL,14,14,14,0,0.0016563146997929607,0.0,0.0,0.0
qwen2_5_vl_7b,test,amp_fraction_gt1,HALL,15,14,14,0,0.0,0.0,0.0,0.0
qwen2_5_vl_7b,test,amp_fraction_gt1,HALL,16,14,14,0,0.0,0.0,0.0,0.0
qwen2_5_vl_7b,test,amp_fraction_gt1,HALL,17,14,14,0,0.0,0.0,0.0,0.0
qwen2_5_vl_7b,test,amp_fraction_gt1,HALL,18,14,14,0,0.0,0.0,0.0,0.0
qwen2_5_vl_7b,test,amp_fraction_gt1,HALL,19,14,14,0,0.0,0.0,0.0,0.0
qwen2_5_vl_7b,test,amp_fraction_gt1,HALL,20,14,14,0,0.0,0.0,0.0,0.0
qwen2_5_vl_7b,test,amp_fraction_gt1,HALL,21,14,14,0,0.0,0.0,0.0,0.0
qwen2_5_vl_7b,test,amp_fraction_gt1,HALL,22,14,14,0,0.0,0.0,0.0,0.0
qwen2_5_vl_7b,test,amp_fraction_gt1,HALL,23,14,14,0,0.003300081560951126,0.0,0.0,0.0
qwen2_5_vl_7b,test,amp_fraction_gt1,HALL,24,14,14,0,0.009825142178083354,0.0006393861892583121,0.003105590062111801,0.010230179028132993
qwen2_5_vl_7b,test,amp_fraction_gt1,HALL,25,14,14,0,0.00022182786157941436,0.0,0.0,0.0
qwen2_5_vl_7b,test,amp_fraction_gt1,HALL,26,14,14,0,0.0,0.0,0.0,0.0
qwen2_5_vl_7b,test,amp_fraction_gt1,HALL,27,14,14,0,0.001010839118255998,0.0,0.0,0.0
qwen2_5_vl_7b,test,amp_fraction_gt1,HALL,28,14,14,0,0.13249418344412864,0.0461728169528681,0.0741687979539642,0.23375959079283887
qwen2_5_vl_7b,test,gross_gain,REAL,1,208,208,0,1.107061053604928,1.0114415588320809,1.129412876733296,1.187335781447217
qwen2_5_vl_7b,test,gross_gain,REAL,2,208,208,0,0.4258757038338352,0.3635813681200608,0.412236277098988,0.47180475284795315
qwen2_5_vl_7b,test,gross_gain,REAL,3,208,208,0,0.4352046121574962,0.36377130456147344,0.41612389457626614,0.47844725599262455
qwen2_5_vl_7b,test,gross_gain,REAL,4,208,208,0,0.4877365144626085,0.44628905269890207,0.49760890438253624,0.5349803429060447
qwen2_5_vl_7b,test,gross_gain,REAL,5,208,208,0,0.6432950466569891,0.575383222403123,0.6433336854190521,0.6978274808432413
qwen2_5_vl_7b,test,gross_gain,REAL,6,208,208,0,0.6446056577351953,0.5891687082245817,0.6379827282521249,0.6926653663102896
qwen2_5_vl_7b,test,gross_gain,REAL,7,208,208,0,0.7337354977597541,0.6810837262740238,0.7114087443107935,0.768745823539225
qwen2_5_vl_7b,test,gross_gain,REAL,8,208,208,0,0.8421743702732988,0.7797196863459956,0.8207680477848946,0.8696610048835755
qwen2_5_vl_7b,test,gross_gain,REAL,9,208,208,0,0.7780033124889711,0.7132639899069768,0.7628370716211016,0.8276333432958994
qwen2_5_vl_7b,test,gross_gain,REAL,10,208,208,0,0.9812175158711599,0.8933947267694511,0.9445818178332408,1.0280412925088542
qwen2_5_vl_7b,test,gross_gain,REAL,11,208,208,0,0.6850206374067932,0.655476156304236,0.6783724404746891,0.7082596110559104
qwen2_5_vl_7b,test,gross_gain,REAL,12,208,208,0,0.7277151549677713,0.696026992343217,0.7252165994642126,0.75576906450575
qwen2_5_vl_7b,test,gross_gain,REAL,13,208,208,0,0.7254542571442534,0.6904083745884764,0.7169740736852271,0.7448738346813423
qwen2_5_vl_7b,test,gross_gain,REAL,14,208,208,0,0.7142626049977504,0.6813042930463964,0.7083453156567123,0.7385526742766064
qwen2_5_vl_7b,test,gross_gain,REAL,15,208,208,0,0.6721511492938318,0.6410860950078138,0.663398008788705,0.6945923172188764
qwen2_5_vl_7b,test,gross_gain,REAL,16,208,208,0,0.6645661630398956,0.6297797325006098,0.6555255813217041,0.6823570633080871
qwen2_5_vl_7b,test,gross_gain,REAL,17,208,208,0,0.6755753314047462,0.6391019403185166,0.6699383869919151,0.7048432353516157
qwen2_5_vl_7b,test,gross_gain,REAL,18,208,208,0,0.5939530365767716,0.5558462977598634,0.5834633128161311,0.6189997108263321
qwen2_5_vl_7b,test,gross_gain,REAL,19,208,208,0,0.6118105386917354,0.5713947693827881,0.5911047545305872,0.642362928166409
qwen2_5_vl_7b,test,gross_gain,REAL,20,208,208,0,0.6009649442508841,0.5746427829250823,0.5944208613283015,0.623489865784692
qwen2_5_vl_7b,test,gross_gain,REAL,21,208,208,0,0.6232595385225816,0.574259575776889,0.6282427779949701,0.6685760725542609
qwen2_5_vl_7b,test,gross_gain,REAL,22,208,208,0,0.5788665981626898,0.5422883331535906,0.5759693270282177,0.6118845281382251
qwen2_5_vl_7b,test,gross_gain,REAL,23,208,208,0,0.57101646473824,0.5396339675394488,0.5671026641861032,0.6019110372736989
qwen2_5_vl_7b,test,gross_gain,REAL,24,208,208,0,0.5382014510434696,0.47488593993589173,0.5178850943212545,0.584928229974712
qwen2_5_vl_7b,test,gross_gain,REAL,25,208,208,0,0.425772097381625,0.3917749679612971,0.42041100969059075,0.44512625751860974
qwen2_5_vl_7b,test,gross_gain,REAL,26,208,208,0,0.3876719586604625,0.36117992062496557,0.38252890405901263,0.4023866629291742
qwen2_5_vl_7b,test,gross_gain,REAL,27,208,208,0,0.43785328975252863,0.3989927621318785,0.4332282439382995,0.47041870076319997
qwen2_5_vl_7b,test,gross_gain,REAL,28,208,208,0,0.6948702162872517,0.6057802283391993,0.6767153211870731,0.757931169047551
qwen2_5_vl_7b,test,gross_gain,HALL,1,14,14,0,1.1530860327970027,1.0183487989353606,1.1312694374226302,1.2412262476330815
qwen2_5_vl_7b,test,gross_gain,HALL,2,14,14,0,0.4418840104025481,0.3546238925369277,0.38643594605470644,0.4557451594184998
qwen2_5_vl_7b,test,gross_gain,HALL,3,14,14,0,0.4094913361145624,0.3689820060652791,0.38588974293385403,0.43751052506362176
qwen2_5_vl_7b,test,gross_gain,HALL,4,14,14,0,0.48917624251157626,0.4288715006691454,0.4758339188913231,0.5388380775450641
qwen2_5_vl_7b,test,gross_gain,HALL,5,14,14,0,0.6440481892177746,0.570488108592485,0.634630613827344,0.6797504544558645
qwen2_5_vl_7b,test,gross_gain,HALL,6,14,14,0,0.6400718840470867,0.5931811434240086,0.6152059028611767,0.6821145616158157
qwen2_5_vl_7b,test,gross_gain,HALL,7,14,14,0,0.722735945816979,0.6918580581929195,0.7108737721135044,0.7311169695790808
qwen2_5_vl_7b,test,gross_gain,HALL,8,14,14,0,0.8456178527341723,0.7721370100396217,0.8428728276876796,0.883671027914145
qwen2_5_vl_7b,test,gross_gain,HALL,9,14,14,0,0.7786636858407501,0.741416588200761,0.7677748566911037,0.8363954306849744
qwen2_5_vl_7b,test,gross_gain,HALL,10,14,14,0,0.9386796536073373,0.8801523128174875,0.9025889313294737,0.986492717195035
qwen2_5_vl_7b,test,gross_gain,HALL,11,14,14,0,0.6708490912505444,0.6438007711594409,0.6858260287069964,0.7024512204892531
qwen2_5_vl_7b,test,gross_gain,HALL,12,14,14,0,0.7268371731963559,0.6972419476072206,0.740291980880998,0.7473748083420246
qwen2_5_vl_7b,test,gross_gain,HALL,13,14,14,0,0.7139937807350435,0.6858503973043095,0.7095157614161571,0.743041202606936
qwen2_5_vl_7b,test,gross_gain,HALL,14,14,14,0,0.7307310193210343,0.6929550393736271,0.715561581511373,0.7456317725719633
qwen2_5_vl_7b,test,gross_gain,HALL,15,14,14,0,0.678767578804427,0.6471236069061014,0.6724330060846719,0.6857250352536348
qwen2_5_vl_7b,test,gross_gain,HALL,16,14,14,0,0.6489634182801823,0.6222279166254674,0.6432445358678522,0.6608318133054571
qwen2_5_vl_7b,test,gross_gain,HALL,17,14,14,0,0.6519833793368842,0.6250146132234359,0.6532237637208841,0.6842392153031236
qwen2_5_vl_7b,test,gross_gain,HALL,18,14,14,0,0.5788582360431282,0.5476579315932635,0.5766434954089188,0.6045317206793271
qwen2_5_vl_7b,test,gross_gain,HALL,19,14,14,0,0.6013731606760511,0.583857480863871,0.6010577850834933,0.6267442367643505
qwen2_5_vl_7b,test,gross_gain,HALL,20,14,14,0,0.5870116056287776,0.555999377984729,0.5811265651738674,0.6147365651075148
qwen2_5_vl_7b,test,gross_gain,HALL,21,14,14,0,0.5873498621195518,0.5479251731205053,0.5969989237455253,0.6225785954508518
qwen2_5_vl_7b,test,gross_gain,HALL,22,14,14,0,0.5956780092058998,0.5555534647610911,0.5687480803064768,0.6399136753618753
qwen2_5_vl_7b,test,gross_gain,HALL,23,14,14,0,0.5681463628290038,0.5234416056511341,0.54032884028584,0.6142081197087804
qwen2_5_vl_7b,test,gross_gain,HALL,24,14,14,0,0.5513338037398191,0.48247870196189757,0.53818396980364,0.5974039060868449
qwen2_5_vl_7b,test,gross_gain,HALL,25,14,14,0,0.4441433981241171,0.4138634317497185,0.4397760862159372,0.4650634195564975
qwen2_5_vl_7b,test,gross_gain,HALL,26,14,14,0,0.3757250843062237,0.3639332741973723,0.3780342636759357,0.3857326011762593
qwen2_5_vl_7b,test,gross_gain,HALL,27,14,14,0,0.4356894274798609,0.40358172983138446,0.4382631004107536,0.46082459358516914
qwen2_5_vl_7b,test,gross_gain,HALL,28,14,14,0,0.6639593595885341,0.6070342621806656,0.627952456011708,0.7104008210830453
qwen2_5_vl_7b,test,cancellation,REAL,1,208,208,0,0.8312988880315164,0.7984751460379663,0.8515242620894697,0.8711859804260826
qwen2_5_vl_7b,test,cancellation,REAL,2,208,208,0,0.690960592231887,0.6378700452847115,0.7095131742140677,0.7586980874706346
qwen2_5_vl_7b,test,cancellation,REAL,3,208,208,0,0.6080125948543892,0.5484609883508493,0.5994075937894375,0.6500198778748458
qwen2_5_vl_7b,test,cancellation,REAL,4,208,208,0,0.5301066987404293,0.4672153480789826,0.5293031753077236,0.5882888663209035
qwen2_5_vl_7b,test,cancellation,REAL,5,208,208,0,0.6299897892539494,0.5677779847638736,0.6280090579239842,0.694446430549956
qwen2_5_vl_7b,test,cancellation,REAL,6,208,208,0,0.6125720095407661,0.5669960525759885,0.6189073543652641,0.6619961276090806
qwen2_5_vl_7b,test,cancellation,REAL,7,208,208,0,0.5818062914789259,0.5374468235467755,0.57587396123481,0.6192554212170847
qwen2_5_vl_7b,test,cancellation,REAL,8,208,208,0,0.497291938865171,0.44840710347029056,0.48384031194028654,0.5351149947943881
qwen2_5_vl_7b,test,cancellation,REAL,9,208,208,0,0.48338382064903074,0.44215960764903006,0.48131704509261874,0.5183705698448879
qwen2_5_vl_7b,test,cancellation,REAL,10,208,208,0,0.5751127837054756,0.4977793476369695,0.5681152740887361,0.6429693360266792
qwen2_5_vl_7b,test,cancellation,REAL,11,208,208,0,0.5029525029079459,0.4690773214848442,0.5011860990664667,0.5321838528879079
qwen2_5_vl_7b,test,cancellation,REAL,12,208,208,0,0.5031320236328409,0.4812384145859843,0.5094985850572922,0.5312418986178771
qwen2_5_vl_7b,test,cancellation,REAL,13,208,208,0,0.4430506560014638,0.4123115234156473,0.44434898442526866,0.4724768380864709
qwen2_5_vl_7b,test,cancellation,REAL,14,208,208,0,0.43286220444692813,0.3981184613137342,0.43150952792162667,0.460531509554131
qwen2_5_vl_7b,test,cancellation,REAL,15,208,208,0,0.45492394648224643,0.4210653523495405,0.4521232338730585,0.48561124767697195
qwen2_5_vl_7b,test,cancellation,REAL,16,208,208,0,0.37289363964116673,0.3389174946346115,0.36539355368500703,0.40513278826060467
qwen2_5_vl_7b,test,cancellation,REAL,17,208,208,0,0.4655193621432187,0.41064694803532914,0.4562902274535531,0.5160293542158975
qwen2_5_vl_7b,test,cancellation,REAL,18,208,208,0,0.35693791557360366,0.31785794658811456,0.34668387877421625,0.39084608127372505
qwen2_5_vl_7b,test,cancellation,REAL,19,208,208,0,0.42488528710286577,0.374141315617527,0.41101843854791553,0.4787206131577546
qwen2_5_vl_7b,test,cancellation,REAL,20,208,208,0,0.5149667378428796,0.47661325173613733,0.5130384010397249,0.553325120315353
qwen2_5_vl_7b,test,cancellation,REAL,21,208,208,0,0.4755375259652181,0.42819558361011123,0.4781063371120474,0.5125221674736098
qwen2_5_vl_7b,test,cancellation,REAL,22,208,208,0,0.5541829016725934,0.49596494596050567,0.5487225842736871,0.6098118550144801
qwen2_5_vl_7b,test,cancellation,REAL,23,208,208,0,0.4613521239099765,0.41870768926936053,0.45604499789546904,0.4983509173475797
qwen2_5_vl_7b,test,cancellation,REAL,24,208,208,0,0.5536433586244127,0.47015525151082227,0.5586448324425737,0.6285354574350986
qwen2_5_vl_7b,test,cancellation,REAL,25,208,208,0,0.45042645754275906,0.39768801933823406,0.44115941872108416,0.484104975181904
qwen2_5_vl_7b,test,cancellation,REAL,26,208,208,0,0.3903263148468244,0.3393421686932999,0.38995107224928915,0.4323761827969523
qwen2_5_vl_7b,test,cancellation,REAL,27,208,208,0,0.3969124280519016,0.329100988798676,0.3775882066791255,0.45452670334459666
qwen2_5_vl_7b,test,cancellation,REAL,28,208,208,0,0.5001776339961729,0.4542768486918054,0.49922452547372065,0.5522664779469759
qwen2_5_vl_7b,test,cancellation,HALL,1,14,14,0,0.8390600287291038,0.7996441888330102,0.8600955181409189,0.883097393333776
qwen2_5_vl_7b,test,cancellation,HALL,2,14,14,0,0.6925555331077665,0.6543699417305405,0.6826498948502824,0.7108849351353199
qwen2_5_vl_7b,test,cancellation,HALL,3,14,14,0,0.5834809802193307,0.5334738471857683,0.5681232711739401,0.6030296007836943
qwen2_5_vl_7b,test,cancellation,HALL,4,14,14,0,0.4612053404374136,0.41499487166712434,0.453578980086642,0.5083969088750568
qwen2_5_vl_7b,test,cancellation,HALL,5,14,14,0,0.5634326460053575,0.5204732419052172,0.5609636386913874,0.5998124634184867
qwen2_5_vl_7b,test,cancellation,HALL,6,14,14,0,0.5890196858303879,0.5775542134462884,0.6050060738387001,0.6373420336333976
qwen2_5_vl_7b,test,cancellation,HALL,7,14,14,0,0.5480856976634862,0.5137875962840599,0.5431861154492423,0.572019965921526
qwen2_5_vl_7b,test,cancellation,HALL,8,14,14,0,0.4961760560535337,0.47146081424183156,0.4938051997901145,0.5004601855423456
qwen2_5_vl_7b,test,cancellation,HALL,9,14,14,0,0.47367884089400086,0.4380919412228701,0.47611437339531687,0.5068384351783969
qwen2_5_vl_7b,test,cancellation,HALL,10,14,14,0,0.49510111579199007,0.4508247751163811,0.490606145605198,0.5590212149983846
qwen2_5_vl_7b,test,cancellation,HALL,11,14,14,0,0.49379231385540384,0.48175861698369377,0.4962838512826171,0.5102875525724633
qwen2_5_vl_7b,test,cancellation,HALL,12,14,14,0,0.494909438813668,0.4724411122282562,0.49714193705888343,0.5057567419516811
qwen2_5_vl_7b,test,cancellation,HALL,13,14,14,0,0.48508627013944994,0.46813649814976666,0.4809755932250612,0.5310627003518769
qwen2_5_vl_7b,test,cancellation,HALL,14,14,14,0,0.4750478751820353,0.3991755110244191,0.4479642543416461,0.531996332247396
qwen2_5_vl_7b,test,cancellation,HALL,15,14,14,0,0.4921077396019132,0.4423219590428987,0.4872066230944395,0.5207771495024891
qwen2_5_vl_7b,test,cancellation,HALL,16,14,14,0,0.39564803714380775,0.35073681087020747,0.3809879045254827,0.41940823474119626
qwen2_5_vl_7b,test,cancellation,HALL,17,14,14,0,0.46779835449430124,0.4422976971083897,0.4622511508411936,0.5041362637967265
qwen2_5_vl_7b,test,cancellation,HALL,18,14,14,0,0.3507437238225332,0.3062327937448842,0.3294166815547268,0.4014301857194007
qwen2_5_vl_7b,test,cancellation,HALL,19,14,14,0,0.47238072050687074,0.41012155591670907,0.4329685443826436,0.504290706675402
qwen2_5_vl_7b,test,cancellation,HALL,20,14,14,0,0.5309645923625571,0.463140729880776,0.5320288632856751,0.5894757189440532
qwen2_5_vl_7b,test,cancellation,HALL,21,14,14,0,0.471038946253057,0.4256107707769032,0.4642092682323837,0.5102587042472869
qwen2_5_vl_7b,test,cancellation,HALL,22,14,14,0,0.5410423839677945,0.458608041271096,0.5420024892225752,0.6075862985867339
qwen2_5_vl_7b,test,cancellation,HALL,23,14,14,0,0.48502772551782186,0.4364157774226799,0.4770281173460301,0.4944025008315214
qwen2_5_vl_7b,test,cancellation,HALL,24,14,14,0,0.5243503691214563,0.46770695328712486,0.527779772773176,0.5884750479508034
qwen2_5_vl_7b,test,cancellation,HALL,25,14,14,0,0.4830423552972501,0.3782036351766016,0.44406185546875776,0.5257095161206707
qwen2_5_vl_7b,test,cancellation,HALL,26,14,14,0,0.3396396544206824,0.28170412214979534,0.30984133649075557,0.35283610464952614
qwen2_5_vl_7b,test,cancellation,HALL,27,14,14,0,0.3647569596363826,0.2988317455335937,0.35089715851479675,0.40938624824600667
qwen2_5_vl_7b,test,cancellation,HALL,28,14,14,0,0.5098137624123552,0.46097684379508747,0.48906233752994865,0.5520090808096223
qwen2_5_vl_7b,test,closure,REAL,1,208,208,0,2.4273500821655384e-06,1.4662620628769218e-06,2.0420820874278434e-06,3.0587374340029783e-06
qwen2_5_vl_7b,test,closure,REAL,2,208,208,0,9.229823271757945e-06,5.305226750351721e-06,6.994901013968047e-06,1.0718514204199892e-05
qwen2_5_vl_7b,test,closure,REAL,3,208,208,0,1.4164842877579968e-05,8.389951744902646e-06,1.2437918485375121e-05,1.8444064153300133e-05
qwen2_5_vl_7b,test,closure,REAL,4,208,208,0,9.224419398579952e-06,3.825633143605955e-06,6.851499847471132e-06,1.1519128975123749e-05
qwen2_5_vl_7b,test,closure,REAL,5,208,208,0,7.031593976482607e-06,3.1236511404131306e-06,4.566853249343694e-06,9.721279411678552e-06
qwen2_5_vl_7b,test,closure,REAL,6,208,208,0,3.4900505235887417e-06,2.0243321046109486e-06,2.9131142582627945e-06,3.948549874621676e-06
qwen2_5_vl_7b,test,closure,REAL,7,208,208,0,6.1089146989537276e-06,2.5336187832181167e-06,4.039133955302532e-06,7.5518267976804054e-06
qwen2_5_vl_7b,test,closure,REAL,8,208,208,0,4.805942386208419e-06,2.252092372145853e-06,3.1592031746185967e-06,5.635296588479832e-06
qwen2_5_vl_7b,test,closure,REAL,9,208,208,0,2.4102468071983085e-06,1.3005268328925013e-06,1.671059123964369e-06,2.697515981253673e-06
qwen2_5_vl_7b,test,closure,REAL,10,208,208,0,2.454881985432149e-05,1.133087266680377e-06,2.046128884103382e-06,8.063124823820544e-06
qwen2_5_vl_7b,test,closure,REAL,11,208,208,0,3.1142341513784163e-06,1.9379330069568823e-06,2.7070196892964304e-06,3.671573381325288e-06
qwen2_5_vl_7b,test,closure,REAL,12,208,208,0,1.97631281159042e-06,1.1738206069367152e-06,1.49912648339523e-06,2.118277279805625e-06
qwen2_5_vl_7b,test,closure,REAL,13,208,208,0,1.8812731677432846e-06,1.2218596907587198e-06,1.5080769344422151e-06,1.944005305176688e-06
qwen2_5_vl_7b,test,closure,REAL,14,208,208,0,2.033895841490308e-06,1.0945098267711728e-06,1.407775243933429e-06,1.9023219692826387e-06
qwen2_5_vl_7b,test,closure,REAL,15,208,208,0,1.4635031773807966e-06,9.579142101756588e-07,1.1323901389914681e-06,1.4688490352909866e-06
qwen2_5_vl_7b,test,closure,REAL,16,208,208,0,3.2304678978352267e-06,2.1903322817706794e-06,2.822943883984408e-06,3.7060278827993898e-06
qwen2_5_vl_7b,test,closure,REAL,17,208,208,0,1.5224924555267394e-06,9.67468423596074e-07,1.1981302918684378e-06,1.5244316386997525e-06
qwen2_5_vl_7b,test,closure,REAL,18,208,208,0,3.244884297806458e-06,1.972609197764541e-06,2.644835717546812e-06,3.591353447518486e-06
qwen2_5_vl_7b,test,closure,REAL,19,208,208,0,3.03535243954929e-06,1.958235429810884e-06,2.4454961931041908e-06,3.3795790272961312e-06
qwen2_5_vl_7b,test,closure,REAL,20,208,208,0,1.4325161698226252e-06,1.0386332292000588e-06,1.2199292882542068e-06,1.5343634345299506e-06
qwen2_5_vl_7b,test,closure,REAL,21,208,208,0,2.6951308297585597e-06,1.7920569064244773e-06,2.2270755835052114e-06,3.030872392173478e-06
qwen2_5_vl_7b,test,closure,REAL,22,208,208,0,2.4577905744120717e-06,1.4029551778094174e-06,1.6216733911278425e-06,2.0059856069565285e-06
qwen2_5_vl_7b,test,closure,REAL,23,208,208,0,2.235356859013284e-05,1.6026275488911779e-06,2.0984060711271013e-06,2.7992377908958588e-06
qwen2_5_vl_7b,test,closure,REAL,24,208,208,0,3.538653727785091e-06,1.796203946469177e-06,2.3450197659258265e-06,3.582335239116219e-06
qwen2_5_vl_7b,test,closure,REAL,25,208,208,0,6.095542419669842e-06,4.097724399798608e-06,5.217951411395916e-06,6.90653644142003e-06
qwen2_5_vl_7b,test,closure,REAL,26,208,208,0,8.154154189609331e-06,5.33660067958408e-06,6.519728003695491e-06,9.077255072043044e-06
qwen2_5_vl_7b,test,closure,REAL,27,208,208,0,5.067920691514106e-06,2.951959288566286e-06,3.95937854591466e-06,5.5462824093410745e-06
qwen2_5_vl_7b,test,closure,REAL,28,208,208,0,6.2303806919098515e-06,3.433441747802135e-06,4.5956264784763334e-06,6.672743097624334e-06
qwen2_5_vl_7b,test,closure,HALL,1,14,14,0,3.566650523875329e-06,2.312850540420186e-06,3.4087715903297067e-06,4.5418466925184475e-06
qwen2_5_vl_7b,test,closure,HALL,2,14,14,0,9.648613627177838e-06,7.95569258116302e-06,9.204200068779755e-06,1.1858919833684922e-05
qwen2_5_vl_7b,test,closure,HALL,3,14,14,0,1.9797873652091118e-05,1.3365374570639688e-05,1.7062978258763906e-05,2.5011102934513474e-05
qwen2_5_vl_7b,test,closure,HALL,4,14,14,0,1.699396995848344e-05,9.146588354269625e-06,1.7673426555120386e-05,2.161496331609669e-05
qwen2_5_vl_7b,test,closure,HALL,5,14,14,0,9.26592708440564e-06,5.996649747430638e-06,9.116202363657067e-06,1.172619022327126e-05
qwen2_5_vl_7b,test,closure,HALL,6,14,14,0,4.76197036342845e-06,2.780948307190556e-06,3.4175645851064473e-06,5.043249416303297e-06
qwen2_5_vl_7b,test,closure,HALL,7,14,14,0,9.344737139014927e-06,5.4031663694331655e-06,7.461889481419348e-06,9.549500646244269e-06
qwen2_5_vl_7b,test,closure,HALL,8,14,14,0,4.022435356481375e-06,2.5691052769616363e-06,3.108649934802088e-06,4.176775405539956e-06
qwen2_5_vl_7b,test,closure,HALL,9,14,14,0,2.4292615502677757e-06,1.5916992879283498e-06,1.873991209322412e-06,3.1133400284488744e-06
qwen2_5_vl_7b,test,closure,HALL,10,14,14,0,4.651046412261296e-06,1.085740791495482e-06,1.379554475988698e-06,4.333733386374661e-06
qwen2_5_vl_7b,test,closure,HALL,11,14,14,0,3.5310614277607655e-06,2.119750320161984e-06,3.393729457457084e-06,4.715436602964473e-06
qwen2_5_vl_7b,test,closure,HALL,12,14,14,0,1.7504582509835537e-06,1.2876678852080659e-06,1.5650329032723675e-06,2.0053774392181367e-06
qwen2_5_vl_7b,test,closure,HALL,13,14,14,0,1.5975325839333112e-06,1.4618593979776051e-06,1.592630326285871e-06,1.6236176634265576e-06
qwen2_5_vl_7b,test,closure,HALL,14,14,14,0,1.401778547460708e-06,1.125888587694135e-06,1.3604060313809896e-06,1.6925526153954706e-06
qwen2_5_vl_7b,test,closure,HALL,15,14,14,0,1.3171975581371953e-06,8.890138900596867e-07,1.058770862982783e-06,1.1640110813004867e-06
qwen2_5_vl_7b,test,closure,HALL,16,14,14,0,3.1236818683412693e-06,2.2947966726860614e-06,3.1037960752655636e-06,3.9871961234894115e-06
qwen2_5_vl_7b,test,closure,HALL,17,14,14,0,1.4457341787224972e-06,1.086540009964665e-06,1.2419607173796976e-06,1.657105343610965e-06
qwen2_5_vl_7b,test,closure,HALL,18,14,14,0,3.3606844453970552e-06,2.1064877842036367e-06,3.223190333301318e-06,4.155692863605509e-06
qwen2_5_vl_7b,test,closure,HALL,19,14,14,0,2.424362622020583e-06,1.9610145614024077e-06,2.3087917497832677e-06,2.549612077018537e-06
qwen2_5_vl_7b,test,closure,HALL,20,14,14,0,1.405178133089586e-06,1.1672034645471285e-06,1.321054639902286e-06,1.4939817276626854e-06
qwen2_5_vl_7b,test,closure,HALL,21,14,14,0,2.6069867625925066e-06,2.0999970047341776e-06,2.4263640625576954e-06,3.1543467571282235e-06
qwen2_5_vl_7b,test,closure,HALL,22,14,14,0,1.5593212968464546e-06,1.2011397245714761e-06,1.3531723652704386e-06,1.6128457502873061e-06
qwen2_5_vl_7b,test,closure,HALL,23,14,14,0,5.018993379378246e-06,1.837124756320918e-06,2.199317236772913e-06,2.5847736537798482e-06
qwen2_5_vl_7b,test,closure,HALL,24,14,14,0,2.4356085889719125e-06,1.912295431338862e-06,2.124023581018264e-06,2.9395874889814877e-06
qwen2_5_vl_7b,test,closure,HALL,25,14,14,0,5.55762489641763e-06,3.355358899170824e-06,4.5114566091797315e-06,6.393413855221297e-06
qwen2_5_vl_7b,test,closure,HALL,26,14,14,0,1.1040329435932758e-05,5.731065812142333e-06,9.672779924585484e-06,1.4903273267918848e-05
qwen2_5_vl_7b,test,closure,HALL,27,14,14,0,4.953827880984006e-06,3.4079978377121734e-06,4.258383114574826e-06,6.316808367046178e-06
qwen2_5_vl_7b,test,closure,HALL,28,14,14,0,6.103829069356184e-06,4.443514740160026e-06,5.531547913051327e-06,6.774541816412238e-06
qwen2_5_vl_7b,test,rotation_mean,REAL,1,208,208,0,-0.14827119171073158,-0.22362343594431877,-0.147835411131382,-0.0729165617376566
qwen2_5_vl_7b,test,rotation_mean,REAL,2,208,208,0,-0.12623489580045527,-0.1418335847556591,-0.11900594085454941,-0.10597436688840389
qwen2_5_vl_7b,test,rotation_mean,REAL,3,208,208,0,-0.18951276598426586,-0.222195602953434,-0.19929975271224976,-0.16068704053759575
qwen2_5_vl_7b,test,rotation_mean,REAL,4,208,208,0,-0.2344946195371449,-0.2704126238822937,-0.24782447516918182,-0.20515307039022446
qwen2_5_vl_7b,test,rotation_mean,REAL,5,208,208,0,-0.28367723975903714,-0.3039703741669655,-0.28476791083812714,-0.2621384635567665
qwen2_5_vl_7b,test,rotation_mean,REAL,6,208,208,0,-0.37491336837410927,-0.4028981029987335,-0.38725991547107697,-0.3520893082022667
qwen2_5_vl_7b,test,rotation_mean,REAL,7,208,208,0,-0.3600294691725419,-0.40073036402463913,-0.37936803698539734,-0.3316581919789314
qwen2_5_vl_7b,test,rotation_mean,REAL,8,208,208,0,-0.4623104164090294,-0.5192701518535614,-0.48942482471466064,-0.43705983459949493
qwen2_5_vl_7b,test,rotation_mean,REAL,9,208,208,0,-0.3659851683232074,-0.41466788202524185,-0.38695932924747467,-0.33044159412384033
qwen2_5_vl_7b,test,rotation_mean,REAL,10,208,208,0,-0.5791767612099648,-0.6200050860643387,-0.5869211256504059,-0.5440252870321274
qwen2_5_vl_7b,test,rotation_mean,REAL,11,208,208,0,-0.4630335901792233,-0.49421487003564835,-0.47436319291591644,-0.43248362094163895
qwen2_5_vl_7b,test,rotation_mean,REAL,12,208,208,0,-0.4293108182744338,-0.4541386514902115,-0.43359382450580597,-0.40860775113105774
qwen2_5_vl_7b,test,rotation_mean,REAL,13,208,208,0,-0.42221965024677605,-0.46073707193136215,-0.42819805443286896,-0.39384493231773376
qwen2_5_vl_7b,test,rotation_mean,REAL,14,208,208,0,-0.5001127446213594,-0.533839225769043,-0.5042666792869568,-0.47553011775016785
qwen2_5_vl_7b,test,rotation_mean,REAL,15,208,208,0,-0.32981155440211296,-0.3543778136372566,-0.3308366388082504,-0.30424072593450546
qwen2_5_vl_7b,test,rotation_mean,REAL,16,208,208,0,-0.34985806993567026,-0.38101673871278763,-0.35775943100452423,-0.33374863117933273
qwen2_5_vl_7b,test,rotation_mean,REAL,17,208,208,0,-0.3652427848428488,-0.3858882859349251,-0.36472366750240326,-0.3451980948448181
qwen2_5_vl_7b,test,rotation_mean,REAL,18,208,208,0,-0.38019444334965485,-0.3985370397567749,-0.38313865661621094,-0.36611713469028473
qwen2_5_vl_7b,test,rotation_mean,REAL,19,208,208,0,-0.3281024857782401,-0.34878862649202347,-0.3311680257320404,-0.3107532858848572
qwen2_5_vl_7b,test,rotation_mean,REAL,20,208,208,0,-0.21191154441867882,-0.2360142469406128,-0.21179994940757751,-0.1846865527331829
qwen2_5_vl_7b,test,rotation_mean,REAL,21,208,208,0,-0.24941325116042906,-0.27828676253557205,-0.24708381295204163,-0.21271846443414688
qwen2_5_vl_7b,test,rotation_mean,REAL,22,208,208,0,-0.14343533772402084,-0.16471925750374794,-0.14221008121967316,-0.11954713054001331
qwen2_5_vl_7b,test,rotation_mean,REAL,23,208,208,0,-0.06565672509504321,-0.08859429880976677,-0.06849199905991554,-0.04624804388731718
qwen2_5_vl_7b,test,rotation_mean,REAL,24,208,208,0,-0.07182473554992332,-0.08567347750067711,-0.07160351052880287,-0.05853998754173517
qwen2_5_vl_7b,test,rotation_mean,REAL,25,208,208,0,-0.03855136931682724,-0.05818941164761782,-0.03870995528995991,-0.018413657322525978
qwen2_5_vl_7b,test,rotation_mean,REAL,26,208,208,0,0.011668084275138076,0.0031062743510119617,0.01244245283305645,0.02192544937133789
qwen2_5_vl_7b,test,rotation_mean,REAL,27,208,208,0,0.0165604874886972,-0.012450586538761854,0.013641704805195332,0.0463472455739975
qwen2_5_vl_7b,test,rotation_mean,REAL,28,208,208,0,-0.06560175249062293,-0.12293272651731968,-0.04367075487971306,0.01003129524178803
qwen2_5_vl_7b,test,rotation_mean,HALL,1,14,14,0,-0.13383393066136964,-0.1797461248934269,-0.16017092019319534,-0.08193783275783062
qwen2_5_vl_7b,test,rotation_mean,HALL,2,14,14,0,-0.12378698667245251,-0.13790908455848694,-0.1274876818060875,-0.11330575123429298
qwen2_5_vl_7b,test,rotation_mean,HALL,3,14,14,0,-0.1935880503484181,-0.21206579357385635,-0.20251339673995972,-0.17520203068852425
qwen2_5_vl_7b,test,rotation_mean,HALL,4,14,14,0,-0.23932261977876937,-0.26537685096263885,-0.25321049988269806,-0.2076677456498146
qwen2_5_vl_7b,test,rotation_mean,HALL,5,14,14,0,-0.28195642892803463,-0.3015340492129326,-0.275984987616539,-0.26972300559282303
qwen2_5_vl_7b,test,rotation_mean,HALL,6,14,14,0,-0.3606862447091511,-0.3954528719186783,-0.3775161951780319,-0.3401715010404587
qwen2_5_vl_7b,test,rotation_mean,HALL,7,14,14,0,-0.3728864012019975,-0.42246687412261963,-0.3863280862569809,-0.3525615781545639
qwen2_5_vl_7b,test,rotation_mean,HALL,8,14,14,0,-0.4792969077825546,-0.5178403258323669,-0.49296198785305023,-0.462832048535347
qwen2_5_vl_7b,test,rotation_mean,HALL,9,14,14,0,-0.3613777852484158,-0.40825457870960236,-0.3681381046772003,-0.34099650382995605
qwen2_5_vl_7b,test,rotation_mean,HALL,10,14,14,0,-0.5926964708736965,-0.6118918508291245,-0.5981933772563934,-0.5625617653131485
qwen2_5_vl_7b,test,rotation_mean,HALL,11,14,14,0,-0.4661138355731964,-0.4944360926747322,-0.46857187151908875,-0.4457496106624603
qwen2_5_vl_7b,test,rotation_mean,HALL,12,14,14,0,-0.42366326068128857,-0.4438295289874077,-0.42339925467967987,-0.39612696319818497
qwen2_5_vl_7b,test,rotation_mean,HALL,13,14,14,0,-0.41487198429448263,-0.44051338732242584,-0.42943036556243896,-0.39851388335227966
qwen2_5_vl_7b,test,rotation_mean,HALL,14,14,14,0,-0.5202826729842595,-0.5512996166944504,-0.5267544090747833,-0.4905896782875061
qwen2_5_vl_7b,test,rotation_mean,HALL,15,14,14,0,-0.3223464105810438,-0.34886346012353897,-0.3261609822511673,-0.294352725148201
qwen2_5_vl_7b,test,rotation_mean,HALL,16,14,14,0,-0.35573933379990713,-0.3827296048402786,-0.36244645714759827,-0.32602663338184357
qwen2_5_vl_7b,test,rotation_mean,HALL,17,14,14,0,-0.38041738101414274,-0.3943900689482689,-0.38019856810569763,-0.36247362196445465
qwen2_5_vl_7b,test,rotation_mean,HALL,18,14,14,0,-0.390164247580937,-0.40978261083364487,-0.3871885985136032,-0.37905728816986084
qwen2_5_vl_7b,test,rotation_mean,HALL,19,14,14,0,-0.310671791434288,-0.3350178748369217,-0.3105282783508301,-0.29514406621456146
qwen2_5_vl_7b,test,rotation_mean,HALL,20,14,14,0,-0.20163598443780625,-0.21545684710144997,-0.20992568880319595,-0.19351410865783691
qwen2_5_vl_7b,test,rotation_mean,HALL,21,14,14,0,-0.2700799064976828,-0.29401738196611404,-0.26092728972435,-0.2375207282602787
qwen2_5_vl_7b,test,rotation_mean,HALL,22,14,14,0,-0.15025868745786802,-0.15555062144994736,-0.13776836544275284,-0.12517576664686203
qwen2_5_vl_7b,test,rotation_mean,HALL,23,14,14,0,-0.07265676258664046,-0.08437531813979149,-0.0714394859969616,-0.06362209375947714
qwen2_5_vl_7b,test,rotation_mean,HALL,24,14,14,0,-0.07084325488124575,-0.07794972695410252,-0.07076744735240936,-0.05591687560081482
qwen2_5_vl_7b,test,rotation_mean,HALL,25,14,14,0,-0.030520685603343218,-0.04056813567876816,-0.03117738850414753,-0.016535703092813492
qwen2_5_vl_7b,test,rotation_mean,HALL,26,14,14,0,0.01723910908081702,0.01081968192011118,0.022336747497320175,0.027262427378445864
qwen2_5_vl_7b,test,rotation_mean,HALL,27,14,14,0,0.032906647106366496,-0.0004707732005044818,0.037337806075811386,0.053263766691088676
qwen2_5_vl_7b,test,rotation_mean,HALL,28,14,14,0,-0.016181184205509323,-0.053017165046185255,-0.006978973338846117,0.024362658616155386
qwen2_5_vl_7b,test,rotation_median,REAL,1,208,208,0,-0.14760025863562568,-0.22367233410477638,-0.14230554550886154,-0.0749648530036211
qwen2_5_vl_7b,test,rotation_median,REAL,2,208,208,0,-0.12503962637856603,-0.141613882035017,-0.11870259791612625,-0.10654983296990395
qwen2_5_vl_7b,test,rotation_median,REAL,3,208,208,0,-0.18777069005255514,-0.21720612049102783,-0.19660397619009018,-0.16272319480776787
qwen2_5_vl_7b,test,rotation_median,REAL,4,208,208,0,-0.23727893911731932,-0.2711407393217087,-0.24789632856845856,-0.20831730589270592
qwen2_5_vl_7b,test,rotation_median,REAL,5,208,208,0,-0.28316567780879826,-0.30483581870794296,-0.2845119535923004,-0.26076608896255493
qwen2_5_vl_7b,test,rotation_median,REAL,6,208,208,0,-0.37328772640858704,-0.4020678997039795,-0.38526614010334015,-0.34862522780895233
qwen2_5_vl_7b,test,rotation_median,REAL,7,208,208,0,-0.3593749343775786,-0.3989644944667816,-0.37922529876232147,-0.33018800616264343
qwen2_5_vl_7b,test,rotation_median,REAL,8,208,208,0,-0.46601132661677325,-0.5228994190692902,-0.49378247559070587,-0.4418945908546448
qwen2_5_vl_7b,test,rotation_median,REAL,9,208,208,0,-0.3704771422422849,-0.4167773202061653,-0.38849665224552155,-0.33359444886446
qwen2_5_vl_7b,test,rotation_median,REAL,10,208,208,0,-0.5974832548258396,-0.6338562220335007,-0.6077822744846344,-0.569198802113533
qwen2_5_vl_7b,test,rotation_median,REAL,11,208,208,0,-0.46381074433716446,-0.49401985853910446,-0.47311538457870483,-0.43181193619966507
qwen2_5_vl_7b,test,rotation_median,REAL,12,208,208,0,-0.43396865103680354,-0.45882925391197205,-0.43774616718292236,-0.41290608793497086
qwen2_5_vl_7b,test,rotation_median,REAL,13,208,208,0,-0.4298956503088658,-0.4704224690794945,-0.43589794635772705,-0.4020746424794197
qwen2_5_vl_7b,test,rotation_median,REAL,14,208,208,0,-0.5083723478019238,-0.5417950004339218,-0.5136300921440125,-0.48381784558296204
qwen2_5_vl_7b,test,rotation_median,REAL,15,208,208,0,-0.3368916062351603,-0.3710896223783493,-0.3383045494556427,-0.30593039840459824
qwen2_5_vl_7b,test,rotation_median,REAL,16,208,208,0,-0.35675021590521705,-0.38871487230062485,-0.3623044341802597,-0.33941763639450073
qwen2_5_vl_7b,test,rotation_median,REAL,17,208,208,0,-0.37308292305813384,-0.3952188417315483,-0.37229129672050476,-0.35127275437116623
qwen2_5_vl_7b,test,rotation_median,REAL,18,208,208,0,-0.3848212855653121,-0.40223048627376556,-0.38823214173316956,-0.37221894413232803
qwen2_5_vl_7b,test,rotation_median,REAL,19,208,208,0,-0.32866398531657,-0.34919726848602295,-0.33158691227436066,-0.3138590678572655
qwen2_5_vl_7b,test,rotation_median,REAL,20,208,208,0,-0.20956464710000616,-0.23714087530970573,-0.20983535051345825,-0.17900580167770386
qwen2_5_vl_7b,test,rotation_median,REAL,21,208,208,0,-0.24623026011081842,-0.27255329489707947,-0.2437821701169014,-0.21187319979071617
qwen2_5_vl_7b,test,rotation_median,REAL,22,208,208,0,-0.14181192613278443,-0.16451550647616386,-0.14008253812789917,-0.11866593547165394
qwen2_5_vl_7b,test,rotation_median,REAL,23,208,208,0,-0.06660353723082853,-0.08968466334044933,-0.07006281241774559,-0.04694988951086998
qwen2_5_vl_7b,test,rotation_median,REAL,24,208,208,0,-0.07571677251969679,-0.08914744108915329,-0.07538313418626785,-0.063337417319417
qwen2_5_vl_7b,test,rotation_median,REAL,25,208,208,0,-0.02707453019776879,-0.04412994533777237,-0.026872063986957073,-0.011452165199443698
qwen2_5_vl_7b,test,rotation_median,REAL,26,208,208,0,0.01579184460985936,0.0068038193276152015,0.01535794511437416,0.025061430875211954
qwen2_5_vl_7b,test,rotation_median,REAL,27,208,208,0,0.03083780189130126,0.0017852203163783997,0.026110325939953327,0.05964205414056778
qwen2_5_vl_7b,test,rotation_median,REAL,28,208,208,0,-0.044859146353841285,-0.07226661033928394,-0.026928295381367207,0.0167740429751575
qwen2_5_vl_7b,test,rotation_median,HALL,1,14,14,0,-0.1327922103394355,-0.17639906704425812,-0.16015086323022842,-0.08209662139415741
qwen2_5_vl_7b,test,rotation_median,HALL,2,14,14,0,-0.12244945977415357,-0.13780435547232628,-0.12649942189455032,-0.11553139425814152
qwen2_5_vl_7b,test,rotation_median,HALL,3,14,14,0,-0.19033019138234003,-0.20553331449627876,-0.19951628893613815,-0.17437352612614632
qwen2_5_vl_7b,test,rotation_median,HALL,4,14,14,0,-0.24144925283534185,-0.26570362597703934,-0.2551232576370239,-0.21200330555438995
qwen2_5_vl_7b,test,rotation_median,HALL,5,14,14,0,-0.2800041085907391,-0.2998667135834694,-0.2742181271314621,-0.26340626180171967
qwen2_5_vl_7b,test,rotation_median,HALL,6,14,14,0,-0.36042640038899015,-0.3977546840906143,-0.37410472333431244,-0.3453594371676445
qwen2_5_vl_7b,test,rotation_median,HALL,7,14,14,0,-0.37267007891620907,-0.4216398522257805,-0.3844555467367172,-0.3515358343720436
qwen2_5_vl_7b,test,rotation_median,HALL,8,14,14,0,-0.4826629694019045,-0.5203880220651627,-0.4974738359451294,-0.4648466259241104
qwen2_5_vl_7b,test,rotation_median,HALL,9,14,14,0,-0.36482471014772144,-0.4109061360359192,-0.3730917423963547,-0.3403349965810776
qwen2_5_vl_7b,test,rotation_median,HALL,10,14,14,0,-0.6098642349243164,-0.6278913915157318,-0.6175414323806763,-0.5804695636034012
qwen2_5_vl_7b,test,rotation_median,HALL,11,14,14,0,-0.4656702663217272,-0.4976106286048889,-0.46994343400001526,-0.441393107175827
qwen2_5_vl_7b,test,rotation_median,HALL,12,14,14,0,-0.4343278557062149,-0.46126721799373627,-0.43602390587329865,-0.40075764060020447
qwen2_5_vl_7b,test,rotation_median,HALL,13,14,14,0,-0.42270647627966745,-0.44993236660957336,-0.4356527626514435,-0.408272385597229
qwen2_5_vl_7b,test,rotation_median,HALL,14,14,14,0,-0.5284825265407562,-0.5588644295930862,-0.5319905877113342,-0.4985696002840996
qwen2_5_vl_7b,test,rotation_median,HALL,15,14,14,0,-0.3299272283911705,-0.36932243406772614,-0.3349578231573105,-0.293795570731163
qwen2_5_vl_7b,test,rotation_median,HALL,16,14,14,0,-0.363790152328355,-0.3914633244276047,-0.3692859560251236,-0.33364882320165634
qwen2_5_vl_7b,test,rotation_median,HALL,17,14,14,0,-0.3900219180754253,-0.40676094591617584,-0.3890390247106552,-0.37014511227607727
qwen2_5_vl_7b,test,rotation_median,HALL,18,14,14,0,-0.39230104216507505,-0.41036516427993774,-0.3907148540019989,-0.38227495551109314
qwen2_5_vl_7b,test,rotation_median,HALL,19,14,14,0,-0.3155253029295376,-0.3371400460600853,-0.31799350678920746,-0.3066965714097023
qwen2_5_vl_7b,test,rotation_median,HALL,20,14,14,0,-0.1974652260541916,-0.20960580930113792,-0.20393357425928116,-0.19030491635203362
qwen2_5_vl_7b,test,rotation_median,HALL,21,14,14,0,-0.2632058731147221,-0.2852601781487465,-0.2505318969488144,-0.2344808429479599
qwen2_5_vl_7b,test,rotation_median,HALL,22,14,14,0,-0.14684126898646355,-0.15416459366679192,-0.13661065697669983,-0.12106133997440338
qwen2_5_vl_7b,test,rotation_median,HALL,23,14,14,0,-0.07272726763039827,-0.08656594157218933,-0.07293380424380302,-0.06495335884392262
qwen2_5_vl_7b,test,rotation_median,HALL,24,14,14,0,-0.07235486752220563,-0.08644204214215279,-0.06910475715994835,-0.059826938435435295
qwen2_5_vl_7b,test,rotation_median,HALL,25,14,14,0,-0.020691406647009507,-0.03347426978871226,-0.018651730380952358,-0.006017901469022036
qwen2_5_vl_7b,test,rotation_median,HALL,26,14,14,0,0.021810420522732393,0.014542486518621445,0.022858351469039917,0.030678445007652044
qwen2_5_vl_7b,test,rotation_median,HALL,27,14,14,0,0.041918679888892384,0.017855259589850903,0.04779350198805332,0.064286595210433
qwen2_5_vl_7b,test,rotation_median,HALL,28,14,14,0,0.00817321689932474,-0.029012587387114763,0.006829207995906472,0.030960376374423504
qwen2_5_vl_7b,test,input_cancellation,REAL,1,208,208,0,0.7828385001764848,0.768990769982338,0.7839871942996979,0.7989723384380341
qwen2_5_vl_7b,test,input_cancellation,REAL,2,208,208,0,0.6237814211501524,0.5825298577547073,0.6248880922794342,0.6652822494506836
qwen2_5_vl_7b,test,input_cancellation,REAL,3,208,208,0,0.488648796454072,0.44566232711076736,0.47489796578884125,0.5137384235858917
qwen2_5_vl_7b,test,input_cancellation,REAL,4,208,208,0,0.4864231909696872,0.43926068395376205,0.4775853008031845,0.5214466750621796
qwen2_5_vl_7b,test,input_cancellation,REAL,5,208,208,0,0.5398166503470677,0.48320332169532776,0.5308428406715393,0.5859627425670624
qwen2_5_vl_7b,test,input_cancellation,REAL,6,208,208,0,0.5396221307321236,0.5070745944976807,0.5425632297992706,0.5748690813779831
qwen2_5_vl_7b,test,input_cancellation,REAL,7,208,208,0,0.5415844198029774,0.4982897639274597,0.5443878471851349,0.5834812223911285
qwen2_5_vl_7b,test,input_cancellation,REAL,8,208,208,0,0.4724142039911105,0.4357311576604843,0.46526290476322174,0.4966905936598778
qwen2_5_vl_7b,test,input_cancellation,REAL,9,208,208,0,0.45093476227842844,0.414239302277565,0.4503047466278076,0.47937142848968506
qwen2_5_vl_7b,test,input_cancellation,REAL,10,208,208,0,0.5074751397164968,0.4590657949447632,0.49799850583076477,0.5526306331157684
qwen2_5_vl_7b,test,input_cancellation,REAL,11,208,208,0,0.5174722763208243,0.48663320392370224,0.51389479637146,0.5468551963567734
qwen2_5_vl_7b,test,input_cancellation,REAL,12,208,208,0,0.46051432049045193,0.435455746948719,0.46390511095523834,0.4891074001789093
qwen2_5_vl_7b,test,input_cancellation,REAL,13,208,208,0,0.4117488944186614,0.38002368807792664,0.40718889236450195,0.4385751411318779
qwen2_5_vl_7b,test,input_cancellation,REAL,14,208,208,0,0.3851297931888929,0.35699376463890076,0.3866350054740906,0.411399707198143
qwen2_5_vl_7b,test,input_cancellation,REAL,15,208,208,0,0.4121925597294019,0.37276045233011246,0.4093243181705475,0.44197263568639755
qwen2_5_vl_7b,test,input_cancellation,REAL,16,208,208,0,0.3525173016465627,0.32848312705755234,0.347419336438179,0.3732387349009514
qwen2_5_vl_7b,test,input_cancellation,REAL,17,208,208,0,0.4153991343023685,0.37203460931777954,0.4009163975715637,0.4564059153199196
qwen2_5_vl_7b,test,input_cancellation,REAL,18,208,208,0,0.3378218011214183,0.30484379827976227,0.33192117512226105,0.36565908044576645
qwen2_5_vl_7b,test,input_cancellation,REAL,19,208,208,0,0.4036985095590353,0.3543305844068527,0.39509038627147675,0.4492166116833687
qwen2_5_vl_7b,test,input_cancellation,REAL,20,208,208,0,0.44614321996386236,0.4125403016805649,0.4416649341583252,0.4777691215276718
qwen2_5_vl_7b,test,input_cancellation,REAL,21,208,208,0,0.43422376923263073,0.38859565556049347,0.4289114326238632,0.4750719889998436
qwen2_5_vl_7b,test,input_cancellation,REAL,22,208,208,0,0.4555053192262466,0.411261223256588,0.4514041990041733,0.5045600533485413
qwen2_5_vl_7b,test,input_cancellation,REAL,23,208,208,0,0.4229709099118526,0.38749827444553375,0.4197816252708435,0.45485855638980865
qwen2_5_vl_7b,test,input_cancellation,REAL,24,208,208,0,0.4213296601978632,0.37109383195638657,0.41952061653137207,0.46675269305706024
qwen2_5_vl_7b,test,input_cancellation,REAL,25,208,208,0,0.4321818846062972,0.3786570057272911,0.42580755054950714,0.4748203605413437
qwen2_5_vl_7b,test,input_cancellation,REAL,26,208,208,0,0.3747044431332212,0.3212692216038704,0.3716924488544464,0.42086878418922424
qwen2_5_vl_7b,test,input_cancellation,REAL,27,208,208,0,0.3593745230912016,0.3086536005139351,0.34570686519145966,0.403411403298378
qwen2_5_vl_7b,test,input_cancellation,REAL,28,208,208,0,0.38710408457196677,0.3318181708455086,0.38383665680885315,0.427294559776783
qwen2_5_vl_7b,test,input_cancellation,HALL,1,14,14,0,0.7820284749780383,0.7697771936655045,0.7786068618297577,0.789860725402832
qwen2_5_vl_7b,test,input_cancellation,HALL,2,14,14,0,0.6181176432541439,0.5844304263591766,0.6121020615100861,0.6530444324016571
qwen2_5_vl_7b,test,input_cancellation,HALL,3,14,14,0,0.4756459359611784,0.42664603888988495,0.4672587066888809,0.49753566086292267
qwen2_5_vl_7b,test,input_cancellation,HALL,4,14,14,0,0.43883643192904337,0.3908492848277092,0.43491823971271515,0.46672868728637695
qwen2_5_vl_7b,test,input_cancellation,HALL,5,14,14,0,0.4935706853866577,0.44793230295181274,0.49277664721012115,0.5281181782484055
qwen2_5_vl_7b,test,input_cancellation,HALL,6,14,14,0,0.5165051988192967,0.49959857016801834,0.5147556662559509,0.5378984361886978
qwen2_5_vl_7b,test,input_cancellation,HALL,7,14,14,0,0.5026944386107581,0.47730497270822525,0.49825742840766907,0.5261765420436859
qwen2_5_vl_7b,test,input_cancellation,HALL,8,14,14,0,0.47614129313400816,0.4635845199227333,0.46927598118782043,0.4756459817290306
qwen2_5_vl_7b,test,input_cancellation,HALL,9,14,14,0,0.44598924475056784,0.41107969731092453,0.4533044397830963,0.4688106030225754
qwen2_5_vl_7b,test,input_cancellation,HALL,10,14,14,0,0.451905329312597,0.39861563593149185,0.44520415365695953,0.48337261378765106
qwen2_5_vl_7b,test,input_cancellation,HALL,11,14,14,0,0.5019780610288892,0.48473675549030304,0.4942127764225006,0.5227654427289963
qwen2_5_vl_7b,test,input_cancellation,HALL,12,14,14,0,0.4577345571347645,0.43754108995199203,0.4601520001888275,0.47454898059368134
qwen2_5_vl_7b,test,input_cancellation,HALL,13,14,14,0,0.4615592956542969,0.424197182059288,0.4632754474878311,0.4964657798409462
qwen2_5_vl_7b,test,input_cancellation,HALL,14,14,14,0,0.4285024234226772,0.3600134328007698,0.39794397354125977,0.47497445344924927
qwen2_5_vl_7b,test,input_cancellation,HALL,15,14,14,0,0.4577553059373583,0.41954726725816727,0.45199909806251526,0.4762590304017067
qwen2_5_vl_7b,test,input_cancellation,HALL,16,14,14,0,0.39144780593258993,0.3444117531180382,0.3685831278562546,0.4390156790614128
qwen2_5_vl_7b,test,input_cancellation,HALL,17,14,14,0,0.4261725183044161,0.40140028297901154,0.41979268193244934,0.4551991671323776
qwen2_5_vl_7b,test,input_cancellation,HALL,18,14,14,0,0.3456214964389801,0.31459805369377136,0.32258500158786774,0.36275775730609894
qwen2_5_vl_7b,test,input_cancellation,HALL,19,14,14,0,0.4587119881595884,0.3946320489048958,0.42219649255275726,0.4782750904560089
qwen2_5_vl_7b,test,input_cancellation,HALL,20,14,14,0,0.4709163968052183,0.41223494708538055,0.465338334441185,0.5003115683794022
qwen2_5_vl_7b,test,input_cancellation,HALL,21,14,14,0,0.44744840264320374,0.41617491096258163,0.43248599767684937,0.4909267723560333
qwen2_5_vl_7b,test,input_cancellation,HALL,22,14,14,0,0.45010216321263996,0.3806166723370552,0.4319075345993042,0.5190718322992325
qwen2_5_vl_7b,test,input_cancellation,HALL,23,14,14,0,0.4524586796760559,0.39964328706264496,0.4226423650979996,0.5045672431588173
qwen2_5_vl_7b,test,input_cancellation,HALL,24,14,14,0,0.4169317398752485,0.35320331156253815,0.3982563018798828,0.47150105983018875
qwen2_5_vl_7b,test,input_cancellation,HALL,25,14,14,0,0.45305455582482473,0.36686716228723526,0.4093654155731201,0.47018736600875854
qwen2_5_vl_7b,test,input_cancellation,HALL,26,14,14,0,0.34067007686410633,0.27879931777715683,0.3128347396850586,0.34972307085990906
qwen2_5_vl_7b,test,input_cancellation,HALL,27,14,14,0,0.3413488396576473,0.28566572070121765,0.32370638847351074,0.35588105022907257
qwen2_5_vl_7b,test,input_cancellation,HALL,28,14,14,0,0.3732785348381315,0.30090484768152237,0.3512869030237198,0.3977896720170975
qwen2_5_vl_7b,test,cancellation_change,REAL,1,208,208,0,0.04846038785503174,0.014543207940642067,0.06246523014513078,0.08763366435273795
qwen2_5_vl_7b,test,cancellation_change,REAL,2,208,208,0,0.06717917108173459,0.003309756703188893,0.06410159834500911,0.12288749031878207
qwen2_5_vl_7b,test,cancellation_change,REAL,3,208,208,0,0.1193637984003172,0.08369582237482368,0.11902454428816667,0.1531371779340664
qwen2_5_vl_7b,test,cancellation_change,REAL,4,208,208,0,0.043683507770742036,0.006326707943457341,0.04708930428462574,0.07681534992171848
qwen2_5_vl_7b,test,cancellation_change,REAL,5,208,208,0,0.09017313890688175,0.06040276051800775,0.08784128167644545,0.12638602796112355
qwen2_5_vl_7b,test,cancellation_change,REAL,6,208,208,0,0.07294987880864244,0.04176319097832587,0.07698140504085466,0.10263230844078436
qwen2_5_vl_7b,test,cancellation_change,REAL,7,208,208,0,0.04022187167594851,0.02175614929843747,0.0367332717998963,0.05165642163310699
qwen2_5_vl_7b,test,cancellation_change,REAL,8,208,208,0,0.024877734874060472,0.010289620257452947,0.016629579906083908,0.0304100502244265
qwen2_5_vl_7b,test,cancellation_change,REAL,9,208,208,0,0.032449058370602316,0.018356010912625342,0.029434746598024364,0.04486281188723737
qwen2_5_vl_7b,test,cancellation_change,REAL,10,208,208,0,0.06763764398897874,0.010280357610442978,0.052319766269863566,0.10812692558055229
qwen2_5_vl_7b,test,cancellation_change,REAL,11,208,208,0,-0.014519773412878374,-0.027645081536156454,-0.013838749991669758,0.0011022376765782577
qwen2_5_vl_7b,test,cancellation_change,REAL,12,208,208,0,0.04261770314238892,0.02574116845104084,0.0422239270558539,0.05508231587872381
qwen2_5_vl_7b,test,cancellation_change,REAL,13,208,208,0,0.03130176158280236,0.013185020722255386,0.030956578933772128,0.04417479484466953
qwen2_5_vl_7b,test,cancellation_change,REAL,14,208,208,0,0.047732411258035255,0.03644082801418892,0.046257647991397394,0.056825539786392765
qwen2_5_vl_7b,test,cancellation_change,REAL,15,208,208,0,0.042731386752844575,0.02635220060738626,0.04232790054757449,0.061413128215049406
qwen2_5_vl_7b,test,cancellation_change,REAL,16,208,208,0,0.02037633799460393,0.001232535626338363,0.021843824765311742,0.0371228821531253
qwen2_5_vl_7b,test,cancellation_change,REAL,17,208,208,0,0.05012022784085018,0.03304680858828088,0.0490485240894844,0.06435088668028174
qwen2_5_vl_7b,test,cancellation_change,REAL,18,208,208,0,0.019116114452185362,0.0068366875661872994,0.017749317292457434,0.029407275624820137
qwen2_5_vl_7b,test,cancellation_change,REAL,19,208,208,0,0.02118677754383053,0.00685619373537355,0.018460427698933607,0.03196833312386528
qwen2_5_vl_7b,test,cancellation_change,REAL,20,208,208,0,0.06882351787901728,0.053869011408234635,0.07075534804278893,0.08606738460565802
qwen2_5_vl_7b,test,cancellation_change,REAL,21,208,208,0,0.04131375673258741,0.015054561004754635,0.034933685879615844,0.06688212348848395
qwen2_5_vl_7b,test,cancellation_change,REAL,22,208,208,0,0.09867758244634685,0.07944749386442825,0.09573693872583267,0.1193188273018155
qwen2_5_vl_7b,test,cancellation_change,REAL,23,208,208,0,0.038381213998123824,0.01797861072625026,0.03145069363859443,0.057569695247044805
qwen2_5_vl_7b,test,cancellation_change,REAL,24,208,208,0,0.1323136984265495,0.080366968789106,0.12544250896631348,0.18428684093837763
qwen2_5_vl_7b,test,cancellation_change,REAL,25,208,208,0,0.018244572936461867,-0.002720714685569378,0.014547419026714303,0.04135614686505089
qwen2_5_vl_7b,test,cancellation_change,REAL,26,208,208,0,0.015621871713603155,-0.0085628929895665,0.007947823847515731,0.03178663139025713
qwen2_5_vl_7b,test,cancellation_change,REAL,27,208,208,0,0.0375379049607,0.01967627394814865,0.0331415308395934,0.05121116401128434
qwen2_5_vl_7b,test,cancellation_change,REAL,28,208,208,0,0.11307354942420611,0.08216769567684165,0.11538651522106225,0.14701906207589718
qwen2_5_vl_7b,test,cancellation_change,HALL,1,14,14,0,0.05703155375106563,0.0325941826709856,0.06494526373134557,0.09307004383788947
qwen2_5_vl_7b,test,cancellation_change,HALL,2,14,14,0,0.07443788985362265,0.020493223135443023,0.06018013269140926,0.09874951250188088
qwen2_5_vl_7b,test,cancellation_change,HALL,3,14,14,0,0.10783504425815248,0.0666728131235289,0.11402218629735444,0.1511692358634076
qwen2_5_vl_7b,test,cancellation_change,HALL,4,14,14,0,0.022368908508370342,-0.004779625885860436,0.032215229283337504,0.056885686376081254
qwen2_5_vl_7b,test,cancellation_change,HALL,5,14,14,0,0.06986196061869974,0.047342031231608406,0.08121138949434209,0.0924094697789343
qwen2_5_vl_7b,test,cancellation_change,HALL,6,14,14,0,0.07251448701109124,0.04186999042294354,0.07395517345923736,0.09597838426571578
qwen2_5_vl_7b,test,cancellation_change,HALL,7,14,14,0,0.04539125905272808,0.03357496008634886,0.04214074465619716,0.06530681322610704
qwen2_5_vl_7b,test,cancellation_change,HALL,8,14,14,0,0.020034762919525603,0.00802385835670974,0.01865478558776984,0.02625139908755103
qwen2_5_vl_7b,test,cancellation_change,HALL,9,14,14,0,0.027689596143433026,0.014996691931158088,0.02474065811098833,0.04274831179053566
qwen2_5_vl_7b,test,cancellation_change,HALL,10,14,14,0,0.043195786479393074,0.01534151564236269,0.030804324847515746,0.06349440562339959
qwen2_5_vl_7b,test,cancellation_change,HALL,11,14,14,0,-0.008185747173485454,-0.025100510499450238,-0.00650095531479658,0.007214512653454172
qwen2_5_vl_7b,test,cancellation_change,HALL,12,14,14,0,0.03717488167890356,0.025894544806692676,0.03513205741692488,0.042888562085202225
qwen2_5_vl_7b,test,cancellation_change,HALL,13,14,14,0,0.023526974485153056,0.011696215646851596,0.020205913219660004,0.033254347165441345
qwen2_5_vl_7b,test,cancellation_change,HALL,14,14,14,0,0.04654545175935811,0.03599733778969244,0.042640552328161885,0.04624534198003728
qwen2_5_vl_7b,test,cancellation_change,HALL,15,14,14,0,0.03435243366455479,0.024993449939628612,0.0338238707639503,0.042691354925572106
qwen2_5_vl_7b,test,cancellation_change,HALL,16,14,14,0,0.004200231211217899,-0.01577496219020251,0.00845371364852851,0.017943739340739784
qwen2_5_vl_7b,test,cancellation_change,HALL,17,14,14,0,0.041625836189885156,0.034859309959927545,0.04522435202792313,0.04893762537837118
qwen2_5_vl_7b,test,cancellation_change,HALL,18,14,14,0,0.005122227383553101,-0.00897395034607483,0.0021604310850279473,0.01701831447461831
qwen2_5_vl_7b,test,cancellation_change,HALL,19,14,14,0,0.013668732347282334,0.0038574224103623544,0.010257623601550525,0.018100407459704357
qwen2_5_vl_7b,test,cancellation_change,HALL,20,14,14,0,0.06004819555733882,0.05014250396417397,0.05562914839954794,0.06918647207014497
qwen2_5_vl_7b,test,cancellation_change,HALL,21,14,14,0,0.02359054360985327,0.006794689548451749,0.024609773264991364,0.03773054505353174
qwen2_5_vl_7b,test,cancellation_change,HALL,22,14,14,0,0.09094022075515451,0.05603661408886036,0.08735917832712806,0.11865764464737999
qwen2_5_vl_7b,test,cancellation_change,HALL,23,14,14,0,0.032569045841766016,0.021982768213991546,0.03623007775924911,0.050991710091331924
qwen2_5_vl_7b,test,cancellation_change,HALL,24,14,14,0,0.10741862924620772,0.06545583356479563,0.0959821121061672,0.1472255033828302
qwen2_5_vl_7b,test,cancellation_change,HALL,25,14,14,0,0.029987799472425403,0.002313096698093986,0.028356593827344956,0.04395693717976906
qwen2_5_vl_7b,test,cancellation_change,HALL,26,14,14,0,-0.0010304224434240148,-0.01114597625654802,-0.004107254960921625,0.005258125052882284
qwen2_5_vl_7b,test,cancellation_change,HALL,27,14,14,0,0.023408119978735317,0.013818085456616974,0.020635807454100097,0.03555294654507668
qwen2_5_vl_7b,test,cancellation_change,HALL,28,14,14,0,0.13653522757422376,0.11076517767998151,0.14052395485073876,0.14893692022426994
