model,scope,metric,label,layer,n_total,n_valid,n_undefined,mean,q25,median,q75
llava_1_5_7b,all,cos_mean,REAL,1,1503,1503,0,-0.07621379466876732,-0.1878399521677794,-0.10148179471394138,0.047589829234059126
llava_1_5_7b,all,cos_mean,REAL,2,1503,1503,0,-0.13703156482380827,-0.16670859015585887,-0.13954002840889895,-0.10930990998430287
llava_1_5_7b,all,cos_mean,REAL,3,1503,1503,0,-0.1885986969528174,-0.20761455754109193,-0.1893676671768642,-0.17114007537060794
llava_1_5_7b,all,cos_mean,REAL,4,1503,1503,0,-0.2983791413687173,-0.3306340745637297,-0.2987992503783769,-0.26591427416294916
llava_1_5_7b,all,cos_mean,REAL,5,1503,1503,0,-0.2970221963323692,-0.3124457880492426,-0.2980378386305852,-0.28104715013048714
llava_1_5_7b,all,cos_mean,REAL,6,1503,1503,0,-0.35809694289157656,-0.3772837675900923,-0.360962526122522,-0.34233488637255505
llava_1_5_7b,all,cos_mean,REAL,7,1503,1503,0,-0.3924228957220076,-0.41783424971314764,-0.3969074728277822,-0.3739349917612142
llava_1_5_7b,all,cos_mean,REAL,8,1503,1503,0,-0.3975747038488752,-0.4279852996502692,-0.4041037394458221,-0.3770418082066398
llava_1_5_7b,all,cos_mean,REAL,9,1503,1503,0,-0.4018634232272727,-0.43435186557730454,-0.4147694244618631,-0.3822546144559359
llava_1_5_7b,all,cos_mean,REAL,10,1503,1503,0,-0.406566454421707,-0.4254891138213376,-0.41282340770380366,-0.3945786827631916
llava_1_5_7b,all,cos_mean,REAL,11,1503,1503,0,-0.4441590096367064,-0.4635102609689865,-0.45067680285622674,-0.4311804371083983
llava_1_5_7b,all,cos_mean,REAL,12,1503,1503,0,-0.3803422732628397,-0.40231929593978244,-0.3858675742521882,-0.3669103872703595
llava_1_5_7b,all,cos_mean,REAL,13,1503,1503,0,-0.43344529734757153,-0.45114198118810434,-0.4346856345008645,-0.4190831052967244
llava_1_5_7b,all,cos_mean,REAL,14,1503,1503,0,-0.41590451998444294,-0.4368976244651195,-0.4205074935841064,-0.3993120801816177
llava_1_5_7b,all,cos_mean,REAL,15,1503,1503,0,-0.359054722703991,-0.38290014169696307,-0.3610909561523133,-0.3375768088347589
llava_1_5_7b,all,cos_mean,REAL,16,1503,1503,0,-0.35425447103183755,-0.3799875409523439,-0.35716371186491513,-0.3312404028191749
llava_1_5_7b,all,cos_mean,REAL,17,1503,1503,0,-0.3054748863466271,-0.32174981887348825,-0.3062720949658089,-0.288811180055038
llava_1_5_7b,all,cos_mean,REAL,18,1503,1503,0,-0.2626475103172452,-0.27797928446670994,-0.26280873905246455,-0.24802904100377215
llava_1_5_7b,all,cos_mean,REAL,19,1503,1503,0,-0.18436122469730434,-0.20530966383782673,-0.1877951481801574,-0.16564689559992807
llava_1_5_7b,all,cos_mean,REAL,20,1503,1503,0,-0.16965945900784843,-0.18465433295407113,-0.17071701533475586,-0.15548552064279242
llava_1_5_7b,all,cos_mean,REAL,21,1503,1503,0,-0.1233516349297359,-0.1395714648000042,-0.1255865807010284,-0.10791387016311343
llava_1_5_7b,all,cos_mean,REAL,22,1503,1503,0,-0.09857771592194225,-0.10698712656514747,-0.0988417650272216,-0.08994529608147181
llava_1_5_7b,all,cos_mean,REAL,23,1503,1503,0,-0.021002040122100097,-0.03791785636947982,-0.024898503689504043,-0.006812682837385687
llava_1_5_7b,all,cos_mean,REAL,24,1503,1503,0,-0.05967985729694481,-0.06706044013314265,-0.05759630447927419,-0.05046859431811552
llava_1_5_7b,all,cos_mean,REAL,25,1503,1503,0,-0.018274911341483496,-0.025283086807374074,-0.017932066204328596,-0.010282245793134514
llava_1_5_7b,all,cos_mean,REAL,26,1503,1503,0,0.026102977630612933,0.011771237848430852,0.023839591709348597,0.03689508132261052
llava_1_5_7b,all,cos_mean,REAL,27,1503,1503,0,0.014434353730460642,0.005494344408545102,0.014263405400255478,0.022620417029298068
llava_1_5_7b,all,cos_mean,REAL,28,1503,1503,0,-0.00045459932087663194,-0.010028381328737623,0.00019350307402671914,0.009536686803357952
llava_1_5_7b,all,cos_mean,REAL,29,1503,1503,0,0.006513636566923295,-0.00974447077440901,0.007536052136831333,0.023276380930812794
llava_1_5_7b,all,cos_mean,REAL,30,1503,1503,0,0.023215189312039232,0.0082387621478751,0.02371172876711272,0.03866414980236893
llava_1_5_7b,all,cos_mean,REAL,31,1503,1503,0,-0.0028601530063610144,-0.016378994263043803,0.00015037528626433213,0.01481165584386209
llava_1_5_7b,all,cos_mean,REAL,32,1503,1503,0,0.07182257502519716,0.02625034933791584,0.06641573753318476,0.1189285331471647
llava_1_5_7b,all,cos_mean,HALL,1,450,450,0,-0.11771869039851528,-0.2278964218108399,-0.17064437932092208,0.023746353299494496
llava_1_5_7b,all,cos_mean,HALL,2,450,450,0,-0.12488867179768287,-0.14766290739953547,-0.1266234288559897,-0.10443740059844862
llava_1_5_7b,all,cos_mean,HALL,3,450,450,0,-0.20040208202533993,-0.21652224252466112,-0.2020266576469617,-0.18301979333854332
llava_1_5_7b,all,cos_mean,HALL,4,450,450,0,-0.30344719100365675,-0.3279477317183692,-0.2998541210609902,-0.2779736193414364
llava_1_5_7b,all,cos_mean,HALL,5,450,450,0,-0.2982406191778177,-0.3127666974679515,-0.29966680674503243,-0.2842872179850625
llava_1_5_7b,all,cos_mean,HALL,6,450,450,0,-0.36945829927745955,-0.38721830853157574,-0.37035898731038386,-0.35380050949364283
llava_1_5_7b,all,cos_mean,HALL,7,450,450,0,-0.3998118143975965,-0.41780821001157165,-0.40307180414028054,-0.38647740224971333
llava_1_5_7b,all,cos_mean,HALL,8,450,450,0,-0.4104182332554664,-0.43177451093409525,-0.4144476932350598,-0.39725864683633616
llava_1_5_7b,all,cos_mean,HALL,9,450,450,0,-0.42748083698959954,-0.44922600505459637,-0.435366415237594,-0.4196724077660797
llava_1_5_7b,all,cos_mean,HALL,10,450,450,0,-0.4112058681148887,-0.4268174563185312,-0.41514132145999205,-0.4031029914622195
llava_1_5_7b,all,cos_mean,HALL,11,450,450,0,-0.45125741193441815,-0.46632746746763587,-0.4541795996612765,-0.4436897862340427
llava_1_5_7b,all,cos_mean,HALL,12,450,450,0,-0.37584518798386624,-0.3940861231013615,-0.380939478533239,-0.3665434497783685
llava_1_5_7b,all,cos_mean,HALL,13,450,450,0,-0.4299370563070485,-0.4436700638228407,-0.4304223402092854,-0.41875595277330524
llava_1_5_7b,all,cos_mean,HALL,14,450,450,0,-0.4164382076530033,-0.4338006341390105,-0.42260338133201003,-0.4061940680775378
llava_1_5_7b,all,cos_mean,HALL,15,450,450,0,-0.34354180798694695,-0.36126735616320127,-0.34098321751743144,-0.3254477153984933
llava_1_5_7b,all,cos_mean,HALL,16,450,450,0,-0.33116382342908013,-0.3538657738115742,-0.33529618643741643,-0.3106152059678809
llava_1_5_7b,all,cos_mean,HALL,17,450,450,0,-0.31031913418147417,-0.3279077464345998,-0.3116693294917544,-0.2939062360189079
llava_1_5_7b,all,cos_mean,HALL,18,450,450,0,-0.26244968042721073,-0.2796048619202338,-0.2609547618517859,-0.24619659015621032
llava_1_5_7b,all,cos_mean,HALL,19,450,450,0,-0.1788881046848367,-0.19733632078108104,-0.18231997855117596,-0.16325632592260164
llava_1_5_7b,all,cos_mean,HALL,20,450,450,0,-0.17984424379534283,-0.19779843355516075,-0.1837772356381417,-0.16785854580719692
llava_1_5_7b,all,cos_mean,HALL,21,450,450,0,-0.132198240096716,-0.14830147846921843,-0.13351633346735525,-0.11935924147888323
llava_1_5_7b,all,cos_mean,HALL,22,450,450,0,-0.1016300914463725,-0.10873988647896718,-0.1019868577261352,-0.09563126887567502
llava_1_5_7b,all,cos_mean,HALL,23,450,450,0,-0.03834912565073046,-0.05223101221196834,-0.04196367731237337,-0.029533638994627784
llava_1_5_7b,all,cos_mean,HALL,24,450,450,0,-0.06498539098575375,-0.07363937961855527,-0.06406184616419826,-0.056451315348389305
llava_1_5_7b,all,cos_mean,HALL,25,450,450,0,-0.017941658303941857,-0.023523208307747408,-0.01686669084963594,-0.011885024347227022
llava_1_5_7b,all,cos_mean,HALL,26,450,450,0,0.024316033220173002,0.011692829940724576,0.02209887959719481,0.03595663341289305
llava_1_5_7b,all,cos_mean,HALL,27,450,450,0,0.009813398619344752,0.0022488742177012946,0.009015862126046967,0.017699809286557726
llava_1_5_7b,all,cos_mean,HALL,28,450,450,0,0.00919535337615653,0.002269874096589951,0.010657506667702895,0.0191211534902733
llava_1_5_7b,all,cos_mean,HALL,29,450,450,0,0.018130145663141223,0.00636548437761222,0.019859281756806818,0.03219865005833829
llava_1_5_7b,all,cos_mean,HALL,30,450,450,0,0.027097620702343207,0.015844071771513295,0.029034814765717933,0.03945509231493579
llava_1_5_7b,all,cos_mean,HALL,31,450,450,0,0.003185596898311954,-0.006278674952311134,0.005239013877873807,0.016448398094376496
llava_1_5_7b,all,cos_mean,HALL,32,450,450,0,0.04834688437938101,0.01611349879921262,0.040404828926215136,0.07067835891997573
llava_1_5_7b,all,parallel_gain_mean,REAL,1,1503,1503,0,-0.16854091767081364,-0.3688104613351883,-0.16229245074436446,0.05225300511516444
llava_1_5_7b,all,parallel_gain_mean,REAL,2,1503,1503,0,-0.10945928667455543,-0.12178614936471152,-0.10984641825266611,-0.09766665744332675
llava_1_5_7b,all,parallel_gain_mean,REAL,3,1503,1503,0,-0.10604077717809916,-0.11614977186971404,-0.10541137855773752,-0.09523152203677307
llava_1_5_7b,all,parallel_gain_mean,REAL,4,1503,1503,0,-0.2227607000806038,-0.24094559605891386,-0.2221151314161397,-0.20160354471923747
llava_1_5_7b,all,parallel_gain_mean,REAL,5,1503,1503,0,-0.2222964060981796,-0.23759879013704532,-0.22456117181638907,-0.20690568844256393
llava_1_5_7b,all,parallel_gain_mean,REAL,6,1503,1503,0,-0.26319403793110946,-0.2846347578359152,-0.26394674064711765,-0.24129984801933554
llava_1_5_7b,all,parallel_gain_mean,REAL,7,1503,1503,0,-0.2770578004473205,-0.29847868905073893,-0.2785557772692784,-0.2569223150352871
llava_1_5_7b,all,parallel_gain_mean,REAL,8,1503,1503,0,-0.27998104664361806,-0.3076491233992352,-0.28235095209144195,-0.2584021731311585
llava_1_5_7b,all,parallel_gain_mean,REAL,9,1503,1503,0,-0.24938766242194094,-0.2726370781311626,-0.2551340280529615,-0.2349298707152625
llava_1_5_7b,all,parallel_gain_mean,REAL,10,1503,1503,0,-0.2511292902693617,-0.2714403089095296,-0.25338239581158484,-0.23603074670238727
llava_1_5_7b,all,parallel_gain_mean,REAL,11,1503,1503,0,-0.27383789305667156,-0.2902832950631613,-0.2779605196448661,-0.26132711038377876
llava_1_5_7b,all,parallel_gain_mean,REAL,12,1503,1503,0,-0.21870680323735417,-0.23565299856659438,-0.22244939698407012,-0.20530990521963066
llava_1_5_7b,all,parallel_gain_mean,REAL,13,1503,1503,0,-0.23828613908604654,-0.25584072628775284,-0.24108007611669235,-0.2230636048551626
llava_1_5_7b,all,parallel_gain_mean,REAL,14,1503,1503,0,-0.21430064135080726,-0.2317288809666132,-0.21803636454341196,-0.20013414319100542
llava_1_5_7b,all,parallel_gain_mean,REAL,15,1503,1503,0,-0.17305970635880558,-0.1871731487015365,-0.17318073869337594,-0.15944709929961845
llava_1_5_7b,all,parallel_gain_mean,REAL,16,1503,1503,0,-0.16380590378701346,-0.1783650683457069,-0.1654491804131283,-0.1495624828146688
llava_1_5_7b,all,parallel_gain_mean,REAL,17,1503,1503,0,-0.14006634713686242,-0.1498385629951164,-0.13988518580673615,-0.13063198972848417
llava_1_5_7b,all,parallel_gain_mean,REAL,18,1503,1503,0,-0.10580411427104941,-0.11359952297296297,-0.10559296221312547,-0.09811076483172941
llava_1_5_7b,all,parallel_gain_mean,REAL,19,1503,1503,0,-0.07871758704424192,-0.0877153878370166,-0.08035540779123461,-0.06958781180299409
llava_1_5_7b,all,parallel_gain_mean,REAL,20,1503,1503,0,-0.05967269999473168,-0.06548313367207291,-0.05952631189597243,-0.053682989544297954
llava_1_5_7b,all,parallel_gain_mean,REAL,21,1503,1503,0,-0.04424049320206685,-0.05009142073297192,-0.04466200583652066,-0.03880864188471478
llava_1_5_7b,all,parallel_gain_mean,REAL,22,1503,1503,0,-0.029320302805444745,-0.03165734122779747,-0.02889141332539465,-0.026543753505735818
llava_1_5_7b,all,parallel_gain_mean,REAL,23,1503,1503,0,-0.006561188781368019,-0.009999183716872407,-0.006928498102430065,-0.0032109970102244152
llava_1_5_7b,all,parallel_gain_mean,REAL,24,1503,1503,0,-0.01568174586015304,-0.017472395368608194,-0.015123143832204668,-0.013107555328277834
llava_1_5_7b,all,parallel_gain_mean,REAL,25,1503,1503,0,-0.004786924380008244,-0.006361519980082912,-0.004326095468523149,-0.002414944791032581
llava_1_5_7b,all,parallel_gain_mean,REAL,26,1503,1503,0,0.008585748069492666,0.00422006224434052,0.007931368565716496,0.012119051405322146
llava_1_5_7b,all,parallel_gain_mean,REAL,27,1503,1503,0,0.0034866395233530165,0.0012692980196414348,0.0035236532518029304,0.00562967174463334
llava_1_5_7b,all,parallel_gain_mean,REAL,28,1503,1503,0,-0.0002967852913603928,-0.0027139657729407345,-0.0001261407492153941,0.0023191670943268454
llava_1_5_7b,all,parallel_gain_mean,REAL,29,1503,1503,0,-0.0002200929019359581,-0.0036760370916920065,0.0001254694834319129,0.0036668092124401727
llava_1_5_7b,all,parallel_gain_mean,REAL,30,1503,1503,0,0.003766326803461035,0.0005812189111337974,0.004032382715206271,0.007316248596887587
llava_1_5_7b,all,parallel_gain_mean,REAL,31,1503,1503,0,-0.004815629466360878,-0.009672406274070212,-0.0035752430303423563,0.0015064261589785395
llava_1_5_7b,all,parallel_gain_mean,REAL,32,1503,1503,0,0.14914878484682925,0.06890534654200704,0.13337080802472112,0.22459405747876693
llava_1_5_7b,all,parallel_gain_mean,HALL,1,450,450,0,-0.2059682899575316,-0.38152422437294675,-0.24448935487406342,0.025378688757010142
llava_1_5_7b,all,parallel_gain_mean,HALL,2,450,450,0,-0.10704698063451874,-0.11850602431309375,-0.10640239163010624,-0.0959924510595442
llava_1_5_7b,all,parallel_gain_mean,HALL,3,450,450,0,-0.11402861752293467,-0.1229567369500846,-0.11219273269167174,-0.10522356071232294
llava_1_5_7b,all,parallel_gain_mean,HALL,4,450,450,0,-0.2254405354719571,-0.24297704064436465,-0.21920417112546922,-0.20181843693302237
llava_1_5_7b,all,parallel_gain_mean,HALL,5,450,450,0,-0.21638821364422364,-0.22749961476203628,-0.21605865846976408,-0.20410257312745955
llava_1_5_7b,all,parallel_gain_mean,HALL,6,450,450,0,-0.2634608111035187,-0.2845136076127389,-0.2682160188295931,-0.24645491398086306
llava_1_5_7b,all,parallel_gain_mean,HALL,7,450,450,0,-0.269950717151515,-0.28588244284238506,-0.2699543828531819,-0.2549413900634764
llava_1_5_7b,all,parallel_gain_mean,HALL,8,450,450,0,-0.29374131903153006,-0.3162108567991234,-0.2986995639549902,-0.27879764842720134
llava_1_5_7b,all,parallel_gain_mean,HALL,9,450,450,0,-0.26541628518877136,-0.28026063661069883,-0.26988281411127246,-0.25684164523929925
llava_1_5_7b,all,parallel_gain_mean,HALL,10,450,450,0,-0.2556012261797373,-0.27031896254717364,-0.25938255646855873,-0.24380578770479594
llava_1_5_7b,all,parallel_gain_mean,HALL,11,450,450,0,-0.2815720888550261,-0.293667412392623,-0.28505272446965624,-0.2741520071416775
llava_1_5_7b,all,parallel_gain_mean,HALL,12,450,450,0,-0.2199005257606088,-0.23497544478281557,-0.22335108576115284,-0.211204288829696
llava_1_5_7b,all,parallel_gain_mean,HALL,13,450,450,0,-0.24612212238060163,-0.26122676235209696,-0.2492601032998224,-0.23505860211494606
llava_1_5_7b,all,parallel_gain_mean,HALL,14,450,450,0,-0.21649740053468147,-0.23052555909418537,-0.21957910916588785,-0.20666362095305524
llava_1_5_7b,all,parallel_gain_mean,HALL,15,450,450,0,-0.16505715968879567,-0.17386523226079462,-0.16449228046639397,-0.15454410431047894
llava_1_5_7b,all,parallel_gain_mean,HALL,16,450,450,0,-0.15554217484324642,-0.16829275493630905,-0.156475868507433,-0.14311346483608667
llava_1_5_7b,all,parallel_gain_mean,HALL,17,450,450,0,-0.1395079695722496,-0.14685268369320792,-0.14049025037981844,-0.13308085630832156
llava_1_5_7b,all,parallel_gain_mean,HALL,18,450,450,0,-0.10534894449580369,-0.11123883326778868,-0.1045985742033925,-0.09915360580995963
llava_1_5_7b,all,parallel_gain_mean,HALL,19,450,450,0,-0.07502552400428164,-0.08200551897092083,-0.07597795151534342,-0.06964584294333268
llava_1_5_7b,all,parallel_gain_mean,HALL,20,450,450,0,-0.06196437910552097,-0.06689242919390204,-0.06343941581202206,-0.058343980595782635
llava_1_5_7b,all,parallel_gain_mean,HALL,21,450,450,0,-0.04651425136188169,-0.05219944394579615,-0.047351867160694575,-0.04202891163195331
llava_1_5_7b,all,parallel_gain_mean,HALL,22,450,450,0,-0.029730602967478034,-0.03162394050083981,-0.029639723820960712,-0.02793223723503448
llava_1_5_7b,all,parallel_gain_mean,HALL,23,450,450,0,-0.010371434776189833,-0.013526832150850734,-0.010940900801276517,-0.008028998835266168
llava_1_5_7b,all,parallel_gain_mean,HALL,24,450,450,0,-0.01714965058570392,-0.01911286264198263,-0.016726267182420568,-0.014572020238649994
llava_1_5_7b,all,parallel_gain_mean,HALL,25,450,450,0,-0.00451269069758449,-0.00577251230926115,-0.0040678665550455675,-0.0028241524150923623
llava_1_5_7b,all,parallel_gain_mean,HALL,26,450,450,0,0.008228811856091787,0.004399391375495552,0.007620505131937603,0.01195497334518274
llava_1_5_7b,all,parallel_gain_mean,HALL,27,450,450,0,0.0023243859539192626,0.0004096240818543366,0.0021732367205183466,0.004430127643646179
llava_1_5_7b,all,parallel_gain_mean,HALL,28,450,450,0,0.0021497901499003503,0.00044724915316498995,0.0025613968569946953,0.0045641554143666385
llava_1_5_7b,all,parallel_gain_mean,HALL,29,450,450,0,0.0027686289625915056,-0.0004031466992905531,0.003043999203159613,0.006141658624947539
llava_1_5_7b,all,parallel_gain_mean,HALL,30,450,450,0,0.005002447454518959,0.0025181432490595686,0.005604658570054715,0.00795436378653124
llava_1_5_7b,all,parallel_gain_mean,HALL,31,450,450,0,-0.002388689367641571,-0.0057201173128701086,-0.0013804610848907007,0.002423938368493548
llava_1_5_7b,all,parallel_gain_mean,HALL,32,450,450,0,0.1047135700845668,0.05365908024497837,0.09361333528493776,0.14102578534794447
llava_1_5_7b,all,parallel_gain_median,REAL,1,1503,1503,0,-0.13584521581832518,-0.30133912961596365,-0.12311802806330051,0.055709718526086006
llava_1_5_7b,all,parallel_gain_median,REAL,2,1503,1503,0,-0.1003992040374214,-0.11231202912254655,-0.10113126515410557,-0.08953781469298464
llava_1_5_7b,all,parallel_gain_median,REAL,3,1503,1503,0,-0.09393763231248596,-0.10263468635350115,-0.09224955550939945,-0.08337009700410418
llava_1_5_7b,all,parallel_gain_median,REAL,4,1503,1503,0,-0.21457562766539254,-0.23346880624141447,-0.21471224167872252,-0.1935118479468187
llava_1_5_7b,all,parallel_gain_median,REAL,5,1503,1503,0,-0.21848485336803805,-0.23429548341947465,-0.21892648565114015,-0.201464454553078
llava_1_5_7b,all,parallel_gain_median,REAL,6,1503,1503,0,-0.26021835433170426,-0.28094904126409787,-0.26081176123575267,-0.23685893301957356
llava_1_5_7b,all,parallel_gain_median,REAL,7,1503,1503,0,-0.27561572523762934,-0.299861937509149,-0.2755677050269828,-0.2527821977295569
llava_1_5_7b,all,parallel_gain_median,REAL,8,1503,1503,0,-0.27899286105460297,-0.3093411267061407,-0.2808618245488346,-0.25524914047520686
llava_1_5_7b,all,parallel_gain_median,REAL,9,1503,1503,0,-0.24860478810757927,-0.27115939190266825,-0.2534732912861425,-0.23385756681187653
llava_1_5_7b,all,parallel_gain_median,REAL,10,1503,1503,0,-0.2543273496547772,-0.27346682896986807,-0.25732605225791033,-0.239456178387527
llava_1_5_7b,all,parallel_gain_median,REAL,11,1503,1503,0,-0.27479957725467985,-0.2909472554158501,-0.2788382649420479,-0.26160316179656934
llava_1_5_7b,all,parallel_gain_median,REAL,12,1503,1503,0,-0.22005714152498596,-0.23738294081761394,-0.22423647548933853,-0.20819039157081848
llava_1_5_7b,all,parallel_gain_median,REAL,13,1503,1503,0,-0.23652157951899208,-0.25441217302947006,-0.23911714002069145,-0.22107664834362725
llava_1_5_7b,all,parallel_gain_median,REAL,14,1503,1503,0,-0.21351314481567046,-0.22994832115229905,-0.21664932735255388,-0.19934543097007595
llava_1_5_7b,all,parallel_gain_median,REAL,15,1503,1503,0,-0.17920955791621157,-0.1939174536079002,-0.17950797605060193,-0.16618541948941568
llava_1_5_7b,all,parallel_gain_median,REAL,16,1503,1503,0,-0.16433378036702892,-0.1778056178117455,-0.16595338777053295,-0.15057378375433939
llava_1_5_7b,all,parallel_gain_median,REAL,17,1503,1503,0,-0.14280834936368125,-0.15265458813295718,-0.1428209613793569,-0.13328645273010892
llava_1_5_7b,all,parallel_gain_median,REAL,18,1503,1503,0,-0.10332960026504077,-0.11127151874040297,-0.10321917253452861,-0.09593609238142498
llava_1_5_7b,all,parallel_gain_median,REAL,19,1503,1503,0,-0.07963302341456162,-0.08786783057017768,-0.08106766920307541,-0.0716842132330268
llava_1_5_7b,all,parallel_gain_median,REAL,20,1503,1503,0,-0.0598348391681019,-0.0653265018693628,-0.05990023804023799,-0.054149040332236414
llava_1_5_7b,all,parallel_gain_median,REAL,21,1503,1503,0,-0.046066556346340395,-0.05091994467446555,-0.04591011751930952,-0.041160652249947555
llava_1_5_7b,all,parallel_gain_median,REAL,22,1503,1503,0,-0.028510680627282743,-0.030842420315361763,-0.02827559195219046,-0.02619613254853919
llava_1_5_7b,all,parallel_gain_median,REAL,23,1503,1503,0,-0.00893089332121321,-0.012424438306424142,-0.009672959843560692,-0.006432448413199414
llava_1_5_7b,all,parallel_gain_median,REAL,24,1503,1503,0,-0.01341212407522547,-0.014584779494489103,-0.012990817111267938,-0.011654562266606303
llava_1_5_7b,all,parallel_gain_median,REAL,25,1503,1503,0,-0.003392051946347167,-0.004744112037937623,-0.0032849760454427574,-0.0017433654687187806
llava_1_5_7b,all,parallel_gain_median,REAL,26,1503,1503,0,0.0033449109099928085,0.00023209668744803523,0.0022273757984505637,0.004969406954059068
llava_1_5_7b,all,parallel_gain_median,REAL,27,1503,1503,0,0.003551592523529475,0.001754105169473648,0.003494312457779684,0.005246041182674268
llava_1_5_7b,all,parallel_gain_median,REAL,28,1503,1503,0,0.0005384548410549531,-0.001498041362014999,0.0006597334252303208,0.0028708064288059548
llava_1_5_7b,all,parallel_gain_median,REAL,29,1503,1503,0,0.0017162543684889646,-0.0020828323587988758,0.00207935067562753,0.005564962960123132
llava_1_5_7b,all,parallel_gain_median,REAL,30,1503,1503,0,0.006225003134235539,0.00322874984588597,0.006601563367057124,0.009550252475683009
llava_1_5_7b,all,parallel_gain_median,REAL,31,1503,1503,0,0.00022626002678277662,-0.004477253177885259,0.0017955407068156119,0.0066278177353940445
llava_1_5_7b,all,parallel_gain_median,REAL,32,1503,1503,0,0.11941424448496601,0.026415867430986,0.09237290345450386,0.19202115868225772
llava_1_5_7b,all,parallel_gain_median,HALL,1,450,450,0,-0.18040438423707933,-0.3393366708247397,-0.22648707857901945,0.029994708158902546
llava_1_5_7b,all,parallel_gain_median,HALL,2,450,450,0,-0.0981748106517077,-0.10738912941738606,-0.09812453251964719,-0.08838112419258494
llava_1_5_7b,all,parallel_gain_median,HALL,3,450,450,0,-0.10004412399990606,-0.10827821149799838,-0.09777736027206219,-0.09063478456419606
llava_1_5_7b,all,parallel_gain_median,HALL,4,450,450,0,-0.21619954560211646,-0.23590836395764622,-0.21114839145342681,-0.19134428572804058
llava_1_5_7b,all,parallel_gain_median,HALL,5,450,450,0,-0.21251879725823114,-0.2233388646559566,-0.212465177143756,-0.20045680293420787
llava_1_5_7b,all,parallel_gain_median,HALL,6,450,450,0,-0.2616463837350578,-0.2839640305457335,-0.2660709538551631,-0.24270092843624932
llava_1_5_7b,all,parallel_gain_median,HALL,7,450,450,0,-0.26634390175127876,-0.2835526433266954,-0.2661870602565084,-0.24880812114487283
llava_1_5_7b,all,parallel_gain_median,HALL,8,450,450,0,-0.29621392118092416,-0.32263311365587366,-0.30240390155232916,-0.2761049838186988
llava_1_5_7b,all,parallel_gain_median,HALL,9,450,450,0,-0.26246555968920326,-0.27733529372504173,-0.2675658784319741,-0.2543466215919349
llava_1_5_7b,all,parallel_gain_median,HALL,10,450,450,0,-0.25894818857767826,-0.2730733378607575,-0.26240243454699563,-0.24843048462944622
llava_1_5_7b,all,parallel_gain_median,HALL,11,450,450,0,-0.2819821692115419,-0.29395204538980674,-0.28499076192484835,-0.2745142713792603
llava_1_5_7b,all,parallel_gain_median,HALL,12,450,450,0,-0.22605138371231862,-0.24422291265599427,-0.23106084191424323,-0.21443246920814962
llava_1_5_7b,all,parallel_gain_median,HALL,13,450,450,0,-0.24569118590974226,-0.2611144894429393,-0.24901911535339316,-0.23367840785791796
llava_1_5_7b,all,parallel_gain_median,HALL,14,450,450,0,-0.21544894206284335,-0.22926400749261705,-0.21787812300770237,-0.20548688798910533
llava_1_5_7b,all,parallel_gain_median,HALL,15,450,450,0,-0.17394448378610297,-0.18418903607798975,-0.17442861593318842,-0.16408312983626627
llava_1_5_7b,all,parallel_gain_median,HALL,16,450,450,0,-0.15847428593343693,-0.1717896513467089,-0.1599362140820353,-0.1472022398947339
llava_1_5_7b,all,parallel_gain_median,HALL,17,450,450,0,-0.14192822535588165,-0.14904398287389908,-0.14251792082467013,-0.13563951226467302
llava_1_5_7b,all,parallel_gain_median,HALL,18,450,450,0,-0.10375235173237671,-0.1109289914660418,-0.10332468089674644,-0.09703476390993754
llava_1_5_7b,all,parallel_gain_median,HALL,19,450,450,0,-0.07708000546221808,-0.08369803840029409,-0.07819890489570838,-0.07156373187047599
llava_1_5_7b,all,parallel_gain_median,HALL,20,450,450,0,-0.06205845636597107,-0.06625314917978758,-0.06349333847998903,-0.059244021120243795
llava_1_5_7b,all,parallel_gain_median,HALL,21,450,450,0,-0.04785009152724071,-0.05187917648861214,-0.048348842299861874,-0.04394070149261246
llava_1_5_7b,all,parallel_gain_median,HALL,22,450,450,0,-0.02917642421280526,-0.030840635584081958,-0.029220796587470024,-0.027626004174758124
llava_1_5_7b,all,parallel_gain_median,HALL,23,450,450,0,-0.012655794603738576,-0.01525314513652481,-0.013473588510220744,-0.011170061098315604
llava_1_5_7b,all,parallel_gain_median,HALL,24,450,450,0,-0.013537186525157145,-0.014685629599442848,-0.01339293977688934,-0.012131372557908787
llava_1_5_7b,all,parallel_gain_median,HALL,25,450,450,0,-0.003537310467799867,-0.004707737919603895,-0.003381954119622911,-0.0022461222047371297
llava_1_5_7b,all,parallel_gain_median,HALL,26,450,450,0,0.003157885204641418,0.00026638839131089926,0.0022399914679005865,0.005018957364899256
llava_1_5_7b,all,parallel_gain_median,HALL,27,450,450,0,0.002739036124880403,0.0012635762018971004,0.002680671809813361,0.004114694797546332
llava_1_5_7b,all,parallel_gain_median,HALL,28,450,450,0,0.002756343570627587,0.0012487451623922636,0.0030843143659935904,0.004890322672040608
llava_1_5_7b,all,parallel_gain_median,HALL,29,450,450,0,0.004581736464088814,0.002208204757755009,0.005224196135365518,0.007797293569168053
llava_1_5_7b,all,parallel_gain_median,HALL,30,450,450,0,0.007083341016169956,0.004672121394813007,0.00752427667171261,0.009870022567444308
llava_1_5_7b,all,parallel_gain_median,HALL,31,450,450,0,0.00325142822286523,0.00017298868241790298,0.00445371452870778,0.007695724128130519
llava_1_5_7b,all,parallel_gain_median,HALL,32,450,450,0,0.06404529567657684,0.012856553792328904,0.03556242328078982,0.09396598632686712
llava_1_5_7b,all,parallel_gain_std,REAL,1,1503,1503,0,0.23702621065980475,0.11114123185495735,0.1630692405352919,0.37235428780161095
llava_1_5_7b,all,parallel_gain_std,REAL,2,1503,1503,0,0.06621358407593785,0.055263105005257565,0.06349520126482,0.07582747805980178
llava_1_5_7b,all,parallel_gain_std,REAL,3,1503,1503,0,0.046770396829641396,0.03887178451507372,0.04595135601058132,0.05401503164143023
llava_1_5_7b,all,parallel_gain_std,REAL,4,1503,1503,0,0.07680756000440161,0.06501465019160113,0.07526466663852417,0.08587241004162605
llava_1_5_7b,all,parallel_gain_std,REAL,5,1503,1503,0,0.04666422604934522,0.037208829098099264,0.04583625499699292,0.054962174004871335
llava_1_5_7b,all,parallel_gain_std,REAL,6,1503,1503,0,0.049207883559720354,0.043367469315384585,0.04902953158220061,0.054432327888766605
llava_1_5_7b,all,parallel_gain_std,REAL,7,1503,1503,0,0.06469020750410007,0.05670093698407562,0.06381285158424867,0.07131281914729751
llava_1_5_7b,all,parallel_gain_std,REAL,8,1503,1503,0,0.053581812491895656,0.045651854373027406,0.052658556455447925,0.06020959416070026
llava_1_5_7b,all,parallel_gain_std,REAL,9,1503,1503,0,0.043556094533947064,0.0364330017796696,0.042094969177827214,0.04887067845967211
llava_1_5_7b,all,parallel_gain_std,REAL,10,1503,1503,0,0.036301933994521404,0.03068371560461572,0.035513326111015736,0.04097766076636134
llava_1_5_7b,all,parallel_gain_std,REAL,11,1503,1503,0,0.03276141850149363,0.029905631816739907,0.03252856521224522,0.035359482676496495
llava_1_5_7b,all,parallel_gain_std,REAL,12,1503,1503,0,0.042415152008645,0.03770608082843395,0.04163662818377819,0.046671515294022504
llava_1_5_7b,all,parallel_gain_std,REAL,13,1503,1503,0,0.03475038470796142,0.03058227485827693,0.03443413697113717,0.03866253075818975
llava_1_5_7b,all,parallel_gain_std,REAL,14,1503,1503,0,0.03170884644082143,0.028063887871638483,0.03133842331723596,0.03489316820841888
llava_1_5_7b,all,parallel_gain_std,REAL,15,1503,1503,0,0.034709388217932936,0.028865556737777093,0.033386022983112947,0.04003962025432192
llava_1_5_7b,all,parallel_gain_std,REAL,16,1503,1503,0,0.03514466706965569,0.029794440285665823,0.03426524110307531,0.03960454882437643
llava_1_5_7b,all,parallel_gain_std,REAL,17,1503,1503,0,0.028960864132184475,0.025164653439926646,0.028343977199175672,0.03203965716650959
llava_1_5_7b,all,parallel_gain_std,REAL,18,1503,1503,0,0.02381200321987313,0.02074080924936015,0.023332473397576527,0.02633273612906033
llava_1_5_7b,all,parallel_gain_std,REAL,19,1503,1503,0,0.031070942184594552,0.02608123641171254,0.030174570951035016,0.035032858961285836
llava_1_5_7b,all,parallel_gain_std,REAL,20,1503,1503,0,0.018407532900393663,0.014885225760005748,0.01734605834274673,0.021035541367042047
llava_1_5_7b,all,parallel_gain_std,REAL,21,1503,1503,0,0.022249197886867435,0.01745295805801836,0.020886031392150426,0.02568796358622496
llava_1_5_7b,all,parallel_gain_std,REAL,22,1503,1503,0,0.012024694802905198,0.009740310223098049,0.011237646298024965,0.013225327901471576
llava_1_5_7b,all,parallel_gain_std,REAL,23,1503,1503,0,0.015377986957701404,0.010823778860890042,0.01438718112174922,0.018670324026534395
llava_1_5_7b,all,parallel_gain_std,REAL,24,1503,1503,0,0.011590409011441377,0.008369336690514801,0.010180968621927923,0.012996353192707184
llava_1_5_7b,all,parallel_gain_std,REAL,25,1503,1503,0,0.010001005021363484,0.0070836272254445965,0.00863285251552,0.010567670929253002
llava_1_5_7b,all,parallel_gain_std,REAL,26,1503,1503,0,0.021417658009072006,0.01618607678361829,0.019488472470364355,0.02351214212218511
llava_1_5_7b,all,parallel_gain_std,REAL,27,1503,1503,0,0.00885785801403652,0.006190276312914468,0.007739719529638927,0.010178126561677629
llava_1_5_7b,all,parallel_gain_std,REAL,28,1503,1503,0,0.007856600340184386,0.006553443367824976,0.007447263587104838,0.008653312084515224
llava_1_5_7b,all,parallel_gain_std,REAL,29,1503,1503,0,0.017639922299553655,0.013850813192809994,0.016452111895954098,0.0199914256622332
llava_1_5_7b,all,parallel_gain_std,REAL,30,1503,1503,0,0.014429645164876881,0.011749196788249136,0.013538588273346223,0.015771503078197444
llava_1_5_7b,all,parallel_gain_std,REAL,31,1503,1503,0,0.020566732114112647,0.017719483892511562,0.02023696149110573,0.022929811533919348
llava_1_5_7b,all,parallel_gain_std,REAL,32,1503,1503,0,0.23458733805412288,0.2038200009168762,0.22772612204627418,0.2577680719787536
llava_1_5_7b,all,parallel_gain_std,HALL,1,450,450,0,0.20609691091286686,0.10659352692402978,0.1734268735093784,0.28786252953043834
llava_1_5_7b,all,parallel_gain_std,HALL,2,450,450,0,0.05853529900212313,0.05111068531773223,0.055799223334293005,0.0632394786097129
llava_1_5_7b,all,parallel_gain_std,HALL,3,450,450,0,0.05136392054709664,0.04570564285672157,0.051143680533192445,0.05654194089064989
llava_1_5_7b,all,parallel_gain_std,HALL,4,450,450,0,0.08398373747149585,0.07108545662934329,0.08179934613390948,0.09385789492378285
llava_1_5_7b,all,parallel_gain_std,HALL,5,450,450,0,0.040533467129519274,0.03275185210618191,0.03848175685546029,0.04691656372790255
llava_1_5_7b,all,parallel_gain_std,HALL,6,450,450,0,0.05179623703258959,0.04766046221558578,0.05165703340040562,0.05683683038714808
llava_1_5_7b,all,parallel_gain_std,HALL,7,450,450,0,0.06343534855650998,0.0568666460282466,0.06236054071335656,0.0684022016093326
llava_1_5_7b,all,parallel_gain_std,HALL,8,450,450,0,0.05902925732388314,0.05081414234154763,0.058809807919239274,0.0665545632477143
llava_1_5_7b,all,parallel_gain_std,HALL,9,450,450,0,0.04274401187975463,0.0378149727436236,0.04176827573218442,0.0459164708060478
llava_1_5_7b,all,parallel_gain_std,HALL,10,450,450,0,0.03778676467962176,0.03361636449611799,0.03723167268209847,0.04159646696246283
llava_1_5_7b,all,parallel_gain_std,HALL,11,450,450,0,0.03317415059596768,0.03072709926900277,0.03331958427375343,0.0356539638694577
llava_1_5_7b,all,parallel_gain_std,HALL,12,450,450,0,0.04800706649884698,0.043145358139622475,0.047868861961451764,0.05239816038644053
llava_1_5_7b,all,parallel_gain_std,HALL,13,450,450,0,0.03786349289898193,0.03406082667910239,0.03783759320233143,0.0416024447199964
llava_1_5_7b,all,parallel_gain_std,HALL,14,450,450,0,0.035285878578376124,0.03190884904658398,0.035251185359342366,0.038408605701674946
llava_1_5_7b,all,parallel_gain_std,HALL,15,450,450,0,0.04101276212768117,0.03753803972102464,0.04208156413749137,0.0451990999697777
llava_1_5_7b,all,parallel_gain_std,HALL,16,450,450,0,0.039340009956031825,0.03332124970155417,0.03921431422984571,0.04476359449645364
llava_1_5_7b,all,parallel_gain_std,HALL,17,450,450,0,0.02610241687469078,0.02262463994073598,0.025383481783148327,0.028510377042726347
llava_1_5_7b,all,parallel_gain_std,HALL,18,450,450,0,0.024743286629721382,0.022174444340726657,0.024547050373067043,0.02707410333761373
llava_1_5_7b,all,parallel_gain_std,HALL,19,450,450,0,0.027790851628843233,0.024237752962404567,0.026803894551306717,0.030694625929963963
llava_1_5_7b,all,parallel_gain_std,HALL,20,450,450,0,0.018689694555508236,0.015002573709704564,0.017702864272662495,0.021432574933056052
llava_1_5_7b,all,parallel_gain_std,HALL,21,450,450,0,0.020202251723179753,0.01626122739691103,0.019194050441145603,0.022723589354616207
llava_1_5_7b,all,parallel_gain_std,HALL,22,450,450,0,0.010534908658919642,0.008978047699731307,0.009989729506210715,0.011384900829433955
llava_1_5_7b,all,parallel_gain_std,HALL,23,450,450,0,0.01289741855177555,0.009379632099353103,0.011342984696179507,0.015331299058907472
llava_1_5_7b,all,parallel_gain_std,HALL,24,450,450,0,0.013747316004745061,0.010430181513617454,0.012685979031876429,0.01571123910447464
llava_1_5_7b,all,parallel_gain_std,HALL,25,450,450,0,0.009102014086748104,0.007167212875240335,0.008347836978123423,0.009861391055345396
llava_1_5_7b,all,parallel_gain_std,HALL,26,450,450,0,0.01934862524176158,0.015645700013038173,0.018468518712048066,0.02158792849932692
llava_1_5_7b,all,parallel_gain_std,HALL,27,450,450,0,0.00858411435049729,0.0058455842668962525,0.007103684992684759,0.009642332087089391
llava_1_5_7b,all,parallel_gain_std,HALL,28,450,450,0,0.007458755690522169,0.006203948363374619,0.007080523306452776,0.008156934299933253
llava_1_5_7b,all,parallel_gain_std,HALL,29,450,450,0,0.017750477123991946,0.013841979188871291,0.01684982514511211,0.020639036480174296
llava_1_5_7b,all,parallel_gain_std,HALL,30,450,450,0,0.013182907165635747,0.011024082477836046,0.012582216651344465,0.014218561596522567
llava_1_5_7b,all,parallel_gain_std,HALL,31,450,450,0,0.021277176463451283,0.018690340533519284,0.02100782031455651,0.023245589964161942
llava_1_5_7b,all,parallel_gain_std,HALL,32,450,450,0,0.22243368699432817,0.1999446081359143,0.22062737261309762,0.2417382333312348
llava_1_5_7b,all,orthogonal_ratio_mean,REAL,1,1503,1503,0,0.9789344612386222,0.9672241956243502,0.9853883100063234,0.993342081870178
llava_1_5_7b,all,orthogonal_ratio_mean,REAL,2,1503,1503,0,0.9870022500318218,0.9830596947836019,0.9873499098012183,0.9913979091914275
llava_1_5_7b,all,orthogonal_ratio_mean,REAL,3,1503,1503,0,0.9789040376138228,0.9749944976432807,0.9792629181098422,0.9831418740114297
llava_1_5_7b,all,orthogonal_ratio_mean,REAL,4,1503,1503,0,0.9486408180416749,0.9390340215484444,0.9497194983841383,0.9598292047717011
llava_1_5_7b,all,orthogonal_ratio_mean,REAL,5,1503,1503,0,0.9534882134239107,0.9487210609861066,0.9535602338088539,0.958597848221602
llava_1_5_7b,all,orthogonal_ratio_mean,REAL,6,1503,1503,0,0.931976637062746,0.9248456180181479,0.9313918369530695,0.9386348616751949
llava_1_5_7b,all,orthogonal_ratio_mean,REAL,7,1503,1503,0,0.9169589178636938,0.9063182799742955,0.9160368259632412,0.9254477604421287
llava_1_5_7b,all,orthogonal_ratio_mean,REAL,8,1503,1503,0,0.9143888389323869,0.901750202770474,0.9130219717918098,0.9240873055434291
llava_1_5_7b,all,orthogonal_ratio_mean,REAL,9,1503,1503,0,0.912460925703877,0.8995265923892704,0.908221747685763,0.9222613624836594
llava_1_5_7b,all,orthogonal_ratio_mean,REAL,10,1503,1503,0,0.911703747169139,0.9040360655860491,0.9095550104415503,0.9173246818003693
llava_1_5_7b,all,orthogonal_ratio_mean,REAL,11,1503,1503,0,0.8942593702892073,0.8849272710128298,0.8915474007291466,0.9010825533631823
llava_1_5_7b,all,orthogonal_ratio_mean,REAL,12,1503,1503,0,0.9217683803490048,0.9135094962681276,0.9200941312338996,0.9278883638087752
llava_1_5_7b,all,orthogonal_ratio_mean,REAL,13,1503,1503,0,0.8993494440321421,0.8908410116901659,0.8991787550282068,0.9066268470749945
llava_1_5_7b,all,orthogonal_ratio_mean,REAL,14,1503,1503,0,0.9079441887552296,0.8986618763991346,0.9063207281462571,0.9157766172365787
llava_1_5_7b,all,orthogonal_ratio_mean,REAL,15,1503,1503,0,0.9301777669824816,0.9213539326179143,0.9298785838059064,0.9386100657448841
llava_1_5_7b,all,orthogonal_ratio_mean,REAL,16,1503,1503,0,0.9324899490151086,0.9232510690141067,0.9320296555085181,0.9413471975209599
llava_1_5_7b,all,orthogonal_ratio_mean,REAL,17,1503,1503,0,0.9503215771061523,0.9451400418380649,0.9504448979034691,0.955725043367349
llava_1_5_7b,all,orthogonal_ratio_mean,REAL,18,1503,1503,0,0.963361863650459,0.9594649561849763,0.9636883821253619,0.9674687186744857
llava_1_5_7b,all,orthogonal_ratio_mean,REAL,19,1503,1503,0,0.9796440161585439,0.9761858815764555,0.979539071422316,0.9834323210899931
llava_1_5_7b,all,orthogonal_ratio_mean,REAL,20,1503,1503,0,0.9840215002734274,0.9816174675797973,0.9842139227026334,0.9866451018944216
llava_1_5_7b,all,orthogonal_ratio_mean,REAL,21,1503,1503,0,0.990332830778515,0.9886934923565089,0.9905195279312016,0.9922196576996604
llava_1_5_7b,all,orthogonal_ratio_mean,REAL,22,1503,1503,0,0.9943937356133429,0.9936588199048803,0.9945043901049259,0.9953470351780134
llava_1_5_7b,all,orthogonal_ratio_mean,REAL,23,1503,1503,0,0.9976168435769889,0.9971955868628734,0.9980389236207401,0.9985076117316553
llava_1_5_7b,all,orthogonal_ratio_mean,REAL,24,1503,1503,0,0.9971120192757714,0.9968191141972169,0.9976408198260712,0.9981420426555603
llava_1_5_7b,all,orthogonal_ratio_mean,REAL,25,1503,1503,0,0.9990598213926672,0.9988667373991535,0.999226366315081,0.999447184960458
llava_1_5_7b,all,orthogonal_ratio_mean,REAL,26,1503,1503,0,0.9975668458787001,0.9970801830838621,0.9979464112248091,0.9985532975647755
llava_1_5_7b,all,orthogonal_ratio_mean,REAL,27,1503,1503,0,0.9992245090617169,0.9990425838268017,0.9993336880963398,0.9995494011723407
llava_1_5_7b,all,orthogonal_ratio_mean,REAL,28,1503,1503,0,0.9993950810513996,0.99930587138846,0.9994623400130129,0.9995818683496052
llava_1_5_7b,all,orthogonal_ratio_mean,REAL,29,1503,1503,0,0.9976646733525338,0.9971744885192422,0.9978664444329657,0.9983717802506633
llava_1_5_7b,all,orthogonal_ratio_mean,REAL,30,1503,1503,0,0.9975735888618165,0.9969682520119774,0.9977854779310972,0.9984089783739178
llava_1_5_7b,all,orthogonal_ratio_mean,REAL,31,1503,1503,0,0.9983536959350375,0.9980594899282095,0.9984596255551182,0.9988067641179086
llava_1_5_7b,all,orthogonal_ratio_mean,REAL,32,1503,1503,0,0.9870951411835461,0.9845319265493857,0.9887607661153491,0.9911824341365069
llava_1_5_7b,all,orthogonal_ratio_mean,HALL,1,450,450,0,0.9753522949920588,0.9603134095349151,0.9781736043282203,0.9931754980300176
llava_1_5_7b,all,orthogonal_ratio_mean,HALL,2,450,450,0,0.9896243065834963,0.9866909704188951,0.9899752839761288,0.9929147009231523
llava_1_5_7b,all,orthogonal_ratio_mean,HALL,3,450,450,0,0.9761555360896496,0.9726173202052184,0.9759174991788404,0.9802681003940547
llava_1_5_7b,all,orthogonal_ratio_mean,HALL,4,450,450,0,0.9465135198064242,0.9380839224751361,0.949385431722561,0.9564056947825013
llava_1_5_7b,all,orthogonal_ratio_mean,HALL,5,450,450,0,0.9533029866500454,0.9487844491978965,0.9531195660260544,0.9579952268394711
llava_1_5_7b,all,orthogonal_ratio_mean,HALL,6,450,450,0,0.927324093163791,0.9203572337584123,0.9273450311390117,0.9341474848541502
llava_1_5_7b,all,orthogonal_ratio_mean,HALL,7,450,450,0,0.9140358037320103,0.90646514025428,0.9133464214660465,0.9203292447747023
llava_1_5_7b,all,orthogonal_ratio_mean,HALL,8,450,450,0,0.9085499282810505,0.8992758962482997,0.9071464689800703,0.9143448364968916
llava_1_5_7b,all,orthogonal_ratio_mean,HALL,9,450,450,0,0.9014955619581865,0.8919005764955458,0.8988657288635641,0.9062189100984648
llava_1_5_7b,all,orthogonal_ratio_mean,HALL,10,450,450,0,0.9096527653369151,0.9031068901690809,0.9082644052384979,0.913320443079868
llava_1_5_7b,all,orthogonal_ratio_mean,HALL,11,450,450,0,0.8909190910954039,0.8837215096151896,0.8897880979887558,0.8950061255497082
llava_1_5_7b,all,orthogonal_ratio_mean,HALL,12,450,450,0,0.9231365946662388,0.9163547511981147,0.9215913752225844,0.9271843346459027
llava_1_5_7b,all,orthogonal_ratio_mean,HALL,13,450,450,0,0.9007879216917662,0.8946228698815674,0.9009284271588712,0.9063308432984415
llava_1_5_7b,all,orthogonal_ratio_mean,HALL,14,450,450,0,0.9077263988208542,0.9001999165712711,0.9054320266858362,0.9127197068946267
llava_1_5_7b,all,orthogonal_ratio_mean,HALL,15,450,450,0,0.9354219635678253,0.9288482189294843,0.9365149497260605,0.9421942854011158
llava_1_5_7b,all,orthogonal_ratio_mean,HALL,16,450,450,0,0.9400253126461694,0.9327981532981344,0.9391667645540032,0.9480829238942694
llava_1_5_7b,all,orthogonal_ratio_mean,HALL,17,450,450,0,0.9488993007489821,0.9431789248424508,0.9489189478055965,0.9540646884855124
llava_1_5_7b,all,orthogonal_ratio_mean,HALL,18,450,450,0,0.9634585707864375,0.9589864672238734,0.9643338690732364,0.9680039881143221
llava_1_5_7b,all,orthogonal_ratio_mean,HALL,19,450,450,0,0.9810963122848599,0.9779896029987621,0.9810018286264588,0.984185413649292
llava_1_5_7b,all,orthogonal_ratio_mean,HALL,20,450,450,0,0.9821846879485759,0.9792484914267571,0.9818534872745693,0.9844750471251026
llava_1_5_7b,all,orthogonal_ratio_mean,HALL,21,450,450,0,0.9894841946133561,0.9877957102288565,0.9895260842463567,0.9912405641338954
llava_1_5_7b,all,orthogonal_ratio_mean,HALL,22,450,450,0,0.9942108734065414,0.9935275064406593,0.9942997073732672,0.9949045110178157
llava_1_5_7b,all,orthogonal_ratio_mean,HALL,23,450,450,0,0.997764448474361,0.9974596788679028,0.9979500669224717,0.9982753370835254
llava_1_5_7b,all,orthogonal_ratio_mean,HALL,24,450,450,0,0.9965606966190891,0.9960441191465694,0.9970533446910711,0.9976490027812924
llava_1_5_7b,all,orthogonal_ratio_mean,HALL,25,450,450,0,0.9991776091345248,0.9990249573545336,0.9992699544441591,0.9994442812683886
llava_1_5_7b,all,orthogonal_ratio_mean,HALL,26,450,450,0,0.9978303846433891,0.9973227103003597,0.9981149660799539,0.998660719690949
llava_1_5_7b,all,orthogonal_ratio_mean,HALL,27,450,450,0,0.999319348894848,0.999187284569336,0.9994630245951607,0.9996402450838638
llava_1_5_7b,all,orthogonal_ratio_mean,HALL,28,450,450,0,0.9994060938874118,0.9993215793219441,0.9994680149790742,0.9996005459824439
llava_1_5_7b,all,orthogonal_ratio_mean,HALL,29,450,450,0,0.9976393506442709,0.9971083214739739,0.9977923344605762,0.9983321747492215
llava_1_5_7b,all,orthogonal_ratio_mean,HALL,30,450,450,0,0.9978662916481442,0.9974558815645946,0.9979445073955127,0.9984780973341015
llava_1_5_7b,all,orthogonal_ratio_mean,HALL,31,450,450,0,0.9984514166594674,0.9982039900928359,0.9985499460760836,0.9988021358669958
llava_1_5_7b,all,orthogonal_ratio_mean,HALL,32,450,450,0,0.9897110183996061,0.9885474715920484,0.9905423961691522,0.9921390592275214
llava_1_5_7b,all,orthogonal_ratio_median,REAL,1,1503,1503,0,0.9883174190260325,0.9844948313250437,0.9936004161295116,0.996401995503554
llava_1_5_7b,all,orthogonal_ratio_median,REAL,2,1503,1503,0,0.9903428047011296,0.986834821959546,0.9906683806382315,0.9940186526879783
llava_1_5_7b,all,orthogonal_ratio_median,REAL,3,1503,1503,0,0.984478903828817,0.9818145897632716,0.9846763217211636,0.98763031748815
llava_1_5_7b,all,orthogonal_ratio_median,REAL,4,1503,1503,0,0.9558583614801567,0.9465489876626665,0.9570725805043562,0.965985098207265
llava_1_5_7b,all,orthogonal_ratio_median,REAL,5,1503,1503,0,0.9550013252802428,0.9501940057072571,0.9551958204258847,0.960012504840114
llava_1_5_7b,all,orthogonal_ratio_median,REAL,6,1503,1503,0,0.9332622269819096,0.9261180590270367,0.9326637459000322,0.9395149764708326
llava_1_5_7b,all,orthogonal_ratio_median,REAL,7,1503,1503,0,0.9182138205113825,0.907405700186778,0.917658986726851,0.9274028065048332
llava_1_5_7b,all,orthogonal_ratio_median,REAL,8,1503,1503,0,0.9144981921166763,0.9010996217147436,0.9128946704900882,0.9248601262172214
llava_1_5_7b,all,orthogonal_ratio_median,REAL,9,1503,1503,0,0.9137590051565748,0.9004213570877786,0.9088896991613218,0.9235852153915749
llava_1_5_7b,all,orthogonal_ratio_median,REAL,10,1503,1503,0,0.9103213993087413,0.9029968377667977,0.9079699994785795,0.91528277674009
llava_1_5_7b,all,orthogonal_ratio_median,REAL,11,1503,1503,0,0.894178674827394,0.8850616833761621,0.8917814762056993,0.9011594534091832
llava_1_5_7b,all,orthogonal_ratio_median,REAL,12,1503,1503,0,0.9223661431382382,0.913315625475704,0.9205778294445043,0.9285665546189987
llava_1_5_7b,all,orthogonal_ratio_median,REAL,13,1503,1503,0,0.8984744316688069,0.8902245922578851,0.8980095717000149,0.9059252461676639
llava_1_5_7b,all,orthogonal_ratio_median,REAL,14,1503,1503,0,0.9079441709999553,0.8988678222466024,0.9060953177501081,0.9159220217875929
llava_1_5_7b,all,orthogonal_ratio_median,REAL,15,1503,1503,0,0.9286179060722288,0.9191600369451853,0.9285579191880579,0.937352919214381
llava_1_5_7b,all,orthogonal_ratio_median,REAL,16,1503,1503,0,0.9321388369992917,0.9227407365533731,0.9312259471256753,0.9412864241423426
llava_1_5_7b,all,orthogonal_ratio_median,REAL,17,1503,1503,0,0.9501999920211976,0.9447792958159922,0.9503286638063917,0.9558092717719033
llava_1_5_7b,all,orthogonal_ratio_median,REAL,18,1503,1503,0,0.9639888345231158,0.9598683975297323,0.9643239419559619,0.9683721991204145
llava_1_5_7b,all,orthogonal_ratio_median,REAL,19,1503,1503,0,0.9814967463362712,0.9779260431671469,0.9814671354723892,0.9854003128774359
llava_1_5_7b,all,orthogonal_ratio_median,REAL,20,1503,1503,0,0.9844953067357328,0.9819536847934742,0.9845837877230081,0.9870544218031735
llava_1_5_7b,all,orthogonal_ratio_median,REAL,21,1503,1503,0,0.9911206168178854,0.9894792064323977,0.9912073196731537,0.9930520677915928
llava_1_5_7b,all,orthogonal_ratio_median,REAL,22,1503,1503,0,0.9949883863530776,0.9941775988867125,0.9950221589368967,0.9958725933743603
llava_1_5_7b,all,orthogonal_ratio_median,REAL,23,1503,1503,0,0.9985332295944869,0.9982207712019073,0.9986646334144402,0.9990104895552143
llava_1_5_7b,all,orthogonal_ratio_median,REAL,24,1503,1503,0,0.9984630385711842,0.9982478481182407,0.9986031831445277,0.9989024476521572
llava_1_5_7b,all,orthogonal_ratio_median,REAL,25,1503,1503,0,0.9997437748153588,0.9996927294174431,0.9997822435116199,0.9998389577918325
llava_1_5_7b,all,orthogonal_ratio_median,REAL,26,1503,1503,0,0.9995241276236445,0.9994944110757435,0.9996674148434734,0.9997702510112683
llava_1_5_7b,all,orthogonal_ratio_median,REAL,27,1503,1503,0,0.9996656028629656,0.9995813920274907,0.9997293323330401,0.9998166609851176
llava_1_5_7b,all,orthogonal_ratio_median,REAL,28,1503,1503,0,0.9997796467415824,0.9997421058248048,0.9998071065666418,0.9998511799504795
llava_1_5_7b,all,orthogonal_ratio_median,REAL,29,1503,1503,0,0.9989022232161686,0.99858593692041,0.9990626055825793,0.9993721544014464
llava_1_5_7b,all,orthogonal_ratio_median,REAL,30,1503,1503,0,0.9987584694443199,0.9983873420573797,0.9989170158086766,0.9993041317356178
llava_1_5_7b,all,orthogonal_ratio_median,REAL,31,1503,1503,0,0.9991664799670461,0.9989756234978953,0.9992898811875143,0.9994893430016268
llava_1_5_7b,all,orthogonal_ratio_median,REAL,32,1503,1503,0,0.992922343440846,0.9912433235491722,0.9947964622879402,0.9963126249639802
llava_1_5_7b,all,orthogonal_ratio_median,HALL,1,450,450,0,0.9845910959689508,0.975992014687787,0.9872078878366222,0.9961253371299393
llava_1_5_7b,all,orthogonal_ratio_median,HALL,2,450,450,0,0.9922739263442458,0.9897418222206997,0.9926246081641702,0.995166730322598
llava_1_5_7b,all,orthogonal_ratio_median,HALL,3,450,450,0,0.9826901204711326,0.9796470298507425,0.9830148526838363,0.9859904112181103
llava_1_5_7b,all,orthogonal_ratio_median,HALL,4,450,450,0,0.9543465967874567,0.9476788654073527,0.9569113521610084,0.9626172198117147
llava_1_5_7b,all,orthogonal_ratio_median,HALL,5,450,450,0,0.9547945931372692,0.9503853564371972,0.9549245671770258,0.9595483665578617
llava_1_5_7b,all,orthogonal_ratio_median,HALL,6,450,450,0,0.9293622078529933,0.9227726305182495,0.9294019851135854,0.9354273635678765
llava_1_5_7b,all,orthogonal_ratio_median,HALL,7,450,450,0,0.9162254864310546,0.9081662785778956,0.9158656765815567,0.9233616224571276
llava_1_5_7b,all,orthogonal_ratio_median,HALL,8,450,450,0,0.9073168531262327,0.8982336536395413,0.9053292947572382,0.9136042242113211
llava_1_5_7b,all,orthogonal_ratio_median,HALL,9,450,450,0,0.9033942350920415,0.8941516600061085,0.9007248893993134,0.9081145150418434
llava_1_5_7b,all,orthogonal_ratio_median,HALL,10,450,450,0,0.908252770955519,0.9020249087698923,0.9070952437970818,0.9118752035779225
llava_1_5_7b,all,orthogonal_ratio_median,HALL,11,450,450,0,0.891084239292541,0.8836386398839816,0.8901697146504091,0.8956330418149319
llava_1_5_7b,all,orthogonal_ratio_median,HALL,12,450,450,0,0.92179266068215,0.9143546658355295,0.9197389811527347,0.9262143484871096
llava_1_5_7b,all,orthogonal_ratio_median,HALL,13,450,450,0,0.8990271452717145,0.8932889572342666,0.8988874633796787,0.9047093916637324
llava_1_5_7b,all,orthogonal_ratio_median,HALL,14,450,450,0,0.9073831587503125,0.8996855955883832,0.9054084478245978,0.9125115235258667
llava_1_5_7b,all,orthogonal_ratio_median,HALL,15,450,450,0,0.9339223501932928,0.9273511495126043,0.9349302444835967,0.9408451840410126
llava_1_5_7b,all,orthogonal_ratio_median,HALL,16,450,450,0,0.9392778188176145,0.9311413812764575,0.9383740978230996,0.9479562855747623
llava_1_5_7b,all,orthogonal_ratio_median,HALL,17,450,450,0,0.9485113334619817,0.9423892793333094,0.9484125742788749,0.9541702794242806
llava_1_5_7b,all,orthogonal_ratio_median,HALL,18,450,450,0,0.9638374314200892,0.9590193478717601,0.9645705243460114,0.9687302734693357
llava_1_5_7b,all,orthogonal_ratio_median,HALL,19,450,450,0,0.9824691156159474,0.979362498721803,0.9820852235282582,0.9856909848956404
llava_1_5_7b,all,orthogonal_ratio_median,HALL,20,450,450,0,0.9824718755257925,0.9796256122872824,0.9820234811372449,0.984806974022925
llava_1_5_7b,all,orthogonal_ratio_median,HALL,21,450,450,0,0.9900192342619236,0.988192689028102,0.9900537150455208,0.9917751571947979
llava_1_5_7b,all,orthogonal_ratio_median,HALL,22,450,450,0,0.9947208015853128,0.9940478391340578,0.9947703660315628,0.9953237360205833
llava_1_5_7b,all,orthogonal_ratio_median,HALL,23,450,450,0,0.9983135182120393,0.9980077047205491,0.9983317940832597,0.9986760935825586
llava_1_5_7b,all,orthogonal_ratio_median,HALL,24,450,450,0,0.9983613398767772,0.9981171082204596,0.9984359933758091,0.998719776474356
llava_1_5_7b,all,orthogonal_ratio_median,HALL,25,450,450,0,0.9997454096124467,0.9996937393438671,0.9997698020389683,0.9998261851593082
llava_1_5_7b,all,orthogonal_ratio_median,HALL,26,450,450,0,0.9995575387139701,0.9994628747649331,0.999654093262902,0.999749782832299
llava_1_5_7b,all,orthogonal_ratio_median,HALL,27,450,450,0,0.9997524796954999,0.9996985947031167,0.9997922140385527,0.9998627313026669
llava_1_5_7b,all,orthogonal_ratio_median,HALL,28,450,450,0,0.9997382722462157,0.9996756141538944,0.9997795586715674,0.999833089063737
llava_1_5_7b,all,orthogonal_ratio_median,HALL,29,450,450,0,0.9988947822806947,0.998576961318701,0.9990100766211099,0.9993283532718016
llava_1_5_7b,all,orthogonal_ratio_median,HALL,30,450,450,0,0.9988733586364477,0.9985626679348387,0.9989718870626332,0.9992994701839836
llava_1_5_7b,all,orthogonal_ratio_median,HALL,31,450,450,0,0.9992023173534035,0.9990455635236422,0.9992909367697729,0.9994827729367695
llava_1_5_7b,all,orthogonal_ratio_median,HALL,32,450,450,0,0.9953108561794579,0.9948663031214198,0.9961706048206164,0.9971128449076836
llava_1_5_7b,all,common_c,REAL,1,1503,1503,0,-0.18402164720501935,-0.41827372884691927,-0.18001012292871735,0.06332490501155308
llava_1_5_7b,all,common_c,REAL,2,1503,1503,0,-0.1266413538682211,-0.14040838000057282,-0.12833177807247897,-0.11443964645880605
llava_1_5_7b,all,common_c,REAL,3,1503,1503,0,-0.06526901232990424,-0.07423849323060863,-0.06440790460820306,-0.055884998857517014
llava_1_5_7b,all,common_c,REAL,4,1503,1503,0,-0.08728433848692974,-0.10639022385294221,-0.08575652852328511,-0.06889232678285752
llava_1_5_7b,all,common_c,REAL,5,1503,1503,0,-0.15673376845990636,-0.17757654695562636,-0.15536073444088597,-0.13199144332289808
llava_1_5_7b,all,common_c,REAL,6,1503,1503,0,-0.21590438630588593,-0.24600504560053085,-0.21292230653012598,-0.18428450367392846
llava_1_5_7b,all,common_c,REAL,7,1503,1503,0,-0.28623400013618716,-0.31795239103478534,-0.28498934886842553,-0.2534878636277467
llava_1_5_7b,all,common_c,REAL,8,1503,1503,0,-0.2671045973974657,-0.30007093562995957,-0.26655308143111456,-0.23652223552794444
llava_1_5_7b,all,common_c,REAL,9,1503,1503,0,-0.22385939533622914,-0.2589734263411202,-0.23415968240951757,-0.19722730295658725
llava_1_5_7b,all,common_c,REAL,10,1503,1503,0,-0.2655555028286035,-0.2877867796298602,-0.2676105285800801,-0.24592523275838163
llava_1_5_7b,all,common_c,REAL,11,1503,1503,0,-0.2617017454588111,-0.284656914204841,-0.26534970526540186,-0.24429809445272244
llava_1_5_7b,all,common_c,REAL,12,1503,1503,0,-0.19811781534345388,-0.23836151293444377,-0.19895117803710163,-0.16236694051335726
llava_1_5_7b,all,common_c,REAL,13,1503,1503,0,-0.2324180416271753,-0.2531806162428077,-0.2345496606894329,-0.21254991324059902
llava_1_5_7b,all,common_c,REAL,14,1503,1503,0,-0.23572680069092597,-0.2600667837598533,-0.2383512929264897,-0.21176971351375984
llava_1_5_7b,all,common_c,REAL,15,1503,1503,0,-0.13619264910337323,-0.1640284936022991,-0.13650942372624839,-0.11034630044459018
llava_1_5_7b,all,common_c,REAL,16,1503,1503,0,-0.14951207933857627,-0.1648679576697969,-0.15036425935027545,-0.13447487041412592
llava_1_5_7b,all,common_c,REAL,17,1503,1503,0,-0.14342864226274893,-0.15702546292152247,-0.14356982661157044,-0.13083814790357073
llava_1_5_7b,all,common_c,REAL,18,1503,1503,0,-0.10761962667995119,-0.12303640190538764,-0.10913903023468763,-0.09546897533775424
llava_1_5_7b,all,common_c,REAL,19,1503,1503,0,-0.07933206673534259,-0.09361954650277202,-0.07611238834424984,-0.06132742422317227
llava_1_5_7b,all,common_c,REAL,20,1503,1503,0,-0.047538902188349476,-0.05507236479603249,-0.048196421739436855,-0.04103500931553043
llava_1_5_7b,all,common_c,REAL,21,1503,1503,0,-0.029377820853612534,-0.040507688352137486,-0.032323668642510975,-0.022000207360492654
llava_1_5_7b,all,common_c,REAL,22,1503,1503,0,-0.026891329744038593,-0.0322859893671493,-0.027230546680020333,-0.021845808811266874
llava_1_5_7b,all,common_c,REAL,23,1503,1503,0,-0.011467301321465761,-0.016191879754692176,-0.010923125796241658,-0.005352094041949407
llava_1_5_7b,all,common_c,REAL,24,1503,1503,0,-0.010673092119940135,-0.013211849231804474,-0.01037927780093913,-0.008272902141921638
llava_1_5_7b,all,common_c,REAL,25,1503,1503,0,-0.010170449091175818,-0.014906028062354389,-0.006540159843188121,-0.0012626200882485095
llava_1_5_7b,all,common_c,REAL,26,1503,1503,0,-0.014916864993624263,-0.010584605586206016,-0.0040907480479903426,-0.0006254301513047501
llava_1_5_7b,all,common_c,REAL,27,1503,1503,0,-0.002023909396841814,-0.005517707466503494,0.0009006896587340297,0.004938654104089612
llava_1_5_7b,all,common_c,REAL,28,1503,1503,0,0.0004081101624971939,-0.0018914833196968515,0.0009512661922452789,0.003426582890671795
llava_1_5_7b,all,common_c,REAL,29,1503,1503,0,0.001869635376247836,0.001013194734696564,0.008050406568264052,0.013386458923688524
llava_1_5_7b,all,common_c,REAL,30,1503,1503,0,1.3068504802013671e-05,-0.005350532103179633,0.0035091103129934304,0.010518217868369244
llava_1_5_7b,all,common_c,REAL,31,1503,1503,0,-0.002834219635401977,-0.011752108356524387,-0.0021154096649572676,0.007584938186831366
llava_1_5_7b,all,common_c,REAL,32,1503,1503,0,0.02389537611593332,-0.018918557724427916,0.00974120190380458,0.04590357790614902
llava_1_5_7b,all,common_c,HALL,1,450,450,0,-0.238288344102264,-0.44406665399418077,-0.2602788389880779,-0.0029662222930381564
llava_1_5_7b,all,common_c,HALL,2,450,450,0,-0.13300269550889382,-0.14391460049568938,-0.1317337503255414,-0.12094827207006992
llava_1_5_7b,all,common_c,HALL,3,450,450,0,-0.0686067842558571,-0.07691411970897796,-0.06845192763741073,-0.06036030105129977
llava_1_5_7b,all,common_c,HALL,4,450,450,0,-0.07749769192502107,-0.0927557282478074,-0.07428003937326806,-0.060586812322258196
llava_1_5_7b,all,common_c,HALL,5,450,450,0,-0.15278327912693476,-0.17188030463384188,-0.14854705776056717,-0.1327987232451301
llava_1_5_7b,all,common_c,HALL,6,450,450,0,-0.19124875545623626,-0.20651444535257896,-0.18801293114488435,-0.1722696200653755
llava_1_5_7b,all,common_c,HALL,7,450,450,0,-0.2589567831044926,-0.27850452547975374,-0.2538176887917576,-0.2343760773415631
llava_1_5_7b,all,common_c,HALL,8,450,450,0,-0.2634739578387111,-0.2836252775595739,-0.2643064310034139,-0.24434614030968543
llava_1_5_7b,all,common_c,HALL,9,450,450,0,-0.23995869381146312,-0.2594465762134427,-0.24690658052117587,-0.23233895527837842
llava_1_5_7b,all,common_c,HALL,10,450,450,0,-0.26326594570306433,-0.2811013673095955,-0.26408312923002497,-0.24845450099533622
llava_1_5_7b,all,common_c,HALL,11,450,450,0,-0.27147717663820503,-0.28868543282493414,-0.2736356166055076,-0.2580423141142855
llava_1_5_7b,all,common_c,HALL,12,450,450,0,-0.1717915637282871,-0.1974355988143549,-0.17076214662958974,-0.14679765604796746
llava_1_5_7b,all,common_c,HALL,13,450,450,0,-0.23026953778249729,-0.2479723321985536,-0.23142154993834618,-0.21333659395624222
llava_1_5_7b,all,common_c,HALL,14,450,450,0,-0.23713998441242182,-0.257282507047769,-0.23971546620224993,-0.21710749064706772
llava_1_5_7b,all,common_c,HALL,15,450,450,0,-0.10988570217299262,-0.12760142110473316,-0.10477263711320017,-0.08796359145688537
llava_1_5_7b,all,common_c,HALL,16,450,450,0,-0.13697231936718635,-0.15226025047650488,-0.13631249094910963,-0.12123833825429015
llava_1_5_7b,all,common_c,HALL,17,450,450,0,-0.1424096838312593,-0.15070509557212391,-0.1437452378875335,-0.13476379831392107
llava_1_5_7b,all,common_c,HALL,18,450,450,0,-0.11815229466481271,-0.13206541560857094,-0.11713241454376935,-0.10389154004599921
llava_1_5_7b,all,common_c,HALL,19,450,450,0,-0.06274320894729711,-0.07372450902578764,-0.06258180782710995,-0.05093827106465543
llava_1_5_7b,all,common_c,HALL,20,450,450,0,-0.04981718468043681,-0.05644671532628048,-0.05046195577798751,-0.04375838284450011
llava_1_5_7b,all,common_c,HALL,21,450,450,0,-0.029478903675586147,-0.040721047925499035,-0.03274031816401676,-0.023492754421438725
llava_1_5_7b,all,common_c,HALL,22,450,450,0,-0.02488637138450655,-0.02936821125151062,-0.025749075657401994,-0.02123111351738101
llava_1_5_7b,all,common_c,HALL,23,450,450,0,-0.010261675116690508,-0.016180898996603445,-0.012545030784162619,-0.006738788935467687
llava_1_5_7b,all,common_c,HALL,24,450,450,0,-0.009649131938492084,-0.012403234578117477,-0.010265514892593752,-0.00794226801208392
llava_1_5_7b,all,common_c,HALL,25,450,450,0,-0.005034096278129044,-0.00963833663232742,-0.002863091436206857,0.0018145988882089148
llava_1_5_7b,all,common_c,HALL,26,450,450,0,-0.010679862624055375,-0.010691443841332911,-0.0043038231261960285,-0.0005649135208110578
llava_1_5_7b,all,common_c,HALL,27,450,450,0,-0.0021694633197155973,-0.003102539438144556,0.0005718063516405168,0.003351996654352335
llava_1_5_7b,all,common_c,HALL,28,450,450,0,0.0016838093773382755,-0.000314878461139087,0.002361994872739501,0.0044724527200085025
llava_1_5_7b,all,common_c,HALL,29,450,450,0,0.007999184190719185,0.0048772127983565325,0.009085987785660282,0.013849695068063028
llava_1_5_7b,all,common_c,HALL,30,450,450,0,0.0023203081542052316,-0.0025960311268581177,0.004953296391147872,0.010317136008724083
llava_1_5_7b,all,common_c,HALL,31,450,450,0,-0.006154537998362556,-0.015410890323225804,-0.004656290096086577,0.0034285694578646986
llava_1_5_7b,all,common_c,HALL,32,450,450,0,0.02298773023158912,-0.003824024418482613,0.024015302949208034,0.04611108170135399
llava_1_5_7b,all,shared_scalar_error,REAL,1,1503,1503,0,0.9854764538003706,0.9772655961123855,0.9901763566546092,0.9976885478560722
llava_1_5_7b,all,shared_scalar_error,REAL,2,1503,1503,0,0.9836246537080912,0.9777336518533416,0.9837322247883176,0.9894747555729393
llava_1_5_7b,all,shared_scalar_error,REAL,3,1503,1503,0,0.9937559163476869,0.9924906948826769,0.9941545804697448,0.9955251105784939
llava_1_5_7b,all,shared_scalar_error,REAL,4,1503,1503,0,0.990269310288368,0.9866444713080953,0.9915899013643649,0.9944784281651959
llava_1_5_7b,all,shared_scalar_error,REAL,5,1503,1503,0,0.9743038641143411,0.9690904754890742,0.9752285838190651,0.9807277774408569
llava_1_5_7b,all,shared_scalar_error,REAL,6,1503,1503,0,0.9499868219855759,0.9423030505377844,0.9506912106844386,0.9582105554883754
llava_1_5_7b,all,shared_scalar_error,REAL,7,1503,1503,0,0.9158048940555916,0.9030705402626418,0.9153139930132216,0.9274060285345183
llava_1_5_7b,all,shared_scalar_error,REAL,8,1503,1503,0,0.9241884538749348,0.9071603049598875,0.9226043630522001,0.938385667551543
llava_1_5_7b,all,shared_scalar_error,REAL,9,1503,1503,0,0.9358177284014991,0.9196535235305496,0.9313102729880622,0.9492467320205793
llava_1_5_7b,all,shared_scalar_error,REAL,10,1503,1503,0,0.9193272078012621,0.9094473536078576,0.9176610794150302,0.9277028762797593
llava_1_5_7b,all,shared_scalar_error,REAL,11,1503,1503,0,0.9197536341965917,0.9081294371106111,0.9177813845415246,0.9296879410672848
llava_1_5_7b,all,shared_scalar_error,REAL,12,1503,1503,0,0.9456877662657334,0.9287253602980281,0.9453370258735132,0.960728150744754
llava_1_5_7b,all,shared_scalar_error,REAL,13,1503,1503,0,0.9250389302613352,0.9150138366869994,0.9243866626336743,0.9346442558371555
llava_1_5_7b,all,shared_scalar_error,REAL,14,1503,1503,0,0.9056471557075918,0.8950762259612655,0.9051760190228884,0.9153951305640631
llava_1_5_7b,all,shared_scalar_error,REAL,15,1503,1503,0,0.963383616279872,0.9535378408536649,0.9654312145208145,0.9758427233390019
llava_1_5_7b,all,shared_scalar_error,REAL,16,1503,1503,0,0.9450391478931284,0.935069968889428,0.9444240032948172,0.9542442899078267
llava_1_5_7b,all,shared_scalar_error,REAL,17,1503,1503,0,0.9533017229980053,0.9450308303827162,0.9528551100729763,0.9604008560394881
llava_1_5_7b,all,shared_scalar_error,REAL,18,1503,1503,0,0.9681823567602076,0.9604602629853857,0.9679794343238621,0.9756110756148793
llava_1_5_7b,all,shared_scalar_error,REAL,19,1503,1503,0,0.9816001590977259,0.9764491689976681,0.9824605574807781,0.9878156143626644
llava_1_5_7b,all,shared_scalar_error,REAL,20,1503,1503,0,0.9883582200871099,0.984936530480699,0.9883751577560673,0.9918329765674019
llava_1_5_7b,all,shared_scalar_error,REAL,21,1503,1503,0,0.994524857365659,0.9920909980526965,0.9951992892832612,0.9979758890433883
llava_1_5_7b,all,shared_scalar_error,REAL,22,1503,1503,0,0.9946905030404741,0.993343269260268,0.9951521842416544,0.9970072831187102
llava_1_5_7b,all,shared_scalar_error,REAL,23,1503,1503,0,0.9982851528033154,0.9980679281260052,0.9990279748462657,0.9996629795244303
llava_1_5_7b,all,shared_scalar_error,REAL,24,1503,1503,0,0.9985416227725382,0.9985534459879852,0.9990483798997439,0.999393867452555
llava_1_5_7b,all,shared_scalar_error,REAL,25,1503,1503,0,0.9982177602256469,0.9982079555299999,0.9995297012171588,0.9998979966142059
llava_1_5_7b,all,shared_scalar_error,REAL,26,1503,1503,0,0.9972362317590944,0.9989676550674016,0.9997718334061753,0.9999557973131366
llava_1_5_7b,all,shared_scalar_error,REAL,27,1503,1503,0,0.9988740625615998,0.9989543758914419,0.9996991305081958,0.9999410829796926
llava_1_5_7b,all,shared_scalar_error,REAL,28,1503,1503,0,0.9997574059583666,0.9997542383987184,0.9999146243314452,0.9999774237752728
llava_1_5_7b,all,shared_scalar_error,REAL,29,1503,1503,0,0.996362214775773,0.9968328209453368,0.9986252592227344,0.9996500449443761
llava_1_5_7b,all,shared_scalar_error,REAL,30,1503,1503,0,0.997681129663469,0.9975193750069511,0.9991599979482564,0.9998077425680608
llava_1_5_7b,all,shared_scalar_error,REAL,31,1503,1503,0,0.9985337708441575,0.9980778761037875,0.9993366227716384,0.9998396137135762
llava_1_5_7b,all,shared_scalar_error,REAL,32,1503,1503,0,0.9983272499317923,0.9980769776700209,0.999395586592521,0.999884003900553
llava_1_5_7b,all,shared_scalar_error,HALL,1,450,450,0,0.9797879350521588,0.9638262378385655,0.9827080579793035,0.9982467962156234
llava_1_5_7b,all,shared_scalar_error,HALL,2,450,450,0,0.9845646998059626,0.9808996583348488,0.9841947088906371,0.9881294350864802
llava_1_5_7b,all,shared_scalar_error,HALL,3,450,450,0,0.9937119644957649,0.9921869578472073,0.993962254220064,0.9952830849299754
llava_1_5_7b,all,shared_scalar_error,HALL,4,450,450,0,0.9921697788380556,0.9895804885705942,0.9934389371304403,0.9958096427452818
llava_1_5_7b,all,shared_scalar_error,HALL,5,450,450,0,0.9740300499682412,0.968940330829724,0.9749225681772482,0.9798749906524139
llava_1_5_7b,all,shared_scalar_error,HALL,6,450,450,0,0.9546130585891057,0.9489260444447318,0.9549175646979591,0.9603165797764345
llava_1_5_7b,all,shared_scalar_error,HALL,7,450,450,0,0.9158904346826012,0.906303535843349,0.915781597576564,0.9256788790879982
llava_1_5_7b,all,shared_scalar_error,HALL,8,450,450,0,0.915877084376555,0.9043691172189653,0.9131015305545312,0.925181344558845
llava_1_5_7b,all,shared_scalar_error,HALL,9,450,450,0,0.9260760271950217,0.9157264050986001,0.9228367460470559,0.9312827978963625
llava_1_5_7b,all,shared_scalar_error,HALL,10,450,450,0,0.9155687446664929,0.9082478598016844,0.9142804708688737,0.9210370697253424
llava_1_5_7b,all,shared_scalar_error,HALL,11,450,450,0,0.9103980663616377,0.9011090111207873,0.9090139135738486,0.9181601880749091
llava_1_5_7b,all,shared_scalar_error,HALL,12,450,450,0,0.9542009305130205,0.943163648551954,0.9541087755733617,0.9651775472608156
llava_1_5_7b,all,shared_scalar_error,HALL,13,450,450,0,0.9265954615893273,0.9162414815680876,0.9260382703419909,0.9362489742529324
llava_1_5_7b,all,shared_scalar_error,HALL,14,450,450,0,0.9047020731434893,0.8960227362566643,0.9047884291308737,0.9121858626463625
llava_1_5_7b,all,shared_scalar_error,HALL,15,450,450,0,0.9711167293225882,0.9647484849845058,0.9746474124655389,0.9816815185313617
llava_1_5_7b,all,shared_scalar_error,HALL,16,450,450,0,0.9534541345506499,0.9429054762082056,0.9531077548071787,0.963863158015276
llava_1_5_7b,all,shared_scalar_error,HALL,17,450,450,0,0.948780769639911,0.9413760305697104,0.947606430646541,0.9546152761657385
llava_1_5_7b,all,shared_scalar_error,HALL,18,450,450,0,0.9623854717137278,0.9547746700753739,0.9625394462214079,0.9700954058932716
llava_1_5_7b,all,shared_scalar_error,HALL,19,450,450,0,0.9851994477758161,0.9812021582619797,0.9854733712940213,0.9901191150698941
llava_1_5_7b,all,shared_scalar_error,HALL,20,450,450,0,0.9862664796471474,0.9832263532643853,0.986187835780478,0.9896015243926994
llava_1_5_7b,all,shared_scalar_error,HALL,21,450,450,0,0.9946666585650121,0.992034440918572,0.9951539139518513,0.997646644884018
llava_1_5_7b,all,shared_scalar_error,HALL,22,450,450,0,0.9953093296635724,0.9939501273479062,0.9954033050753596,0.9968765470950761
llava_1_5_7b,all,shared_scalar_error,HALL,23,450,450,0,0.9981454103377084,0.9977318499926101,0.9986532409369471,0.9994653048637215
llava_1_5_7b,all,shared_scalar_error,HALL,24,450,450,0,0.9985619069316308,0.9985096752814895,0.9989720439222819,0.9993765044491755
llava_1_5_7b,all,shared_scalar_error,HALL,25,450,450,0,0.998862847820918,0.9989660491863782,0.9997681328669674,0.9999495805215721
llava_1_5_7b,all,shared_scalar_error,HALL,26,450,450,0,0.9982605877892112,0.9990262169729609,0.999761532563411,0.9999494677215769
llava_1_5_7b,all,shared_scalar_error,HALL,27,450,450,0,0.9990149593789012,0.9994345056761641,0.9998828363608337,0.9999820828861533
llava_1_5_7b,all,shared_scalar_error,HALL,28,450,450,0,0.999746992234082,0.9997015353538996,0.9998840849864026,0.9999692712456403
llava_1_5_7b,all,shared_scalar_error,HALL,29,450,450,0,0.9980153301833025,0.9971698060554098,0.9986944372628923,0.9995403854934864
llava_1_5_7b,all,shared_scalar_error,HALL,30,450,450,0,0.9982213986793851,0.998215839666667,0.9992722970114334,0.9998015165475684
llava_1_5_7b,all,shared_scalar_error,HALL,31,450,450,0,0.9986446305985675,0.9981255503181359,0.9993864886621839,0.999870907237609
llava_1_5_7b,all,shared_scalar_error,HALL,32,450,450,0,0.9987439467629239,0.9983762018298381,0.9993043146193165,0.9997747607209262
llava_1_5_7b,all,individual_scalar_error,REAL,1,1503,1503,0,0.9738604390331611,0.9610601728349308,0.9783241024024014,0.9901069442852652
llava_1_5_7b,all,individual_scalar_error,REAL,2,1503,1503,0,0.9812602529104395,0.9748741405653496,0.981117021748867,0.9876986183663279
llava_1_5_7b,all,individual_scalar_error,REAL,3,1503,1503,0,0.9928267848184438,0.9915499916751271,0.9933584938363829,0.9947439035517178
llava_1_5_7b,all,individual_scalar_error,REAL,4,1503,1503,0,0.9877397216067898,0.9838028778586452,0.9888966901161028,0.992355718868591
llava_1_5_7b,all,individual_scalar_error,REAL,5,1503,1503,0,0.9694468771729369,0.9634001179935852,0.9708236278536475,0.9771178192311543
llava_1_5_7b,all,individual_scalar_error,REAL,6,1503,1503,0,0.9456906787402267,0.9376508518289913,0.9459399761465823,0.9538321376873399
llava_1_5_7b,all,individual_scalar_error,REAL,7,1503,1503,0,0.9114538153251303,0.8977954527898636,0.9105187239103263,0.9242545032298835
llava_1_5_7b,all,individual_scalar_error,REAL,8,1503,1503,0,0.9213344568042259,0.9036774364004692,0.9194403306109686,0.9364410414732793
llava_1_5_7b,all,individual_scalar_error,REAL,9,1503,1503,0,0.9338798617007112,0.9176366360993192,0.9293414193343956,0.9478926253948169
llava_1_5_7b,all,individual_scalar_error,REAL,10,1503,1503,0,0.918149600862395,0.9081998336671679,0.9166547339169855,0.926496660589436
llava_1_5_7b,all,individual_scalar_error,REAL,11,1503,1503,0,0.9189523729060395,0.9075440850537432,0.9172142996785779,0.9286987144206816
llava_1_5_7b,all,individual_scalar_error,REAL,12,1503,1503,0,0.9436859827452918,0.9267429609935177,0.9429293594830784,0.9585951056889371
llava_1_5_7b,all,individual_scalar_error,REAL,13,1503,1503,0,0.9237894128184198,0.913552315129194,0.9231230401129887,0.933334567763127
llava_1_5_7b,all,individual_scalar_error,REAL,14,1503,1503,0,0.9031865136324795,0.8927932517628455,0.9027199276620765,0.9128347985500651
llava_1_5_7b,all,individual_scalar_error,REAL,15,1503,1503,0,0.9607010061949517,0.9508870827954576,0.9624968851017729,0.9726396885066109
llava_1_5_7b,all,individual_scalar_error,REAL,16,1503,1503,0,0.9433110745309956,0.9336156356892837,0.9428902829614387,0.9523515308631677
llava_1_5_7b,all,individual_scalar_error,REAL,17,1503,1503,0,0.9522299503780933,0.9440974786816699,0.9518147483913143,0.9592606091314975
llava_1_5_7b,all,individual_scalar_error,REAL,18,1503,1503,0,0.9665309468194515,0.958689654979384,0.9664065751634854,0.9739433385793128
llava_1_5_7b,all,individual_scalar_error,REAL,19,1503,1503,0,0.9802962982053198,0.9754512144090578,0.9816839054228087,0.986778896045557
llava_1_5_7b,all,individual_scalar_error,REAL,20,1503,1503,0,0.98709444535773,0.9838604502836042,0.9874565052295383,0.9905872742782658
llava_1_5_7b,all,individual_scalar_error,REAL,21,1503,1503,0,0.9927192825332947,0.9906927496738884,0.9936072290200599,0.9958688745815529
llava_1_5_7b,all,individual_scalar_error,REAL,22,1503,1503,0,0.9937517952471632,0.9926552474921218,0.9945617440233351,0.9962255628525027
llava_1_5_7b,all,individual_scalar_error,REAL,23,1503,1503,0,0.997029913759832,0.9971583869797619,0.9981966328014196,0.9989143819217344
llava_1_5_7b,all,individual_scalar_error,REAL,24,1503,1503,0,0.9979447721561924,0.9982747171957216,0.9987973211535155,0.9991719354513378
llava_1_5_7b,all,individual_scalar_error,REAL,25,1503,1503,0,0.996287371112958,0.9962517444726009,0.9985549298655471,0.9993847319919923
llava_1_5_7b,all,individual_scalar_error,REAL,26,1503,1503,0,0.9945710427282677,0.997411301042501,0.9993035085285016,0.9996557717625019
llava_1_5_7b,all,individual_scalar_error,REAL,27,1503,1503,0,0.9970481962244391,0.9969899953404447,0.9987678669540995,0.9994013543261697
llava_1_5_7b,all,individual_scalar_error,REAL,28,1503,1503,0,0.9993653115957415,0.999293563889732,0.9995806811220566,0.9997509262147865
llava_1_5_7b,all,individual_scalar_error,REAL,29,1503,1503,0,0.9951484209692536,0.9953742513349041,0.9974792493138501,0.9987976912201755
llava_1_5_7b,all,individual_scalar_error,REAL,30,1503,1503,0,0.9944774274994383,0.9938549021251937,0.9968063900011298,0.9982506244632461
llava_1_5_7b,all,individual_scalar_error,REAL,31,1503,1503,0,0.9964311625466624,0.9951698031951142,0.9972522143507259,0.9985017774780769
llava_1_5_7b,all,individual_scalar_error,REAL,32,1503,1503,0,0.9865382040681848,0.9832111995904265,0.9897404193520388,0.9927906168019218
llava_1_5_7b,all,individual_scalar_error,HALL,1,450,450,0,0.9697293150310878,0.9504126062823214,0.9760013780600463,0.9912953183273306
llava_1_5_7b,all,individual_scalar_error,HALL,2,450,450,0,0.9827237996187846,0.9789276497633935,0.9823649271852446,0.9866545985668665
llava_1_5_7b,all,individual_scalar_error,HALL,3,450,450,0,0.9928592683644933,0.99140622961924,0.9932696134487042,0.994688410805288
llava_1_5_7b,all,individual_scalar_error,HALL,4,450,450,0,0.9904293606398779,0.9871921191882008,0.9918204189720937,0.9944046004406273
llava_1_5_7b,all,individual_scalar_error,HALL,5,450,450,0,0.97090242798074,0.9655743055266005,0.9721283297582652,0.9770806693879012
llava_1_5_7b,all,individual_scalar_error,HALL,6,450,450,0,0.9499045840443339,0.9439048635653183,0.9504923471462201,0.9555895704669782
llava_1_5_7b,all,individual_scalar_error,HALL,7,450,450,0,0.9099534299854669,0.8996723736721268,0.9104466655073506,0.9202685695938531
llava_1_5_7b,all,individual_scalar_error,HALL,8,450,450,0,0.9123107386007081,0.9006588007250007,0.9098924814894329,0.9213933776994641
llava_1_5_7b,all,individual_scalar_error,HALL,9,450,450,0,0.9237314241561295,0.9138403545560941,0.9207719251314095,0.929380989409267
llava_1_5_7b,all,individual_scalar_error,HALL,10,450,450,0,0.9144621434192947,0.9072306253924615,0.9131439876329818,0.9200007453272036
llava_1_5_7b,all,individual_scalar_error,HALL,11,450,450,0,0.9095335595316322,0.9005748654597766,0.9083780188050301,0.9173061526444803
llava_1_5_7b,all,individual_scalar_error,HALL,12,450,450,0,0.9520400881644964,0.9406012901560599,0.9516015661481458,0.9630740649842658
llava_1_5_7b,all,individual_scalar_error,HALL,13,450,450,0,0.924971369842575,0.9149076580702048,0.9246432987612043,0.934812689278771
llava_1_5_7b,all,individual_scalar_error,HALL,14,450,450,0,0.9014933471481489,0.8930491939087265,0.9017199117823342,0.9095227877620884
llava_1_5_7b,all,individual_scalar_error,HALL,15,450,450,0,0.9674835325874421,0.9605046090951725,0.9708101469011119,0.9782853177730451
llava_1_5_7b,all,individual_scalar_error,HALL,16,450,450,0,0.9505718320087603,0.9397861665636531,0.9504143770583966,0.9611961765829544
llava_1_5_7b,all,individual_scalar_error,HALL,17,450,450,0,0.9476959270457377,0.9405745012942983,0.9468180895859761,0.9534307174195341
llava_1_5_7b,all,individual_scalar_error,HALL,18,450,450,0,0.9605678481188501,0.9525662651392339,0.9609060752507602,0.968405043705632
llava_1_5_7b,all,individual_scalar_error,HALL,19,450,450,0,0.9840219760406518,0.9799413296671574,0.9843317554739603,0.988789786069813
llava_1_5_7b,all,individual_scalar_error,HALL,20,450,450,0,0.9850523913866562,0.9823496953809818,0.9850706455556317,0.9882777206409652
llava_1_5_7b,all,individual_scalar_error,HALL,21,450,450,0,0.9929077345430071,0.9909330710384328,0.9933765310774999,0.9956931886322472
llava_1_5_7b,all,individual_scalar_error,HALL,22,450,450,0,0.9946306052180436,0.9935217305128801,0.9948475445871993,0.9963035314369089
llava_1_5_7b,all,individual_scalar_error,HALL,23,450,450,0,0.9968698835963616,0.9970717636867831,0.998013526633547,0.9986891646462895
llava_1_5_7b,all,individual_scalar_error,HALL,24,450,450,0,0.9979902015999397,0.9982055303032159,0.9987721573552535,0.9991636715529657
llava_1_5_7b,all,individual_scalar_error,HALL,25,450,450,0,0.9971949714374491,0.9973044681584702,0.9989159077406529,0.9995852835975649
llava_1_5_7b,all,individual_scalar_error,HALL,26,450,450,0,0.9965520857076545,0.9973801418987345,0.9992076024487109,0.9996927094776994
llava_1_5_7b,all,individual_scalar_error,HALL,27,450,450,0,0.997354795232302,0.9977641390542502,0.9991622076623123,0.9996263139631143
llava_1_5_7b,all,individual_scalar_error,HALL,28,450,450,0,0.9994427582471134,0.9993421150112217,0.9996013836597133,0.9997486432681706
llava_1_5_7b,all,individual_scalar_error,HALL,29,450,450,0,0.9970200786435068,0.9961398218318098,0.9976379001609664,0.9987320848617569
llava_1_5_7b,all,individual_scalar_error,HALL,30,450,450,0,0.9954880368721674,0.995400393925089,0.997366026432698,0.9984230948225084
llava_1_5_7b,all,individual_scalar_error,HALL,31,450,450,0,0.9963561053359785,0.9948915167142722,0.9970289139685655,0.9984006816596162
llava_1_5_7b,all,individual_scalar_error,HALL,32,450,450,0,0.9900530795477082,0.988562711797343,0.9912162346648433,0.9933229432620468
llava_1_5_7b,all,gain_nonuniform_error,REAL,1,1503,1503,0,0.14649294271084376,0.11679800276477036,0.14687949494935118,0.1721194287190555
llava_1_5_7b,all,gain_nonuniform_error,REAL,2,1503,1503,0,0.06666194041119976,0.05614743936004998,0.067176763290364,0.07663047976022774
llava_1_5_7b,all,gain_nonuniform_error,REAL,3,1503,1503,0,0.0389588925090785,0.02580472905086282,0.03543332212521225,0.047959642939892425
llava_1_5_7b,all,gain_nonuniform_error,REAL,4,1503,1503,0,0.06582742197525933,0.04713558284156258,0.06355996666251088,0.08196670470947415
llava_1_5_7b,all,gain_nonuniform_error,REAL,5,1503,1503,0,0.09064401199624363,0.062246646074858525,0.09023383174322024,0.1165521275875408
llava_1_5_7b,all,gain_nonuniform_error,REAL,6,1503,1503,0,0.08776304558735694,0.0738687880857235,0.0875081895622004,0.10048224391706959
llava_1_5_7b,all,gain_nonuniform_error,REAL,7,1503,1503,0,0.08406941145633368,0.06361577173206158,0.08237747652805243,0.10303922485530029
llava_1_5_7b,all,gain_nonuniform_error,REAL,8,1503,1503,0,0.06905293476933493,0.053671021345909245,0.06747470327627378,0.08217489694056662
llava_1_5_7b,all,gain_nonuniform_error,REAL,9,1503,1503,0,0.05709793715357304,0.044464871218932916,0.055121650147146525,0.06735701113358394
llava_1_5_7b,all,gain_nonuniform_error,REAL,10,1503,1503,0,0.043931099932147805,0.033353629859369335,0.04142312966373731,0.051449379362994374
llava_1_5_7b,all,gain_nonuniform_error,REAL,11,1503,1503,0,0.036028895900003965,0.026379343444129767,0.035229365326369236,0.04382971145565527
llava_1_5_7b,all,gain_nonuniform_error,REAL,12,1503,1503,0,0.05743271773327522,0.041256374837435814,0.055272953582328574,0.07056190121752409
llava_1_5_7b,all,gain_nonuniform_error,REAL,13,1503,1503,0,0.0446161684767129,0.03257429786862045,0.042694764826492246,0.05303333774069058
llava_1_5_7b,all,gain_nonuniform_error,REAL,14,1503,1503,0,0.0631843286808113,0.04792297333096309,0.06147467488683504,0.07608814827606802
llava_1_5_7b,all,gain_nonuniform_error,REAL,15,1503,1503,0,0.06702753599414844,0.048787043488671654,0.06414461210958157,0.08320190273936393
llava_1_5_7b,all,gain_nonuniform_error,REAL,16,1503,1503,0,0.05315246567014623,0.03905412265368695,0.050505584177164276,0.064326230301235
llava_1_5_7b,all,gain_nonuniform_error,REAL,17,1503,1503,0,0.042156506100916376,0.03132621541761382,0.039452548344722144,0.04925754204032245
llava_1_5_7b,all,gain_nonuniform_error,REAL,18,1503,1503,0,0.05359229546200267,0.04099346141242462,0.052340346403949016,0.06484567633309105
llava_1_5_7b,all,gain_nonuniform_error,REAL,19,1503,1503,0,0.044423912954749116,0.02944272649506146,0.040285598821710206,0.053823793264534694
llava_1_5_7b,all,gain_nonuniform_error,REAL,20,1503,1503,0,0.04432657553005517,0.029733884799451778,0.039055622736471826,0.0521158205682973
llava_1_5_7b,all,gain_nonuniform_error,REAL,21,1503,1503,0,0.05417007243712186,0.03610343934386651,0.04890209977379183,0.06486830170715029
llava_1_5_7b,all,gain_nonuniform_error,REAL,22,1503,1503,0,0.035067974203301704,0.02105905042452324,0.028297699983314276,0.03911559266754797
llava_1_5_7b,all,gain_nonuniform_error,REAL,23,1503,1503,0,0.041124043811784375,0.023688293328794515,0.03290351796896576,0.04915197351754206
llava_1_5_7b,all,gain_nonuniform_error,REAL,24,1503,1503,0,0.025649892026036878,0.01434159091004426,0.01910206913222234,0.02666955084653693
llava_1_5_7b,all,gain_nonuniform_error,REAL,25,1503,1503,0,0.049516182207377635,0.02594799479151627,0.038530012365923405,0.058785949595138984
llava_1_5_7b,all,gain_nonuniform_error,REAL,26,1503,1503,0,0.05006965502118158,0.021167226914557618,0.030886936725635795,0.05569215975495616
llava_1_5_7b,all,gain_nonuniform_error,REAL,27,1503,1503,0,0.04910795625569125,0.02652130412710801,0.038990563064235234,0.05997822867953208
llava_1_5_7b,all,gain_nonuniform_error,REAL,28,1503,1503,0,0.025423069200158504,0.01793918317971136,0.023296587780441778,0.03017151818004861
llava_1_5_7b,all,gain_nonuniform_error,REAL,29,1503,1503,0,0.04307876270375839,0.027430229857944785,0.03810251196203361,0.05292097903699645
llava_1_5_7b,all,gain_nonuniform_error,REAL,30,1503,1503,0,0.06938228889103502,0.04420412479290202,0.06033944076628419,0.08330648440128631
llava_1_5_7b,all,gain_nonuniform_error,REAL,31,1503,1503,0,0.059124310679552435,0.0399945401593697,0.054712303289836874,0.07433879109107583
llava_1_5_7b,all,gain_nonuniform_error,REAL,32,1503,1503,0,0.14521913670108721,0.11217827691216573,0.13354550036355164,0.16692487272027817
llava_1_5_7b,all,gain_nonuniform_error,HALL,1,450,450,0,0.135748354741851,0.10756216718276865,0.1327515931835084,0.16159492529972994
llava_1_5_7b,all,gain_nonuniform_error,HALL,2,450,450,0,0.05917122287130746,0.05214244984079395,0.058577561544636905,0.06617974218782167
llava_1_5_7b,all,gain_nonuniform_error,HALL,3,450,450,0,0.037379483478551294,0.025188282894050586,0.03350879413401038,0.04666125469968843
llava_1_5_7b,all,gain_nonuniform_error,HALL,4,450,450,0,0.05466959032246788,0.039930026559248336,0.051880723193520745,0.06460855337785969
llava_1_5_7b,all,gain_nonuniform_error,HALL,5,450,450,0,0.07175235594659148,0.048930155119690164,0.06656648940791321,0.09015857636357262
llava_1_5_7b,all,gain_nonuniform_error,HALL,6,450,450,0,0.09261551191356496,0.07905188363346498,0.09233128406697186,0.10538793538350447
llava_1_5_7b,all,gain_nonuniform_error,HALL,7,450,450,0,0.0999658189697094,0.07989736981386009,0.09811917999289846,0.11868851747215053
llava_1_5_7b,all,gain_nonuniform_error,HALL,8,450,450,0,0.07865730639625869,0.06637974821641181,0.07784513506498933,0.09096217351624744
llava_1_5_7b,all,gain_nonuniform_error,HALL,9,450,450,0,0.06367819611950114,0.053045129722140164,0.06166120043073556,0.0724194922453653
llava_1_5_7b,all,gain_nonuniform_error,HALL,10,450,450,0,0.04295277205331378,0.03390669420907142,0.04148718726888882,0.04985982050557859
llava_1_5_7b,all,gain_nonuniform_error,HALL,11,450,450,0,0.037490370336647934,0.027763402860300573,0.03758252435622028,0.0458303772411246
llava_1_5_7b,all,gain_nonuniform_error,HALL,12,450,450,0,0.05985024222449356,0.04346985854069088,0.05944513702896593,0.0741886580159404
llava_1_5_7b,all,gain_nonuniform_error,HALL,13,450,450,0,0.050141136008964415,0.03494930338847747,0.04577834850802047,0.06175822209423964
llava_1_5_7b,all,gain_nonuniform_error,HALL,14,450,450,0,0.07199579963257104,0.054976878646758175,0.07233021960447242,0.08742590776914529
llava_1_5_7b,all,gain_nonuniform_error,HALL,15,450,450,0,0.07903754040707849,0.05923890218109757,0.07936425777457892,0.09904604546749045
llava_1_5_7b,all,gain_nonuniform_error,HALL,16,450,450,0,0.0686786470986815,0.048397631802998824,0.06641036376386106,0.08768151532064625
llava_1_5_7b,all,gain_nonuniform_error,HALL,17,450,450,0,0.04291105463649901,0.033476331498888574,0.04049616461047918,0.04830101516085314
llava_1_5_7b,all,gain_nonuniform_error,HALL,18,450,450,0,0.05614286410828122,0.04409662868636321,0.05552467632225218,0.06798431542438611
llava_1_5_7b,all,gain_nonuniform_error,HALL,19,450,450,0,0.04348810218666496,0.02939346962116051,0.040615601262684084,0.055301911685904676
llava_1_5_7b,all,gain_nonuniform_error,HALL,20,450,450,0,0.04406103060597417,0.02910237987343038,0.03980520940936138,0.054465742579657285
llava_1_5_7b,all,gain_nonuniform_error,HALL,21,450,450,0,0.051692512631133336,0.03419747751715706,0.04478055579644616,0.06165745541755958
llava_1_5_7b,all,gain_nonuniform_error,HALL,22,450,450,0,0.03048149169363585,0.01922259563709346,0.025645158989531562,0.03297713291452704
llava_1_5_7b,all,gain_nonuniform_error,HALL,23,450,450,0,0.03967359813619638,0.02089974557615596,0.030076508130047423,0.04763745260536622
llava_1_5_7b,all,gain_nonuniform_error,HALL,24,450,450,0,0.02457254959846601,0.013146032492637773,0.01764381175972069,0.024941099701644143
llava_1_5_7b,all,gain_nonuniform_error,HALL,25,450,450,0,0.04671590505871523,0.02385673840818295,0.036854063913382626,0.056747207792933796
llava_1_5_7b,all,gain_nonuniform_error,HALL,26,450,450,0,0.042758777708365205,0.02007330682637693,0.02881281384708069,0.051022379424500816
llava_1_5_7b,all,gain_nonuniform_error,HALL,27,450,450,0,0.04510190853354282,0.022849131464527602,0.034260417288002734,0.05348235258739771
llava_1_5_7b,all,gain_nonuniform_error,HALL,28,450,450,0,0.023040148110300286,0.017521497768218083,0.021138221725988324,0.026427101215137732
llava_1_5_7b,all,gain_nonuniform_error,HALL,29,450,450,0,0.03993911532562524,0.02753088375206946,0.03458059842216,0.04742947181290623
llava_1_5_7b,all,gain_nonuniform_error,HALL,30,450,450,0,0.06414418802796498,0.041621225127197285,0.05597907772112444,0.07406446955682607
llava_1_5_7b,all,gain_nonuniform_error,HALL,31,450,450,0,0.06278764267668993,0.04487981212037166,0.05997777931978353,0.07925168038443911
llava_1_5_7b,all,gain_nonuniform_error,HALL,32,450,450,0,0.12749055276713264,0.10690266998611389,0.12303753203570714,0.14052625710285266
llava_1_5_7b,train,cos_mean,REAL,1,1211,1211,0,-0.07856104005621704,-0.18898920215627235,-0.10905850279229254,0.044864751465512304
llava_1_5_7b,train,cos_mean,REAL,2,1211,1211,0,-0.1367184027741106,-0.16631351947060263,-0.13993544952542278,-0.10856173085515922
llava_1_5_7b,train,cos_mean,REAL,3,1211,1211,0,-0.1879121846486943,-0.20658855689523786,-0.18827011888950235,-0.17081447399363647
llava_1_5_7b,train,cos_mean,REAL,4,1211,1211,0,-0.2989417404369639,-0.33058780644528774,-0.2990211023974957,-0.26762040643128177
llava_1_5_7b,train,cos_mean,REAL,5,1211,1211,0,-0.29711948807175703,-0.3122985106892884,-0.2985156597569585,-0.2814669197412311
llava_1_5_7b,train,cos_mean,REAL,6,1211,1211,0,-0.35811973699490174,-0.3770601108747845,-0.36056460357374615,-0.34129170852247626
llava_1_5_7b,train,cos_mean,REAL,7,1211,1211,0,-0.39297764204591273,-0.4187874130439013,-0.397851880458701,-0.3753783795853249
llava_1_5_7b,train,cos_mean,REAL,8,1211,1211,0,-0.39793236484546146,-0.42855745785507476,-0.40430157916206455,-0.3773962431587279
llava_1_5_7b,train,cos_mean,REAL,9,1211,1211,0,-0.4025028871323858,-0.434744530900692,-0.415713957666109,-0.38291557481150246
llava_1_5_7b,train,cos_mean,REAL,10,1211,1211,0,-0.4062650045350957,-0.42528410762962365,-0.4125999268144369,-0.3942754440811566
llava_1_5_7b,train,cos_mean,REAL,11,1211,1211,0,-0.44429611897766225,-0.46353535346376395,-0.45079712595583665,-0.43121956795867944
llava_1_5_7b,train,cos_mean,REAL,12,1211,1211,0,-0.37987792250595165,-0.40238724519602126,-0.3850068703500761,-0.3661504343100306
llava_1_5_7b,train,cos_mean,REAL,13,1211,1211,0,-0.4334672047632314,-0.45146267573970056,-0.4344061654475,-0.4190831052967244
llava_1_5_7b,train,cos_mean,REAL,14,1211,1211,0,-0.4164523422835948,-0.43723746303779387,-0.4216291498806741,-0.40015432287731934
llava_1_5_7b,train,cos_mean,REAL,15,1211,1211,0,-0.35915451378089225,-0.38280592794116175,-0.3615358858369291,-0.3380312568301128
llava_1_5_7b,train,cos_mean,REAL,16,1211,1211,0,-0.3549404303542132,-0.3801460495451465,-0.3590137782868826,-0.33278954377520775
llava_1_5_7b,train,cos_mean,REAL,17,1211,1211,0,-0.3057492299592396,-0.32199228891274995,-0.30665229553253287,-0.28906020271824673
llava_1_5_7b,train,cos_mean,REAL,18,1211,1211,0,-0.26279988203919646,-0.2780874649631894,-0.26303254975937307,-0.2482232701473145
llava_1_5_7b,train,cos_mean,REAL,19,1211,1211,0,-0.18448574116258168,-0.2056611965111996,-0.18810388860240185,-0.16588451359680473
llava_1_5_7b,train,cos_mean,REAL,20,1211,1211,0,-0.1700361524983294,-0.1849739704961798,-0.1716308414567417,-0.15498679304919782
llava_1_5_7b,train,cos_mean,REAL,21,1211,1211,0,-0.12323788018002818,-0.13999479139799104,-0.1255865807010284,-0.10786774615705023
llava_1_5_7b,train,cos_mean,REAL,22,1211,1211,0,-0.09844335538113214,-0.10714617980971121,-0.0987898921885062,-0.08975921467034216
llava_1_5_7b,train,cos_mean,REAL,23,1211,1211,0,-0.02121688504591012,-0.03839043471053413,-0.024908358083242394,-0.007110201140032283
llava_1_5_7b,train,cos_mean,REAL,24,1211,1211,0,-0.059665801087503786,-0.06722029404681962,-0.057597846259644335,-0.050281232744910975
llava_1_5_7b,train,cos_mean,REAL,25,1211,1211,0,-0.018595785924663388,-0.025706421749894223,-0.018162100905050868,-0.010296184685347024
llava_1_5_7b,train,cos_mean,REAL,26,1211,1211,0,0.026054599046179454,0.011808737038115346,0.023831685048345246,0.036600497589663265
llava_1_5_7b,train,cos_mean,REAL,27,1211,1211,0,0.014371636278276641,0.005131148982466509,0.014021262438872226,0.02294718360797295
llava_1_5_7b,train,cos_mean,REAL,28,1211,1211,0,-6.792360219249118e-05,-0.00973035006739388,0.0006025497452052756,0.010138921944695135
llava_1_5_7b,train,cos_mean,REAL,29,1211,1211,0,0.006773768097456688,-0.008851992329100413,0.007708291488812493,0.022869467058022508
llava_1_5_7b,train,cos_mean,REAL,30,1211,1211,0,0.023040862315917707,0.008166290537411037,0.023561395911353127,0.038351662761919494
llava_1_5_7b,train,cos_mean,REAL,31,1211,1211,0,-0.00304784285371924,-0.016163740120744147,-1.299202654081455e-05,0.014583371088229394
llava_1_5_7b,train,cos_mean,REAL,32,1211,1211,0,0.07140486340694044,0.025535216075575642,0.06471549988024587,0.11999522776847647
llava_1_5_7b,train,cos_mean,HALL,1,375,375,0,-0.12120239405887105,-0.22779913286458647,-0.17291537338792928,0.018096979918595935
llava_1_5_7b,train,cos_mean,HALL,2,375,375,0,-0.1259327946293016,-0.15049945693944108,-0.12702026956443055,-0.10511888573748568
llava_1_5_7b,train,cos_mean,HALL,3,375,375,0,-0.19990401839532865,-0.2153618587827724,-0.20160009264428583,-0.18277919301827852
llava_1_5_7b,train,cos_mean,HALL,4,375,375,0,-0.3044792356395447,-0.33054888357097906,-0.2999478448311695,-0.27793027370029855
llava_1_5_7b,train,cos_mean,HALL,5,375,375,0,-0.2990034284137574,-0.3131258577341214,-0.30004912296620506,-0.28488513867422527
llava_1_5_7b,train,cos_mean,HALL,6,375,375,0,-0.36938034170659056,-0.3870782370730821,-0.3700515879576819,-0.3538987876123024
llava_1_5_7b,train,cos_mean,HALL,7,375,375,0,-0.39966686560213566,-0.41840887498498586,-0.4027669283095747,-0.3862570730012117
llava_1_5_7b,train,cos_mean,HALL,8,375,375,0,-0.41050584393226536,-0.4325613808662941,-0.4140484018587611,-0.3967030803081191
llava_1_5_7b,train,cos_mean,HALL,9,375,375,0,-0.4277271931829208,-0.4501402941791134,-0.4356533469528788,-0.41854457361882347
llava_1_5_7b,train,cos_mean,HALL,10,375,375,0,-0.41101249826779046,-0.4267149937934138,-0.41498692359568345,-0.4027760650755631
llava_1_5_7b,train,cos_mean,HALL,11,375,375,0,-0.45128304078502374,-0.4662339931302186,-0.45430333927894634,-0.4443903951129565
llava_1_5_7b,train,cos_mean,HALL,12,375,375,0,-0.37604988279208784,-0.394131747708242,-0.3818487285170704,-0.36645074940234834
llava_1_5_7b,train,cos_mean,HALL,13,375,375,0,-0.42928154954590175,-0.44252073096059674,-0.4301693946278344,-0.41839307309904444
llava_1_5_7b,train,cos_mean,HALL,14,375,375,0,-0.4172038722678984,-0.4342801963600019,-0.42273750870178145,-0.4071953473871367
llava_1_5_7b,train,cos_mean,HALL,15,375,375,0,-0.3436985652261156,-0.3631607488819605,-0.34098597305516404,-0.3246660820732359
llava_1_5_7b,train,cos_mean,HALL,16,375,375,0,-0.3315634147345375,-0.35404247789281523,-0.33643783094723606,-0.31010834872722626
llava_1_5_7b,train,cos_mean,HALL,17,375,375,0,-0.3103485210777074,-0.3280929115814312,-0.31180758034396505,-0.2954691488024158
llava_1_5_7b,train,cos_mean,HALL,18,375,375,0,-0.2629019293144554,-0.28005326946731657,-0.261371095962305,-0.24635887001285384
llava_1_5_7b,train,cos_mean,HALL,19,375,375,0,-0.17965909900983615,-0.19813392272569924,-0.18334142395744696,-0.16364095147223956
llava_1_5_7b,train,cos_mean,HALL,20,375,375,0,-0.1803955572453833,-0.19796864753071633,-0.1836345844462307,-0.1685342233404299
llava_1_5_7b,train,cos_mean,HALL,21,375,375,0,-0.13238473994038144,-0.14889368834287275,-0.13379978471776768,-0.11943387704357317
llava_1_5_7b,train,cos_mean,HALL,22,375,375,0,-0.10161345118735536,-0.10895111030357738,-0.10156366656156024,-0.0957937030248609
llava_1_5_7b,train,cos_mean,HALL,23,375,375,0,-0.03829157027315422,-0.051583223673088374,-0.041853541042504126,-0.029936146350312103
llava_1_5_7b,train,cos_mean,HALL,24,375,375,0,-0.06480746668130488,-0.07405569906899878,-0.06414022357997358,-0.05646193323135486
llava_1_5_7b,train,cos_mean,HALL,25,375,375,0,-0.017944703983824407,-0.02334213394855232,-0.016871821513228094,-0.011865382714631778
llava_1_5_7b,train,cos_mean,HALL,26,375,375,0,0.024096625348453433,0.011353561092424988,0.022231797232459865,0.0363410526868332
llava_1_5_7b,train,cos_mean,HALL,27,375,375,0,0.009852714183636532,0.00227122428330991,0.00876974265558693,0.018278869751744274
llava_1_5_7b,train,cos_mean,HALL,28,375,375,0,0.0098197627228129,0.002522304959681618,0.011591757804404147,0.019510972411902274
llava_1_5_7b,train,cos_mean,HALL,29,375,375,0,0.018031565195273727,0.006253979131410384,0.01981838445529623,0.032135332510531744
llava_1_5_7b,train,cos_mean,HALL,30,375,375,0,0.027134430528821012,0.015585167695921283,0.029114775039374763,0.039585861189975285
llava_1_5_7b,train,cos_mean,HALL,31,375,375,0,0.0034866849031451323,-0.005644285745688649,0.005322762744722493,0.016817282567859908
llava_1_5_7b,train,cos_mean,HALL,32,375,375,0,0.04698663781933582,0.015470096369237279,0.039797838384932525,0.06817994787986473
llava_1_5_7b,train,parallel_gain_mean,REAL,1,1211,1211,0,-0.17136618063653886,-0.36779296469283995,-0.18007422208438395,0.049520689966080986
llava_1_5_7b,train,parallel_gain_mean,REAL,2,1211,1211,0,-0.1091226820836919,-0.12108822839105914,-0.10941077484242757,-0.09735549987346737
llava_1_5_7b,train,parallel_gain_mean,REAL,3,1211,1211,0,-0.1055078867829421,-0.11535600442646254,-0.10484487108026071,-0.09491342397043355
llava_1_5_7b,train,parallel_gain_mean,REAL,4,1211,1211,0,-0.2231181591884298,-0.2419303427540503,-0.22235209566709196,-0.2018089025846883
llava_1_5_7b,train,parallel_gain_mean,REAL,5,1211,1211,0,-0.22198666182112142,-0.23719658031797014,-0.22436107767558783,-0.20701613816305814
llava_1_5_7b,train,parallel_gain_mean,REAL,6,1211,1211,0,-0.26256789685430476,-0.28379826562583105,-0.26315869008361337,-0.2406582047235054
llava_1_5_7b,train,parallel_gain_mean,REAL,7,1211,1211,0,-0.276681871357202,-0.29826462216252875,-0.2784149393398261,-0.25632380810062505
llava_1_5_7b,train,parallel_gain_mean,REAL,8,1211,1211,0,-0.27975777458132584,-0.3077939931310343,-0.28210316288692205,-0.25745767512243556
llava_1_5_7b,train,parallel_gain_mean,REAL,9,1211,1211,0,-0.24941320762187755,-0.2720121350820676,-0.2548477598282621,-0.23555717084791616
llava_1_5_7b,train,parallel_gain_mean,REAL,10,1211,1211,0,-0.25062360286421337,-0.2706093928034173,-0.2528629459576485,-0.23598056469075993
llava_1_5_7b,train,parallel_gain_mean,REAL,11,1211,1211,0,-0.2737636401430669,-0.2899120828217728,-0.27770807121354996,-0.26132711038377876
llava_1_5_7b,train,parallel_gain_mean,REAL,12,1211,1211,0,-0.21811517414890727,-0.23478022123891124,-0.22162348883342844,-0.20485293304768293
llava_1_5_7b,train,parallel_gain_mean,REAL,13,1211,1211,0,-0.23816905780513886,-0.255778972731169,-0.2409260657730533,-0.22281647211759975
llava_1_5_7b,train,parallel_gain_mean,REAL,14,1211,1211,0,-0.21434106044105866,-0.2317288809666132,-0.2178336063669774,-0.20074396612849166
llava_1_5_7b,train,parallel_gain_mean,REAL,15,1211,1211,0,-0.17286856855391053,-0.1868824850001495,-0.1728030666517196,-0.15970726245553316
llava_1_5_7b,train,parallel_gain_mean,REAL,16,1211,1211,0,-0.1639127257760568,-0.17860782953964283,-0.1657072446480527,-0.1499261421275689
llava_1_5_7b,train,parallel_gain_mean,REAL,17,1211,1211,0,-0.1400818785436223,-0.1499478244848535,-0.13961711392664583,-0.13074416021247348
llava_1_5_7b,train,parallel_gain_mean,REAL,18,1211,1211,0,-0.1058359747165891,-0.11355611774540342,-0.10574913527849798,-0.09825709952789002
llava_1_5_7b,train,parallel_gain_mean,REAL,19,1211,1211,0,-0.07870309050478715,-0.08776162822953218,-0.0804229701794602,-0.06973664869982593
llava_1_5_7b,train,parallel_gain_mean,REAL,20,1211,1211,0,-0.059706120752564575,-0.0653780271748841,-0.0595957421893307,-0.05384988255687258
llava_1_5_7b,train,parallel_gain_mean,REAL,21,1211,1211,0,-0.044149932825512134,-0.049899755203520635,-0.044750266117550924,-0.03884624127373794
llava_1_5_7b,train,parallel_gain_mean,REAL,22,1211,1211,0,-0.029261931282156158,-0.03158913036882448,-0.028889555345314517,-0.02646563569009878
llava_1_5_7b,train,parallel_gain_mean,REAL,23,1211,1211,0,-0.0066414212739903606,-0.009992280354432604,-0.00686786691495715,-0.0032769806281944622
llava_1_5_7b,train,parallel_gain_mean,REAL,24,1211,1211,0,-0.01569268813536566,-0.017472395368608194,-0.015183176080184373,-0.013057143158864587
llava_1_5_7b,train,parallel_gain_mean,REAL,25,1211,1211,0,-0.004871379916626287,-0.006456986265726623,-0.004376206755930708,-0.0024504956866212087
llava_1_5_7b,train,parallel_gain_mean,REAL,26,1211,1211,0,0.008560450257619024,0.00422702851436588,0.007931368565716496,0.012061426504310403
llava_1_5_7b,train,parallel_gain_mean,REAL,27,1211,1211,0,0.0034883171459018825,0.0011871487430594849,0.003387366577727666,0.005673564181676246
llava_1_5_7b,train,parallel_gain_mean,REAL,28,1211,1211,0,-0.00020090036764434233,-0.002617667687990188,1.3866373676495528e-05,0.0024585056886134004
llava_1_5_7b,train,parallel_gain_mean,REAL,29,1211,1211,0,-0.00018508764262807896,-0.003553619049629762,0.00013832046006356308,0.003541553091834444
llava_1_5_7b,train,parallel_gain_mean,REAL,30,1211,1211,0,0.003746362560221793,0.0005587726798623251,0.004006613624826209,0.007316248596887587
llava_1_5_7b,train,parallel_gain_mean,REAL,31,1211,1211,0,-0.004864045242830353,-0.009599562212246868,-0.0035942591955632525,0.001492525095382072
llava_1_5_7b,train,parallel_gain_mean,REAL,32,1211,1211,0,0.14867545677798014,0.06842567191922114,0.1303127486818928,0.22482073782959494
llava_1_5_7b,train,parallel_gain_mean,HALL,1,375,375,0,-0.21177334758639044,-0.3817095474193788,-0.2536959503634972,0.018529975751056894
llava_1_5_7b,train,parallel_gain_mean,HALL,2,375,375,0,-0.10721508044076825,-0.1187446100743105,-0.10667686639090276,-0.09659999251914833
llava_1_5_7b,train,parallel_gain_mean,HALL,3,375,375,0,-0.11371293447996055,-0.12155661484189709,-0.11215629058239641,-0.10529333636545428
llava_1_5_7b,train,parallel_gain_mean,HALL,4,375,375,0,-0.22633624783970852,-0.2445997542870897,-0.21883854404166472,-0.20190325879702603
llava_1_5_7b,train,parallel_gain_mean,HALL,5,375,375,0,-0.21702601575051753,-0.2276711653994534,-0.21614472882654662,-0.20516668698438398
llava_1_5_7b,train,parallel_gain_mean,HALL,6,375,375,0,-0.26364055110412427,-0.28438568538788067,-0.2688093965992693,-0.24601746835025817
llava_1_5_7b,train,parallel_gain_mean,HALL,7,375,375,0,-0.2694485761005116,-0.2864075814312744,-0.26926322829944377,-0.2544090078925827
llava_1_5_7b,train,parallel_gain_mean,HALL,8,375,375,0,-0.29338781953449816,-0.31613098674526074,-0.29809328243569483,-0.2792365090301665
llava_1_5_7b,train,parallel_gain_mean,HALL,9,375,375,0,-0.26508767184627346,-0.2794811833941586,-0.2696292520676758,-0.25654360637290585
llava_1_5_7b,train,parallel_gain_mean,HALL,10,375,375,0,-0.25538520733063647,-0.27007620614190464,-0.25936009317649766,-0.2438305786416483
llava_1_5_7b,train,parallel_gain_mean,HALL,11,375,375,0,-0.28114504182484745,-0.2926857480759547,-0.28467121678152196,-0.2740596625788036
llava_1_5_7b,train,parallel_gain_mean,HALL,12,375,375,0,-0.21963154815425673,-0.23452069277889065,-0.22298256253768212,-0.21109618084415047
llava_1_5_7b,train,parallel_gain_mean,HALL,13,375,375,0,-0.245905042302521,-0.26084117890567593,-0.24873032123877556,-0.2355814636877851
llava_1_5_7b,train,parallel_gain_mean,HALL,14,375,375,0,-0.21673020593206677,-0.23002451063403268,-0.21958952289818992,-0.20720404076563304
llava_1_5_7b,train,parallel_gain_mean,HALL,15,375,375,0,-0.16513881421661566,-0.17485004028535278,-0.1644683113035493,-0.15394683667569642
llava_1_5_7b,train,parallel_gain_mean,HALL,16,375,375,0,-0.1558001910840758,-0.16792621734568847,-0.15720723615131837,-0.14404625442636917
llava_1_5_7b,train,parallel_gain_mean,HALL,17,375,375,0,-0.13954816623382824,-0.1468901821981123,-0.14063555837124372,-0.13328893684022036
llava_1_5_7b,train,parallel_gain_mean,HALL,18,375,375,0,-0.10551003837494886,-0.11120635875373269,-0.1046529648319687,-0.09962955929556541
llava_1_5_7b,train,parallel_gain_mean,HALL,19,375,375,0,-0.07534192975811035,-0.08189262440945984,-0.0763254236161928,-0.06997447822796916
llava_1_5_7b,train,parallel_gain_mean,HALL,20,375,375,0,-0.06216920069571214,-0.06703782031537404,-0.06344602273100537,-0.058450591281287385
llava_1_5_7b,train,parallel_gain_mean,HALL,21,375,375,0,-0.046648004778784564,-0.05229458387249445,-0.0476299316448745,-0.04212801753564904
llava_1_5_7b,train,parallel_gain_mean,HALL,22,375,375,0,-0.0297128400560955,-0.031620334274330864,-0.029631952455403215,-0.027891236300000247
llava_1_5_7b,train,parallel_gain_mean,HALL,23,375,375,0,-0.010385763632996948,-0.013531299852248666,-0.010803329261394582,-0.008065114547698968
llava_1_5_7b,train,parallel_gain_mean,HALL,24,375,375,0,-0.01707238061498145,-0.019157684430615475,-0.01696061796055809,-0.014717229001491399
llava_1_5_7b,train,parallel_gain_mean,HALL,25,375,375,0,-0.004518089861095526,-0.005702735169651762,-0.004093364232488743,-0.002832154977704124
llava_1_5_7b,train,parallel_gain_mean,HALL,26,375,375,0,0.00819501354727812,0.004274969844340012,0.007639733450154078,0.012111636926380134
llava_1_5_7b,train,parallel_gain_mean,HALL,27,375,375,0,0.0023197000557675725,0.00041365342459185906,0.0021350500609498505,0.004461310887196771
llava_1_5_7b,train,parallel_gain_mean,HALL,28,375,375,0,0.002304657723801869,0.0005781485775521707,0.0027017467968724154,0.004784981276940908
llava_1_5_7b,train,parallel_gain_mean,HALL,29,375,375,0,0.002687237359613741,-0.0005637672329894556,0.0028867492960489897,0.005926350200065378
llava_1_5_7b,train,parallel_gain_mean,HALL,30,375,375,0,0.004990273635937913,0.0024641880080264913,0.005654277665733915,0.007987636462971074
llava_1_5_7b,train,parallel_gain_mean,HALL,31,375,375,0,-0.0022898300389084933,-0.0057059507897068255,-0.001298809169267599,0.002474912451897914
llava_1_5_7b,train,parallel_gain_mean,HALL,32,375,375,0,0.10198408857954826,0.0519831724709801,0.09210904353315394,0.13060955100988644
llava_1_5_7b,train,parallel_gain_median,REAL,1,1211,1211,0,-0.13782050617751837,-0.3009621754806904,-0.13631176352899715,0.054363071967459264
llava_1_5_7b,train,parallel_gain_median,REAL,2,1211,1211,0,-0.10000990212448374,-0.11161300101815683,-0.10038181237994515,-0.08929764353134965
llava_1_5_7b,train,parallel_gain_median,REAL,3,1211,1211,0,-0.09350981509289137,-0.1017930578448166,-0.09185828662021958,-0.08303207090723522
llava_1_5_7b,train,parallel_gain_median,REAL,4,1211,1211,0,-0.2148522641679008,-0.23462712247397388,-0.21490846682676246,-0.19319401390270594
llava_1_5_7b,train,parallel_gain_median,REAL,5,1211,1211,0,-0.21814606127217923,-0.23381422099158172,-0.21901991416043826,-0.201464454553078
llava_1_5_7b,train,parallel_gain_median,REAL,6,1211,1211,0,-0.2596724305719099,-0.2806128519686311,-0.2602793569419163,-0.2355923892169064
llava_1_5_7b,train,parallel_gain_median,REAL,7,1211,1211,0,-0.27540086402896957,-0.30023933970516226,-0.2755236025109319,-0.2523487395976992
llava_1_5_7b,train,parallel_gain_median,REAL,8,1211,1211,0,-0.27881074824545915,-0.3096080471183253,-0.28067738498898465,-0.2549004105634449
llava_1_5_7b,train,parallel_gain_median,REAL,9,1211,1211,0,-0.24854381480955517,-0.27050963347471324,-0.2532875878949238,-0.2343510427408358
llava_1_5_7b,train,parallel_gain_median,REAL,10,1211,1211,0,-0.2537456290701181,-0.27307905457961584,-0.2564369701228733,-0.23919018688539762
llava_1_5_7b,train,parallel_gain_median,REAL,11,1211,1211,0,-0.2746905601565986,-0.29069221499663433,-0.27851781886475035,-0.26159618353071246
llava_1_5_7b,train,parallel_gain_median,REAL,12,1211,1211,0,-0.21957717684847664,-0.23654607474961772,-0.22337936985230974,-0.20700700235014668
llava_1_5_7b,train,parallel_gain_median,REAL,13,1211,1211,0,-0.2364960085593712,-0.2545293899433284,-0.23909744311743145,-0.22104887209619198
llava_1_5_7b,train,parallel_gain_median,REAL,14,1211,1211,0,-0.21360369584651262,-0.229795978900263,-0.2168333454372922,-0.19994473376672062
llava_1_5_7b,train,parallel_gain_median,REAL,15,1211,1211,0,-0.17905918524236794,-0.19371532082503715,-0.1793664107253778,-0.16618541948941568
llava_1_5_7b,train,parallel_gain_median,REAL,16,1211,1211,0,-0.16445152888056316,-0.17793048839869982,-0.16630829587544704,-0.1512895674874268
llava_1_5_7b,train,parallel_gain_median,REAL,17,1211,1211,0,-0.1428384990996677,-0.1530147522433204,-0.14286911426359483,-0.13324196004251943
llava_1_5_7b,train,parallel_gain_median,REAL,18,1211,1211,0,-0.10336875013091658,-0.11126061817340746,-0.1034444608416826,-0.09602834665722887
llava_1_5_7b,train,parallel_gain_median,REAL,19,1211,1211,0,-0.07965484971668856,-0.08799222421399971,-0.08106766920307541,-0.07182625914021093
llava_1_5_7b,train,parallel_gain_median,REAL,20,1211,1211,0,-0.05983828519693992,-0.0653265018693628,-0.060042337136039785,-0.05421972233579049
llava_1_5_7b,train,parallel_gain_median,REAL,21,1211,1211,0,-0.04599973192900121,-0.05091994467446555,-0.04588759351886664,-0.04108123030791368
llava_1_5_7b,train,parallel_gain_median,REAL,22,1211,1211,0,-0.02847955923397594,-0.030749770208794797,-0.028244844183984322,-0.02614918800066691
llava_1_5_7b,train,parallel_gain_median,REAL,23,1211,1211,0,-0.00899666484866186,-0.012556741373880912,-0.009743396257950008,-0.006427721014258342
llava_1_5_7b,train,parallel_gain_median,REAL,24,1211,1211,0,-0.013383061735481927,-0.014592659034519274,-0.013001826427050582,-0.011583268031555244
llava_1_5_7b,train,parallel_gain_median,REAL,25,1211,1211,0,-0.0034992243039163157,-0.0048734322525229665,-0.0034007069433314918,-0.00186150666704196
llava_1_5_7b,train,parallel_gain_median,REAL,26,1211,1211,0,0.003380646145136417,0.00025156283847442215,0.0022235191833550193,0.005017024853322758
llava_1_5_7b,train,parallel_gain_median,REAL,27,1211,1211,0,0.003519258327907433,0.001667559297128974,0.003471607147690783,0.005285937407709947
llava_1_5_7b,train,parallel_gain_median,REAL,28,1211,1211,0,0.000631328621620186,-0.0014258606722004933,0.0007570458825482505,0.0030418570020078277
llava_1_5_7b,train,parallel_gain_median,REAL,29,1211,1211,0,0.0017955969003927653,-0.0019090035810466351,0.0021301151496005127,0.005572867415702098
llava_1_5_7b,train,parallel_gain_median,REAL,30,1211,1211,0,0.006185391555480383,0.0031623757436444813,0.006610394398210423,0.009513771622264125
llava_1_5_7b,train,parallel_gain_median,REAL,31,1211,1211,0,0.00019299704243320762,-0.004453500613499969,0.0018119357777447351,0.006564591789280874
llava_1_5_7b,train,parallel_gain_median,REAL,32,1211,1211,0,0.11871903067677059,0.026114419447831563,0.09009218495280778,0.19230545336133734
llava_1_5_7b,train,parallel_gain_median,HALL,1,375,375,0,-0.1847655003008788,-0.3393033752034892,-0.23040478123865904,0.026528217661557323
llava_1_5_7b,train,parallel_gain_median,HALL,2,375,375,0,-0.09803845461763172,-0.10773648572040848,-0.09830812418723237,-0.08859591526385552
llava_1_5_7b,train,parallel_gain_median,HALL,3,375,375,0,-0.09976844836421636,-0.10762577990294311,-0.0978028947865445,-0.09111386826512322
llava_1_5_7b,train,parallel_gain_median,HALL,4,375,375,0,-0.21714738915523343,-0.23715909981990818,-0.2119642055819041,-0.19054773132962377
llava_1_5_7b,train,parallel_gain_median,HALL,5,375,375,0,-0.213003209132222,-0.22354134818322247,-0.2124582161686447,-0.2011334104425927
llava_1_5_7b,train,parallel_gain_median,HALL,6,375,375,0,-0.2619249481416168,-0.28342357567232124,-0.26650471108179097,-0.24234133248226752
llava_1_5_7b,train,parallel_gain_median,HALL,7,375,375,0,-0.266010841506794,-0.2835729823740486,-0.2658399329821238,-0.24871766818918295
llava_1_5_7b,train,parallel_gain_median,HALL,8,375,375,0,-0.29593882746273265,-0.3218939199233808,-0.3018120468094123,-0.2770008941243677
llava_1_5_7b,train,parallel_gain_median,HALL,9,375,375,0,-0.2621864213647141,-0.2761576389828217,-0.2674622744410886,-0.2542110867497041
llava_1_5_7b,train,parallel_gain_median,HALL,10,375,375,0,-0.2586899975726178,-0.2730674746554148,-0.2620265167672842,-0.24838407453659825
llava_1_5_7b,train,parallel_gain_median,HALL,11,375,375,0,-0.2814551276012006,-0.2931758140933973,-0.28481245896060814,-0.27408580597276716
llava_1_5_7b,train,parallel_gain_median,HALL,12,375,375,0,-0.22596926164926298,-0.2439723641602305,-0.23026479980640252,-0.21444593296440512
llava_1_5_7b,train,parallel_gain_median,HALL,13,375,375,0,-0.24545683442057406,-0.26075752745132047,-0.24877285946425254,-0.23382057629585806
llava_1_5_7b,train,parallel_gain_median,HALL,14,375,375,0,-0.21566450834510503,-0.22880841825885834,-0.21797454698805585,-0.20563724784446452
llava_1_5_7b,train,parallel_gain_median,HALL,15,375,375,0,-0.17411828154489142,-0.18477486185210878,-0.17464314425569816,-0.16383691320203408
llava_1_5_7b,train,parallel_gain_median,HALL,16,375,375,0,-0.1588605856143008,-0.17155495579347485,-0.160379161951074,-0.14773371604481741
llava_1_5_7b,train,parallel_gain_median,HALL,17,375,375,0,-0.14206716722823848,-0.14899127764015538,-0.1426805373045584,-0.13570753708694303
llava_1_5_7b,train,parallel_gain_median,HALL,18,375,375,0,-0.10391028493171753,-0.11089485376171895,-0.10332343318911394,-0.09757456118909531
llava_1_5_7b,train,parallel_gain_median,HALL,19,375,375,0,-0.07729229558977507,-0.08378732715778328,-0.0783506405916169,-0.07169729850950086
llava_1_5_7b,train,parallel_gain_median,HALL,20,375,375,0,-0.062282120540088554,-0.06628545178643909,-0.06350183556719562,-0.05950474370513813
llava_1_5_7b,train,parallel_gain_median,HALL,21,375,375,0,-0.04802194204047808,-0.05201620246635719,-0.04844793579975942,-0.04418080848967797
llava_1_5_7b,train,parallel_gain_median,HALL,22,375,375,0,-0.02919192785757779,-0.030839749735069283,-0.02926506874568275,-0.027671977020639612
llava_1_5_7b,train,parallel_gain_median,HALL,23,375,375,0,-0.012681643421173549,-0.015265337184258213,-0.013472065438224119,-0.011230207592458939
llava_1_5_7b,train,parallel_gain_median,HALL,24,375,375,0,-0.013476271882379992,-0.014753231944682147,-0.01342520929816905,-0.012142633689544154
llava_1_5_7b,train,parallel_gain_median,HALL,25,375,375,0,-0.0035787387911140733,-0.004752890552221606,-0.0034216051374041786,-0.0022995561607654967
llava_1_5_7b,train,parallel_gain_median,HALL,26,375,375,0,0.0031449227431451714,0.00024362130520628062,0.0023259797259392997,0.005081396088744941
llava_1_5_7b,train,parallel_gain_median,HALL,27,375,375,0,0.002747191300137547,0.0012324347809993896,0.002725172863554383,0.0041836851640448544
llava_1_5_7b,train,parallel_gain_median,HALL,28,375,375,0,0.002908954735461928,0.0013980194512749778,0.0033196979755381927,0.0050757734824048075
llava_1_5_7b,train,parallel_gain_median,HALL,29,375,375,0,0.004641350319533397,0.0021771538120327187,0.005355789054569127,0.007910321821190896
llava_1_5_7b,train,parallel_gain_median,HALL,30,375,375,0,0.007179474508779081,0.004771931732376134,0.0075711269891403305,0.00991771973612086
llava_1_5_7b,train,parallel_gain_median,HALL,31,375,375,0,0.0033336387888581094,0.00018763247778065032,0.004568015831359575,0.007858707965084127
llava_1_5_7b,train,parallel_gain_median,HALL,32,375,375,0,0.0613128111169126,0.01227191185780956,0.03156554008226689,0.08584832569447959
llava_1_5_7b,train,parallel_gain_std,REAL,1,1211,1211,0,0.23870167737732778,0.11221628124438136,0.17032128060231275,0.37341375887017664
llava_1_5_7b,train,parallel_gain_std,REAL,2,1211,1211,0,0.06587040220194583,0.055240026046187565,0.06316132787563847,0.07520888405486995
llava_1_5_7b,train,parallel_gain_std,REAL,3,1211,1211,0,0.046351862809678616,0.03870339393524665,0.04557141538271811,0.053556045324697946
llava_1_5_7b,train,parallel_gain_std,REAL,4,1211,1211,0,0.07727063041279762,0.06521897865361609,0.07550783684034239,0.08656969217275531
llava_1_5_7b,train,parallel_gain_std,REAL,5,1211,1211,0,0.046574140933854924,0.037290724297481974,0.04549914865677169,0.05441225795880664
llava_1_5_7b,train,parallel_gain_std,REAL,6,1211,1211,0,0.049030720145410045,0.04330397269198759,0.048961235622376774,0.05417102478225809
llava_1_5_7b,train,parallel_gain_std,REAL,7,1211,1211,0,0.06478490475220072,0.05654315911791449,0.06390930067798582,0.07131281914729751
llava_1_5_7b,train,parallel_gain_std,REAL,8,1211,1211,0,0.05345558632544851,0.045412170788003456,0.05246304713139976,0.06020959416070026
llava_1_5_7b,train,parallel_gain_std,REAL,9,1211,1211,0,0.043542902632217384,0.03642167663186108,0.04208754928660219,0.04893621211267504
llava_1_5_7b,train,parallel_gain_std,REAL,10,1211,1211,0,0.03627031172743405,0.030689069984288064,0.03566921863575955,0.04091694176391187
llava_1_5_7b,train,parallel_gain_std,REAL,11,1211,1211,0,0.03278060703908025,0.029918590056110195,0.03256017574188337,0.03533447012660698
llava_1_5_7b,train,parallel_gain_std,REAL,12,1211,1211,0,0.04226845486808964,0.03750534580851402,0.04160823541339278,0.04663428827729934
llava_1_5_7b,train,parallel_gain_std,REAL,13,1211,1211,0,0.03480165197882261,0.030408201635148367,0.03452968955302793,0.03876743363941424
llava_1_5_7b,train,parallel_gain_std,REAL,14,1211,1211,0,0.03169112779037789,0.02810977100487133,0.031347944915889485,0.03489316820841888
llava_1_5_7b,train,parallel_gain_std,REAL,15,1211,1211,0,0.03481135105707984,0.028839458002500873,0.033504922987563884,0.04017694026373861
llava_1_5_7b,train,parallel_gain_std,REAL,16,1211,1211,0,0.03526653593505049,0.029766961664104266,0.03443239401327173,0.03981917345313481
llava_1_5_7b,train,parallel_gain_std,REAL,17,1211,1211,0,0.02886884594692947,0.025130493480253785,0.028300744674570135,0.03175047711318862
llava_1_5_7b,train,parallel_gain_std,REAL,18,1211,1211,0,0.023932183907242707,0.020806574812572434,0.02345933462616698,0.026515057728316027
llava_1_5_7b,train,parallel_gain_std,REAL,19,1211,1211,0,0.031027846189069428,0.02593060825566628,0.029938712493631562,0.03504221119494939
llava_1_5_7b,train,parallel_gain_std,REAL,20,1211,1211,0,0.018367854270702942,0.014885225760005748,0.017378867736276636,0.021075569874202053
llava_1_5_7b,train,parallel_gain_std,REAL,21,1211,1211,0,0.02227679818050769,0.017505657312466387,0.0208869858393335,0.0257193640345888
llava_1_5_7b,train,parallel_gain_std,REAL,22,1211,1211,0,0.011977702303530097,0.009730180555789725,0.011192996835657776,0.013191198350935567
llava_1_5_7b,train,parallel_gain_std,REAL,23,1211,1211,0,0.015461960021883926,0.011030908680414387,0.014441976719222576,0.018746153095443203
llava_1_5_7b,train,parallel_gain_std,REAL,24,1211,1211,0,0.01166596207372641,0.008388334678312306,0.010262988639447291,0.013215566144470774
llava_1_5_7b,train,parallel_gain_std,REAL,25,1211,1211,0,0.010009503107964331,0.0070231433816790945,0.008569502912621194,0.010592598701500295
llava_1_5_7b,train,parallel_gain_std,REAL,26,1211,1211,0,0.021254719046071912,0.016175572392436163,0.019480820922340943,0.023366383461161627
llava_1_5_7b,train,parallel_gain_std,REAL,27,1211,1211,0,0.008804107709862879,0.006201213833309918,0.007763731439587548,0.010098934738030692
llava_1_5_7b,train,parallel_gain_std,REAL,28,1211,1211,0,0.007891059665881587,0.006559647519372713,0.007462941195140012,0.008678626501219668
llava_1_5_7b,train,parallel_gain_std,REAL,29,1211,1211,0,0.01759312013399863,0.013831994457638884,0.016486124938349875,0.02001938689351093
llava_1_5_7b,train,parallel_gain_std,REAL,30,1211,1211,0,0.014362088102806068,0.0116789607406983,0.013500939097868788,0.015766655978142273
llava_1_5_7b,train,parallel_gain_std,REAL,31,1211,1211,0,0.020487822918582047,0.017697458328844236,0.020133261339687413,0.022871433961952937
llava_1_5_7b,train,parallel_gain_std,REAL,32,1211,1211,0,0.23447764245397268,0.20368606859589833,0.2272055641324966,0.2579165148902949
llava_1_5_7b,train,parallel_gain_std,HALL,1,375,375,0,0.21017772272331187,0.10804600362743426,0.19946942669278273,0.2893493741027885
llava_1_5_7b,train,parallel_gain_std,HALL,2,375,375,0,0.05838702984701004,0.05088375295933264,0.05539242717143812,0.06337739092865483
llava_1_5_7b,train,parallel_gain_std,HALL,3,375,375,0,0.050929037462857325,0.04535705921375808,0.05049910360091082,0.05640904775111925
llava_1_5_7b,train,parallel_gain_std,HALL,4,375,375,0,0.08441630540278908,0.07118531133954678,0.08152257946633336,0.09466005689458244
llava_1_5_7b,train,parallel_gain_std,HALL,5,375,375,0,0.040968606074021016,0.03302491603575461,0.03924207842319135,0.04753193052335014
llava_1_5_7b,train,parallel_gain_std,HALL,6,375,375,0,0.05204996681225657,0.04793412889169766,0.052232479461902945,0.0570367178858663
llava_1_5_7b,train,parallel_gain_std,HALL,7,375,375,0,0.06373166812559981,0.05743535064695264,0.06263466527813774,0.06884172237552769
llava_1_5_7b,train,parallel_gain_std,HALL,8,375,375,0,0.059366933417372245,0.051461260696550784,0.05962062375291952,0.06676210107955655
llava_1_5_7b,train,parallel_gain_std,HALL,9,375,375,0,0.04254853170694602,0.03775800557745729,0.041770830596704986,0.045825760029867116
llava_1_5_7b,train,parallel_gain_std,HALL,10,375,375,0,0.038035990132661825,0.03390525818287968,0.03748851413159043,0.04158434259855495
llava_1_5_7b,train,parallel_gain_std,HALL,11,375,375,0,0.03322813634766344,0.030805744692174515,0.033390973685573255,0.03550442508464366
llava_1_5_7b,train,parallel_gain_std,HALL,12,375,375,0,0.04790746618271853,0.04321574040763563,0.047606950311927514,0.052387142582615426
llava_1_5_7b,train,parallel_gain_std,HALL,13,375,375,0,0.03797708684636931,0.03412784841791186,0.037856403759251346,0.04161122076583599
llava_1_5_7b,train,parallel_gain_std,HALL,14,375,375,0,0.035478280939913294,0.032052877040452996,0.035559482428494625,0.038529700744574985
llava_1_5_7b,train,parallel_gain_std,HALL,15,375,375,0,0.0414100647475563,0.03804083067620556,0.04234066742694588,0.045604823326384485
llava_1_5_7b,train,parallel_gain_std,HALL,16,375,375,0,0.03990658302859003,0.03370442762253564,0.03993751159161073,0.045496002686284495
llava_1_5_7b,train,parallel_gain_std,HALL,17,375,375,0,0.026121054414137434,0.02269820851812063,0.025547421035294362,0.028603185818330587
llava_1_5_7b,train,parallel_gain_std,HALL,18,375,375,0,0.024830944184758938,0.02229213145680188,0.024671576243279914,0.02706204238338681
llava_1_5_7b,train,parallel_gain_std,HALL,19,375,375,0,0.02774387752758903,0.024131026948419246,0.026722389094142422,0.030646650445690135
llava_1_5_7b,train,parallel_gain_std,HALL,20,375,375,0,0.01867857477577558,0.015074519816980797,0.01796203905918185,0.0218054942287653
llava_1_5_7b,train,parallel_gain_std,HALL,21,375,375,0,0.02034604153256565,0.01632794794665248,0.01923486809236948,0.022761485344184727
llava_1_5_7b,train,parallel_gain_std,HALL,22,375,375,0,0.01052290197528461,0.00900224849561964,0.01000090173196395,0.01138186405403869
llava_1_5_7b,train,parallel_gain_std,HALL,23,375,375,0,0.01305972037278859,0.009445910170516436,0.011449435510187409,0.015799286392361923
llava_1_5_7b,train,parallel_gain_std,HALL,24,375,375,0,0.013773545678658688,0.010718970356996987,0.012848810063380702,0.015744304877654512
llava_1_5_7b,train,parallel_gain_std,HALL,25,375,375,0,0.009184901048190594,0.007185962913707074,0.008429486977117007,0.009873699755816121
llava_1_5_7b,train,parallel_gain_std,HALL,26,375,375,0,0.019473005524625445,0.015774083839766743,0.018606676006965528,0.02165636544233732
llava_1_5_7b,train,parallel_gain_std,HALL,27,375,375,0,0.008655908500447805,0.005885104556890291,0.007097998441058516,0.009737479557909191
llava_1_5_7b,train,parallel_gain_std,HALL,28,375,375,0,0.007453103477622146,0.006229100642255382,0.007061745752658084,0.008120334062759076
llava_1_5_7b,train,parallel_gain_std,HALL,29,375,375,0,0.01767647179805068,0.013849350064662067,0.016703650212810436,0.020477747525729333
llava_1_5_7b,train,parallel_gain_std,HALL,30,375,375,0,0.013317118935929443,0.011174315584727031,0.012739191447778747,0.01424210264925688
llava_1_5_7b,train,parallel_gain_std,HALL,31,375,375,0,0.021175093225865065,0.01864683226617228,0.021000868077817907,0.023162809503691588
llava_1_5_7b,train,parallel_gain_std,HALL,32,375,375,0,0.2209484609185456,0.19869625662839524,0.21758586266928867,0.2392111049896026
llava_1_5_7b,train,orthogonal_ratio_mean,REAL,1,1211,1211,0,0.9787720594851299,0.9671638134952787,0.9833324325524373,0.9932620973850015
llava_1_5_7b,train,orthogonal_ratio_mean,REAL,2,1211,1211,0,0.9870757247702512,0.9831158743609824,0.9872593900313661,0.9914627069617659
llava_1_5_7b,train,orthogonal_ratio_mean,REAL,3,1211,1211,0,0.9790685302432337,0.9751292442760296,0.9795091797506861,0.9832110980059077
llava_1_5_7b,train,orthogonal_ratio_mean,REAL,4,1211,1211,0,0.9484179982712819,0.9390293733831898,0.9495852863174018,0.9595808951654403
llava_1_5_7b,train,orthogonal_ratio_mean,REAL,5,1211,1211,0,0.9534537126638302,0.9488020908263405,0.9534666932796831,0.9584230680094803
llava_1_5_7b,train,orthogonal_ratio_mean,REAL,6,1211,1211,0,0.9319779060204254,0.9249302225872875,0.9314308050713495,0.938912924643007
llava_1_5_7b,train,orthogonal_ratio_mean,REAL,7,1211,1211,0,0.9166825051922889,0.9058358030740199,0.9154784999813823,0.9250851416416658
llava_1_5_7b,train,orthogonal_ratio_mean,REAL,8,1211,1211,0,0.914222295188714,0.9011808440296005,0.9130219717918098,0.9236937237727267
llava_1_5_7b,train,orthogonal_ratio_mean,REAL,9,1211,1211,0,0.912197309828035,0.8993749699097757,0.9076884937510662,0.9220079745607749
llava_1_5_7b,train,orthogonal_ratio_mean,REAL,10,1211,1211,0,0.9118519330559409,0.9041580064452798,0.9096743817105547,0.9174188987544127
llava_1_5_7b,train,orthogonal_ratio_mean,REAL,11,1211,1211,0,0.8941995838458523,0.8849211849567216,0.8914611617229473,0.9010121297832312
llava_1_5_7b,train,orthogonal_ratio_mean,REAL,12,1211,1211,0,0.9219586125112491,0.913547709875489,0.9203265312566883,0.9281618940459297
llava_1_5_7b,train,orthogonal_ratio_mean,REAL,13,1211,1211,0,0.8993170449154997,0.8906652208734842,0.8992023353284088,0.9066268470749945
llava_1_5_7b,train,orthogonal_ratio_mean,REAL,14,1211,1211,0,0.9077115021602354,0.8984929821330077,0.9057978795098968,0.9154778547509714
llava_1_5_7b,train,orthogonal_ratio_mean,REAL,15,1211,1211,0,0.9301116781334642,0.9213544882143565,0.9297967018630021,0.9383736629435995
llava_1_5_7b,train,orthogonal_ratio_mean,REAL,16,1211,1211,0,0.9322199354434029,0.922993122161574,0.9314669064733874,0.9408966774223534
llava_1_5_7b,train,orthogonal_ratio_mean,REAL,17,1211,1211,0,0.9502307312375302,0.9450727762215217,0.9502983412156912,0.955607747652907
llava_1_5_7b,train,orthogonal_ratio_mean,REAL,18,1211,1211,0,0.9633139856679072,0.9594253946338167,0.9636012893394859,0.9673535927300767
llava_1_5_7b,train,orthogonal_ratio_mean,REAL,19,1211,1211,0,0.9796091467032936,0.9761737726629922,0.9794185461429853,0.9833696277748534
llava_1_5_7b,train,orthogonal_ratio_mean,REAL,20,1211,1211,0,0.9839554248089756,0.9815814608756264,0.9840733852029562,0.9866558418121301
llava_1_5_7b,train,orthogonal_ratio_mean,REAL,21,1211,1211,0,0.990337514262197,0.9886830779934279,0.9905019134457382,0.9922551244438714
llava_1_5_7b,train,orthogonal_ratio_mean,REAL,22,1211,1211,0,0.9944116459145823,0.9936588199048803,0.9945250138233399,0.9953514481898598
llava_1_5_7b,train,orthogonal_ratio_mean,REAL,23,1211,1211,0,0.9976023353592183,0.9971455058611625,0.9980205225001674,0.9984875102272528
llava_1_5_7b,train,orthogonal_ratio_mean,REAL,24,1211,1211,0,0.9970960658449756,0.9967985295753308,0.9976213398301367,0.9981430300048485
llava_1_5_7b,train,orthogonal_ratio_mean,REAL,25,1211,1211,0,0.9990562378803768,0.9988697999295003,0.9992261668023876,0.9994510969952916
llava_1_5_7b,train,orthogonal_ratio_mean,REAL,26,1211,1211,0,0.9975848653861026,0.9971095388564666,0.9979386811210943,0.9985584089017392
llava_1_5_7b,train,orthogonal_ratio_mean,REAL,27,1211,1211,0,0.9992239772765268,0.9990429460871434,0.9993373490263223,0.9995474678509451
llava_1_5_7b,train,orthogonal_ratio_mean,REAL,28,1211,1211,0,0.9993890091880029,0.9993033145492041,0.9994558695433702,0.9995800778966983
llava_1_5_7b,train,orthogonal_ratio_mean,REAL,29,1211,1211,0,0.9976741651682781,0.9971696974698213,0.9978592992801079,0.9983820200128553
llava_1_5_7b,train,orthogonal_ratio_mean,REAL,30,1211,1211,0,0.9975960347314627,0.9969859919892369,0.9977962760678472,0.9984237244660048
llava_1_5_7b,train,orthogonal_ratio_mean,REAL,31,1211,1211,0,0.9983614618875896,0.9980722045328507,0.9984693182325522,0.9988108379786561
llava_1_5_7b,train,orthogonal_ratio_mean,REAL,32,1211,1211,0,0.9871190195417273,0.9847620545681945,0.9886619565180721,0.991238570573595
llava_1_5_7b,train,orthogonal_ratio_mean,HALL,1,375,375,0,0.974980403397304,0.9604008442988171,0.976469212159704,0.9929595888100526
llava_1_5_7b,train,orthogonal_ratio_mean,HALL,2,375,375,0,0.9894618722925391,0.9865006453835782,0.9898682814833413,0.992853751240474
llava_1_5_7b,train,orthogonal_ratio_mean,HALL,3,375,375,0,0.9763211668799865,0.9728778455088013,0.9759727704559462,0.9803201607501111
llava_1_5_7b,train,orthogonal_ratio_mean,HALL,4,375,375,0,0.9460576170087318,0.9366018518580171,0.9493893642697907,0.9563903349636464
llava_1_5_7b,train,orthogonal_ratio_mean,HALL,5,375,375,0,0.9530435116451678,0.9487515341612867,0.9527884439922095,0.9579106076681696
llava_1_5_7b,train,orthogonal_ratio_mean,HALL,6,375,375,0,0.9273276497125371,0.9204699082733211,0.9274785818121014,0.9341081471290722
llava_1_5_7b,train,orthogonal_ratio_mean,HALL,7,375,375,0,0.9140565118888407,0.9061113516389063,0.9133994236510006,0.9201843060292723
llava_1_5_7b,train,orthogonal_ratio_mean,HALL,8,375,375,0,0.9084172916312772,0.8989177685050705,0.9072618600569204,0.9141180671151341
llava_1_5_7b,train,orthogonal_ratio_mean,HALL,9,375,375,0,0.9014178398942455,0.8915455027447894,0.898784572323301,0.9065561769797648
llava_1_5_7b,train,orthogonal_ratio_mean,HALL,10,375,375,0,0.9097282150165693,0.903050016670226,0.9085643385380797,0.9135606521702551
llava_1_5_7b,train,orthogonal_ratio_mean,HALL,11,375,375,0,0.8909154769998445,0.8838563900518837,0.8896867617555316,0.8949076030163294
llava_1_5_7b,train,orthogonal_ratio_mean,HALL,12,375,375,0,0.9230666527845686,0.9164038138205444,0.9214940336850014,0.9272881081785216
llava_1_5_7b,train,orthogonal_ratio_mean,HALL,13,375,375,0,0.901079340363464,0.8951797821876348,0.9007852552568024,0.9064031315814248
llava_1_5_7b,train,orthogonal_ratio_mean,HALL,14,375,375,0,0.9073746886374877,0.8998869536024271,0.9054228554473824,0.9122097453596401
llava_1_5_7b,train,orthogonal_ratio_mean,HALL,15,375,375,0,0.9352959338671086,0.9286992341318752,0.9363898267338624,0.9425902537458279
llava_1_5_7b,train,orthogonal_ratio_mean,HALL,16,375,375,0,0.9397794175287228,0.9327083227012355,0.9386353444017165,0.948129922259181
llava_1_5_7b,train,orthogonal_ratio_mean,HALL,17,375,375,0,0.9488854395434685,0.9430136552956719,0.948872100999363,0.9538154298882193
llava_1_5_7b,train,orthogonal_ratio_mean,HALL,18,375,375,0,0.963328905510873,0.9589744511365139,0.9641999916591888,0.9680015526401022
llava_1_5_7b,train,orthogonal_ratio_mean,HALL,19,375,375,0,0.9809578885636663,0.9778525489841362,0.9808734655463228,0.9840657061564995
llava_1_5_7b,train,orthogonal_ratio_mean,HALL,20,375,375,0,0.9821148280290528,0.9792270923149518,0.9817336866622851,0.9843737886696787
llava_1_5_7b,train,orthogonal_ratio_mean,HALL,21,375,375,0,0.9894426875298353,0.9877775385614516,0.9894750082161257,0.9912066373403505
llava_1_5_7b,train,orthogonal_ratio_mean,HALL,22,375,375,0,0.9942185568993234,0.9935010692859422,0.9943216693436435,0.9949155016318311
llava_1_5_7b,train,orthogonal_ratio_mean,HALL,23,375,375,0,0.9977333574466163,0.9974185907919858,0.9979449620224874,0.9982703501528056
llava_1_5_7b,train,orthogonal_ratio_mean,HALL,24,375,375,0,0.9965975603075309,0.9960140214397992,0.996942667237671,0.9976131053494217
llava_1_5_7b,train,orthogonal_ratio_mean,HALL,25,375,375,0,0.9991759557486232,0.9990243859814135,0.9992658151457798,0.9994418555304413
llava_1_5_7b,train,orthogonal_ratio_mean,HALL,26,375,375,0,0.9978143036680808,0.997303058221042,0.9980765894989282,0.99865759645659
llava_1_5_7b,train,orthogonal_ratio_mean,HALL,27,375,375,0,0.9993117300019675,0.9991780630250271,0.9994570815884278,0.9996416636003531
llava_1_5_7b,train,orthogonal_ratio_mean,HALL,28,375,375,0,0.9994022013173683,0.9993264256266858,0.9994669475635978,0.9995913551029818
llava_1_5_7b,train,orthogonal_ratio_mean,HALL,29,375,375,0,0.9976563341562644,0.9971669529840015,0.997805699416201,0.9983463226463953
llava_1_5_7b,train,orthogonal_ratio_mean,HALL,30,375,375,0,0.997837267010138,0.997453780204976,0.9978765266512808,0.9984417050750025
llava_1_5_7b,train,orthogonal_ratio_mean,HALL,31,375,375,0,0.9984514208691189,0.9982230661805271,0.9985500411880136,0.9988055562191218
llava_1_5_7b,train,orthogonal_ratio_mean,HALL,32,375,375,0,0.9899055535493221,0.988720780806335,0.9907816069708036,0.9921894820470227
llava_1_5_7b,train,orthogonal_ratio_median,REAL,1,1211,1211,0,0.9883318472512738,0.9843609231878033,0.9933420016624275,0.996401995503554
llava_1_5_7b,train,orthogonal_ratio_median,REAL,2,1211,1211,0,0.9904129234276772,0.9869159905762783,0.9906690425550719,0.9940881979244168
llava_1_5_7b,train,orthogonal_ratio_median,REAL,3,1211,1211,0,0.9845722302786103,0.9818649025516193,0.9848308566159619,0.987700292497194
llava_1_5_7b,train,orthogonal_ratio_median,REAL,4,1211,1211,0,0.9556752173291081,0.9465171170373499,0.9568768619794465,0.9656550729203801
llava_1_5_7b,train,orthogonal_ratio_median,REAL,5,1211,1211,0,0.9549864775347282,0.950200795479776,0.9551377991125181,0.9599954331560809
llava_1_5_7b,train,orthogonal_ratio_median,REAL,6,1211,1211,0,0.9332841095994976,0.9262006235267378,0.9329124838031668,0.9400135665883123
llava_1_5_7b,train,orthogonal_ratio_median,REAL,7,1211,1211,0,0.9179185276032732,0.9070389757276869,0.9172391429058544,0.9271270594592762
llava_1_5_7b,train,orthogonal_ratio_median,REAL,8,1211,1211,0,0.9143240520399035,0.9004649047629032,0.912933029503721,0.9245854012929353
llava_1_5_7b,train,orthogonal_ratio_median,REAL,9,1211,1211,0,0.9135203688333797,0.9002831531646804,0.90839599104454,0.9234244099920823
llava_1_5_7b,train,orthogonal_ratio_median,REAL,10,1211,1211,0,0.9104936747110315,0.9030161771960247,0.9082476337393806,0.915744061190831
llava_1_5_7b,train,orthogonal_ratio_median,REAL,11,1211,1211,0,0.8941568873923686,0.8850502565029931,0.891841603643291,0.9012649126890201
llava_1_5_7b,train,orthogonal_ratio_median,REAL,12,1211,1211,0,0.922541095399468,0.9134041059946602,0.9208250728491643,0.928898306324383
llava_1_5_7b,train,orthogonal_ratio_median,REAL,13,1211,1211,0,0.8984102945998601,0.8902369194501336,0.8980665446681119,0.9059460988962158
llava_1_5_7b,train,orthogonal_ratio_median,REAL,14,1211,1211,0,0.9076901626253471,0.8987351239917578,0.9056544255607311,0.9154865362133296
llava_1_5_7b,train,orthogonal_ratio_median,REAL,15,1211,1211,0,0.9285876152199194,0.9191282465799695,0.9284595601324397,0.937352919214381
llava_1_5_7b,train,orthogonal_ratio_median,REAL,16,1211,1211,0,0.93188983067109,0.9224231521189221,0.9308949325744087,0.9407528594795682
llava_1_5_7b,train,orthogonal_ratio_median,REAL,17,1211,1211,0,0.9500840913827077,0.9446571496618955,0.9501785460270132,0.9556537123137883
llava_1_5_7b,train,orthogonal_ratio_median,REAL,18,1211,1211,0,0.9639227137108054,0.9597797724340894,0.9641788729789755,0.9682218080074583
llava_1_5_7b,train,orthogonal_ratio_median,REAL,19,1211,1211,0,0.9814537993873155,0.9778363419334319,0.9814177973473248,0.9853977180496829
llava_1_5_7b,train,orthogonal_ratio_median,REAL,20,1211,1211,0,0.9844345290676361,0.9818931520066143,0.984409510974056,0.9870681058664552
llava_1_5_7b,train,orthogonal_ratio_median,REAL,21,1211,1211,0,0.9911238142956013,0.9894651046358667,0.991234395440791,0.9930350193430956
llava_1_5_7b,train,orthogonal_ratio_median,REAL,22,1211,1211,0,0.9949909386672712,0.9941500207212264,0.9950229844046916,0.9958853685530036
llava_1_5_7b,train,orthogonal_ratio_median,REAL,23,1211,1211,0,0.9985288785887081,0.9982191420521166,0.9986513975816819,0.99900561146797
llava_1_5_7b,train,orthogonal_ratio_median,REAL,24,1211,1211,0,0.9984681855724955,0.9982414026994824,0.9986081277825718,0.998906494616312
llava_1_5_7b,train,orthogonal_ratio_median,REAL,25,1211,1211,0,0.9997387861157985,0.9996852043614651,0.9997772181478768,0.9998385270004801
llava_1_5_7b,train,orthogonal_ratio_median,REAL,26,1211,1211,0,0.9995179744521623,0.9994913764534057,0.9996673119567997,0.9997695395935224
llava_1_5_7b,train,orthogonal_ratio_median,REAL,27,1211,1211,0,0.9996693192252885,0.999580928665187,0.9997281851686672,0.9998223537518913
llava_1_5_7b,train,orthogonal_ratio_median,REAL,28,1211,1211,0,0.9997787557435448,0.9997389813941431,0.9998064768206693,0.9998508405980366
llava_1_5_7b,train,orthogonal_ratio_median,REAL,29,1211,1211,0,0.998889033839041,0.9985630238862615,0.999055670504021,0.9993721544014464
llava_1_5_7b,train,orthogonal_ratio_median,REAL,30,1211,1211,0,0.9987716009529798,0.9984045691384777,0.9989225754175421,0.9993091777713848
llava_1_5_7b,train,orthogonal_ratio_median,REAL,31,1211,1211,0,0.9991672406114804,0.9989702932679175,0.9993013474769119,0.9994985464863962
llava_1_5_7b,train,orthogonal_ratio_median,REAL,32,1211,1211,0,0.9929462315126029,0.9912433235491722,0.9948448727015402,0.9963360181491716
llava_1_5_7b,train,orthogonal_ratio_median,HALL,1,375,375,0,0.9845209024321968,0.9759978776679485,0.9870035379281534,0.9961025328225848
llava_1_5_7b,train,orthogonal_ratio_median,HALL,2,375,375,0,0.9921703496098141,0.9894245296242528,0.9925575538666669,0.995038383096438
llava_1_5_7b,train,orthogonal_ratio_median,HALL,3,375,375,0,0.9827786210285991,0.9798589023918565,0.9831232634545454,0.9859892492297071
llava_1_5_7b,train,orthogonal_ratio_median,HALL,4,375,375,0,0.9539176804444399,0.9468221132503896,0.9568504539381284,0.962821902172516
llava_1_5_7b,train,orthogonal_ratio_median,HALL,5,375,375,0,0.9545667273494947,0.9503349598860965,0.9546302889231747,0.9594766873000325
llava_1_5_7b,train,orthogonal_ratio_median,HALL,6,375,375,0,0.9293820071856077,0.9226370772752722,0.929747563503829,0.9354461085384687
llava_1_5_7b,train,orthogonal_ratio_median,HALL,7,375,375,0,0.9162227246075778,0.9081845627867757,0.9158723051778137,0.9233544854990414
llava_1_5_7b,train,orthogonal_ratio_median,HALL,8,375,375,0,0.9071705186345677,0.8974152580965207,0.9054498003599813,0.9135033121319689
llava_1_5_7b,train,orthogonal_ratio_median,HALL,9,375,375,0,0.9032983020155072,0.8938307075606842,0.9005297076619321,0.9085707729778413
llava_1_5_7b,train,orthogonal_ratio_median,HALL,10,375,375,0,0.9083559049676581,0.9020643744206991,0.9072481203176601,0.9118747524960431
llava_1_5_7b,train,orthogonal_ratio_median,HALL,11,375,375,0,0.8910635716438637,0.8838255609280272,0.890049062900168,0.8955126615006479
llava_1_5_7b,train,orthogonal_ratio_median,HALL,12,375,375,0,0.9215713629866243,0.9140443105073773,0.9196225250005772,0.926205439495593
llava_1_5_7b,train,orthogonal_ratio_median,HALL,13,375,375,0,0.8993280388588022,0.8934204132437911,0.898882116433496,0.9048775915948506
llava_1_5_7b,train,orthogonal_ratio_median,HALL,14,375,375,0,0.9070336065680145,0.8993843039803966,0.9052387365137695,0.912092379838388
llava_1_5_7b,train,orthogonal_ratio_median,HALL,15,375,375,0,0.9338059293145422,0.9272186225401967,0.9348370372502004,0.9410657778914255
llava_1_5_7b,train,orthogonal_ratio_median,HALL,16,375,375,0,0.9389607346095873,0.9308480056704442,0.9379837233148052,0.9478095197525785
llava_1_5_7b,train,orthogonal_ratio_median,HALL,17,375,375,0,0.9484736033287605,0.9423637172833259,0.9480720005113031,0.9536415616153309
llava_1_5_7b,train,orthogonal_ratio_median,HALL,18,375,375,0,0.963689057630143,0.9589679916031353,0.9642822193841779,0.9687276810275991
llava_1_5_7b,train,orthogonal_ratio_median,HALL,19,375,375,0,0.9823749072804565,0.9792723245856054,0.9820424718519709,0.9856734002537207
llava_1_5_7b,train,orthogonal_ratio_median,HALL,20,375,375,0,0.9823411440882976,0.9795717024346334,0.9818179824695888,0.9846443093424482
llava_1_5_7b,train,orthogonal_ratio_median,HALL,21,375,375,0,0.9899901146664027,0.9881712622133749,0.9900714240545441,0.9918050654572222
llava_1_5_7b,train,orthogonal_ratio_median,HALL,22,375,375,0,0.9947178008826374,0.9940363563869111,0.9947781717052162,0.9953203018947161
llava_1_5_7b,train,orthogonal_ratio_median,HALL,23,375,375,0,0.9982958227179517,0.9979869627998806,0.9983295527623568,0.9986642564378012
llava_1_5_7b,train,orthogonal_ratio_median,HALL,24,375,375,0,0.9983830450636239,0.9981125642204558,0.9984310248883342,0.9987057527405563
llava_1_5_7b,train,orthogonal_ratio_median,HALL,25,375,375,0,0.9997409113474554,0.9996896885769424,0.9997674900967237,0.9998245516628915
llava_1_5_7b,train,orthogonal_ratio_median,HALL,26,375,375,0,0.9995548757522466,0.9994532518453845,0.9996384943470771,0.9997461867013339
llava_1_5_7b,train,orthogonal_ratio_median,HALL,27,375,375,0,0.9997547885362618,0.9996906732566073,0.9997977514271288,0.9998666359112096
llava_1_5_7b,train,orthogonal_ratio_median,HALL,28,375,375,0,0.9997307320140353,0.9996705992512177,0.9997735988857153,0.9998284773615957
llava_1_5_7b,train,orthogonal_ratio_median,HALL,29,375,375,0,0.998886338444956,0.9985702775765422,0.9989965626198622,0.9993332156005402
llava_1_5_7b,train,orthogonal_ratio_median,HALL,30,375,375,0,0.9988429890867122,0.9985370547796062,0.9989137716118682,0.9992791714276954
llava_1_5_7b,train,orthogonal_ratio_median,HALL,31,375,375,0,0.9991973471171659,0.9990475505609318,0.9992921253787959,0.9994825345503644
llava_1_5_7b,train,orthogonal_ratio_median,HALL,32,375,375,0,0.9954547263425907,0.9950853649984455,0.9963044457920522,0.9971512501050224
llava_1_5_7b,train,common_c,REAL,1,1211,1211,0,-0.1881732392526844,-0.41724158506476794,-0.19184942913388622,0.05952155845331102
llava_1_5_7b,train,common_c,REAL,2,1211,1211,0,-0.1266226971712381,-0.14021828831055536,-0.1283853611449769,-0.11455184963150318
llava_1_5_7b,train,common_c,REAL,3,1211,1211,0,-0.06538704238606864,-0.0745083352555758,-0.06445241760112899,-0.055961952102814724
llava_1_5_7b,train,common_c,REAL,4,1211,1211,0,-0.0874435146795466,-0.10640410914167975,-0.08575652852328511,-0.06874342518850055
llava_1_5_7b,train,common_c,REAL,5,1211,1211,0,-0.15659631882405822,-0.17698401192888366,-0.15536073444088597,-0.13137782278005822
llava_1_5_7b,train,common_c,REAL,6,1211,1211,0,-0.21488715078037454,-0.24440217160671357,-0.21212981630537375,-0.18387234430182642
llava_1_5_7b,train,common_c,REAL,7,1211,1211,0,-0.2853238526745118,-0.31756524300961125,-0.2837600030147702,-0.2521886528697743
llava_1_5_7b,train,common_c,REAL,8,1211,1211,0,-0.2663992750505324,-0.29970040936726117,-0.26584533895787305,-0.2365088957118482
llava_1_5_7b,train,common_c,REAL,9,1211,1211,0,-0.22491483313639846,-0.25882326513861637,-0.23571742499772003,-0.19797064231283173
llava_1_5_7b,train,common_c,REAL,10,1211,1211,0,-0.26510827390447783,-0.28730717095873803,-0.26750609886094084,-0.24589180997282642
llava_1_5_7b,train,common_c,REAL,11,1211,1211,0,-0.26171713953420017,-0.28399896616207304,-0.2654125150621159,-0.24540621284864722
llava_1_5_7b,train,common_c,REAL,12,1211,1211,0,-0.1974215651719004,-0.23807197568530666,-0.1988413143151856,-0.16205526509947138
llava_1_5_7b,train,common_c,REAL,13,1211,1211,0,-0.23207095089645058,-0.25220815648493,-0.23460027804203853,-0.2127406465161968
llava_1_5_7b,train,common_c,REAL,14,1211,1211,0,-0.23503884338470526,-0.25924592119180156,-0.2383512929264897,-0.21083759951169617
llava_1_5_7b,train,common_c,REAL,15,1211,1211,0,-0.13605262172682595,-0.1638796525514308,-0.13650942372624839,-0.11009518889055286
llava_1_5_7b,train,common_c,REAL,16,1211,1211,0,-0.1496589397604447,-0.16497711940542653,-0.15031086400452628,-0.13469907766967532
llava_1_5_7b,train,common_c,REAL,17,1211,1211,0,-0.14313791013169627,-0.15627796081075196,-0.14377093861071844,-0.13081104628971474
llava_1_5_7b,train,common_c,REAL,18,1211,1211,0,-0.10758955161416522,-0.12366085613745119,-0.10927082984174086,-0.09625664760771802
llava_1_5_7b,train,common_c,REAL,19,1211,1211,0,-0.07901208672084785,-0.09364687088364569,-0.0759149341137241,-0.06132742422317227
llava_1_5_7b,train,common_c,REAL,20,1211,1211,0,-0.04745975631309029,-0.05534366861957255,-0.04828437721511165,-0.04104659552229936
llava_1_5_7b,train,common_c,REAL,21,1211,1211,0,-0.0293266865472243,-0.040711369813320464,-0.03234706823325743,-0.021742710390041435
llava_1_5_7b,train,common_c,REAL,22,1211,1211,0,-0.026990619960828063,-0.032278275690786784,-0.027185031152553198,-0.02170088630320726
llava_1_5_7b,train,common_c,REAL,23,1211,1211,0,-0.011406389911085191,-0.0163941305201454,-0.011171164807277784,-0.005487265544580945
llava_1_5_7b,train,common_c,REAL,24,1211,1211,0,-0.010574280169447118,-0.01317833958133871,-0.010361918855485455,-0.008272902141921638
llava_1_5_7b,train,common_c,REAL,25,1211,1211,0,-0.010108227073864379,-0.014933774654306276,-0.0065339424915667995,-0.0011258915522372704
llava_1_5_7b,train,common_c,REAL,26,1211,1211,0,-0.014124689187768704,-0.010505529436531567,-0.003985291848205559,-0.000532868129170137
llava_1_5_7b,train,common_c,REAL,27,1211,1211,0,-0.0018477983029876097,-0.005586563325450945,0.0008235625399958661,0.005011826480139734
llava_1_5_7b,train,common_c,REAL,28,1211,1211,0,0.0004300683918887358,-0.001873241637100408,0.0009911162249606766,0.0034355637772624896
llava_1_5_7b,train,common_c,REAL,29,1211,1211,0,0.002402797796524393,0.0015078749692814361,0.007886469807937823,0.01314923921428026
llava_1_5_7b,train,common_c,REAL,30,1211,1211,0,-0.00015130263365205427,-0.005385940817038496,0.0034063433983007115,0.010228128024083143
llava_1_5_7b,train,common_c,REAL,31,1211,1211,0,-0.0031568367328126444,-0.011996483524292334,-0.002265668520206885,0.006861141239915609
llava_1_5_7b,train,common_c,REAL,32,1211,1211,0,0.02151489434051548,-0.020164858442300187,0.009215408651030535,0.045566582267648884
llava_1_5_7b,train,common_c,HALL,1,375,375,0,-0.2451912507361649,-0.44456845163714087,-0.2697015680124034,-0.006177375927505564
llava_1_5_7b,train,common_c,HALL,2,375,375,0,-0.13338297174118535,-0.1438109429573251,-0.1316596684065529,-0.12188526165578112
llava_1_5_7b,train,common_c,HALL,3,375,375,0,-0.06889761725632337,-0.0769004579077393,-0.06893550660363028,-0.0613175597264754
llava_1_5_7b,train,common_c,HALL,4,375,375,0,-0.07745445801456546,-0.09194587339168778,-0.07435923593622204,-0.06073808070005085
llava_1_5_7b,train,common_c,HALL,5,375,375,0,-0.15271638697333775,-0.17221138104284983,-0.14854705776056717,-0.13291811405833115
llava_1_5_7b,train,common_c,HALL,6,375,375,0,-0.1915633837433483,-0.20703329891781078,-0.18797778538993626,-0.1723152455723502
llava_1_5_7b,train,common_c,HALL,7,375,375,0,-0.2584244563461191,-0.27735793301899225,-0.252475699614558,-0.2334238407972437
llava_1_5_7b,train,common_c,HALL,8,375,375,0,-0.26333911902702456,-0.28357775778007355,-0.2638311875986104,-0.2445083398224755
llava_1_5_7b,train,common_c,HALL,9,375,375,0,-0.23965600921370306,-0.2593872212656208,-0.24633974266380163,-0.23068839567037502
llava_1_5_7b,train,common_c,HALL,10,375,375,0,-0.2631828071213817,-0.28092684112581545,-0.2643242072319599,-0.24930981398081853
llava_1_5_7b,train,common_c,HALL,11,375,375,0,-0.27155759636989035,-0.2878387080480521,-0.2736026954901216,-0.25896971098018207
llava_1_5_7b,train,common_c,HALL,12,375,375,0,-0.170824104988588,-0.1962483323030837,-0.17187807719880072,-0.14498886710551273
llava_1_5_7b,train,common_c,HALL,13,375,375,0,-0.23057523914295586,-0.2479631884341199,-0.23300587694027358,-0.21498338083549595
llava_1_5_7b,train,common_c,HALL,14,375,375,0,-0.23672360647499605,-0.25706469270911014,-0.23960574705195076,-0.21807420311611264
llava_1_5_7b,train,common_c,HALL,15,375,375,0,-0.11016626069783558,-0.1256390273649195,-0.10477115376081311,-0.08815369327224269
llava_1_5_7b,train,common_c,HALL,16,375,375,0,-0.13692383367018127,-0.15312077197035753,-0.1345954077554601,-0.12078375726613626
llava_1_5_7b,train,common_c,HALL,17,375,375,0,-0.14246174942471504,-0.150414430843708,-0.14375090480096264,-0.13484688692252916
llava_1_5_7b,train,common_c,HALL,18,375,375,0,-0.11893702346974093,-0.13260278180480328,-0.11783201676792517,-0.10574257377916721
llava_1_5_7b,train,common_c,HALL,19,375,375,0,-0.06305967312633436,-0.07400834763120692,-0.0632942870798897,-0.050983514751247544
llava_1_5_7b,train,common_c,HALL,20,375,375,0,-0.04994948464624306,-0.056493799922316394,-0.05046312846782812,-0.04410643428531013
llava_1_5_7b,train,common_c,HALL,21,375,375,0,-0.029982928577858666,-0.04112802487714452,-0.033799919357674686,-0.02369507240284769
llava_1_5_7b,train,common_c,HALL,22,375,375,0,-0.02505586244698618,-0.029330594404474948,-0.025353443616605038,-0.021198887196416515
llava_1_5_7b,train,common_c,HALL,23,375,375,0,-0.01019476242557627,-0.01625115688746649,-0.012573639510074447,-0.006680309431458802
llava_1_5_7b,train,common_c,HALL,24,375,375,0,-0.009956939021197547,-0.012556947711101728,-0.010610823569319399,-0.008132077314179701
llava_1_5_7b,train,common_c,HALL,25,375,375,0,-0.004811999518174987,-0.009284486784123282,-0.002724140892043009,0.0019071066226465398
llava_1_5_7b,train,common_c,HALL,26,375,375,0,-0.010836461903058554,-0.01120539455237949,-0.004887108306099754,-0.0006981504808167846
llava_1_5_7b,train,common_c,HALL,27,375,375,0,-0.002336258498326241,-0.003146299732088467,0.0006030617885320135,0.003133683234655499
llava_1_5_7b,train,common_c,HALL,28,375,375,0,0.0017520129286933,-0.00041564278887794515,0.0023694256835098447,0.004604256006013156
llava_1_5_7b,train,common_c,HALL,29,375,375,0,0.007847697552698697,0.004852432959877669,0.008828653729717584,0.013636617346320644
llava_1_5_7b,train,common_c,HALL,30,375,375,0,0.0018571882136117154,-0.0027583893632668463,0.004907927066609504,0.010311735637062367
llava_1_5_7b,train,common_c,HALL,31,375,375,0,-0.006090217487269475,-0.015413485002322359,-0.004726402800033754,0.00418181352288102
llava_1_5_7b,train,common_c,HALL,32,375,375,0,0.022281277301485755,-0.004384640792005849,0.022670935729418605,0.0460885015829439
llava_1_5_7b,train,shared_scalar_error,REAL,1,1211,1211,0,0.9853267994088573,0.9772465730381197,0.9896371099206677,0.9976996946409297
llava_1_5_7b,train,shared_scalar_error,REAL,2,1211,1211,0,0.983637455377101,0.9778252368002387,0.9836112359603681,0.9894967495919332
llava_1_5_7b,train,shared_scalar_error,REAL,3,1211,1211,0,0.9937479143580218,0.9924450571033976,0.9940836361491586,0.9955402175869368
llava_1_5_7b,train,shared_scalar_error,REAL,4,1211,1211,0,0.990235911043694,0.9866362698504327,0.9914916618004131,0.9945519407284305
llava_1_5_7b,train,shared_scalar_error,REAL,5,1211,1211,0,0.9742793611249988,0.96915551833398,0.9749735540973627,0.9806564649309536
llava_1_5_7b,train,shared_scalar_error,REAL,6,1211,1211,0,0.9500958153533792,0.9425662390943514,0.9507832454704291,0.9580994244040879
llava_1_5_7b,train,shared_scalar_error,REAL,7,1211,1211,0,0.9156888298938135,0.9028013527381848,0.9150740809584116,0.9273633788800736
llava_1_5_7b,train,shared_scalar_error,REAL,8,1211,1211,0,0.9240729498555784,0.9070238222314866,0.9225750369563527,0.9384302452960046
llava_1_5_7b,train,shared_scalar_error,REAL,9,1211,1211,0,0.9353650494942581,0.919189791655211,0.930602081761493,0.9495643103369771
llava_1_5_7b,train,shared_scalar_error,REAL,10,1211,1211,0,0.9194018031274721,0.9100005653075862,0.9180113463069374,0.9275299459966646
llava_1_5_7b,train,shared_scalar_error,REAL,11,1211,1211,0,0.9194163785531624,0.9079894070757055,0.9174195162353459,0.9292971066098856
llava_1_5_7b,train,shared_scalar_error,REAL,12,1211,1211,0,0.9456346334710184,0.9287253602980281,0.9453446129541038,0.9608184315785442
llava_1_5_7b,train,shared_scalar_error,REAL,13,1211,1211,0,0.9251468954755094,0.9150704399158092,0.9244518158632024,0.9344857519364294
llava_1_5_7b,train,shared_scalar_error,REAL,14,1211,1211,0,0.9055266853869827,0.8950762259612655,0.9050934586104684,0.9148649651177183
llava_1_5_7b,train,shared_scalar_error,REAL,15,1211,1211,0,0.9631544066209545,0.9533426422140231,0.9652922749688616,0.9758826099156861
llava_1_5_7b,train,shared_scalar_error,REAL,16,1211,1211,0,0.9447362462679325,0.9348006908669448,0.9442370058325965,0.9539597644492173
llava_1_5_7b,train,shared_scalar_error,REAL,17,1211,1211,0,0.9534677882913222,0.9451596879070318,0.9529611210613252,0.960480167855066
llava_1_5_7b,train,shared_scalar_error,REAL,18,1211,1211,0,0.9679387315807153,0.9601597756179983,0.9677379658539774,0.9751847839109637
llava_1_5_7b,train,shared_scalar_error,REAL,19,1211,1211,0,0.9816572751580321,0.9765335196627609,0.982574851774489,0.987700028337922
llava_1_5_7b,train,shared_scalar_error,REAL,20,1211,1211,0,0.9882734757568629,0.9847331130042449,0.9883119050830695,0.9917600055863003
llava_1_5_7b,train,shared_scalar_error,REAL,21,1211,1211,0,0.9944858100980394,0.9920177343386567,0.9951942162374801,0.9979758890433883
llava_1_5_7b,train,shared_scalar_error,REAL,22,1211,1211,0,0.9947436399858788,0.9932898502766362,0.9951671705358961,0.9970216709285654
llava_1_5_7b,train,shared_scalar_error,REAL,23,1211,1211,0,0.9982664001136637,0.9980076440763632,0.9989874332092373,0.9996456718446711
llava_1_5_7b,train,shared_scalar_error,REAL,24,1211,1211,0,0.9985273523224768,0.9985550499130563,0.9990470256770081,0.9993897881063188
llava_1_5_7b,train,shared_scalar_error,REAL,25,1211,1211,0,0.9982064320808501,0.9981563336263157,0.999521102651476,0.9998967946941701
llava_1_5_7b,train,shared_scalar_error,REAL,26,1211,1211,0,0.9973823056345386,0.9989979291855403,0.999780366541007,0.9999585819906202
llava_1_5_7b,train,shared_scalar_error,REAL,27,1211,1211,0,0.998875009047667,0.9989576097738126,0.99969184280924,0.9999415597877506
llava_1_5_7b,train,shared_scalar_error,REAL,28,1211,1211,0,0.9997536531633286,0.9997497882800129,0.9999161220168563,0.9999771002655699
llava_1_5_7b,train,shared_scalar_error,REAL,29,1211,1211,0,0.9965143442010714,0.996927047131809,0.9986968019857808,0.9996727260143758
llava_1_5_7b,train,shared_scalar_error,REAL,30,1211,1211,0,0.9976626725207065,0.9975232861911567,0.9991879334290799,0.9998145735517866
llava_1_5_7b,train,shared_scalar_error,REAL,31,1211,1211,0,0.9985952421038713,0.9981949255868421,0.9993656349548505,0.9998505149229566
llava_1_5_7b,train,shared_scalar_error,REAL,32,1211,1211,0,0.9983350929538829,0.9980615054712042,0.999391207206036,0.9998868771164213
llava_1_5_7b,train,shared_scalar_error,HALL,1,375,375,0,0.9794389526731845,0.9638289218535319,0.9818862274840794,0.9980474020699797
llava_1_5_7b,train,shared_scalar_error,HALL,2,375,375,0,0.9843360852869454,0.9808013503206985,0.9841043631939946,0.9879088162204569
llava_1_5_7b,train,shared_scalar_error,HALL,3,375,375,0,0.993670442442424,0.9921373080585287,0.9939389656860386,0.9952272648510783
llava_1_5_7b,train,shared_scalar_error,HALL,4,375,375,0,0.992250333346619,0.990177642770933,0.9934440117892127,0.9957994477599067
llava_1_5_7b,train,shared_scalar_error,HALL,5,375,375,0,0.9740418240759461,0.9688878096849749,0.9749942298996852,0.9800153568028663
llava_1_5_7b,train,shared_scalar_error,HALL,6,375,375,0,0.9545496247143613,0.9488534017235972,0.9547879871947588,0.9602875808005511
llava_1_5_7b,train,shared_scalar_error,HALL,7,375,375,0,0.9159114775451624,0.9062426470379037,0.9156652305771603,0.9257009018504203
llava_1_5_7b,train,shared_scalar_error,HALL,8,375,375,0,0.9156947291881063,0.9042088166839293,0.9131135939636179,0.9251741891587675
llava_1_5_7b,train,shared_scalar_error,HALL,9,375,375,0,0.926084677046251,0.915482489252853,0.9229800830151841,0.9318821250645442
llava_1_5_7b,train,shared_scalar_error,HALL,10,375,375,0,0.9157982171170685,0.9082007694400185,0.9145859973930242,0.9213033561143458
llava_1_5_7b,train,shared_scalar_error,HALL,11,375,375,0,0.9102846403209864,0.9009341039029195,0.9089490411099007,0.9173517434239603
llava_1_5_7b,train,shared_scalar_error,HALL,12,375,375,0,0.954289743220926,0.9431220296049498,0.9541077978413063,0.9654284108122942
llava_1_5_7b,train,shared_scalar_error,HALL,13,375,375,0,0.9265820979380199,0.916685967923613,0.9259941402226066,0.9357625248252505
llava_1_5_7b,train,shared_scalar_error,HALL,14,375,375,0,0.9044874574575563,0.8956514124157848,0.9048261021609105,0.9117034878299866
llava_1_5_7b,train,shared_scalar_error,HALL,15,375,375,0,0.970957410821252,0.9647879845752765,0.9745616415570203,0.9813655499281495
llava_1_5_7b,train,shared_scalar_error,HALL,16,375,375,0,0.9535663469850009,0.9431990497702154,0.953353945191426,0.9639664383004345
llava_1_5_7b,train,shared_scalar_error,HALL,17,375,375,0,0.9486211778294191,0.9413557125274903,0.9473723853656282,0.9544137528627995
llava_1_5_7b,train,shared_scalar_error,HALL,18,375,375,0,0.9617712272621263,0.9541513323451688,0.9615677545655043,0.9690633218869573
llava_1_5_7b,train,shared_scalar_error,HALL,19,375,375,0,0.9851543029437377,0.9813722914376831,0.985392221799568,0.9901071469673511
llava_1_5_7b,train,shared_scalar_error,HALL,20,375,375,0,0.9862425959479971,0.9832294540340323,0.9862586233638891,0.9895096251342398
llava_1_5_7b,train,shared_scalar_error,HALL,21,375,375,0,0.9945161602423026,0.991944237467598,0.9948266650460075,0.9975199666096763
llava_1_5_7b,train,shared_scalar_error,HALL,22,375,375,0,0.9953486040588333,0.9939379644684627,0.9953991973458437,0.9969646726851972
llava_1_5_7b,train,shared_scalar_error,HALL,23,375,375,0,0.9981369317775511,0.9977371358746197,0.9986571091865591,0.9994521101366871
llava_1_5_7b,train,shared_scalar_error,HALL,24,375,375,0,0.9985359868013682,0.9984659625232392,0.9989361602114194,0.9993284126199564
llava_1_5_7b,train,shared_scalar_error,HALL,25,375,375,0,0.9988421967606893,0.9989166511817136,0.9997451981735845,0.9999488187921537
llava_1_5_7b,train,shared_scalar_error,HALL,26,375,375,0,0.9982273007606227,0.9989813112982362,0.9997247387571762,0.9999422190765305
llava_1_5_7b,train,shared_scalar_error,HALL,27,375,375,0,0.9989581348139981,0.9994249883305376,0.9998895012696236,0.9999819489060506
llava_1_5_7b,train,shared_scalar_error,HALL,28,375,375,0,0.9997487171361857,0.99968004960282,0.99988216884626,0.9999692170136891
llava_1_5_7b,train,shared_scalar_error,HALL,29,375,375,0,0.9980889908062623,0.9972493903717436,0.9987357326526773,0.9995609658879079
llava_1_5_7b,train,shared_scalar_error,HALL,30,375,375,0,0.9981006711340481,0.9980781440096089,0.9992518308061351,0.9997904390321121
llava_1_5_7b,train,shared_scalar_error,HALL,31,375,375,0,0.9985741319730572,0.9980040689209677,0.9993008530934213,0.9998592389215677
llava_1_5_7b,train,shared_scalar_error,HALL,32,375,375,0,0.9987431419814023,0.9983792846072254,0.9993027614782453,0.9997760625875608
llava_1_5_7b,train,individual_scalar_error,REAL,1,1211,1211,0,0.973683070159234,0.9610272404602411,0.9772780088279076,0.990061515500242
llava_1_5_7b,train,individual_scalar_error,REAL,2,1211,1211,0,0.9812869109906672,0.9749571799458128,0.9810988023712253,0.9877403220541745
llava_1_5_7b,train,individual_scalar_error,REAL,3,1211,1211,0,0.9928427927180867,0.991490888477102,0.9933421140260286,0.9947843048839491
llava_1_5_7b,train,individual_scalar_error,REAL,4,1211,1211,0,0.9877361498267151,0.9836050564444365,0.9888966901161028,0.9924988849719414
llava_1_5_7b,train,individual_scalar_error,REAL,5,1211,1211,0,0.9695057696853183,0.9634567183951956,0.9709657588360125,0.9771823398060173
llava_1_5_7b,train,individual_scalar_error,REAL,6,1211,1211,0,0.9458544875881428,0.9381754194156557,0.9460698853835895,0.9537839504664928
llava_1_5_7b,train,individual_scalar_error,REAL,7,1211,1211,0,0.9113049425949635,0.8975025638813069,0.9101202811929043,0.9241652570978582
llava_1_5_7b,train,individual_scalar_error,REAL,8,1211,1211,0,0.9212306862352704,0.903516548992734,0.9191506862258698,0.9364202854504909
llava_1_5_7b,train,individual_scalar_error,REAL,9,1211,1211,0,0.9334360809692428,0.917366720922665,0.9284044041017341,0.9479666585376174
llava_1_5_7b,train,individual_scalar_error,REAL,10,1211,1211,0,0.9182370333152546,0.9088549528898473,0.9167687579472362,0.9263626946416914
llava_1_5_7b,train,individual_scalar_error,REAL,11,1211,1211,0,0.9186203488243735,0.9073829984224207,0.9168309408469326,0.928027238955301
llava_1_5_7b,train,individual_scalar_error,REAL,12,1211,1211,0,0.943627121128381,0.9268077261793083,0.9428175990485391,0.9589080568507234
llava_1_5_7b,train,individual_scalar_error,REAL,13,1211,1211,0,0.9238951930262937,0.9135806481292607,0.9231230401129887,0.9330262993316307
llava_1_5_7b,train,individual_scalar_error,REAL,14,1211,1211,0,0.9030452093516874,0.8926792589877028,0.9024654970029204,0.9123388322091864
llava_1_5_7b,train,individual_scalar_error,REAL,15,1211,1211,0,0.9604647229378428,0.9506398886186163,0.9624517580840002,0.97275443016269
llava_1_5_7b,train,individual_scalar_error,REAL,16,1211,1211,0,0.9429779931832489,0.9333661737521646,0.942696982986549,0.9519605188278135
llava_1_5_7b,train,individual_scalar_error,REAL,17,1211,1211,0,0.9523937134499035,0.9441364880127292,0.9519729927599043,0.959317852665683
llava_1_5_7b,train,individual_scalar_error,REAL,18,1211,1211,0,0.9662736694174822,0.9585340694364806,0.9662060669938057,0.9735455675906091
llava_1_5_7b,train,individual_scalar_error,REAL,19,1211,1211,0,0.9803717408714522,0.9754829095103071,0.9817994309079627,0.9866957268020858
llava_1_5_7b,train,individual_scalar_error,REAL,20,1211,1211,0,0.9870348491092581,0.9836260570146043,0.98736305277573,0.9905300614148889
llava_1_5_7b,train,individual_scalar_error,REAL,21,1211,1211,0,0.992656900649852,0.9906369225603935,0.9935887538853548,0.9958178916269198
llava_1_5_7b,train,individual_scalar_error,REAL,22,1211,1211,0,0.9938305658363502,0.9926363912038088,0.994584267344334,0.9962242662352239
llava_1_5_7b,train,individual_scalar_error,REAL,23,1211,1211,0,0.9970081083684658,0.9970977463194342,0.9981718462205376,0.9988841245225855
llava_1_5_7b,train,individual_scalar_error,REAL,24,1211,1211,0,0.9979078996695437,0.9982899639308233,0.998788649031566,0.9991743022818871
llava_1_5_7b,train,individual_scalar_error,REAL,25,1211,1211,0,0.9962663224238253,0.9961338717706842,0.9985913942279988,0.9993899056953246
llava_1_5_7b,train,individual_scalar_error,REAL,26,1211,1211,0,0.9947821646131575,0.9974226858441284,0.9993108755706386,0.9996542919021907
llava_1_5_7b,train,individual_scalar_error,REAL,27,1211,1211,0,0.9970643705217899,0.9969448479969306,0.9987414124214389,0.9993968740229384
llava_1_5_7b,train,individual_scalar_error,REAL,28,1211,1211,0,0.999358861606523,0.9992727572887148,0.9995869523923608,0.9997576997034975
llava_1_5_7b,train,individual_scalar_error,REAL,29,1211,1211,0,0.9952642863242109,0.9954588843972281,0.9975274922184869,0.9988314414995165
llava_1_5_7b,train,individual_scalar_error,REAL,30,1211,1211,0,0.9944776600124249,0.994053086457825,0.9968359205387878,0.998258628866814
llava_1_5_7b,train,individual_scalar_error,REAL,31,1211,1211,0,0.9965503300621096,0.9952934698642366,0.9972750826817293,0.9985288061213814
llava_1_5_7b,train,individual_scalar_error,REAL,32,1211,1211,0,0.9865234883608173,0.9832105433819442,0.9897811170329108,0.9927715623529694
llava_1_5_7b,train,individual_scalar_error,HALL,1,375,375,0,0.9692264674009479,0.950377163164739,0.9722802868668361,0.9910138578238178
llava_1_5_7b,train,individual_scalar_error,HALL,2,375,375,0,0.9824859297443799,0.9787833290274445,0.9821975333559365,0.9863663044128539
llava_1_5_7b,train,individual_scalar_error,HALL,3,375,375,0,0.992824504756537,0.9912937187279562,0.9933271668108821,0.9946786336344039
llava_1_5_7b,train,individual_scalar_error,HALL,4,375,375,0,0.9904787605756883,0.9873020711238492,0.991848975237949,0.9943969504547905
llava_1_5_7b,train,individual_scalar_error,HALL,5,375,375,0,0.9709474301019927,0.9656321018228251,0.9721477648422348,0.9774299811706924
llava_1_5_7b,train,individual_scalar_error,HALL,6,375,375,0,0.9498192341632617,0.9441456211768233,0.9504091204437576,0.9556441755129244
llava_1_5_7b,train,individual_scalar_error,HALL,7,375,375,0,0.9099170503719266,0.899607659343115,0.9102142926387751,0.9204378194796425
llava_1_5_7b,train,individual_scalar_error,HALL,8,375,375,0,0.9121345827688198,0.9006497246518221,0.9099935403870877,0.921385547275376
llava_1_5_7b,train,individual_scalar_error,HALL,9,375,375,0,0.9237285989753521,0.9134386778063152,0.9206599881997922,0.9298040584711957
llava_1_5_7b,train,individual_scalar_error,HALL,10,375,375,0,0.9146863643560832,0.9072716567849477,0.9133954519312797,0.9203027336850734
llava_1_5_7b,train,individual_scalar_error,HALL,11,375,375,0,0.9094064542683906,0.9004547127206162,0.9079588121371339,0.9166826075203393
llava_1_5_7b,train,individual_scalar_error,HALL,12,375,375,0,0.9520836116694567,0.9406250892804868,0.951629251055892,0.9632764702033388
llava_1_5_7b,train,individual_scalar_error,HALL,13,375,375,0,0.9249301512008505,0.9149791322310111,0.9244715025559542,0.9346717313881484
llava_1_5_7b,train,individual_scalar_error,HALL,14,375,375,0,0.9012018421349045,0.8925604498480808,0.9016406322704028,0.9087247988691498
llava_1_5_7b,train,individual_scalar_error,HALL,15,375,375,0,0.9672604171496201,0.9607588609184377,0.9707435749607327,0.9777590142358847
llava_1_5_7b,train,individual_scalar_error,HALL,16,375,375,0,0.9506471627989224,0.9401751828172902,0.9505814010765892,0.960998443216784
llava_1_5_7b,train,individual_scalar_error,HALL,17,375,375,0,0.9475500331446561,0.9404322970269683,0.9465227078886522,0.9532657534256872
llava_1_5_7b,train,individual_scalar_error,HALL,18,375,375,0,0.9599605545871907,0.9520743396870331,0.9595614490983723,0.9673449087930783
llava_1_5_7b,train,individual_scalar_error,HALL,19,375,375,0,0.9839401888206357,0.9800096935730365,0.9842634102304629,0.9888129323445451
llava_1_5_7b,train,individual_scalar_error,HALL,20,375,375,0,0.9850788797967704,0.9825105003951339,0.985104216298943,0.9882115408549093
llava_1_5_7b,train,individual_scalar_error,HALL,21,375,375,0,0.9927767204192892,0.9908325263727835,0.9932113758589277,0.9952841583240596
llava_1_5_7b,train,individual_scalar_error,HALL,22,375,375,0,0.9946543745919441,0.9935130818864248,0.9948638689252931,0.9962945756549004
llava_1_5_7b,train,individual_scalar_error,HALL,23,375,375,0,0.996860981279271,0.9970098405003733,0.99798843701492,0.9986880543648071
llava_1_5_7b,train,individual_scalar_error,HALL,24,375,375,0,0.9979617210858249,0.9981654835606575,0.9987514254312221,0.9991273714272589
llava_1_5_7b,train,individual_scalar_error,HALL,25,375,375,0,0.9971604653968278,0.9972307334560984,0.9988773808704918,0.9995789479321793
llava_1_5_7b,train,individual_scalar_error,HALL,26,375,375,0,0.9964244443052521,0.9973067991245872,0.9991763842834689,0.9996596056983664
llava_1_5_7b,train,individual_scalar_error,HALL,27,375,375,0,0.9972322044698795,0.9978328989485641,0.9991661020998628,0.9996313913727208
llava_1_5_7b,train,individual_scalar_error,HALL,28,375,375,0,0.999446528675252,0.999340675011228,0.9995867861496646,0.9997346860847982
llava_1_5_7b,train,individual_scalar_error,HALL,29,375,375,0,0.9970924122357997,0.9962097703533459,0.9976894979203643,0.9987557047555096
llava_1_5_7b,train,individual_scalar_error,HALL,30,375,375,0,0.9952554613745982,0.9952581829280769,0.9973273027755913,0.9983913148312616
llava_1_5_7b,train,individual_scalar_error,HALL,31,375,375,0,0.9962610125238452,0.9948924430466712,0.9967929226842932,0.9983456011841332
llava_1_5_7b,train,individual_scalar_error,HALL,32,375,375,0,0.9902044824979953,0.9886388598313589,0.9914146183526629,0.9934162575559407
llava_1_5_7b,train,gain_nonuniform_error,REAL,1,1211,1211,0,0.14675493572262435,0.11727256854263168,0.1467134575232605,0.1721194287190555
llava_1_5_7b,train,gain_nonuniform_error,REAL,2,1211,1211,0,0.06644548498766954,0.05575420316244736,0.06728390526988917,0.0765656025342028
llava_1_5_7b,train,gain_nonuniform_error,REAL,3,1211,1211,0,0.038514856226480036,0.02561115797769948,0.03521286461689769,0.0478483296773331
llava_1_5_7b,train,gain_nonuniform_error,REAL,4,1211,1211,0,0.06540873291292366,0.04704791682951012,0.062162965983125436,0.08096206362038443
llava_1_5_7b,train,gain_nonuniform_error,REAL,5,1211,1211,0,0.08983180445987422,0.06192807956563582,0.08891496463383744,0.1157629412569759
llava_1_5_7b,train,gain_nonuniform_error,REAL,6,1211,1211,0,0.08720045279280195,0.07326310877176909,0.08681906584462054,0.10025459191310543
llava_1_5_7b,train,gain_nonuniform_error,REAL,7,1211,1211,0,0.08434346145551286,0.06389185356434804,0.08218438450806556,0.10317480267480335
llava_1_5_7b,train,gain_nonuniform_error,REAL,8,1211,1211,0,0.06893212522025269,0.05349424805662979,0.06723877347951895,0.08203002569609795
llava_1_5_7b,train,gain_nonuniform_error,REAL,9,1211,1211,0,0.056914878250749396,0.04439017882278611,0.055103527331053635,0.06736185218391919
llava_1_5_7b,train,gain_nonuniform_error,REAL,10,1211,1211,0,0.043729990309008517,0.03345683829672104,0.04157296767033069,0.051268117045215174
llava_1_5_7b,train,gain_nonuniform_error,REAL,11,1211,1211,0,0.03596027046994456,0.026995070067178363,0.03518142242870531,0.043737248738386726
llava_1_5_7b,train,gain_nonuniform_error,REAL,12,1211,1211,0,0.057557610732504365,0.041489434693837396,0.05540186143736082,0.07059011238908772
llava_1_5_7b,train,gain_nonuniform_error,REAL,13,1211,1211,0,0.04474516382789593,0.0326028436600562,0.042880054168902344,0.052662139669559405
llava_1_5_7b,train,gain_nonuniform_error,REAL,14,1211,1211,0,0.06344224525949556,0.048045496687428926,0.06148485405773049,0.07645869426495945
llava_1_5_7b,train,gain_nonuniform_error,REAL,15,1211,1211,0,0.06701562551891156,0.048466854002136156,0.06390235591423143,0.08345578136080883
llava_1_5_7b,train,gain_nonuniform_error,REAL,16,1211,1211,0,0.05345686265554833,0.039039962671803916,0.05056837903147252,0.06463406303090002
llava_1_5_7b,train,gain_nonuniform_error,REAL,17,1211,1211,0,0.042191864669576244,0.0314078300168469,0.039464771399275275,0.04901498652187876
llava_1_5_7b,train,gain_nonuniform_error,REAL,18,1211,1211,0,0.05385677851975368,0.04115095082297272,0.052443890567118796,0.0650031486942608
llava_1_5_7b,train,gain_nonuniform_error,REAL,19,1211,1211,0,0.044011710734587164,0.02910513947951327,0.039893450770481446,0.05331572847732152
llava_1_5_7b,train,gain_nonuniform_error,REAL,20,1211,1211,0,0.04398042579724146,0.029733884799451778,0.03902348942646441,0.051748642339733676
llava_1_5_7b,train,gain_nonuniform_error,REAL,21,1211,1211,0,0.054495873671292494,0.036202368252701324,0.04890209977379183,0.06535218226379855
llava_1_5_7b,train,gain_nonuniform_error,REAL,22,1211,1211,0,0.03462469250107108,0.020956105508749868,0.02797219477890947,0.03880482323330961
llava_1_5_7b,train,gain_nonuniform_error,REAL,23,1211,1211,0,0.041262740151517145,0.023912888001887393,0.03304594221493812,0.049439457446670484
llava_1_5_7b,train,gain_nonuniform_error,REAL,24,1211,1211,0,0.026006084315047202,0.01434159091004426,0.019145700836378062,0.026674920743998222
llava_1_5_7b,train,gain_nonuniform_error,REAL,25,1211,1211,0,0.049523172253430586,0.025410312390430415,0.037974633347082794,0.05920378266752462
llava_1_5_7b,train,gain_nonuniform_error,REAL,26,1211,1211,0,0.04955368044415545,0.021281752893274504,0.030370556251980978,0.055155614356532726
llava_1_5_7b,train,gain_nonuniform_error,REAL,27,1211,1211,0,0.04918390209544329,0.02656748778677506,0.03912136355831614,0.060872993876240844
llava_1_5_7b,train,gain_nonuniform_error,REAL,28,1211,1211,0,0.025432140007636227,0.017822586005262542,0.023256795019289993,0.030242345541900487
llava_1_5_7b,train,gain_nonuniform_error,REAL,29,1211,1211,0,0.04361812372704084,0.02762684334853075,0.03829844879357472,0.05342279606720226
llava_1_5_7b,train,gain_nonuniform_error,REAL,30,1211,1211,0,0.0691206045980714,0.04381125707710242,0.05974585888393088,0.08309479251250307
llava_1_5_7b,train,gain_nonuniform_error,REAL,31,1211,1211,0,0.05848551767089712,0.0394883193154362,0.05427539824999921,0.073653257694557
llava_1_5_7b,train,gain_nonuniform_error,REAL,32,1211,1211,0,0.14533810104849987,0.11142616202955577,0.13436436451249062,0.16783296637110273
llava_1_5_7b,train,gain_nonuniform_error,HALL,1,375,375,0,0.1367590946068126,0.10817056777595449,0.13457779094096764,0.1620662142694102
llava_1_5_7b,train,gain_nonuniform_error,HALL,2,375,375,0,0.05926577058483487,0.05205552417346874,0.05861900120267204,0.06619690309312506
llava_1_5_7b,train,gain_nonuniform_error,HALL,3,375,375,0,0.03710487866520478,0.024603800773366047,0.03346177377633018,0.046066321205710414
llava_1_5_7b,train,gain_nonuniform_error,HALL,4,375,375,0,0.055059778582842056,0.039989754757720125,0.05223336411975232,0.06469513302898174
llava_1_5_7b,train,gain_nonuniform_error,HALL,5,375,375,0,0.0712879315237536,0.048496471011998804,0.0662675842729172,0.08931312702174973
llava_1_5_7b,train,gain_nonuniform_error,HALL,6,375,375,0,0.09287730907167474,0.07964315108999281,0.09326257339424111,0.10600916257733174
llava_1_5_7b,train,gain_nonuniform_error,HALL,7,375,375,0,0.1004712129884951,0.0808077081227871,0.0983240874644609,0.11990680402545018
llava_1_5_7b,train,gain_nonuniform_error,HALL,8,375,375,0,0.07871484226286711,0.0669322424782241,0.0775575228129759,0.09011620821407207
llava_1_5_7b,train,gain_nonuniform_error,HALL,9,375,375,0,0.06394330465669582,0.05339125169258163,0.06254089776964908,0.07258212832526026
llava_1_5_7b,train,gain_nonuniform_error,HALL,10,375,375,0,0.043069420535579696,0.03369419144849001,0.041483211478921665,0.05029140156274384
llava_1_5_7b,train,gain_nonuniform_error,HALL,11,375,375,0,0.037895470945030874,0.0290889699066183,0.03789692199829467,0.045873349962762495
llava_1_5_7b,train,gain_nonuniform_error,HALL,12,375,375,0,0.060593256485929205,0.04489622494580486,0.060283494654505804,0.07452680321684749
llava_1_5_7b,train,gain_nonuniform_error,HALL,13,375,375,0,0.0505047949791599,0.034595822837540424,0.046634422373707476,0.062108868145468246
llava_1_5_7b,train,gain_nonuniform_error,HALL,14,375,375,0,0.07302855738623036,0.05560906867306641,0.07326172323578654,0.08934477956244202
llava_1_5_7b,train,gain_nonuniform_error,HALL,15,375,375,0,0.08016072368227041,0.05993936145814624,0.07968257403842051,0.0991521087243934
llava_1_5_7b,train,gain_nonuniform_error,HALL,16,375,375,0,0.06924044444902863,0.048424639009026244,0.06609353234965282,0.08800517035595376
llava_1_5_7b,train,gain_nonuniform_error,HALL,17,375,375,0,0.0427805631195803,0.03345941010839275,0.04056020432047508,0.04824203971936682
llava_1_5_7b,train,gain_nonuniform_error,HALL,18,375,375,0,0.05624247960017226,0.044725981067943184,0.05533303361374297,0.06795976091392666
llava_1_5_7b,train,gain_nonuniform_error,HALL,19,375,375,0,0.044226602283053314,0.029712833575243777,0.041395734187663145,0.05556243733992723
llava_1_5_7b,train,gain_nonuniform_error,HALL,20,375,375,0,0.04344896993814077,0.02919399759339192,0.039905032485224104,0.05283542504734373
llava_1_5_7b,train,gain_nonuniform_error,HALL,21,375,375,0,0.0514611682727195,0.03379154950630312,0.043946240433713216,0.06017291581403615
llava_1_5_7b,train,gain_nonuniform_error,HALL,22,375,375,0,0.030664621752844894,0.019403570408227013,0.025694743636115843,0.03294270467903897
llava_1_5_7b,train,gain_nonuniform_error,HALL,23,375,375,0,0.03972777720969618,0.02109735257300472,0.030047506553535948,0.047618765561445606
llava_1_5_7b,train,gain_nonuniform_error,HALL,24,375,375,0,0.024656299269730918,0.01314705885888474,0.017950962941029304,0.02474654473718952
llava_1_5_7b,train,gain_nonuniform_error,HALL,25,375,375,0,0.04713121353645242,0.024426683470603616,0.037046538381531116,0.05787085301535991
llava_1_5_7b,train,gain_nonuniform_error,HALL,26,375,375,0,0.04433301096040633,0.020462988384706556,0.029711286004418837,0.05674126347334729
llava_1_5_7b,train,gain_nonuniform_error,HALL,27,375,375,0,0.04529887948455713,0.022543871203323827,0.034130769985693865,0.05334884737278128
llava_1_5_7b,train,gain_nonuniform_error,HALL,28,375,375,0,0.02306917390564137,0.01752786892091516,0.02147407289051613,0.026520192301422663
llava_1_5_7b,train,gain_nonuniform_error,HALL,29,375,375,0,0.03988005786953859,0.026850829664782888,0.034735512781690306,0.048392884327253374
llava_1_5_7b,train,gain_nonuniform_error,HALL,30,375,375,0,0.06537164648112385,0.04247264417016843,0.05606658817992447,0.07563709450129025
llava_1_5_7b,train,gain_nonuniform_error,HALL,31,375,375,0,0.06321877445737821,0.045127016138056884,0.06087404109082412,0.07955347536299574
llava_1_5_7b,train,gain_nonuniform_error,HALL,32,375,375,0,0.12642780904158732,0.10680371573428803,0.12147428616490896,0.13993064345955944
llava_1_5_7b,test,cos_mean,REAL,1,292,292,0,-0.06647915712013167,-0.1818467362852074,-0.0005339441180088519,0.055801897396169885
llava_1_5_7b,test,cos_mean,REAL,2,292,292,0,-0.1383303293518352,-0.16753208480789303,-0.1390855211382384,-0.11155857891073298
llava_1_5_7b,test,cos_mean,REAL,3,292,292,0,-0.19144584215930047,-0.20805390454996894,-0.193834930852366,-0.1744975874672592
llava_1_5_7b,test,cos_mean,REAL,4,292,292,0,-0.29604589660280384,-0.33074989410346867,-0.29690059551891557,-0.262668814090931
llava_1_5_7b,test,cos_mean,REAL,5,292,292,0,-0.2966187021666202,-0.31319710902688613,-0.29606261738162076,-0.27898976034743506
llava_1_5_7b,test,cos_mean,REAL,6,292,292,0,-0.35800240981237563,-0.3786346279472733,-0.36135235480550265,-0.343729883060506
llava_1_5_7b,test,cos_mean,REAL,7,292,292,0,-0.3901222183307437,-0.41487371092403513,-0.39431113297016257,-0.37108073391330737
llava_1_5_7b,test,cos_mean,REAL,8,292,292,0,-0.3960913906061838,-0.42623918485413825,-0.40351387568646,-0.3753812957503315
llava_1_5_7b,test,cos_mean,REAL,9,292,292,0,-0.3992113999769581,-0.4310692575980081,-0.4107557369473701,-0.3762322240638443
llava_1_5_7b,test,cos_mean,REAL,10,292,292,0,-0.4078166455610436,-0.4260035095632904,-0.4138783444650471,-0.3970218386061283
llava_1_5_7b,test,cos_mean,REAL,11,292,292,0,-0.4435903815137697,-0.46337162707156193,-0.4502434177168956,-0.42942026135278866
llava_1_5_7b,test,cos_mean,REAL,12,292,292,0,-0.3822680567100704,-0.40158865325954846,-0.3881209026116671,-0.36984332824229366
llava_1_5_7b,test,cos_mean,REAL,13,292,292,0,-0.4333544415928997,-0.4497353610091118,-0.4354632866775824,-0.4193676373171103
llava_1_5_7b,test,cos_mean,REAL,14,292,292,0,-0.4136325583259741,-0.4353135225570036,-0.41799476414194536,-0.3950391528972735
llava_1_5_7b,test,cos_mean,REAL,15,292,292,0,-0.3586408631350618,-0.3833880214434531,-0.35978153235434246,-0.336277226389165
llava_1_5_7b,test,cos_mean,REAL,16,292,292,0,-0.35140961918458796,-0.3777566269466964,-0.3505232977525642,-0.3264069524949365
llava_1_5_7b,test,cos_mean,REAL,17,292,292,0,-0.30433711198062124,-0.3204870101180859,-0.30424621457415113,-0.28811251619804856
llava_1_5_7b,test,cos_mean,REAL,18,292,292,0,-0.26201558512792006,-0.27650647657153765,-0.26090473738602465,-0.2464128898023369
llava_1_5_7b,test,cos_mean,REAL,19,292,292,0,-0.18384482250740403,-0.20389672455881838,-0.1859011471503133,-0.16480199324400424
llava_1_5_7b,test,cos_mean,REAL,20,292,292,0,-0.16809721305931252,-0.1822116079149257,-0.16763736409545674,-0.15645337108435342
llava_1_5_7b,test,cos_mean,REAL,21,292,292,0,-0.12382340548417435,-0.13800924299084727,-0.12561036895969363,-0.10819649655723791
llava_1_5_7b,test,cos_mean,REAL,22,292,292,0,-0.09913494405523358,-0.10641527513507754,-0.09928777007897022,-0.09063624715458395
llava_1_5_7b,test,cos_mean,REAL,23,292,292,0,-0.020111022304518125,-0.03667829954701397,-0.02452002915341072,-0.006171987094774067
llava_1_5_7b,test,cos_mean,REAL,24,292,292,0,-0.05973815205596221,-0.06641515017999053,-0.05741448393957348,-0.051351896630961846
llava_1_5_7b,test,cos_mean,REAL,25,292,292,0,-0.016944160929734015,-0.023868705977899175,-0.01677490003800841,-0.01029780020274984
llava_1_5_7b,test,cos_mean,REAL,26,292,292,0,0.026303616211944946,0.01156251932011306,0.0242505598222967,0.03849712457793607
llava_1_5_7b,test,cos_mean,REAL,27,292,292,0,0.014694459328388117,0.008705577026780197,0.015092298509361828,0.02181113957888018
llava_1_5_7b,test,cos_mean,REAL,28,292,292,0,-0.002058244167885175,-0.01097356395494605,-0.001850659371938611,0.007208381665809011
llava_1_5_7b,test,cos_mean,REAL,29,292,292,0,0.005434803404334468,-0.011323491187662665,0.0061220185302456945,0.02403486455198352
llava_1_5_7b,test,cos_mean,REAL,30,292,292,0,0.02393816873773498,0.009159520391018342,0.024126264849327426,0.03976986158343562
llava_1_5_7b,test,cos_mean,REAL,31,292,292,0,-0.0020817543585842637,-0.01692229334537703,0.00025099857059816973,0.015592640869546098
llava_1_5_7b,test,cos_mean,REAL,32,292,292,0,0.07355493382557009,0.029406799093682108,0.07086411125021641,0.11824953779716907
llava_1_5_7b,test,cos_mean,HALL,1,75,75,0,-0.10030017209673639,-0.22524042348259676,-0.15747732899451863,0.030731589269584622
llava_1_5_7b,test,cos_mean,HALL,2,75,75,0,-0.11966805763958938,-0.14087253042877518,-0.12166083919949718,-0.09863928916589909
llava_1_5_7b,test,cos_mean,HALL,3,75,75,0,-0.20289240017539634,-0.22186855312955028,-0.2057067520606021,-0.1841227290982109
llava_1_5_7b,test,cos_mean,HALL,4,75,75,0,-0.2982869678242167,-0.31778216865657466,-0.2975595896649692,-0.28014915176188676
llava_1_5_7b,test,cos_mean,HALL,5,75,75,0,-0.29442657299811903,-0.31131574301980436,-0.2962690760485,-0.2761285736794687
llava_1_5_7b,test,cos_mean,HALL,6,75,75,0,-0.36984808713180467,-0.3891346162029853,-0.3730287854301019,-0.35265343267625815
llava_1_5_7b,test,cos_mean,HALL,7,75,75,0,-0.40053655837490043,-0.41657789810819346,-0.40371588493386906,-0.3868799774726439
llava_1_5_7b,test,cos_mean,HALL,8,75,75,0,-0.4099801798714721,-0.42521239233772373,-0.4157190184212393,-0.3996555965794768
llava_1_5_7b,test,cos_mean,HALL,9,75,75,0,-0.4262490560229936,-0.444403463586544,-0.43421236373898053,-0.42214856296777725
llava_1_5_7b,test,cos_mean,HALL,10,75,75,0,-0.41217271735037986,-0.426837676929103,-0.41661082919583553,-0.40519661603805923
llava_1_5_7b,test,cos_mean,HALL,11,75,75,0,-0.45112926768139006,-0.467457562400442,-0.4529953233173324,-0.4420339797830416
llava_1_5_7b,test,cos_mean,HALL,12,75,75,0,-0.3748217139427584,-0.3915097493316151,-0.38069846988138223,-0.3669341879301808
llava_1_5_7b,test,cos_mean,HALL,13,75,75,0,-0.43321459011278224,-0.44782895998408395,-0.4306277533113543,-0.42014005236948526
llava_1_5_7b,test,cos_mean,HALL,14,75,75,0,-0.4126098845785277,-0.42684158481036627,-0.42249242071476245,-0.39917799637704676
llava_1_5_7b,test,cos_mean,HALL,15,75,75,0,-0.3427580217911034,-0.3554765081757473,-0.3401916687532018,-0.3280587415663629
llava_1_5_7b,test,cos_mean,HALL,16,75,75,0,-0.3291658669017933,-0.35198491056346226,-0.3267894865388775,-0.31277950227377005
llava_1_5_7b,test,cos_mean,HALL,17,75,75,0,-0.310172199700308,-0.32597314717147835,-0.3115310786395437,-0.29091438002392855
llava_1_5_7b,test,cos_mean,HALL,18,75,75,0,-0.2601884359909875,-0.2752736846822599,-0.25393288727435803,-0.244572166663905
llava_1_5_7b,test,cos_mean,HALL,19,75,75,0,-0.1750331330598393,-0.19464950118121277,-0.17608924434812756,-0.16239334717859794
llava_1_5_7b,test,cos_mean,HALL,20,75,75,0,-0.17708767654514038,-0.1961865784828155,-0.18417908724707863,-0.16171905005542914
llava_1_5_7b,test,cos_mean,HALL,21,75,75,0,-0.13126574087838885,-0.14490974941600143,-0.1314424298127253,-0.1198863764573414
llava_1_5_7b,test,cos_mean,HALL,22,75,75,0,-0.10171329274145816,-0.10711103171342984,-0.10245005019411717,-0.095035418256076
llava_1_5_7b,test,cos_mean,HALL,23,75,75,0,-0.03863690253861172,-0.053090285199759696,-0.043988694515468926,-0.02868195422840832
llava_1_5_7b,test,cos_mean,HALL,24,75,75,0,-0.06587501250799811,-0.0710607083485581,-0.06296939214452221,-0.055669257791376166
llava_1_5_7b,test,cos_mean,HALL,25,75,75,0,-0.017926429904529126,-0.02541635182292839,-0.0167729103685414,-0.01194298130283104
llava_1_5_7b,test,cos_mean,HALL,26,75,75,0,0.025413072578770873,0.013207927041572514,0.020726750954711153,0.03374611597831429
llava_1_5_7b,test,cos_mean,HALL,27,75,75,0,0.009616820797885858,0.0021669181752257158,0.009896776851364721,0.016884408361502463
llava_1_5_7b,test,cos_mean,HALL,28,75,75,0,0.0060733066428746724,0.0005882734766863172,0.006123907262571788,0.013687311268341378
llava_1_5_7b,test,cos_mean,HALL,29,75,75,0,0.018623048002478687,0.006769126353914443,0.01990017905831741,0.03291279503574174
llava_1_5_7b,test,cos_mean,HALL,30,75,75,0,0.026913571569954182,0.017203239105829958,0.026969945113781552,0.037565025243616726
llava_1_5_7b,test,cos_mean,HALL,31,75,75,0,0.0016801568741460664,-0.006634333831324884,0.004864470282377119,0.012357518910581195
llava_1_5_7b,test,cos_mean,HALL,32,75,75,0,0.05514811717960691,0.023085603721169273,0.0501697942621225,0.08212774934977082
llava_1_5_7b,test,parallel_gain_mean,REAL,1,292,292,0,-0.15682381680953536,-0.3719664176397123,0.001552387911249395,0.06222309906042354
llava_1_5_7b,test,parallel_gain_mean,REAL,2,292,292,0,-0.11085527352228065,-0.12496776244579577,-0.1121360290069712,-0.09948824432022355
llava_1_5_7b,test,parallel_gain_mean,REAL,3,292,292,0,-0.10825081234431566,-0.1182511852323859,-0.10896288059600559,-0.09720254025321123
llava_1_5_7b,test,parallel_gain_mean,REAL,4,292,292,0,-0.2212782241231476,-0.23948476857229856,-0.22056830663893393,-0.20127486079526322
llava_1_5_7b,test,parallel_gain_mean,REAL,5,292,292,0,-0.2235809962335133,-0.2386784496553932,-0.22568776697763104,-0.2067892898020978
llava_1_5_7b,test,parallel_gain_mean,REAL,6,292,292,0,-0.2657908079448439,-0.28735470520984996,-0.269651432521136,-0.24304984264687293
llava_1_5_7b,test,parallel_gain_mean,REAL,7,292,292,0,-0.2786168762285993,-0.2988381973918981,-0.2789635905342698,-0.25919095262088204
llava_1_5_7b,test,parallel_gain_mean,REAL,8,292,292,0,-0.2809070139978505,-0.3059795899586066,-0.28387300842908997,-0.26003850164085246
llava_1_5_7b,test,parallel_gain_mean,REAL,9,292,292,0,-0.24928171982905306,-0.2739481614754353,-0.2567786554564435,-0.23242952566905062
llava_1_5_7b,test,parallel_gain_mean,REAL,10,292,292,0,-0.25322650755578185,-0.2743733051870725,-0.25691110267980855,-0.2364658145700332
llava_1_5_7b,test,parallel_gain_mean,REAL,11,292,292,0,-0.2741458392154907,-0.2915931955896185,-0.2790742257071468,-0.26116301358151794
llava_1_5_7b,test,parallel_gain_mean,REAL,12,292,292,0,-0.22116044305279656,-0.2377139589394395,-0.22599970199044672,-0.2101510449521003
llava_1_5_7b,test,parallel_gain_mean,REAL,13,292,292,0,-0.2387717056311807,-0.256341328301949,-0.2428648611902442,-0.22318379243960684
llava_1_5_7b,test,parallel_gain_mean,REAL,14,292,292,0,-0.21413301286349756,-0.23156983587554766,-0.21825610021421757,-0.19717182758406707
llava_1_5_7b,test,parallel_gain_mean,REAL,15,292,292,0,-0.1738524045839012,-0.18906497710481732,-0.176246297531801,-0.15856464447192467
llava_1_5_7b,test,parallel_gain_mean,REAL,16,292,292,0,-0.16336288519546727,-0.1779304401706146,-0.16422035642051763,-0.14702081748935528
llava_1_5_7b,test,parallel_gain_mean,REAL,17,292,292,0,-0.14000193435060815,-0.14867984712385784,-0.1403616836843452,-0.1298588862039197
llava_1_5_7b,test,parallel_gain_mean,REAL,18,292,292,0,-0.10567198071095153,-0.11368968083530177,-0.10499964240959722,-0.0974984635476821
llava_1_5_7b,test,parallel_gain_mean,REAL,19,292,292,0,-0.07877770796643278,-0.08748138615903867,-0.0800781998540868,-0.06927811887169194
llava_1_5_7b,test,parallel_gain_mean,REAL,20,292,292,0,-0.05953409541344522,-0.06600195998667786,-0.05927950969011482,-0.053455249532159535
llava_1_5_7b,test,parallel_gain_mean,REAL,21,292,292,0,-0.04461607065414827,-0.05050541854348369,-0.04435267797767031,-0.03872002240708221
llava_1_5_7b,test,parallel_gain_mean,REAL,22,292,292,0,-0.02956238470511077,-0.03204523976180604,-0.02899580132031205,-0.026890551730971234
llava_1_5_7b,test,parallel_gain_mean,REAL,23,292,292,0,-0.006228443752033575,-0.010015542040562254,-0.007127818902902197,-0.002601812779471998
llava_1_5_7b,test,parallel_gain_mean,REAL,24,292,292,0,-0.01563636539685686,-0.01744825979705139,-0.014882868448221145,-0.013290348804116312
llava_1_5_7b,test,parallel_gain_mean,REAL,25,292,292,0,-0.004436665288075199,-0.006108580300772064,-0.004178702676930832,-0.002283505148709665
llava_1_5_7b,test,parallel_gain_mean,REAL,26,292,292,0,0.008690664679694652,0.004119349946898876,0.007950530691898185,0.012256065863750883
llava_1_5_7b,test,parallel_gain_mean,REAL,27,292,292,0,0.0034796819860013835,0.0018492789467398933,0.0037162584197194927,0.005500589841093569
llava_1_5_7b,test,parallel_gain_mean,REAL,28,292,292,0,-0.0006944450263608623,-0.003069939787669852,-0.0006108775782246072,0.0016329079692301448
llava_1_5_7b,test,parallel_gain_mean,REAL,29,292,292,0,-0.0003652688232436349,-0.004353342926689672,-0.00016426879793918388,0.004124739182248436
llava_1_5_7b,test,parallel_gain_mean,REAL,30,292,292,0,0.0038491237163470714,0.0006923026604617828,0.004180619274512493,0.007338269616504748
llava_1_5_7b,test,parallel_gain_mean,REAL,31,292,292,0,-0.004614836639975482,-0.010082967600020445,-0.0031657875101079123,0.0016828844805162088
llava_1_5_7b,test,parallel_gain_mean,REAL,32,292,292,0,0.15111179954332332,0.07450583751585241,0.13885684144693636,0.22267138253320895
llava_1_5_7b,test,parallel_gain_mean,HALL,1,75,75,0,-0.17694300181323752,-0.37915870401764495,-0.22163118475851562,0.03331899342976266
llava_1_5_7b,test,parallel_gain_mean,HALL,2,75,75,0,-0.10620648160327123,-0.11469395141841005,-0.10455049499422261,-0.09353979012004464
llava_1_5_7b,test,parallel_gain_mean,HALL,3,75,75,0,-0.11560703273780527,-0.12918610848190365,-0.11399078288833134,-0.10241095103514977
llava_1_5_7b,test,parallel_gain_mean,HALL,4,75,75,0,-0.2209619736332001,-0.233438621782192,-0.21926553541958152,-0.2022872696542467
llava_1_5_7b,test,parallel_gain_mean,HALL,5,75,75,0,-0.21319920311275414,-0.22666738620070165,-0.21453430940234564,-0.2001370118477595
llava_1_5_7b,test,parallel_gain_mean,HALL,6,75,75,0,-0.26256211110049116,-0.28557822814163925,-0.26680944374125953,-0.2491341846429953
llava_1_5_7b,test,parallel_gain_mean,HALL,7,75,75,0,-0.27246142240653165,-0.28488558362627525,-0.273478714603467,-0.260862255709082
llava_1_5_7b,test,parallel_gain_mean,HALL,8,75,75,0,-0.2955088165166894,-0.31913091053192333,-0.30352112960572647,-0.2738512707477815
llava_1_5_7b,test,parallel_gain_mean,HALL,9,75,75,0,-0.2670593519012606,-0.2836801840656876,-0.2711403681445833,-0.25813628133957023
llava_1_5_7b,test,parallel_gain_mean,HALL,10,75,75,0,-0.2566813204252413,-0.27280846866708575,-0.25996399215892024,-0.24379794078204134
llava_1_5_7b,test,parallel_gain_mean,HALL,11,75,75,0,-0.28370732400591947,-0.29730822082636366,-0.2854020818545002,-0.27528937099378364
llava_1_5_7b,test,parallel_gain_mean,HALL,12,75,75,0,-0.2212454137923693,-0.23729909288331635,-0.22382139977710105,-0.21619289673749043
llava_1_5_7b,test,parallel_gain_mean,HALL,13,75,75,0,-0.2472075227710047,-0.2640695452250288,-0.25218603259760125,-0.2321392953628741
llava_1_5_7b,test,parallel_gain_mean,HALL,14,75,75,0,-0.21533337354775503,-0.23215700284868335,-0.2180397490025314,-0.20224610580728852
llava_1_5_7b,test,parallel_gain_mean,HALL,15,75,75,0,-0.1646488870496958,-0.17022255017577348,-0.16499911924792451,-0.15719269482940032
llava_1_5_7b,test,parallel_gain_mean,HALL,16,75,75,0,-0.15425209363909972,-0.17014464325274511,-0.15545092934269888,-0.14198005153511595
llava_1_5_7b,test,parallel_gain_mean,HALL,17,75,75,0,-0.1393069862643565,-0.14669269296115292,-0.14033022403311327,-0.12981565415953109
llava_1_5_7b,test,parallel_gain_mean,HALL,18,75,75,0,-0.10454347510007783,-0.11226928281988788,-0.10427433927533389,-0.09684369387745909
llava_1_5_7b,test,parallel_gain_mean,HALL,19,75,75,0,-0.07344349523513806,-0.08246355042261072,-0.0738093076297423,-0.06759958972716915
llava_1_5_7b,test,parallel_gain_mean,HALL,20,75,75,0,-0.0609402711545651,-0.0663633846890497,-0.06343280889303876,-0.05627648170454473
llava_1_5_7b,test,parallel_gain_mean,HALL,21,75,75,0,-0.045845484277367315,-0.05058565239478838,-0.04582422305940675,-0.04153998667745551
llava_1_5_7b,test,parallel_gain_mean,HALL,22,75,75,0,-0.02981941752439072,-0.031625873413827874,-0.0298945131470289,-0.028209302119613526
llava_1_5_7b,test,parallel_gain_mean,HALL,23,75,75,0,-0.01029979049215426,-0.013517054121465066,-0.012066362541609595,-0.007458361524779435
llava_1_5_7b,test,parallel_gain_mean,HALL,24,75,75,0,-0.017536000439316267,-0.018862074264263336,-0.016242017075549578,-0.013994905192123333
llava_1_5_7b,test,parallel_gain_mean,HALL,25,75,75,0,-0.0044856948800293134,-0.005957887076155166,-0.0039572776733538826,-0.002737401943291711
llava_1_5_7b,test,parallel_gain_mean,HALL,26,75,75,0,0.00839780340016013,0.00458091119618572,0.007131110832262315,0.011261774382424095
llava_1_5_7b,test,parallel_gain_mean,HALL,27,75,75,0,0.0023478154446777153,0.0004101668777704039,0.0023979105401527173,0.004128404105918587
llava_1_5_7b,test,parallel_gain_mean,HALL,28,75,75,0,0.0013754522803927556,-8.750957127764114e-05,0.001605197855364437,0.003262735991980075
llava_1_5_7b,test,parallel_gain_mean,HALL,29,75,75,0,0.003175586977480328,0.00013568831855588834,0.0035104937377215253,0.006237866489148822
llava_1_5_7b,test,parallel_gain_mean,HALL,30,75,75,0,0.005063316547424191,0.002656901642141155,0.005327868531655595,0.007423976340378658
llava_1_5_7b,test,parallel_gain_mean,HALL,31,75,75,0,-0.0028829860113069603,-0.005904068598761634,-0.0014891725473180648,0.0012557045250652468
llava_1_5_7b,test,parallel_gain_mean,HALL,32,75,75,0,0.11836097760965955,0.06139311378410663,0.11191619179496154,0.15476931183116738
llava_1_5_7b,test,parallel_gain_median,REAL,1,292,292,0,-0.12765317258208211,-0.3049804039807966,0.006280313762241477,0.06321043892860514
llava_1_5_7b,test,parallel_gain_median,REAL,2,292,292,0,-0.10201374039552943,-0.1155402945712054,-0.10450108208426212,-0.09107389665490627
llava_1_5_7b,test,parallel_gain_median,REAL,3,292,292,0,-0.09571190167183208,-0.10400641228669677,-0.09448469857164074,-0.08462114528572692
llava_1_5_7b,test,parallel_gain_median,REAL,4,292,292,0,-0.21342834408820927,-0.2310896404706875,-0.21460512688276256,-0.19431619988954474
llava_1_5_7b,test,parallel_gain_median,REAL,5,292,292,0,-0.21988991236832933,-0.2366633303337266,-0.21798001707712222,-0.20173545925425307
llava_1_5_7b,test,parallel_gain_median,REAL,6,292,292,0,-0.26248244225331696,-0.2814746738974016,-0.2655118556916508,-0.2410393298668544
llava_1_5_7b,test,parallel_gain_median,REAL,7,292,292,0,-0.2765068105927221,-0.29777484996300196,-0.2761273426157921,-0.2544065033930194
llava_1_5_7b,test,parallel_gain_median,REAL,8,292,292,0,-0.27974813027334644,-0.30829501618592303,-0.2814691492136893,-0.25610400348896456
llava_1_5_7b,test,parallel_gain_median,REAL,9,292,292,0,-0.24885766024424782,-0.27302808745364626,-0.2546530281170773,-0.23136989246630302
llava_1_5_7b,test,parallel_gain_median,REAL,10,292,292,0,-0.2567398963260863,-0.27648320270414073,-0.2606541729936199,-0.24078607889411296
llava_1_5_7b,test,parallel_gain_median,REAL,11,292,292,0,-0.2752516995347363,-0.2921134778044998,-0.28021641287546717,-0.26160316179656934
llava_1_5_7b,test,parallel_gain_median,REAL,12,292,292,0,-0.22204767996078315,-0.23863924498292027,-0.22694519418869785,-0.21075199996789337
llava_1_5_7b,test,parallel_gain_median,REAL,13,292,292,0,-0.236627628943995,-0.2532034303675008,-0.23956935644392385,-0.22187886469744755
llava_1_5_7b,test,parallel_gain_median,REAL,14,292,292,0,-0.21313760612269136,-0.23071247897937902,-0.21579384962779613,-0.1976850959992243
llava_1_5_7b,test,parallel_gain_median,REAL,15,292,292,0,-0.1798331925327343,-0.19579940503218632,-0.18083369773602043,-0.1661726578648518
llava_1_5_7b,test,parallel_gain_median,REAL,16,292,292,0,-0.16384544663452896,-0.17597923058427423,-0.16448811183376935,-0.1483007788536919
llava_1_5_7b,test,parallel_gain_median,REAL,17,292,292,0,-0.14268331056135386,-0.15212504891310644,-0.1425887438385484,-0.13342869472921431
llava_1_5_7b,test,parallel_gain_median,REAL,18,292,292,0,-0.10316723558156271,-0.11136807648477426,-0.10261828530695946,-0.09561710096446929
llava_1_5_7b,test,parallel_gain_median,REAL,19,292,292,0,-0.0795425040588228,-0.08687496005729264,-0.08102926206961676,-0.07075693258970012
llava_1_5_7b,test,parallel_gain_median,REAL,20,292,292,0,-0.059820547589599,-0.06527666802934252,-0.059462211635906245,-0.05395127413769563
llava_1_5_7b,test,parallel_gain_median,REAL,21,292,292,0,-0.046343694597702594,-0.05086080859663246,-0.045983505655363396,-0.04131994517069297
llava_1_5_7b,test,parallel_gain_median,REAL,22,292,292,0,-0.028639749145414704,-0.031065033541859074,-0.0283332660936241,-0.02640422129174786
llava_1_5_7b,test,parallel_gain_median,REAL,23,292,292,0,-0.00865812167826693,-0.012047212391704282,-0.009435195770106423,-0.006468161881462074
llava_1_5_7b,test,parallel_gain_median,REAL,24,292,292,0,-0.013532653162312554,-0.014495779225384326,-0.012971102373708533,-0.011926746707212065
llava_1_5_7b,test,parallel_gain_median,REAL,25,292,292,0,-0.002947580285332648,-0.004252771294168163,-0.0027433946583353217,-0.0014650474920736183
llava_1_5_7b,test,parallel_gain_median,REAL,26,292,292,0,0.0031967075889006544,0.00014061458482278696,0.0022500481862007494,0.0046900248565912165
llava_1_5_7b,test,parallel_gain_median,REAL,27,292,292,0,0.0036856908485236313,0.002235524637022965,0.003592812071619027,0.005104415546036627
llava_1_5_7b,test,parallel_gain_median,REAL,28,292,292,0,0.00015328310042311418,-0.001873140445346164,0.0001776450172603398,0.0024418089109918854
llava_1_5_7b,test,parallel_gain_median,REAL,29,292,292,0,0.0013872002378879267,-0.0028146083847972875,0.0017753984019137359,0.0054850514666277455
llava_1_5_7b,test,parallel_gain_median,REAL,30,292,292,0,0.006389282661196135,0.0033185176364165987,0.0064828348017389615,0.009889181330264233
llava_1_5_7b,test,parallel_gain_median,REAL,31,292,292,0,0.00036421028036951635,-0.00474502841297675,0.0016384133960171937,0.0070022257306158395
llava_1_5_7b,test,parallel_gain_median,REAL,32,292,292,0,0.12229747709361212,0.028565914196273526,0.09573574315446051,0.191342724439744
llava_1_5_7b,test,parallel_gain_median,HALL,1,75,75,0,-0.15859880391808195,-0.3405229981418626,-0.20125826589230306,0.043071028489844176
llava_1_5_7b,test,parallel_gain_median,HALL,2,75,75,0,-0.09885659082208774,-0.10664430727196969,-0.095008262043374,-0.08822803905400341
llava_1_5_7b,test,parallel_gain_median,HALL,3,75,75,0,-0.10142250217835451,-0.11177472073838257,-0.09733121477011339,-0.08846356571601056
llava_1_5_7b,test,parallel_gain_median,HALL,4,75,75,0,-0.2114603278365318,-0.22700712083113067,-0.20711649130931092,-0.19428531463868887
llava_1_5_7b,test,parallel_gain_median,HALL,5,75,75,0,-0.210096737888277,-0.22124492419467856,-0.2125775422680125,-0.19702461447567965
llava_1_5_7b,test,parallel_gain_median,HALL,6,75,75,0,-0.26025356170226244,-0.2849105291114191,-0.26400432665184315,-0.24525364865548652
llava_1_5_7b,test,parallel_gain_median,HALL,7,75,75,0,-0.2680092029737027,-0.2831805618522687,-0.26680954318393213,-0.25343610154362006
llava_1_5_7b,test,parallel_gain_median,HALL,8,75,75,0,-0.29758938977188154,-0.32353250022243485,-0.3083480024169377,-0.27269036447722195
llava_1_5_7b,test,parallel_gain_median,HALL,9,75,75,0,-0.2638612513116495,-0.2798958209424325,-0.26834712181388054,-0.2555841787496908
llava_1_5_7b,test,parallel_gain_median,HALL,10,75,75,0,-0.2602391436029806,-0.2731768914319289,-0.2626445147046776,-0.24879663350119754
llava_1_5_7b,test,parallel_gain_median,HALL,11,75,75,0,-0.2846173772632483,-0.2976485349090091,-0.2871842721982544,-0.2747985860325013
llava_1_5_7b,test,parallel_gain_median,HALL,12,75,75,0,-0.22646199402759648,-0.24546447187164314,-0.23222939848255494,-0.2144168205177024
llava_1_5_7b,test,parallel_gain_median,HALL,13,75,75,0,-0.24686294335558334,-0.26454536223806036,-0.25046746703376266,-0.23141603270981392
llava_1_5_7b,test,parallel_gain_median,HALL,14,75,75,0,-0.21437111065153489,-0.23185695339496798,-0.21636853578329698,-0.2008677681477946
llava_1_5_7b,test,parallel_gain_median,HALL,15,75,75,0,-0.17307549499216077,-0.18055303824738445,-0.17362198985226474,-0.16554566435177032
llava_1_5_7b,test,parallel_gain_median,HALL,16,75,75,0,-0.15654278752911732,-0.17236791663571066,-0.15672347907651174,-0.14539558317520745
llava_1_5_7b,test,parallel_gain_median,HALL,17,75,75,0,-0.1412335159940975,-0.14899740410251527,-0.1420204353137035,-0.13378665844657373
llava_1_5_7b,test,parallel_gain_median,HALL,18,75,75,0,-0.10296268573567259,-0.11104953908035994,-0.10415776160245394,-0.09487323533083726
llava_1_5_7b,test,parallel_gain_median,HALL,19,75,75,0,-0.07601855482443311,-0.08328376831700951,-0.07755697782538243,-0.07090707031549928
llava_1_5_7b,test,parallel_gain_median,HALL,20,75,75,0,-0.060940135495383706,-0.06604941953859629,-0.06348484139278246,-0.05607866483340877
llava_1_5_7b,test,parallel_gain_median,HALL,21,75,75,0,-0.04699083896105387,-0.051168255733393925,-0.04681008525959726,-0.04286064054255275
llava_1_5_7b,test,parallel_gain_median,HALL,22,75,75,0,-0.02909890598894257,-0.030873250289096772,-0.02896500228850565,-0.027455108133785766
llava_1_5_7b,test,parallel_gain_median,HALL,23,75,75,0,-0.01252655051656372,-0.015237202433263049,-0.013517328304014975,-0.010956737765321176
llava_1_5_7b,test,parallel_gain_median,HALL,24,75,75,0,-0.013841759739042893,-0.014605152293392506,-0.01296931338055558,-0.01203000020842334
llava_1_5_7b,test,parallel_gain_median,HALL,25,75,75,0,-0.0033301688512288345,-0.00467755714048861,-0.003319345826297439,-0.001997579031094887
llava_1_5_7b,test,parallel_gain_median,HALL,26,75,75,0,0.003222697512122653,0.0004128161823463611,0.0018336154700057945,0.00473202166682392
llava_1_5_7b,test,parallel_gain_median,HALL,27,75,75,0,0.0026982602485946844,0.0015625336531651152,0.0026048638218153933,0.004040275564141136
llava_1_5_7b,test,parallel_gain_median,HALL,28,75,75,0,0.0019932877464558813,0.0007375570941224416,0.0020260011939356257,0.0036199162175753192
llava_1_5_7b,test,parallel_gain_median,HALL,29,75,75,0,0.004283667186865902,0.0024357272621687988,0.004630840938662031,0.0073079345098553666
llava_1_5_7b,test,parallel_gain_median,HALL,30,75,75,0,0.006602673553124327,0.004101308977190509,0.006992542437110847,0.009058793503896871
llava_1_5_7b,test,parallel_gain_median,HALL,31,75,75,0,0.0028403753929008334,0.0002009979778696632,0.004162020950116554,0.006635932354570835
llava_1_5_7b,test,parallel_gain_median,HALL,32,75,75,0,0.07770771847489802,0.01509147421392116,0.054811737013723785,0.11109867737555365
llava_1_5_7b,test,parallel_gain_std,REAL,1,292,292,0,0.23007761410185815,0.1079179424366428,0.14518528896650318,0.369927973896662
llava_1_5_7b,test,parallel_gain_std,REAL,2,292,292,0,0.06763684862869239,0.055460911297078946,0.06457266909977868,0.07849718536902255
llava_1_5_7b,test,parallel_gain_std,REAL,3,292,292,0,0.04850616634393913,0.04035020384236988,0.04826164735367374,0.05590708711586026
llava_1_5_7b,test,parallel_gain_std,REAL,4,292,292,0,0.07488708649560856,0.06324031872945692,0.07437257791315255,0.08356816481657992
llava_1_5_7b,test,parallel_gain_std,REAL,5,292,292,0,0.04703783247009434,0.03648290440666667,0.04816055263443464,0.056449358634529344
llava_1_5_7b,test,parallel_gain_std,REAL,6,292,292,0,0.04994262634989087,0.04392316351992139,0.049401804452753634,0.055884222399374545
llava_1_5_7b,test,parallel_gain_std,REAL,7,292,292,0,0.06429747336899772,0.057023577430250515,0.06344949453980295,0.07125060792304604
llava_1_5_7b,test,parallel_gain_std,REAL,8,292,292,0,0.05410530525753773,0.04657174130046951,0.053490697517601375,0.06012523934191343
llava_1_5_7b,test,parallel_gain_std,REAL,9,292,292,0,0.04361080478392878,0.03651603799217905,0.042144007372701534,0.04876797677006885
llava_1_5_7b,test,parallel_gain_std,REAL,10,292,292,0,0.03643307976658574,0.030582967268924552,0.03495018354736784,0.041271857535982254
llava_1_5_7b,test,parallel_gain_std,REAL,11,292,292,0,0.03268183864184502,0.029840163426603068,0.03245491630900718,0.0355036121205928
llava_1_5_7b,test,parallel_gain_std,REAL,12,292,292,0,0.04302354323197562,0.038726813405824234,0.042122485766068155,0.04683766754491227
llava_1_5_7b,test,parallel_gain_std,REAL,13,292,292,0,0.034537765992163794,0.030958519573471843,0.03432641159728368,0.03788714787236266
llava_1_5_7b,test,parallel_gain_std,REAL,14,292,292,0,0.03178233029591436,0.02796141771209843,0.03130877796972916,0.034733343894835046
llava_1_5_7b,test,parallel_gain_std,REAL,15,292,292,0,0.03428652178571752,0.028983918795232887,0.03320226492578076,0.039406215274012404
llava_1_5_7b,test,parallel_gain_std,REAL,16,292,292,0,0.03463924516556971,0.02997429668732266,0.03384064640204559,0.03877356873849362
llava_1_5_7b,test,parallel_gain_std,REAL,17,292,292,0,0.02934248749637563,0.02551761408491422,0.028596298873224055,0.03297859595739826
llava_1_5_7b,test,parallel_gain_std,REAL,18,292,292,0,0.023313582629446564,0.020360458614727933,0.023125993384999842,0.025573649464918996
llava_1_5_7b,test,parallel_gain_std,REAL,19,292,292,0,0.031249672494803222,0.026869170270498864,0.030692598512114266,0.03491487791829035
llava_1_5_7b,test,parallel_gain_std,REAL,20,292,292,0,0.01857209050503567,0.014893544802887099,0.017172963180116317,0.02053730035031622
llava_1_5_7b,test,parallel_gain_std,REAL,21,292,292,0,0.02213473228550323,0.017126515776442548,0.020864530153233925,0.02555122657269052
llava_1_5_7b,test,parallel_gain_std,REAL,22,292,292,0,0.012219584928738234,0.009828262197271025,0.011485288011919937,0.01355150693181186
llava_1_5_7b,test,parallel_gain_std,REAL,23,292,292,0,0.015029728804533474,0.010348100738181671,0.01396713698942301,0.017985379765034712
llava_1_5_7b,test,parallel_gain_std,REAL,24,292,292,0,0.01127707079764968,0.008213102388285834,0.009813310977823713,0.012392866878079788
llava_1_5_7b,test,parallel_gain_std,REAL,25,292,292,0,0.009965761244399005,0.007226540421033887,0.008824633502487581,0.010376494888620358
llava_1_5_7b,test,parallel_gain_std,REAL,26,292,292,0,0.022093408297404565,0.016271056253571788,0.019615203086373715,0.024231343720725253
llava_1_5_7b,test,parallel_gain_std,REAL,27,292,292,0,0.009080774515249803,0.00614433718829096,0.007583132806132034,0.010619294825491881
llava_1_5_7b,test,parallel_gain_std,REAL,28,292,292,0,0.007713688547652494,0.0065095293829455884,0.007379343751400468,0.008581480219626689
llava_1_5_7b,test,parallel_gain_std,REAL,29,292,292,0,0.01783402306149592,0.0140061020660065,0.016274530854477814,0.019424717623428664
llava_1_5_7b,test,parallel_gain_std,REAL,30,292,292,0,0.014709821884629456,0.0119255977150766,0.013717393249913716,0.015792206140942764
llava_1_5_7b,test,parallel_gain_std,REAL,31,292,292,0,0.020893989085987844,0.017898791780051188,0.020617495233852288,0.023346808733890223
llava_1_5_7b,test,parallel_gain_std,REAL,32,292,292,0,0.23504227425885535,0.20529078051873637,0.23108802515134408,0.25696158145139814
llava_1_5_7b,test,parallel_gain_std,HALL,1,75,75,0,0.1856928518606419,0.10445355551257694,0.15173136952793057,0.2842177012619026
llava_1_5_7b,test,parallel_gain_std,HALL,2,75,75,0,0.05927664477768858,0.05283523524357939,0.05751709496078934,0.06289770873633557
llava_1_5_7b,test,parallel_gain_std,HALL,3,75,75,0,0.05353833596829317,0.04855585685326298,0.05376071578131456,0.05688653355582266
llava_1_5_7b,test,parallel_gain_std,HALL,4,75,75,0,0.08182089781502969,0.0701397179963105,0.08235386822538505,0.09021579029742613
llava_1_5_7b,test,parallel_gain_std,HALL,5,75,75,0,0.03835777240701059,0.03168503309439724,0.036173912964780196,0.04446498787971014
llava_1_5_7b,test,parallel_gain_std,HALL,6,75,75,0,0.050527588134254696,0.04595823940861818,0.04989504122540992,0.05560271418817811
llava_1_5_7b,test,parallel_gain_std,HALL,7,75,75,0,0.0619537507110608,0.05528714148542639,0.059711132698084424,0.06704529813932877
llava_1_5_7b,test,parallel_gain_std,HALL,8,75,75,0,0.05734087685643769,0.04938377580291113,0.05695658592687347,0.06482585627924534
llava_1_5_7b,test,parallel_gain_std,HALL,9,75,75,0,0.04372141274379768,0.0380937350009196,0.041407882918557536,0.04751826788067076
llava_1_5_7b,test,parallel_gain_std,HALL,10,75,75,0,0.03654063741442149,0.03216553251056829,0.03582301028160398,0.04135233171107182
llava_1_5_7b,test,parallel_gain_std,HALL,11,75,75,0,0.032904221837488874,0.03046758124514779,0.032979776854676096,0.03617272701478567
llava_1_5_7b,test,parallel_gain_std,HALL,12,75,75,0,0.04850506807948919,0.042121348617554344,0.049328329575449706,0.05291570062827493
llava_1_5_7b,test,parallel_gain_std,HALL,13,75,75,0,0.03729552316204503,0.033230159272671304,0.036848651157017465,0.041316101892693205
llava_1_5_7b,test,parallel_gain_std,HALL,14,75,75,0,0.03432386677069029,0.03022175239906835,0.03418742198765482,0.03761463121907786
llava_1_5_7b,test,parallel_gain_std,HALL,15,75,75,0,0.03902624902830554,0.03646894934235094,0.0398005958352701,0.04337031322404689
llava_1_5_7b,test,parallel_gain_std,HALL,16,75,75,0,0.0365071445932408,0.03211853069330692,0.036577886499173574,0.042259241146895846
llava_1_5_7b,test,parallel_gain_std,HALL,17,75,75,0,0.026009229177457537,0.022193167062178523,0.024318325116039638,0.02769815447930949
llava_1_5_7b,test,parallel_gain_std,HALL,18,75,75,0,0.024304998854533622,0.02154350840448064,0.02393280620055213,0.027173505732640754
llava_1_5_7b,test,parallel_gain_std,HALL,19,75,75,0,0.02802572213511425,0.025140107782631052,0.027458452832368363,0.03097025937584874
llava_1_5_7b,test,parallel_gain_std,HALL,20,75,75,0,0.018745293454171554,0.01472891015866849,0.01704381034504644,0.01984334925423515
llava_1_5_7b,test,parallel_gain_std,HALL,21,75,75,0,0.01948330267625028,0.015986367940602386,0.019009204444939354,0.022412675834904
llava_1_5_7b,test,parallel_gain_std,HALL,22,75,75,0,0.010594942077094806,0.008896323049843722,0.009939738873803755,0.011385268502982212
llava_1_5_7b,test,parallel_gain_std,HALL,23,75,75,0,0.012085909446710343,0.008946236991591545,0.010707770182827245,0.01369613022232007
llava_1_5_7b,test,parallel_gain_std,HALL,24,75,75,0,0.013616167635176908,0.008898346692778138,0.011154412378698566,0.014721413651977152
llava_1_5_7b,test,parallel_gain_std,HALL,25,75,75,0,0.008687579279535663,0.00713528025346945,0.007994137059546377,0.009336932087832983
llava_1_5_7b,test,parallel_gain_std,HALL,26,75,75,0,0.018726723827442258,0.015057320276147307,0.01701918363230289,0.020573503750855347
llava_1_5_7b,test,parallel_gain_std,HALL,27,75,75,0,0.008225143600744715,0.005792799736251691,0.0074584100162722045,0.009351859053502356
llava_1_5_7b,test,parallel_gain_std,HALL,28,75,75,0,0.007487016755022288,0.005964052062677154,0.007197734386731527,0.008341448972683302
llava_1_5_7b,test,parallel_gain_std,HALL,29,75,75,0,0.01812050375369828,0.013764853336189854,0.017060674720781002,0.021467269851258283
llava_1_5_7b,test,parallel_gain_std,HALL,30,75,75,0,0.01251184831416728,0.010504295915175522,0.011776554159622187,0.013839638379934996
llava_1_5_7b,test,parallel_gain_std,HALL,31,75,75,0,0.021787592651382366,0.018999845438199096,0.021056770473767514,0.023873121508598077
llava_1_5_7b,test,parallel_gain_std,HALL,32,75,75,0,0.22985981737324102,0.20812984240009091,0.23116219479270844,0.2509888533254666
llava_1_5_7b,test,orthogonal_ratio_mean,REAL,1,292,292,0,0.9796079835793039,0.9677461146452544,0.9898260276971143,0.9934220629499976
llava_1_5_7b,test,orthogonal_ratio_mean,REAL,2,292,292,0,0.9866975311679934,0.9826196925120703,0.9875803242765941,0.9910079330005627
llava_1_5_7b,test,orthogonal_ratio_mean,REAL,3,292,292,0,0.9782218438665067,0.9741738681010925,0.978055456773365,0.9821425684444332
llava_1_5_7b,test,orthogonal_ratio_mean,REAL,4,292,292,0,0.9495649096236807,0.939321798295473,0.9503252186826148,0.9610509345759104
llava_1_5_7b,test,orthogonal_ratio_mean,REAL,5,292,292,0,0.9536312970556139,0.9485911881939986,0.9542668929309064,0.9594319514302883
llava_1_5_7b,test,orthogonal_ratio_mean,REAL,6,292,292,0,0.931971374364973,0.924412144338171,0.9311031684420017,0.9379138431591889
llava_1_5_7b,test,orthogonal_ratio_mean,REAL,7,292,292,0,0.9181052731550332,0.9081583080431824,0.9174576406233185,0.926611513080328
llava_1_5_7b,test,orthogonal_ratio_mean,REAL,8,292,292,0,0.9150795391843999,0.9032219184115947,0.9130297344972724,0.9247606357204112
llava_1_5_7b,test,orthogonal_ratio_mean,REAL,9,292,292,0,0.9135542093533451,0.9010106962776065,0.9096195711519639,0.9236048489306808
llava_1_5_7b,test,orthogonal_ratio_mean,REAL,10,292,292,0,0.9110891817276421,0.9037181977727158,0.9091464567854607,0.9156449986538894
llava_1_5_7b,test,orthogonal_ratio_mean,REAL,11,292,292,0,0.8945073202306559,0.8850085187139236,0.8917687253141067,0.9018433282233002
llava_1_5_7b,test,orthogonal_ratio_mean,REAL,12,292,292,0,0.920979438059698,0.9133304752676619,0.9190673238332783,0.9264722545081308
llava_1_5_7b,test,orthogonal_ratio_mean,REAL,13,292,292,0,0.8994838116015048,0.8916925695135316,0.8986086011180245,0.9065366532697501
llava_1_5_7b,test,orthogonal_ratio_mean,REAL,14,292,292,0,0.9089092006269348,0.8992609928813801,0.9075512554398663,0.9177563308295292
llava_1_5_7b,test,orthogonal_ratio_mean,REAL,15,292,292,0,0.9304518546405642,0.9213087435952485,0.9307930350803191,0.9396701670070184
llava_1_5_7b,test,orthogonal_ratio_mean,REAL,16,292,292,0,0.9336097655744771,0.9234596713974961,0.9343185715922109,0.9433160721295859
llava_1_5_7b,test,orthogonal_ratio_mean,REAL,17,292,292,0,0.9506983385681438,0.9456740093993887,0.9510258889971082,0.9561927119068341
llava_1_5_7b,test,orthogonal_ratio_mean,REAL,18,292,292,0,0.9635604261054942,0.9598104404678393,0.9641397445760418,0.9679158262329732
llava_1_5_7b,test,orthogonal_ratio_mean,REAL,19,292,292,0,0.9797886288650783,0.9762406101475244,0.9800884408641022,0.9835007619318963
llava_1_5_7b,test,orthogonal_ratio_mean,REAL,20,292,292,0,0.984295532422233,0.9819274861489616,0.9846429229690051,0.9865566781869812
llava_1_5_7b,test,orthogonal_ratio_mean,REAL,21,292,292,0,0.9903134071526968,0.988762455323164,0.9905978777421942,0.9921141742601128
llava_1_5_7b,test,orthogonal_ratio_mean,REAL,22,292,292,0,0.9943194569325173,0.9936878432220796,0.9944112346531633,0.9952590892823105
llava_1_5_7b,test,orthogonal_ratio_mean,REAL,23,292,292,0,0.9976770129321946,0.9973620624538035,0.9981140286464936,0.9985742170212941
llava_1_5_7b,test,orthogonal_ratio_mean,REAL,24,292,292,0,0.9971781823055438,0.9968606202406011,0.9977357720700891,0.9981299160633645
llava_1_5_7b,test,orthogonal_ratio_mean,REAL,25,292,292,0,0.9990746831508318,0.9988621723809967,0.9992272054991582,0.9994307804006881
llava_1_5_7b,test,orthogonal_ratio_mean,REAL,26,292,292,0,0.9974921142914931,0.9969461732445408,0.9979554776040223,0.9984655602734872
llava_1_5_7b,test,orthogonal_ratio_mean,REAL,27,292,292,0,0.9992267145133098,0.9990364137129107,0.9993150176734111,0.9995589723161683
llava_1_5_7b,test,orthogonal_ratio_mean,REAL,28,292,292,0,0.9994202626492537,0.9993151581636621,0.9994829809248635,0.9995924492609805
llava_1_5_7b,test,orthogonal_ratio_mean,REAL,29,292,292,0,0.9976253083221691,0.9972310735696913,0.9978835354781075,0.9983363961352536
llava_1_5_7b,test,orthogonal_ratio_mean,REAL,30,292,292,0,0.997480499998318,0.9968991842319161,0.9977694642070973,0.9983052500984928
llava_1_5_7b,test,orthogonal_ratio_mean,REAL,31,292,292,0,0.9983214885085291,0.9980173342073517,0.9984038976651979,0.9987633571760156
llava_1_5_7b,test,orthogonal_ratio_mean,REAL,32,292,292,0,0.9869961114172536,0.9839908901358876,0.9888562758177155,0.9910614064394316
llava_1_5_7b,test,orthogonal_ratio_mean,HALL,1,75,75,0,0.9772117529658324,0.9591842363517539,0.9822128686309508,0.9934928852657796
llava_1_5_7b,test,orthogonal_ratio_mean,HALL,2,75,75,0,0.990436478038282,0.9875321176645913,0.9903900814508128,0.9936913261655096
llava_1_5_7b,test,orthogonal_ratio_mean,HALL,3,75,75,0,0.9753273821379644,0.9712725461502341,0.9752652981479601,0.979182964861433
llava_1_5_7b,test,orthogonal_ratio_mean,HALL,4,75,75,0,0.9487930337948853,0.9423225728115814,0.94877329479237,0.9569037936441936
llava_1_5_7b,test,orthogonal_ratio_mean,HALL,5,75,75,0,0.9546003616744337,0.949287853959696,0.9545044495222209,0.9601941139103309
llava_1_5_7b,test,orthogonal_ratio_mean,HALL,6,75,75,0,0.9273063104200602,0.919670091154374,0.9266422052959664,0.9344806977149344
llava_1_5_7b,test,orthogonal_ratio_mean,HALL,7,75,75,0,0.9139322629478587,0.9071386369574983,0.9129512270201735,0.9204927754985653
llava_1_5_7b,test,orthogonal_ratio_mean,HALL,8,75,75,0,0.9092131115299177,0.9027320242667103,0.907075893486692,0.9144908436947394
llava_1_5_7b,test,orthogonal_ratio_mean,HALL,9,75,75,0,0.9018841722778904,0.8944438543603139,0.8995316127760717,0.9049040101263702
llava_1_5_7b,test,orthogonal_ratio_mean,HALL,10,75,75,0,0.9092755169386444,0.9036931262966412,0.9075312210511028,0.912793860382876
llava_1_5_7b,test,orthogonal_ratio_mean,HALL,11,75,75,0,0.8909371615731997,0.8829869877330248,0.8902775484423182,0.8955563655267913
llava_1_5_7b,test,orthogonal_ratio_mean,HALL,12,75,75,0,0.9234863040745896,0.9168576244243899,0.9219551163915235,0.926809948103342
llava_1_5_7b,test,orthogonal_ratio_mean,HALL,13,75,75,0,0.8993308283332774,0.8920236190833608,0.9011098893411086,0.9048813513414171
llava_1_5_7b,test,orthogonal_ratio_mean,HALL,14,75,75,0,0.9094849497376855,0.9034342817458492,0.90544119792429,0.9160807770581985
llava_1_5_7b,test,orthogonal_ratio_mean,HALL,15,75,75,0,0.9360521120714085,0.9312184097570577,0.9377115830944764,0.9413690365750305
llava_1_5_7b,test,orthogonal_ratio_mean,HALL,16,75,75,0,0.9412547882334023,0.9340264874570696,0.9431378706262988,0.9469512543610208
llava_1_5_7b,test,orthogonal_ratio_mean,HALL,17,75,75,0,0.9489686067765492,0.9443409685425502,0.9493289315928214,0.9552774050640122
llava_1_5_7b,test,orthogonal_ratio_mean,HALL,18,75,75,0,0.9641068971642597,0.9596278914590182,0.9658507101040238,0.9684536506379634
llava_1_5_7b,test,orthogonal_ratio_mean,HALL,19,75,75,0,0.9817884308908286,0.9789386105540141,0.9820286283703165,0.9846652678721912
llava_1_5_7b,test,orthogonal_ratio_mean,HALL,20,75,75,0,0.982533987546192,0.9795641688961747,0.9824019491113875,0.9856946173434464
llava_1_5_7b,test,orthogonal_ratio_mean,HALL,21,75,75,0,0.9896917300309597,0.988097492560833,0.9896339472468125,0.9914259025208827
llava_1_5_7b,test,orthogonal_ratio_mean,HALL,22,75,75,0,0.9941724559426325,0.9935922936871578,0.9942271146732744,0.9948779569194437
llava_1_5_7b,test,orthogonal_ratio_mean,HALL,23,75,75,0,0.997919903613084,0.9977230264387745,0.9979934308748264,0.9983121814895893
llava_1_5_7b,test,orthogonal_ratio_mean,HALL,24,75,75,0,0.9963763781768791,0.9962423979493417,0.9972442447394977,0.9978224410279248
llava_1_5_7b,test,orthogonal_ratio_mean,HALL,25,75,75,0,0.999185876064033,0.9990968070334727,0.9992878754194616,0.9994629993313953
llava_1_5_7b,test,orthogonal_ratio_mean,HALL,26,75,75,0,0.9979107895199308,0.9977567975003734,0.9982721096929785,0.998684454669095
llava_1_5_7b,test,orthogonal_ratio_mean,HALL,27,75,75,0,0.9993574433592501,0.9993144044855463,0.9994886133604193,0.9996328944300579
llava_1_5_7b,test,orthogonal_ratio_mean,HALL,28,75,75,0,0.9994255567376281,0.9993138857154993,0.999475899687211,0.9996430044746762
llava_1_5_7b,test,orthogonal_ratio_mean,HALL,29,75,75,0,0.9975544330843032,0.9970276475146509,0.9977159644667974,0.9982880454358339
llava_1_5_7b,test,orthogonal_ratio_mean,HALL,30,75,75,0,0.9980114148381755,0.9974753868076149,0.9981724718977468,0.9986126662407773
llava_1_5_7b,test,orthogonal_ratio_mean,HALL,31,75,75,0,0.9984513956112094,0.9981406726053301,0.9985437082338235,0.9987846581133024
llava_1_5_7b,test,orthogonal_ratio_mean,HALL,32,75,75,0,0.9887383426510258,0.9879367743220628,0.9894412139625359,0.9908382714374055
llava_1_5_7b,test,orthogonal_ratio_median,REAL,1,292,292,0,0.9882575814206661,0.9855690084366224,0.9941200232662115,0.9963910471855458
llava_1_5_7b,test,orthogonal_ratio_median,REAL,2,292,292,0,0.9900520040920577,0.9862292307261566,0.9906231497932729,0.9936467996715492
llava_1_5_7b,test,orthogonal_ratio_median,REAL,3,292,292,0,0.9840918547510783,0.9816558520852472,0.9841427944731929,0.9870597842331352
llava_1_5_7b,test,orthogonal_ratio_median,REAL,4,292,292,0,0.9566179079422116,0.9468839272309489,0.9576138993837382,0.9669437175898961
llava_1_5_7b,test,orthogonal_ratio_median,REAL,5,292,292,0,0.9550629027453748,0.9501217204136612,0.9557959676313108,0.9602740738107312
llava_1_5_7b,test,orthogonal_ratio_median,REAL,6,292,292,0,0.9331714740712975,0.9258958726718537,0.9319989643338554,0.9388120658318692
llava_1_5_7b,test,orthogonal_ratio_median,REAL,7,292,292,0,0.9194384770583703,0.9091039463774746,0.9184017263779213,0.9280848280107553
llava_1_5_7b,test,orthogonal_ratio_median,REAL,8,292,292,0,0.9152203963391814,0.9020569320969001,0.9125384288985283,0.9258667718262205
llava_1_5_7b,test,orthogonal_ratio_median,REAL,9,292,292,0,0.9147486920996879,0.9017325384046796,0.9108598275703624,0.9240813275467405
llava_1_5_7b,test,orthogonal_ratio_median,REAL,10,292,292,0,0.9096069283766408,0.9026919576215602,0.9071032647041832,0.914171985402789
llava_1_5_7b,test,orthogonal_ratio_median,REAL,11,292,292,0,0.8942690329911459,0.885071006554325,0.8916749333501528,0.9009230507202681
llava_1_5_7b,test,orthogonal_ratio_median,REAL,12,292,292,0,0.9216405705753973,0.913055186588339,0.9198670852881411,0.9273288877915229
llava_1_5_7b,test,orthogonal_ratio_median,REAL,13,292,292,0,0.8987404247869393,0.889822903963694,0.8979658482958073,0.9057601667930743
llava_1_5_7b,test,orthogonal_ratio_median,REAL,14,292,292,0,0.9089976098412238,0.8996756833551056,0.9075589481511089,0.9179611644213701
llava_1_5_7b,test,orthogonal_ratio_median,REAL,15,292,292,0,0.9287435301206763,0.9194397837970654,0.9291472281180089,0.9373075857354373
llava_1_5_7b,test,orthogonal_ratio_median,REAL,16,292,292,0,0.9331715310522104,0.9243147636390521,0.9332562749183411,0.943144707703472
llava_1_5_7b,test,orthogonal_ratio_median,REAL,17,292,292,0,0.9506806621349356,0.945059219824935,0.9512902498762577,0.9560471665361963
llava_1_5_7b,test,orthogonal_ratio_median,REAL,18,292,292,0,0.9642630547412928,0.9602611378761753,0.9649638906972903,0.9689008217894316
llava_1_5_7b,test,orthogonal_ratio_median,REAL,19,292,292,0,0.9816748585115627,0.9781218407142905,0.981903739444997,0.9854785720794565
llava_1_5_7b,test,orthogonal_ratio_median,REAL,20,292,292,0,0.9847473675441761,0.9825549345135768,0.9851251667621668,0.9869786135112275
llava_1_5_7b,test,orthogonal_ratio_median,REAL,21,292,292,0,0.9911073560455789,0.9896019914354657,0.9911463102037494,0.9930676223251573
llava_1_5_7b,test,orthogonal_ratio_median,REAL,22,292,292,0,0.9949778012418152,0.9943279068319624,0.9950064613599501,0.9957796488992171
llava_1_5_7b,test,orthogonal_ratio_median,REAL,23,292,292,0,0.9985512743479056,0.9982259057315388,0.9987292479962206,0.9990892356034906
llava_1_5_7b,test,orthogonal_ratio_median,REAL,24,292,292,0,0.9984416926171168,0.9982684850555463,0.9985832360302551,0.9988850513548773
llava_1_5_7b,test,orthogonal_ratio_median,REAL,25,292,292,0,0.9997644642508644,0.9997288773405509,0.9998019413373419,0.9998434597485989
llava_1_5_7b,test,orthogonal_ratio_median,REAL,26,292,292,0,0.999549646427292,0.9995088673207453,0.9996711168587885,0.9997733628569564
llava_1_5_7b,test,orthogonal_ratio_median,REAL,27,292,292,0,0.9996501901411402,0.9995880494537661,0.9997305331224504,0.9998110022289753
llava_1_5_7b,test,orthogonal_ratio_median,REAL,28,292,292,0,0.9997833419423482,0.9997576100336083,0.9998113972593702,0.9998516618136679
llava_1_5_7b,test,orthogonal_ratio_median,REAL,29,292,292,0,0.9989569229959683,0.9986746963790615,0.9990889374765224,0.9993653239453597
llava_1_5_7b,test,orthogonal_ratio_median,REAL,30,292,292,0,0.9987040096601173,0.9983548538773008,0.9989048858774646,0.9992648282884097
llava_1_5_7b,test,orthogonal_ratio_median,REAL,31,292,292,0,0.9991633253766009,0.9989863853765013,0.9992656578846595,0.9994546117503711
llava_1_5_7b,test,orthogonal_ratio_median,REAL,32,292,292,0,0.9928232733898258,0.9912250784085712,0.9945724641398297,0.9961916735034705
llava_1_5_7b,test,orthogonal_ratio_median,HALL,1,75,75,0,0.9849420636527204,0.9761863320858588,0.9883495196017804,0.9962075192053579
llava_1_5_7b,test,orthogonal_ratio_median,HALL,2,75,75,0,0.9927918100164044,0.9903089738179784,0.9929123805138187,0.995441709852481
llava_1_5_7b,test,orthogonal_ratio_median,HALL,3,75,75,0,0.9822476176837991,0.9788865067239432,0.9827047216033669,0.9860316165670165
llava_1_5_7b,test,orthogonal_ratio_median,HALL,4,75,75,0,0.9564911785025411,0.9493504590358519,0.9573938841460327,0.9617986160130398
llava_1_5_7b,test,orthogonal_ratio_median,HALL,5,75,75,0,0.9559339220761424,0.9510196304122321,0.9554527520221407,0.9616473969770474
llava_1_5_7b,test,orthogonal_ratio_median,HALL,6,75,75,0,0.9292632111899205,0.9233034608046056,0.9286833092717117,0.9353047190827994
llava_1_5_7b,test,orthogonal_ratio_median,HALL,7,75,75,0,0.9162392955484394,0.9084056527204734,0.915798018728162,0.923484849751138
llava_1_5_7b,test,orthogonal_ratio_median,HALL,8,75,75,0,0.9080485255845578,0.8997160085820263,0.9052466365003213,0.9137767155799654
llava_1_5_7b,test,orthogonal_ratio_median,HALL,9,75,75,0,0.9038739004747133,0.8969135695098684,0.9012339882595062,0.9066475194291477
llava_1_5_7b,test,orthogonal_ratio_median,HALL,10,75,75,0,0.9077371008948243,0.9018997003462588,0.9065098644517209,0.9118377585004427
llava_1_5_7b,test,orthogonal_ratio_median,HALL,11,75,75,0,0.8911875775359268,0.8821816164575795,0.8907935191665703,0.8967514262052031
llava_1_5_7b,test,orthogonal_ratio_median,HALL,12,75,75,0,0.9228991491597783,0.9158197668636932,0.9207937209191217,0.9260413686696292
llava_1_5_7b,test,orthogonal_ratio_median,HALL,13,75,75,0,0.8975226773362757,0.8896815956483461,0.8988928103258614,0.9032612008917089
llava_1_5_7b,test,orthogonal_ratio_median,HALL,14,75,75,0,0.9091309196618024,0.9016647718491455,0.9058333878544356,0.91531019202055
llava_1_5_7b,test,orthogonal_ratio_median,HALL,15,75,75,0,0.934504454587046,0.9293186132998812,0.9357769766414122,0.9397066990712035
llava_1_5_7b,test,orthogonal_ratio_median,HALL,16,75,75,0,0.9408632398577513,0.9328983004420068,0.941750221934932,0.9480871349741935
llava_1_5_7b,test,orthogonal_ratio_median,HALL,17,75,75,0,0.9486999841280874,0.9431916615190932,0.948586704971094,0.956099969684691
llava_1_5_7b,test,orthogonal_ratio_median,HALL,18,75,75,0,0.9645793003698194,0.9593445513319425,0.966147929127845,0.9687299011087426
llava_1_5_7b,test,orthogonal_ratio_median,HALL,19,75,75,0,0.9829401572934019,0.9797144330391717,0.9827724447809055,0.9858773316417099
llava_1_5_7b,test,orthogonal_ratio_median,HALL,20,75,75,0,0.9831255327132663,0.9797830947102701,0.9827685828412498,0.9861853859037819
llava_1_5_7b,test,orthogonal_ratio_median,HALL,21,75,75,0,0.9901648322395276,0.9886327378724833,0.9900164428803031,0.9917273530805107
llava_1_5_7b,test,orthogonal_ratio_median,HALL,22,75,75,0,0.9947358050986906,0.9941608230126708,0.9947270804864605,0.9955051174466809
llava_1_5_7b,test,orthogonal_ratio_median,HALL,23,75,75,0,0.9984019956824774,0.9980564379668333,0.9983363248301313,0.9987188429505588
llava_1_5_7b,test,orthogonal_ratio_median,HALL,24,75,75,0,0.9982528139425445,0.9982098916096829,0.9984736298001013,0.9988054524358143
llava_1_5_7b,test,orthogonal_ratio_median,HALL,25,75,75,0,0.9997679009374032,0.9997248976856419,0.9997991177660206,0.999829076776652
llava_1_5_7b,test,orthogonal_ratio_median,HALL,26,75,75,0,0.9995708535225888,0.9995834186257747,0.9996755526009988,0.9997609142240235
llava_1_5_7b,test,orthogonal_ratio_median,HALL,27,75,75,0,0.9997409354916909,0.9997060440689937,0.9997755495837554,0.9998364299886568
llava_1_5_7b,test,orthogonal_ratio_median,HALL,28,75,75,0,0.9997759734071178,0.9997268261477813,0.9998078609996404,0.999852509668681
llava_1_5_7b,test,orthogonal_ratio_median,HALL,29,75,75,0,0.9989370014593885,0.998667712288344,0.9990686586251518,0.9992714473389944
llava_1_5_7b,test,orthogonal_ratio_median,HALL,30,75,75,0,0.9990252063851256,0.9987144209230219,0.999204165375191,0.9994054835848232
llava_1_5_7b,test,orthogonal_ratio_median,HALL,31,75,75,0,0.999227168534591,0.9990462016983062,0.9992897481607499,0.999480599136922
llava_1_5_7b,test,orthogonal_ratio_median,HALL,32,75,75,0,0.9945915053637937,0.9937406151882309,0.9951195844131535,0.9963231167595299
llava_1_5_7b,test,common_c,REAL,1,292,292,0,-0.1668039144319976,-0.4228452742476979,-0.05054668680773624,0.07638955272017896
llava_1_5_7b,test,common_c,REAL,2,292,292,0,-0.1267187280464622,-0.1411890089405775,-0.12815339489982225,-0.11425696070390814
llava_1_5_7b,test,common_c,REAL,3,292,292,0,-0.06477951096683884,-0.0729444690330803,-0.06435733514833542,-0.055403123825540794
llava_1_5_7b,test,common_c,REAL,4,292,292,0,-0.08662419338672768,-0.10547809579031647,-0.08585942295078472,-0.06940034671118563
llava_1_5_7b,test,common_c,REAL,5,292,292,0,-0.1573038078743314,-0.1800820893773762,-0.1559825716672123,-0.1325857280671417
llava_1_5_7b,test,common_c,REAL,6,292,292,0,-0.220123126790113,-0.2522141122951185,-0.2172581637880698,-0.18801738802992413
llava_1_5_7b,test,common_c,REAL,7,292,292,0,-0.29000861854745014,-0.321376980783538,-0.29304185140880556,-0.25873119957141044
llava_1_5_7b,test,common_c,REAL,8,292,292,0,-0.27002975274724755,-0.30411459071469454,-0.2710642614162966,-0.23653729217796443
llava_1_5_7b,test,common_c,REAL,9,292,292,0,-0.21948222007593796,-0.2595674012284305,-0.22974291717350714,-0.19566980205668255
llava_1_5_7b,test,common_c,REAL,10,292,292,0,-0.2674102775790013,-0.2925993302918841,-0.26832670629428224,-0.24649264908156934
llava_1_5_7b,test,common_c,REAL,11,292,292,0,-0.2616379022214956,-0.28690126614123257,-0.26490221352901144,-0.2424126846977671
llava_1_5_7b,test,common_c,REAL,12,292,292,0,-0.20100534602068415,-0.23995821927954933,-0.19917943162288315,-0.16407016632345925
llava_1_5_7b,test,common_c,REAL,13,292,292,0,-0.23385751722617434,-0.2559004931024842,-0.23412676943383942,-0.21147879053159077
llava_1_5_7b,test,common_c,REAL,14,292,292,0,-0.2385799386972044,-0.2633452786719297,-0.23928415174536882,-0.2139974522466795
llava_1_5_7b,test,common_c,REAL,15,292,292,0,-0.1367733790793963,-0.16663458825827857,-0.13636839653848748,-0.11055328686716534
llava_1_5_7b,test,common_c,REAL,16,292,292,0,-0.14890301094514244,-0.16390802144581543,-0.15049818935218917,-0.1331236015988468
llava_1_5_7b,test,common_c,REAL,17,292,292,0,-0.14463438408023113,-0.15979409154915217,-0.14289593600971692,-0.13094419808480012
llava_1_5_7b,test,common_c,REAL,18,292,292,0,-0.10774435580552241,-0.1210091618718223,-0.10865809488492578,-0.09283591399910958
llava_1_5_7b,test,common_c,REAL,19,292,292,0,-0.08065910713792179,-0.09227795274448013,-0.07660647991931596,-0.062029296404775426
llava_1_5_7b,test,common_c,REAL,20,292,292,0,-0.04786714073266064,-0.054252530637493676,-0.04795171546709917,-0.040693239181451166
llava_1_5_7b,test,common_c,REAL,21,292,292,0,-0.02958988813113362,-0.03974524768693831,-0.03203772607085381,-0.022943586030214524
llava_1_5_7b,test,common_c,REAL,22,292,292,0,-0.02647954737235352,-0.032332858968861296,-0.027241888760586995,-0.02206276987978346
llava_1_5_7b,test,common_c,REAL,23,292,292,0,-0.011719916793968742,-0.015330408067733151,-0.010259561157972094,-0.005153753336107649
llava_1_5_7b,test,common_c,REAL,24,292,292,0,-0.011082890996813585,-0.013363287904908506,-0.010482435990446275,-0.008276440028654327
llava_1_5_7b,test,common_c,REAL,25,292,292,0,-0.010428499991737991,-0.014254499285199338,-0.006557815592981844,-0.0016410779477433412
llava_1_5_7b,test,common_c,REAL,26,292,292,0,-0.018202224243251245,-0.011296411340601945,-0.004551399918444625,-0.0009673851898682132
llava_1_5_7b,test,common_c,REAL,27,292,292,0,-0.002754287940189215,-0.0048946609098387455,0.0011948837052689453,0.004807215948027053
llava_1_5_7b,test,common_c,REAL,28,292,292,0,0.0003170436700548742,-0.002013789984744545,0.0007965350552694828,0.0033719185601736043
llava_1_5_7b,test,common_c,REAL,29,292,292,0,-0.00034152794894021254,-0.0009119458737119065,0.00818240249990284,0.014135693209986101
llava_1_5_7b,test,common_c,REAL,30,292,292,0,0.0006947583975002202,-0.005150549153321646,0.004082673924857154,0.011650849923844613
llava_1_5_7b,test,common_c,REAL,31,292,292,0,-0.0014962425636063658,-0.011167367840756112,-0.0005995824212351512,0.010308419766941053
llava_1_5_7b,test,common_c,REAL,32,292,292,0,0.03376785361603952,-0.014732383782627203,0.013162430847099199,0.04703523497245951
llava_1_5_7b,test,common_c,HALL,1,75,75,0,-0.20377381093275926,-0.4320374774548088,-0.24359968272948787,0.008244132837133943
llava_1_5_7b,test,common_c,HALL,2,75,75,0,-0.13110131434743613,-0.14495339394634127,-0.13180783224452988,-0.11531032061338184
llava_1_5_7b,test,common_c,HALL,3,75,75,0,-0.06715261925352575,-0.0771400507492836,-0.0661241209695126,-0.058049282621543116
llava_1_5_7b,test,common_c,HALL,4,75,75,0,-0.07771386147729907,-0.1028644901723819,-0.07355599992845295,-0.060274464091081545
llava_1_5_7b,test,common_c,HALL,5,75,75,0,-0.15311773989491972,-0.16814225526305274,-0.14835636524206955,-0.13284697450911653
llava_1_5_7b,test,common_c,HALL,6,75,75,0,-0.18967561402067623,-0.2060786662371303,-0.18829313475870788,-0.17126022897691118
llava_1_5_7b,test,common_c,HALL,7,75,75,0,-0.26161841689635984,-0.28336982980422076,-0.2559631991772117,-0.23982016648824556
llava_1_5_7b,test,common_c,HALL,8,75,75,0,-0.2641481518971436,-0.2844901498019342,-0.26640294185714053,-0.2447612167608973
llava_1_5_7b,test,common_c,HALL,9,75,75,0,-0.24147211680026312,-0.2612180143763428,-0.24891815718019697,-0.23655740147514748
llava_1_5_7b,test,common_c,HALL,10,75,75,0,-0.2636816386114775,-0.28222839427974433,-0.26295532733934096,-0.24711272372152815
llava_1_5_7b,test,common_c,HALL,11,75,75,0,-0.2710750779797784,-0.2888873588130684,-0.2744266949147219,-0.2530726124343342
llava_1_5_7b,test,common_c,HALL,12,75,75,0,-0.17662885742678275,-0.19995557089996568,-0.1696975218730958,-0.15199252579074685
llava_1_5_7b,test,common_c,HALL,13,75,75,0,-0.2287410309802046,-0.24795959397277445,-0.22662208528084068,-0.20978468250648527
llava_1_5_7b,test,common_c,HALL,14,75,75,0,-0.23922187409955056,-0.2598843448754801,-0.24120907704766095,-0.21165501739984977
llava_1_5_7b,test,common_c,HALL,15,75,75,0,-0.1084829095487777,-0.13109887161624145,-0.10808067347348047,-0.08442111320232895
llava_1_5_7b,test,common_c,HALL,16,75,75,0,-0.13721474785221188,-0.15094335420577415,-0.14219198470514988,-0.12552582767892442
llava_1_5_7b,test,common_c,HALL,17,75,75,0,-0.14214935586398042,-0.15271942416801831,-0.14362280081407097,-0.13399333461913088
llava_1_5_7b,test,common_c,HALL,18,75,75,0,-0.11422865064017167,-0.1263468703444757,-0.11035452943788915,-0.10082216832445123
llava_1_5_7b,test,common_c,HALL,19,75,75,0,-0.06116088805211085,-0.07266279292387473,-0.0603075952203858,-0.05116812554871198
llava_1_5_7b,test,common_c,HALL,20,75,75,0,-0.04915568485140554,-0.05612646450100184,-0.05013237072398217,-0.04303210837838491
llava_1_5_7b,test,common_c,HALL,21,75,75,0,-0.026958779164223567,-0.03734296608295257,-0.029672214993835076,-0.02145596411058557
llava_1_5_7b,test,common_c,HALL,22,75,75,0,-0.024038916072108403,-0.02947783626270917,-0.026818506705271295,-0.022122387957254026
llava_1_5_7b,test,common_c,HALL,23,75,75,0,-0.010596238572261692,-0.015603548304723746,-0.012476843214510928,-0.0070117001455544435
llava_1_5_7b,test,common_c,HALL,24,75,75,0,-0.00811009652496477,-0.011377094808817287,-0.009490876534675848,-0.007294779729477596
llava_1_5_7b,test,common_c,HALL,25,75,75,0,-0.006144580077899325,-0.010304270496456908,-0.0035498403430324443,1.4864670713552933e-05
llava_1_5_7b,test,common_c,HALL,26,75,75,0,-0.009896866229039483,-0.006402369538115484,-0.0018906560215759256,4.988232697376515e-05
llava_1_5_7b,test,common_c,HALL,27,75,75,0,-0.0013354874266623754,-0.003005360262495239,0.00045440462351709526,0.0036291441194965636
llava_1_5_7b,test,common_c,HALL,28,75,75,0,0.0013427916205631517,0.00044031234510107147,0.002271221092335712,0.003704797644098261
llava_1_5_7b,test,common_c,HALL,29,75,75,0,0.00875661738082162,0.005818572678281668,0.009957660391506936,0.01464167941678465
llava_1_5_7b,test,common_c,HALL,30,75,75,0,0.004635907857172811,-0.0004012496201385899,0.006091560097266322,0.01013358613981101
llava_1_5_7b,test,common_c,HALL,31,75,75,0,-0.006476140553827963,-0.014392746020889175,-0.0036906347942510394,0.001211024151765762
llava_1_5_7b,test,common_c,HALL,32,75,75,0,0.026519994882105963,0.0031542055206261466,0.0306541914627761,0.04564816594066219
llava_1_5_7b,test,shared_scalar_error,REAL,1,292,292,0,0.9860971095131196,0.9775992696911834,0.9910087062947065,0.9976702455342842
llava_1_5_7b,test,shared_scalar_error,REAL,2,292,292,0,0.9835715618547652,0.9773739105999841,0.9840269177593322,0.9893852227962852
llava_1_5_7b,test,shared_scalar_error,REAL,3,292,292,0,0.9937891026815386,0.9926436535565399,0.9944444817480484,0.9953798068337896
llava_1_5_7b,test,shared_scalar_error,REAL,4,292,292,0,0.9904078256489852,0.9867160749811046,0.9919370915170616,0.9943539243949572
llava_1_5_7b,test,shared_scalar_error,REAL,5,292,292,0,0.9744054843886338,0.9689350277633463,0.9754883337748546,0.9809779357094308
llava_1_5_7b,test,shared_scalar_error,REAL,6,292,292,0,0.9495347981211588,0.9416284284747694,0.9502271935522907,0.9585571429010056
llava_1_5_7b,test,shared_scalar_error,REAL,7,292,292,0,0.9162862423429655,0.9048039325065592,0.9170051776726282,0.9274870448241923
llava_1_5_7b,test,shared_scalar_error,REAL,8,292,292,0,0.9246674791058951,0.9086308122463124,0.9242420068810205,0.9380487184288203
llava_1_5_7b,test,shared_scalar_error,REAL,9,292,292,0,0.9376951056503656,0.9212281546969798,0.9343084475009296,0.9485834468361752
llava_1_5_7b,test,shared_scalar_error,REAL,10,292,292,0,0.9190178415682474,0.9084695972747928,0.9160394079677658,0.9300248718902542
llava_1_5_7b,test,shared_scalar_error,REAL,11,292,292,0,0.9211523211287602,0.9095151132547203,0.9194178681673604,0.9310815772100293
llava_1_5_7b,test,shared_scalar_error,REAL,12,292,292,0,0.9459081217944999,0.9290396598971645,0.9452613024828533,0.9603841668363854
llava_1_5_7b,test,shared_scalar_error,REAL,13,292,292,0,0.9245911704176192,0.9149038214374907,0.9238947590778408,0.93500002158433
llava_1_5_7b,test,shared_scalar_error,REAL,14,292,292,0,0.9061467774824465,0.8951175643462947,0.9056019895578014,0.9163189898187243
llava_1_5_7b,test,shared_scalar_error,REAL,15,292,292,0,0.9643342083927099,0.9543180247523804,0.966454942337599,0.9752566904735641
llava_1_5_7b,test,shared_scalar_error,REAL,16,292,292,0,0.9462953597702249,0.9364043062962439,0.945654542091934,0.9550774744407039
llava_1_5_7b,test,shared_scalar_error,REAL,17,292,292,0,0.9526130070041456,0.944416969903435,0.9524582833106844,0.9595171274116284
llava_1_5_7b,test,shared_scalar_error,REAL,18,292,292,0,0.9691927337888568,0.9618207627945008,0.9687069879130443,0.9771806752913454
llava_1_5_7b,test,shared_scalar_error,REAL,19,292,292,0,0.9813632839298123,0.9761255742982309,0.9821559845078278,0.9879575217207739
llava_1_5_7b,test,shared_scalar_error,REAL,20,292,292,0,0.9887096768813881,0.9856476200749257,0.9887571375268795,0.9919247389312357
llava_1_5_7b,test,shared_scalar_error,REAL,21,292,292,0,0.9946867965474641,0.9926991220542459,0.995243858510402,0.9979616478266723
llava_1_5_7b,test,shared_scalar_error,REAL,22,292,292,0,0.9944701302977172,0.993518103952337,0.9950322616567189,0.9969520161101073
llava_1_5_7b,test,shared_scalar_error,REAL,23,292,292,0,0.998362925088138,0.9983020222673961,0.9991550353522602,0.9997235261871588
llava_1_5_7b,test,shared_scalar_error,REAL,24,292,292,0,0.9986008060431697,0.9985014577292233,0.9990513665602294,0.9994113731774299
llava_1_5_7b,test,shared_scalar_error,REAL,25,292,292,0,0.9982647409905405,0.998414900876381,0.9995778536019846,0.9999050014060253
llava_1_5_7b,test,shared_scalar_error,REAL,26,292,292,0,0.9966304253783994,0.9988976559435245,0.9997594256619563,0.9999473140314789
llava_1_5_7b,test,shared_scalar_error,REAL,27,292,292,0,0.9988701372375329,0.9989265309265447,0.9997126226517907,0.999937056435064
llava_1_5_7b,test,shared_scalar_error,REAL,28,292,292,0,0.9997729697761444,0.9997667269899133,0.9999088681563306,0.9999794437241913
llava_1_5_7b,test,shared_scalar_error,REAL,29,292,292,0,0.9957312944537307,0.9961198302955737,0.998335892030346,0.9994878844462871
llava_1_5_7b,test,shared_scalar_error,REAL,30,292,292,0,0.9977576762384188,0.9974510463928219,0.9989690614925897,0.99978801872897
llava_1_5_7b,test,shared_scalar_error,REAL,31,292,292,0,0.9982788335307571,0.9977141513174261,0.9992140488513332,0.9998031027117082
llava_1_5_7b,test,shared_scalar_error,REAL,32,292,292,0,0.9982947228778487,0.9982997380185874,0.9994022123037947,0.9998694162234462
llava_1_5_7b,test,shared_scalar_error,HALL,1,75,75,0,0.9815328469470308,0.9640122018728738,0.9844182887449004,0.999504865954686
llava_1_5_7b,test,shared_scalar_error,HALL,2,75,75,0,0.9857077724010485,0.9811990287689561,0.9857335418803843,0.9900258688251364
llava_1_5_7b,test,shared_scalar_error,HALL,3,75,75,0,0.9939195747624698,0.9926366544517224,0.9941168102872526,0.9957482913157958
llava_1_5_7b,test,shared_scalar_error,HALL,4,75,75,0,0.9917670062952391,0.9881631583369779,0.9934338624716679,0.9957977083154593
llava_1_5_7b,test,shared_scalar_error,HALL,5,75,75,0,0.9739711794297153,0.9695472863513892,0.9748553336116875,0.9782990753657737
llava_1_5_7b,test,shared_scalar_error,HALL,6,75,75,0,0.9549302279628282,0.9497736772728624,0.9554512000791364,0.9597972364148517
llava_1_5_7b,test,shared_scalar_error,HALL,7,75,75,0,0.9157852203697955,0.9075028077499643,0.9170163079137194,0.925271549023504
llava_1_5_7b,test,shared_scalar_error,HALL,8,75,75,0,0.9167888603187979,0.9055540337857101,0.9123720497172033,0.9249191660762228
llava_1_5_7b,test,shared_scalar_error,HALL,9,75,75,0,0.9260327779388753,0.9182566499600944,0.9223576951328545,0.9290618872123396
llava_1_5_7b,test,shared_scalar_error,HALL,10,75,75,0,0.9144213824136138,0.9084541158857644,0.912017741418277,0.9195294722530425
llava_1_5_7b,test,shared_scalar_error,HALL,11,75,75,0,0.9109651965648938,0.9024217332024385,0.9110333493014884,0.9198007213876571
llava_1_5_7b,test,shared_scalar_error,HALL,12,75,75,0,0.9537568669734932,0.943695307379486,0.954109753305417,0.9637431740696414
llava_1_5_7b,test,shared_scalar_error,HALL,13,75,75,0,0.9266622798458629,0.9147677526030183,0.9263130036778193,0.9374238055858848
llava_1_5_7b,test,shared_scalar_error,HALL,14,75,75,0,0.9057751515731541,0.8973021590660124,0.9047507561008368,0.9138787679190769
llava_1_5_7b,test,shared_scalar_error,HALL,15,75,75,0,0.971913321829269,0.963647518196967,0.9750707641671323,0.9822472962157884
llava_1_5_7b,test,shared_scalar_error,HALL,16,75,75,0,0.9528930723788946,0.9426407675854958,0.9521565214433113,0.9629911731824545
llava_1_5_7b,test,shared_scalar_error,HALL,17,75,75,0,0.9495787286923697,0.9426443262770197,0.9487163535850207,0.9568713930382928
llava_1_5_7b,test,shared_scalar_error,HALL,18,75,75,0,0.9654566939717356,0.9602832589762222,0.9660625319335907,0.9726069848313077
llava_1_5_7b,test,shared_scalar_error,HALL,19,75,75,0,0.9854251719362086,0.9802288505842165,0.9874378187037748,0.9897105504227062
llava_1_5_7b,test,shared_scalar_error,HALL,20,75,75,0,0.9863858981429,0.9830806506796296,0.9858652733615357,0.9901424383661186
llava_1_5_7b,test,shared_scalar_error,HALL,21,75,75,0,0.9954191501785592,0.9933827044607693,0.9964214824829626,0.9979928589712131
llava_1_5_7b,test,shared_scalar_error,HALL,22,75,75,0,0.9951129576872677,0.9940262703192433,0.9955532583551545,0.9966684703314896
llava_1_5_7b,test,shared_scalar_error,HALL,23,75,75,0,0.9981878031384942,0.9978259136384668,0.9986373366452324,0.999533937625563
llava_1_5_7b,test,shared_scalar_error,HALL,24,75,75,0,0.9986915075829438,0.9987343235321986,0.9991835451239359,0.9995214827223864
llava_1_5_7b,test,shared_scalar_error,HALL,25,75,75,0,0.998966103122062,0.999246053725962,0.9998122952749279,0.9999516391039069
llava_1_5_7b,test,shared_scalar_error,HALL,26,75,75,0,0.9984270229321548,0.9995918390454123,0.9999175173214022,0.9999664277722253
llava_1_5_7b,test,shared_scalar_error,HALL,27,75,75,0,0.9992990822034167,0.9994739968103357,0.9998753666173499,0.9999831422334551
llava_1_5_7b,test,shared_scalar_error,HALL,28,75,75,0,0.9997383677235647,0.9997899533318434,0.9998989890786815,0.999966233744878
llava_1_5_7b,test,shared_scalar_error,HALL,29,75,75,0,0.9976470270685021,0.9967438976027235,0.9985392649904163,0.9994246339200852
llava_1_5_7b,test,shared_scalar_error,HALL,30,75,75,0,0.9988250364060693,0.9985768305595388,0.999503006679425,0.9998266274143119
llava_1_5_7b,test,shared_scalar_error,HALL,31,75,75,0,0.9989971237261192,0.9984696592276576,0.9996804915313897,0.9999351230585626
llava_1_5_7b,test,shared_scalar_error,HALL,32,75,75,0,0.998747970670532,0.9983677061903011,0.9993071698106556,0.999769158142929
llava_1_5_7b,test,individual_scalar_error,REAL,1,292,292,0,0.9745960339178372,0.9612668402116915,0.9799628601161092,0.9905841697530262
llava_1_5_7b,test,individual_scalar_error,REAL,2,292,292,0,0.9811496949133313,0.9745220513360571,0.9817380983228411,0.9873516885352911
llava_1_5_7b,test,individual_scalar_error,REAL,3,292,292,0,0.9927603958921847,0.9918519302124871,0.993518842746294,0.9946033663889937
llava_1_5_7b,test,individual_scalar_error,REAL,4,292,292,0,0.9877545347084014,0.9843775355650408,0.9889020659932832,0.9919966784112704
llava_1_5_7b,test,individual_scalar_error,REAL,5,292,292,0,0.9692026345959024,0.9630446164037876,0.9702661241870362,0.9768041157269629
llava_1_5_7b,test,individual_scalar_error,REAL,6,292,292,0,0.9450113208127389,0.9362493575292727,0.9454672975596226,0.9538934954842715
llava_1_5_7b,test,individual_scalar_error,REAL,7,292,292,0,0.912071229284828,0.8997850778081788,0.9128514291686969,0.9242948007990949
llava_1_5_7b,test,individual_scalar_error,REAL,8,292,292,0,0.9217648203624624,0.9059034951105801,0.921285243020073,0.9365400855130637
llava_1_5_7b,test,individual_scalar_error,REAL,9,292,292,0,0.9357203358986849,0.9189319703730512,0.932291150374223,0.9472238028784323
llava_1_5_7b,test,individual_scalar_error,REAL,10,292,292,0,0.9177869957239941,0.9070997135085429,0.9153599067882288,0.9281895164257513
llava_1_5_7b,test,individual_scalar_error,REAL,11,292,292,0,0.9203293631899354,0.9087244983645678,0.9187077578258156,0.9303964569360736
llava_1_5_7b,test,individual_scalar_error,REAL,12,292,292,0,0.943930097190768,0.9265988016147158,0.9437649374065339,0.9581916404565822
llava_1_5_7b,test,individual_scalar_error,REAL,13,292,292,0,0.9233507147645316,0.9134757806746842,0.9228244358150679,0.9337902767740605
llava_1_5_7b,test,individual_scalar_error,REAL,14,292,292,0,0.9037725392627514,0.8933400625127454,0.9033725313285238,0.9147285769620919
llava_1_5_7b,test,individual_scalar_error,REAL,15,292,292,0,0.9616809343605646,0.951889026899874,0.963460244804218,0.9721559610752633
llava_1_5_7b,test,individual_scalar_error,REAL,16,292,292,0,0.9446924495725066,0.9345908302772465,0.9440030824714161,0.9532875684014166
llava_1_5_7b,test,individual_scalar_error,REAL,17,292,292,0,0.9515507822960315,0.9436924822924282,0.9514831073491886,0.958704236247309
llava_1_5_7b,test,individual_scalar_error,REAL,18,292,292,0,0.9675979431680306,0.9600189641690053,0.9673230065671914,0.9756182630515003
llava_1_5_7b,test,individual_scalar_error,REAL,19,292,292,0,0.9799834178331074,0.9750559115593804,0.9810368323127356,0.9868647132400288
llava_1_5_7b,test,individual_scalar_error,REAL,20,292,292,0,0.9873416065114963,0.984525303319252,0.9877029758401183,0.9908906707334912
llava_1_5_7b,test,individual_scalar_error,REAL,21,292,292,0,0.9929779964403128,0.9910210969978229,0.9937111979705545,0.9959433991618789
llava_1_5_7b,test,individual_scalar_error,REAL,22,292,292,0,0.9934251131118709,0.9927438156688819,0.9944960363256155,0.9962542902013583
llava_1_5_7b,test,individual_scalar_error,REAL,23,292,292,0,0.9971203463932038,0.9974365620824771,0.998403652857435,0.9990554840769048
llava_1_5_7b,test,individual_scalar_error,REAL,24,292,292,0,0.9980976919552735,0.9982105704765061,0.9988330906911957,0.9991580657448331
llava_1_5_7b,test,individual_scalar_error,REAL,25,292,292,0,0.9963746655052168,0.9965393567702165,0.9983536623335062,0.999347955735061
llava_1_5_7b,test,individual_scalar_error,REAL,26,292,292,0,0.9936954653220983,0.9973927032586736,0.9992406802854858,0.9996589131602504
llava_1_5_7b,test,individual_scalar_error,REAL,27,292,292,0,0.9969811172035763,0.9973174400452357,0.998922851334601,0.9994275450036936
llava_1_5_7b,test,individual_scalar_error,REAL,28,292,292,0,0.9993920613797957,0.9993493781786029,0.9995659120050093,0.9997148165685663
llava_1_5_7b,test,individual_scalar_error,REAL,29,292,292,0,0.9946678971855091,0.994990487094304,0.9972667218024804,0.9986429033017643
llava_1_5_7b,test,individual_scalar_error,REAL,30,292,292,0,0.9944764632075659,0.9929195263703886,0.9967489855338498,0.9981952012476265
llava_1_5_7b,test,individual_scalar_error,REAL,31,292,292,0,0.9959369438438999,0.9944672321543462,0.9971177007963681,0.9983759536901491
llava_1_5_7b,test,individual_scalar_error,REAL,32,292,292,0,0.9865992339367531,0.9834125099672001,0.9894247627899196,0.9929241261238924
llava_1_5_7b,test,individual_scalar_error,HALL,1,75,75,0,0.972243553181789,0.9507956106790633,0.97940435542826,0.9928367439024048
llava_1_5_7b,test,individual_scalar_error,HALL,2,75,75,0,0.9839131489908094,0.9792197385777215,0.9839544267516834,0.9883498655755224
llava_1_5_7b,test,individual_scalar_error,HALL,3,75,75,0,0.9930330864042751,0.9917281140252099,0.993197112288857,0.9951430007435398
llava_1_5_7b,test,individual_scalar_error,HALL,4,75,75,0,0.9901823609608255,0.9860785674709163,0.9915179915830359,0.9944981579339678
llava_1_5_7b,test,individual_scalar_error,HALL,5,75,75,0,0.9706774173744764,0.9647241452268098,0.9712770768179011,0.9764349201090674
llava_1_5_7b,test,individual_scalar_error,HALL,6,75,75,0,0.9503313334496937,0.9437875568127044,0.9507092942882446,0.9552030009552157
llava_1_5_7b,test,individual_scalar_error,HALL,7,75,75,0,0.9101353280531682,0.9001853507298349,0.9106479780415508,0.9200432855151035
llava_1_5_7b,test,individual_scalar_error,HALL,8,75,75,0,0.9131915177601506,0.9010684080654815,0.9082164082062616,0.9221032813504026
llava_1_5_7b,test,individual_scalar_error,HALL,9,75,75,0,0.9237455500600148,0.9163150810358691,0.9209126887076864,0.9268118215390457
llava_1_5_7b,test,individual_scalar_error,HALL,10,75,75,0,0.9133410387353517,0.9069293860070364,0.9115369158344687,0.9184306313102857
llava_1_5_7b,test,individual_scalar_error,HALL,11,75,75,0,0.9101690858478393,0.9018063054071711,0.9101996787722331,0.9189579941855616
llava_1_5_7b,test,individual_scalar_error,HALL,12,75,75,0,0.9518224706396944,0.9406182647577874,0.951518287246709,0.9613826509343582
llava_1_5_7b,test,individual_scalar_error,HALL,13,75,75,0,0.9251774630511967,0.913452153843664,0.9253396625452561,0.9360353607956459
llava_1_5_7b,test,individual_scalar_error,HALL,14,75,75,0,0.9029508722143714,0.8945239681284087,0.9030443322411482,0.9109961780286693
llava_1_5_7b,test,individual_scalar_error,HALL,15,75,75,0,0.9685991097765523,0.9583411939515717,0.9708856922368293,0.9804333537018542
llava_1_5_7b,test,individual_scalar_error,HALL,16,75,75,0,0.9501951780579486,0.9391528352633787,0.9497492620356468,0.962926366041781
llava_1_5_7b,test,individual_scalar_error,HALL,17,75,75,0,0.9484253965511452,0.9420795228620743,0.9475885566574187,0.9553311255870521
llava_1_5_7b,test,individual_scalar_error,HALL,18,75,75,0,0.963604315777147,0.9590486185049583,0.9657976846391069,0.9706252294167343
llava_1_5_7b,test,individual_scalar_error,HALL,19,75,75,0,0.9844309121407305,0.9792634648773961,0.9859929516274891,0.9886022643930128
llava_1_5_7b,test,individual_scalar_error,HALL,20,75,75,0,0.9849199493360851,0.981785590923246,0.9849153982292034,0.9884905221019799
llava_1_5_7b,test,individual_scalar_error,HALL,21,75,75,0,0.9935628051615968,0.9915755745380883,0.9945997483908035,0.9964614283271196
llava_1_5_7b,test,individual_scalar_error,HALL,22,75,75,0,0.9945117583485423,0.9935481987749385,0.994770966829634,0.9963538359327644
llava_1_5_7b,test,individual_scalar_error,HALL,23,75,75,0,0.9969143951818147,0.9971766773855808,0.9980521016266762,0.9986940441831353
llava_1_5_7b,test,individual_scalar_error,HALL,24,75,75,0,0.9981326041705139,0.9985656384350303,0.9989995701823582,0.9993024741784485
llava_1_5_7b,test,individual_scalar_error,HALL,25,75,75,0,0.9973675016405548,0.9977976666077626,0.9990312290913375,0.9995958122419296
llava_1_5_7b,test,individual_scalar_error,HALL,26,75,75,0,0.9971902927196673,0.998614127278608,0.9995504312619818,0.9997562407966527
llava_1_5_7b,test,individual_scalar_error,HALL,27,75,75,0,0.9979677490444149,0.9976674886680073,0.9991252213344806,0.9995532110289718
llava_1_5_7b,test,individual_scalar_error,HALL,28,75,75,0,0.9994239061064197,0.999471678324326,0.9996770196100966,0.9997782293602181
llava_1_5_7b,test,individual_scalar_error,HALL,29,75,75,0,0.996658410682043,0.9957447346633338,0.9973114718850284,0.9986437327208313
llava_1_5_7b,test,individual_scalar_error,HALL,30,75,75,0,0.996650914360013,0.9958947337724771,0.9975091024384036,0.9985480436614853
llava_1_5_7b,test,individual_scalar_error,HALL,31,75,75,0,0.996831569396645,0.9950425359807347,0.9977204246004795,0.9987799562074073
llava_1_5_7b,test,individual_scalar_error,HALL,32,75,75,0,0.9892960647962726,0.9885639458528629,0.9904209754949612,0.9926744958709959
llava_1_5_7b,test,gain_nonuniform_error,REAL,1,292,292,0,0.14540638950102777,0.11454814397667872,0.14705189272962044,0.17158792953958832
llava_1_5_7b,test,gain_nonuniform_error,REAL,2,292,292,0,0.06755963739029258,0.057245039250244344,0.06665320675956005,0.07668608793465395
llava_1_5_7b,test,gain_nonuniform_error,REAL,3,292,292,0,0.04080042654410155,0.02662004633799001,0.036232410676514455,0.04999570473390218
llava_1_5_7b,test,gain_nonuniform_error,REAL,4,292,292,0,0.06756383449063079,0.04781585439408337,0.06600598333077459,0.0867580135098742
llava_1_5_7b,test,gain_nonuniform_error,REAL,5,292,292,0,0.09401244804604961,0.06471093101416887,0.09674353339483385,0.11956554338026004
llava_1_5_7b,test,gain_nonuniform_error,REAL,6,292,292,0,0.09009626433463813,0.07764135852113525,0.09131125308895698,0.10146263147628887
llava_1_5_7b,test,gain_nonuniform_error,REAL,7,292,292,0,0.08293285478165567,0.06256802635618577,0.08256498382023464,0.10199024724420737
llava_1_5_7b,test,gain_nonuniform_error,REAL,8,292,292,0,0.0695539634129602,0.05400683646158676,0.06866272014343344,0.08286710001945144
llava_1_5_7b,test,gain_nonuniform_error,REAL,9,292,292,0,0.057857130069050536,0.04502828466557985,0.055404131986267514,0.0673260922749609
llava_1_5_7b,test,gain_nonuniform_error,REAL,10,292,292,0,0.04476515388290699,0.03297139930633346,0.040576017112597534,0.052830228551514716
llava_1_5_7b,test,gain_nonuniform_error,REAL,11,292,292,0,0.036313503419873626,0.025445346304363854,0.035476340902487,0.04475694934608683
llava_1_5_7b,test,gain_nonuniform_error,REAL,12,292,292,0,0.05691475395907487,0.03945470885303406,0.05480644203559348,0.07030463243039867
llava_1_5_7b,test,gain_nonuniform_error,REAL,13,292,292,0,0.044081191181224416,0.03237281550183195,0.04100048984307726,0.054002935184490376
llava_1_5_7b,test,gain_nonuniform_error,REAL,14,292,292,0,0.06211468150003512,0.047688474236287415,0.06126978024807251,0.07445657575444958
llava_1_5_7b,test,gain_nonuniform_error,REAL,15,292,292,0,0.06707693183494248,0.04914087838941418,0.0655595929737526,0.08200775912701955
llava_1_5_7b,test,gain_nonuniform_error,REAL,16,292,292,0,0.05189005214507102,0.03917266339419023,0.05009140918879579,0.062204792749268906
llava_1_5_7b,test,gain_nonuniform_error,REAL,17,292,292,0,0.042009864913768756,0.030542042103334627,0.03928966384059858,0.04991842851749938
llava_1_5_7b,test,gain_nonuniform_error,REAL,18,292,292,0,0.0524954153834531,0.0402474070667252,0.05181039550191312,0.06413433598215743
llava_1_5_7b,test,gain_nonuniform_error,REAL,19,292,292,0,0.04613342284727005,0.03112130667614801,0.041635918777697734,0.05537728531891681
llava_1_5_7b,test,gain_nonuniform_error,REAL,20,292,292,0,0.045762148565799694,0.02978624048134287,0.039571535620550685,0.05389797859115525
llava_1_5_7b,test,gain_nonuniform_error,REAL,21,292,292,0,0.05281888992143477,0.03553897944301884,0.048887734191816884,0.06275590225391925
llava_1_5_7b,test,gain_nonuniform_error,REAL,22,292,292,0,0.03690637879714172,0.021547956668014977,0.030010785113708013,0.04035385542624138
llava_1_5_7b,test,gain_nonuniform_error,REAL,23,292,292,0,0.040548833991865256,0.02322451561045851,0.03190605410966504,0.04868001717049343
llava_1_5_7b,test,gain_nonuniform_error,REAL,24,292,292,0,0.02417266989592897,0.014347329328954743,0.018925515038139627,0.02659446508423556
llava_1_5_7b,test,gain_nonuniform_error,REAL,25,292,292,0,0.049487192667069,0.027423001142488267,0.04113069330010899,0.05804776052240737
llava_1_5_7b,test,gain_nonuniform_error,REAL,26,292,292,0,0.05220953588686187,0.020859371555859346,0.0326730756934251,0.05756848451160783
llava_1_5_7b,test,gain_nonuniform_error,REAL,27,292,292,0,0.04879298909151412,0.026459003621727383,0.03779582881638306,0.05684650085658347
llava_1_5_7b,test,gain_nonuniform_error,REAL,28,292,292,0,0.02538545020065329,0.018807272357238235,0.023613611735698422,0.029832412020360737
llava_1_5_7b,test,gain_nonuniform_error,REAL,29,292,292,0,0.04084189215856984,0.02638614689407927,0.037529821904646696,0.05120464262299268
llava_1_5_7b,test,gain_nonuniform_error,REAL,30,292,292,0,0.07046756176356564,0.04694567625518806,0.06308315221973529,0.08368710165927305
llava_1_5_7b,test,gain_nonuniform_error,REAL,31,292,292,0,0.06177355154764008,0.042123979054420814,0.05658548579097257,0.07805636988523977
llava_1_5_7b,test,gain_nonuniform_error,REAL,32,292,292,0,0.14472576058904352,0.11303310995476042,0.13243312305013674,0.16134232580279312
llava_1_5_7b,test,gain_nonuniform_error,HALL,1,75,75,0,0.13069465541704312,0.10429805159934699,0.12027551147458111,0.15596494577663242
llava_1_5_7b,test,gain_nonuniform_error,HALL,2,75,75,0,0.05869848430367042,0.05234609599715741,0.057877038664994315,0.06564303239225738
llava_1_5_7b,test,gain_nonuniform_error,HALL,3,75,75,0,0.03875250754528388,0.026173021065410636,0.03439338267053877,0.048971225515089686
llava_1_5_7b,test,gain_nonuniform_error,HALL,4,75,75,0,0.052718649020597044,0.039589576882360825,0.050388776339448514,0.06460855337785969
llava_1_5_7b,test,gain_nonuniform_error,HALL,5,75,75,0,0.07407447806078077,0.050750800721886785,0.07164806169570924,0.09246797571524998
llava_1_5_7b,test,gain_nonuniform_error,HALL,6,75,75,0,0.09130652612301587,0.07849565953587631,0.08944982853613505,0.10386285176832738
llava_1_5_7b,test,gain_nonuniform_error,HALL,7,75,75,0,0.09743884887578087,0.07851951959354839,0.09464021955375379,0.11729733042435636
llava_1_5_7b,test,gain_nonuniform_error,HALL,8,75,75,0,0.07836962706321654,0.061602078580217746,0.07904696622219144,0.09378744352182018
llava_1_5_7b,test,gain_nonuniform_error,HALL,9,75,75,0,0.06235265343352779,0.050385651248578966,0.060957015709525136,0.06910406845370222
llava_1_5_7b,test,gain_nonuniform_error,HALL,10,75,75,0,0.04236952964198419,0.03448222650804457,0.04159265561503345,0.049070932269546216
llava_1_5_7b,test,gain_nonuniform_error,HALL,11,75,75,0,0.035464867294733235,0.02484792009913921,0.03338304693187698,0.044255611844671444
llava_1_5_7b,test,gain_nonuniform_error,HALL,12,75,75,0,0.05613517091731533,0.040887922266637663,0.052960603872627306,0.07137692383532451
llava_1_5_7b,test,gain_nonuniform_error,HALL,13,75,75,0,0.048322841157986976,0.03570550343973986,0.04534264269587805,0.05796596022175005
llava_1_5_7b,test,gain_nonuniform_error,HALL,14,75,75,0,0.06683201086427434,0.051219153515408705,0.06900434523871614,0.08208796392015556
llava_1_5_7b,test,gain_nonuniform_error,HALL,15,75,75,0,0.07342162403111889,0.04998220868059589,0.0726743653339727,0.09594808293703289
llava_1_5_7b,test,gain_nonuniform_error,HALL,16,75,75,0,0.0658696603469458,0.048566912746174376,0.06770766302722885,0.08641631554445295
llava_1_5_7b,test,gain_nonuniform_error,HALL,17,75,75,0,0.04356351222109256,0.03439265928721856,0.04044489877669115,0.04980815646802452
llava_1_5_7b,test,gain_nonuniform_error,HALL,18,75,75,0,0.05564478664882595,0.04178465016170095,0.05596721188852481,0.06780408101212754
llava_1_5_7b,test,gain_nonuniform_error,HALL,19,75,75,0,0.039795601704723155,0.026539194548869764,0.035824584068899545,0.0487230118862111
llava_1_5_7b,test,gain_nonuniform_error,HALL,20,75,75,0,0.047121333945141224,0.028936433152029453,0.03932831112185249,0.05953415264138391
llava_1_5_7b,test,gain_nonuniform_error,HALL,21,75,75,0,0.05284923442320251,0.036670421972804096,0.04837457716041765,0.06693495621199398
llava_1_5_7b,test,gain_nonuniform_error,HALL,22,75,75,0,0.029565841397590636,0.017963815874937502,0.024870333655767768,0.03371123645105788
llava_1_5_7b,test,gain_nonuniform_error,HALL,23,75,75,0,0.039402702768697305,0.020702063314004412,0.03081768306070263,0.048852060715777815
llava_1_5_7b,test,gain_nonuniform_error,HALL,24,75,75,0,0.02415380124214147,0.013259241525733293,0.016281492841908184,0.02621203229924464
llava_1_5_7b,test,gain_nonuniform_error,HALL,25,75,75,0,0.04463936267002928,0.021032764305747832,0.03620716110142639,0.05486143032027156
llava_1_5_7b,test,gain_nonuniform_error,HALL,26,75,75,0,0.03488761144815953,0.018998526942112952,0.022675671467634256,0.042016719929633406
llava_1_5_7b,test,gain_nonuniform_error,HALL,27,75,75,0,0.044117053778471235,0.024110080611909133,0.036371417376146666,0.05493121494083403
llava_1_5_7b,test,gain_nonuniform_error,HALL,28,75,75,0,0.022895019133594905,0.017515526289421005,0.020042020639512156,0.025173385968523247
llava_1_5_7b,test,gain_nonuniform_error,HALL,29,75,75,0,0.040234402606058546,0.029173383326474435,0.03446781380880744,0.04607718169243895
llava_1_5_7b,test,gain_nonuniform_error,HALL,30,75,75,0,0.058006895762170545,0.035827059478854645,0.054162121825203344,0.07031752714678949
llava_1_5_7b,test,gain_nonuniform_error,HALL,31,75,75,0,0.06063198377324851,0.041899851201715056,0.05337748512472358,0.07599694883967381
llava_1_5_7b,test,gain_nonuniform_error,HALL,32,75,75,0,0.13280427139485934,0.10728586543932325,0.12839574051792887,0.14071240826093567
