model,scope,metric,layer,n_mixed_images,n_valid,mean_hall_minus_real,median_hall_minus_real,fraction_hall_gt_real
llava_1_5_7b,all,cos_mean,1,241,241,-0.034855075958770854,-0.047449303906788545,0.34854771784232363
llava_1_5_7b,all,cos_mean,2,241,241,0.012745315844913153,0.012544307092833135,0.6597510373443983
llava_1_5_7b,all,cos_mean,3,241,241,-0.012093290794706321,-0.012850561576973007,0.2946058091286307
llava_1_5_7b,all,cos_mean,4,241,241,-0.001022841594055287,-0.002955369372810046,0.46887966804979253
llava_1_5_7b,all,cos_mean,5,241,241,0.003339966066279149,0.0037429010133362417,0.5435684647302904
llava_1_5_7b,all,cos_mean,6,241,241,-0.011016922331343762,-0.01063007803599314,0.3278008298755187
llava_1_5_7b,all,cos_mean,7,241,241,-0.004809145321302078,-0.0065103891150404825,0.4149377593360996
llava_1_5_7b,all,cos_mean,8,241,241,-0.007999173857688023,-0.010993718389525176,0.3651452282157676
llava_1_5_7b,all,cos_mean,9,241,241,-0.0237706482628818,-0.024349803583592955,0.22406639004149378
llava_1_5_7b,all,cos_mean,10,241,241,-0.004585240382358878,-0.006772829394321889,0.3900414937759336
llava_1_5_7b,all,cos_mean,11,241,241,-0.006370461329879901,-0.00737114040465614,0.3900414937759336
llava_1_5_7b,all,cos_mean,12,241,241,0.007823994351976421,0.0019550562590463505,0.5477178423236515
llava_1_5_7b,all,cos_mean,13,241,241,0.005128680659157064,0.004514883854426444,0.5394190871369294
llava_1_5_7b,all,cos_mean,14,241,241,0.0036797004646887187,0.00035655587756383555,0.5062240663900415
llava_1_5_7b,all,cos_mean,15,241,241,0.018376059380530257,0.019048642300293572,0.7302904564315352
llava_1_5_7b,all,cos_mean,16,241,241,0.024555199929701406,0.01862906399765052,0.7302904564315352
llava_1_5_7b,all,cos_mean,17,241,241,-0.00016657969426362197,-0.0014707140060771229,0.46473029045643155
llava_1_5_7b,all,cos_mean,18,241,241,0.003377172554424395,0.0027973448687353686,0.5518672199170125
llava_1_5_7b,all,cos_mean,19,241,241,0.01020537465507194,0.007435441637931528,0.6265560165975104
llava_1_5_7b,all,cos_mean,20,241,241,-0.004139665468344622,-0.006193370869301301,0.4024896265560166
llava_1_5_7b,all,cos_mean,21,241,241,-0.012600511310648804,-0.013696669394777122,0.24896265560165975
llava_1_5_7b,all,cos_mean,22,241,241,-0.002344099115943993,-0.001799980426641118,0.4066390041493776
llava_1_5_7b,all,cos_mean,23,241,241,-0.016380214756075158,-0.016186601329563087,0.14522821576763487
llava_1_5_7b,all,cos_mean,24,241,241,-0.005173520286756364,-0.0065627873009782844,0.27385892116182575
llava_1_5_7b,all,cos_mean,25,241,241,-0.0007898648573965741,-0.0007426449200301655,0.46473029045643155
llava_1_5_7b,all,cos_mean,26,241,241,-0.0018862002493356615,-0.0029371156458445936,0.43983402489626555
llava_1_5_7b,all,cos_mean,27,241,241,-0.0037621629404232266,-0.003618451126082634,0.3236514522821577
llava_1_5_7b,all,cos_mean,28,241,241,0.0073032753096667485,0.009020217837997035,0.7717842323651453
llava_1_5_7b,all,cos_mean,29,241,241,0.010271067077802688,0.011325298237626352,0.7053941908713693
llava_1_5_7b,all,cos_mean,30,241,241,0.0029327090405646423,0.0029232357926503028,0.5477178423236515
llava_1_5_7b,all,cos_mean,31,241,241,0.002972173981463175,0.0037895499631038845,0.5975103734439834
llava_1_5_7b,all,cos_mean,32,241,241,-0.016858462188779066,-0.01751581713923414,0.33195020746887965
llava_1_5_7b,all,parallel_gain_mean,1,241,241,-0.029794135744696193,-0.03459430354119353,0.4149377593360996
llava_1_5_7b,all,parallel_gain_mean,2,241,241,0.0018149665739348485,0.0037184589866401524,0.5933609958506224
llava_1_5_7b,all,parallel_gain_mean,3,241,241,-0.00816210042306461,-0.00791350702524149,0.24896265560165975
llava_1_5_7b,all,parallel_gain_mean,4,241,241,0.0027647775523310836,0.002014698018919514,0.5352697095435685
llava_1_5_7b,all,parallel_gain_mean,5,241,241,0.010067022953611152,0.009301994673314606,0.7344398340248963
llava_1_5_7b,all,parallel_gain_mean,6,241,241,0.0021827987444013974,0.0005564569467451097,0.5103734439834025
llava_1_5_7b,all,parallel_gain_mean,7,241,241,0.010207532132298544,0.01113345869186394,0.6721991701244814
llava_1_5_7b,all,parallel_gain_mean,8,241,241,-0.0098159613097182,-0.009485597958708958,0.3941908713692946
llava_1_5_7b,all,parallel_gain_mean,9,241,241,-0.015638382485244996,-0.01704971341002154,0.26141078838174275
llava_1_5_7b,all,parallel_gain_mean,10,241,241,-0.00516686229109174,-0.004257986081856485,0.4107883817427386
llava_1_5_7b,all,parallel_gain_mean,11,241,241,-0.006595226712746881,-0.006661173236852613,0.34439834024896265
llava_1_5_7b,all,parallel_gain_mean,12,241,241,0.00016218478759361376,-0.002996658069943897,0.43568464730290457
llava_1_5_7b,all,parallel_gain_mean,13,241,241,-0.007150834873067162,-0.006985689855505461,0.35684647302904565
llava_1_5_7b,all,parallel_gain_mean,14,241,241,-0.0010295078435288807,-0.0012159159720192547,0.4730290456431535
llava_1_5_7b,all,parallel_gain_mean,15,241,241,0.00800423251094624,0.008299840168828898,0.6763485477178424
llava_1_5_7b,all,parallel_gain_mean,16,241,241,0.007771617948792792,0.006373065139347184,0.6182572614107884
llava_1_5_7b,all,parallel_gain_mean,17,241,241,0.0023927870368760135,0.0022225625288891104,0.5518672199170125
llava_1_5_7b,all,parallel_gain_mean,18,241,241,0.0016338497460820578,0.0012140513855862373,0.5601659751037344
llava_1_5_7b,all,parallel_gain_mean,19,241,241,0.00527136711683413,0.004538729824556678,0.6680497925311203
llava_1_5_7b,all,parallel_gain_mean,20,241,241,-0.0007042377947092815,-0.0009291649474481023,0.46887966804979253
llava_1_5_7b,all,parallel_gain_mean,21,241,241,-0.0036840425284902097,-0.004118170333995766,0.3029045643153527
llava_1_5_7b,all,parallel_gain_mean,22,241,241,-0.0002747524239756958,-0.0003138586216959033,0.45228215767634855
llava_1_5_7b,all,parallel_gain_mean,23,241,241,-0.003556051977636073,-0.003698999091220385,0.1908713692946058
llava_1_5_7b,all,parallel_gain_mean,24,241,241,-0.0014998285282133467,-0.0016335749468379991,0.29045643153526973
llava_1_5_7b,all,parallel_gain_mean,25,241,241,6.975375822191469e-05,-5.176223895586888e-05,0.49377593360995853
llava_1_5_7b,all,parallel_gain_mean,26,241,241,-0.000556711471367973,-0.0007798137023155866,0.43568464730290457
llava_1_5_7b,all,parallel_gain_mean,27,241,241,-0.0009604296851257497,-0.0008948888228131353,0.3360995850622407
llava_1_5_7b,all,parallel_gain_mean,28,241,241,0.0018210876388942967,0.002267165598690331,0.7634854771784232
llava_1_5_7b,all,parallel_gain_mean,29,241,241,0.0026131321652108764,0.0028155211077095497,0.7219917012448133
llava_1_5_7b,all,parallel_gain_mean,30,241,241,0.0009558873536205562,0.0008360315895748227,0.5643153526970954
llava_1_5_7b,all,parallel_gain_mean,31,241,241,0.0011071370305849317,0.0012405404292142597,0.5892116182572614
llava_1_5_7b,all,parallel_gain_mean,32,241,241,-0.03362616599442426,-0.031184962188343213,0.31950207468879666
llava_1_5_7b,all,parallel_gain_median,1,241,241,-0.042039951636142006,-0.04539690214537978,0.3941908713692946
llava_1_5_7b,all,parallel_gain_median,2,241,241,0.001994192759650357,0.003184292953964246,0.5975103734439834
llava_1_5_7b,all,parallel_gain_median,3,241,241,-0.005882965696325262,-0.005659005248998969,0.2987551867219917
llava_1_5_7b,all,parallel_gain_median,4,241,241,0.0038349466428830464,0.0042531227911739855,0.5435684647302904
llava_1_5_7b,all,parallel_gain_median,5,241,241,0.010314267050110851,0.00801225151927204,0.7468879668049793
llava_1_5_7b,all,parallel_gain_median,6,241,241,0.0014507305175311214,0.00011332406716135779,0.5020746887966805
llava_1_5_7b,all,parallel_gain_median,7,241,241,0.01359825521375369,0.015047988972604898,0.7219917012448133
llava_1_5_7b,all,parallel_gain_median,8,241,241,-0.012894888642497153,-0.012397664906523886,0.3651452282157676
llava_1_5_7b,all,parallel_gain_median,9,241,241,-0.013512927088356915,-0.015633715348090854,0.29045643153526973
llava_1_5_7b,all,parallel_gain_median,10,241,241,-0.0056260661547722106,-0.005339234130297271,0.3817427385892116
llava_1_5_7b,all,parallel_gain_median,11,241,241,-0.0062155577866423095,-0.006252360331296669,0.34024896265560167
llava_1_5_7b,all,parallel_gain_median,12,241,241,-0.004184623707397519,-0.006415847208445236,0.35684647302904565
llava_1_5_7b,all,parallel_gain_median,13,241,241,-0.008267378696966936,-0.007770234422928596,0.3360995850622407
llava_1_5_7b,all,parallel_gain_median,14,241,241,-0.000755779823906589,-0.0005349111869007439,0.4896265560165975
llava_1_5_7b,all,parallel_gain_median,15,241,241,0.005854296001440648,0.006293084518133846,0.6348547717842323
llava_1_5_7b,all,parallel_gain_median,16,241,241,0.0052961493207878485,0.00530979961488609,0.5767634854771784
llava_1_5_7b,all,parallel_gain_median,17,241,241,0.0025546729186252583,0.002122931713442272,0.5477178423236515
llava_1_5_7b,all,parallel_gain_median,18,241,241,0.0010838585245403155,0.0008884466042913125,0.5394190871369294
llava_1_5_7b,all,parallel_gain_median,19,241,241,0.004319489498944065,0.003431579839551016,0.6348547717842323
llava_1_5_7b,all,parallel_gain_median,20,241,241,-0.0009568133232087214,-0.0012469548872228176,0.43568464730290457
llava_1_5_7b,all,parallel_gain_median,21,241,241,-0.00250561557445353,-0.0027141643093360965,0.34439834024896265
llava_1_5_7b,all,parallel_gain_median,22,241,241,-0.000500704180176363,-0.000521345994156798,0.4315352697095436
llava_1_5_7b,all,parallel_gain_median,23,241,241,-0.003022413134639837,-0.003008222426801559,0.1991701244813278
llava_1_5_7b,all,parallel_gain_median,24,241,241,-0.0002520001987408484,-0.00018243143792675762,0.46887966804979253
llava_1_5_7b,all,parallel_gain_median,25,241,241,-0.0002766529078925668,-0.0002756738937919117,0.4190871369294606
llava_1_5_7b,all,parallel_gain_median,26,241,241,1.1095518074884495e-06,-0.00027775039684141845,0.4605809128630705
llava_1_5_7b,all,parallel_gain_median,27,241,241,-0.0005531722264478892,-0.0006294683905597987,0.37344398340248963
llava_1_5_7b,all,parallel_gain_median,28,241,241,0.001708936159756238,0.0020204539341435986,0.7759336099585062
llava_1_5_7b,all,parallel_gain_median,29,241,241,0.0021779172557957714,0.002267653449730799,0.7302904564315352
llava_1_5_7b,all,parallel_gain_median,30,241,241,0.00035605023754995346,0.0005908181218798889,0.5269709543568465
llava_1_5_7b,all,parallel_gain_median,31,241,241,0.0020119431807307303,0.0024647517473015907,0.6514522821576764
llava_1_5_7b,all,parallel_gain_median,32,241,241,-0.038268041660007135,-0.02989002576980264,0.2946058091286307
llava_1_5_7b,all,parallel_gain_std,1,241,241,-0.041816132450424946,-0.0403752767185947,0.3651452282157676
llava_1_5_7b,all,parallel_gain_std,2,241,241,-0.007759087816753978,-0.007349826434843762,0.24481327800829875
llava_1_5_7b,all,parallel_gain_std,3,241,241,0.004501349692765751,0.0041543265815940575,0.7344398340248963
llava_1_5_7b,all,parallel_gain_std,4,241,241,0.004971301842991607,0.00487072362349994,0.6431535269709544
llava_1_5_7b,all,parallel_gain_std,5,241,241,-0.007997554736993647,-0.008555327865710012,0.17842323651452283
llava_1_5_7b,all,parallel_gain_std,6,241,241,0.0023531586503450757,0.002355633183822009,0.6473029045643154
llava_1_5_7b,all,parallel_gain_std,7,241,241,-0.0009822676693586976,-0.001542950456503156,0.42323651452282157
llava_1_5_7b,all,parallel_gain_std,8,241,241,0.0036270335328158435,0.003134844190454178,0.6431535269709544
llava_1_5_7b,all,parallel_gain_std,9,241,241,-0.0004206864844440308,-0.0012222423091341472,0.43983402489626555
llava_1_5_7b,all,parallel_gain_std,10,241,241,0.0013896401499457476,0.001199897195664816,0.5975103734439834
llava_1_5_7b,all,parallel_gain_std,11,241,241,0.00016469231531716138,0.0004299632733172354,0.5228215767634855
llava_1_5_7b,all,parallel_gain_std,12,241,241,0.005263637863198329,0.005106157965971109,0.7468879668049793
llava_1_5_7b,all,parallel_gain_std,13,241,241,0.0028188905748628527,0.0022055909851834005,0.6763485477178424
llava_1_5_7b,all,parallel_gain_std,14,241,241,0.003288194215170239,0.0030175719506639297,0.7510373443983402
llava_1_5_7b,all,parallel_gain_std,15,241,241,0.005432953709395578,0.005644818649889964,0.8215767634854771
llava_1_5_7b,all,parallel_gain_std,16,241,241,0.0027190066052368805,0.0027817743806171844,0.6265560165975104
llava_1_5_7b,all,parallel_gain_std,17,241,241,-0.0019573571561739543,-0.0016767615894886755,0.3360995850622407
llava_1_5_7b,all,parallel_gain_std,18,241,241,0.0010066552029788663,0.0009156860316702244,0.6182572614107884
llava_1_5_7b,all,parallel_gain_std,19,241,241,-0.002829894357890726,-0.002683855116908773,0.33195020746887965
llava_1_5_7b,all,parallel_gain_std,20,241,241,0.000475298597535709,-0.00017012107933732715,0.4896265560165975
llava_1_5_7b,all,parallel_gain_std,21,241,241,-0.0026204309497064896,-0.002597742198344216,0.2987551867219917
llava_1_5_7b,all,parallel_gain_std,22,241,241,-0.0014724448413063465,-0.0011663707688935182,0.26556016597510373
llava_1_5_7b,all,parallel_gain_std,23,241,241,-0.0025967236073578307,-0.002696420333119457,0.21991701244813278
llava_1_5_7b,all,parallel_gain_std,24,241,241,0.002826702178855195,0.0020304112396973984,0.7717842323651453
llava_1_5_7b,all,parallel_gain_std,25,241,241,-0.0012217036806167346,-0.0005638052736795327,0.4024896265560166
llava_1_5_7b,all,parallel_gain_std,26,241,241,-0.0018497845023492526,-0.0014544681045822877,0.36929460580912865
llava_1_5_7b,all,parallel_gain_std,27,241,241,7.934032830989614e-05,-0.000382745567157043,0.43568464730290457
llava_1_5_7b,all,parallel_gain_std,28,241,241,-0.00015164048655854476,-0.00030409267431303396,0.44398340248962653
llava_1_5_7b,all,parallel_gain_std,29,241,241,0.00021831415157887968,-0.00028603362949495767,0.4854771784232365
llava_1_5_7b,all,parallel_gain_std,30,241,241,-0.0009990184908465775,-0.0010535301394271664,0.3070539419087137
llava_1_5_7b,all,parallel_gain_std,31,241,241,0.0012221054682741235,0.0009164451086324278,0.5975103734439834
llava_1_5_7b,all,parallel_gain_std,32,241,241,-0.009940041640299024,-0.00624933783879833,0.4190871369294606
llava_1_5_7b,all,orthogonal_ratio_mean,1,241,241,-0.003068222671348574,-0.00247377281535921,0.42323651452282157
llava_1_5_7b,all,orthogonal_ratio_mean,2,241,241,0.00272571611349165,0.002679623303088241,0.7510373443983402
llava_1_5_7b,all,orthogonal_ratio_mean,3,241,241,-0.002753339212136883,-0.0032870681955302627,0.2821576763485477
llava_1_5_7b,all,orthogonal_ratio_mean,4,241,241,-0.0006877928399037783,-0.0011165626945378593,0.46473029045643155
llava_1_5_7b,all,orthogonal_ratio_mean,5,241,241,0.0012975927668304038,0.0013510965504240913,0.5726141078838174
llava_1_5_7b,all,orthogonal_ratio_mean,6,241,241,-0.004442362893107215,-0.004598266809130447,0.3236514522821577
llava_1_5_7b,all,orthogonal_ratio_mean,7,241,241,-0.0018147553325388813,-0.002630838348756104,0.4190871369294606
llava_1_5_7b,all,orthogonal_ratio_mean,8,241,241,-0.0034656926823469834,-0.005222710768543415,0.3651452282157676
llava_1_5_7b,all,orthogonal_ratio_mean,9,241,241,-0.010187375319052937,-0.010687285265224777,0.21161825726141079
llava_1_5_7b,all,orthogonal_ratio_mean,10,241,241,-0.002111121939186444,-0.0029706107217385425,0.3900414937759336
llava_1_5_7b,all,orthogonal_ratio_mean,11,241,241,-0.0029574444416286634,-0.003453237686077748,0.3941908713692946
llava_1_5_7b,all,orthogonal_ratio_mean,12,241,241,0.00278088854171209,0.0005804593694711535,0.5352697095435685
llava_1_5_7b,all,orthogonal_ratio_mean,13,241,241,0.0022656546866749896,0.0017539449790239248,0.5518672199170125
llava_1_5_7b,all,orthogonal_ratio_mean,14,241,241,0.0017771634491769842,0.00038145517763077397,0.5186721991701245
llava_1_5_7b,all,orthogonal_ratio_mean,15,241,241,0.00644780003361804,0.006350829360949328,0.7178423236514523
llava_1_5_7b,all,orthogonal_ratio_mean,16,241,241,0.008227539114569419,0.006222615629621342,0.7302904564315352
llava_1_5_7b,all,orthogonal_ratio_mean,17,241,241,4.136737091235486e-05,-0.00026167460104531415,0.4896265560165975
llava_1_5_7b,all,orthogonal_ratio_mean,18,241,241,0.0009907542454278015,0.0007424964809347179,0.5518672199170125
llava_1_5_7b,all,orthogonal_ratio_mean,19,241,241,0.0023110339273786904,0.0017681354505875158,0.6597510373443983
llava_1_5_7b,all,orthogonal_ratio_mean,20,241,241,-0.0008455692333936941,-0.0010143579582237994,0.3983402489626556
llava_1_5_7b,all,orthogonal_ratio_mean,21,241,241,-0.0012166128012467401,-0.0013046899625879238,0.2697095435684647
llava_1_5_7b,all,orthogonal_ratio_mean,22,241,241,-0.00010967332682453225,-0.00010157656273390714,0.44398340248962653
llava_1_5_7b,all,orthogonal_ratio_mean,23,241,241,0.00019991035112567327,5.8254076132580046e-05,0.5394190871369294
llava_1_5_7b,all,orthogonal_ratio_mean,24,241,241,-0.000765261269714277,-0.0005398362904206477,0.21991701244813278
llava_1_5_7b,all,orthogonal_ratio_mean,25,241,241,0.00010888718608997849,8.293433314254806e-05,0.6265560165975104
llava_1_5_7b,all,orthogonal_ratio_mean,26,241,241,0.00023443704752172144,0.0002266079025620149,0.6182572614107884
llava_1_5_7b,all,orthogonal_ratio_mean,27,241,241,4.1040214260901115e-05,6.516815077184379e-05,0.5892116182572614
llava_1_5_7b,all,orthogonal_ratio_mean,28,241,241,-8.164048526967131e-06,9.170280145798237e-06,0.5145228215767634
llava_1_5_7b,all,orthogonal_ratio_mean,29,241,241,-7.908304447142778e-05,-8.30397667350713e-05,0.43983402489626555
llava_1_5_7b,all,orthogonal_ratio_mean,30,241,241,0.00024077293915273804,0.0002752757217446833,0.6473029045643154
llava_1_5_7b,all,orthogonal_ratio_mean,31,241,241,4.980849161968844e-05,5.405866742558274e-05,0.5394190871369294
llava_1_5_7b,all,orthogonal_ratio_mean,32,241,241,0.0019990577677258025,0.0017164576665015252,0.6929460580912863
llava_1_5_7b,all,orthogonal_ratio_median,1,241,241,-0.004511974793875687,-0.0032551811953470677,0.34854771784232363
llava_1_5_7b,all,orthogonal_ratio_median,2,241,241,0.0020952433541451872,0.002130139357707783,0.7136929460580913
llava_1_5_7b,all,orthogonal_ratio_median,3,241,241,-0.0017178568811362842,-0.0015895290519509775,0.3236514522821577
llava_1_5_7b,all,orthogonal_ratio_median,4,241,241,-0.000308544967567847,-0.0001939494040662515,0.4896265560165975
llava_1_5_7b,all,orthogonal_ratio_median,5,241,241,0.0011750127696887244,0.0012691281673580246,0.5601659751037344
llava_1_5_7b,all,orthogonal_ratio_median,6,241,241,-0.0037740911784259062,-0.003640808094799053,0.31950207468879666
llava_1_5_7b,all,orthogonal_ratio_median,7,241,241,-0.0007417303366529842,-0.0015866322310608139,0.44813278008298757
llava_1_5_7b,all,orthogonal_ratio_median,8,241,241,-0.004614567593137644,-0.0060594213766783644,0.34854771784232363
llava_1_5_7b,all,orthogonal_ratio_median,9,241,241,-0.009523039764963855,-0.010335891937890529,0.23236514522821577
llava_1_5_7b,all,orthogonal_ratio_median,10,241,241,-0.0024501116326966685,-0.0031557353751482387,0.3651452282157676
llava_1_5_7b,all,orthogonal_ratio_median,11,241,241,-0.0028415441177717603,-0.0035522302922768034,0.3983402489626556
llava_1_5_7b,all,orthogonal_ratio_median,12,241,241,0.001287364616239653,-0.00022705461471872468,0.4896265560165975
llava_1_5_7b,all,orthogonal_ratio_median,13,241,241,0.0013591781673895297,0.0011285201791513266,0.5518672199170125
llava_1_5_7b,all,orthogonal_ratio_median,14,241,241,0.0014698715374116893,0.00012753336306337015,0.5103734439834025
llava_1_5_7b,all,orthogonal_ratio_median,15,241,241,0.006624420207793708,0.006467908293068092,0.7136929460580913
llava_1_5_7b,all,orthogonal_ratio_median,16,241,241,0.007795272480200764,0.0060831966559454775,0.7095435684647303
llava_1_5_7b,all,orthogonal_ratio_median,17,241,241,-0.00031256862087272866,-0.0006986797176610215,0.45228215767634855
llava_1_5_7b,all,orthogonal_ratio_median,18,241,241,0.001000787752322756,0.0008612267554186648,0.5477178423236515
llava_1_5_7b,all,orthogonal_ratio_median,19,241,241,0.001990324400623762,0.0016836300172418106,0.6265560165975104
llava_1_5_7b,all,orthogonal_ratio_median,20,241,241,-0.0009995300781371968,-0.0010164808080200816,0.3817427385892116
llava_1_5_7b,all,orthogonal_ratio_median,21,241,241,-0.0013897687584024626,-0.0015902239160816567,0.2697095435684647
llava_1_5_7b,all,orthogonal_ratio_median,22,241,241,-0.00020143934913230088,-0.00011215587862178911,0.4315352697095436
llava_1_5_7b,all,orthogonal_ratio_median,23,241,241,-0.00015034481590494255,-0.00019006673613586322,0.3651452282157676
llava_1_5_7b,all,orthogonal_ratio_median,24,241,241,-0.0001656114052101313,-0.00013046215323031518,0.34024896265560167
llava_1_5_7b,all,orthogonal_ratio_median,25,241,241,-1.4429590951412046e-06,-6.737933221589998e-06,0.4730290456431535
llava_1_5_7b,all,orthogonal_ratio_median,26,241,241,2.886006230564942e-05,2.9359746355428484e-05,0.5643153526970954
llava_1_5_7b,all,orthogonal_ratio_median,27,241,241,5.7532132882247914e-05,6.675682968848573e-05,0.6929460580912863
llava_1_5_7b,all,orthogonal_ratio_median,28,241,241,-3.126524995922806e-05,-2.0054518903966922e-05,0.4315352697095436
llava_1_5_7b,all,orthogonal_ratio_median,29,241,241,-4.945310460329043e-05,2.037417429079369e-05,0.5186721991701245
llava_1_5_7b,all,orthogonal_ratio_median,30,241,241,0.00015648803124296032,0.00015442400666598743,0.6182572614107884
llava_1_5_7b,all,orthogonal_ratio_median,31,241,241,8.614244627733158e-06,2.663895631638269e-05,0.5518672199170125
llava_1_5_7b,all,orthogonal_ratio_median,32,241,241,0.0017746160765794213,0.001242848770319438,0.7385892116182573
llava_1_5_7b,all,common_c,1,241,241,-0.03879354067843069,-0.048505815043851847,0.4190871369294606
llava_1_5_7b,all,common_c,2,241,241,-0.0053144133443785695,-0.00359355949527726,0.42323651452282157
llava_1_5_7b,all,common_c,3,241,241,-0.0042767781593836315,-0.004511087968939093,0.31950207468879666
llava_1_5_7b,all,common_c,4,241,241,0.009925368206562087,0.01239422570337552,0.6929460580912863
llava_1_5_7b,all,common_c,5,241,241,0.0052517543095882465,0.005094660077520213,0.5601659751037344
llava_1_5_7b,all,common_c,6,241,241,0.02793508919040667,0.02264716384433224,0.8174273858921162
llava_1_5_7b,all,common_c,7,241,241,0.025803837616510332,0.026977980581779804,0.7593360995850622
llava_1_5_7b,all,common_c,8,241,241,0.00877640146829845,0.008437364136980097,0.5809128630705395
llava_1_5_7b,all,common_c,9,241,241,-0.013231211657308806,-0.0137012777928473,0.33195020746887965
llava_1_5_7b,all,common_c,10,241,241,0.0009392200419489955,0.00021131696472570516,0.5062240663900415
llava_1_5_7b,all,common_c,11,241,241,-0.010446674353110334,-0.009405576459968201,0.35684647302904565
llava_1_5_7b,all,common_c,12,241,241,0.025796806072526306,0.027788203320650712,0.7385892116182573
llava_1_5_7b,all,common_c,13,241,241,0.003718590301396841,0.0040744999894506695,0.5518672199170125
llava_1_5_7b,all,common_c,14,241,241,-5.2054612138216066e-05,-0.0010397200958807973,0.49377593360995853
llava_1_5_7b,all,common_c,15,241,241,0.02635108258596434,0.021894234936447557,0.7676348547717843
llava_1_5_7b,all,common_c,16,241,241,0.011473394706780346,0.011051723943603181,0.6680497925311203
llava_1_5_7b,all,common_c,17,241,241,0.001715661240653019,0.000710352279948534,0.5269709543568465
llava_1_5_7b,all,common_c,18,241,241,-0.008910193303866725,-0.007986088512266398,0.3278008298755187
llava_1_5_7b,all,common_c,19,241,241,0.017392077619097532,0.015780653453109868,0.7800829875518672
llava_1_5_7b,all,common_c,20,241,241,-0.0013148783011444475,-0.0016428659304069879,0.44813278008298757
llava_1_5_7b,all,common_c,21,241,241,-0.0017776129383419582,-0.0013474404640291572,0.4315352697095436
llava_1_5_7b,all,common_c,22,241,241,0.00264261509799623,0.0019391755134350978,0.5975103734439834
llava_1_5_7b,all,common_c,23,241,241,0.002084365355223886,-0.0008625311153322764,0.45643153526970953
llava_1_5_7b,all,common_c,24,241,241,0.0018484537938425534,0.0006284171904315083,0.5850622406639004
llava_1_5_7b,all,common_c,25,241,241,0.004411353749128017,0.003056541630162283,0.6182572614107884
llava_1_5_7b,all,common_c,26,241,241,0.0015071084891422044,0.001294900485750563,0.5601659751037344
llava_1_5_7b,all,common_c,27,241,241,-0.000829563910334696,-7.578968333532858e-05,0.4979253112033195
llava_1_5_7b,all,common_c,28,241,241,0.0007171759027690633,0.0009663186611208449,0.6265560165975104
llava_1_5_7b,all,common_c,29,241,241,0.0051777729559880775,0.0023243283022491047,0.6099585062240664
llava_1_5_7b,all,common_c,30,241,241,0.001561443460209854,0.003346461509554726,0.6016597510373444
llava_1_5_7b,all,common_c,31,241,241,-0.0028489958555979952,-0.0031950587017239,0.3941908713692946
llava_1_5_7b,all,common_c,32,241,241,0.00871388387526002,0.017341418763011554,0.6265560165975104
llava_1_5_7b,all,shared_scalar_error,1,241,241,-0.0047131277160453846,-0.0045825619573821585,0.4066390041493776
llava_1_5_7b,all,shared_scalar_error,2,241,241,0.0013275199065126352,0.0014674339504834322,0.5726141078838174
llava_1_5_7b,all,shared_scalar_error,3,241,241,-0.00023865347825051427,-0.0002853351126017589,0.4315352697095436
llava_1_5_7b,all,shared_scalar_error,4,241,241,0.0018821267575534412,0.002718146411888167,0.6846473029045643
llava_1_5_7b,all,shared_scalar_error,5,241,241,1.613891613917354e-05,-0.00023559691231289648,0.48132780082987553
llava_1_5_7b,all,shared_scalar_error,6,241,241,0.005341908334376695,0.004687054622120601,0.7219917012448133
llava_1_5_7b,all,shared_scalar_error,7,241,241,-0.00046212861027873127,-0.00014345330583676041,0.4896265560165975
llava_1_5_7b,all,shared_scalar_error,8,241,241,-0.005722943689504068,-0.006196767509716095,0.35684647302904565
llava_1_5_7b,all,shared_scalar_error,9,241,241,-0.007907003305321337,-0.00897439038764103,0.2946058091286307
llava_1_5_7b,all,shared_scalar_error,10,241,241,-0.0028921784879183407,-0.004519584489124595,0.4024896265560166
llava_1_5_7b,all,shared_scalar_error,11,241,241,-0.009430001960958782,-0.008566746253535484,0.22406639004149378
llava_1_5_7b,all,shared_scalar_error,12,241,241,0.008712655606570896,0.007860443398028494,0.6887966804979253
llava_1_5_7b,all,shared_scalar_error,13,241,241,0.002894750032481158,0.0020493099386738045,0.5726141078838174
llava_1_5_7b,all,shared_scalar_error,14,241,241,0.0015694371429259642,0.0007899861606266434,0.5311203319502075
llava_1_5_7b,all,shared_scalar_error,15,241,241,0.008371777730003183,0.007197728898218125,0.6846473029045643
llava_1_5_7b,all,shared_scalar_error,16,241,241,0.00901943851829656,0.008275219147622304,0.7302904564315352
llava_1_5_7b,all,shared_scalar_error,17,241,241,-0.0034427951735719713,-0.0034670435873267458,0.35269709543568467
llava_1_5_7b,all,shared_scalar_error,18,241,241,-0.004817520783727723,-0.005362438257286106,0.3153526970954357
llava_1_5_7b,all,shared_scalar_error,19,241,241,0.004156713491599577,0.003613768270599782,0.6804979253112033
llava_1_5_7b,all,shared_scalar_error,20,241,241,-0.0013609629163027293,-0.0011826444175407902,0.4190871369294606
llava_1_5_7b,all,shared_scalar_error,21,241,241,-0.0002191179655562105,3.964358031327553e-05,0.5020746887966805
llava_1_5_7b,all,shared_scalar_error,22,241,241,0.0007335775563328033,0.0004999888076476777,0.6016597510373444
llava_1_5_7b,all,shared_scalar_error,23,241,241,0.00022425274194535778,1.3532943885175008e-05,0.5062240663900415
llava_1_5_7b,all,shared_scalar_error,24,241,241,1.1865132627248533e-05,5.3871388367321416e-05,0.5477178423236515
llava_1_5_7b,all,shared_scalar_error,25,241,241,0.0006861694771644069,0.00014955228408519705,0.6431535269709544
llava_1_5_7b,all,shared_scalar_error,26,241,241,0.0004414477966542387,5.813309287361346e-05,0.5892116182572614
llava_1_5_7b,all,shared_scalar_error,27,241,241,-6.957580575233498e-05,0.00018798857076607334,0.6929460580912863
llava_1_5_7b,all,shared_scalar_error,28,241,241,1.11844635709734e-05,1.7216940487285726e-05,0.5269709543568465
llava_1_5_7b,all,shared_scalar_error,29,241,241,0.0011546249576212496,5.8391300277071956e-05,0.5145228215767634
llava_1_5_7b,all,shared_scalar_error,30,241,241,-1.818338966487793e-05,0.00014445776079907713,0.5518672199170125
llava_1_5_7b,all,shared_scalar_error,31,241,241,0.00014420037583925878,0.00015964163276727117,0.5394190871369294
llava_1_5_7b,all,shared_scalar_error,32,241,241,0.00022098194786912458,8.886112396944146e-05,0.5477178423236515
llava_1_5_7b,all,individual_scalar_error,1,241,241,-0.0027545671944963854,-0.0009420733762710576,0.4730290456431535
llava_1_5_7b,all,individual_scalar_error,2,241,241,0.0018906762809369501,0.0019215140613372261,0.5975103734439834
llava_1_5_7b,all,individual_scalar_error,3,241,241,-0.00012124851624352077,-0.0001491784599476631,0.4605809128630705
llava_1_5_7b,all,individual_scalar_error,4,241,241,0.002760132667233668,0.0031206749820106294,0.7095435684647303
llava_1_5_7b,all,individual_scalar_error,5,241,241,0.0019156550030963294,0.0015517912639855247,0.5767634854771784
llava_1_5_7b,all,individual_scalar_error,6,241,241,0.004692725003971284,0.003864324818015019,0.7136929460580913
llava_1_5_7b,all,individual_scalar_error,7,241,241,-0.0022560962833164276,-0.001687297325667303,0.43568464730290457
llava_1_5_7b,all,individual_scalar_error,8,241,241,-0.006298303801714965,-0.0073258388152621645,0.3360995850622407
llava_1_5_7b,all,individual_scalar_error,9,241,241,-0.008191123581857774,-0.009616426486870666,0.2821576763485477
llava_1_5_7b,all,individual_scalar_error,10,241,241,-0.0028458713691393357,-0.004042093921286738,0.3941908713692946
llava_1_5_7b,all,individual_scalar_error,11,241,241,-0.0094690778838806,-0.008550916053333801,0.23236514522821577
llava_1_5_7b,all,individual_scalar_error,12,241,241,0.008586981913741066,0.00719995371563209,0.6846473029045643
llava_1_5_7b,all,individual_scalar_error,13,241,241,0.0025312396506158227,0.0015301511924107336,0.5560165975103735
llava_1_5_7b,all,individual_scalar_error,14,241,241,0.001078305234592013,0.0007281433099289858,0.5103734439834025
llava_1_5_7b,all,individual_scalar_error,15,241,241,0.007649543138063227,0.006981360695264449,0.6680497925311203
llava_1_5_7b,all,individual_scalar_error,16,241,241,0.008149655081172052,0.007678126829091414,0.7178423236514523
llava_1_5_7b,all,individual_scalar_error,17,241,241,-0.003534406006605009,-0.0035985817733762415,0.34024896265560167
llava_1_5_7b,all,individual_scalar_error,18,241,241,-0.004978931836061339,-0.006103793829518089,0.3112033195020747
llava_1_5_7b,all,individual_scalar_error,19,241,241,0.004289705471926081,0.0037910756763819276,0.6597510373443983
llava_1_5_7b,all,individual_scalar_error,20,241,241,-0.00142248037490491,-0.0012964913163804326,0.44398340248962653
llava_1_5_7b,all,individual_scalar_error,21,241,241,-4.1587448916432294e-05,0.00021868570666760956,0.5186721991701245
llava_1_5_7b,all,individual_scalar_error,22,241,241,0.0009751669688573269,0.0005045430701127174,0.6016597510373444
llava_1_5_7b,all,individual_scalar_error,23,241,241,0.0003679508110118177,3.4177767810450455e-05,0.5145228215767634
llava_1_5_7b,all,individual_scalar_error,24,241,241,-9.405012774835589e-05,5.7108015467322026e-05,0.5518672199170125
llava_1_5_7b,all,individual_scalar_error,25,241,241,0.00128054696320929,0.00032414957025184155,0.6058091286307054
llava_1_5_7b,all,individual_scalar_error,26,241,241,0.0008368788763950497,0.00011397415421132706,0.5560165975103735
llava_1_5_7b,all,individual_scalar_error,27,241,241,-0.0001740210995017784,0.00042072703113771315,0.6390041493775933
llava_1_5_7b,all,individual_scalar_error,28,241,241,5.839252974910098e-05,7.85376176123398e-05,0.5933609958506224
llava_1_5_7b,all,individual_scalar_error,29,241,241,0.001268477418195497,0.00016717229216900442,0.5394190871369294
llava_1_5_7b,all,individual_scalar_error,30,241,241,0.00036218995147546695,0.000782044387986236,0.6431535269709544
llava_1_5_7b,all,individual_scalar_error,31,241,241,0.00032122323228534887,0.0001016536205449281,0.5228215767634855
llava_1_5_7b,all,individual_scalar_error,32,241,241,0.0032880564386075827,0.002613660123175987,0.7053941908713693
llava_1_5_7b,all,gain_nonuniform_error,1,241,241,-0.013906076045476721,-0.014098232126428162,0.34854771784232363
llava_1_5_7b,all,gain_nonuniform_error,2,241,241,-0.008181412189143894,-0.007897314414025101,0.22821576763485477
llava_1_5_7b,all,gain_nonuniform_error,3,241,241,-0.002162729318543506,-0.0020170149378951965,0.4149377593360996
llava_1_5_7b,all,gain_nonuniform_error,4,241,241,-0.012479678252682046,-0.011236890709038792,0.2572614107883817
llava_1_5_7b,all,gain_nonuniform_error,5,241,241,-0.02064238604106474,-0.02038239195818136,0.21991701244813278
llava_1_5_7b,all,gain_nonuniform_error,6,241,241,0.007441996275375264,0.008076926244034707,0.6639004149377593
llava_1_5_7b,all,gain_nonuniform_error,7,241,241,0.017342816913588213,0.0172270487019979,0.7344398340248963
llava_1_5_7b,all,gain_nonuniform_error,8,241,241,0.008058020172811856,0.00820986858279496,0.6887966804979253
llava_1_5_7b,all,gain_nonuniform_error,9,241,241,0.004838444621329864,0.002848725585776146,0.5933609958506224
llava_1_5_7b,all,gain_nonuniform_error,10,241,241,-0.0006426543124660967,-0.0019107222544200095,0.43568464730290457
llava_1_5_7b,all,gain_nonuniform_error,11,241,241,0.0006931327752375254,0.0011900268330401753,0.5352697095435685
llava_1_5_7b,all,gain_nonuniform_error,12,241,241,0.0019370009124405772,0.0018190877283694729,0.5352697095435685
llava_1_5_7b,all,gain_nonuniform_error,13,241,241,0.005264544512681058,0.0026424462018641015,0.5767634854771784
llava_1_5_7b,all,gain_nonuniform_error,14,241,241,0.005658326886491388,0.006162443674438731,0.5850622406639004
llava_1_5_7b,all,gain_nonuniform_error,15,241,241,0.008790062503626263,0.007770207373044166,0.6058091286307054
llava_1_5_7b,all,gain_nonuniform_error,16,241,241,0.012012187921495889,0.009802693327135618,0.6804979253112033
llava_1_5_7b,all,gain_nonuniform_error,17,241,241,0.0022534927732268317,0.0013649258343184992,0.5394190871369294
llava_1_5_7b,all,gain_nonuniform_error,18,241,241,0.00213046716194206,0.0015841127389650059,0.5352697095435685
llava_1_5_7b,all,gain_nonuniform_error,19,241,241,-0.0013991259527891167,-0.001676722065245509,0.46473029045643155
llava_1_5_7b,all,gain_nonuniform_error,20,241,241,0.0004468754313668248,-0.0015643389620423956,0.46473029045643155
llava_1_5_7b,all,gain_nonuniform_error,21,241,241,-0.004276506297358441,-0.006597196653073581,0.3941908713692946
llava_1_5_7b,all,gain_nonuniform_error,22,241,241,-0.004911183789898815,-0.003885654591149052,0.33195020746887965
llava_1_5_7b,all,gain_nonuniform_error,23,241,241,-0.003229832263088706,-0.003538017714734224,0.3941908713692946
llava_1_5_7b,all,gain_nonuniform_error,24,241,241,0.0006801211140995384,-0.0015636784385943403,0.4315352697095436
llava_1_5_7b,all,gain_nonuniform_error,25,241,241,-0.005116652023126107,-0.001978045217258112,0.45643153526970953
llava_1_5_7b,all,gain_nonuniform_error,26,241,241,-0.003748335420201709,-0.001504714561901939,0.45228215767634855
llava_1_5_7b,all,gain_nonuniform_error,27,241,241,-0.001584905156370363,-0.004357710242811064,0.3900414937759336
llava_1_5_7b,all,gain_nonuniform_error,28,241,241,-0.0012274829435560827,-0.00176099380105613,0.4149377593360996
llava_1_5_7b,all,gain_nonuniform_error,29,241,241,-0.0021913520675664595,-0.001423080357414487,0.4730290456431535
llava_1_5_7b,all,gain_nonuniform_error,30,241,241,-0.006013453344870987,-0.007961867808735423,0.35269709543568467
llava_1_5_7b,all,gain_nonuniform_error,31,241,241,-0.0015174211243456205,0.00013237586261451162,0.5020746887966805
llava_1_5_7b,all,gain_nonuniform_error,32,241,241,-0.017995483171378814,-0.013119823523392915,0.2946058091286307
llava_1_5_7b,train,cos_mean,1,196,196,-0.03153176436825522,-0.0428461293161469,0.3469387755102041
llava_1_5_7b,train,cos_mean,2,196,196,0.012475475414712835,0.012032781733240738,0.6479591836734694
llava_1_5_7b,train,cos_mean,3,196,196,-0.011412921982314273,-0.012026991299769307,0.2857142857142857
llava_1_5_7b,train,cos_mean,4,196,196,7.252549959666069e-05,-0.0009159560691311408,0.49489795918367346
llava_1_5_7b,train,cos_mean,5,196,196,0.0030928634757165304,0.003882236578243048,0.5408163265306123
llava_1_5_7b,train,cos_mean,6,196,196,-0.009335939166297151,-0.00897516554956651,0.34183673469387754
llava_1_5_7b,train,cos_mean,7,196,196,-0.0031632926664188375,-0.005536923515758241,0.4336734693877551
llava_1_5_7b,train,cos_mean,8,196,196,-0.0067785977282634234,-0.010170651825050003,0.37755102040816324
llava_1_5_7b,train,cos_mean,9,196,196,-0.02270826412480879,-0.024523954673592585,0.22959183673469388
llava_1_5_7b,train,cos_mean,10,196,196,-0.003975174529950375,-0.0074514148840939265,0.3877551020408163
llava_1_5_7b,train,cos_mean,11,196,196,-0.005433347768223584,-0.006938362623461453,0.3877551020408163
llava_1_5_7b,train,cos_mean,12,196,196,0.007276657739675833,0.0015366613897235815,0.5408163265306123
llava_1_5_7b,train,cos_mean,13,196,196,0.005526361631702155,0.004772823666118892,0.5459183673469388
llava_1_5_7b,train,cos_mean,14,196,196,0.003778915236676495,0.0004960430022846185,0.5051020408163265
llava_1_5_7b,train,cos_mean,15,196,196,0.018522079911921417,0.01941342604901969,0.7397959183673469
llava_1_5_7b,train,cos_mean,16,196,196,0.02517531011750946,0.018997870164134373,0.7244897959183674
llava_1_5_7b,train,cos_mean,17,196,196,0.001050926933615562,-0.000992704950880996,0.4846938775510204
llava_1_5_7b,train,cos_mean,18,196,196,0.0039651108412789154,0.0028867337727273706,0.5612244897959183
llava_1_5_7b,train,cos_mean,19,196,196,0.010048406669791779,0.008295041103842549,0.6071428571428571
llava_1_5_7b,train,cos_mean,20,196,196,-0.004417250019618187,-0.006248108716346457,0.40816326530612246
llava_1_5_7b,train,cos_mean,21,196,196,-0.013079743245610223,-0.013466758970861761,0.23979591836734693
llava_1_5_7b,train,cos_mean,22,196,196,-0.0024134244136797436,-0.0016128056031816593,0.40816326530612246
llava_1_5_7b,train,cos_mean,23,196,196,-0.015493726278610696,-0.01628826051321114,0.15816326530612246
llava_1_5_7b,train,cos_mean,24,196,196,-0.00493547851257384,-0.006640395811352295,0.25
llava_1_5_7b,train,cos_mean,25,196,196,-0.0005899039539701793,-0.0005845626264681832,0.4744897959183674
llava_1_5_7b,train,cos_mean,26,196,196,-0.0014890704646070218,-0.0027256225908475814,0.4387755102040816
llava_1_5_7b,train,cos_mean,27,196,196,-0.0032325389036699553,-0.0035434957805622084,0.33163265306122447
llava_1_5_7b,train,cos_mean,28,196,196,0.007142179332232254,0.008558582444582432,0.7653061224489796
llava_1_5_7b,train,cos_mean,29,196,196,0.009505327803604222,0.010609508001554083,0.6836734693877551
llava_1_5_7b,train,cos_mean,30,196,196,0.0033997793576565605,0.003925958572619105,0.5612244897959183
llava_1_5_7b,train,cos_mean,31,196,196,0.0036338693099805643,0.004120001888552987,0.6173469387755102
llava_1_5_7b,train,cos_mean,32,196,196,-0.016243831376268246,-0.017401996505193043,0.336734693877551
llava_1_5_7b,train,parallel_gain_mean,1,196,196,-0.02542452503731432,-0.027275469194290324,0.42857142857142855
llava_1_5_7b,train,parallel_gain_mean,2,196,196,0.0018191535017037573,0.0030108366247301663,0.576530612244898
llava_1_5_7b,train,parallel_gain_mean,3,196,196,-0.007963971044355858,-0.007676349688106883,0.2602040816326531
llava_1_5_7b,train,parallel_gain_mean,4,196,196,0.0032915967614588764,0.002573775779822346,0.5408163265306123
llava_1_5_7b,train,parallel_gain_mean,5,196,196,0.0092487111177081,0.00899093827537735,0.7091836734693877
llava_1_5_7b,train,parallel_gain_mean,6,196,196,0.002972326864223797,0.0013501037624823325,0.5255102040816326
llava_1_5_7b,train,parallel_gain_mean,7,196,196,0.010817692049984121,0.011655068005713531,0.6785714285714286
llava_1_5_7b,train,parallel_gain_mean,8,196,196,-0.008844667893319494,-0.009414976597154123,0.3979591836734694
llava_1_5_7b,train,parallel_gain_mean,9,196,196,-0.014725480828612069,-0.016570191984500063,0.2653061224489796
llava_1_5_7b,train,parallel_gain_mean,10,196,196,-0.004607914964379267,-0.0049971219384355725,0.39285714285714285
llava_1_5_7b,train,parallel_gain_mean,11,196,196,-0.005455970435870682,-0.006601384935038174,0.35714285714285715
llava_1_5_7b,train,parallel_gain_mean,12,196,196,-9.339751490084307e-05,-0.003248437297023718,0.42857142857142855
llava_1_5_7b,train,parallel_gain_mean,13,196,196,-0.0064797179168400625,-0.007118730158910194,0.37244897959183676
llava_1_5_7b,train,parallel_gain_mean,14,196,196,-0.0007747742895827118,-0.0013463601246933021,0.45918367346938777
llava_1_5_7b,train,parallel_gain_mean,15,196,196,0.008037260431610085,0.008571829619170523,0.6836734693877551
llava_1_5_7b,train,parallel_gain_mean,16,196,196,0.008086317159974545,0.006102844811057523,0.6173469387755102
llava_1_5_7b,train,parallel_gain_mean,17,196,196,0.00272681239887437,0.0030624121070409738,0.5663265306122449
llava_1_5_7b,train,parallel_gain_mean,18,196,196,0.00195656518052788,0.002058140998372017,0.5816326530612245
llava_1_5_7b,train,parallel_gain_mean,19,196,196,0.0049964501686777735,0.004714601206150963,0.6632653061224489
llava_1_5_7b,train,parallel_gain_mean,20,196,196,-0.0008553532465266237,-0.0007652956668550738,0.4744897959183674
llava_1_5_7b,train,parallel_gain_mean,21,196,196,-0.004000640361376955,-0.00416594198715824,0.29591836734693877
llava_1_5_7b,train,parallel_gain_mean,22,196,196,-0.000335353918899786,-0.0003292051118910528,0.45918367346938777
llava_1_5_7b,train,parallel_gain_mean,23,196,196,-0.0034037320421782774,-0.0035747763483197203,0.1989795918367347
llava_1_5_7b,train,parallel_gain_mean,24,196,196,-0.0013623257156068682,-0.0017284689755092892,0.29081632653061223
llava_1_5_7b,train,parallel_gain_mean,25,196,196,0.00015089594417859976,1.34258433846326e-05,0.5102040816326531
llava_1_5_7b,train,parallel_gain_mean,26,196,196,-0.0002948894969627177,-0.0007075024246816696,0.45408163265306123
llava_1_5_7b,train,parallel_gain_mean,27,196,196,-0.0008438788019173295,-0.0008128643119975552,0.336734693877551
llava_1_5_7b,train,parallel_gain_mean,28,196,196,0.0017726282785113612,0.0021176158267239885,0.7602040816326531
llava_1_5_7b,train,parallel_gain_mean,29,196,196,0.0023791637279913674,0.002576414680345221,0.6938775510204082
llava_1_5_7b,train,parallel_gain_mean,30,196,196,0.0010422459217784927,0.0009825348683732706,0.5714285714285714
llava_1_5_7b,train,parallel_gain_mean,31,196,196,0.0013059633508774849,0.001358012531419688,0.6122448979591837
llava_1_5_7b,train,parallel_gain_mean,32,196,196,-0.033648768868149395,-0.031175498448658995,0.3163265306122449
llava_1_5_7b,train,parallel_gain_median,1,196,196,-0.03771529332906548,-0.03856096859388485,0.40816326530612246
llava_1_5_7b,train,parallel_gain_median,2,196,196,0.002253570218683076,0.0029687235897595185,0.5816326530612245
llava_1_5_7b,train,parallel_gain_median,3,196,196,-0.005595039408626913,-0.005536319690514983,0.3112244897959184
llava_1_5_7b,train,parallel_gain_median,4,196,196,0.004247329128111598,0.00460794347788325,0.5561224489795918
llava_1_5_7b,train,parallel_gain_median,5,196,196,0.009717102496024132,0.008014476709939267,0.7193877551020408
llava_1_5_7b,train,parallel_gain_median,6,196,196,0.0022215463376824545,0.0002492133401090779,0.5204081632653061
llava_1_5_7b,train,parallel_gain_median,7,196,196,0.014313807377239793,0.015328899643057808,0.7295918367346939
llava_1_5_7b,train,parallel_gain_median,8,196,196,-0.011780075623297045,-0.011545996971386335,0.3673469387755102
llava_1_5_7b,train,parallel_gain_median,9,196,196,-0.012670936964681896,-0.01496977472709314,0.29591836734693877
llava_1_5_7b,train,parallel_gain_median,10,196,196,-0.004964981615727645,-0.005405751899037289,0.3622448979591837
llava_1_5_7b,train,parallel_gain_median,11,196,196,-0.004964208554826117,-0.006016145550890334,0.3469387755102041
llava_1_5_7b,train,parallel_gain_median,12,196,196,-0.004294263752870943,-0.007441711375599555,0.3469387755102041
llava_1_5_7b,train,parallel_gain_median,13,196,196,-0.007428088040907493,-0.00827667607679955,0.35714285714285715
llava_1_5_7b,train,parallel_gain_median,14,196,196,-0.0004938680372721071,-0.000816164076399048,0.4897959183673469
llava_1_5_7b,train,parallel_gain_median,15,196,196,0.005859354974147012,0.006172740821304437,0.6428571428571429
llava_1_5_7b,train,parallel_gain_median,16,196,196,0.005587816127589021,0.004583065944978426,0.5714285714285714
llava_1_5_7b,train,parallel_gain_median,17,196,196,0.0027801885556233636,0.002913265459983244,0.5612244897959183
llava_1_5_7b,train,parallel_gain_median,18,196,196,0.0014207327794859457,0.0014717883969340775,0.5612244897959183
llava_1_5_7b,train,parallel_gain_median,19,196,196,0.004258804431095448,0.0034485034419698968,0.6428571428571429
llava_1_5_7b,train,parallel_gain_median,20,196,196,-0.0010786042503516354,-0.0011810342647399948,0.4489795918367347
llava_1_5_7b,train,parallel_gain_median,21,196,196,-0.0027450374959950966,-0.002877674153847428,0.3469387755102041
llava_1_5_7b,train,parallel_gain_median,22,196,196,-0.0005013121842797829,-0.0004102194723355091,0.4336734693877551
llava_1_5_7b,train,parallel_gain_median,23,196,196,-0.0027616717709737925,-0.0029360634623459203,0.20408163265306123
llava_1_5_7b,train,parallel_gain_median,24,196,196,-0.00017870476776406943,-0.00016568588602011106,0.47959183673469385
llava_1_5_7b,train,parallel_gain_median,25,196,196,-0.00023994974890204182,-0.0002639302386363033,0.41836734693877553
llava_1_5_7b,train,parallel_gain_median,26,196,196,8.930842167889358e-05,-0.00026624369741493515,0.45408163265306123
llava_1_5_7b,train,parallel_gain_median,27,196,196,-0.0003982366958325351,-0.0004943671152714555,0.3826530612244898
llava_1_5_7b,train,parallel_gain_median,28,196,196,0.0016868433106182626,0.0019494967908965254,0.7806122448979592
llava_1_5_7b,train,parallel_gain_median,29,196,196,0.0020387892557993973,0.0024499793999846085,0.7091836734693877
llava_1_5_7b,train,parallel_gain_median,30,196,196,0.000513923201109419,0.0006531068263346839,0.5510204081632653
llava_1_5_7b,train,parallel_gain_median,31,196,196,0.0020847735988421723,0.0024078026002268484,0.6581632653061225
llava_1_5_7b,train,parallel_gain_median,32,196,196,-0.037151804359522485,-0.02723706587009329,0.30612244897959184
llava_1_5_7b,train,parallel_gain_std,1,196,196,-0.041492408553932277,-0.04162797576693576,0.37244897959183676
llava_1_5_7b,train,parallel_gain_std,2,196,196,-0.00739167313614794,-0.007455054774848285,0.25510204081632654
llava_1_5_7b,train,parallel_gain_std,3,196,196,0.004442357128267767,0.0041600679402722,0.7346938775510204
llava_1_5_7b,train,parallel_gain_std,4,196,196,0.00458595443657416,0.004613632498101178,0.6428571428571429
llava_1_5_7b,train,parallel_gain_std,5,196,196,-0.007447989663839115,-0.00832481284934421,0.19387755102040816
llava_1_5_7b,train,parallel_gain_std,6,196,196,0.002236207871849112,0.0025963913684694216,0.6581632653061225
llava_1_5_7b,train,parallel_gain_std,7,196,196,-0.0007121668885567685,-0.0015305964018929863,0.4336734693877551
llava_1_5_7b,train,parallel_gain_std,8,196,196,0.003630477324709042,0.003335962778614185,0.6428571428571429
llava_1_5_7b,train,parallel_gain_std,9,196,196,-0.0006699154068845665,-0.001451975154719596,0.41836734693877553
llava_1_5_7b,train,parallel_gain_std,10,196,196,0.0012770617425358999,0.0011147925511782383,0.5969387755102041
llava_1_5_7b,train,parallel_gain_std,11,196,196,4.5009206370746964e-05,0.00047461120804316234,0.5255102040816326
llava_1_5_7b,train,parallel_gain_std,12,196,196,0.00518479209036643,0.004977458984141495,0.7346938775510204
llava_1_5_7b,train,parallel_gain_std,13,196,196,0.0026509031384275273,0.0021100316221281945,0.6887755102040817
llava_1_5_7b,train,parallel_gain_std,14,196,196,0.0032439586695001098,0.0030136868262420676,0.7448979591836735
llava_1_5_7b,train,parallel_gain_std,15,196,196,0.005572925206388823,0.00614390893056815,0.8163265306122449
llava_1_5_7b,train,parallel_gain_std,16,196,196,0.002941076922112768,0.002930769362737215,0.6275510204081632
llava_1_5_7b,train,parallel_gain_std,17,196,196,-0.0017689537929608356,-0.0014936424990855818,0.3520408163265306
llava_1_5_7b,train,parallel_gain_std,18,196,196,0.0009587897428032474,0.0008514600166174297,0.6122448979591837
llava_1_5_7b,train,parallel_gain_std,19,196,196,-0.00249185650836322,-0.0025300702708429927,0.35714285714285715
llava_1_5_7b,train,parallel_gain_std,20,196,196,0.00036075360177137417,3.816823370322332e-05,0.5
llava_1_5_7b,train,parallel_gain_std,21,196,196,-0.0026813603500667853,-0.0023786533980572535,0.3112244897959184
llava_1_5_7b,train,parallel_gain_std,22,196,196,-0.0012898881798254576,-0.0012943380788518286,0.2857142857142857
llava_1_5_7b,train,parallel_gain_std,23,196,196,-0.0025536439656345597,-0.0028023189411179074,0.23469387755102042
llava_1_5_7b,train,parallel_gain_std,24,196,196,0.0027343370006359976,0.0021584834009472894,0.7704081632653061
llava_1_5_7b,train,parallel_gain_std,25,196,196,-0.0012763647896475558,-0.0005494402901001349,0.39285714285714285
llava_1_5_7b,train,parallel_gain_std,26,196,196,-0.0019373181983040684,-0.0014288139761010135,0.3673469387755102
llava_1_5_7b,train,parallel_gain_std,27,196,196,0.000153406243048291,-0.000372012943427983,0.42857142857142855
llava_1_5_7b,train,parallel_gain_std,28,196,196,-0.00017520450416972866,-0.00030349530020387476,0.44387755102040816
llava_1_5_7b,train,parallel_gain_std,29,196,196,0.00019942292873757612,-0.0004078390476711744,0.46938775510204084
llava_1_5_7b,train,parallel_gain_std,30,196,196,-0.0008926125743471887,-0.0009358010652056091,0.3163265306122449
llava_1_5_7b,train,parallel_gain_std,31,196,196,0.001173767342216639,0.0008351511055705793,0.6020408163265306
llava_1_5_7b,train,parallel_gain_std,32,196,196,-0.011512402926919931,-0.008368323581958215,0.3877551020408163
llava_1_5_7b,train,orthogonal_ratio_mean,1,196,196,-0.00275034938825688,-0.002529266963843535,0.4336734693877551
llava_1_5_7b,train,orthogonal_ratio_mean,2,196,196,0.0026162158069935617,0.0024668975474975707,0.7397959183673469
llava_1_5_7b,train,orthogonal_ratio_mean,3,196,196,-0.0025967727738758204,-0.0031014980905343936,0.2755102040816326
llava_1_5_7b,train,orthogonal_ratio_mean,4,196,196,-0.0004031876261915401,-0.0010336654976526582,0.46938775510204084
llava_1_5_7b,train,orthogonal_ratio_mean,5,196,196,0.0012125973402397371,0.0013444024973027768,0.5714285714285714
llava_1_5_7b,train,orthogonal_ratio_mean,6,196,196,-0.003851654136846636,-0.004234250547500096,0.34183673469387754
llava_1_5_7b,train,orthogonal_ratio_mean,7,196,196,-0.0011647016429598693,-0.0019487274068538674,0.4387755102040816
llava_1_5_7b,train,orthogonal_ratio_mean,8,196,196,-0.0030445193368638063,-0.0048557369224713764,0.37755102040816324
llava_1_5_7b,train,orthogonal_ratio_mean,9,196,196,-0.009702058844476984,-0.010781388769283917,0.21428571428571427
llava_1_5_7b,train,orthogonal_ratio_mean,10,196,196,-0.0018579054742046703,-0.003032854197707213,0.3877551020408163
llava_1_5_7b,train,orthogonal_ratio_mean,11,196,196,-0.0025162510339438397,-0.0030276217828034135,0.39285714285714285
llava_1_5_7b,train,orthogonal_ratio_mean,12,196,196,0.002567868560456125,0.0004179907971178509,0.5204081632653061
llava_1_5_7b,train,orthogonal_ratio_mean,13,196,196,0.0024725844065104662,0.0016834506172365704,0.5510204081632653
llava_1_5_7b,train,orthogonal_ratio_mean,14,196,196,0.0018010392155886844,0.0003506668809310498,0.5204081632653061
llava_1_5_7b,train,orthogonal_ratio_mean,15,196,196,0.006460146422280903,0.00640372225058361,0.7295918367346939
llava_1_5_7b,train,orthogonal_ratio_mean,16,196,196,0.008398337856285144,0.006426437674900476,0.7193877551020408
llava_1_5_7b,train,orthogonal_ratio_mean,17,196,196,0.0004122679138403743,-5.358720162856878e-05,0.5
llava_1_5_7b,train,orthogonal_ratio_mean,18,196,196,0.0011498398563968785,0.0007516302007464781,0.5612244897959183
llava_1_5_7b,train,orthogonal_ratio_mean,19,196,196,0.0022817641907092352,0.001776077521530639,0.6479591836734694
llava_1_5_7b,train,orthogonal_ratio_mean,20,196,196,-0.0008296871917796372,-0.001019126023564465,0.4030612244897959
llava_1_5_7b,train,orthogonal_ratio_mean,21,196,196,-0.00127402719886234,-0.001361057463676263,0.2653061224489796
llava_1_5_7b,train,orthogonal_ratio_mean,22,196,196,-0.000127475236861775,-9.010985347845946e-05,0.44387755102040816
llava_1_5_7b,train,orthogonal_ratio_mean,23,196,196,0.00014313408471823297,5.91360943228425e-05,0.5357142857142857
llava_1_5_7b,train,orthogonal_ratio_mean,24,196,196,-0.00072153950061785,-0.0005418728795144601,0.20918367346938777
llava_1_5_7b,train,orthogonal_ratio_mean,25,196,196,0.0001122143152032359,7.271500625888327e-05,0.6224489795918368
llava_1_5_7b,train,orthogonal_ratio_mean,26,196,196,0.00019355259836756515,0.0001837521067916681,0.6122448979591837
llava_1_5_7b,train,orthogonal_ratio_mean,27,196,196,2.845112575091668e-05,6.116297811092908e-05,0.576530612244898
llava_1_5_7b,train,orthogonal_ratio_mean,28,196,196,-7.646485579645128e-06,9.485984679702408e-06,0.5204081632653061
llava_1_5_7b,train,orthogonal_ratio_mean,29,196,196,-8.584866344125833e-05,-8.875196071855829e-05,0.4336734693877551
llava_1_5_7b,train,orthogonal_ratio_mean,30,196,196,0.0001828854411715494,0.00021666627569733032,0.6377551020408163
llava_1_5_7b,train,orthogonal_ratio_mean,31,196,196,2.892333289037782e-05,6.745015811693289e-05,0.5459183673469388
llava_1_5_7b,train,orthogonal_ratio_mean,32,196,196,0.0020538232664477226,0.0020413580738724013,0.6887755102040817
llava_1_5_7b,train,orthogonal_ratio_median,1,196,196,-0.004244892492657677,-0.0030743033358784366,0.34183673469387754
llava_1_5_7b,train,orthogonal_ratio_median,2,196,196,0.002031946115594691,0.002058011561423323,0.7091836734693877
llava_1_5_7b,train,orthogonal_ratio_median,3,196,196,-0.0015658883619877448,-0.0015435911817325287,0.32653061224489793
llava_1_5_7b,train,orthogonal_ratio_median,4,196,196,-8.672762761494147e-05,2.261595285951712e-05,0.5
llava_1_5_7b,train,orthogonal_ratio_median,5,196,196,0.0010766478490089463,0.001248527883663586,0.5612244897959183
llava_1_5_7b,train,orthogonal_ratio_median,6,196,196,-0.0032445463029918816,-0.003103187117461992,0.336734693877551
llava_1_5_7b,train,orthogonal_ratio_median,7,196,196,-1.3009268437836352e-05,-0.0010225510948680405,0.4642857142857143
llava_1_5_7b,train,orthogonal_ratio_median,8,196,196,-0.004158055668839984,-0.005590094762990383,0.35714285714285715
llava_1_5_7b,train,orthogonal_ratio_median,9,196,196,-0.00905497159169497,-0.010385155160260062,0.23979591836734693
llava_1_5_7b,train,orthogonal_ratio_median,10,196,196,-0.0021937264198924754,-0.003239277715192168,0.3622448979591837
llava_1_5_7b,train,orthogonal_ratio_median,11,196,196,-0.0024551421415243526,-0.00310244259176784,0.3979591836734694
llava_1_5_7b,train,orthogonal_ratio_median,12,196,196,0.0010969077336434846,-0.0005259632038888129,0.47959183673469385
llava_1_5_7b,train,orthogonal_ratio_median,13,196,196,0.00170039950704645,0.0011092784697118718,0.5510204081632653
llava_1_5_7b,train,orthogonal_ratio_median,14,196,196,0.0015069972185292886,0.00022680468739511017,0.5153061224489796
llava_1_5_7b,train,orthogonal_ratio_median,15,196,196,0.006578011003622227,0.006476454911798102,0.7193877551020408
llava_1_5_7b,train,orthogonal_ratio_median,16,196,196,0.007931139993280663,0.006358469424055158,0.6989795918367347
llava_1_5_7b,train,orthogonal_ratio_median,17,196,196,3.671314409708348e-05,-0.0005930028147692612,0.45918367346938777
llava_1_5_7b,train,orthogonal_ratio_median,18,196,196,0.0011631966061140622,0.0008557451610372024,0.5459183673469388
llava_1_5_7b,train,orthogonal_ratio_median,19,196,196,0.0020211256661019318,0.0016952331445053148,0.6275510204081632
llava_1_5_7b,train,orthogonal_ratio_median,20,196,196,-0.0010504768222152191,-0.0011715249734080002,0.37755102040816324
llava_1_5_7b,train,orthogonal_ratio_median,21,196,196,-0.0014229874749950482,-0.0015307280729209838,0.2755102040816326
llava_1_5_7b,train,orthogonal_ratio_median,22,196,196,-0.00019301842921631387,-0.00010085100687590165,0.4387755102040816
llava_1_5_7b,train,orthogonal_ratio_median,23,196,196,-0.00017546836997520303,-0.00021004274537167467,0.3622448979591837
llava_1_5_7b,train,orthogonal_ratio_median,24,196,196,-0.00014779934494296937,-0.0001261464846302185,0.3520408163265306
llava_1_5_7b,train,orthogonal_ratio_median,25,196,196,-6.092864528852761e-07,-8.064824021103423e-06,0.46938775510204084
llava_1_5_7b,train,orthogonal_ratio_median,26,196,196,2.9488700148684912e-05,3.419068004106851e-05,0.5714285714285714
llava_1_5_7b,train,orthogonal_ratio_median,27,196,196,4.8862010783767726e-05,6.413819674699894e-05,0.6683673469387755
llava_1_5_7b,train,orthogonal_ratio_median,28,196,196,-3.4803388896076257e-05,-2.5344378352221142e-05,0.41836734693877553
llava_1_5_7b,train,orthogonal_ratio_median,29,196,196,-5.282016764163744e-05,1.1115116348492382e-05,0.5102040816326531
llava_1_5_7b,train,orthogonal_ratio_median,30,196,196,0.00010223786520945729,0.00013207098520534588,0.5969387755102041
llava_1_5_7b,train,orthogonal_ratio_median,31,196,196,-1.005252017937199e-06,2.2731768385464424e-05,0.5459183673469388
llava_1_5_7b,train,orthogonal_ratio_median,32,196,196,0.0017728265245789037,0.0013185440641233503,0.7397959183673469
llava_1_5_7b,train,common_c,1,196,196,-0.033967139957977316,-0.0360705565155412,0.42857142857142855
llava_1_5_7b,train,common_c,2,196,196,-0.005464770531184417,-0.0037783848119103125,0.42346938775510207
llava_1_5_7b,train,common_c,3,196,196,-0.004161640593256659,-0.004686706901345428,0.3112244897959184
llava_1_5_7b,train,common_c,4,196,196,0.009834625911475652,0.012480244979544496,0.6989795918367347
llava_1_5_7b,train,common_c,5,196,196,0.005203718027466494,0.005331902778347483,0.5612244897959183
llava_1_5_7b,train,common_c,6,196,196,0.026605211741832595,0.022064717306027076,0.8010204081632653
llava_1_5_7b,train,common_c,7,196,196,0.025830136760151258,0.027106751471690796,0.7551020408163265
llava_1_5_7b,train,common_c,8,196,196,0.008975090807557186,0.008790499249939063,0.5918367346938775
llava_1_5_7b,train,common_c,9,196,196,-0.011429880148758497,-0.013647156812045619,0.336734693877551
llava_1_5_7b,train,common_c,10,196,196,0.001664693136741801,0.0005539344363191256,0.5102040816326531
llava_1_5_7b,train,common_c,11,196,196,-0.009393636180017465,-0.008345346960391159,0.3622448979591837
llava_1_5_7b,train,common_c,12,196,196,0.026011588395480113,0.02630943594103663,0.7448979591836735
llava_1_5_7b,train,common_c,13,196,196,0.00316623426310178,0.0031661902378961604,0.5459183673469388
llava_1_5_7b,train,common_c,14,196,196,-0.00043897017938820693,-0.0015330687804011173,0.4897959183673469
llava_1_5_7b,train,common_c,15,196,196,0.025107007209084226,0.021976313847460356,0.7602040816326531
llava_1_5_7b,train,common_c,16,196,196,0.011462709830289247,0.01074179611924403,0.673469387755102
llava_1_5_7b,train,common_c,17,196,196,0.0015911695188887659,0.0006883164949720993,0.5204081632653061
llava_1_5_7b,train,common_c,18,196,196,-0.009966552837305374,-0.00930477132258635,0.3010204081632653
llava_1_5_7b,train,common_c,19,196,196,0.016109680781135064,0.015087542973329048,0.7551020408163265
llava_1_5_7b,train,common_c,20,196,196,-0.0016970954332131238,-0.0012189561191741916,0.45918367346938777
llava_1_5_7b,train,common_c,21,196,196,-0.002208706169317098,-0.002680536430912487,0.4030612244897959
llava_1_5_7b,train,common_c,22,196,196,0.0019077329707694202,0.0019430798048463704,0.6020408163265306
llava_1_5_7b,train,common_c,23,196,196,0.0031235529877806215,-0.0006315726004383216,0.46938775510204084
llava_1_5_7b,train,common_c,24,196,196,0.0011886457250915932,0.0004632464124090232,0.5561224489795918
llava_1_5_7b,train,common_c,25,196,196,0.004667785886051291,0.0031864098571774864,0.6173469387755102
llava_1_5_7b,train,common_c,26,196,196,0.0018180240077981706,0.0011510459845861043,0.5510204081632653
llava_1_5_7b,train,common_c,27,196,196,-0.0009842346387559028,-0.0003646256919425142,0.4897959183673469
llava_1_5_7b,train,common_c,28,196,196,0.0007192640983490022,0.0009374928248579396,0.6173469387755102
llava_1_5_7b,train,common_c,29,196,196,0.0033895881990778673,0.0020219863425579017,0.5969387755102041
llava_1_5_7b,train,common_c,30,196,196,0.0011773120213898018,0.0032737488436159943,0.5867346938775511
llava_1_5_7b,train,common_c,31,196,196,-0.002220457363594119,-0.0023712186558901577,0.42346938775510207
llava_1_5_7b,train,common_c,32,196,196,0.008263314516523488,0.017104627924669276,0.6326530612244898
llava_1_5_7b,train,shared_scalar_error,1,196,196,-0.004464924100665204,-0.004748466774948001,0.4030612244897959
llava_1_5_7b,train,shared_scalar_error,2,196,196,0.001245587197444965,0.0014989868551192886,0.5612244897959183
llava_1_5_7b,train,shared_scalar_error,3,196,196,-0.00024093756764379141,-0.0002947497672564636,0.42346938775510207
llava_1_5_7b,train,shared_scalar_error,4,196,196,0.0018643199474728703,0.002900363817426199,0.6887755102040817
llava_1_5_7b,train,shared_scalar_error,5,196,196,9.471666350838634e-05,-0.0001698887306022523,0.4897959183673469
llava_1_5_7b,train,shared_scalar_error,6,196,196,0.005260819827702953,0.004316008488938261,0.7193877551020408
llava_1_5_7b,train,shared_scalar_error,7,196,196,-0.00011452239938166789,-0.0016333333697965968,0.4744897959183674
llava_1_5_7b,train,shared_scalar_error,8,196,196,-0.005301698661869297,-0.006059539651969925,0.3622448979591837
llava_1_5_7b,train,shared_scalar_error,9,196,196,-0.007121976511555369,-0.009495383481833819,0.29591836734693877
llava_1_5_7b,train,shared_scalar_error,10,196,196,-0.0023222791907953405,-0.0042784488802435905,0.4030612244897959
llava_1_5_7b,train,shared_scalar_error,11,196,196,-0.008517046504051273,-0.00724262793463315,0.23979591836734693
llava_1_5_7b,train,shared_scalar_error,12,196,196,0.00911893726849047,0.008219634334555803,0.6989795918367347
llava_1_5_7b,train,shared_scalar_error,13,196,196,0.0025163624666769916,0.0009805598131349402,0.5561224489795918
llava_1_5_7b,train,shared_scalar_error,14,196,196,0.0014477941978147198,0.0010247816453476943,0.5204081632653061
llava_1_5_7b,train,shared_scalar_error,15,196,196,0.008356540955743083,0.007167132139216159,0.6836734693877551
llava_1_5_7b,train,shared_scalar_error,16,196,196,0.009085207493476749,0.008123931984277966,0.7346938775510204
llava_1_5_7b,train,shared_scalar_error,17,196,196,-0.003569952760875774,-0.00429944941878585,0.3520408163265306
llava_1_5_7b,train,shared_scalar_error,18,196,196,-0.005163546418961791,-0.005872855120752585,0.30612244897959184
llava_1_5_7b,train,shared_scalar_error,19,196,196,0.003953314673574006,0.0035289278691968406,0.673469387755102
llava_1_5_7b,train,shared_scalar_error,20,196,196,-0.0013492494345753578,-0.0010753892057914216,0.4336734693877551
llava_1_5_7b,train,shared_scalar_error,21,196,196,-0.0002803627856558901,-0.00017669040595824637,0.4744897959183674
llava_1_5_7b,train,shared_scalar_error,22,196,196,0.0005688825818585105,0.0005403739177441413,0.6122448979591837
llava_1_5_7b,train,shared_scalar_error,23,196,196,0.000294328355056703,3.2948112039521416e-05,0.5153061224489796
llava_1_5_7b,train,shared_scalar_error,24,196,196,8.691337721691328e-06,2.8419693503922705e-05,0.5204081632653061
llava_1_5_7b,train,shared_scalar_error,25,196,196,0.0006837899640041246,0.00014008825398803548,0.6428571428571429
llava_1_5_7b,train,shared_scalar_error,26,196,196,0.00036591398659443087,4.5197134403707206e-05,0.5816326530612245
llava_1_5_7b,train,shared_scalar_error,27,196,196,-0.0001044538653045965,0.0002109584891673011,0.7040816326530612
llava_1_5_7b,train,shared_scalar_error,28,196,196,1.9792380994112445e-05,1.3709670192763035e-05,0.5153061224489796
llava_1_5_7b,train,shared_scalar_error,29,196,196,0.0008921178237511105,-9.392722519763197e-06,0.49489795918367346
llava_1_5_7b,train,shared_scalar_error,30,196,196,-0.00018828401311732923,0.000141324600727466,0.5459183673469388
llava_1_5_7b,train,shared_scalar_error,31,196,196,-4.020358443113613e-05,0.00012134763876214816,0.5255102040816326
llava_1_5_7b,train,shared_scalar_error,32,196,196,0.00021206853423947697,0.00016603661228709043,0.5459183673469388
llava_1_5_7b,train,individual_scalar_error,1,196,196,-0.002553873426331174,-0.0008948635528196469,0.46938775510204084
llava_1_5_7b,train,individual_scalar_error,2,196,196,0.0017859717387105878,0.0019568801701548844,0.5969387755102041
llava_1_5_7b,train,individual_scalar_error,3,196,196,-0.0001499800861759793,-0.00014140092536624183,0.45408163265306123
llava_1_5_7b,train,individual_scalar_error,4,196,196,0.0026641969678577516,0.0031573633789049316,0.6989795918367347
llava_1_5_7b,train,individual_scalar_error,5,196,196,0.0018952014791625243,0.0013978102392089298,0.5816326530612245
llava_1_5_7b,train,individual_scalar_error,6,196,196,0.004670016787995736,0.0038182562381027796,0.7040816326530612
llava_1_5_7b,train,individual_scalar_error,7,196,196,-0.001929643330952004,-0.0028557985517064233,0.42346938775510207
llava_1_5_7b,train,individual_scalar_error,8,196,196,-0.005818615570521289,-0.007078583470557287,0.336734693877551
llava_1_5_7b,train,individual_scalar_error,9,196,196,-0.0074521750570754304,-0.010137869730853566,0.2857142857142857
llava_1_5_7b,train,individual_scalar_error,10,196,196,-0.0022660044741904597,-0.004002477669611038,0.39285714285714285
llava_1_5_7b,train,individual_scalar_error,11,196,196,-0.008548676951213538,-0.007372827780909141,0.25510204081632654
llava_1_5_7b,train,individual_scalar_error,12,196,196,0.008988419694960842,0.008183228063181558,0.6938775510204082
llava_1_5_7b,train,individual_scalar_error,13,196,196,0.002178706217726586,0.0010735131837111278,0.5306122448979592
llava_1_5_7b,train,individual_scalar_error,14,196,196,0.0009779804846123646,0.0007115063691676693,0.5051020408163265
llava_1_5_7b,train,individual_scalar_error,15,196,196,0.007579794865644649,0.00693215697820293,0.6632653061224489
llava_1_5_7b,train,individual_scalar_error,16,196,196,0.00827055459921104,0.007598532070997144,0.7142857142857143
llava_1_5_7b,train,individual_scalar_error,17,196,196,-0.0036634844184366896,-0.004452976155742472,0.336734693877551
llava_1_5_7b,train,individual_scalar_error,18,196,196,-0.005324630038310681,-0.00623275027099518,0.3010204081632653
llava_1_5_7b,train,individual_scalar_error,19,196,196,0.00398519894643518,0.0036090636722085345,0.6428571428571429
llava_1_5_7b,train,individual_scalar_error,20,196,196,-0.0014690134889945635,-0.001079205301407704,0.45918367346938777
llava_1_5_7b,train,individual_scalar_error,21,196,196,-9.73346442024974e-05,-0.0001764843172230024,0.4846938775510204
llava_1_5_7b,train,individual_scalar_error,22,196,196,0.0007414903039323572,0.0005217581165057883,0.6122448979591837
llava_1_5_7b,train,individual_scalar_error,23,196,196,0.0004153445381885918,0.00010706810423832813,0.5255102040816326
llava_1_5_7b,train,individual_scalar_error,24,196,196,-0.00010595844534466771,2.9097565302005357e-05,0.5204081632653061
llava_1_5_7b,train,individual_scalar_error,25,196,196,0.0012363426570529356,0.0003083231331545977,0.6020408163265306
llava_1_5_7b,train,individual_scalar_error,26,196,196,0.000721533244510239,0.00012152090341560617,0.5561224489795918
llava_1_5_7b,train,individual_scalar_error,27,196,196,-0.00026030306987042664,0.000427293533392048,0.6581632653061225
llava_1_5_7b,train,individual_scalar_error,28,196,196,6.19407961700835e-05,5.3744283536327764e-05,0.5714285714285714
llava_1_5_7b,train,individual_scalar_error,29,196,196,0.0010298035115904013,0.0001618176892074219,0.5408163265306123
llava_1_5_7b,train,individual_scalar_error,30,196,196,5.3483142659090754e-05,0.0006953435449014167,0.6224489795918368
llava_1_5_7b,train,individual_scalar_error,31,196,196,4.036897389089291e-05,-4.3723478156842965e-05,0.4897959183673469
llava_1_5_7b,train,individual_scalar_error,32,196,196,0.003348623420475498,0.0027916301227914886,0.7040816326530612
llava_1_5_7b,train,gain_nonuniform_error,1,196,196,-0.013614537666405236,-0.013487922259146287,0.3622448979591837
llava_1_5_7b,train,gain_nonuniform_error,2,196,196,-0.007913637643770932,-0.00805670816728864,0.25
llava_1_5_7b,train,gain_nonuniform_error,3,196,196,-0.0018381133132728976,-0.002086948972195548,0.40816326530612246
llava_1_5_7b,train,gain_nonuniform_error,4,196,196,-0.011924165901502668,-0.010819256225812372,0.2653061224489796
llava_1_5_7b,train,gain_nonuniform_error,5,196,196,-0.019789606115583426,-0.019097111639468735,0.22959183673469388
llava_1_5_7b,train,gain_nonuniform_error,6,196,196,0.006825828485341408,0.00770638723358618,0.6581632653061225
llava_1_5_7b,train,gain_nonuniform_error,7,196,196,0.017450974857721117,0.018432798967958006,0.7346938775510204
llava_1_5_7b,train,gain_nonuniform_error,8,196,196,0.00742873612812178,0.008958457310267738,0.6938775510204082
llava_1_5_7b,train,gain_nonuniform_error,9,196,196,0.005517307553627092,0.003337257596157238,0.6071428571428571
llava_1_5_7b,train,gain_nonuniform_error,10,196,196,-0.0008044991988936324,-0.0014426821398696565,0.4387755102040816
llava_1_5_7b,train,gain_nonuniform_error,11,196,196,0.0005260434220487562,0.0011680868491770885,0.5255102040816326
llava_1_5_7b,train,gain_nonuniform_error,12,196,196,0.002052612137078233,0.003030996499828277,0.5510204081632653
llava_1_5_7b,train,gain_nonuniform_error,13,196,196,0.004507282701200881,0.002387861064986816,0.5663265306122449
llava_1_5_7b,train,gain_nonuniform_error,14,196,196,0.00556561874700601,0.006149254713170637,0.576530612244898
llava_1_5_7b,train,gain_nonuniform_error,15,196,196,0.00984159652160419,0.008663258757921205,0.6275510204081632
llava_1_5_7b,train,gain_nonuniform_error,16,196,196,0.011433942177333857,0.00960350140247368,0.6632653061224489
llava_1_5_7b,train,gain_nonuniform_error,17,196,196,0.002438012392522364,0.0014007849594578937,0.5408163265306123
llava_1_5_7b,train,gain_nonuniform_error,18,196,196,0.002177370937969965,0.001574531473303737,0.5408163265306123
llava_1_5_7b,train,gain_nonuniform_error,19,196,196,-5.196645378685282e-05,-0.0011864399598756625,0.47959183673469385
llava_1_5_7b,train,gain_nonuniform_error,20,196,196,0.0011793473948521036,-0.0007498617081400163,0.47959183673469385
llava_1_5_7b,train,gain_nonuniform_error,21,196,196,-0.004641080122284397,-0.007495331531492459,0.37755102040816324
llava_1_5_7b,train,gain_nonuniform_error,22,196,196,-0.004069324246087885,-0.0034814119554823567,0.3469387755102041
llava_1_5_7b,train,gain_nonuniform_error,23,196,196,-0.0029060155201356664,-0.0028147160216415654,0.41836734693877553
llava_1_5_7b,train,gain_nonuniform_error,24,196,196,0.0006922072838678175,-0.0015188912688350433,0.4336734693877551
llava_1_5_7b,train,gain_nonuniform_error,25,196,196,-0.004590119187826128,-0.0014490019427706724,0.45918367346938777
llava_1_5_7b,train,gain_nonuniform_error,26,196,196,-0.0023253860076193266,-0.0013572920742385142,0.45408163265306123
llava_1_5_7b,train,gain_nonuniform_error,27,196,196,-0.0020006664939899144,-0.00448555426861931,0.37755102040816324
llava_1_5_7b,train,gain_nonuniform_error,28,196,196,-0.000780580039943483,-0.000856679994670739,0.4387755102040816
llava_1_5_7b,train,gain_nonuniform_error,29,196,196,-0.0030998172638925033,-0.0022073771220480695,0.4489795918367347
llava_1_5_7b,train,gain_nonuniform_error,30,196,196,-0.004562857503032259,-0.006341147019049562,0.3826530612244898
llava_1_5_7b,train,gain_nonuniform_error,31,196,196,-0.00026418239345312144,0.0012793523599177598,0.5102040816326531
llava_1_5_7b,train,gain_nonuniform_error,32,196,196,-0.018450474683465234,-0.01360451511300783,0.29591836734693877
llava_1_5_7b,test,cos_mean,1,45,45,-0.04932994421968344,-0.05870370826042088,0.35555555555555557
llava_1_5_7b,test,cos_mean,2,45,45,0.013920620829785643,0.017613045435023705,0.7111111111111111
llava_1_5_7b,test,cos_mean,3,45,45,-0.015056674955347245,-0.018036637437978287,0.3333333333333333
llava_1_5_7b,test,cos_mean,4,45,45,-0.005793773824183769,-0.005429509848707104,0.35555555555555557
llava_1_5_7b,test,cos_mean,5,45,45,0.004416235127396332,0.003605075077050268,0.5555555555555556
llava_1_5_7b,test,cos_mean,6,45,45,-0.01833853789465788,-0.015441953152831978,0.26666666666666666
llava_1_5_7b,test,cos_mean,7,45,45,-0.011977747995904633,-0.010671489785804789,0.3333333333333333
llava_1_5_7b,test,cos_mean,8,45,45,-0.01331546099918183,-0.014579321257770061,0.3111111111111111
llava_1_5_7b,test,cos_mean,9,45,45,-0.028397921397599803,-0.018251132168289663,0.2
llava_1_5_7b,test,cos_mean,10,45,45,-0.0072424160950714704,-0.003874830332481205,0.4
llava_1_5_7b,test,cos_mean,11,45,45,-0.01045211150953853,-0.00843539517976477,0.4
llava_1_5_7b,test,cos_mean,12,45,45,0.010207949374441196,0.004107454520029363,0.5777777777777777
llava_1_5_7b,test,cos_mean,13,45,45,0.0033965590898495652,0.004378633252862474,0.5111111111111111
llava_1_5_7b,test,cos_mean,14,45,45,0.0032475650133641804,0.00011576353831010966,0.5111111111111111
llava_1_5_7b,test,cos_mean,15,45,45,0.017740058843804307,0.01649975352661892,0.6888888888888889
llava_1_5_7b,test,cos_mean,16,45,45,0.021854275556137455,0.014794668557846669,0.7555555555555555
llava_1_5_7b,test,cos_mean,17,45,45,-0.005469497451248513,-0.009082548278901315,0.37777777777777777
llava_1_5_7b,test,cos_mean,18,45,45,0.0008163746827913727,0.0005144981827011619,0.5111111111111111
llava_1_5_7b,test,cos_mean,19,45,45,0.010889057435403311,0.005253619685432864,0.7111111111111111
llava_1_5_7b,test,cos_mean,20,45,45,-0.0029306305339086513,-0.005970810333800952,0.37777777777777777
llava_1_5_7b,test,cos_mean,21,45,45,-0.01051318999392795,-0.014466980648497468,0.28888888888888886
llava_1_5_7b,test,cos_mean,22,45,45,-0.0020421489302505013,-0.0027118270771569336,0.4
llava_1_5_7b,test,cos_mean,23,45,45,-0.020241364569031476,-0.01603677758077519,0.08888888888888889
llava_1_5_7b,test,cos_mean,24,45,45,-0.006210324458751356,-0.005253002538947997,0.37777777777777777
llava_1_5_7b,test,cos_mean,25,45,45,-0.0016608056812093162,-0.0020892768300863427,0.4222222222222222
llava_1_5_7b,test,cos_mean,26,45,45,-0.003615921089487067,-0.0034282516798985196,0.4444444444444444
llava_1_5_7b,test,cos_mean,27,45,45,-0.0060689698560596975,-0.005077426257644514,0.28888888888888886
llava_1_5_7b,test,cos_mean,28,45,45,0.00800493778915921,0.010432548759202593,0.8
llava_1_5_7b,test,cos_mean,29,45,45,0.013606287027644898,0.0128973993407005,0.8
llava_1_5_7b,test,cos_mean,30,45,45,0.0008983583261198447,-0.0006066582564459282,0.4888888888888889
llava_1_5_7b,test,cos_mean,31,45,45,9.012321725410365e-05,0.0013044690614012525,0.5111111111111111
llava_1_5_7b,test,cos_mean,32,45,45,-0.019535520838826186,-0.018079368933367992,0.3111111111111111
llava_1_5_7b,test,parallel_gain_mean,1,45,45,-0.048826217936848326,-0.05534159515151048,0.35555555555555557
llava_1_5_7b,test,parallel_gain_mean,2,45,45,0.0017967301774302678,0.005024954833064588,0.6666666666666666
llava_1_5_7b,test,parallel_gain_mean,3,45,45,-0.009025063939218281,-0.00791350702524149,0.2
llava_1_5_7b,test,parallel_gain_mean,4,45,45,0.000470187219241141,0.0006798495034850971,0.5111111111111111
llava_1_5_7b,test,parallel_gain_mean,5,45,45,0.013631225616655545,0.012291286001545748,0.8444444444444444
llava_1_5_7b,test,parallel_gain_mean,6,45,45,-0.0012560348441583886,-0.002452135534077804,0.4444444444444444
llava_1_5_7b,test,parallel_gain_mean,7,45,45,0.007549946713045816,0.009787737496796178,0.6444444444444445
llava_1_5_7b,test,parallel_gain_mean,8,45,45,-0.014046483745588126,-0.011521029565824403,0.37777777777777777
llava_1_5_7b,test,parallel_gain_mean,9,45,45,-0.019614576367468432,-0.01766511098446405,0.24444444444444444
llava_1_5_7b,test,parallel_gain_mean,10,45,45,-0.007601388425217179,-0.003045671576598463,0.4888888888888889
llava_1_5_7b,test,parallel_gain_mean,11,45,45,-0.011557320718696548,-0.008008809610649315,0.28888888888888886
llava_1_5_7b,test,parallel_gain_mean,12,45,45,0.0012753877051250256,-0.0008426369284603719,0.4666666666666667
llava_1_5_7b,test,parallel_gain_mean,13,45,45,-0.010073922060189637,-0.005482638994974615,0.28888888888888886
llava_1_5_7b,test,parallel_gain_mean,14,45,45,-0.0021390139896055277,0.0009931103093916704,0.5333333333333333
llava_1_5_7b,test,parallel_gain_mean,15,45,45,0.00786037756761039,0.006000951319918818,0.6444444444444445
llava_1_5_7b,test,parallel_gain_mean,16,45,45,0.006400928051201159,0.010117689509522465,0.6222222222222222
llava_1_5_7b,test,parallel_gain_mean,17,45,45,0.0009379210157276114,-3.62665094561232e-05,0.4888888888888889
llava_1_5_7b,test,parallel_gain_mean,18,45,45,0.00022824474271803305,-0.00019346172262978134,0.4666666666666667
llava_1_5_7b,test,parallel_gain_mean,19,45,45,0.0064687831576929295,0.004510908700325403,0.6888888888888889
llava_1_5_7b,test,parallel_gain_mean,20,45,45,-4.6046049015968495e-05,-0.0011130434279181672,0.4444444444444444
llava_1_5_7b,test,parallel_gain_mean,21,45,45,-0.002305083078583495,-0.002896040064301296,0.3333333333333333
llava_1_5_7b,test,parallel_gain_mean,22,45,45,-1.079924608410332e-05,-0.0003138586216959033,0.4222222222222222
llava_1_5_7b,test,parallel_gain_mean,23,45,45,-0.004219489918741141,-0.0037706595835376167,0.15555555555555556
llava_1_5_7b,test,parallel_gain_mean,24,45,45,-0.0020987296675660074,-0.0011835494443119161,0.28888888888888886
llava_1_5_7b,test,parallel_gain_mean,25,45,45,-0.00028366554061164687,-0.0006058379264132028,0.4222222222222222
llava_1_5_7b,test,parallel_gain_mean,26,45,45,-0.0016970916265553067,-0.0011483217370067559,0.35555555555555557
llava_1_5_7b,test,parallel_gain_mean,27,45,45,-0.0014680735319890907,-0.0013506405431851563,0.3333333333333333
llava_1_5_7b,test,parallel_gain_mean,28,45,45,0.00203215507522886,0.0026762381756846153,0.7777777777777778
llava_1_5_7b,test,parallel_gain_mean,29,45,45,0.0036321946917669593,0.003562773589238372,0.8444444444444444
llava_1_5_7b,test,parallel_gain_mean,30,45,45,0.0005797478123104321,0.00025796249355006327,0.5333333333333333
llava_1_5_7b,test,parallel_gain_mean,31,45,45,0.0002411379466440331,-1.2615117537959075e-05,0.4888888888888889
llava_1_5_7b,test,parallel_gain_mean,32,45,45,-0.03352771792219922,-0.031640212818843466,0.3333333333333333
llava_1_5_7b,test,parallel_gain_median,1,45,45,-0.06087624115140865,-0.0660797325774164,0.3333333333333333
llava_1_5_7b,test,parallel_gain_median,2,45,45,0.0008644598269745161,0.0040948744607510745,0.6666666666666666
llava_1_5_7b,test,parallel_gain_median,3,45,45,-0.0071370446383002915,-0.008058894864545044,0.24444444444444444
llava_1_5_7b,test,parallel_gain_median,4,45,45,0.002038791818332024,-0.00013620025265609348,0.4888888888888889
llava_1_5_7b,test,parallel_gain_median,5,45,45,0.012915250441244114,0.007918223859612411,0.8666666666666667
llava_1_5_7b,test,parallel_gain_median,6,45,45,-0.0019066006102391275,-0.0036873207627269033,0.4222222222222222
llava_1_5_7b,test,parallel_gain_median,7,45,45,0.010481628012792002,0.013330507675988645,0.6888888888888889
llava_1_5_7b,test,parallel_gain_median,8,45,45,-0.01775051868167984,-0.01642533351174319,0.35555555555555557
llava_1_5_7b,test,parallel_gain_median,9,45,45,-0.017180261849252556,-0.0172792455560436,0.26666666666666666
llava_1_5_7b,test,parallel_gain_median,10,45,45,-0.008505456591499651,-0.004241757248854061,0.4666666666666667
llava_1_5_7b,test,parallel_gain_median,11,45,45,-0.011665878885219512,-0.008928707415156445,0.3111111111111111
llava_1_5_7b,test,parallel_gain_median,12,45,45,-0.003707080398224388,-0.003167606562755443,0.4
llava_1_5_7b,test,parallel_gain_median,13,45,45,-0.011922955776692517,-0.005317919840067131,0.24444444444444444
llava_1_5_7b,test,parallel_gain_median,14,45,45,-0.0018965511612478885,-0.00036127719417952675,0.4888888888888889
llava_1_5_7b,test,parallel_gain_median,15,45,45,0.005832261364764046,0.006293084518133846,0.6
llava_1_5_7b,test,parallel_gain_median,16,45,45,0.004025778340053857,0.006040344285569127,0.6
llava_1_5_7b,test,parallel_gain_median,17,45,45,0.0015724270330335136,-6.602137225350524e-05,0.4888888888888889
llava_1_5_7b,test,parallel_gain_median,18,45,45,-0.00038341600811176314,-0.002228495341781961,0.4444444444444444
llava_1_5_7b,test,parallel_gain_median,19,45,45,0.0045838066833513765,0.00338319879936666,0.6
llava_1_5_7b,test,parallel_gain_median,20,45,45,-0.0004263461738751408,-0.0020086195694572484,0.37777777777777777
llava_1_5_7b,test,parallel_gain_median,21,45,45,-0.0014628000939613727,-0.0019567595304265245,0.3333333333333333
llava_1_5_7b,test,parallel_gain_median,22,45,45,-0.0004980559845259118,-0.0008806462445490083,0.4222222222222222
llava_1_5_7b,test,parallel_gain_median,23,45,45,-0.004158086629718611,-0.003562226783358673,0.17777777777777778
llava_1_5_7b,test,parallel_gain_median,24,45,45,-0.0005712425203285967,-0.00046108004177898565,0.4222222222222222
llava_1_5_7b,test,parallel_gain_median,25,45,45,-0.00043651555594018614,-0.0006998290254421843,0.4222222222222222
llava_1_5_7b,test,parallel_gain_median,26,45,45,-0.0003830455258546319,-0.0004897950571398626,0.4888888888888889
llava_1_5_7b,test,parallel_gain_median,27,45,45,-0.0012280025375725422,-0.0007148339705845925,0.3333333333333333
llava_1_5_7b,test,parallel_gain_median,28,45,45,0.0018051627915571977,0.0024230693601676855,0.7555555555555555
llava_1_5_7b,test,parallel_gain_median,29,45,45,0.002783896989113312,0.0021598337495461082,0.8222222222222222
llava_1_5_7b,test,parallel_gain_median,30,45,45,-0.00033157422595349713,-0.0003571426812857166,0.4222222222222222
llava_1_5_7b,test,parallel_gain_median,31,45,45,0.0016947262485120043,0.002574621964752149,0.6222222222222222
llava_1_5_7b,test,parallel_gain_median,32,45,45,-0.043129875235451406,-0.03741740713035134,0.24444444444444444
llava_1_5_7b,test,parallel_gain_std,1,45,45,-0.04322612986625967,-0.039747141953698786,0.3333333333333333
llava_1_5_7b,test,parallel_gain_std,2,45,45,-0.009359382870060275,-0.006384703398711777,0.2
llava_1_5_7b,test,parallel_gain_std,3,45,45,0.004758295084801415,0.003936778173026678,0.7333333333333333
llava_1_5_7b,test,parallel_gain_std,4,45,45,0.006649703879832045,0.0060536574159471696,0.6444444444444445
llava_1_5_7b,test,parallel_gain_std,5,45,45,-0.010391215944511171,-0.009021198738465769,0.1111111111111111
llava_1_5_7b,test,parallel_gain_std,6,45,45,0.00286254426334972,0.0013795960714399202,0.6
llava_1_5_7b,test,parallel_gain_std,7,45,45,-0.0021587066257404337,-0.0018451938051526756,0.37777777777777777
llava_1_5_7b,test,parallel_gain_std,8,45,45,0.0036120339059032445,0.0021895783223109255,0.6444444444444445
llava_1_5_7b,test,parallel_gain_std,9,45,45,0.0006648439332969691,0.0011725308208919566,0.5333333333333333
llava_1_5_7b,test,parallel_gain_std,10,45,45,0.001879981657775308,0.001745680050508902,0.6
llava_1_5_7b,test,parallel_gain_std,11,45,45,0.0006859787453948775,0.00040465723971100376,0.5111111111111111
llava_1_5_7b,test,parallel_gain_std,12,45,45,0.005607055007088376,0.005465238053808753,0.8
llava_1_5_7b,test,parallel_gain_std,13,45,45,0.003550569186892275,0.002764644703230665,0.6222222222222222
llava_1_5_7b,test,parallel_gain_std,14,45,45,0.003480864591866804,0.003088885065132184,0.7777777777777778
llava_1_5_7b,test,parallel_gain_std,15,45,45,0.0048233000780472214,0.004508112637601952,0.8444444444444444
llava_1_5_7b,test,parallel_gain_std,16,45,45,0.0017517670028441253,0.0020367043603382942,0.6222222222222222
llava_1_5_7b,test,parallel_gain_std,17,45,45,-0.0027779584715022045,-0.003283470094726987,0.26666666666666666
llava_1_5_7b,test,parallel_gain_std,18,45,45,0.0012151358739660048,0.001064953587084659,0.6444444444444445
llava_1_5_7b,test,parallel_gain_std,19,45,45,-0.0043022369913883075,-0.0036891098602829693,0.2222222222222222
llava_1_5_7b,test,parallel_gain_std,20,45,45,0.0009742056901981455,-0.00041916221322184713,0.4444444444444444
llava_1_5_7b,test,parallel_gain_std,21,45,45,-0.0023550495614705334,-0.002752397767789832,0.24444444444444444
llava_1_5_7b,test,parallel_gain_std,22,45,45,-0.002267580522423108,-0.0010143762718338306,0.17777777777777778
llava_1_5_7b,test,parallel_gain_std,23,45,45,-0.0027843593801969682,-0.0024962798993458622,0.15555555555555556
llava_1_5_7b,test,parallel_gain_std,24,45,45,0.003229003843987698,0.0016598283760167372,0.7777777777777778
llava_1_5_7b,test,parallel_gain_std,25,45,45,-0.0009836241835047134,-0.0007168412294543723,0.4444444444444444
llava_1_5_7b,test,parallel_gain_std,26,45,45,-0.0014685266266349435,-0.0014544681045822877,0.37777777777777777
llava_1_5_7b,test,parallel_gain_std,27,45,45,-0.0002432578781062236,-0.0004704761723400286,0.4666666666666667
llava_1_5_7b,test,parallel_gain_std,28,45,45,-4.900609874094356e-05,-0.000349978813053777,0.4444444444444444
llava_1_5_7b,test,parallel_gain_std,29,45,45,0.00030059592217655784,0.0005544408540659046,0.5555555555555556
llava_1_5_7b,test,parallel_gain_std,30,45,45,-0.0014624753715994714,-0.0012650826721995415,0.26666666666666666
llava_1_5_7b,test,parallel_gain_std,31,45,45,0.001432644861768944,0.001773898893823657,0.5777777777777777
llava_1_5_7b,test,parallel_gain_std,32,45,45,-0.0030915347030168474,0.002760692242925744,0.5555555555555556
llava_1_5_7b,test,orthogonal_ratio_mean,1,45,45,-0.004452737415481289,-0.0024386161867772094,0.37777777777777777
llava_1_5_7b,test,orthogonal_ratio_mean,2,45,45,0.0032026507817944348,0.003509523344872867,0.8
llava_1_5_7b,test,orthogonal_ratio_mean,3,45,45,-0.003435273032118401,-0.0039201965956267015,0.3111111111111111
llava_1_5_7b,test,orthogonal_ratio_mean,4,45,45,-0.0019274066596281934,-0.0013098629055388056,0.4444444444444444
llava_1_5_7b,test,orthogonal_ratio_mean,5,45,45,0.0016677950693141967,0.00145086996115118,0.5777777777777777
llava_1_5_7b,test,orthogonal_ratio_mean,6,45,45,-0.007015227698153291,-0.0060380622004491125,0.24444444444444444
llava_1_5_7b,test,orthogonal_ratio_mean,7,45,45,-0.004646100291594133,-0.0036542166461038805,0.3333333333333333
llava_1_5_7b,test,orthogonal_ratio_mean,8,45,45,-0.005300136587118155,-0.006477294514527165,0.3111111111111111
llava_1_5_7b,test,orthogonal_ratio_mean,9,45,45,-0.012301198186094868,-0.009081490878271148,0.2
llava_1_5_7b,test,orthogonal_ratio_mean,10,45,45,-0.0032140203199959483,-0.001936866315126684,0.4
llava_1_5_7b,test,orthogonal_ratio_mean,11,45,45,-0.004879086839544784,-0.004542286542956853,0.4
llava_1_5_7b,test,orthogonal_ratio_mean,12,45,45,0.0037087089045158474,0.0019525856003363984,0.6
llava_1_5_7b,test,orthogonal_ratio_mean,13,45,45,0.0013643607958360245,0.0021540380249596147,0.5555555555555556
llava_1_5_7b,test,orthogonal_ratio_mean,14,45,45,0.0016731712221393568,0.0004599032273618908,0.5111111111111111
llava_1_5_7b,test,orthogonal_ratio_mean,15,45,45,0.006394024651886459,0.006300114753798769,0.6666666666666666
llava_1_5_7b,test,orthogonal_ratio_mean,16,45,45,0.007483615706207591,0.0061847544531875576,0.7777777777777778
llava_1_5_7b,test,orthogonal_ratio_mean,17,45,45,-0.001574110549396352,-0.0023636823709374255,0.4444444444444444
llava_1_5_7b,test,orthogonal_ratio_mean,18,45,45,0.000297848028762488,0.0005225261075417764,0.5111111111111111
llava_1_5_7b,test,orthogonal_ratio_mean,19,45,45,0.0024385198915389842,0.001595272675757764,0.7111111111111111
llava_1_5_7b,test,orthogonal_ratio_mean,20,45,45,-0.0009147443479793645,-0.0007310372514818253,0.37777777777777777
llava_1_5_7b,test,orthogonal_ratio_mean,21,45,45,-0.000966541202743238,-0.0012108924678575494,0.28888888888888886
llava_1_5_7b,test,orthogonal_ratio_mean,22,45,45,-3.213611866231937e-05,-0.00018405583162350858,0.4444444444444444
llava_1_5_7b,test,orthogonal_ratio_mean,23,45,45,0.0004472025337003021,5.423541482463268e-05,0.5555555555555556
llava_1_5_7b,test,orthogonal_ratio_mean,24,45,45,-0.0009556938640009368,-0.0005345743239376644,0.26666666666666666
llava_1_5_7b,test,orthogonal_ratio_mean,25,45,45,9.439569039667953e-05,8.514947820503771e-05,0.6444444444444445
llava_1_5_7b,test,orthogonal_ratio_mean,26,45,45,0.0004125115371709355,0.0003531851018294674,0.6444444444444445
llava_1_5_7b,test,orthogonal_ratio_mean,27,45,45,9.587268865994444e-05,0.00010451425143165327,0.6444444444444445
llava_1_5_7b,test,orthogonal_ratio_mean,28,45,45,-1.0418322697525184e-05,-3.464900135774496e-05,0.4888888888888889
llava_1_5_7b,test,orthogonal_ratio_mean,29,45,45,-4.961501518061024e-05,-2.592693805125723e-05,0.4666666666666667
llava_1_5_7b,test,orthogonal_ratio_mean,30,45,45,0.0004929051525819153,0.000447657367947496,0.6888888888888889
llava_1_5_7b,test,orthogonal_ratio_mean,31,45,45,0.00014077496075179694,2.6461159755908348e-05,0.5111111111111111
llava_1_5_7b,test,orthogonal_ratio_mean,32,45,45,0.0017605235955147711,0.0011536433913115207,0.7111111111111111
llava_1_5_7b,test,orthogonal_ratio_median,1,45,45,-0.005675266594736351,-0.005307972961057006,0.37777777777777777
llava_1_5_7b,test,orthogonal_ratio_median,2,45,45,0.0023709379931651257,0.0028331666409370238,0.7333333333333333
llava_1_5_7b,test,orthogonal_ratio_median,3,45,45,-0.0023797642089832555,-0.0026115007701137394,0.3111111111111111
llava_1_5_7b,test,orthogonal_ratio_median,4,45,45,-0.00127468271491828,-0.0007002676307051869,0.4444444444444444
llava_1_5_7b,test,orthogonal_ratio_median,5,45,45,0.001603446646427314,0.001440053544780051,0.5555555555555556
llava_1_5_7b,test,orthogonal_ratio_median,6,45,45,-0.006080553302538546,-0.004971700481606556,0.24444444444444444
llava_1_5_7b,test,orthogonal_ratio_median,7,45,45,-0.00391571543376785,-0.005131906924445984,0.37777777777777777
llava_1_5_7b,test,orthogonal_ratio_median,8,45,45,-0.006602930641189673,-0.007698619907107518,0.3111111111111111
llava_1_5_7b,test,orthogonal_ratio_median,9,45,45,-0.011561736697423898,-0.008991393470947684,0.2
llava_1_5_7b,test,orthogonal_ratio_median,10,45,45,-0.003566811670688266,-0.0016268569977753167,0.37777777777777777
llava_1_5_7b,test,orthogonal_ratio_median,11,45,45,-0.004524539392093802,-0.0045214678403822095,0.4
llava_1_5_7b,test,orthogonal_ratio_median,12,45,45,0.002116910149325187,0.00020492986784137468,0.5333333333333333
llava_1_5_7b,test,orthogonal_ratio_median,13,45,45,-0.00012703033422727876,0.0011285201791513266,0.5555555555555556
llava_1_5_7b,test,orthogonal_ratio_median,14,45,45,0.0013081685707661463,-0.000626033152734462,0.4888888888888889
llava_1_5_7b,test,orthogonal_ratio_median,15,45,45,0.006826558074851718,0.005766679099328931,0.6888888888888889
llava_1_5_7b,test,orthogonal_ratio_median,16,45,45,0.007203493978786095,0.00531958062795701,0.7555555555555555
llava_1_5_7b,test,orthogonal_ratio_median,17,45,45,-0.001833884752741244,-0.0010105183726025757,0.4222222222222222
llava_1_5_7b,test,orthogonal_ratio_median,18,45,45,0.00029340696692062236,0.001003236453284595,0.5555555555555556
llava_1_5_7b,test,orthogonal_ratio_median,19,45,45,0.0018561677776521796,0.0014675735904459142,0.6222222222222222
llava_1_5_7b,test,orthogonal_ratio_median,20,45,45,-0.0007776287039306995,-0.000512814137044737,0.4
llava_1_5_7b,test,orthogonal_ratio_median,21,45,45,-0.0012450827927992015,-0.0017251272067917434,0.24444444444444444
llava_1_5_7b,test,orthogonal_ratio_median,22,45,45,-0.00023811713365526653,-0.00024039355638461046,0.4
llava_1_5_7b,test,orthogonal_ratio_median,23,45,45,-4.091778039891913e-05,-0.00014749962004312334,0.37777777777777777
llava_1_5_7b,test,orthogonal_ratio_median,24,45,45,-0.00024319282326265877,-0.00016854235569452314,0.28888888888888886
llava_1_5_7b,test,orthogonal_ratio_median,25,45,45,-5.074066603633693e-06,-1.3138215837482647e-06,0.4888888888888889
llava_1_5_7b,test,orthogonal_ratio_median,26,45,45,2.6121995255983736e-05,1.6978971201786486e-05,0.5333333333333333
llava_1_5_7b,test,orthogonal_ratio_median,27,45,45,9.52953313556283e-05,9.369313397133983e-05,0.8
llava_1_5_7b,test,orthogonal_ratio_median,28,45,45,-1.5854689256511455e-05,-1.8106679263718561e-06,0.4888888888888889
llava_1_5_7b,test,orthogonal_ratio_median,29,45,45,-3.478767448071234e-05,7.51990106889755e-05,0.5555555555555556
llava_1_5_7b,test,orthogonal_ratio_median,30,45,45,0.0003927776432999957,0.0003620944098821077,0.7111111111111111
llava_1_5_7b,test,orthogonal_ratio_median,31,45,45,5.0512496684430706e-05,3.7879955892328177e-05,0.5777777777777777
llava_1_5_7b,test,orthogonal_ratio_median,32,45,45,0.0017824105697372323,0.0010612083280997497,0.7333333333333333
llava_1_5_7b,test,common_c,1,45,45,-0.059815197149738666,-0.058990074304522716,0.37777777777777777
llava_1_5_7b,test,common_c,2,45,45,-0.0046595242640686575,-0.0032690763735256922,0.4222222222222222
llava_1_5_7b,test,common_c,3,45,45,-0.00477826622518111,-0.004413764379083716,0.35555555555555557
llava_1_5_7b,test,common_c,4,45,45,0.01032060131404967,0.012164570554987333,0.6666666666666666
llava_1_5_7b,test,common_c,5,45,45,0.005460979005051881,0.005094660077520213,0.5555555555555556
llava_1_5_7b,test,common_c,6,45,45,0.033727444299751524,0.028450370104608852,0.8888888888888888
llava_1_5_7b,test,common_c,7,45,45,0.02568929023531874,0.026977980581779804,0.7777777777777778
llava_1_5_7b,test,common_c,8,45,45,0.007910999012860399,0.00428679916656205,0.5333333333333333
llava_1_5_7b,test,common_c,9,45,45,-0.021077011116772373,-0.013883202480244855,0.3111111111111111
llava_1_5_7b,test,common_c,10,45,45,-0.002220618326481886,-0.0054540400983146275,0.4888888888888889
llava_1_5_7b,test,common_c,11,45,45,-0.01503324061813706,-0.011756188672502,0.3333333333333333
llava_1_5_7b,test,common_c,12,45,45,0.02486130973254972,0.030573293545993502,0.7111111111111111
llava_1_5_7b,test,common_c,13,45,45,0.006124407712637553,0.005132403214119063,0.5777777777777777
llava_1_5_7b,test,common_c,14,45,45,0.0016331776363284133,8.172216843410629e-05,0.5111111111111111
llava_1_5_7b,test,common_c,15,45,45,0.03176972200526441,0.021776188574864352,0.8
llava_1_5_7b,test,common_c,16,45,45,0.011519933279941571,0.013609560093599732,0.6444444444444445
llava_1_5_7b,test,common_c,17,45,45,0.002257891851003987,0.0008950715832302392,0.5555555555555556
llava_1_5_7b,test,common_c,18,45,45,-0.004309160669333932,-0.006829013215148144,0.4444444444444444
llava_1_5_7b,test,common_c,19,45,45,0.02297762829111185,0.017821291852638428,0.8888888888888888
llava_1_5_7b,test,common_c,20,45,45,0.00034988965186578806,-0.0031778548333954992,0.4
llava_1_5_7b,test,common_c,21,45,45,0.00010003757879420736,0.0011352989436867987,0.5555555555555556
llava_1_5_7b,test,common_c,22,45,45,0.005843435029917445,0.001596385019856584,0.5777777777777777
llava_1_5_7b,test,common_c,23,45,45,-0.002441874111023227,-0.0015711590552036133,0.4
llava_1_5_7b,test,common_c,24,45,45,0.004722284493291181,0.001986822683554214,0.7111111111111111
llava_1_5_7b,test,common_c,25,45,45,0.003294449330528865,0.002773836414944087,0.6222222222222222
llava_1_5_7b,test,common_c,26,45,45,0.00015289867455177378,0.00209060360761273,0.6
llava_1_5_7b,test,common_c,27,45,45,-0.00015588695987788499,0.0015005314997555209,0.5333333333333333
llava_1_5_7b,test,common_c,28,45,45,0.0007080806509097734,0.0011712054009939223,0.6666666666666666
llava_1_5_7b,test,common_c,29,45,45,0.012966311008308104,0.0026789960871995673,0.6666666666666666
llava_1_5_7b,test,common_c,30,45,45,0.0032345492826260803,0.003659336893442501,0.6666666666666666
llava_1_5_7b,test,common_c,31,45,45,-0.005586630176325985,-0.005000593094687277,0.26666666666666666
llava_1_5_7b,test,common_c,32,45,45,0.010676363748868016,0.018979818502567438,0.6
llava_1_5_7b,test,shared_scalar_error,1,45,45,-0.0057941923519235035,-0.004026343632445029,0.4222222222222222
llava_1_5_7b,test,shared_scalar_error,2,45,45,0.0016843823726740439,0.0008601074517551321,0.6222222222222222
llava_1_5_7b,test,shared_scalar_error,3,45,45,-0.00022870500000424048,-0.00013546062309233164,0.4666666666666667
llava_1_5_7b,test,shared_scalar_error,4,45,45,0.0019596853081265946,0.0020104349992113857,0.6666666666666666
llava_1_5_7b,test,shared_scalar_error,5,45,45,-0.0003261108279578422,-0.0007123804119589794,0.4444444444444444
llava_1_5_7b,test,shared_scalar_error,6,45,45,0.005695093830111218,0.005409304917535107,0.7333333333333333
llava_1_5_7b,test,shared_scalar_error,7,45,45,-0.001976146773297052,0.001684435169269971,0.5555555555555556
llava_1_5_7b,test,shared_scalar_error,8,45,45,-0.007557699809868843,-0.0077864836182574,0.3333333333333333
llava_1_5_7b,test,shared_scalar_error,9,45,45,-0.01132623111816866,-0.0074601110068786,0.28888888888888886
llava_1_5_7b,test,shared_scalar_error,10,45,45,-0.00537440653760963,-0.004585043061482552,0.4
llava_1_5_7b,test,shared_scalar_error,11,45,45,-0.013406430173267038,-0.012847742284608388,0.15555555555555556
llava_1_5_7b,test,shared_scalar_error,12,45,45,0.006943073256876758,0.006074511517324521,0.6444444444444445
llava_1_5_7b,test,shared_scalar_error,13,45,45,0.004542838096872639,0.007477106320731619,0.6444444444444445
llava_1_5_7b,test,shared_scalar_error,14,45,45,0.0020992597482993843,0.0003863156171031168,0.5777777777777777
llava_1_5_7b,test,shared_scalar_error,15,45,45,0.008438142346780508,0.008913122560107234,0.6888888888888889
llava_1_5_7b,test,shared_scalar_error,16,45,45,0.008732978093067298,0.00901335178204532,0.7111111111111111
llava_1_5_7b,test,shared_scalar_error,17,45,45,-0.0028889532377598514,-0.0024179875723463473,0.35555555555555557
llava_1_5_7b,test,shared_scalar_error,18,45,45,-0.0033103869058193364,-0.0031374126986060125,0.35555555555555557
llava_1_5_7b,test,shared_scalar_error,19,45,45,0.005042628343444284,0.004340133800417756,0.7111111111111111
llava_1_5_7b,test,shared_scalar_error,20,45,45,-0.0014119816367152808,-0.002009008914097943,0.35555555555555557
llava_1_5_7b,test,shared_scalar_error,21,45,45,4.763725087794965e-05,0.0008655931466948763,0.6222222222222222
llava_1_5_7b,test,shared_scalar_error,22,45,45,0.0014509156673763895,0.000442966951791246,0.5555555555555556
llava_1_5_7b,test,shared_scalar_error,23,45,45,-8.09654840507237e-05,-4.009490781198277e-05,0.4666666666666667
llava_1_5_7b,test,shared_scalar_error,24,45,45,2.5688772660342136e-05,0.00026492245769638156,0.6666666666666666
llava_1_5_7b,test,shared_scalar_error,25,45,45,0.0006965335789291914,0.00016709680140802874,0.6444444444444445
llava_1_5_7b,test,shared_scalar_error,26,45,45,0.0007704395026925129,7.747440858341115e-05,0.6222222222222222
llava_1_5_7b,test,shared_scalar_error,27,45,45,8.233752029751518e-05,0.00012693243445616176,0.6444444444444445
llava_1_5_7b,test,shared_scalar_error,28,45,45,-2.6307798983143333e-05,2.375475822824491e-05,0.5777777777777777
llava_1_5_7b,test,shared_scalar_error,29,45,45,0.0022979893629222997,0.00032331465897583733,0.6
llava_1_5_7b,test,shared_scalar_error,30,45,45,0.00072269932581691,0.0002005902036825713,0.5777777777777777
llava_1_5_7b,test,shared_scalar_error,31,45,45,0.0009473820694614234,0.00027105387135306636,0.6
llava_1_5_7b,test,shared_scalar_error,32,45,45,0.0002598048161227008,3.676772137539697e-05,0.5555555555555556
llava_1_5_7b,test,individual_scalar_error,1,45,45,-0.0036287000513937516,-0.0014080702684067248,0.4888888888888889
llava_1_5_7b,test,individual_scalar_error,2,45,45,0.0023467227315228842,0.001742798660336553,0.6
llava_1_5_7b,test,individual_scalar_error,3,45,45,3.893432795631923e-06,-0.0001778196116166697,0.4888888888888889
llava_1_5_7b,test,individual_scalar_error,4,45,45,0.0031779859356265484,0.0028076117777432463,0.7555555555555555
llava_1_5_7b,test,individual_scalar_error,5,45,45,0.0020047414628969035,0.002092200395346744,0.5555555555555556
llava_1_5_7b,test,individual_scalar_error,6,45,45,0.004791631900220337,0.0040598063745239665,0.7555555555555555
llava_1_5_7b,test,individual_scalar_error,7,45,45,-0.003677980253614805,-0.0003419567804334722,0.4888888888888889
llava_1_5_7b,test,individual_scalar_error,8,45,45,-0.008387612542025198,-0.007645863559502364,0.3333333333333333
llava_1_5_7b,test,individual_scalar_error,9,45,45,-0.011409654934243087,-0.007296082281866512,0.26666666666666666
llava_1_5_7b,test,individual_scalar_error,10,45,45,-0.005371513844916663,-0.00484803814669732,0.4
llava_1_5_7b,test,individual_scalar_error,11,45,45,-0.013477935279497132,-0.01336884683352002,0.13333333333333333
llava_1_5_7b,test,individual_scalar_error,12,45,45,0.006838497355539371,0.00700283961012893,0.6444444444444445
llava_1_5_7b,test,individual_scalar_error,13,45,45,0.004066718602755608,0.004919801101375576,0.6666666666666666
llava_1_5_7b,test,individual_scalar_error,14,45,45,0.0015152752567255926,0.001114814486614657,0.5333333333333333
llava_1_5_7b,test,individual_scalar_error,15,45,45,0.007953335613486368,0.009156991620130839,0.6888888888888889
llava_1_5_7b,test,individual_scalar_error,16,45,45,0.007623070513713351,0.00850333359281652,0.7333333333333333
llava_1_5_7b,test,individual_scalar_error,17,45,45,-0.0029721978128492434,-0.0026812811791666613,0.35555555555555557
llava_1_5_7b,test,individual_scalar_error,18,45,45,-0.003473224110708648,-0.003581092912666839,0.35555555555555557
llava_1_5_7b,test,individual_scalar_error,19,45,45,0.005616000560730895,0.00473564327164866,0.7333333333333333
llava_1_5_7b,test,individual_scalar_error,20,45,45,-0.0012198028113144187,-0.00224959299042371,0.37777777777777777
llava_1_5_7b,test,individual_scalar_error,21,45,45,0.0002012225572184291,0.0009678551668906854,0.6666666666666666
llava_1_5_7b,test,individual_scalar_error,22,45,45,0.001992958664974973,0.00044634159520451355,0.5555555555555556
llava_1_5_7b,test,individual_scalar_error,23,45,45,0.00016152479930853472,-7.99088033637263e-05,0.4666666666666667
llava_1_5_7b,test,individual_scalar_error,24,45,45,-4.2182788884420005e-05,0.00023029239995109307,0.6888888888888889
llava_1_5_7b,test,individual_scalar_error,25,45,45,0.0014730812744680774,0.00032414957025184155,0.6222222222222222
llava_1_5_7b,test,individual_scalar_error,26,45,45,0.0013392731841600034,0.00010487603644049326,0.5555555555555556
llava_1_5_7b,test,individual_scalar_error,27,45,45,0.00020178481588166707,0.00022469943145064786,0.5555555555555556
llava_1_5_7b,test,individual_scalar_error,28,45,45,4.2937858226599344e-05,0.00015236619376401972,0.6888888888888889
llava_1_5_7b,test,individual_scalar_error,29,45,45,0.0023080348780754687,0.00025084913298123457,0.5333333333333333
llava_1_5_7b,test,individual_scalar_error,30,45,45,0.001706779607653461,0.00134473410080016,0.7333333333333333
llava_1_5_7b,test,individual_scalar_error,31,45,45,0.0015444995577367571,0.0008113176073422101,0.6666666666666666
llava_1_5_7b,test,individual_scalar_error,32,45,45,0.0030242535842495513,0.001859832974507758,0.7111111111111111
llava_1_5_7b,test,gain_nonuniform_error,1,45,45,-0.01517588765209917,-0.01471429694557555,0.28888888888888886
llava_1_5_7b,test,gain_nonuniform_error,2,45,45,-0.009347719097879457,-0.007667663027585835,0.13333333333333333
llava_1_5_7b,test,gain_nonuniform_error,3,45,45,-0.003576612363722158,-0.0001759745689779886,0.4444444444444444
llava_1_5_7b,test,gain_nonuniform_error,4,45,45,-0.014899243160041115,-0.011701817261582557,0.2222222222222222
llava_1_5_7b,test,gain_nonuniform_error,5,45,45,-0.02435671638316113,-0.0227247919059049,0.17777777777777778
llava_1_5_7b,test,gain_nonuniform_error,6,45,45,0.010125749316411619,0.010201477035601536,0.6888888888888889
llava_1_5_7b,test,gain_nonuniform_error,7,45,45,0.016871728979142683,0.01507130528848312,0.7333333333333333
llava_1_5_7b,test,gain_nonuniform_error,8,45,45,0.010798901789684182,0.005975107608573324,0.6666666666666666
llava_1_5_7b,test,gain_nonuniform_error,9,45,45,0.0018816194051019385,0.0008619745465453035,0.5333333333333333
llava_1_5_7b,test,gain_nonuniform_error,10,45,45,6.227008175161713e-05,-0.004441236386682798,0.4222222222222222
llava_1_5_7b,test,gain_nonuniform_error,11,45,45,0.0014208997357930532,0.0017053526647966347,0.5777777777777777
llava_1_5_7b,test,gain_nonuniform_error,12,45,45,0.0014334498006854516,-0.0003057698604798584,0.4666666666666667
llava_1_5_7b,test,gain_nonuniform_error,13,45,45,0.008562840402683606,0.004396206910421266,0.6222222222222222
llava_1_5_7b,test,gain_nonuniform_error,14,45,45,0.0060621223384721475,0.006957392378580438,0.6222222222222222
llava_1_5_7b,test,gain_nonuniform_error,15,45,45,0.0042100476697668485,0.002258934255986153,0.5111111111111111
llava_1_5_7b,test,gain_nonuniform_error,16,45,45,0.014530769384957187,0.01680255624600485,0.7555555555555555
llava_1_5_7b,test,gain_nonuniform_error,17,45,45,0.0014498073202951769,0.00033737947848865024,0.5333333333333333
llava_1_5_7b,test,gain_nonuniform_error,18,45,45,0.0019261751596871854,0.005042871957412265,0.5111111111111111
llava_1_5_7b,test,gain_nonuniform_error,19,45,45,-0.007266753992887868,-0.004241592244536255,0.4
llava_1_5_7b,test,gain_nonuniform_error,20,45,45,-0.0027434468984801636,-0.0028700145163481905,0.4
llava_1_5_7b,test,gain_nonuniform_error,21,45,45,-0.002688584748792051,-0.0027682551003934755,0.4666666666666667
llava_1_5_7b,test,gain_nonuniform_error,22,45,45,-0.008577949802941973,-0.007298590228178678,0.26666666666666666
llava_1_5_7b,test,gain_nonuniform_error,23,45,45,-0.0046402340768397195,-0.00874453785890168,0.28888888888888886
llava_1_5_7b,test,gain_nonuniform_error,24,45,45,0.0006274791302199242,-0.0020927059367716987,0.4222222222222222
llava_1_5_7b,test,gain_nonuniform_error,25,45,45,-0.00740999503909935,-0.0030446029723594364,0.4444444444444444
llava_1_5_7b,test,gain_nonuniform_error,26,45,45,-0.009946070639449413,-0.004427787677565881,0.4444444444444444
llava_1_5_7b,test,gain_nonuniform_error,27,45,45,0.00022596644748368156,-0.0005912805544879794,0.4444444444444444
llava_1_5_7b,test,gain_nonuniform_error,28,45,45,-0.0031739933681798494,-0.0030223129909308644,0.3111111111111111
llava_1_5_7b,test,gain_nonuniform_error,29,45,45,0.0017655185653203062,0.0018791260772784701,0.5777777777777777
llava_1_5_7b,test,gain_nonuniform_error,30,45,45,-0.012331604122657448,-0.014437625626747302,0.2222222222222222
llava_1_5_7b,test,gain_nonuniform_error,31,45,45,-0.006975972041121836,-0.0058382820904057525,0.4666666666666667
llava_1_5_7b,test,gain_nonuniform_error,32,45,45,-0.016013742363180178,-0.012204772772025863,0.28888888888888886
