model,signal,label,support,layer_from,layer_to,n_images,mean,std,se
internvl_2_5_8b,attention_distribution,HALL,all_visual_tokens,1,2,1321,0.05728206288331752,0.01605831468723571,0.0004418232393878826
internvl_2_5_8b,attention_distribution,HALL,all_visual_tokens,2,3,1321,0.04125275847521088,0.015047317900113499,0.0004140070031142137
internvl_2_5_8b,attention_distribution,HALL,all_visual_tokens,3,4,1321,0.03722153971201538,0.013433310428131656,0.00036959972728507
internvl_2_5_8b,attention_distribution,HALL,all_visual_tokens,4,5,1321,0.04432401121971194,0.01691554676802255,0.000465408843619534
internvl_2_5_8b,attention_distribution,HALL,all_visual_tokens,5,6,1321,0.042038160685751585,0.013331025040581125,0.00036678548045096466
internvl_2_5_8b,attention_distribution,HALL,all_visual_tokens,6,7,1321,0.04151038532790408,0.02023529815262549,0.0005567474018228773
internvl_2_5_8b,attention_distribution,HALL,all_visual_tokens,7,8,1321,0.05012378224751924,0.021450520252191227,0.0005901826268177302
internvl_2_5_8b,attention_distribution,HALL,all_visual_tokens,8,9,1321,0.043128540694296225,0.019286914901383886,0.0005306538939793771
internvl_2_5_8b,attention_distribution,HALL,all_visual_tokens,9,10,1321,0.06953502864062922,0.029712146761426105,0.0008174903274087754
internvl_2_5_8b,attention_distribution,HALL,all_visual_tokens,10,11,1321,0.03905423139387645,0.012730303621208465,0.00035025742700038154
internvl_2_5_8b,attention_distribution,HALL,all_visual_tokens,11,12,1321,0.04559017466571546,0.0179223321708138,0.0004931092092365586
internvl_2_5_8b,attention_distribution,HALL,all_visual_tokens,12,13,1321,0.04416459415567634,0.017810810391656516,0.000490040835332494
internvl_2_5_8b,attention_distribution,HALL,all_visual_tokens,13,14,1321,0.059271726413241486,0.022556407163176962,0.0006206096390493908
internvl_2_5_8b,attention_distribution,HALL,all_visual_tokens,14,15,1321,0.04589836011773975,0.01963931905160011,0.0005403498269745143
internvl_2_5_8b,attention_distribution,HALL,all_visual_tokens,15,16,1321,0.039552236903659055,0.01448996519669531,0.0003986721823872568
internvl_2_5_8b,attention_distribution,HALL,all_visual_tokens,16,17,1321,0.02786451057135427,0.012225387044779337,0.0003363653167905923
internvl_2_5_8b,attention_distribution,HALL,all_visual_tokens,17,18,1321,0.045920375999652645,0.01593453759205211,0.0004384176767107787
internvl_2_5_8b,attention_distribution,HALL,all_visual_tokens,18,19,1321,0.04748678660016002,0.018212577720205684,0.0005010949307364723
internvl_2_5_8b,attention_distribution,HALL,all_visual_tokens,19,20,1321,0.03161274669247762,0.012153253552986708,0.00033438065939453865
internvl_2_5_8b,attention_distribution,HALL,all_visual_tokens,20,21,1321,0.036999751992078105,0.013547760831498452,0.00037274867840165023
internvl_2_5_8b,attention_distribution,HALL,all_visual_tokens,21,22,1321,0.04005099418181799,0.015475956419670912,0.000425800423714435
internvl_2_5_8b,attention_distribution,HALL,all_visual_tokens,22,23,1321,0.04767481898811394,0.017438016822291548,0.0004797839145006508
internvl_2_5_8b,attention_distribution,HALL,all_visual_tokens,23,24,1321,0.050358133236852946,0.021385203290512127,0.0005883855172107692
internvl_2_5_8b,attention_distribution,HALL,all_visual_tokens,24,25,1321,0.07537822731905233,0.026600194270133836,0.0007318690802665186
internvl_2_5_8b,attention_distribution,HALL,all_visual_tokens,25,26,1321,0.045455613681859,0.018306813044294577,0.0005036876907467625
internvl_2_5_8b,attention_distribution,HALL,all_visual_tokens,26,27,1321,0.05927827672427979,0.02485109371930677,0.0006837448974719309
internvl_2_5_8b,attention_distribution,HALL,all_visual_tokens,27,28,1321,0.06563908323352306,0.028527998133836278,0.0007849100477998375
internvl_2_5_8b,attention_distribution,HALL,all_visual_tokens,28,29,1321,0.06198106559499658,0.022700580197913444,0.0006245763689634762
internvl_2_5_8b,attention_distribution,HALL,all_visual_tokens,29,30,1321,0.04555580932943096,0.018902966288338718,0.0005200900569094174
internvl_2_5_8b,attention_distribution,HALL,all_visual_tokens,30,31,1321,0.03732450953758774,0.012892519893175336,0.0003547205926661284
internvl_2_5_8b,attention_distribution,HALL,all_visual_tokens,31,32,1321,0.04543497848672049,0.016774555780813823,0.0004615296635245911
internvl_2_5_8b,attention_distribution,HALL,union_top32,1,2,1321,0.05809012382805212,0.022969988261332192,0.0006319887746620332
internvl_2_5_8b,attention_distribution,HALL,union_top32,2,3,1321,0.04321643431938164,0.019108840966501384,0.000525754425741725
internvl_2_5_8b,attention_distribution,HALL,union_top32,3,4,1321,0.03642823283731892,0.017246666691949346,0.0004745191693457756
internvl_2_5_8b,attention_distribution,HALL,union_top32,4,5,1321,0.0475440552242433,0.023609651408598997,0.0006495882581288202
internvl_2_5_8b,attention_distribution,HALL,union_top32,5,6,1321,0.04996123496530455,0.01805524553512153,0.0004967661442462493
internvl_2_5_8b,attention_distribution,HALL,union_top32,6,7,1321,0.046614331638131695,0.030355943349851915,0.0008352035370291632
internvl_2_5_8b,attention_distribution,HALL,union_top32,7,8,1321,0.0577343933617049,0.026076417623142598,0.0007174580602188581
internvl_2_5_8b,attention_distribution,HALL,union_top32,8,9,1321,0.04611717572014139,0.0234011396888307,0.0006438513345927784
internvl_2_5_8b,attention_distribution,HALL,union_top32,9,10,1321,0.07930167570123611,0.036138808401144404,0.0009943114023106875
internvl_2_5_8b,attention_distribution,HALL,union_top32,10,11,1321,0.04223517758699866,0.01659635548696963,0.0004566267186876278
internvl_2_5_8b,attention_distribution,HALL,union_top32,11,12,1321,0.04990957778463257,0.02276783836449144,0.0006264268882496875
internvl_2_5_8b,attention_distribution,HALL,union_top32,12,13,1321,0.042033121392362094,0.020003832421086318,0.0005503789290841276
internvl_2_5_8b,attention_distribution,HALL,union_top32,13,14,1321,0.059184953326431304,0.02529949092569686,0.0006960819521453717
internvl_2_5_8b,attention_distribution,HALL,union_top32,14,15,1321,0.04876870689610475,0.023989814581203646,0.0006600479438235881
internvl_2_5_8b,attention_distribution,HALL,union_top32,15,16,1321,0.03278273773534022,0.015924347063126596,0.0004381372978174365
internvl_2_5_8b,attention_distribution,HALL,union_top32,16,17,1321,0.02546086030209227,0.013485476717218937,0.00037103501357010633
internvl_2_5_8b,attention_distribution,HALL,union_top32,17,18,1321,0.0423704016330475,0.018359370765384134,0.0005051337467644024
internvl_2_5_8b,attention_distribution,HALL,union_top32,18,19,1321,0.04669401921856412,0.021687781695887053,0.0005967105608928333
internvl_2_5_8b,attention_distribution,HALL,union_top32,19,20,1321,0.028872434925471264,0.014144827416266569,0.00038917617392346827
internvl_2_5_8b,attention_distribution,HALL,union_top32,20,21,1321,0.03288839583092684,0.014639605813650933,0.0004027893455774817
internvl_2_5_8b,attention_distribution,HALL,union_top32,21,22,1321,0.03963228201889838,0.01876376007135206,0.0005162599824009843
internvl_2_5_8b,attention_distribution,HALL,union_top32,22,23,1321,0.04778015783323112,0.020738274699203987,0.0005705861346833114
internvl_2_5_8b,attention_distribution,HALL,union_top32,23,24,1321,0.05366249676909436,0.02593744285434366,0.000713634353700469
internvl_2_5_8b,attention_distribution,HALL,union_top32,24,25,1321,0.07213767404462874,0.02999581215355683,0.0008252950046052593
internvl_2_5_8b,attention_distribution,HALL,union_top32,25,26,1321,0.045779596674372355,0.02154952065951237,0.0005929064917758703
internvl_2_5_8b,attention_distribution,HALL,union_top32,26,27,1321,0.06164203622546907,0.029012513749675707,0.0007982408526254741
internvl_2_5_8b,attention_distribution,HALL,union_top32,27,28,1321,0.06809910524701368,0.033715572411400926,0.0009276392766460442
internvl_2_5_8b,attention_distribution,HALL,union_top32,28,29,1321,0.061070167131716334,0.02650231164263002,0.0007291759695381611
internvl_2_5_8b,attention_distribution,HALL,union_top32,29,30,1321,0.04598643729585892,0.022125361586287917,0.000608749991457834
internvl_2_5_8b,attention_distribution,HALL,union_top32,30,31,1321,0.03641114995464468,0.015808802848370582,0.00043495825193059704
internvl_2_5_8b,attention_distribution,HALL,union_top32,31,32,1321,0.044856244299129315,0.019623453834679127,0.0005399133165641665
internvl_2_5_8b,attention_distribution,REAL,all_visual_tokens,1,2,3869,0.057522158325970185,0.01485255942679632,0.00023878219155325746
internvl_2_5_8b,attention_distribution,REAL,all_visual_tokens,2,3,3869,0.05060435103916419,0.018914221503035872,0.0003040808746989697
internvl_2_5_8b,attention_distribution,REAL,all_visual_tokens,3,4,3869,0.038866874312466354,0.01406903601697557,0.00022618561263684943
internvl_2_5_8b,attention_distribution,REAL,all_visual_tokens,4,5,3869,0.04518572343130634,0.014574096125575852,0.00023430538217502893
internvl_2_5_8b,attention_distribution,REAL,all_visual_tokens,5,6,3869,0.03931508035153251,0.009852053756894758,0.00015838987205986656
internvl_2_5_8b,attention_distribution,REAL,all_visual_tokens,6,7,3869,0.041412804756697744,0.017774435852270207,0.0002857567254550514
internvl_2_5_8b,attention_distribution,REAL,all_visual_tokens,7,8,3869,0.03671472707080168,0.012982152507302136,0.00020871196254428095
internvl_2_5_8b,attention_distribution,REAL,all_visual_tokens,8,9,3869,0.03682049044809174,0.014526998309064168,0.0002335481982095675
internvl_2_5_8b,attention_distribution,REAL,all_visual_tokens,9,10,3869,0.051269202360979156,0.020757763735538715,0.0003337192044876939
internvl_2_5_8b,attention_distribution,REAL,all_visual_tokens,10,11,3869,0.03759155749194334,0.009858755497200515,0.00015849761485297345
internvl_2_5_8b,attention_distribution,REAL,all_visual_tokens,11,12,3869,0.03927491820672742,0.01223712859473339,0.0001967343338076612
internvl_2_5_8b,attention_distribution,REAL,all_visual_tokens,12,13,3869,0.037541697152742706,0.011715543196804186,0.0001883488898703009
internvl_2_5_8b,attention_distribution,REAL,all_visual_tokens,13,14,3869,0.05671121749586916,0.018533668874142324,0.00029796279173983925
internvl_2_5_8b,attention_distribution,REAL,all_visual_tokens,14,15,3869,0.03898573412279976,0.014330101231255577,0.00023038271579010354
internvl_2_5_8b,attention_distribution,REAL,all_visual_tokens,15,16,3869,0.03272218974468458,0.010203642106958904,0.0001640423010009315
internvl_2_5_8b,attention_distribution,REAL,all_visual_tokens,16,17,3869,0.028486025358390656,0.009928506733140484,0.00015961899417236841
internvl_2_5_8b,attention_distribution,REAL,all_visual_tokens,17,18,3869,0.04238624166736741,0.013221027303168317,0.0002125523139358974
internvl_2_5_8b,attention_distribution,REAL,all_visual_tokens,18,19,3869,0.04719296798666539,0.014372058710518746,0.00023105725938643714
internvl_2_5_8b,attention_distribution,REAL,all_visual_tokens,19,20,3869,0.029432606880939894,0.0074357642609718085,0.00011954357731132241
internvl_2_5_8b,attention_distribution,REAL,all_visual_tokens,20,21,3869,0.03544930158711105,0.00908073442893669,0.0001459894961903091
internvl_2_5_8b,attention_distribution,REAL,all_visual_tokens,21,22,3869,0.03627239474432163,0.010686645260161241,0.00017180746444075655
internvl_2_5_8b,attention_distribution,REAL,all_visual_tokens,22,23,3869,0.04411001017128938,0.013276627809782192,0.00021344619427256044
internvl_2_5_8b,attention_distribution,REAL,all_visual_tokens,23,24,3869,0.05044029510665938,0.016693920805640534,0.0002683854601110449
internvl_2_5_8b,attention_distribution,REAL,all_visual_tokens,24,25,3869,0.07657046044140893,0.020535687638938094,0.00033014892306251276
internvl_2_5_8b,attention_distribution,REAL,all_visual_tokens,25,26,3869,0.05453128097099862,0.016541251602016832,0.0002659310220592309
internvl_2_5_8b,attention_distribution,REAL,all_visual_tokens,26,27,3869,0.0724702898613217,0.022866799330099375,0.0003676258280440655
internvl_2_5_8b,attention_distribution,REAL,all_visual_tokens,27,28,3869,0.07166961766442423,0.022183973114031603,0.0003566481415970738
internvl_2_5_8b,attention_distribution,REAL,all_visual_tokens,28,29,3869,0.06825995129145804,0.019780118402088234,0.0003180017588559362
internvl_2_5_8b,attention_distribution,REAL,all_visual_tokens,29,30,3869,0.04873707613593141,0.016218833212552103,0.00026074755384872424
internvl_2_5_8b,attention_distribution,REAL,all_visual_tokens,30,31,3869,0.03724548809469116,0.009678968583647097,0.0001556072097721206
internvl_2_5_8b,attention_distribution,REAL,all_visual_tokens,31,32,3869,0.0436688605113435,0.012133684033629117,0.00019507127235845543
internvl_2_5_8b,attention_distribution,REAL,union_top32,1,2,3869,0.05934110654214227,0.022105085016643662,0.000355379870436497
internvl_2_5_8b,attention_distribution,REAL,union_top32,2,3,3869,0.05496363644048853,0.023444248664554242,0.00037690938743810084
internvl_2_5_8b,attention_distribution,REAL,union_top32,3,4,3869,0.04047153412821058,0.017346120153062965,0.00027887076335286634
internvl_2_5_8b,attention_distribution,REAL,union_top32,4,5,3869,0.04924579648963932,0.01988950879664208,0.000319760410506191
internvl_2_5_8b,attention_distribution,REAL,union_top32,5,6,3869,0.04490596265068702,0.012733122113869007,0.0002047083412559493
internvl_2_5_8b,attention_distribution,REAL,union_top32,6,7,3869,0.04692319259008994,0.026117055990532545,0.00041987967778046804
internvl_2_5_8b,attention_distribution,REAL,union_top32,7,8,3869,0.041344924127496734,0.01667218031898725,0.00026803594182942545
internvl_2_5_8b,attention_distribution,REAL,union_top32,8,9,3869,0.0391804029752011,0.01761545579402701,0.00028320082881597874
internvl_2_5_8b,attention_distribution,REAL,union_top32,9,10,3869,0.057479348294600614,0.02540961904399411,0.0004085063286070301
internvl_2_5_8b,attention_distribution,REAL,union_top32,10,11,3869,0.040635564157719545,0.012481733522332556,0.00020066680759877622
internvl_2_5_8b,attention_distribution,REAL,union_top32,11,12,3869,0.04231676317291162,0.015958678139251656,0.0002565650828845412
internvl_2_5_8b,attention_distribution,REAL,union_top32,12,13,3869,0.037121227469163354,0.013188635379145523,0.0002120315542213909
internvl_2_5_8b,attention_distribution,REAL,union_top32,13,14,3869,0.06118909893983493,0.02343475573428465,0.0003767567711361626
internvl_2_5_8b,attention_distribution,REAL,union_top32,14,15,3869,0.04155643825494109,0.017173806460103164,0.0002761005040287162
internvl_2_5_8b,attention_distribution,REAL,union_top32,15,16,3869,0.029729225811673463,0.011683397822165379,0.00018783209389029582
internvl_2_5_8b,attention_distribution,REAL,union_top32,16,17,3869,0.0271654978587561,0.01167616675710592,0.00018771584122888267
internvl_2_5_8b,attention_distribution,REAL,union_top32,17,18,3869,0.039487926423757626,0.0148149629821871,0.00023817775960449826
internvl_2_5_8b,attention_distribution,REAL,union_top32,18,19,3869,0.04601612392139931,0.016745151625896255,0.00026920908970808673
internvl_2_5_8b,attention_distribution,REAL,union_top32,19,20,3869,0.026729476201242334,0.008776906589081184,0.00014110490523390457
internvl_2_5_8b,attention_distribution,REAL,union_top32,20,21,3869,0.03231616635872092,0.010306090170835287,0.00016568934192565294
internvl_2_5_8b,attention_distribution,REAL,union_top32,21,22,3869,0.03547957711380084,0.012972327703250701,0.00020855401076132085
internvl_2_5_8b,attention_distribution,REAL,union_top32,22,23,3869,0.04425613814278855,0.01593065200401147,0.0002561145112489653
internvl_2_5_8b,attention_distribution,REAL,union_top32,23,24,3869,0.05413728271861137,0.02097662459221385,0.00033723779502151303
internvl_2_5_8b,attention_distribution,REAL,union_top32,24,25,3869,0.0744163548955624,0.023951885018939523,0.0003850705748623729
internvl_2_5_8b,attention_distribution,REAL,union_top32,25,26,3869,0.05645696213095803,0.02018088335605551,0.0003244447920905582
internvl_2_5_8b,attention_distribution,REAL,union_top32,26,27,3869,0.07500237115324468,0.02720631990647617,0.0004373915972789787
internvl_2_5_8b,attention_distribution,REAL,union_top32,27,28,3869,0.07547956440789381,0.027938163665808452,0.00044915733082741066
internvl_2_5_8b,attention_distribution,REAL,union_top32,28,29,3869,0.06637806855825744,0.024298884200429218,0.0003906492244837849
internvl_2_5_8b,attention_distribution,REAL,union_top32,29,30,3869,0.05010578947218314,0.01917858825584681,0.0003083310561522837
internvl_2_5_8b,attention_distribution,REAL,union_top32,30,31,3869,0.036856803759493455,0.012201354255112649,0.00019615919554559177
internvl_2_5_8b,attention_distribution,REAL,union_top32,31,32,3869,0.04501436236821178,0.015485053452539397,0.00024895069553101604
internvl_2_5_8b,attention_evidence,HALL,all_visual_tokens,1,2,1321,0.05767161737532439,0.018138885895803883,0.0004990673978846291
internvl_2_5_8b,attention_evidence,HALL,all_visual_tokens,2,3,1321,0.04134931703528882,0.014972900678933754,0.0004119595119317165
internvl_2_5_8b,attention_evidence,HALL,all_visual_tokens,3,4,1321,0.03723385040052545,0.013017218504833917,0.00035815150964734556
internvl_2_5_8b,attention_evidence,HALL,all_visual_tokens,4,5,1321,0.04637284480588035,0.017895957930093326,0.0004923835569686541
internvl_2_5_8b,attention_evidence,HALL,all_visual_tokens,5,6,1321,0.04255999924500813,0.014680896708707763,0.0004039254098137701
internvl_2_5_8b,attention_evidence,HALL,all_visual_tokens,6,7,1321,0.04675673285497805,0.022502369588203945,0.0006191228668140565
internvl_2_5_8b,attention_evidence,HALL,all_visual_tokens,7,8,1321,0.05454853027325792,0.02267487670329534,0.00062386917138534
internvl_2_5_8b,attention_evidence,HALL,all_visual_tokens,8,9,1321,0.049092621138540744,0.021913500550193643,0.0006029209159234226
internvl_2_5_8b,attention_evidence,HALL,all_visual_tokens,9,10,1321,0.07446575179177194,0.03207109662445785,0.0008823937055239603
internvl_2_5_8b,attention_evidence,HALL,all_visual_tokens,10,11,1321,0.04435848516611598,0.014516831617705136,0.00039941137634331715
internvl_2_5_8b,attention_evidence,HALL,all_visual_tokens,11,12,1321,0.048657984102679235,0.01930458685243188,0.0005311401142839608
internvl_2_5_8b,attention_evidence,HALL,all_visual_tokens,12,13,1321,0.04689986784403113,0.018766671640671174,0.000516340090370801
internvl_2_5_8b,attention_evidence,HALL,all_visual_tokens,13,14,1321,0.0633596006208392,0.02356342235401215,0.0006483163269798039
internvl_2_5_8b,attention_evidence,HALL,all_visual_tokens,14,15,1321,0.04842655516083632,0.021291449648284583,0.0005858060100383066
internvl_2_5_8b,attention_evidence,HALL,all_visual_tokens,15,16,1321,0.04105418382309811,0.015574494712213609,0.0004285115741970925
internvl_2_5_8b,attention_evidence,HALL,all_visual_tokens,16,17,1321,0.028258789454803243,0.01243082385180234,0.0003420176381789976
internvl_2_5_8b,attention_evidence,HALL,all_visual_tokens,17,18,1321,0.046450845314856735,0.017055398518642052,0.0004692566791300618
internvl_2_5_8b,attention_evidence,HALL,all_visual_tokens,18,19,1321,0.04683283268192742,0.019593193843281724,0.0005390807530179012
internvl_2_5_8b,attention_evidence,HALL,all_visual_tokens,19,20,1321,0.032404235268771696,0.01343572600338519,0.00036966618863573403
internvl_2_5_8b,attention_evidence,HALL,all_visual_tokens,20,21,1321,0.03621034660460505,0.013879210177756812,0.00038186806774661474
internvl_2_5_8b,attention_evidence,HALL,all_visual_tokens,21,22,1321,0.04106199823427074,0.017472020215893256,0.00048071947279577064
internvl_2_5_8b,attention_evidence,HALL,all_visual_tokens,22,23,1321,0.046496728536680645,0.018496046911402372,0.0005088942097243686
internvl_2_5_8b,attention_evidence,HALL,all_visual_tokens,23,24,1321,0.049662452523880705,0.022216251517038828,0.0006112507074055684
internvl_2_5_8b,attention_evidence,HALL,all_visual_tokens,24,25,1321,0.07129195223955112,0.027193646613646285,0.0007481971347317493
internvl_2_5_8b,attention_evidence,HALL,all_visual_tokens,25,26,1321,0.04454540507409674,0.019252025092980105,0.0005296939471561384
internvl_2_5_8b,attention_evidence,HALL,all_visual_tokens,26,27,1321,0.05907675829475617,0.026243088842718768,0.0007220437978619501
internvl_2_5_8b,attention_evidence,HALL,all_visual_tokens,27,28,1321,0.06389578849212588,0.02956867278334954,0.0008135428311119167
internvl_2_5_8b,attention_evidence,HALL,all_visual_tokens,28,29,1321,0.060484214891016165,0.023649531756694795,0.0006506855130355015
internvl_2_5_8b,attention_evidence,HALL,all_visual_tokens,29,30,1321,0.044637954236204924,0.02018254962155633,0.0005552960959216139
internvl_2_5_8b,attention_evidence,HALL,all_visual_tokens,30,31,1321,0.03645129241528699,0.014412329618947688,0.00039653614239051487
internvl_2_5_8b,attention_evidence,HALL,all_visual_tokens,31,32,1321,0.045449330129524596,0.017829532871715792,0.0004905559595500895
internvl_2_5_8b,attention_evidence,HALL,union_top32,1,2,1321,0.05870935044347969,0.026407933691485065,0.0007265792853335105
internvl_2_5_8b,attention_evidence,HALL,union_top32,2,3,1321,0.043903836575784436,0.019320864183196777,0.0005315879634603661
internvl_2_5_8b,attention_evidence,HALL,union_top32,3,4,1321,0.03705915764261835,0.017073149957388165,0.0004697450864332788
internvl_2_5_8b,attention_evidence,HALL,union_top32,4,5,1321,0.052492226278698415,0.02571362249950823,0.0007074762333659024
internvl_2_5_8b,attention_evidence,HALL,union_top32,5,6,1321,0.04746082755063719,0.019180244793497045,0.0005277190073782396
internvl_2_5_8b,attention_evidence,HALL,union_top32,6,7,1321,0.052126373366694574,0.03185641193753332,0.0008764869409803957
internvl_2_5_8b,attention_evidence,HALL,union_top32,7,8,1321,0.05940574743163848,0.026219832714361527,0.000721403936321898
internvl_2_5_8b,attention_evidence,HALL,union_top32,8,9,1321,0.05046742833180693,0.02529359552471925,0.0006959197480032715
internvl_2_5_8b,attention_evidence,HALL,union_top32,9,10,1321,0.07843479588571414,0.03673051935327492,0.0010105915447006855
internvl_2_5_8b,attention_evidence,HALL,union_top32,10,11,1321,0.0454738666525535,0.018213632439250442,0.0005011239499327002
internvl_2_5_8b,attention_evidence,HALL,union_top32,11,12,1321,0.0509621914092629,0.02355101573901055,0.0006479749754160435
internvl_2_5_8b,attention_evidence,HALL,union_top32,12,13,1321,0.04352682275467754,0.02045279522551075,0.0005627315454376446
internvl_2_5_8b,attention_evidence,HALL,union_top32,13,14,1321,0.06161312240455793,0.026298016230483903,0.0007235550521165946
internvl_2_5_8b,attention_evidence,HALL,union_top32,14,15,1321,0.049027431240188275,0.024506791888385008,0.0006742718890505708
internvl_2_5_8b,attention_evidence,HALL,union_top32,15,16,1321,0.03394564932365927,0.016643737635381142,0.00045793037568452125
internvl_2_5_8b,attention_evidence,HALL,union_top32,16,17,1321,0.025580296456464126,0.013509604650647374,0.0003716988616709012
internvl_2_5_8b,attention_evidence,HALL,union_top32,17,18,1321,0.042448042930695346,0.01898401545089083,0.0005223200171665116
internvl_2_5_8b,attention_evidence,HALL,union_top32,18,19,1321,0.044520450462668254,0.022375466046485368,0.0006156312841054136
internvl_2_5_8b,attention_evidence,HALL,union_top32,19,20,1321,0.029055825438150214,0.014878676537201926,0.00040936705958915593
internvl_2_5_8b,attention_evidence,HALL,union_top32,20,21,1321,0.032007503314091794,0.014717461509115346,0.00040493144182138116
internvl_2_5_8b,attention_evidence,HALL,union_top32,21,22,1321,0.03934603888487879,0.019884569232721656,0.000547097560568857
internvl_2_5_8b,attention_evidence,HALL,union_top32,22,23,1321,0.045238076408170194,0.021084537586183245,0.000580113098962233
internvl_2_5_8b,attention_evidence,HALL,union_top32,23,24,1321,0.05027733110018317,0.025356610181463925,0.0006976535127422313
internvl_2_5_8b,attention_evidence,HALL,union_top32,24,25,1321,0.06611569721553472,0.02984531165286408,0.000821154182853994
internvl_2_5_8b,attention_evidence,HALL,union_top32,25,26,1321,0.04359734403554641,0.021485808845333826,0.0005911535456743707
internvl_2_5_8b,attention_evidence,HALL,union_top32,26,27,1321,0.059330211278335966,0.029416159408483192,0.0008093466277963229
internvl_2_5_8b,attention_evidence,HALL,union_top32,27,28,1321,0.06339115345601012,0.033028804938452686,0.0009087437801064597
internvl_2_5_8b,attention_evidence,HALL,union_top32,28,29,1321,0.056216506632912076,0.025962792441006157,0.0007143318139703983
internvl_2_5_8b,attention_evidence,HALL,union_top32,29,30,1321,0.043774517045767354,0.022672331596223106,0.0006237991461384107
internvl_2_5_8b,attention_evidence,HALL,union_top32,30,31,1321,0.03487722683320052,0.016722896178241763,0.00046010831804728386
internvl_2_5_8b,attention_evidence,HALL,union_top32,31,32,1321,0.04035327656026774,0.018674415293870116,0.0005138017792969662
internvl_2_5_8b,attention_evidence,REAL,all_visual_tokens,1,2,3869,0.05733980926590916,0.016208783615205887,0.0002605859881003841
internvl_2_5_8b,attention_evidence,REAL,all_visual_tokens,2,3,3869,0.04905665001638655,0.018718317048312325,0.0003009313505200232
internvl_2_5_8b,attention_evidence,REAL,all_visual_tokens,3,4,3869,0.03800402458301731,0.013654932543365996,0.000219528138182991
internvl_2_5_8b,attention_evidence,REAL,all_visual_tokens,4,5,3869,0.04683349466947398,0.015384965127274223,0.00024734159174163176
internvl_2_5_8b,attention_evidence,REAL,all_visual_tokens,5,6,3869,0.040491297253248425,0.011357523419989619,0.00018259306392336304
internvl_2_5_8b,attention_evidence,REAL,all_visual_tokens,6,7,3869,0.04619408464389012,0.01855534187183977,0.00029831122501245
internvl_2_5_8b,attention_evidence,REAL,all_visual_tokens,7,8,3869,0.040794989676666095,0.013708859890310102,0.0002203951194027217
internvl_2_5_8b,attention_evidence,REAL,all_visual_tokens,8,9,3869,0.04238239882148477,0.015645619484699072,0.00025153208961579087
internvl_2_5_8b,attention_evidence,REAL,all_visual_tokens,9,10,3869,0.054046273799591454,0.021577152370685772,0.00034689238282093485
internvl_2_5_8b,attention_evidence,REAL,all_visual_tokens,10,11,3869,0.042360102505061815,0.010840546889179022,0.00017428171599595863
internvl_2_5_8b,attention_evidence,REAL,all_visual_tokens,11,12,3869,0.041783834490072946,0.01275889000670191,0.00020512260749421454
internvl_2_5_8b,attention_evidence,REAL,all_visual_tokens,12,13,3869,0.040633540883136525,0.012205763553599638,0.00019623008312299043
internvl_2_5_8b,attention_evidence,REAL,all_visual_tokens,13,14,3869,0.06241456120840398,0.02012236110953184,0.0003235039394147338
internvl_2_5_8b,attention_evidence,REAL,all_visual_tokens,14,15,3869,0.040987705136414615,0.015193735999831572,0.00024426723204190267
internvl_2_5_8b,attention_evidence,REAL,all_visual_tokens,15,16,3869,0.0347826564542489,0.010665617267793743,0.0001714694008143342
internvl_2_5_8b,attention_evidence,REAL,all_visual_tokens,16,17,3869,0.02967606071535855,0.010383561806240933,0.00016693484085642982
internvl_2_5_8b,attention_evidence,REAL,all_visual_tokens,17,18,3869,0.04300571358542428,0.01369820278804416,0.00022022378689621257
internvl_2_5_8b,attention_evidence,REAL,all_visual_tokens,18,19,3869,0.0450507289563679,0.01443681149046036,0.00023209827933857611
internvl_2_5_8b,attention_evidence,REAL,all_visual_tokens,19,20,3869,0.029978449413065194,0.007883817544141187,0.00012674685735306355
internvl_2_5_8b,attention_evidence,REAL,all_visual_tokens,20,21,3869,0.03529795677405699,0.009065947492294875,0.00014575176900563804
internvl_2_5_8b,attention_evidence,REAL,all_visual_tokens,21,22,3869,0.036107184712982784,0.011153048623071182,0.00017930575574148135
internvl_2_5_8b,attention_evidence,REAL,all_visual_tokens,22,23,3869,0.04327498351912931,0.013813900525639616,0.00022208384067865723
internvl_2_5_8b,attention_evidence,REAL,all_visual_tokens,23,24,3869,0.048660139068210116,0.017329908936298634,0.00027861013824742164
internvl_2_5_8b,attention_evidence,REAL,all_visual_tokens,24,25,3869,0.07182342543886071,0.021180180809031824,0.0003405103353399442
internvl_2_5_8b,attention_evidence,REAL,all_visual_tokens,25,26,3869,0.0532581441091895,0.017109060061950097,0.00027505958667555777
internvl_2_5_8b,attention_evidence,REAL,all_visual_tokens,26,27,3869,0.07028051124994962,0.023256012860236697,0.0003738831509092881
internvl_2_5_8b,attention_evidence,REAL,all_visual_tokens,27,28,3869,0.06941151216194807,0.023007110687371136,0.0003698815910022475
internvl_2_5_8b,attention_evidence,REAL,all_visual_tokens,28,29,3869,0.06536014204179018,0.020284766856314425,0.00032611491029343803
internvl_2_5_8b,attention_evidence,REAL,all_visual_tokens,29,30,3869,0.048081274746377266,0.017290746695433578,0.00027798053324594137
internvl_2_5_8b,attention_evidence,REAL,all_visual_tokens,30,31,3869,0.035528503774317946,0.010278817430626789,0.0001652508824999395
internvl_2_5_8b,attention_evidence,REAL,all_visual_tokens,31,32,3869,0.043648095994525314,0.013078504414033838,0.00021026099653826197
internvl_2_5_8b,attention_evidence,REAL,union_top32,1,2,3869,0.059345150655763776,0.023291641589905238,0.0003744559482237471
internvl_2_5_8b,attention_evidence,REAL,union_top32,2,3,3869,0.05327793702860617,0.02333996882730586,0.00037523289738965426
internvl_2_5_8b,attention_evidence,REAL,union_top32,3,4,3869,0.039621860795801433,0.01695603789481363,0.00027259947408653473
internvl_2_5_8b,attention_evidence,REAL,union_top32,4,5,3869,0.052424242968424774,0.020762408336630612,0.0003337938749869489
internvl_2_5_8b,attention_evidence,REAL,union_top32,5,6,3869,0.043861238874685675,0.014157261313060674,0.00022760399642810555
internvl_2_5_8b,attention_evidence,REAL,union_top32,6,7,3869,0.0505624771961626,0.025521830125130925,0.0004103103279784831
internvl_2_5_8b,attention_evidence,REAL,union_top32,7,8,3869,0.043301653868932075,0.016848169825847838,0.00027086529661811805
internvl_2_5_8b,attention_evidence,REAL,union_top32,8,9,3869,0.0429257260017823,0.018484311906441557,0.0002971692877667294
internvl_2_5_8b,attention_evidence,REAL,union_top32,9,10,3869,0.056099796432758156,0.025129485656109306,0.0004040026695160797
internvl_2_5_8b,attention_evidence,REAL,union_top32,10,11,3869,0.04319636884987216,0.013485074503513243,0.00021679735799598796
internvl_2_5_8b,attention_evidence,REAL,union_top32,11,12,3869,0.04292965183334469,0.01602772288085382,0.0002576751040089306
internvl_2_5_8b,attention_evidence,REAL,union_top32,12,13,3869,0.03915278362117479,0.013732127578717317,0.00022076919025950815
internvl_2_5_8b,attention_evidence,REAL,union_top32,13,14,3869,0.0649908688805206,0.024827632068332467,0.0003991498182904836
internvl_2_5_8b,attention_evidence,REAL,union_top32,14,15,3869,0.04159764427779318,0.017655909931882523,0.00028385120343606677
internvl_2_5_8b,attention_evidence,REAL,union_top32,15,16,3869,0.030701179978090853,0.012048639362453116,0.00019370402295855102
internvl_2_5_8b,attention_evidence,REAL,union_top32,16,17,3869,0.027454106973637735,0.01151418243524357,0.00018511164553034352
internvl_2_5_8b,attention_evidence,REAL,union_top32,17,18,3869,0.03898500342670184,0.014835761082240358,0.0002385121272894308
internvl_2_5_8b,attention_evidence,REAL,union_top32,18,19,3869,0.04213738426157873,0.01597017240004833,0.00025674987425311583
internvl_2_5_8b,attention_evidence,REAL,union_top32,19,20,3869,0.02639250121996265,0.008849404162450456,0.0001422704369752
internvl_2_5_8b,attention_evidence,REAL,union_top32,20,21,3869,0.03126425750849205,0.009730605367622911,0.00015643736598211776
internvl_2_5_8b,attention_evidence,REAL,union_top32,21,22,3869,0.03406797555263467,0.01274309548344875,0.00020486868150283797
internvl_2_5_8b,attention_evidence,REAL,union_top32,22,23,3869,0.04210109112827114,0.015783442474437578,0.0002537478474922958
internvl_2_5_8b,attention_evidence,REAL,union_top32,23,24,3869,0.049258133637220335,0.020380754357882162,0.0003276580858046374
internvl_2_5_8b,attention_evidence,REAL,union_top32,24,25,3869,0.06745658112792396,0.023973239473441817,0.00038541388696764433
internvl_2_5_8b,attention_evidence,REAL,union_top32,25,26,3869,0.053198011904958764,0.019594796733312377,0.00031502237241209073
internvl_2_5_8b,attention_evidence,REAL,union_top32,26,27,3869,0.06964804037551366,0.026390056428332562,0.00042426866158855694
internvl_2_5_8b,attention_evidence,REAL,union_top32,27,28,3869,0.06986535922545939,0.027249309881068964,0.00043808274013544594
internvl_2_5_8b,attention_evidence,REAL,union_top32,28,29,3869,0.0604623305351582,0.02353700478978801,0.0003784006126355135
internvl_2_5_8b,attention_evidence,REAL,union_top32,29,30,3869,0.04761317016017178,0.019099006040364276,0.0003070516257675583
internvl_2_5_8b,attention_evidence,REAL,union_top32,30,31,3869,0.0345285771133965,0.012014241187484464,0.00019315100907263259
internvl_2_5_8b,attention_evidence,REAL,union_top32,31,32,3869,0.04181870692244686,0.015399936129308702,0.00024758227811579915
llava_1_5_7b,attention_distribution,HALL,all_visual_tokens,1,2,2005,0.03186569024629873,0.006173065310149609,0.0001378617170541317
llava_1_5_7b,attention_distribution,HALL,all_visual_tokens,2,3,2005,0.2908513055998191,0.03783393221295051,0.0008449369309621919
llava_1_5_7b,attention_distribution,HALL,all_visual_tokens,3,4,2005,0.009677996899598184,0.005351120144719355,0.00011950539549630731
llava_1_5_7b,attention_distribution,HALL,all_visual_tokens,4,5,2005,0.008811178904472666,0.004538220741512126,0.00010135109096721567
llava_1_5_7b,attention_distribution,HALL,all_visual_tokens,5,6,2005,0.012809595363237837,0.006296846664570325,0.00014062609896204194
llava_1_5_7b,attention_distribution,HALL,all_visual_tokens,6,7,2005,0.015330641955936192,0.012272113721998608,0.0002740704309116236
llava_1_5_7b,attention_distribution,HALL,all_visual_tokens,7,8,2005,0.022638754936357836,0.009481745528542647,0.00021175374851226778
llava_1_5_7b,attention_distribution,HALL,all_visual_tokens,8,9,2005,0.025970064242488874,0.01072179112122652,0.00023944741544168247
llava_1_5_7b,attention_distribution,HALL,all_visual_tokens,9,10,2005,0.029291572867709205,0.012704298390289111,0.00028372231655699923
llava_1_5_7b,attention_distribution,HALL,all_visual_tokens,10,11,2005,0.03886102923932962,0.015179682414421336,0.00033900452641376876
llava_1_5_7b,attention_distribution,HALL,all_visual_tokens,11,12,2005,0.04800965207120278,0.016013208082456234,0.00035761947280272866
llava_1_5_7b,attention_distribution,HALL,all_visual_tokens,12,13,2005,0.05043507868939653,0.015409901484192834,0.0003441459585326093
llava_1_5_7b,attention_distribution,HALL,all_visual_tokens,13,14,2005,0.05620553343094644,0.02582540609521679,0.000576753144350021
llava_1_5_7b,attention_distribution,HALL,all_visual_tokens,14,15,2005,0.06148831576777813,0.022700084928192265,0.0005069560304715707
llava_1_5_7b,attention_distribution,HALL,all_visual_tokens,15,16,2005,0.04826806641910736,0.015605815246909587,0.000348521257734168
llava_1_5_7b,attention_distribution,HALL,all_visual_tokens,16,17,2005,0.05309121153616994,0.02702083183587951,0.0006034503258859921
llava_1_5_7b,attention_distribution,HALL,all_visual_tokens,17,18,2005,0.06994683007498334,0.023513863351503773,0.0005251299659643428
llava_1_5_7b,attention_distribution,HALL,all_visual_tokens,18,19,2005,0.05650771271966937,0.018853207135320776,0.00042104455032722425
llava_1_5_7b,attention_distribution,HALL,all_visual_tokens,19,20,2005,0.06943145461956461,0.020362936411013645,0.00045476100394900934
llava_1_5_7b,attention_distribution,HALL,all_visual_tokens,20,21,2005,0.05582269627944638,0.019299713876058472,0.00043101628768323985
llava_1_5_7b,attention_distribution,HALL,all_visual_tokens,21,22,2005,0.0513633032187708,0.014461969610804055,0.0003229760033887928
llava_1_5_7b,attention_distribution,HALL,all_visual_tokens,22,23,2005,0.05319021338239275,0.017493850466001153,0.0003906863352256823
llava_1_5_7b,attention_distribution,HALL,all_visual_tokens,23,24,2005,0.06606386512183489,0.02351755440406995,0.0005252123974337902
llava_1_5_7b,attention_distribution,HALL,all_visual_tokens,24,25,2005,0.06774321167434838,0.021221468028215985,0.00047393440273002865
llava_1_5_7b,attention_distribution,HALL,all_visual_tokens,25,26,2005,0.08778985990513292,0.021128143476971322,0.00047185020594423704
llava_1_5_7b,attention_distribution,HALL,all_visual_tokens,26,27,2005,0.07497390053627496,0.02055842575563532,0.0004591268247141031
llava_1_5_7b,attention_distribution,HALL,all_visual_tokens,27,28,2005,0.21470222927982968,0.051963238459846954,0.0011604836362235369
llava_1_5_7b,attention_distribution,HALL,all_visual_tokens,28,29,2005,0.08809348695407485,0.027836476176793922,0.0006216659325083723
llava_1_5_7b,attention_distribution,HALL,all_visual_tokens,29,30,2005,0.06488335710808524,0.01812170990468352,0.00040470818270931056
llava_1_5_7b,attention_distribution,HALL,all_visual_tokens,30,31,2005,0.07862383126655124,0.02087696297511933,0.00046624064674859737
llava_1_5_7b,attention_distribution,HALL,all_visual_tokens,31,32,2005,0.03895946437042402,0.01406959604887705,0.0003142132104721257
llava_1_5_7b,attention_distribution,HALL,union_top32,1,2,2005,0.05227288657293058,0.008809372773413697,0.00019673779487087536
llava_1_5_7b,attention_distribution,HALL,union_top32,2,3,2005,0.19488207018583492,0.029021582361271947,0.0006481326496537399
llava_1_5_7b,attention_distribution,HALL,union_top32,3,4,2005,0.006148237644223278,0.0040282773476446165,8.996263671525791e-05
llava_1_5_7b,attention_distribution,HALL,union_top32,4,5,2005,0.005813350016947956,0.003658361762512519,8.170139288108911e-05
llava_1_5_7b,attention_distribution,HALL,union_top32,5,6,2005,0.0076000920451011625,0.004781526682462778,0.00010678478931700925
llava_1_5_7b,attention_distribution,HALL,union_top32,6,7,2005,0.012353002606075898,0.014226947116473763,0.0003177272974401539
llava_1_5_7b,attention_distribution,HALL,union_top32,7,8,2005,0.011587040370302344,0.009978199042300491,0.00022284093622299602
llava_1_5_7b,attention_distribution,HALL,union_top32,8,9,2005,0.01902012673631645,0.013954093595121292,0.00031163371944154265
llava_1_5_7b,attention_distribution,HALL,union_top32,9,10,2005,0.02736331257374581,0.016773537861792896,0.00037459975142288164
llava_1_5_7b,attention_distribution,HALL,union_top32,10,11,2005,0.041253131667519004,0.022195100366395035,0.0004956783207313659
llava_1_5_7b,attention_distribution,HALL,union_top32,11,12,2005,0.05422741869589932,0.023829242166857872,0.0005321732520503862
llava_1_5_7b,attention_distribution,HALL,union_top32,12,13,2005,0.050003472081109175,0.0202245128346456,0.0004516696205017135
llava_1_5_7b,attention_distribution,HALL,union_top32,13,14,2005,0.054226141622722,0.02913175769403282,0.0006505931712565895
llava_1_5_7b,attention_distribution,HALL,union_top32,14,15,2005,0.06031624969243632,0.02697823943766992,0.0006024991191749643
llava_1_5_7b,attention_distribution,HALL,union_top32,15,16,2005,0.045106113740147794,0.01868044637391185,0.00041718632203855636
llava_1_5_7b,attention_distribution,HALL,union_top32,16,17,2005,0.05569698593470075,0.03319872709108853,0.0007414199090464604
llava_1_5_7b,attention_distribution,HALL,union_top32,17,18,2005,0.07666528052708454,0.029455076389103108,0.0006578137769392809
llava_1_5_7b,attention_distribution,HALL,union_top32,18,19,2005,0.05807635402515939,0.024870604724077476,0.0005554297742158218
llava_1_5_7b,attention_distribution,HALL,union_top32,19,20,2005,0.07125598041809854,0.02603817060984333,0.000581504767707444
llava_1_5_7b,attention_distribution,HALL,union_top32,20,21,2005,0.055373091382576047,0.025536101300986047,0.0005702921636733602
llava_1_5_7b,attention_distribution,HALL,union_top32,21,22,2005,0.047972117911587626,0.018544708092574365,0.00041415490869770044
llava_1_5_7b,attention_distribution,HALL,union_top32,22,23,2005,0.0507143385383182,0.021035674313093673,0.0004697851123373749
llava_1_5_7b,attention_distribution,HALL,union_top32,23,24,2005,0.06872580522332257,0.02963172698350498,0.0006617588760171787
llava_1_5_7b,attention_distribution,HALL,union_top32,24,25,2005,0.06970080899961868,0.026429838870040457,0.0005902518092748807
llava_1_5_7b,attention_distribution,HALL,union_top32,25,26,2005,0.09632878076108614,0.02807116100470078,0.0006269070974266499
llava_1_5_7b,attention_distribution,HALL,union_top32,26,27,2005,0.08445589299176696,0.028543191796357816,0.0006374488578278018
llava_1_5_7b,attention_distribution,HALL,union_top32,27,28,2005,0.26715457940711046,0.06990801179413485,0.0015612403332156458
llava_1_5_7b,attention_distribution,HALL,union_top32,28,29,2005,0.10716488146016426,0.03991839721568886,0.0008914888318378023
llava_1_5_7b,attention_distribution,HALL,union_top32,29,30,2005,0.07983509696964314,0.02756245083446713,0.0006155461844883077
llava_1_5_7b,attention_distribution,HALL,union_top32,30,31,2005,0.10209969384154477,0.03229002141198623,0.000721125983917901
llava_1_5_7b,attention_distribution,HALL,union_top32,31,32,2005,0.03904438979895855,0.021769854705279368,0.00048618140241513894
llava_1_5_7b,attention_distribution,REAL,all_visual_tokens,1,2,3931,0.03184177890690994,0.006498540554136787,0.000103648807922768
llava_1_5_7b,attention_distribution,REAL,all_visual_tokens,2,3,3931,0.2881534079222908,0.03686642033096079,0.0005880028735454057
llava_1_5_7b,attention_distribution,REAL,all_visual_tokens,3,4,3931,0.009611838251360366,0.0047608385933238274,7.593324082537312e-05
llava_1_5_7b,attention_distribution,REAL,all_visual_tokens,4,5,3931,0.011933904913420161,0.005075600395454397,8.095355043161044e-05
llava_1_5_7b,attention_distribution,REAL,all_visual_tokens,5,6,3931,0.015999273972145605,0.006797579368377163,0.00010841834292227222
llava_1_5_7b,attention_distribution,REAL,all_visual_tokens,6,7,3931,0.033271426327158876,0.01800423090644085,0.00028715940994335004
llava_1_5_7b,attention_distribution,REAL,all_visual_tokens,7,8,3931,0.02797686654190182,0.009667440545463117,0.00015419134186423278
llava_1_5_7b,attention_distribution,REAL,all_visual_tokens,8,9,3931,0.03040170644371337,0.011531473588876637,0.00018392183308282983
llava_1_5_7b,attention_distribution,REAL,all_visual_tokens,9,10,3931,0.03551865397274676,0.015185087759557342,0.0002421953408413869
llava_1_5_7b,attention_distribution,REAL,all_visual_tokens,10,11,3931,0.040224148017640744,0.013249912856524385,0.00021133016886154267
llava_1_5_7b,attention_distribution,REAL,all_visual_tokens,11,12,3931,0.037825728123389225,0.010497542313882401,0.000167431092856703
llava_1_5_7b,attention_distribution,REAL,all_visual_tokens,12,13,3931,0.043512801041519084,0.011227719731733971,0.00017907709526323763
llava_1_5_7b,attention_distribution,REAL,all_visual_tokens,13,14,3931,0.04481911735433381,0.014860827779145162,0.00023702353955049735
llava_1_5_7b,attention_distribution,REAL,all_visual_tokens,14,15,3931,0.057033662724774684,0.016855293865944906,0.00026883437932552755
llava_1_5_7b,attention_distribution,REAL,all_visual_tokens,15,16,3931,0.03904115291432217,0.0101332924534962,0.0001616214709115062
llava_1_5_7b,attention_distribution,REAL,all_visual_tokens,16,17,3931,0.04092898436745473,0.017582182012788043,0.00028042791933437174
llava_1_5_7b,attention_distribution,REAL,all_visual_tokens,17,18,3931,0.04946994299509239,0.014539338155227132,0.0002318959242034744
llava_1_5_7b,attention_distribution,REAL,all_visual_tokens,18,19,3931,0.05193214594874331,0.012546048732079082,0.00020010385168607814
llava_1_5_7b,attention_distribution,REAL,all_visual_tokens,19,20,3931,0.06507345204365007,0.016804596646469362,0.00026802578140729284
llava_1_5_7b,attention_distribution,REAL,all_visual_tokens,20,21,3931,0.05009141759020595,0.013131276318531091,0.00020943796927662793
llava_1_5_7b,attention_distribution,REAL,all_visual_tokens,21,22,3931,0.04391251664719594,0.012371710518127922,0.00019732323534601092
llava_1_5_7b,attention_distribution,REAL,all_visual_tokens,22,23,3931,0.04800188284309515,0.013475759138693207,0.00021493231579370055
llava_1_5_7b,attention_distribution,REAL,all_visual_tokens,23,24,3931,0.053652837226668165,0.01642466675030753,0.00026196606992233065
llava_1_5_7b,attention_distribution,REAL,all_visual_tokens,24,25,3931,0.05861585525095963,0.015389504391006495,0.00024545569445352295
llava_1_5_7b,attention_distribution,REAL,all_visual_tokens,25,26,3931,0.07883065706391397,0.01711448427606528,0.00027296835014715905
llava_1_5_7b,attention_distribution,REAL,all_visual_tokens,26,27,3931,0.06898149508528963,0.015356901690711322,0.0002449356960027159
llava_1_5_7b,attention_distribution,REAL,all_visual_tokens,27,28,3931,0.16496869721157317,0.03769139964008493,0.0006011609236090056
llava_1_5_7b,attention_distribution,REAL,all_visual_tokens,28,29,3931,0.07896774383586377,0.025807535179789374,0.0004116186141374909
llava_1_5_7b,attention_distribution,REAL,all_visual_tokens,29,30,3931,0.05606877328498662,0.013888038706095798,0.00022150799002950891
llava_1_5_7b,attention_distribution,REAL,all_visual_tokens,30,31,3931,0.059095132398494656,0.013898948610128204,0.00022168199810687498
llava_1_5_7b,attention_distribution,REAL,all_visual_tokens,31,32,3931,0.04421578663446557,0.014063537369024371,0.00022430711501042586
llava_1_5_7b,attention_distribution,REAL,union_top32,1,2,3931,0.05589850336840152,0.008508563705722913,0.00013570777590542465
llava_1_5_7b,attention_distribution,REAL,union_top32,2,3,3931,0.19665986559176318,0.029624346121031653,0.0004724950372098233
llava_1_5_7b,attention_distribution,REAL,union_top32,3,4,3931,0.006112714996679867,0.004266961616394484,6.805612449551642e-05
llava_1_5_7b,attention_distribution,REAL,union_top32,4,5,3931,0.008083968889027458,0.004308987584197016,6.872641983771602e-05
llava_1_5_7b,attention_distribution,REAL,union_top32,5,6,3931,0.01063970804670662,0.006084425258706631,9.704385464805198e-05
llava_1_5_7b,attention_distribution,REAL,union_top32,6,7,3931,0.03300540856836983,0.022554168056491224,0.00035972886731574935
llava_1_5_7b,attention_distribution,REAL,union_top32,7,8,3931,0.02020267783115703,0.01232972311374054,0.00019665355507299132
llava_1_5_7b,attention_distribution,REAL,union_top32,8,9,3931,0.02855211299285198,0.01645208510602047,0.0002624033804016874
llava_1_5_7b,attention_distribution,REAL,union_top32,9,10,3931,0.036157192979590774,0.020473464238780527,0.00032654257440129154
llava_1_5_7b,attention_distribution,REAL,union_top32,10,11,3931,0.042907405128648976,0.018943099110162617,0.0003021339368085252
llava_1_5_7b,attention_distribution,REAL,union_top32,11,12,3931,0.03799603867795412,0.014359577484087512,0.00022902882210265612
llava_1_5_7b,attention_distribution,REAL,union_top32,12,13,3931,0.04160118517111698,0.0140228159767325,0.00022365762706265564
llava_1_5_7b,attention_distribution,REAL,union_top32,13,14,3931,0.04277683356201124,0.01855401201598789,0.0002959281721213029
llava_1_5_7b,attention_distribution,REAL,union_top32,14,15,3931,0.057290017920875784,0.019316831623767006,0.000308094802820574
llava_1_5_7b,attention_distribution,REAL,union_top32,15,16,3931,0.03526293241905289,0.011580368436293705,0.00018470168397490724
llava_1_5_7b,attention_distribution,REAL,union_top32,16,17,3931,0.03903133098909802,0.02039558668715132,0.00032530046237274187
llava_1_5_7b,attention_distribution,REAL,union_top32,17,18,3931,0.04881763848834094,0.018214067442093532,0.00029050620859727227
llava_1_5_7b,attention_distribution,REAL,union_top32,18,19,3931,0.049132861486034095,0.015481447283914871,0.00024692214236864097
llava_1_5_7b,attention_distribution,REAL,union_top32,19,20,3931,0.06585434590769812,0.021370105812993066,0.0003408436054600211
llava_1_5_7b,attention_distribution,REAL,union_top32,20,21,3931,0.0451993966194145,0.01645759557261981,0.000262491269873079
llava_1_5_7b,attention_distribution,REAL,union_top32,21,22,3931,0.040602574060016904,0.015055039667934342,0.00024012113209296654
llava_1_5_7b,attention_distribution,REAL,union_top32,22,23,3931,0.0467460618532779,0.016506308882560616,0.00026326822532381054
llava_1_5_7b,attention_distribution,REAL,union_top32,23,24,3931,0.05503717257566153,0.020862558769939785,0.00033274845770508245
llava_1_5_7b,attention_distribution,REAL,union_top32,24,25,3931,0.0624852288714334,0.019384947893164695,0.000309181226774445
llava_1_5_7b,attention_distribution,REAL,union_top32,25,26,3931,0.08625484272530594,0.023248708340731842,0.0003708064734207162
llava_1_5_7b,attention_distribution,REAL,union_top32,26,27,3931,0.07928286298362695,0.021489072480210425,0.00034274107045803126
llava_1_5_7b,attention_distribution,REAL,union_top32,27,28,3931,0.19713740870148072,0.0513000334061025,0.0008182125301281575
llava_1_5_7b,attention_distribution,REAL,union_top32,28,29,3931,0.09401131929373413,0.03405857818898594,0.0005432190504044169
llava_1_5_7b,attention_distribution,REAL,union_top32,29,30,3931,0.06316097473327181,0.019064344281530452,0.0003040677429260646
llava_1_5_7b,attention_distribution,REAL,union_top32,30,31,3931,0.07292572240229328,0.020950592769059882,0.0003341525605170074
llava_1_5_7b,attention_distribution,REAL,union_top32,31,32,3931,0.04628082848606758,0.021118191772719737,0.00033682568947475926
llava_1_5_7b,attention_evidence,HALL,all_visual_tokens,1,2,2005,0.030659344914065037,0.009112211173461273,0.00020350101860541788
llava_1_5_7b,attention_evidence,HALL,all_visual_tokens,2,3,2005,0.23717788578640492,0.08926407507812223,0.001993515059898274
llava_1_5_7b,attention_evidence,HALL,all_visual_tokens,3,4,2005,0.013648006631795344,0.009293289891947389,0.00020754501000972277
llava_1_5_7b,attention_evidence,HALL,all_visual_tokens,4,5,2005,0.0111549090342062,0.00834950230157657,0.00018646760823187744
llava_1_5_7b,attention_evidence,HALL,all_visual_tokens,5,6,2005,0.013908580490655064,0.007744622485344641,0.000172958959629049
llava_1_5_7b,attention_evidence,HALL,all_visual_tokens,6,7,2005,0.01876988065861017,0.01399398172331751,0.00031252453228199073
llava_1_5_7b,attention_evidence,HALL,all_visual_tokens,7,8,2005,0.0305034040178444,0.016054457942510567,0.00035854069690285006
llava_1_5_7b,attention_evidence,HALL,all_visual_tokens,8,9,2005,0.029198080533534808,0.012923849426177811,0.00028862550180904314
llava_1_5_7b,attention_evidence,HALL,all_visual_tokens,9,10,2005,0.03249681031150265,0.015046393669239074,0.00033602781802796814
llava_1_5_7b,attention_evidence,HALL,all_visual_tokens,10,11,2005,0.04240219915318222,0.018573749467656518,0.0004148034833738595
llava_1_5_7b,attention_evidence,HALL,all_visual_tokens,11,12,2005,0.051352980477442765,0.018275964061662393,0.00040815310705003975
llava_1_5_7b,attention_evidence,HALL,all_visual_tokens,12,13,2005,0.053523536824488877,0.01735048105963209,0.0003874844976390018
llava_1_5_7b,attention_evidence,HALL,all_visual_tokens,13,14,2005,0.05751934858257336,0.026847250177291622,0.0005995737646802189
llava_1_5_7b,attention_evidence,HALL,all_visual_tokens,14,15,2005,0.0638475390202238,0.024120891209502397,0.0005386865863140074
llava_1_5_7b,attention_evidence,HALL,all_visual_tokens,15,16,2005,0.05081448467387969,0.017721908807922772,0.0003957795122821665
llava_1_5_7b,attention_evidence,HALL,all_visual_tokens,16,17,2005,0.05572396950271361,0.028312415512015365,0.0006322949815578533
llava_1_5_7b,attention_evidence,HALL,all_visual_tokens,17,18,2005,0.07560758984780074,0.025980832984221804,0.0005802242590585246
llava_1_5_7b,attention_evidence,HALL,all_visual_tokens,18,19,2005,0.05953119081396266,0.020883443496809997,0.00046638537482173353
llava_1_5_7b,attention_evidence,HALL,all_visual_tokens,19,20,2005,0.07123072122286382,0.021931623298639513,0.000489794145019594
llava_1_5_7b,attention_evidence,HALL,all_visual_tokens,20,21,2005,0.05752132818511597,0.020905605573643977,0.00046688031563514023
llava_1_5_7b,attention_evidence,HALL,all_visual_tokens,21,22,2005,0.05396926256263643,0.017326840310760268,0.00038695653396647166
llava_1_5_7b,attention_evidence,HALL,all_visual_tokens,22,23,2005,0.05396529330391242,0.018905580180771632,0.00042221418609332214
llava_1_5_7b,attention_evidence,HALL,all_visual_tokens,23,24,2005,0.06647440372429732,0.02521588199728887,0.0005631407760201325
llava_1_5_7b,attention_evidence,HALL,all_visual_tokens,24,25,2005,0.06853617286667264,0.023058278332094,0.0005149554853968516
llava_1_5_7b,attention_evidence,HALL,all_visual_tokens,25,26,2005,0.08847753513706592,0.023669875041044713,0.000528614140895275
llava_1_5_7b,attention_evidence,HALL,all_visual_tokens,26,27,2005,0.07701248205882355,0.022196353296332915,0.0004957063021415578
llava_1_5_7b,attention_evidence,HALL,all_visual_tokens,27,28,2005,0.21881188931236242,0.056111043281708094,0.0012531156538707511
llava_1_5_7b,attention_evidence,HALL,all_visual_tokens,28,29,2005,0.09636648567277298,0.03356525192608351,0.0007496054279996312
llava_1_5_7b,attention_evidence,HALL,all_visual_tokens,29,30,2005,0.06466990865376822,0.019624653362089083,0.00043827309013585823
llava_1_5_7b,attention_evidence,HALL,all_visual_tokens,30,31,2005,0.0819405946759809,0.025283279052767744,0.000564645939715296
llava_1_5_7b,attention_evidence,HALL,all_visual_tokens,31,32,2005,0.041787653612414204,0.014774935522683582,0.00032996540262942355
llava_1_5_7b,attention_evidence,HALL,union_top32,1,2,2005,0.05324985654444023,0.013844334442908711,0.0003091824923078279
llava_1_5_7b,attention_evidence,HALL,union_top32,2,3,2005,0.17800011069994615,0.06877872274019006,0.0015360201678350383
llava_1_5_7b,attention_evidence,HALL,union_top32,3,4,2005,0.011743331691563743,0.011138705480139217,0.000248758272608498
llava_1_5_7b,attention_evidence,HALL,union_top32,4,5,2005,0.009570285274201257,0.010601144271665875,0.0002367530357450583
llava_1_5_7b,attention_evidence,HALL,union_top32,5,6,2005,0.011185521723300758,0.009471814000813235,0.00021153194987626498
llava_1_5_7b,attention_evidence,HALL,union_top32,6,7,2005,0.016819156863334173,0.017274453699318407,0.0003857865952340646
llava_1_5_7b,attention_evidence,HALL,union_top32,7,8,2005,0.020266679784473485,0.016397170758352,0.0003661944272417586
llava_1_5_7b,attention_evidence,HALL,union_top32,8,9,2005,0.024728400736787077,0.0172292819309819,0.00038477778401429613
llava_1_5_7b,attention_evidence,HALL,union_top32,9,10,2005,0.03246960750527847,0.020396659765688677,0.00045551414025111217
llava_1_5_7b,attention_evidence,HALL,union_top32,10,11,2005,0.046051570419175666,0.027366419187584826,0.0006111682526054699
llava_1_5_7b,attention_evidence,HALL,union_top32,11,12,2005,0.056790543348526124,0.026385421911483374,0.000589259855056782
llava_1_5_7b,attention_evidence,HALL,union_top32,12,13,2005,0.05415731891060708,0.023424919002116053,0.0005231435912683401
llava_1_5_7b,attention_evidence,HALL,union_top32,13,14,2005,0.056032542341813776,0.030820094963349736,0.0006882984381248698
llava_1_5_7b,attention_evidence,HALL,union_top32,14,15,2005,0.06075367715367652,0.02761132486993851,0.0006166376776300327
llava_1_5_7b,attention_evidence,HALL,union_top32,15,16,2005,0.04716980092859179,0.020832367308258937,0.0004652447014770579
llava_1_5_7b,attention_evidence,HALL,union_top32,16,17,2005,0.05707436083558194,0.03411019693468315,0.0007617755656558945
llava_1_5_7b,attention_evidence,HALL,union_top32,17,18,2005,0.07876643975012172,0.031030058703895923,0.0006929875124074978
llava_1_5_7b,attention_evidence,HALL,union_top32,18,19,2005,0.059922912896162556,0.026585628359963663,0.0005937310218703619
llava_1_5_7b,attention_evidence,HALL,union_top32,19,20,2005,0.0716037317497326,0.027296331767518705,0.0006096030055865662
llava_1_5_7b,attention_evidence,HALL,union_top32,20,21,2005,0.05626944674369403,0.026793263682596304,0.0005983680961051281
llava_1_5_7b,attention_evidence,HALL,union_top32,21,22,2005,0.050376203064423544,0.021284835224555234,0.0004753495684626626
llava_1_5_7b,attention_evidence,HALL,union_top32,22,23,2005,0.05075338093048319,0.021835899075941467,0.0004876563568962241
llava_1_5_7b,attention_evidence,HALL,union_top32,23,24,2005,0.0668811922312303,0.030385219550769973,0.0006785864606759518
llava_1_5_7b,attention_evidence,HALL,union_top32,24,25,2005,0.06945271525634197,0.02807440075266831,0.0006269794500092302
llava_1_5_7b,attention_evidence,HALL,union_top32,25,26,2005,0.09276312978524817,0.030292457082376698,0.0006765148167635101
llava_1_5_7b,attention_evidence,HALL,union_top32,26,27,2005,0.08406613563696048,0.02968180910045627,0.0006628773489782956
llava_1_5_7b,attention_evidence,HALL,union_top32,27,28,2005,0.26423729001509577,0.07191875107686574,0.0016061457337157347
llava_1_5_7b,attention_evidence,HALL,union_top32,28,29,2005,0.11814305916651525,0.04733799212027653,0.0010571890216139821
llava_1_5_7b,attention_evidence,HALL,union_top32,29,30,2005,0.07691002566915497,0.028555728222367585,0.0006377288310872112
llava_1_5_7b,attention_evidence,HALL,union_top32,30,31,2005,0.10168327316641808,0.03644770016170671,0.000813978513835821
llava_1_5_7b,attention_evidence,HALL,union_top32,31,32,2005,0.04048090258153374,0.021328076757835754,0.00047631527216521446
llava_1_5_7b,attention_evidence,REAL,all_visual_tokens,1,2,3931,0.02964555712298783,0.008503096475237682,0.00013562057603066626
llava_1_5_7b,attention_evidence,REAL,all_visual_tokens,2,3,3931,0.24108208921180976,0.07547522185076323,0.0012037959457771195
llava_1_5_7b,attention_evidence,REAL,all_visual_tokens,3,4,3931,0.01315861483417495,0.007368840645914979,0.00011752970414806937
llava_1_5_7b,attention_evidence,REAL,all_visual_tokens,4,5,3931,0.013870396986743519,0.006616447566149125,0.00010552937189540256
llava_1_5_7b,attention_evidence,REAL,all_visual_tokens,5,6,3931,0.01668038857818603,0.007368256430922755,0.0001175203861809027
llava_1_5_7b,attention_evidence,REAL,all_visual_tokens,6,7,3931,0.03559580258646029,0.018827081707690853,0.0003002835112607706
llava_1_5_7b,attention_evidence,REAL,all_visual_tokens,7,8,3931,0.032697633348776844,0.01224313850149642,0.00019527256933183973
llava_1_5_7b,attention_evidence,REAL,all_visual_tokens,8,9,3931,0.03346389353263927,0.012890726287139597,0.00020560130413746199
llava_1_5_7b,attention_evidence,REAL,all_visual_tokens,9,10,3931,0.039216962362694334,0.017917115546646382,0.0002857699590167552
llava_1_5_7b,attention_evidence,REAL,all_visual_tokens,10,11,3931,0.04373819658618503,0.015248922340145145,0.00024321347377862982
llava_1_5_7b,attention_evidence,REAL,all_visual_tokens,11,12,3931,0.041164438555567236,0.011870597223538396,0.0001893307029942059
llava_1_5_7b,attention_evidence,REAL,all_visual_tokens,12,13,3931,0.04676611296722632,0.012890898148514284,0.00020560404524932639
llava_1_5_7b,attention_evidence,REAL,all_visual_tokens,13,14,3931,0.04753639968218724,0.016695218162548396,0.00026628124363356286
llava_1_5_7b,attention_evidence,REAL,all_visual_tokens,14,15,3931,0.05911997492614441,0.017879769078165884,0.00028517429959047603
llava_1_5_7b,attention_evidence,REAL,all_visual_tokens,15,16,3931,0.040523219728073344,0.011215259817956914,0.00017887836522546165
llava_1_5_7b,attention_evidence,REAL,all_visual_tokens,16,17,3931,0.043814021876047236,0.018844102617871394,0.0003005549871460523
llava_1_5_7b,attention_evidence,REAL,all_visual_tokens,17,18,3931,0.05484905877441767,0.016099189141922064,0.00025677484801124605
llava_1_5_7b,attention_evidence,REAL,all_visual_tokens,18,19,3931,0.05526581651755521,0.014227157534548052,0.00022691678328399845
llava_1_5_7b,attention_evidence,REAL,all_visual_tokens,19,20,3931,0.06677830445003764,0.018027966945498526,0.00028753798912318915
llava_1_5_7b,attention_evidence,REAL,all_visual_tokens,20,21,3931,0.04955823880463225,0.013646882860722947,0.0002176616624289845
llava_1_5_7b,attention_evidence,REAL,all_visual_tokens,21,22,3931,0.04390184988683036,0.01234826425850925,0.00019694927801828813
llava_1_5_7b,attention_evidence,REAL,all_visual_tokens,22,23,3931,0.04836740785666214,0.013787248534903259,0.0002199004319928374
llava_1_5_7b,attention_evidence,REAL,all_visual_tokens,23,24,3931,0.05236084213282764,0.016622037314623115,0.00026511404192311043
llava_1_5_7b,attention_evidence,REAL,all_visual_tokens,24,25,3931,0.057155241584203924,0.01636259827586046,0.0002609761055861185
llava_1_5_7b,attention_evidence,REAL,all_visual_tokens,25,26,3931,0.07651714563532751,0.018812841916033475,0.0003000563929688925
llava_1_5_7b,attention_evidence,REAL,all_visual_tokens,26,27,3931,0.07034868322250286,0.017287481597132063,0.0002757275798469706
llava_1_5_7b,attention_evidence,REAL,all_visual_tokens,27,28,3931,0.16510129275515437,0.04047703159137193,0.0006455905041674704
llava_1_5_7b,attention_evidence,REAL,all_visual_tokens,28,29,3931,0.08916653070482278,0.029002413738725922,0.00046257549458366835
llava_1_5_7b,attention_evidence,REAL,all_visual_tokens,29,30,3931,0.05497736015995096,0.015471851806753808,0.0002467690988104899
llava_1_5_7b,attention_evidence,REAL,all_visual_tokens,30,31,3931,0.059988872333129106,0.015407359876766414,0.0002457404814450759
llava_1_5_7b,attention_evidence,REAL,all_visual_tokens,31,32,3931,0.049818761692235744,0.01540487369422664,0.0002457008279483593
llava_1_5_7b,attention_evidence,REAL,union_top32,1,2,3931,0.052195163378295356,0.012746463427223492,0.0002033003762086034
llava_1_5_7b,attention_evidence,REAL,union_top32,2,3,3931,0.18695610250090255,0.06367183221875268,0.0010155371737322076
llava_1_5_7b,attention_evidence,REAL,union_top32,3,4,3931,0.011126929335941754,0.009128886191793617,0.00014560164140850094
llava_1_5_7b,attention_evidence,REAL,union_top32,4,5,3931,0.011622874290712938,0.008170645998081316,0.00013031813998928805
llava_1_5_7b,attention_evidence,REAL,union_top32,5,6,3931,0.01406351181459799,0.00894221219830314,0.00014262427491608848
llava_1_5_7b,attention_evidence,REAL,union_top32,6,7,3931,0.036230058696536054,0.023255596837628623,0.0003709163418574495
llava_1_5_7b,attention_evidence,REAL,union_top32,7,8,3931,0.0264535750897615,0.015380656156372843,0.0002453145690786239
llava_1_5_7b,attention_evidence,REAL,union_top32,8,9,3931,0.03274191490662834,0.01807928387068883,0.0002883564710697012
llava_1_5_7b,attention_evidence,REAL,union_top32,9,10,3931,0.04116847868513622,0.024329455160384022,0.0003880439005922622
llava_1_5_7b,attention_evidence,REAL,union_top32,10,11,3931,0.046763984246937125,0.02188725999345657,0.00034909198274885657
llava_1_5_7b,attention_evidence,REAL,union_top32,11,12,3931,0.0412343676659013,0.015873868513963964,0.00025318108502804824
llava_1_5_7b,attention_evidence,REAL,union_top32,12,13,3931,0.04570148450601301,0.016599665163490547,0.0002647572161441157
llava_1_5_7b,attention_evidence,REAL,union_top32,13,14,3931,0.04594354740981533,0.020921387583309182,0.0003336867508997548
llava_1_5_7b,attention_evidence,REAL,union_top32,14,15,3931,0.05648570680335501,0.019584753212574413,0.0003123680320272432
llava_1_5_7b,attention_evidence,REAL,union_top32,15,16,3931,0.03661792277763838,0.012924900185225609,0.00020614636248851505
llava_1_5_7b,attention_evidence,REAL,union_top32,16,17,3931,0.04122757424745653,0.021168071182517408,0.000337621243695334
llava_1_5_7b,attention_evidence,REAL,union_top32,17,18,3931,0.05285450333316676,0.019169462748727537,0.00030574433534322063
llava_1_5_7b,attention_evidence,REAL,union_top32,18,19,3931,0.051809556333050115,0.016793296253041417,0.0002678455451991616
llava_1_5_7b,attention_evidence,REAL,union_top32,19,20,3931,0.06628155293517882,0.022038258541545987,0.0003515003418838279
llava_1_5_7b,attention_evidence,REAL,union_top32,20,21,3931,0.0441883269880328,0.01636731332656506,0.00026105130853064986
llava_1_5_7b,attention_evidence,REAL,union_top32,21,22,3931,0.040010446563876714,0.01488726324303703,0.00023744517334603214
llava_1_5_7b,attention_evidence,REAL,union_top32,22,23,3931,0.04673636887773125,0.01652533497781666,0.0002635716830119308
llava_1_5_7b,attention_evidence,REAL,union_top32,23,24,3931,0.051701098755599056,0.020461536977008095,0.00032635233992415064
llava_1_5_7b,attention_evidence,REAL,union_top32,24,25,3931,0.059139851484039274,0.020358418878964637,0.00032470765249803865
llava_1_5_7b,attention_evidence,REAL,union_top32,25,26,3931,0.07912165009829113,0.024407309557822457,0.0003892856433218513
llava_1_5_7b,attention_evidence,REAL,union_top32,26,27,3931,0.0777372597569623,0.023458101291947742,0.00037414619710177295
llava_1_5_7b,attention_evidence,REAL,union_top32,27,28,3931,0.19129997948802965,0.05319004462138966,0.0008483573615396463
llava_1_5_7b,attention_evidence,REAL,union_top32,28,29,3931,0.10513500466940892,0.03706033937325524,0.0005910957953175949
llava_1_5_7b,attention_evidence,REAL,union_top32,29,30,3931,0.06013571953481995,0.020169551283063525,0.0003216952990307778
llava_1_5_7b,attention_evidence,REAL,union_top32,30,31,3931,0.06942783806191559,0.02249329614050796,0.0003587579875505036
llava_1_5_7b,attention_evidence,REAL,union_top32,31,32,3931,0.05075490473184656,0.021046121863412166,0.00033567620673711953
qwen2_5_vl_7b,attention_distribution,HALL,all_visual_tokens,1,2,752,0.04080377740319818,0.021401718778807994,0.0007804403819277896
qwen2_5_vl_7b,attention_distribution,HALL,all_visual_tokens,2,3,752,0.055635676830709774,0.028035609998476305,0.0010223535035165084
qwen2_5_vl_7b,attention_distribution,HALL,all_visual_tokens,3,4,752,0.03494221030021126,0.020120669769889202,0.0007337253312292081
qwen2_5_vl_7b,attention_distribution,HALL,all_visual_tokens,4,5,752,0.07407856760348411,0.028641554475493124,0.001044450025013572
qwen2_5_vl_7b,attention_distribution,HALL,all_visual_tokens,5,6,752,0.07571857516713282,0.032757738145808846,0.0011945517990321658
qwen2_5_vl_7b,attention_distribution,HALL,all_visual_tokens,6,7,752,0.08799115022485877,0.04284431926928457,0.0015623715664868185
qwen2_5_vl_7b,attention_distribution,HALL,all_visual_tokens,7,8,752,0.04441932661884881,0.01799074951893252,0.0006560551314049606
qwen2_5_vl_7b,attention_distribution,HALL,all_visual_tokens,8,9,752,0.0701109195137991,0.0362779117580926,0.0013229193225388865
qwen2_5_vl_7b,attention_distribution,HALL,all_visual_tokens,9,10,752,0.06194527721171208,0.02668966643652005,0.0009732719919611598
qwen2_5_vl_7b,attention_distribution,HALL,all_visual_tokens,10,11,752,0.05880266657109035,0.021929982757526615,0.0007997041871188985
qwen2_5_vl_7b,attention_distribution,HALL,all_visual_tokens,11,12,752,0.08422482117733106,0.03212600203379779,0.0011715147533803145
qwen2_5_vl_7b,attention_distribution,HALL,all_visual_tokens,12,13,752,0.042782562896312076,0.015447977806417018,0.0005633297878481706
qwen2_5_vl_7b,attention_distribution,HALL,all_visual_tokens,13,14,752,0.04836166377100063,0.01880829512833005,0.0006858679522459386
qwen2_5_vl_7b,attention_distribution,HALL,all_visual_tokens,14,15,752,0.08084287456771795,0.037307168839125215,0.0013604524663823792
qwen2_5_vl_7b,attention_distribution,HALL,all_visual_tokens,15,16,752,0.050849610090037765,0.018019955086031148,0.0006571201488540938
qwen2_5_vl_7b,attention_distribution,HALL,all_visual_tokens,16,17,752,0.10135145362545835,0.041554553820574235,0.0015153386599342158
qwen2_5_vl_7b,attention_distribution,HALL,all_visual_tokens,17,18,752,0.0637629925808374,0.021670436473941367,0.0007902395080067804
qwen2_5_vl_7b,attention_distribution,HALL,all_visual_tokens,18,19,752,0.05575212559841098,0.020031580221621215,0.0007304765696790428
qwen2_5_vl_7b,attention_distribution,HALL,all_visual_tokens,19,20,752,0.07874233308842683,0.02894129851851034,0.0010553805655851348
qwen2_5_vl_7b,attention_distribution,HALL,all_visual_tokens,20,21,752,0.03911169164596086,0.014252830650603133,0.0005197472554177892
qwen2_5_vl_7b,attention_distribution,HALL,all_visual_tokens,21,22,752,0.05143603317915125,0.021916981218131737,0.0007992300697605752
qwen2_5_vl_7b,attention_distribution,HALL,all_visual_tokens,22,23,752,0.05739651869566358,0.02124965445409659,0.0007748951665699991
qwen2_5_vl_7b,attention_distribution,HALL,all_visual_tokens,23,24,752,0.05323548267218978,0.01944083037959158,0.000708934139507784
qwen2_5_vl_7b,attention_distribution,HALL,all_visual_tokens,24,25,752,0.05786922793993925,0.019717907156231274,0.0007190380899249872
qwen2_5_vl_7b,attention_distribution,HALL,all_visual_tokens,25,26,752,0.06169244469678466,0.01914907754641757,0.0006982950083751807
qwen2_5_vl_7b,attention_distribution,HALL,all_visual_tokens,26,27,752,0.036226252232618786,0.012695135522146557,0.0004629439587506317
qwen2_5_vl_7b,attention_distribution,HALL,all_visual_tokens,27,28,752,0.03346244535072053,0.01437829950897668,0.0005243226339077663
qwen2_5_vl_7b,attention_distribution,HALL,union_top32,1,2,752,0.0385664429396708,0.022240654974240305,0.0008110332371812921
qwen2_5_vl_7b,attention_distribution,HALL,union_top32,2,3,752,0.07398300625859423,0.039111594337168404,0.0014262530938650426
qwen2_5_vl_7b,attention_distribution,HALL,union_top32,3,4,752,0.041838933607226514,0.03174040941117,0.001157453637225001
qwen2_5_vl_7b,attention_distribution,HALL,union_top32,4,5,752,0.10690627032098302,0.04418416385112721,0.0016112306711215626
qwen2_5_vl_7b,attention_distribution,HALL,union_top32,5,6,752,0.10145368127330662,0.049262076226605916,0.0017964030824906265
qwen2_5_vl_7b,attention_distribution,HALL,union_top32,6,7,752,0.12250390566608056,0.06596160945993033,0.002405372400765045
qwen2_5_vl_7b,attention_distribution,HALL,union_top32,7,8,752,0.05407748866003958,0.026945475522400137,0.0009826003894954055
qwen2_5_vl_7b,attention_distribution,HALL,union_top32,8,9,752,0.08890420235594378,0.05216314022055727,0.001902194001193767
qwen2_5_vl_7b,attention_distribution,HALL,union_top32,9,10,752,0.0732529795124255,0.03790415803589083,0.001382222422410017
qwen2_5_vl_7b,attention_distribution,HALL,union_top32,10,11,752,0.06513772298522452,0.028621678018179646,0.0010437252051943124
qwen2_5_vl_7b,attention_distribution,HALL,union_top32,11,12,752,0.09818683851490471,0.04234224974427143,0.00154406297473747
qwen2_5_vl_7b,attention_distribution,HALL,union_top32,12,13,752,0.04806584212185934,0.021763640087317456,0.0007936382940749494
qwen2_5_vl_7b,attention_distribution,HALL,union_top32,13,14,752,0.05657191631542717,0.02748400928933996,0.001002238695329407
qwen2_5_vl_7b,attention_distribution,HALL,union_top32,14,15,752,0.0767064163352343,0.03810787543592557,0.0013896512316160271
qwen2_5_vl_7b,attention_distribution,HALL,union_top32,15,16,752,0.04613147462728096,0.020790225358738854,0.0007581415112979387
qwen2_5_vl_7b,attention_distribution,HALL,union_top32,16,17,752,0.09013098506058784,0.04763684739516178,0.0017371370850704435
qwen2_5_vl_7b,attention_distribution,HALL,union_top32,17,18,752,0.056074958210414715,0.022896970178407326,0.0008349665901002325
qwen2_5_vl_7b,attention_distribution,HALL,union_top32,18,19,752,0.05775966790029185,0.025631512028662776,0.0009346850710347695
qwen2_5_vl_7b,attention_distribution,HALL,union_top32,19,20,752,0.07056691791822618,0.03342705357779093,0.001218959221481035
qwen2_5_vl_7b,attention_distribution,HALL,union_top32,20,21,752,0.03325060401805379,0.01615018674820766,0.0005889367131791799
qwen2_5_vl_7b,attention_distribution,HALL,union_top32,21,22,752,0.049503074409043855,0.02611244225195799,0.0009522227917677787
qwen2_5_vl_7b,attention_distribution,HALL,union_top32,22,23,752,0.056327171975429705,0.025332164442271436,0.0009237689877487974
qwen2_5_vl_7b,attention_distribution,HALL,union_top32,23,24,752,0.05148415344747457,0.02341845151570224,0.0008539830578079408
qwen2_5_vl_7b,attention_distribution,HALL,union_top32,24,25,752,0.05624870793953379,0.023959561925897113,0.0008737153241535652
qwen2_5_vl_7b,attention_distribution,HALL,union_top32,25,26,752,0.061631132402714894,0.023217307216187012,0.0008466480799232812
qwen2_5_vl_7b,attention_distribution,HALL,union_top32,26,27,752,0.03329208182379049,0.015109395926843362,0.0005509829771018324
qwen2_5_vl_7b,attention_distribution,HALL,union_top32,27,28,752,0.027297343479152372,0.015329225974693925,0.0005589993541170084
qwen2_5_vl_7b,attention_distribution,REAL,all_visual_tokens,1,2,3630,0.03581409768917221,0.01563168217766517,0.00025944924061996035
qwen2_5_vl_7b,attention_distribution,REAL,all_visual_tokens,2,3,3630,0.05436433479497748,0.0241377102260612,0.00040062934476778306
qwen2_5_vl_7b,attention_distribution,REAL,all_visual_tokens,3,4,3630,0.034130264476413735,0.014598562987254825,0.00024230188652362033
qwen2_5_vl_7b,attention_distribution,REAL,all_visual_tokens,4,5,3630,0.07073197546402203,0.02201714937579119,0.00036543301106307946
qwen2_5_vl_7b,attention_distribution,REAL,all_visual_tokens,5,6,3630,0.07532498173354085,0.024326333679566225,0.00040376005144533543
qwen2_5_vl_7b,attention_distribution,REAL,all_visual_tokens,6,7,3630,0.08046386518025611,0.030274475575544576,0.0005024852481625746
qwen2_5_vl_7b,attention_distribution,REAL,all_visual_tokens,7,8,3630,0.038589607126826096,0.014455184659892508,0.00023992214276138694
qwen2_5_vl_7b,attention_distribution,REAL,all_visual_tokens,8,9,3630,0.06445409112530388,0.02742059781603795,0.0004551175746703296
qwen2_5_vl_7b,attention_distribution,REAL,all_visual_tokens,9,10,3630,0.049811198564949276,0.02037843503072958,0.00033823419857527496
qwen2_5_vl_7b,attention_distribution,REAL,all_visual_tokens,10,11,3630,0.045090366580803204,0.019738649978711484,0.0003276152681223984
qwen2_5_vl_7b,attention_distribution,REAL,all_visual_tokens,11,12,3630,0.0639019222853105,0.019262005872753576,0.0003197040945243672
qwen2_5_vl_7b,attention_distribution,REAL,all_visual_tokens,12,13,3630,0.03692981888162942,0.010080376609389612,0.000167310595670004
qwen2_5_vl_7b,attention_distribution,REAL,all_visual_tokens,13,14,3630,0.03821392065329739,0.013835838629951887,0.0002296424521098794
qwen2_5_vl_7b,attention_distribution,REAL,all_visual_tokens,14,15,3630,0.05723039622652055,0.02548816360265943,0.0004230437016532943
qwen2_5_vl_7b,attention_distribution,REAL,all_visual_tokens,15,16,3630,0.044680451648951236,0.01191125472772076,0.0001976988758352338
qwen2_5_vl_7b,attention_distribution,REAL,all_visual_tokens,16,17,3630,0.08557360115417435,0.03335644947002914,0.0005536387822126121
qwen2_5_vl_7b,attention_distribution,REAL,all_visual_tokens,17,18,3630,0.05324993580733695,0.01583290427011505,0.0002627890551382388
qwen2_5_vl_7b,attention_distribution,REAL,all_visual_tokens,18,19,3630,0.05641497804298381,0.017853175549647625,0.00029632081732247563
qwen2_5_vl_7b,attention_distribution,REAL,all_visual_tokens,19,20,3630,0.07200979919124076,0.021794076063243947,0.00036173051757036655
qwen2_5_vl_7b,attention_distribution,REAL,all_visual_tokens,20,21,3630,0.03629010866239626,0.010899297535947641,0.00018090276125451506
qwen2_5_vl_7b,attention_distribution,REAL,all_visual_tokens,21,22,3630,0.05150313245609772,0.015330575271500654,0.00025445157259793315
qwen2_5_vl_7b,attention_distribution,REAL,all_visual_tokens,22,23,3630,0.06133059981502285,0.016670771304749466,0.00027669568165518524
qwen2_5_vl_7b,attention_distribution,REAL,all_visual_tokens,23,24,3630,0.05337137073001339,0.01541381135982455,0.00025583309633046315
qwen2_5_vl_7b,attention_distribution,REAL,all_visual_tokens,24,25,3630,0.054056973209907364,0.014653357902005764,0.00024321135351894338
qwen2_5_vl_7b,attention_distribution,REAL,all_visual_tokens,25,26,3630,0.06175061267320857,0.015378832104164157,0.0002552525227737984
qwen2_5_vl_7b,attention_distribution,REAL,all_visual_tokens,26,27,3630,0.039864416814540046,0.011308106839433608,0.0001876880363223102
qwen2_5_vl_7b,attention_distribution,REAL,all_visual_tokens,27,28,3630,0.03504761194671727,0.010366694160673868,0.0001720627951078231
qwen2_5_vl_7b,attention_distribution,REAL,union_top32,1,2,3630,0.03519961427353302,0.016929351432271936,0.00028098750495114336
qwen2_5_vl_7b,attention_distribution,REAL,union_top32,2,3,3630,0.07506598961788433,0.03555906474401477,0.0005901970267904107
qwen2_5_vl_7b,attention_distribution,REAL,union_top32,3,4,3630,0.04030562009528977,0.02300346533749308,0.0003818035413979742
qwen2_5_vl_7b,attention_distribution,REAL,union_top32,4,5,3630,0.09796294608043081,0.032944156575742053,0.0005467956877126082
qwen2_5_vl_7b,attention_distribution,REAL,union_top32,5,6,3630,0.09577810090168613,0.037143719592897424,0.0006164985785053492
qwen2_5_vl_7b,attention_distribution,REAL,union_top32,6,7,3630,0.10669390267125503,0.04730776629780587,0.0007851979014088161
qwen2_5_vl_7b,attention_distribution,REAL,union_top32,7,8,3630,0.044066749745081936,0.02057681719890086,0.000341526877015099
qwen2_5_vl_7b,attention_distribution,REAL,union_top32,8,9,3630,0.07717405941193672,0.041194580330886715,0.000683733360429857
qwen2_5_vl_7b,attention_distribution,REAL,union_top32,9,10,3630,0.05778820229227303,0.028587338729972232,0.0004744827358014205
qwen2_5_vl_7b,attention_distribution,REAL,union_top32,10,11,3630,0.04756554284366489,0.024407051121663494,0.00040509977156111704
qwen2_5_vl_7b,attention_distribution,REAL,union_top32,11,12,3630,0.06929308035033793,0.026774280688217203,0.0004443902270882274
qwen2_5_vl_7b,attention_distribution,REAL,union_top32,12,13,3630,0.03968276274044159,0.014530950590575404,0.000241179679407611
qwen2_5_vl_7b,attention_distribution,REAL,union_top32,13,14,3630,0.043813637183779036,0.019752827124002354,0.0003278505754641207
qwen2_5_vl_7b,attention_distribution,REAL,union_top32,14,15,3630,0.055787986284506715,0.027103278660192298,0.0004498508213495672
qwen2_5_vl_7b,attention_distribution,REAL,union_top32,15,16,3630,0.04282182009156906,0.014473741849113127,0.0002402301485535089
qwen2_5_vl_7b,attention_distribution,REAL,union_top32,16,17,3630,0.07248555281232869,0.03758547235065056,0.0006238306376041828
qwen2_5_vl_7b,attention_distribution,REAL,union_top32,17,18,3630,0.049108945271487736,0.016849915591498794,0.00027966905640975433
qwen2_5_vl_7b,attention_distribution,REAL,union_top32,18,19,3630,0.056842918938267,0.023096228778598224,0.00038334319682843145
qwen2_5_vl_7b,attention_distribution,REAL,union_top32,19,20,3630,0.06534538344113212,0.02546594347882199,0.00042267489974249654
qwen2_5_vl_7b,attention_distribution,REAL,union_top32,20,21,3630,0.030396769825913033,0.012044830691878738,0.0001999159233718952
qwen2_5_vl_7b,attention_distribution,REAL,union_top32,21,22,3630,0.050660896038549334,0.019461962965747395,0.0003230229130203027
qwen2_5_vl_7b,attention_distribution,REAL,union_top32,22,23,3630,0.060700974045398315,0.021581558808296996,0.00035820322986147195
qwen2_5_vl_7b,attention_distribution,REAL,union_top32,23,24,3630,0.0515274771358356,0.019009217014901818,0.0003155083927143255
qwen2_5_vl_7b,attention_distribution,REAL,union_top32,24,25,3630,0.05325352358465024,0.018551777081509315,0.0003079159633136366
qwen2_5_vl_7b,attention_distribution,REAL,union_top32,25,26,3630,0.06272443691807345,0.019387937669457254,0.00032179426682017807
qwen2_5_vl_7b,attention_distribution,REAL,union_top32,26,27,3630,0.039057876713337894,0.014017329104579531,0.0002326547680773303
qwen2_5_vl_7b,attention_distribution,REAL,union_top32,27,28,3630,0.028750994126248295,0.011046405932972188,0.0001833444154196293
qwen2_5_vl_7b,attention_evidence,HALL,all_visual_tokens,1,2,752,0.03900854848820637,0.0200058191355825,0.0007295371595300395
qwen2_5_vl_7b,attention_evidence,HALL,all_visual_tokens,2,3,752,0.06200559678774802,0.030832904339880673,0.0011243603323480226
qwen2_5_vl_7b,attention_evidence,HALL,all_visual_tokens,3,4,752,0.03477149291281054,0.020443189961510386,0.000745486432481389
qwen2_5_vl_7b,attention_evidence,HALL,all_visual_tokens,4,5,752,0.08318181168733839,0.030673771855533407,0.0011185573677289344
qwen2_5_vl_7b,attention_evidence,HALL,all_visual_tokens,5,6,752,0.07927422019395422,0.03448454107046169,0.0012575218225129227
qwen2_5_vl_7b,attention_evidence,HALL,all_visual_tokens,6,7,752,0.08506616242130861,0.043461005609199285,0.0015848598034189504
qwen2_5_vl_7b,attention_evidence,HALL,all_visual_tokens,7,8,752,0.050311092755440226,0.01991294500365927,0.0007261503884142003
qwen2_5_vl_7b,attention_evidence,HALL,all_visual_tokens,8,9,752,0.07531029323333914,0.03795040689889396,0.0013839089449122015
qwen2_5_vl_7b,attention_evidence,HALL,all_visual_tokens,9,10,752,0.06454119389440785,0.028429794844682686,0.0010367279458266317
qwen2_5_vl_7b,attention_evidence,HALL,all_visual_tokens,10,11,752,0.07111474772063182,0.02553571312410147,0.0009311916444349339
qwen2_5_vl_7b,attention_evidence,HALL,all_visual_tokens,11,12,752,0.08763452470203505,0.03414837750954785,0.0012452631987742728
qwen2_5_vl_7b,attention_evidence,HALL,all_visual_tokens,12,13,752,0.04466280601720544,0.015338050671635245,0.0005593211577030878
qwen2_5_vl_7b,attention_evidence,HALL,all_visual_tokens,13,14,752,0.05020492064687324,0.019655000663107623,0.0007167441261538264
qwen2_5_vl_7b,attention_evidence,HALL,all_visual_tokens,14,15,752,0.08333458420523304,0.03828376086818389,0.001396065113386268
qwen2_5_vl_7b,attention_evidence,HALL,all_visual_tokens,15,16,752,0.05576777452246306,0.020379258447496933,0.000743155090044384
qwen2_5_vl_7b,attention_evidence,HALL,all_visual_tokens,16,17,752,0.10464390013565092,0.04377300221481893,0.0015962371489754708
qwen2_5_vl_7b,attention_evidence,HALL,all_visual_tokens,17,18,752,0.0626759982935371,0.021585801570053097,0.0007871531906227585
qwen2_5_vl_7b,attention_evidence,HALL,all_visual_tokens,18,19,752,0.06018576670457867,0.023024852303649767,0.0008396299713780378
qwen2_5_vl_7b,attention_evidence,HALL,all_visual_tokens,19,20,752,0.08529777915038644,0.03346857187300729,0.0012204732379257203
qwen2_5_vl_7b,attention_evidence,HALL,all_visual_tokens,20,21,752,0.03969547598612832,0.01515500838652361,0.0005526462923626967
qwen2_5_vl_7b,attention_evidence,HALL,all_visual_tokens,21,22,752,0.05132853591497591,0.02240386427882521,0.0008169848681377057
qwen2_5_vl_7b,attention_evidence,HALL,all_visual_tokens,22,23,752,0.06261705622532741,0.025021424882462708,0.0009124374819364075
qwen2_5_vl_7b,attention_evidence,HALL,all_visual_tokens,23,24,752,0.053228104209646264,0.01991865315642932,0.0007263585433280183
qwen2_5_vl_7b,attention_evidence,HALL,all_visual_tokens,24,25,752,0.05894868458779727,0.02052967959265581,0.0007486403848093097
qwen2_5_vl_7b,attention_evidence,HALL,all_visual_tokens,25,26,752,0.059291324697117856,0.019439982985831335,0.0007089032382368756
qwen2_5_vl_7b,attention_evidence,HALL,all_visual_tokens,26,27,752,0.036542352014023095,0.013808047346236363,0.0005035276771903232
qwen2_5_vl_7b,attention_evidence,HALL,all_visual_tokens,27,28,752,0.032501519154856336,0.014425816433269177,0.0005260553978472491
qwen2_5_vl_7b,attention_evidence,HALL,union_top32,1,2,752,0.03465517935531333,0.019851310088617912,0.0007239027943245801
qwen2_5_vl_7b,attention_evidence,HALL,union_top32,2,3,752,0.07319684267697975,0.03881627780713908,0.0014154840080795638
qwen2_5_vl_7b,attention_evidence,HALL,union_top32,3,4,752,0.038503056473812046,0.0297080003819411,0.0010833393057828216
qwen2_5_vl_7b,attention_evidence,HALL,union_top32,4,5,752,0.11083917316802322,0.04433658251515251,0.0016167888079046055
qwen2_5_vl_7b,attention_evidence,HALL,union_top32,5,6,752,0.09890513679884533,0.04813934889490955,0.0017554614293175403
qwen2_5_vl_7b,attention_evidence,HALL,union_top32,6,7,752,0.11261202400906924,0.06152860868233938,0.0022437174955816787
qwen2_5_vl_7b,attention_evidence,HALL,union_top32,7,8,752,0.060811346718803685,0.028842489837549973,0.0010517773837330842
qwen2_5_vl_7b,attention_evidence,HALL,union_top32,8,9,752,0.08797434663915253,0.04927087518383712,0.0017967239474460564
qwen2_5_vl_7b,attention_evidence,HALL,union_top32,9,10,752,0.07115592225950132,0.03793855916124267,0.001383476902374258
qwen2_5_vl_7b,attention_evidence,HALL,union_top32,10,11,752,0.07364714216004978,0.031290284725741975,0.0011410392788717633
qwen2_5_vl_7b,attention_evidence,HALL,union_top32,11,12,752,0.09819147028920656,0.042717521744946196,0.0015577477365344256
qwen2_5_vl_7b,attention_evidence,HALL,union_top32,12,13,752,0.047432469392314235,0.020945918392564787,0.000763819052061764
qwen2_5_vl_7b,attention_evidence,HALL,union_top32,13,14,752,0.05562927381214785,0.027020522320482458,0.000985337064636461
qwen2_5_vl_7b,attention_evidence,HALL,union_top32,14,15,752,0.0793891945616045,0.04009717722224106,0.0014621936036529409
qwen2_5_vl_7b,attention_evidence,HALL,union_top32,15,16,752,0.05154404069415908,0.02370463730079089,0.0008644191795851344
qwen2_5_vl_7b,attention_evidence,HALL,union_top32,16,17,752,0.09418741060777548,0.049880263863641854,0.001818946066095714
qwen2_5_vl_7b,attention_evidence,HALL,union_top32,17,18,752,0.05547118578799703,0.023174123509486444,0.0008450733321705996
qwen2_5_vl_7b,attention_evidence,HALL,union_top32,18,19,752,0.06065716741091393,0.028252359440784695,0.0010302575424063801
qwen2_5_vl_7b,attention_evidence,HALL,union_top32,19,20,752,0.07628719878700027,0.037923550034800975,0.0013829295758490557
qwen2_5_vl_7b,attention_evidence,HALL,union_top32,20,21,752,0.03355317323300195,0.016761462693742672,0.0006112276533287629
qwen2_5_vl_7b,attention_evidence,HALL,union_top32,21,22,752,0.04818336306476688,0.026032340828226717,0.000949301793394896
qwen2_5_vl_7b,attention_evidence,HALL,union_top32,22,23,752,0.060911413044371504,0.02875485164078624,0.001048581547526626
qwen2_5_vl_7b,attention_evidence,HALL,union_top32,23,24,752,0.05073707563644077,0.023349428114236858,0.0008514660333409649
qwen2_5_vl_7b,attention_evidence,HALL,union_top32,24,25,752,0.05511380343182765,0.02397152961304159,0.0008741517407994598
qwen2_5_vl_7b,attention_evidence,HALL,union_top32,25,26,752,0.0572538563010699,0.022490099148325986,0.0008201295302643439
qwen2_5_vl_7b,attention_evidence,HALL,union_top32,26,27,752,0.03318894814026165,0.01570893004734996,0.0005728457369494306
qwen2_5_vl_7b,attention_evidence,HALL,union_top32,27,28,752,0.026812149627887187,0.015261469709087825,0.0005565285373403678
qwen2_5_vl_7b,attention_evidence,REAL,all_visual_tokens,1,2,3630,0.03512304055840598,0.014601284232762171,0.0002423470528129804
qwen2_5_vl_7b,attention_evidence,REAL,all_visual_tokens,2,3,3630,0.06019069493873963,0.026116953573713565,0.0004334801395647903
qwen2_5_vl_7b,attention_evidence,REAL,all_visual_tokens,3,4,3630,0.03450969969084071,0.015567832389398276,0.0002583894839737268
qwen2_5_vl_7b,attention_evidence,REAL,all_visual_tokens,4,5,3630,0.08122733236693318,0.024942852239537842,0.0004139928127307008
qwen2_5_vl_7b,attention_evidence,REAL,all_visual_tokens,5,6,3630,0.07889451439140914,0.026142562199366934,0.000433905182653792
qwen2_5_vl_7b,attention_evidence,REAL,all_visual_tokens,6,7,3630,0.07889432325887367,0.03097183907869385,0.0005140598457824437
qwen2_5_vl_7b,attention_evidence,REAL,all_visual_tokens,7,8,3630,0.04284748377601716,0.01468566463375753,0.0002437475694504498
qwen2_5_vl_7b,attention_evidence,REAL,all_visual_tokens,8,9,3630,0.0686786287425717,0.028048815805340827,0.0004655445190270485
qwen2_5_vl_7b,attention_evidence,REAL,all_visual_tokens,9,10,3630,0.05126064834916148,0.02132648024323876,0.0003539695242851555
qwen2_5_vl_7b,attention_evidence,REAL,all_visual_tokens,10,11,3630,0.05540042418329758,0.022078662212069666,0.00036645397979052924
qwen2_5_vl_7b,attention_evidence,REAL,all_visual_tokens,11,12,3630,0.06563206880504763,0.019861967487166142,0.00032966204936833623
qwen2_5_vl_7b,attention_evidence,REAL,all_visual_tokens,12,13,3630,0.039205041360469234,0.010507866633494562,0.00017440592686123762
qwen2_5_vl_7b,attention_evidence,REAL,all_visual_tokens,13,14,3630,0.039899487268518316,0.01392003367877071,0.00023103989233619207
qwen2_5_vl_7b,attention_evidence,REAL,all_visual_tokens,14,15,3630,0.060178627808047225,0.025972423174613953,0.0004310812741153333
qwen2_5_vl_7b,attention_evidence,REAL,all_visual_tokens,15,16,3630,0.04988127454355893,0.012809478809831689,0.00021260728769785587
qwen2_5_vl_7b,attention_evidence,REAL,all_visual_tokens,16,17,3630,0.09017351567232083,0.03461794089170984,0.0005745765794172722
qwen2_5_vl_7b,attention_evidence,REAL,all_visual_tokens,17,18,3630,0.0535186998151017,0.015633084254227957,0.00025947251180059026
qwen2_5_vl_7b,attention_evidence,REAL,all_visual_tokens,18,19,3630,0.060742221111252125,0.01963252587369963,0.00032585385702512445
qwen2_5_vl_7b,attention_evidence,REAL,all_visual_tokens,19,20,3630,0.07890750513958537,0.02452235524204164,0.0004070135493703413
qwen2_5_vl_7b,attention_evidence,REAL,all_visual_tokens,20,21,3630,0.03751935950447048,0.010959176842969391,0.00018189661722977537
qwen2_5_vl_7b,attention_evidence,REAL,all_visual_tokens,21,22,3630,0.052839558581326454,0.01566744233071428,0.00026004277524071287
qwen2_5_vl_7b,attention_evidence,REAL,all_visual_tokens,22,23,3630,0.06282498976600565,0.017624719411091682,0.00029252898155012364
qwen2_5_vl_7b,attention_evidence,REAL,all_visual_tokens,23,24,3630,0.05289472221620073,0.015726617818994093,0.00026102494947653825
qwen2_5_vl_7b,attention_evidence,REAL,all_visual_tokens,24,25,3630,0.05444268039568807,0.01547545109856423,0.00025685617134096157
qwen2_5_vl_7b,attention_evidence,REAL,all_visual_tokens,25,26,3630,0.060291837290770915,0.015711999147428497,0.00026078231383480383
qwen2_5_vl_7b,attention_evidence,REAL,all_visual_tokens,26,27,3630,0.04128049904116257,0.012260714860721991,0.00020349909395018923
qwen2_5_vl_7b,attention_evidence,REAL,all_visual_tokens,27,28,3630,0.034494018499013394,0.010490809336348649,0.00017412281575769563
qwen2_5_vl_7b,attention_evidence,REAL,union_top32,1,2,3630,0.0323539207627889,0.014825649002053397,0.00024607098145692727
qwen2_5_vl_7b,attention_evidence,REAL,union_top32,2,3,3630,0.07557651638399718,0.035706406743762194,0.0005926425582125194
qwen2_5_vl_7b,attention_evidence,REAL,union_top32,3,4,3630,0.037864909549153954,0.022481203125868907,0.0003731352142998198
qwen2_5_vl_7b,attention_evidence,REAL,union_top32,4,5,3630,0.10527902140638716,0.03523645808366065,0.0005848425133032181
qwen2_5_vl_7b,attention_evidence,REAL,union_top32,5,6,3630,0.0934880502788817,0.03795666075585728,0.0006299914940470946
qwen2_5_vl_7b,attention_evidence,REAL,union_top32,6,7,3630,0.09961600686903253,0.0444199693510943,0.0007372672490085595
qwen2_5_vl_7b,attention_evidence,REAL,union_top32,7,8,3630,0.04779614060655359,0.020352424625171624,0.000337802486882731
qwen2_5_vl_7b,attention_evidence,REAL,union_top32,8,9,3630,0.0759549570749655,0.03856664384711197,0.0006401157818888196
qwen2_5_vl_7b,attention_evidence,REAL,union_top32,9,10,3630,0.055680480256122496,0.028731292683554326,0.00047687203360805583
qwen2_5_vl_7b,attention_evidence,REAL,union_top32,10,11,3630,0.054122328808526035,0.025983473353925094,0.00043126468115997537
qwen2_5_vl_7b,attention_evidence,REAL,union_top32,11,12,3630,0.06870818016717092,0.026189658326246475,0.0004346868678375208
qwen2_5_vl_7b,attention_evidence,REAL,union_top32,12,13,3630,0.04037048814063969,0.01475292021311637,0.0002448638542362957
qwen2_5_vl_7b,attention_evidence,REAL,union_top32,13,14,3630,0.04316181187048431,0.018840447827773527,0.00031270722026578083
qwen2_5_vl_7b,attention_evidence,REAL,union_top32,14,15,3630,0.058692360232704764,0.028317913062174044,0.0004700109019885732
qwen2_5_vl_7b,attention_evidence,REAL,union_top32,15,16,3630,0.04748195723807516,0.015506560754743843,0.00025737251862719806
qwen2_5_vl_7b,attention_evidence,REAL,union_top32,16,17,3630,0.07753962394948176,0.03825069404779475,0.0006348717566729022
qwen2_5_vl_7b,attention_evidence,REAL,union_top32,17,18,3630,0.049421149808862155,0.016802918481746792,0.00027888901467797503
qwen2_5_vl_7b,attention_evidence,REAL,union_top32,18,19,3630,0.05909497557213073,0.024403386096948785,0.00040503894075172124
qwen2_5_vl_7b,attention_evidence,REAL,union_top32,19,20,3630,0.07073884317677047,0.028340138965191816,0.0004703797998202022
qwen2_5_vl_7b,attention_evidence,REAL,union_top32,20,21,3630,0.031294351648128806,0.011882879883198106,0.0001972279200046047
qwen2_5_vl_7b,attention_evidence,REAL,union_top32,21,22,3630,0.050638466124158586,0.019259301419483493,0.00031965920694673863
qwen2_5_vl_7b,attention_evidence,REAL,union_top32,22,23,3630,0.06107592808734369,0.02184843832947468,0.00036263280361556883
qwen2_5_vl_7b,attention_evidence,REAL,union_top32,23,24,3630,0.05009772461882636,0.01870334815201661,0.00031043168738582
qwen2_5_vl_7b,attention_evidence,REAL,union_top32,24,25,3630,0.05094179962107465,0.01863462765869822,0.000309291088466021
qwen2_5_vl_7b,attention_evidence,REAL,union_top32,25,26,3630,0.059083561775256616,0.018877733783437073,0.00031332607962926754
qwen2_5_vl_7b,attention_evidence,REAL,union_top32,26,27,3630,0.03971847607792655,0.014593161149514077,0.00024221222869384484
qwen2_5_vl_7b,attention_evidence,REAL,union_top32,27,28,3630,0.028645551739871173,0.011386840118630677,0.00018899482399026738
qwen3_vl_8b,attention_distribution,HALL,all_visual_tokens,1,2,1759,0.12008365012828161,0.03877324479153974,0.0009244836340229462
qwen3_vl_8b,attention_distribution,HALL,all_visual_tokens,2,3,1759,0.10919304487082075,0.030665777332262358,0.0007311745359638901
qwen3_vl_8b,attention_distribution,HALL,all_visual_tokens,3,4,1759,0.07722950707686903,0.03587202479923409,0.0008553088611607071
qwen3_vl_8b,attention_distribution,HALL,all_visual_tokens,4,5,1759,0.06587348857840535,0.039879597646812905,0.0009508627806136842
qwen3_vl_8b,attention_distribution,HALL,all_visual_tokens,5,6,1759,0.0672853679405213,0.026195988869878402,0.0006245998527452134
qwen3_vl_8b,attention_distribution,HALL,all_visual_tokens,6,7,1759,0.06812466590359782,0.024869859660248125,0.0005929805039521384
qwen3_vl_8b,attention_distribution,HALL,all_visual_tokens,7,8,1759,0.1060343802212449,0.033242769927979615,0.0007926186449763695
qwen3_vl_8b,attention_distribution,HALL,all_visual_tokens,8,9,1759,0.11111207807679079,0.04845688682314404,0.0011553739973156328
qwen3_vl_8b,attention_distribution,HALL,all_visual_tokens,9,10,1759,0.06970112238157669,0.027063852976423355,0.0006452926311642077
qwen3_vl_8b,attention_distribution,HALL,all_visual_tokens,10,11,1759,0.07188126663484141,0.02842148814961216,0.0006776631873385732
qwen3_vl_8b,attention_distribution,HALL,all_visual_tokens,11,12,1759,0.058042885474077065,0.027070927314122344,0.0006454613069987794
qwen3_vl_8b,attention_distribution,HALL,all_visual_tokens,12,13,1759,0.0623002275273907,0.027251648532581402,0.0006497703043417756
qwen3_vl_8b,attention_distribution,HALL,all_visual_tokens,13,14,1759,0.09312712625219714,0.032839560651736974,0.0007830047893659694
qwen3_vl_8b,attention_distribution,HALL,all_visual_tokens,14,15,1759,0.04838445144872255,0.01593702623786106,0.00037999192513059067
qwen3_vl_8b,attention_distribution,HALL,all_visual_tokens,15,16,1759,0.04847220897530547,0.021271843357370705,0.000507191780185493
qwen3_vl_8b,attention_distribution,HALL,all_visual_tokens,16,17,1759,0.05607226685392647,0.019117087371039298,0.00045581520194484457
qwen3_vl_8b,attention_distribution,HALL,all_visual_tokens,17,18,1759,0.07467743567592926,0.025523129092726377,0.0006085566287304644
qwen3_vl_8b,attention_distribution,HALL,all_visual_tokens,18,19,1759,0.04199540441312561,0.015020111442392133,0.00035812961448927235
qwen3_vl_8b,attention_distribution,HALL,all_visual_tokens,19,20,1759,0.034467288910825865,0.012851044007017145,0.00030641180351220786
qwen3_vl_8b,attention_distribution,HALL,all_visual_tokens,20,21,1759,0.040367411990661115,0.016224245757909657,0.0003868401976206659
qwen3_vl_8b,attention_distribution,HALL,all_visual_tokens,21,22,1759,0.038019631668976116,0.016676364827437125,0.00039762022603085013
qwen3_vl_8b,attention_distribution,HALL,all_visual_tokens,22,23,1759,0.05430179995639782,0.02276267498961934,0.000542738184736043
qwen3_vl_8b,attention_distribution,HALL,all_visual_tokens,23,24,1759,0.05430752418473608,0.024696362855166545,0.0005888437607490472
qwen3_vl_8b,attention_distribution,HALL,all_visual_tokens,24,25,1759,0.034566294365880705,0.016372616773128686,0.00039037785808913644
qwen3_vl_8b,attention_distribution,HALL,all_visual_tokens,25,26,1759,0.0647115533734127,0.02875432296684835,0.0006855990808399345
qwen3_vl_8b,attention_distribution,HALL,all_visual_tokens,26,27,1759,0.0845575033008815,0.04198674375990909,0.0010011041804894444
qwen3_vl_8b,attention_distribution,HALL,all_visual_tokens,27,28,1759,0.04783012077949344,0.020523273159667368,0.0004893433669197284
qwen3_vl_8b,attention_distribution,HALL,all_visual_tokens,28,29,1759,0.04504638304589756,0.01737981539764549,0.00041439283670602486
qwen3_vl_8b,attention_distribution,HALL,all_visual_tokens,29,30,1759,0.03689638910589569,0.016475654498140303,0.0003928346215344538
qwen3_vl_8b,attention_distribution,HALL,all_visual_tokens,30,31,1759,0.04752157860652095,0.018317823263865173,0.0004367580765915992
qwen3_vl_8b,attention_distribution,HALL,all_visual_tokens,31,32,1759,0.03927159430845648,0.014751721708634345,0.0003517303069839848
qwen3_vl_8b,attention_distribution,HALL,all_visual_tokens,32,33,1759,0.027986438475303552,0.011786114697760825,0.0002810203325870392
qwen3_vl_8b,attention_distribution,HALL,all_visual_tokens,33,34,1759,0.0238352341052185,0.009185149230836694,0.0002190046302707121
qwen3_vl_8b,attention_distribution,HALL,all_visual_tokens,34,35,1759,0.036529002418914186,0.014239873499839732,0.0003395261364360035
qwen3_vl_8b,attention_distribution,HALL,all_visual_tokens,35,36,1759,0.17712095612368847,0.06754764909076065,0.001610561520885632
qwen3_vl_8b,attention_distribution,HALL,union_top32,1,2,1759,0.15473804798246177,0.05308433681703541,0.0012657078579355625
qwen3_vl_8b,attention_distribution,HALL,union_top32,2,3,1759,0.14214381275697482,0.040212828826124564,0.0009588081247105243
qwen3_vl_8b,attention_distribution,HALL,union_top32,3,4,1759,0.09303403386105998,0.04907086446000405,0.0011700132744765946
qwen3_vl_8b,attention_distribution,HALL,union_top32,4,5,1759,0.07798792047170904,0.057083516751697795,0.001361061662317574
qwen3_vl_8b,attention_distribution,HALL,union_top32,5,6,1759,0.08044709657245296,0.03650972447765485,0.00087051375100914
qwen3_vl_8b,attention_distribution,HALL,union_top32,6,7,1759,0.07793981464174134,0.03491368888334627,0.0008324589326881745
qwen3_vl_8b,attention_distribution,HALL,union_top32,7,8,1759,0.12643079758283426,0.04731974520276625,0.0011282607437497363
qwen3_vl_8b,attention_distribution,HALL,union_top32,8,9,1759,0.13790631438687553,0.06444262990684439,0.0015365274947345834
qwen3_vl_8b,attention_distribution,HALL,union_top32,9,10,1759,0.07300090545607331,0.03445889990192146,0.0008216152446625353
qwen3_vl_8b,attention_distribution,HALL,union_top32,10,11,1759,0.07673846445914152,0.03628886118201325,0.0008652476324968823
qwen3_vl_8b,attention_distribution,HALL,union_top32,11,12,1759,0.06634130373368417,0.03648041494902675,0.000869814913971299
qwen3_vl_8b,attention_distribution,HALL,union_top32,12,13,1759,0.071255915337086,0.03691685529402036,0.0008802211092315411
qwen3_vl_8b,attention_distribution,HALL,union_top32,13,14,1759,0.09534478355717971,0.03971643368082958,0.0009469724067998637
qwen3_vl_8b,attention_distribution,HALL,union_top32,14,15,1759,0.04792908862055263,0.01978061065752391,0.00047163581284409
qwen3_vl_8b,attention_distribution,HALL,union_top32,15,16,1759,0.04752209127656671,0.02477715068214946,0.0005907700123247286
qwen3_vl_8b,attention_distribution,HALL,union_top32,16,17,1759,0.05221493971587549,0.021279562315938746,0.0005073758259342103
qwen3_vl_8b,attention_distribution,HALL,union_top32,17,18,1759,0.06694770255562865,0.02756328423510213,0.0006572007401566424
qwen3_vl_8b,attention_distribution,HALL,union_top32,18,19,1759,0.038992606535460744,0.01715646285771436,0.00040906736629739806
qwen3_vl_8b,attention_distribution,HALL,union_top32,19,20,1759,0.030845729853892237,0.014126278483665296,0.00033681765191466797
qwen3_vl_8b,attention_distribution,HALL,union_top32,20,21,1759,0.035825466962701696,0.017507796338850374,0.0004174443297200061
qwen3_vl_8b,attention_distribution,HALL,union_top32,21,22,1759,0.035359931142917064,0.017725549691496246,0.0004226362968059968
qwen3_vl_8b,attention_distribution,HALL,union_top32,22,23,1759,0.04396795956158482,0.02315721475777407,0.0005521453303229361
qwen3_vl_8b,attention_distribution,HALL,union_top32,23,24,1759,0.04450771796414888,0.02291107547734158,0.0005462765479274097
qwen3_vl_8b,attention_distribution,HALL,union_top32,24,25,1759,0.030721315651318783,0.017220313635277058,0.00041058978205583453
qwen3_vl_8b,attention_distribution,HALL,union_top32,25,26,1759,0.06077995479123846,0.03240868405634555,0.0007727312524756597
qwen3_vl_8b,attention_distribution,HALL,union_top32,26,27,1759,0.08336320910613397,0.04784584190235766,0.0011408046458992894
qwen3_vl_8b,attention_distribution,HALL,union_top32,27,28,1759,0.0451503076345457,0.022583523059048323,0.0005384666044567299
qwen3_vl_8b,attention_distribution,HALL,union_top32,28,29,1759,0.0402972412651967,0.01847652087818657,0.0004405419576670007
qwen3_vl_8b,attention_distribution,HALL,union_top32,29,30,1759,0.03336633711888107,0.0179010767934576,0.00042682144906661335
qwen3_vl_8b,attention_distribution,HALL,union_top32,30,31,1759,0.03862912461983337,0.01831592486626726,0.00043671281245341386
qwen3_vl_8b,attention_distribution,HALL,union_top32,31,32,1759,0.03475851685681283,0.015382994293600462,0.00036678195346201897
qwen3_vl_8b,attention_distribution,HALL,union_top32,32,33,1759,0.02399229598001298,0.011909840275288906,0.0002839703635207336
qwen3_vl_8b,attention_distribution,HALL,union_top32,33,34,1759,0.01960803898588255,0.009086012455196356,0.00021664087848511754
qwen3_vl_8b,attention_distribution,HALL,union_top32,34,35,1759,0.03228561056437921,0.014793739310548854,0.0003527321469259267
qwen3_vl_8b,attention_distribution,HALL,union_top32,35,36,1759,0.16309833289836198,0.0729198775083841,0.001738653386217717
qwen3_vl_8b,attention_distribution,REAL,all_visual_tokens,1,2,3915,0.12039251144342648,0.029629558112566384,0.00047354285847347083
qwen3_vl_8b,attention_distribution,REAL,all_visual_tokens,2,3,3915,0.11499318432438724,0.02536495201948698,0.000405385454576053
qwen3_vl_8b,attention_distribution,REAL,all_visual_tokens,3,4,3915,0.08045137662863976,0.027577252715450536,0.0004407426877615563
qwen3_vl_8b,attention_distribution,REAL,all_visual_tokens,4,5,3915,0.07156160191215317,0.0303214053122093,0.0004846000365556112
qwen3_vl_8b,attention_distribution,REAL,all_visual_tokens,5,6,3915,0.07111913053411634,0.021057086185028075,0.00033653666873119446
qwen3_vl_8b,attention_distribution,REAL,all_visual_tokens,6,7,3915,0.0701303746903346,0.020033575348628645,0.00032017880590698986
qwen3_vl_8b,attention_distribution,REAL,all_visual_tokens,7,8,3915,0.09304528689323562,0.023373529798050397,0.0003735583254780083
qwen3_vl_8b,attention_distribution,REAL,all_visual_tokens,8,9,3915,0.08158162762274154,0.03035428807943808,0.0004851255725601941
qwen3_vl_8b,attention_distribution,REAL,all_visual_tokens,9,10,3915,0.05672600218885855,0.01932922996670631,0.00030892188050024095
qwen3_vl_8b,attention_distribution,REAL,all_visual_tokens,10,11,3915,0.05951396156754226,0.021734889286756254,0.00034736939249491535
qwen3_vl_8b,attention_distribution,REAL,all_visual_tokens,11,12,3915,0.04891054398436123,0.017908387095338974,0.00028621381336698244
qwen3_vl_8b,attention_distribution,REAL,all_visual_tokens,12,13,3915,0.04788684074506449,0.018153883064132362,0.00029013735695695015
qwen3_vl_8b,attention_distribution,REAL,all_visual_tokens,13,14,3915,0.06930233559560502,0.020446439265966537,0.00032677724246935703
qwen3_vl_8b,attention_distribution,REAL,all_visual_tokens,14,15,3915,0.04608022399760526,0.011579223320016907,0.00018506042138839523
qwen3_vl_8b,attention_distribution,REAL,all_visual_tokens,15,16,3915,0.04262835827595429,0.013932475828137893,0.00022267036194747685
qwen3_vl_8b,attention_distribution,REAL,all_visual_tokens,16,17,3915,0.049425326258724374,0.013271251999055766,0.00021210260994372607
qwen3_vl_8b,attention_distribution,REAL,all_visual_tokens,17,18,3915,0.06464963759822559,0.01579730713961384,0.0002524743011912628
qwen3_vl_8b,attention_distribution,REAL,all_visual_tokens,18,19,3915,0.04245239456932359,0.010948277030584212,0.00017497656835535014
qwen3_vl_8b,attention_distribution,REAL,all_visual_tokens,19,20,3915,0.034089968258593506,0.008979681834676352,0.0001435142632914085
qwen3_vl_8b,attention_distribution,REAL,all_visual_tokens,20,21,3915,0.04485727153613802,0.012535666237923036,0.00020034639735844813
qwen3_vl_8b,attention_distribution,REAL,all_visual_tokens,21,22,3915,0.04250150211298146,0.01342579411685919,0.00021457251907774515
qwen3_vl_8b,attention_distribution,REAL,all_visual_tokens,22,23,3915,0.04885434652149373,0.015184005688195347,0.00024267244990116644
qwen3_vl_8b,attention_distribution,REAL,all_visual_tokens,23,24,3915,0.04342896354504853,0.014180499312003308,0.00022663430056147748
qwen3_vl_8b,attention_distribution,REAL,all_visual_tokens,24,25,3915,0.03133749621319626,0.009939581638361148,0.00015885548759040467
qwen3_vl_8b,attention_distribution,REAL,all_visual_tokens,25,26,3915,0.05360527716738815,0.018798672392677174,0.0003004424509645048
qwen3_vl_8b,attention_distribution,REAL,all_visual_tokens,26,27,3915,0.07899440403499594,0.02692971491415599,0.0004303936673600473
qwen3_vl_8b,attention_distribution,REAL,all_visual_tokens,27,28,3915,0.05089204638796748,0.015671443230468547,0.0002504627303440408
qwen3_vl_8b,attention_distribution,REAL,all_visual_tokens,28,29,3915,0.045038278631647125,0.011822527577258548,0.0001889489368031461
qwen3_vl_8b,attention_distribution,REAL,all_visual_tokens,29,30,3915,0.04083720566098261,0.01169941571412288,0.0001869813494581113
qwen3_vl_8b,attention_distribution,REAL,all_visual_tokens,30,31,3915,0.04657262522931833,0.013392582102224458,0.00021404172100488684
qwen3_vl_8b,attention_distribution,REAL,all_visual_tokens,31,32,3915,0.039043191661475414,0.012666668026898625,0.00020244008236653904
qwen3_vl_8b,attention_distribution,REAL,all_visual_tokens,32,33,3915,0.02720231271799687,0.008500867214568277,0.00013586179533952558
qwen3_vl_8b,attention_distribution,REAL,all_visual_tokens,33,34,3915,0.022656526322099517,0.0060163540740335,9.61540329080381e-05
qwen3_vl_8b,attention_distribution,REAL,all_visual_tokens,34,35,3915,0.03566418164962781,0.009863078226071003,0.0001576328016360203
qwen3_vl_8b,attention_distribution,REAL,all_visual_tokens,35,36,3915,0.13278225809621172,0.047454316367015796,0.0007584201065020432
qwen3_vl_8b,attention_distribution,REAL,union_top32,1,2,3915,0.14772578360819724,0.03994527835028318,0.0006384098345526471
qwen3_vl_8b,attention_distribution,REAL,union_top32,2,3,3915,0.1466407112615471,0.03247894638111888,0.0005190820953552677
qwen3_vl_8b,attention_distribution,REAL,union_top32,3,4,3915,0.09523998838427118,0.03748735335824293,0.0005991270068364119
qwen3_vl_8b,attention_distribution,REAL,union_top32,4,5,3915,0.08336648386338129,0.04335026578074302,0.0006928287183834641
qwen3_vl_8b,attention_distribution,REAL,union_top32,5,6,3915,0.08271488755998484,0.029928063703955475,0.00047831360768544625
qwen3_vl_8b,attention_distribution,REAL,union_top32,6,7,3915,0.07695042640161089,0.02797300315843399,0.00044706761489346134
qwen3_vl_8b,attention_distribution,REAL,union_top32,7,8,3915,0.10113190844712129,0.032398369120686714,0.0005177943007115525
qwen3_vl_8b,attention_distribution,REAL,union_top32,8,9,3915,0.0952764833334115,0.04091028585907578,0.0006538326907567767
qwen3_vl_8b,attention_distribution,REAL,union_top32,9,10,3915,0.05702889233561159,0.024370713624390535,0.0003894954271301706
qwen3_vl_8b,attention_distribution,REAL,union_top32,10,11,3915,0.060519287989761486,0.026938920660405104,0.0004305407946096885
qwen3_vl_8b,attention_distribution,REAL,union_top32,11,12,3915,0.05309074807669468,0.024042243694509264,0.00038424578456285237
qwen3_vl_8b,attention_distribution,REAL,union_top32,12,13,3915,0.05152647901435845,0.02384590509269506,0.0003811078794216903
qwen3_vl_8b,attention_distribution,REAL,union_top32,13,14,3915,0.06770441413667924,0.02406615551109437,0.0003846279458469993
qwen3_vl_8b,attention_distribution,REAL,union_top32,14,15,3915,0.04472543258995465,0.014380495575834982,0.0002298306628595267
qwen3_vl_8b,attention_distribution,REAL,union_top32,15,16,3915,0.04187750438582699,0.016446879302916398,0.0002628558349902643
qwen3_vl_8b,attention_distribution,REAL,union_top32,16,17,3915,0.04592740883382268,0.015251928521253627,0.00024375800009397857
qwen3_vl_8b,attention_distribution,REAL,union_top32,17,18,3915,0.0558270902259901,0.017393700951185174,0.000277988042770157
qwen3_vl_8b,attention_distribution,REAL,union_top32,18,19,3915,0.03747081258482898,0.012539694599979216,0.00020041077908414929
qwen3_vl_8b,attention_distribution,REAL,union_top32,19,20,3915,0.030206603989823416,0.009573974812490837,0.00015301231906449228
qwen3_vl_8b,attention_distribution,REAL,union_top32,20,21,3915,0.03927158019285397,0.013610009895663931,0.00021751667592745925
qwen3_vl_8b,attention_distribution,REAL,union_top32,21,22,3915,0.03961194112735157,0.01488463110065132,0.0002378878122970103
qwen3_vl_8b,attention_distribution,REAL,union_top32,22,23,3915,0.04082801443801796,0.01646524149893304,0.000263149301627753
qwen3_vl_8b,attention_distribution,REAL,union_top32,23,24,3915,0.03775664600323633,0.013889686701138392,0.00022198650141084825
qwen3_vl_8b,attention_distribution,REAL,union_top32,24,25,3915,0.026831347702040147,0.010691675046439189,0.00017087552720582104
qwen3_vl_8b,attention_distribution,REAL,union_top32,25,26,3915,0.0477840848540647,0.021050205019290783,0.0003364266931831121
qwen3_vl_8b,attention_distribution,REAL,union_top32,26,27,3915,0.0756042794377982,0.030712781896299907,0.0004908550601933497
qwen3_vl_8b,attention_distribution,REAL,union_top32,27,28,3915,0.04821636345032912,0.01803326102486361,0.0002882095622509603
qwen3_vl_8b,attention_distribution,REAL,union_top32,28,29,3915,0.03874866968403793,0.012714924842849425,0.0002032113281097038
qwen3_vl_8b,attention_distribution,REAL,union_top32,29,30,3915,0.03598457633150149,0.0125938968567114,0.00020127704551617498
qwen3_vl_8b,attention_distribution,REAL,union_top32,30,31,3915,0.038800835832572836,0.014739811068574719,0.0002355732826069881
qwen3_vl_8b,attention_distribution,REAL,union_top32,31,32,3915,0.03461214606798852,0.013812407937912177,0.00022075142371247666
qwen3_vl_8b,attention_distribution,REAL,union_top32,32,33,3915,0.024132804546057988,0.009185873982144186,0.0001468096488835848
qwen3_vl_8b,attention_distribution,REAL,union_top32,33,34,3915,0.018254373343911206,0.006011607136793659,9.607816683467284e-05
qwen3_vl_8b,attention_distribution,REAL,union_top32,34,35,3915,0.03221850295695042,0.010915785633315045,0.0001744572872685319
qwen3_vl_8b,attention_distribution,REAL,union_top32,35,36,3915,0.11865038852829433,0.05084518701123565,0.0008126133743016272
qwen3_vl_8b,attention_evidence,HALL,all_visual_tokens,1,2,1759,0.12675736852163885,0.0416522138914216,0.0009931278713058494
qwen3_vl_8b,attention_evidence,HALL,all_visual_tokens,2,3,1759,0.10754279490727603,0.032176887358873425,0.000767204445153093
qwen3_vl_8b,attention_evidence,HALL,all_visual_tokens,3,4,1759,0.07993043664336678,0.039506926762198705,0.000941977062238681
qwen3_vl_8b,attention_evidence,HALL,all_visual_tokens,4,5,1759,0.06731499373836569,0.04344861447926816,0.001035960060165517
qwen3_vl_8b,attention_evidence,HALL,all_visual_tokens,5,6,1759,0.06869531638873715,0.028273883970518433,0.0006741438108040789
qwen3_vl_8b,attention_evidence,HALL,all_visual_tokens,6,7,1759,0.07022145749485377,0.02691113940606715,0.0006416514296798705
qwen3_vl_8b,attention_evidence,HALL,all_visual_tokens,7,8,1759,0.10629705149064082,0.03610886474824259,0.0008609559164411815
qwen3_vl_8b,attention_evidence,HALL,all_visual_tokens,8,9,1759,0.1168884930644034,0.05437109994260342,0.0012963885878266908
qwen3_vl_8b,attention_evidence,HALL,all_visual_tokens,9,10,1759,0.07051708163601421,0.028312292711172547,0.0006750596034422517
qwen3_vl_8b,attention_evidence,HALL,all_visual_tokens,10,11,1759,0.07378997690149706,0.030148483299890276,0.0007188405187962046
qwen3_vl_8b,attention_evidence,HALL,all_visual_tokens,11,12,1759,0.06261009823545738,0.02944791449954662,0.0007021366191378991
qwen3_vl_8b,attention_evidence,HALL,all_visual_tokens,12,13,1759,0.06628173876039137,0.029679339792504072,0.0007076545709365789
qwen3_vl_8b,attention_evidence,HALL,all_visual_tokens,13,14,1759,0.09440910448534642,0.03501426515801964,0.0008348570069377358
qwen3_vl_8b,attention_evidence,HALL,all_visual_tokens,14,15,1759,0.04932141001270094,0.017699802880844745,0.0004220224068619498
qwen3_vl_8b,attention_evidence,HALL,all_visual_tokens,15,16,1759,0.049736294449604056,0.02249316698949128,0.0005363122140261835
qwen3_vl_8b,attention_evidence,HALL,all_visual_tokens,16,17,1759,0.05565435519190998,0.01967992191561704,0.00046923505700011234
qwen3_vl_8b,attention_evidence,HALL,all_visual_tokens,17,18,1759,0.07376068702572242,0.02709590708030795,0.0006460569080413146
qwen3_vl_8b,attention_evidence,HALL,all_visual_tokens,18,19,1759,0.04173964973392982,0.016242903672264605,0.0003872850646045587
qwen3_vl_8b,attention_evidence,HALL,all_visual_tokens,19,20,1759,0.034112775012122225,0.013599151211504389,0.0003242491774735954
qwen3_vl_8b,attention_evidence,HALL,all_visual_tokens,20,21,1759,0.03977296890869881,0.017115016970655858,0.0004080791579467906
qwen3_vl_8b,attention_evidence,HALL,all_visual_tokens,21,22,1759,0.03726728752492638,0.017528541778532625,0.00041793897027872035
qwen3_vl_8b,attention_evidence,HALL,all_visual_tokens,22,23,1759,0.050977204661051816,0.022848660341541514,0.0005447883626627328
qwen3_vl_8b,attention_evidence,HALL,all_visual_tokens,23,24,1759,0.05229932823837346,0.025173750933496445,0.0006002262867116398
qwen3_vl_8b,attention_evidence,HALL,all_visual_tokens,24,25,1759,0.03429488958542051,0.017576180579379232,0.00041907483837446395
qwen3_vl_8b,attention_evidence,HALL,all_visual_tokens,25,26,1759,0.060578939277782504,0.02963352092749178,0.0007065620961885636
qwen3_vl_8b,attention_evidence,HALL,all_visual_tokens,26,27,1759,0.07816551828829994,0.04208153858145895,0.0010033644055901327
qwen3_vl_8b,attention_evidence,HALL,all_visual_tokens,27,28,1759,0.04495519688517075,0.020333811355448844,0.0004848259648241807
qwen3_vl_8b,attention_evidence,HALL,all_visual_tokens,28,29,1759,0.04192484724650402,0.017384631862588512,0.0004145076773142228
qwen3_vl_8b,attention_evidence,HALL,all_visual_tokens,29,30,1759,0.034758126821671786,0.016540552457358863,0.0003943820056004925
qwen3_vl_8b,attention_evidence,HALL,all_visual_tokens,30,31,1759,0.04287175579613891,0.018071514721767504,0.00043088525843274774
qwen3_vl_8b,attention_evidence,HALL,all_visual_tokens,31,32,1759,0.037296402529136165,0.01497760832810738,0.0003571161983111186
qwen3_vl_8b,attention_evidence,HALL,all_visual_tokens,32,33,1759,0.026566921521535204,0.01224744515026295,0.00029201999112755104
qwen3_vl_8b,attention_evidence,HALL,all_visual_tokens,33,34,1759,0.023167227759677757,0.009970510963214118,0.0002377302765836372
qwen3_vl_8b,attention_evidence,HALL,all_visual_tokens,34,35,1759,0.034943562765532156,0.014727306237131553,0.0003511481606110764
qwen3_vl_8b,attention_evidence,HALL,all_visual_tokens,35,36,1759,0.17370738821012044,0.07030203545909332,0.0016762352898206238
qwen3_vl_8b,attention_evidence,HALL,union_top32,1,2,1759,0.15750849694691307,0.054949690709874856,0.0013101841238468265
qwen3_vl_8b,attention_evidence,HALL,union_top32,2,3,1759,0.13604014564248362,0.041938564530350164,0.000999955426768508
qwen3_vl_8b,attention_evidence,HALL,union_top32,3,4,1759,0.09147254546184036,0.05021821517873109,0.0011973699470390895
qwen3_vl_8b,attention_evidence,HALL,union_top32,4,5,1759,0.0775667221961525,0.05742462863436197,0.0013691949086989189
qwen3_vl_8b,attention_evidence,HALL,union_top32,5,6,1759,0.07983163055276044,0.037174850333206756,0.0008863725725065201
qwen3_vl_8b,attention_evidence,HALL,union_top32,6,7,1759,0.07844170136138957,0.0354928486028177,0.0008462680344286996
qwen3_vl_8b,attention_evidence,HALL,union_top32,7,8,1759,0.12167612655112661,0.04813748164067592,0.0011477583111536556
qwen3_vl_8b,attention_evidence,HALL,union_top32,8,9,1759,0.13546241609344706,0.06632724499332926,0.0015814630118225978
qwen3_vl_8b,attention_evidence,HALL,union_top32,9,10,1759,0.07175163214262777,0.03434982239152532,0.0008190144725645755
qwen3_vl_8b,attention_evidence,HALL,union_top32,10,11,1759,0.07583424094969099,0.03692895931027902,0.0008805097093989307
qwen3_vl_8b,attention_evidence,HALL,union_top32,11,12,1759,0.06733318048064989,0.036897400394971754,0.0008797572394711249
qwen3_vl_8b,attention_evidence,HALL,union_top32,12,13,1759,0.07158564645934674,0.03720856934842513,0.0008871765464295785
qwen3_vl_8b,attention_evidence,HALL,union_top32,13,14,1759,0.09232897715745764,0.040152338349161806,0.0009573658297396758
qwen3_vl_8b,attention_evidence,HALL,union_top32,14,15,1759,0.04805649544634963,0.020913204718287913,0.0004986406374028119
qwen3_vl_8b,attention_evidence,HALL,union_top32,15,16,1759,0.04784891678252262,0.025479255051541413,0.000607510525076978
qwen3_vl_8b,attention_evidence,HALL,union_top32,16,17,1759,0.051245963945349485,0.02138304486287149,0.000509843195419552
qwen3_vl_8b,attention_evidence,HALL,union_top32,17,18,1759,0.06457151607898842,0.02836224945243783,0.0006762507389780361
qwen3_vl_8b,attention_evidence,HALL,union_top32,18,19,1759,0.03865749554972272,0.017867362154713098,0.0004260175794933067
qwen3_vl_8b,attention_evidence,HALL,union_top32,19,20,1759,0.030618815556287156,0.014484441311379558,0.00034535744976541336
qwen3_vl_8b,attention_evidence,HALL,union_top32,20,21,1759,0.03560018086421551,0.01814767149975241,0.00043270109033553264
qwen3_vl_8b,attention_evidence,HALL,union_top32,21,22,1759,0.03459151606581101,0.01822772114730209,0.0004346097412484717
qwen3_vl_8b,attention_evidence,HALL,union_top32,22,23,1759,0.04171657967505603,0.022573824939703693,0.0005382353689059496
qwen3_vl_8b,attention_evidence,HALL,union_top32,23,24,1759,0.04337023395299488,0.02351678645286968,0.0005607187202767816
qwen3_vl_8b,attention_evidence,HALL,union_top32,24,25,1759,0.030671451839069334,0.01826431015153291,0.0004354821452935407
qwen3_vl_8b,attention_evidence,HALL,union_top32,25,26,1759,0.05665331777458404,0.032367348756489146,0.0007717456808932416
qwen3_vl_8b,attention_evidence,HALL,union_top32,26,27,1759,0.07576608370127598,0.04598831297764216,0.00109651495335856
qwen3_vl_8b,attention_evidence,HALL,union_top32,27,28,1759,0.04208763655976113,0.021750775611561055,0.0005186111244571725
qwen3_vl_8b,attention_evidence,HALL,union_top32,28,29,1759,0.03739309487223727,0.018030951765121477,0.0004299181020916046
qwen3_vl_8b,attention_evidence,HALL,union_top32,29,30,1759,0.031367390982027316,0.017360484215528712,0.00041393191677040013
qwen3_vl_8b,attention_evidence,HALL,union_top32,30,31,1759,0.03584672806963469,0.01779969765807467,0.00042440423193668755
qwen3_vl_8b,attention_evidence,HALL,union_top32,31,32,1759,0.032859076275646416,0.015319657164589516,0.0003652717848003186
qwen3_vl_8b,attention_evidence,HALL,union_top32,32,33,1759,0.023268444680160354,0.012276522284148316,0.0002927132870986734
qwen3_vl_8b,attention_evidence,HALL,union_top32,33,34,1759,0.01966033529356808,0.010081339928900628,0.0002403728092244758
qwen3_vl_8b,attention_evidence,HALL,union_top32,34,35,1759,0.03131666085817822,0.0150903231627146,0.00035980369636464017
qwen3_vl_8b,attention_evidence,HALL,union_top32,35,36,1759,0.1502812114618867,0.07171470970093487,0.00170991816118746
qwen3_vl_8b,attention_evidence,REAL,all_visual_tokens,1,2,3915,0.12767634627291527,0.03201741479140995,0.0005117058466972129
qwen3_vl_8b,attention_evidence,REAL,all_visual_tokens,2,3,3915,0.11292564629709127,0.026564855792599425,0.0004245624487267617
qwen3_vl_8b,attention_evidence,REAL,all_visual_tokens,3,4,3915,0.08258717709326804,0.030229037236886636,0.0004831237998107427
qwen3_vl_8b,attention_evidence,REAL,all_visual_tokens,4,5,3915,0.07340212204418649,0.03338786479872702,0.0005336085295315099
qwen3_vl_8b,attention_evidence,REAL,all_visual_tokens,5,6,3915,0.07210203757554788,0.023250423527229093,0.000371590827509957
qwen3_vl_8b,attention_evidence,REAL,all_visual_tokens,6,7,3915,0.07140624178085823,0.0219016172630759,0.00035003405736078847
qwen3_vl_8b,attention_evidence,REAL,all_visual_tokens,7,8,3915,0.092414940448328,0.02497102291200009,0.00039908963622849116
qwen3_vl_8b,attention_evidence,REAL,all_visual_tokens,8,9,3915,0.08363518922912054,0.03285993060783693,0.000525171027193804
qwen3_vl_8b,attention_evidence,REAL,all_visual_tokens,9,10,3915,0.056986047680540865,0.019331494457452882,0.0003089580718405588
qwen3_vl_8b,attention_evidence,REAL,all_visual_tokens,10,11,3915,0.06047229390225039,0.022070542533572386,0.000352733839624007
qwen3_vl_8b,attention_evidence,REAL,all_visual_tokens,11,12,3915,0.05203678252824878,0.01898820765920327,0.0003034716244523886
qwen3_vl_8b,attention_evidence,REAL,all_visual_tokens,12,13,3915,0.05067825353446287,0.019112092366486713,0.00030545156347764425
qwen3_vl_8b,attention_evidence,REAL,all_visual_tokens,13,14,3915,0.06895825758595424,0.02079295030058742,0.0003323152199580385
qwen3_vl_8b,attention_evidence,REAL,all_visual_tokens,14,15,3915,0.04663582472451802,0.01260945974008532,0.0002015257732309447
qwen3_vl_8b,attention_evidence,REAL,all_visual_tokens,15,16,3915,0.04462293126783304,0.015578599708473142,0.00024897889495812585
qwen3_vl_8b,attention_evidence,REAL,all_visual_tokens,16,17,3915,0.04919175381556934,0.013442019466219217,0.0002148318343968089
qwen3_vl_8b,attention_evidence,REAL,all_visual_tokens,17,18,3915,0.06333781727524249,0.01603440258646264,0.00025626358671503865
qwen3_vl_8b,attention_evidence,REAL,all_visual_tokens,18,19,3915,0.042525789878149145,0.011737071847727008,0.00018758317392941165
qwen3_vl_8b,attention_evidence,REAL,all_visual_tokens,19,20,3915,0.0342571258609151,0.009398290987366973,0.00015020452083744332
qwen3_vl_8b,attention_evidence,REAL,all_visual_tokens,20,21,3915,0.04439861458032791,0.013080095125420682,0.00020904751975256935
qwen3_vl_8b,attention_evidence,REAL,all_visual_tokens,21,22,3915,0.04147880295241587,0.013690804918517506,0.00021880795087415798
qwen3_vl_8b,attention_evidence,REAL,all_visual_tokens,22,23,3915,0.04593760638877198,0.01459884270599418,0.0002333203107227263
qwen3_vl_8b,attention_evidence,REAL,all_visual_tokens,23,24,3915,0.04308524431177863,0.013821812435638162,0.00022090172743009372
qwen3_vl_8b,attention_evidence,REAL,all_visual_tokens,24,25,3915,0.03193719608359524,0.010755699434285443,0.00017189877201823257
qwen3_vl_8b,attention_evidence,REAL,all_visual_tokens,25,26,3915,0.05133032114607773,0.018901728694495377,0.00030208950812145915
qwen3_vl_8b,attention_evidence,REAL,all_visual_tokens,26,27,3915,0.07297418425157,0.025902829948167113,0.00041398187882542287
qwen3_vl_8b,attention_evidence,REAL,all_visual_tokens,27,28,3915,0.048261816929526254,0.016292131427533333,0.0002603826374159639
qwen3_vl_8b,attention_evidence,REAL,all_visual_tokens,28,29,3915,0.04145207716292425,0.011470438361507383,0.00018332180820976432
qwen3_vl_8b,attention_evidence,REAL,all_visual_tokens,29,30,3915,0.03784415804867848,0.011589688962845632,0.00018522768444382282
qwen3_vl_8b,attention_evidence,REAL,all_visual_tokens,30,31,3915,0.042967219826305046,0.014309377420693891,0.00022869404467754345
qwen3_vl_8b,attention_evidence,REAL,all_visual_tokens,31,32,3915,0.037127642314952455,0.012908718829755647,0.00020630856493537291
qwen3_vl_8b,attention_evidence,REAL,all_visual_tokens,32,33,3915,0.02655348527110818,0.008988480110936854,0.00014365487831084986
qwen3_vl_8b,attention_evidence,REAL,all_visual_tokens,33,34,3915,0.02215039814378719,0.006622412227774998,0.00010584012101753928
qwen3_vl_8b,attention_evidence,REAL,all_visual_tokens,34,35,3915,0.034767199767751104,0.010403651489540512,0.0001662723030226143
qwen3_vl_8b,attention_evidence,REAL,all_visual_tokens,35,36,3915,0.12219121879677967,0.04762453449575383,0.0007611405513679565
qwen3_vl_8b,attention_evidence,REAL,union_top32,1,2,3915,0.15347257779856446,0.042566844603263175,0.0006803079949098623
qwen3_vl_8b,attention_evidence,REAL,union_top32,2,3,3915,0.13941786274941945,0.034827064389841574,0.0005566099757799165
qwen3_vl_8b,attention_evidence,REAL,union_top32,3,4,3915,0.09257302368071649,0.03781639935535246,0.0006043858561735682
qwen3_vl_8b,attention_evidence,REAL,union_top32,4,5,3915,0.08252412433692018,0.04385933495697862,0.0007009647179808762
qwen3_vl_8b,attention_evidence,REAL,union_top32,5,6,3915,0.08111056985659465,0.03085898762094883,0.0004931917361745575
qwen3_vl_8b,attention_evidence,REAL,union_top32,6,7,3915,0.07590333994330498,0.028511030410423743,0.0004556664256443985
qwen3_vl_8b,attention_evidence,REAL,union_top32,7,8,3915,0.09738289958025456,0.03237621780812332,0.0005174402759964231
qwen3_vl_8b,attention_evidence,REAL,union_top32,8,9,3915,0.09217776951937916,0.04072080823548688,0.0006508044385246586
qwen3_vl_8b,attention_evidence,REAL,union_top32,9,10,3915,0.05580333121844102,0.023092095487682093,0.0003690604113579933
qwen3_vl_8b,attention_evidence,REAL,union_top32,10,11,3915,0.0594591960044504,0.02617081676183281,0.00041826487357324635
qwen3_vl_8b,attention_evidence,REAL,union_top32,11,12,3915,0.05347216169458087,0.02355671092878739,0.000376485946468441
qwen3_vl_8b,attention_evidence,REAL,union_top32,12,13,3915,0.0517810545162337,0.023333896969165425,0.0003729249092451951
qwen3_vl_8b,attention_evidence,REAL,union_top32,13,14,3915,0.06486052188494196,0.022997267168076214,0.00036754485471824174
qwen3_vl_8b,attention_evidence,REAL,union_top32,14,15,3915,0.04442282442460229,0.015001405665548626,0.00023975411624418302
qwen3_vl_8b,attention_evidence,REAL,union_top32,15,16,3915,0.04328242118040987,0.018191655713536887,0.00029074104359659494
qwen3_vl_8b,attention_evidence,REAL,union_top32,16,17,3915,0.045180876878486285,0.015094258498280595,0.00024123810043531435
qwen3_vl_8b,attention_evidence,REAL,union_top32,17,18,3915,0.053727003125566636,0.01695299886326818,0.00027094469350201754
qwen3_vl_8b,attention_evidence,REAL,union_top32,18,19,3915,0.037431097042058166,0.012949273536950232,0.0002069567147287825
qwen3_vl_8b,attention_evidence,REAL,union_top32,19,20,3915,0.030612079489923835,0.010152283147480476,0.0001622549065168472
qwen3_vl_8b,attention_evidence,REAL,union_top32,20,21,3915,0.03917510459796641,0.013793996223954203,0.00022045716567380017
qwen3_vl_8b,attention_evidence,REAL,union_top32,21,22,3915,0.03843994420331024,0.014780271210349378,0.0002362199210454496
qwen3_vl_8b,attention_evidence,REAL,union_top32,22,23,3915,0.03870006458474606,0.015222774806024587,0.0002432920622088359
qwen3_vl_8b,attention_evidence,REAL,union_top32,23,24,3915,0.03749865855959792,0.013733984652881847,0.0002194980541406776
qwen3_vl_8b,attention_evidence,REAL,union_top32,24,25,3915,0.027600811538435185,0.01139166560550463,0.00018206285335442492
qwen3_vl_8b,attention_evidence,REAL,union_top32,25,26,3915,0.04555962897651611,0.020643480782974708,0.00032992638167850453
qwen3_vl_8b,attention_evidence,REAL,union_top32,26,27,3915,0.0689683092667663,0.02850263856401763,0.0004555323062316174
qwen3_vl_8b,attention_evidence,REAL,union_top32,27,28,3915,0.04521571427612241,0.018213242333703233,0.0002910860433356905
qwen3_vl_8b,attention_evidence,REAL,union_top32,28,29,3915,0.03588767693893054,0.012044903158494087,0.00019250296781477688
qwen3_vl_8b,attention_evidence,REAL,union_top32,29,30,3915,0.033373263588895974,0.01208454915055593,0.00019313659442293137
qwen3_vl_8b,attention_evidence,REAL,union_top32,30,31,3915,0.03661754328619551,0.015187247980082995,0.00024272426856692747
qwen3_vl_8b,attention_evidence,REAL,union_top32,31,32,3915,0.03272014578868603,0.013705494658961979,0.00021904272392254032
qwen3_vl_8b,attention_evidence,REAL,union_top32,32,33,3915,0.02385051330470624,0.009486572036129412,0.00015161543827405102
qwen3_vl_8b,attention_evidence,REAL,union_top32,33,34,3915,0.018416701251638537,0.006581374139729649,0.00010518424577817692
qwen3_vl_8b,attention_evidence,REAL,union_top32,34,35,3915,0.03191424780174386,0.011243927670875377,0.00017970168942469246
qwen3_vl_8b,attention_evidence,REAL,union_top32,35,36,3915,0.10138660428491285,0.04632886124535698,0.0007404329588919041
