method,layer,metric,count,mean,std,q10,median,q90
ATTN,1,bbox_mass,9392,0.19056358023623526,0.21198812062413228,0.01127564748749137,0.11027614399790764,0.5024752795696258
ATTN,1,patch_aupr,9392,0.3051781213605932,0.24228749528655405,0.062352749332785604,0.23163318634033203,0.6724314868450164
ATTN,1,patch_auroc,9392,0.5648483002274353,0.1614916681934124,0.3688827037811279,0.552363395690918,0.7768179714679718
ATTN,1,top1_pointing,9392,0.12457410562180579,0.33023536732205555,0.0,0.0,1.0
ATTN,1,top32_box_recall,9392,0.1279360947452622,0.13497987454963184,0.026109839603304867,0.09659090638160706,0.25
ATTN,1,uniform_enrichment,9392,0.9296041276445532,0.5151062128936302,0.5584817051887512,0.8057422637939453,1.393973183631897
ATTN,2,bbox_mass,9392,0.1756325999736192,0.1987361528884063,0.011936953570693732,0.10044882446527481,0.46404950618743895
ATTN,2,patch_aupr,9392,0.30850123555180925,0.24045433026496774,0.06610069051384926,0.23881148546934128,0.6720968008041381
ATTN,2,patch_auroc,9392,0.5708980666353721,0.15592667204037644,0.38699069023132326,0.5576194226741791,0.7744791388511657
ATTN,2,top1_pointing,9392,0.11637563884156729,0.32067483456888907,0.0,0.0,1.0
ATTN,2,top32_box_recall,9392,0.14426739377001763,0.14053791058075485,0.0416666679084301,0.10526315867900848,0.2929597765207285
ATTN,2,uniform_enrichment,9392,0.9264025587724994,0.6554564120206072,0.47416863441467283,0.7511022090911865,1.536098849773407
ATTN,3,bbox_mass,9392,0.19783861856078724,0.20957125067370783,0.015064853057265282,0.12167182937264442,0.5036463618278502
ATTN,3,patch_aupr,9392,0.33611721515446685,0.23793235364501855,0.08246003091335297,0.2740858793258667,0.6899058997631072
ATTN,3,patch_auroc,9392,0.6206052137675236,0.15789206359616864,0.42543770372867584,0.6130273044109344,0.8319520831108093
ATTN,3,top1_pointing,9392,0.14991482112436116,0.356987909503406,0.0,0.0,1.0
ATTN,3,top32_box_recall,9392,0.18619834171245953,0.17539907258629772,0.0595238097012043,0.125,0.4000000059604645
ATTN,3,uniform_enrichment,9392,1.1869389561474564,1.1938128938736294,0.5139271438121795,0.8780959844589233,2.083384490013122
ATTN,4,bbox_mass,9392,0.19920276742685114,0.21252815607480288,0.012557313404977321,0.12189789488911629,0.5046083211898803
ATTN,4,patch_aupr,9392,0.3241688832161699,0.24511581569998217,0.06712802574038505,0.2559712678194046,0.696762716770172
ATTN,4,patch_auroc,9392,0.6036588429164751,0.14630025385189843,0.427354684472084,0.5945869982242584,0.790065574645996
ATTN,4,top1_pointing,9392,0.1265971039182283,0.3325210928614087,0.0,0.0,1.0
ATTN,4,top32_box_recall,9392,0.14894801589681766,0.1430867149137467,0.044803011789917954,0.1111111119389534,0.30000001192092896
ATTN,4,uniform_enrichment,9392,1.0527301539517813,0.7416097172152984,0.5697469651699066,0.8645743727684021,1.6664010643959044
ATTN,5,bbox_mass,9392,0.24066300062731547,0.23027417873171774,0.01636976432055235,0.16737481951713562,0.583518236875534
ATTN,5,patch_aupr,9392,0.34743282731982017,0.2459442892337563,0.07474708631634712,0.2894779294729233,0.7155496418476104
ATTN,5,patch_auroc,9392,0.6228955519620449,0.1423637277470504,0.45181558430194857,0.6163280010223389,0.8029797971248627
ATTN,5,top1_pointing,9392,0.2282793867120954,0.41972360943178433,0.0,0.0,1.0
ATTN,5,top32_box_recall,9392,0.171882241246611,0.14791967773384865,0.060975611209869385,0.125,0.3333333432674408
ATTN,5,uniform_enrichment,9392,1.4518084140999,1.5745597150544974,0.7000851929187775,1.0512207746505737,2.4071110248565657
ATTN,6,bbox_mass,9392,0.26684459518866505,0.24510769055297063,0.019046336598694324,0.19206689298152924,0.6379070580005646
ATTN,6,patch_aupr,9392,0.36707787856698,0.2514245125059744,0.07858918160200119,0.31469912827014923,0.7475892424583435
ATTN,6,patch_auroc,9392,0.6370026073759673,0.14238928461191913,0.46389036178588866,0.6315711736679077,0.819246220588684
ATTN,6,top1_pointing,9392,0.28662691652470185,0.45218572207472835,0.0,0.0,1.0
ATTN,6,top32_box_recall,9392,0.18695995709509788,0.15798028874106512,0.06666667014360428,0.13636364042758942,0.36666667461395264
ATTN,6,uniform_enrichment,9392,1.7310195336065983,2.1057608444037426,0.7673896729946137,1.1661069989204407,2.9385584354400627
ATTN,7,bbox_mass,9392,0.28187249782828283,0.24946729126976305,0.018846767023205757,0.2123163715004921,0.6559925436973572
ATTN,7,patch_aupr,9392,0.3699847306329634,0.24863696010539676,0.07800802066922188,0.32337652146816254,0.738843512535095
ATTN,7,patch_auroc,9392,0.6287798322118451,0.1445539776625219,0.4548949062824249,0.6218960881233215,0.8135080933570862
ATTN,7,top1_pointing,9392,0.36158432708688243,0.48045926101180414,0.0,0.0,1.0
ATTN,7,top32_box_recall,9392,0.18973295623714223,0.15969373317242183,0.06666667014360428,0.13942307233810425,0.375
ATTN,7,uniform_enrichment,9392,1.8963757882948198,2.6984437906120085,0.8034502327442169,1.2145469784736633,3.2452465295791617
ATTN,8,bbox_mass,9392,0.3096320856423058,0.2513560565377103,0.028345100954174998,0.25178827345371246,0.6860684931278228
ATTN,8,patch_aupr,9392,0.41356869911107835,0.24212528304103542,0.11298209130764007,0.38197992742061615,0.7635902285575865
ATTN,8,patch_auroc,9392,0.660524421418522,0.15228649460698898,0.47029786109924315,0.6557138860225677,0.8623341143131256
ATTN,8,top1_pointing,9392,0.45741056218057924,0.4981828377074281,0.0,0.0,1.0
ATTN,8,top32_box_recall,9392,0.24254691042566276,0.1955405259022742,0.0882352963089943,0.1682705655694008,0.5
ATTN,8,uniform_enrichment,9392,2.6146361947910832,4.317768235924175,0.8524990677833557,1.4248161315917969,5.11644787788391
ATTN,9,bbox_mass,9392,0.28152510399068703,0.24764300913437384,0.021798679418861867,0.21132615953683853,0.6556965708732604
ATTN,9,patch_aupr,9392,0.38875227612248914,0.24604956560703153,0.09429228454828263,0.34776969254016876,0.7489608168601989
ATTN,9,patch_auroc,9392,0.6404348344484969,0.15005765661990858,0.4561517000198364,0.6289159059524536,0.8404500603675842
ATTN,9,top1_pointing,9392,0.3974659284497445,0.4893738490881252,0.0,0.0,1.0
ATTN,9,top32_box_recall,9392,0.21953641205997915,0.18168926352326967,0.08163265138864517,0.15555556118488312,0.4615384638309479
ATTN,9,uniform_enrichment,9392,1.8601874008273398,1.9622759617225942,0.8535156011581421,1.2768974304199219,3.3329082965850825
ATTN,10,bbox_mass,9392,0.34649356020210204,0.26442663311586434,0.03386286310851574,0.29647552967071533,0.738954734802246
ATTN,10,patch_aupr,9392,0.45788879630271284,0.24275667581864885,0.14235258400440218,0.44001756608486176,0.7958933711051941
ATTN,10,patch_auroc,9392,0.6904091203920035,0.1579284064071512,0.48566471338272094,0.688697338104248,0.9015571057796478
ATTN,10,top1_pointing,9392,0.583155877342419,0.49303661128096005,0.0,1.0,1.0
ATTN,10,top32_box_recall,9392,0.28592288947683636,0.22183149945730288,0.10000000149011612,0.20258907973766327,0.6153846383094788
ATTN,10,uniform_enrichment,9392,3.1993863461991325,5.0621640659042395,0.9072216093540192,1.6353211402893066,6.675791645050048
ATTN,11,bbox_mass,9392,0.3495568259465708,0.2653052994483945,0.03187853172421455,0.3027690052986145,0.743841379880905
ATTN,11,patch_aupr,9392,0.4645682680657077,0.2432424148180329,0.13836467564105986,0.4553039073944092,0.7965466201305389
ATTN,11,patch_auroc,9392,0.6913239247073598,0.1590181416737569,0.4860019415616989,0.6880135834217072,0.9066666960716248
ATTN,11,top1_pointing,9392,0.5978492333901193,0.4903320584307801,0.0,1.0,1.0
ATTN,11,top32_box_recall,9392,0.29144766500262936,0.2281507103127375,0.10000000149011612,0.20202019810676575,0.6399999856948853
ATTN,11,uniform_enrichment,9392,3.231887403732004,5.109849260520764,0.922842013835907,1.6156132817268372,6.900120019912719
ATTN,12,bbox_mass,9392,0.3519939117193295,0.26950642919916434,0.02987647633999586,0.3039403706789017,0.7517630517482757
ATTN,12,patch_aupr,9392,0.4679659577442061,0.25063269183814235,0.13079547733068467,0.4557015001773834,0.809760570526123
ATTN,12,patch_auroc,9392,0.6893619229491313,0.1687056853983618,0.4705003798007965,0.6883350610733032,0.9175043880939483
ATTN,12,top1_pointing,9392,0.6008304940374787,0.4897276911429023,0.0,1.0,1.0
ATTN,12,top32_box_recall,9392,0.29135153466003455,0.23443974830415995,0.09375,0.20000000298023224,0.6666666865348816
ATTN,12,uniform_enrichment,9392,3.1869491813258146,4.599076537467627,0.8523379087448121,1.6164722442626953,6.988735103607175
ATTN,13,bbox_mass,9392,0.3977399661288312,0.2808626076729203,0.03675588816404343,0.36867475509643555,0.8025694072246551
ATTN,13,patch_aupr,9392,0.5050610353728142,0.24808820986335625,0.15531758815050126,0.512069821357727,0.83299720287323
ATTN,13,patch_auroc,9392,0.7189295567467799,0.1621011725260474,0.5043131470680237,0.7244240939617157,0.9291789472103119
ATTN,13,top1_pointing,9392,0.6536413969335605,0.4758091225988675,0.0,1.0,1.0
ATTN,13,top32_box_recall,9392,0.3239617711687707,0.24108013111419352,0.11378761157393456,0.2361111044883728,0.692307710647583
ATTN,13,uniform_enrichment,9392,4.0481464693483815,6.372632238635379,0.9462316334247589,1.9225105047225952,9.184616565704346
ATTN,14,bbox_mass,9392,0.3402425798841521,0.2659127701961556,0.025971381552517415,0.2933158129453659,0.7352581977844238
ATTN,14,patch_aupr,9392,0.43795699291994233,0.2459682317767783,0.11705606654286385,0.4195377975702286,0.781771057844162
ATTN,14,patch_auroc,9392,0.6756276957158418,0.15867181018973933,0.47706370055675507,0.6682989001274109,0.8923092007637023
ATTN,14,top1_pointing,9392,0.5672913117546848,0.4954511876687085,0.0,1.0,1.0
ATTN,14,top32_box_recall,9392,0.2643179798784731,0.21724334223057615,0.08571428805589676,0.1818181872367859,0.5714285969734192
ATTN,14,uniform_enrichment,9392,2.8876746491587753,4.088915175804467,0.836138391494751,1.5345344543457031,6.112348890304564
ATTN,15,bbox_mass,9392,0.39542686205962924,0.2781577332708063,0.0338112898170948,0.3777531534433365,0.7904679119586945
ATTN,15,patch_aupr,9392,0.5090949795561588,0.2519660649546995,0.1474794015288353,0.5244589149951935,0.8354297578334808
ATTN,15,patch_auroc,9392,0.7178074996161343,0.16825512746203566,0.489507594704628,0.7268281877040863,0.9354184746742248
ATTN,15,top1_pointing,9392,0.684412265758092,0.46474951988998,0.0,1.0,1.0
ATTN,15,top32_box_recall,9392,0.3232188987905823,0.25025263411217336,0.10346381142735482,0.22820831090211868,0.7222222089767456
ATTN,15,uniform_enrichment,9392,3.9604513601453903,6.005652732342962,0.896172720193863,1.8728907704353333,9.184515857696534
ATTN,16,bbox_mass,9392,0.41719436352391065,0.28450971929436597,0.041555269807577136,0.39855900406837463,0.8200459957122802
ATTN,16,patch_aupr,9392,0.5313954456234145,0.25036767378190694,0.16935427933931352,0.5500916540622711,0.8519619524478912
ATTN,16,patch_auroc,9392,0.7318293891828888,0.16713576397603513,0.504898726940155,0.7447294294834137,0.9446713030338287
ATTN,16,top1_pointing,9392,0.703896933560477,0.4565370088882548,0.0,1.0,1.0
ATTN,16,top32_box_recall,9392,0.34033941740661566,0.2549909998145698,0.11522509828209877,0.24242424964904785,0.75
ATTN,16,uniform_enrichment,9392,4.527954205550139,6.957459646583833,0.9662692964076995,2.0250658988952637,10.816638755798333
ATTN,17,bbox_mass,9392,0.4028811614171183,0.27738104683031123,0.038874233886599545,0.38522493839263916,0.7944925069808959
ATTN,17,patch_aupr,9392,0.5029504953207705,0.24699009563731503,0.1567400544881821,0.5103862583637238,0.827676123380661
ATTN,17,patch_auroc,9392,0.708773869475817,0.16705629739210076,0.4904164016246796,0.7143812477588654,0.9281378924846649
ATTN,17,top1_pointing,9392,0.6969761499148212,0.4595654429618636,0.0,1.0,1.0
ATTN,17,top32_box_recall,9392,0.31766140858446024,0.24313764117354889,0.1071428582072258,0.22540321946144104,0.692307710647583
ATTN,17,uniform_enrichment,9392,4.24435264581705,6.314006515832586,0.9260168313980103,1.9389227032661438,10.156272506713865
ATTN,18,bbox_mass,9392,0.40420196886311716,0.2903000659038509,0.023044081777334215,0.39184750616550446,0.8047557711601256
ATTN,18,patch_aupr,9392,0.4549722795964602,0.25208181742124425,0.10868977457284927,0.4491303116083145,0.7987970411777496
ATTN,18,patch_auroc,9392,0.6571005226203734,0.17066602504440312,0.4415855884552002,0.6499999761581421,0.891137170791626
ATTN,18,top1_pointing,9392,0.651618398637138,0.47645761741702686,0.0,1.0,1.0
ATTN,18,top32_box_recall,9392,0.2776466304139041,0.22335696399237792,0.0833333358168602,0.19552723318338394,0.6111111044883728
ATTN,18,uniform_enrichment,9392,4.194533126714307,7.109871505461986,0.712280946969986,1.7351144552230835,10.023707389831538
ATTN,19,bbox_mass,9392,0.3939668838078969,0.2722944766194454,0.03911121860146523,0.3747469335794449,0.7840989112854002
ATTN,19,patch_aupr,9392,0.47237826926987525,0.24116909857425473,0.1508414551615715,0.46562714874744415,0.8030624389648436
ATTN,19,patch_auroc,9392,0.6811514580067012,0.1607569919666299,0.476415878534317,0.6786889731884003,0.9017693996429442
ATTN,19,top1_pointing,9392,0.6723807495741057,0.46934515782765823,0.0,1.0,1.0
ATTN,19,top32_box_recall,9392,0.29416830538348826,0.22146613640747398,0.109375,0.2142857164144516,0.6174208104610435
ATTN,19,uniform_enrichment,9392,4.122103682832215,6.351545387921908,0.9266832649707795,1.8967387080192566,9.640771102905271
ATTN,20,bbox_mass,9392,0.4259474227536199,0.28147283094394443,0.041680588573217395,0.4221455752849579,0.8133915364742279
ATTN,20,patch_aupr,9392,0.49578929498383745,0.24452932432178,0.1555998831987381,0.5,0.8213387548923492
ATTN,20,patch_auroc,9392,0.6987604162500286,0.1611825788161526,0.4901499181985855,0.6986850500106812,0.9183249533176421
ATTN,20,top1_pointing,9392,0.717206132879046,0.4503570759294564,0.0,1.0,1.0
ATTN,20,top32_box_recall,9392,0.3115425217696196,0.23402528097795475,0.11116071492433549,0.22499999403953552,0.6666666865348816
ATTN,20,uniform_enrichment,9392,4.912689287186913,8.155782039848553,0.9440209686756134,2.0534656047821045,11.595310592651364
ATTN,21,bbox_mass,9392,0.38384688054969196,0.27620951992017884,0.03319669961929322,0.35550421476364136,0.7879026651382446
ATTN,21,patch_aupr,9392,0.4688712648130728,0.24802111367802737,0.1327003702521324,0.462990403175354,0.8061417102813719
ATTN,21,patch_auroc,9392,0.6764111120636167,0.1690694754498102,0.45336262285709383,0.6763836443424225,0.9052854955196379
ATTN,21,top1_pointing,9392,0.6643952299829642,0.47220144891650667,0.0,1.0,1.0
ATTN,21,top32_box_recall,9392,0.288631315344966,0.22859929841542373,0.09375,0.20000000298023224,0.625
ATTN,21,uniform_enrichment,9392,3.9197837847000976,6.0608812408233,0.8361312568187713,1.7843913435935974,9.23257913589477
ATTN,22,bbox_mass,9392,0.37850143984788037,0.274144485253702,0.02932212557643652,0.35493938624858856,0.7704505443572998
ATTN,22,patch_aupr,9392,0.4397227581825129,0.24604057587104244,0.1170939825475216,0.42397670447826385,0.7814769744873046
ATTN,22,patch_auroc,9392,0.6412605459554842,0.1605247174280046,0.4432810604572296,0.6281579434871674,0.8661395847797394
ATTN,22,top1_pointing,9392,0.6652470187393527,0.4719040398192795,0.0,1.0,1.0
ATTN,22,top32_box_recall,9392,0.2588607853627962,0.20311677587677737,0.08931236863136292,0.1875,0.529411792755127
ATTN,22,uniform_enrichment,9392,3.8243935994234324,6.232036805102108,0.7995643496513367,1.6940265893936157,8.898548412322993
ATTN,23,bbox_mass,9392,0.38433497339937067,0.28194642175413204,0.02444219719618559,0.3650439530611038,0.7887512683868407
ATTN,23,patch_aupr,9392,0.4376403883001783,0.2474408452839862,0.11108803823590278,0.42503564059734344,0.7800048530101776
ATTN,23,patch_auroc,9392,0.6414873227397745,0.16474657457207714,0.43791869282722473,0.6310812830924988,0.8699922502040861
ATTN,23,top1_pointing,9392,0.642568143100511,0.47924349194628846,0.0,1.0,1.0
ATTN,23,top32_box_recall,9392,0.2607484007895023,0.20872364162043794,0.0833333358168602,0.18918919563293457,0.545194822549819
ATTN,23,uniform_enrichment,9392,3.815167514870286,6.3769337028639175,0.7191780030727386,1.696727991104126,8.726875305175781
ATTN,24,bbox_mass,9392,0.3530353229400606,0.26963641638760366,0.022678340040147304,0.3183315843343735,0.7421014726161956
ATTN,24,patch_aupr,9392,0.4068332800229244,0.2437308827593343,0.09958460777997971,0.3825651854276657,0.7544059216976166
ATTN,24,patch_auroc,9392,0.5982192630502372,0.1591277399931904,0.4117143601179123,0.579287201166153,0.8194249987602233
ATTN,24,top1_pointing,9392,0.6227640545144804,0.48469473580715283,0.0,1.0,1.0
ATTN,24,top32_box_recall,9392,0.23243416051338292,0.1882758155598973,0.07407407462596893,0.1666666716337204,0.5
ATTN,24,uniform_enrichment,9392,3.3802048500739925,5.851583898026718,0.712306535243988,1.4952996373176575,7.602645587921136
ATTN,25,bbox_mass,9392,0.40625029529250195,0.28595158740127974,0.030299388244748118,0.388770192861557,0.8123687267303467
ATTN,25,patch_aupr,9392,0.4575935477482907,0.24589593974776638,0.12737461179494858,0.4502868056297302,0.7942766427993774
ATTN,25,patch_auroc,9392,0.6467002025576153,0.17735118077258002,0.41822585463523865,0.6407997906208038,0.8910518884658813
ATTN,25,top1_pointing,9392,0.6799403747870528,0.4664991548990148,0.0,1.0,1.0
ATTN,25,top32_box_recall,9392,0.28202781265401605,0.22266633036975825,0.09090909361839294,0.20000000298023224,0.6151364982128135
ATTN,25,uniform_enrichment,9392,4.577511754678939,8.021522887622389,0.7394787490367889,1.8702988028526306,11.083432197570795
ATTN,26,bbox_mass,9392,0.4017915515021881,0.29446391940943883,0.02368321605026722,0.37848371267318726,0.8225082278251648
ATTN,26,patch_aupr,9392,0.4399747763743233,0.24928900927517145,0.11012384966015816,0.42785345017910004,0.7841315329074859
ATTN,26,patch_auroc,9392,0.6316104173245091,0.17605258510066457,0.4065789580345154,0.6231247782707214,0.8762593507766723
ATTN,26,top1_pointing,9392,0.6457623509369677,0.478281650337255,0.0,1.0,1.0
ATTN,26,top32_box_recall,9392,0.2658401836705191,0.21359012223824056,0.08220045045018197,0.190476194024086,0.5652173757553101
ATTN,26,uniform_enrichment,9392,4.155774936778273,6.926788312142867,0.6566992819309234,1.776714026927948,9.85048494338989
ATTN,27,bbox_mass,9392,0.3390551931229908,0.2676561412106115,0.018298750370740892,0.298068642616272,0.7303122222423551
ATTN,27,patch_aupr,9392,0.3996273512038556,0.2456266126615039,0.09135746359825135,0.3714514970779419,0.7505415499210357
ATTN,27,patch_auroc,9392,0.5855886007222233,0.17541434754246701,0.3729233890771866,0.5683203637599945,0.8268386542797088
ATTN,27,top1_pointing,9392,0.5991269165247018,0.4900753558589788,0.0,1.0,1.0
ATTN,27,top32_box_recall,9392,0.2281948648435992,0.18880623614222683,0.06666667014360428,0.1666666716337204,0.5
ATTN,27,uniform_enrichment,9392,3.073057111917108,4.8734308959838515,0.5878933250904084,1.4520355463027954,7.02730069160461
ATTN,28,bbox_mass,9392,0.3362405344800533,0.2689994840518354,0.018147414736449718,0.2903285175561905,0.7362206339836117
ATTN,28,patch_aupr,9392,0.38492200530576004,0.24302024847838022,0.08824368268251419,0.35032323002815247,0.7380367755889892
ATTN,28,patch_auroc,9392,0.5706405082163821,0.160711910566646,0.3836000680923462,0.550545871257782,0.7892507314682006
ATTN,28,top1_pointing,9392,0.5878407155025553,0.49222353529671775,0.0,1.0,1.0
ATTN,28,top32_box_recall,9392,0.2139800237545274,0.17632167288537726,0.06451612710952759,0.15700077265501022,0.4444444477558136
ATTN,28,uniform_enrichment,9392,2.9418058158104743,5.0183887843230295,0.6465250611305237,1.3783912062644958,6.511922073364257
ATTN,29,bbox_mass,9392,0.3699083561910015,0.28698104853514816,0.017794558964669704,0.33489568531513214,0.7907236218452453
ATTN,29,patch_aupr,9392,0.40767675668943804,0.24946165654330751,0.09217885509133339,0.3820352107286453,0.7662610888481136
ATTN,29,patch_auroc,9392,0.5981613786901415,0.17153841707822468,0.3869977593421936,0.5853931307792664,0.8350822746753692
ATTN,29,top1_pointing,9392,0.599552810902896,0.4899890180823772,0.0,1.0,1.0
ATTN,29,top32_box_recall,9392,0.2337074033164156,0.1904952339974693,0.06666667014360428,0.1666666716337204,0.5
ATTN,29,uniform_enrichment,9392,3.5552656482184246,6.184656758711906,0.5548688650131226,1.5457338690757751,8.23533544540405
ATTN,30,bbox_mass,9392,0.33861676034747606,0.2742041660461062,0.01812778562307358,0.2914249449968338,0.7467726111412047
ATTN,30,patch_aupr,9392,0.4064287009224172,0.24944172119632918,0.09011974334716798,0.381462886929512,0.7638551592826843
ATTN,30,patch_auroc,9392,0.608004366340801,0.17686842999619,0.3853510648012161,0.5971344411373138,0.8519997417926788
ATTN,30,top1_pointing,9392,0.5465289608177172,0.4978303484172327,0.0,1.0,1.0
ATTN,30,top32_box_recall,9392,0.23734238626523851,0.199012543667308,0.0630725458264351,0.1666666716337204,0.5
ATTN,30,uniform_enrichment,9392,3.0588553642679175,4.8789848984936475,0.5599551022052764,1.425392210483551,6.944780063629147
ATTN,31,bbox_mass,9392,0.34606215175597277,0.2774435903834342,0.018981726281344893,0.29517656564712524,0.7598706543445585
ATTN,31,patch_aupr,9392,0.41231796139172155,0.24913497857763706,0.09529516696929932,0.388808935880661,0.7655953049659728
ATTN,31,patch_auroc,9392,0.6252600162210112,0.175066503139489,0.4032753348350525,0.6175766885280609,0.8650476992130278
ATTN,31,top1_pointing,9392,0.5445059625212947,0.49801528018731833,0.0,1.0,1.0
ATTN,31,top32_box_recall,9392,0.24043998861531893,0.20308739763984038,0.06410256773233414,0.1666666716337204,0.5
ATTN,31,uniform_enrichment,9392,3.04089611805908,4.635502172429857,0.6179964959621429,1.450463593006134,6.8152915000915515
ATTN,32,bbox_mass,9392,0.31481224111977624,0.25747294226642436,0.020097610540688038,0.26437756419181824,0.6975547552108764
ATTN,32,patch_aupr,9392,0.39531103501306986,0.24158412733720963,0.09431624785065651,0.3671235740184784,0.7387163102626799
ATTN,32,patch_auroc,9392,0.5969457685772102,0.17613126965428302,0.3826615482568741,0.5811707079410553,0.8407426834106445
ATTN,32,top1_pointing,9392,0.5724020442930153,0.49473017290457655,0.0,1.0,1.0
ATTN,32,top32_box_recall,9392,0.2260250116738505,0.1934954488931564,0.0625,0.15789473056793213,0.5
ATTN,32,uniform_enrichment,9392,2.5637935661414106,3.5165987336839146,0.6548539698123932,1.3707057237625122,5.684659290313713
JFFN,1,bbox_mass,9392,0.2011923681930843,0.22337085329726916,0.009527539554983378,0.11484643444418907,0.5335970759391782
JFFN,1,patch_aupr,9392,0.29092398481862974,0.2464613587276089,0.048314613103866574,0.21238022297620773,0.668426614999771
JFFN,1,patch_auroc,9392,0.5217896757180941,0.16715191206267693,0.3213101774454117,0.5084733664989471,0.7397540807723999
JFFN,1,top1_pointing,9392,0.12393526405451448,0.329507684854621,0.0,0.0,1.0
JFFN,1,top32_box_recall,9392,0.09062263261459591,0.10826135937667716,0.0,0.0714285746216774,0.1785714328289032
JFFN,1,uniform_enrichment,9392,0.8869086803386093,0.29309758241273837,0.6196319580078125,0.8392723798751831,1.1831346154212952
JFFN,2,bbox_mass,9392,0.18614527364347216,0.2078071139312374,0.011439637467265128,0.10800645127892494,0.4846905231475829
JFFN,2,patch_aupr,9392,0.3097327115438903,0.24411216146453416,0.06279526874423028,0.2395600974559784,0.6824423849582671
JFFN,2,patch_auroc,9392,0.5754487333839896,0.14759895959147826,0.4017403036355972,0.5632762312889099,0.7651658654212952
JFFN,2,top1_pointing,9392,0.11839863713798977,0.3230795565520301,0.0,0.0,1.0
JFFN,2,top32_box_recall,9392,0.12905895551045868,0.12503849749994322,0.03333333507180214,0.10000000149011612,0.25
JFFN,2,uniform_enrichment,9392,0.9470468345439312,0.6190122547746864,0.5084351599216461,0.7971346974372864,1.5078385472297668
JFFN,3,bbox_mass,9392,0.2006962868712538,0.22242127009891446,0.011881458293646575,0.11489788070321083,0.5308777272701263
JFFN,3,patch_aupr,9392,0.33413128000742587,0.2429727328713238,0.07520239353179932,0.2714333236217499,0.700427746772766
JFFN,3,patch_auroc,9392,0.614616537288155,0.14939958298386505,0.432308229804039,0.6063818037509918,0.8096973061561584
JFFN,3,top1_pointing,9392,0.19026831345826234,0.3925127798581987,0.0,0.0,1.0
JFFN,3,top32_box_recall,9392,0.16256390632331702,0.15322779551242857,0.05000000074505806,0.11923355981707573,0.3333333432674408
JFFN,3,uniform_enrichment,9392,1.205958478537101,1.866297567196798,0.42670610547065735,0.8360755741596222,2.0469938993453978
JFFN,4,bbox_mass,9392,0.19101887627656752,0.22061202923721768,0.00889306301251054,0.10646781325340271,0.5117019534111023
JFFN,4,patch_aupr,9392,0.3250002588590272,0.2510128373979196,0.06031133010983467,0.2558661997318268,0.7070288240909576
JFFN,4,patch_auroc,9392,0.6042213003774645,0.13884005589034512,0.43901714980602263,0.5980397462844849,0.7753177881240844
JFFN,4,top1_pointing,9392,0.13820272572402045,0.34511263715846696,0.0,0.0,1.0
JFFN,4,top32_box_recall,9392,0.12696229942506687,0.12315220445309433,0.0,0.1041666641831398,0.25
JFFN,4,uniform_enrichment,9392,0.9529222687940372,0.9353259199417244,0.42248388230800626,0.7588105201721191,1.5206044077873229
JFFN,5,bbox_mass,9392,0.24208440314415614,0.23849140058984786,0.01295331036671996,0.16384254395961761,0.60095636844635
JFFN,5,patch_aupr,9392,0.3449380156632475,0.250262350203988,0.0694074161350727,0.28653286397457123,0.7242706894874572
JFFN,5,patch_auroc,9392,0.6161788524583846,0.1351627641832424,0.4575969517230988,0.6088964939117432,0.7839135229587555
JFFN,5,top1_pointing,9392,0.2418015332197615,0.42817467434720385,0.0,0.0,1.0
JFFN,5,top32_box_recall,9392,0.1590779843867885,0.1345174680954633,0.05128205195069313,0.125,0.3027272820472706
JFFN,5,uniform_enrichment,9392,1.480987354658871,2.229714753519778,0.581063425540924,0.9992541670799255,2.438947010040283
JFFN,6,bbox_mass,9392,0.26611364263891846,0.2549112372344618,0.01410322990268469,0.1833038404583931,0.659578639268875
JFFN,6,patch_aupr,9392,0.35630314980527056,0.2577543319197235,0.06682653725147247,0.29829785227775574,0.7520092248916626
JFFN,6,patch_auroc,9392,0.6211235527761496,0.13377853818014335,0.4603907197713852,0.6138416826725006,0.7846386432647705
JFFN,6,top1_pointing,9392,0.28492333901192507,0.451377923583133,0.0,0.0,1.0
JFFN,6,top32_box_recall,9392,0.16709347553686058,0.14069650484491675,0.053590630367398265,0.13114753365516663,0.31481480598449707
JFFN,6,uniform_enrichment,9392,1.6981996468760572,2.72297561015703,0.6218211770057678,1.0921144485473633,2.8164016246795645
JFFN,7,bbox_mass,9392,0.2991285572586979,0.2645998277739498,0.01700256671756506,0.22665612399578094,0.7066782414913177
JFFN,7,patch_aupr,9392,0.36931972572481014,0.25105730377533714,0.07432411685585975,0.3198343962430954,0.7466245055198669
JFFN,7,patch_auroc,9392,0.6231617598922914,0.1403911563705666,0.45660269260406494,0.6151473522186279,0.8025939881801605
JFFN,7,top1_pointing,9392,0.37329642248722317,0.4836798563569334,0.0,0.0,1.0
JFFN,7,top32_box_recall,9392,0.18526330915308642,0.15104651361795257,0.0625,0.140625,0.35555556416511536
JFFN,7,uniform_enrichment,9392,2.1681626428266134,3.96914404422532,0.7352085947990418,1.2145490050315857,3.763109588623047
JFFN,8,bbox_mass,9392,0.3205123418821452,0.2624156571107306,0.02618408314883709,0.26015420258045197,0.7200956761837005
JFFN,8,patch_aupr,9392,0.4033659441391438,0.245665331443723,0.10207797810435296,0.36811476945877075,0.7633347690105438
JFFN,8,patch_auroc,9392,0.6468364223667296,0.14658446733201777,0.46820753812789917,0.6391341388225555,0.8398134768009186
JFFN,8,top1_pointing,9392,0.4640119250425894,0.4987031767102149,0.0,0.0,1.0
JFFN,8,top32_box_recall,9392,0.22753810219427417,0.18216056056447677,0.0833333358168602,0.1666666716337204,0.48475074470043145
JFFN,8,uniform_enrichment,9392,2.84413199865333,5.288733928883047,0.7799661576747895,1.4115530848503113,5.621460008621213
JFFN,9,bbox_mass,9392,0.30116632862112386,0.25639704306127875,0.02321093697100878,0.2344205006957054,0.690399920940399
JFFN,9,patch_aupr,9392,0.40004121429657563,0.2472096315006156,0.09801082536578179,0.3640022575855255,0.7624027192592621
JFFN,9,patch_auroc,9392,0.6466947393713985,0.14701586290295038,0.46667930483818054,0.636267751455307,0.8419014394283294
JFFN,9,top1_pointing,9392,0.45091567291311757,0.4975848961076169,0.0,0.0,1.0
JFFN,9,top32_box_recall,9392,0.23073182985560614,0.1818946262241388,0.08956253230571747,0.1666666716337204,0.4759398519992819
JFFN,9,uniform_enrichment,9392,2.1410792954202607,2.6827700582178378,0.8498350560665131,1.3782690167427063,3.9220931291580183
JFFN,10,bbox_mass,9392,0.3740231735094668,0.2754371787012407,0.03527805767953396,0.3318866938352585,0.7764215767383575
JFFN,10,patch_aupr,9392,0.45914808342373514,0.24368394803830248,0.14329930245876313,0.44133105874061584,0.7986025273799895
JFFN,10,patch_auroc,9392,0.6876918916995883,0.15355162539430894,0.4891587197780609,0.6852178573608398,0.8938512623310089
JFFN,10,top1_pointing,9392,0.5965715502555367,0.49058529908797954,0.0,1.0,1.0
JFFN,10,top32_box_recall,9392,0.2860333361393999,0.2156768419169259,0.1066666692495346,0.2083333283662796,0.6000000238418579
JFFN,10,uniform_enrichment,9392,3.8445952594806987,7.006805663195849,0.8964834988117218,1.7328926920890808,8.180492401123045
JFFN,11,bbox_mass,9392,0.3833407387423013,0.28117095220711535,0.034524648636579516,0.34477663040161133,0.7944461941719054
JFFN,11,patch_aupr,9392,0.47166956583876085,0.2446315860752387,0.1428740367293358,0.46336890757083893,0.8054349064826964
JFFN,11,patch_auroc,9392,0.6951518710544,0.15580088174445259,0.49606349468231203,0.6915953159332275,0.9064089417457579
JFFN,11,top1_pointing,9392,0.6110519591141397,0.4875114997381205,0.0,1.0,1.0
JFFN,11,top32_box_recall,9392,0.300085029925844,0.2265030638728644,0.109375,0.21568627655506134,0.6499999761581421
JFFN,11,uniform_enrichment,9392,3.9466861031102285,7.002326831824288,0.9149723470211029,1.763400137424469,8.729646587371823
JFFN,12,bbox_mass,9392,0.3712384401742929,0.27998163313190155,0.02904820963740349,0.3306328058242798,0.7832350611686706
JFFN,12,patch_aupr,9392,0.46149628996346115,0.2509594802891711,0.12627087533473969,0.4488256275653839,0.8073914885520935
JFFN,12,patch_auroc,9392,0.6854775353817562,0.1642169519518423,0.4745027720928192,0.6812126934528351,0.9088896095752715
JFFN,12,top1_pointing,9392,0.6018952299829642,0.4895072646107705,0.0,1.0,1.0
JFFN,12,top32_box_recall,9392,0.28526234106183307,0.22638060043430555,0.095238097012043,0.20000000298023224,0.6282143056392656
JFFN,12,uniform_enrichment,9392,3.5983753410566424,5.741667219910653,0.8026352524757385,1.6676830649375916,8.0267614364624
JFFN,13,bbox_mass,9392,0.4221543298379798,0.2903544380551469,0.03568011075258255,0.40614694356918335,0.8309132814407348
JFFN,13,patch_aupr,9392,0.5029405728064329,0.24741314001802817,0.15527413040399551,0.5103118419647217,0.8325434386730194
JFFN,13,patch_auroc,9392,0.7142131545121212,0.1587078780951421,0.509006243944168,0.7169062793254852,0.9224309861660003
JFFN,13,top1_pointing,9392,0.6615204429301533,0.4731925047120328,0.0,1.0,1.0
JFFN,13,top32_box_recall,9392,0.3232275934753467,0.23468486038836195,0.11881880685687066,0.23999999463558197,0.6666666865348816
JFFN,13,uniform_enrichment,9392,4.529548556335548,7.656780755234169,0.944919329881668,1.9988486170768738,10.310690402984614
JFFN,14,bbox_mass,9392,0.35845029318004795,0.2808094021617112,0.022768333926796915,0.3140229880809784,0.772545862197876
JFFN,14,patch_aupr,9392,0.4292988709642237,0.24916970806923108,0.10678422078490257,0.40777190029621124,0.7817110538482666
JFFN,14,patch_auroc,9392,0.6627596358632196,0.15660873423749505,0.47017802298069,0.6519176661968231,0.8798809885978698
JFFN,14,top1_pointing,9392,0.5659071550255537,0.4956372130060834,0.0,1.0,1.0
JFFN,14,top32_box_recall,9392,0.25508352095027986,0.20959922715084192,0.0833333358168602,0.17499999701976776,0.5384615659713745
JFFN,14,uniform_enrichment,9392,3.2013928884038627,5.1341016382411215,0.7570927619934082,1.5274946689605713,7.101563024520872
JFFN,15,bbox_mass,9392,0.41257366225260267,0.2851666468309633,0.03358603715896606,0.4060084968805313,0.8111524760723113
JFFN,15,patch_aupr,9392,0.5039624933321866,0.2506030394143503,0.14555464684963226,0.5173900127410889,0.8333333730697632
JFFN,15,patch_auroc,9392,0.7125515740133149,0.16340474176910905,0.49346845746040346,0.7169932126998901,0.9275961458683014
JFFN,15,top1_pointing,9392,0.6804727427597955,0.46629345815779644,0.0,1.0,1.0
JFFN,15,top32_box_recall,9392,0.31749031802633815,0.2429598460832157,0.10655737668275833,0.23076923191547394,0.692307710647583
JFFN,15,uniform_enrichment,9392,4.380317773880576,7.18216681999746,0.8760844469070435,1.935167908668518,10.305000019073484
JFFN,16,bbox_mass,9392,0.4312614737045551,0.2897325510811723,0.043243526294827465,0.418851763010025,0.8379836857318879
JFFN,16,patch_aupr,9392,0.5243864324496875,0.24885256465148187,0.16723311245441436,0.5352070331573486,0.8478765070438384
JFFN,16,patch_auroc,9392,0.7296964285976144,0.16204803306419083,0.5119186520576477,0.7397704124450684,0.9374916195869446
JFFN,16,top1_pointing,9392,0.6906942078364565,0.46220744162943367,0.0,1.0,1.0
JFFN,16,top32_box_recall,9392,0.3372070721276834,0.2489161103856527,0.11931817978620529,0.24666429311037064,0.7368420958518982
JFFN,16,uniform_enrichment,9392,4.7769766852778845,7.4377426435215375,0.9736751675605774,2.1166576147079468,11.441602706909176
JFFN,17,bbox_mass,9392,0.4209410397441415,0.28664429380802603,0.03782640509307385,0.41080373525619507,0.8219725549221039
JFFN,17,patch_aupr,9392,0.49753280420316814,0.24822668836632406,0.15324848443269729,0.5014800131320953,0.8295738339424132
JFFN,17,patch_auroc,9392,0.7025635569254047,0.1646494333598579,0.4902361065149307,0.706777036190033,0.9191165328025818
JFFN,17,top1_pointing,9392,0.6901618398637138,0.462426723556984,0.0,1.0,1.0
JFFN,17,top32_box_recall,9392,0.3104835805086319,0.2359432165896175,0.1071428582072258,0.2222222238779068,0.6666666865348816
JFFN,17,uniform_enrichment,9392,4.684418807614073,7.502228794125157,0.8900025069713593,1.9847118258476257,11.439783668518052
JFFN,18,bbox_mass,9392,0.43548651201253336,0.30536758818110105,0.02290211133658886,0.43621058762073517,0.8499017238616944
JFFN,18,patch_aupr,9392,0.4692845539620433,0.25340297426576736,0.1171155959367752,0.47022271156311035,0.8112404286861419
JFFN,18,patch_auroc,9392,0.667730345040202,0.16940856466308488,0.4513562023639679,0.6631651222705841,0.8997759103775024
JFFN,18,top1_pointing,9392,0.6554514480408858,0.4752208405594096,0.0,1.0,1.0
JFFN,18,top32_box_recall,9392,0.2913490530833074,0.2299265310182496,0.09090909361839294,0.2075471729040146,0.6548725605010975
JFFN,18,uniform_enrichment,9392,4.7585124736695406,8.223234333412416,0.6864080011844635,1.8888567686080933,11.61185493469237
JFFN,19,bbox_mass,9392,0.42796964805900234,0.2863374122714936,0.040126495435833937,0.41692589223384857,0.8323992013931274
JFFN,19,patch_aupr,9392,0.47784582336470516,0.24132511181739433,0.15721601396799087,0.472200483083725,0.8115601360797882
JFFN,19,patch_auroc,9392,0.6879880835978057,0.15645347131632686,0.4895664244890213,0.68683061003685,0.9009534120559692
JFFN,19,top1_pointing,9392,0.664927597955707,0.47201577032188313,0.0,1.0,1.0
JFFN,19,top32_box_recall,9392,0.3007212806808575,0.21860646273744966,0.11666666716337204,0.2222222238779068,0.625
JFFN,19,uniform_enrichment,9392,4.733280962676578,7.555920528565423,0.9325087904930115,2.0990883111953735,11.048740386962889
JFFN,20,bbox_mass,9392,0.4303936217607359,0.28702312144731784,0.04192805625498295,0.42378875613212585,0.833694189786911
JFFN,20,patch_aupr,9392,0.4922533140819618,0.2461578189722274,0.15283718705177307,0.4924730211496353,0.8249045252799987
JFFN,20,patch_auroc,9392,0.6957318346393715,0.15934378522944828,0.49084008634090426,0.6952033638954163,0.9116221070289611
JFFN,20,top1_pointing,9392,0.7192291311754685,0.44937577598714556,0.0,1.0,1.0
JFFN,20,top32_box_recall,9392,0.3050111324582495,0.22821780146896015,0.1111111119389534,0.2222222238779068,0.6666666865348816
JFFN,20,uniform_enrichment,9392,5.046162397723769,8.743154976681732,0.9274892508983612,2.0787394046783447,11.804098606109616
JFFN,21,bbox_mass,9392,0.39281557871022277,0.2812883197851147,0.03233248107135296,0.36431311070919037,0.8012491405010223
JFFN,21,patch_aupr,9392,0.4673371703187547,0.24998632609029878,0.1278078556060791,0.46176977455616,0.8115652799606321
JFFN,21,patch_auroc,9392,0.6696101290307102,0.16769912683169463,0.45011553168296814,0.6672914326190948,0.8967404901981354
JFFN,21,top1_pointing,9392,0.662798126064736,0.4727544501639411,0.0,1.0,1.0
JFFN,21,top32_box_recall,9392,0.2858823870628591,0.22422049552835216,0.09375,0.2014656886458397,0.6153846383094788
JFFN,21,uniform_enrichment,9392,4.1798121023758945,6.888115617077063,0.8161037802696228,1.7972635626792908,9.736597442626943
JFFN,22,bbox_mass,9392,0.3813077738354793,0.2758347039707409,0.031226889975368977,0.35546571016311646,0.7797043740749359
JFFN,22,patch_aupr,9392,0.4370506102979989,0.24424911015553172,0.11961693838238717,0.4198477864265442,0.7806679189205168
JFFN,22,patch_auroc,9392,0.647049245784772,0.15621902334764556,0.4572519987821579,0.6332210302352905,0.8646840333938597
JFFN,22,top1_pointing,9392,0.6462947189097104,0.4781190805846686,0.0,1.0,1.0
JFFN,22,top32_box_recall,9392,0.2606033408455868,0.20149029413688654,0.09560388177633286,0.1875,0.5333333611488342
JFFN,22,uniform_enrichment,9392,3.865885868536622,6.128888415273544,0.8061986088752746,1.7229830026626587,9.013640689849852
JFFN,23,bbox_mass,9392,0.4063524815750307,0.29509080796179316,0.024463646113872528,0.39306218922138214,0.8269181609153746
JFFN,23,patch_aupr,9392,0.448573223404127,0.24855460476185376,0.11836509779095651,0.43936847150325775,0.7890789687633514
JFFN,23,patch_auroc,9392,0.6545650283750496,0.16401772645093488,0.449469667673111,0.6454856693744659,0.8830713212490082
JFFN,23,top1_pointing,9392,0.6350085178875639,0.4814277724620832,0.0,1.0,1.0
JFFN,23,top32_box_recall,9392,0.27536533779648703,0.21687203881992115,0.09090909361839294,0.20000000298023224,0.5833333134651184
JFFN,23,uniform_enrichment,9392,4.153364336380681,7.004920553940763,0.6900169372558594,1.8215566277503967,9.641500091552732
JFFN,24,bbox_mass,9392,0.38561284659029943,0.2861537352340395,0.02687965501099825,0.3517886996269226,0.8007391810417175
JFFN,24,patch_aupr,9392,0.4237853045522468,0.24220920099210203,0.11436042562127113,0.40585844218730927,0.7637685060501098
JFFN,24,patch_auroc,9392,0.6226241777174443,0.16085351672480824,0.4301773220300674,0.6034007370471954,0.8502279579639433
JFFN,24,top1_pointing,9392,0.6162691652470187,0.48629361625746376,0.0,1.0,1.0
JFFN,24,top32_box_recall,9392,0.2562300839224986,0.20379190340617268,0.08620689809322357,0.1818181872367859,0.5333333611488342
JFFN,24,uniform_enrichment,9392,4.0853415856334605,7.74365278619372,0.7163503050804139,1.6589736938476562,9.352435684204101
JFFN,25,bbox_mass,9392,0.4358699485108738,0.3027047798000856,0.02929501570761204,0.4271414577960968,0.8587812721729279
JFFN,25,patch_aupr,9392,0.45822245163299236,0.24802353794256657,0.1280376434326172,0.4475814253091812,0.8028616607189177
JFFN,25,patch_auroc,9392,0.653304916061223,0.17192473061517044,0.43133562207221987,0.6474768221378326,0.8898692369461059
JFFN,25,top1_pointing,9392,0.6731260647359455,0.46907074701908796,0.0,1.0,1.0
JFFN,25,top32_box_recall,9392,0.28166084475920405,0.21901725544465947,0.09375,0.2034648209810257,0.6000000238418579
JFFN,25,uniform_enrichment,9392,5.146306822253146,9.679918696393576,0.7167269766330719,1.9879645109176636,12.459250450134277
JFFN,26,bbox_mass,9392,0.41830068716546903,0.30760004333413954,0.022105507366359235,0.3966207504272461,0.8599256277084351
JFFN,26,patch_aupr,9392,0.44493143748268094,0.25247330211274693,0.11041130796074868,0.43198779225349426,0.7955107688903806
JFFN,26,patch_auroc,9392,0.6410076050944563,0.17270134191570946,0.41852750778198244,0.6328318417072296,0.8799534738063812
JFFN,26,top1_pointing,9392,0.6303236797274276,0.4827170377170283,0.0,1.0,1.0
JFFN,26,top32_box_recall,9392,0.27270837100179074,0.21711396943005276,0.0833333358168602,0.19623211026191711,0.5833333134651184
JFFN,26,uniform_enrichment,9392,4.372129436186277,7.481478528216563,0.6149459719657898,1.832671582698822,10.436459541320797
JFFN,27,bbox_mass,9392,0.3614698921258062,0.2863060704337217,0.0172690873965621,0.3193804770708084,0.7866351962089538
JFFN,27,patch_aupr,9392,0.40592777153408255,0.24771160742882728,0.09428787156939507,0.37874938547611237,0.7599406003952024
JFFN,27,patch_auroc,9392,0.603766308531843,0.17541156918149367,0.38595145642757417,0.5884064435958862,0.8465259671211243
JFFN,27,top1_pointing,9392,0.5725085178875639,0.4947145791602961,0.0,1.0,1.0
JFFN,27,top32_box_recall,9392,0.23827133960361485,0.19719450461530286,0.06896551698446274,0.1666666716337204,0.5
JFFN,27,uniform_enrichment,9392,3.4095014067867435,5.697578677697094,0.5284635722637177,1.5224343538284302,7.854443836212157
JFFN,28,bbox_mass,9392,0.37189475992355014,0.2926761290069378,0.018581313081085682,0.3255782723426819,0.8093485116958617
JFFN,28,patch_aupr,9392,0.39554660616552034,0.2438802640502419,0.09528115391731262,0.3639533072710037,0.7496466398239134
JFFN,28,patch_auroc,9392,0.5845759722445433,0.16137334988710933,0.3982516199350357,0.5622949600219727,0.8057231783866882
JFFN,28,top1_pointing,9392,0.581026405451448,0.49339104331110184,0.0,1.0,1.0
JFFN,28,top32_box_recall,9392,0.23257359821631793,0.18725782780847167,0.07692307978868484,0.1666666716337204,0.5
JFFN,28,uniform_enrichment,9392,3.545777836262393,6.432875827296775,0.5946781456470489,1.5198540687561035,8.12548475265503
JFFN,29,bbox_mass,9392,0.39317205197477567,0.3041559575374553,0.01732042822986841,0.35999059677124023,0.8386510848999024
JFFN,29,patch_aupr,9392,0.4192783703504061,0.25007405647726627,0.10005515813827515,0.39720486104488373,0.7746037781238556
JFFN,29,patch_auroc,9392,0.6237948729200098,0.17200858804241798,0.40658974051475527,0.6154907643795013,0.8616645693778991
JFFN,29,top1_pointing,9392,0.5714437819420783,0.49486946361824824,0.0,1.0,1.0
JFFN,29,top32_box_recall,9392,0.2508111064165816,0.20311681951601274,0.07564298734068871,0.1785714328289032,0.5
JFFN,29,uniform_enrichment,9392,3.9684228824020313,7.233239938318436,0.5095355212688446,1.6283089518547058,9.294708633422852
JFFN,30,bbox_mass,9392,0.36872315855922905,0.2961725087857677,0.015019441302865746,0.32065266370773315,0.8126300752162932
JFFN,30,patch_aupr,9392,0.4068679917183089,0.25192991787409097,0.08930187225341797,0.37956391274929047,0.77077516913414
JFFN,30,patch_auroc,9392,0.6071400167959944,0.17165129068456603,0.3927399754524231,0.5953377485275269,0.8451768577098846
JFFN,30,top1_pointing,9392,0.5379045996592845,0.4985611710960545,0.0,1.0,1.0
JFFN,30,top32_box_recall,9392,0.2398145343946512,0.19711726227441584,0.06666667014360428,0.17179608345031738,0.5
JFFN,30,uniform_enrichment,9392,3.597585472137885,6.569771073657401,0.4767538160085678,1.4954360127449036,8.320385265350339
JFFN,31,bbox_mass,9392,0.3611829911223485,0.2879789986686858,0.01830848250538111,0.3124137371778488,0.7940301179885864
JFFN,31,patch_aupr,9392,0.4143853330137577,0.24981334805867186,0.09694050177931786,0.39082710444927216,0.7711991906166077
JFFN,31,patch_auroc,9392,0.629068345337685,0.1730389702804159,0.4108121931552887,0.6197994947433472,0.8686959385871887
JFFN,31,top1_pointing,9392,0.5372657580919932,0.4986093293088578,0.0,1.0,1.0
JFFN,31,top32_box_recall,9392,0.24689257284596616,0.20429632668904169,0.0694444477558136,0.17499999701976776,0.5
JFFN,31,uniform_enrichment,9392,3.263273341265099,5.1061237592879625,0.5851697742938996,1.5094385147094727,7.578966665267944
JFFN,32,bbox_mass,9392,0.31298408708063086,0.25839675498546905,0.018614141456782817,0.2613619416952133,0.6975406885147094
JFFN,32,patch_aupr,9392,0.38396387022408873,0.24002449397108455,0.09139328673481942,0.35172997415065765,0.7242665171623229
JFFN,32,patch_auroc,9392,0.5793546199567736,0.17708951413334678,0.3687602519989014,0.557704895734787,0.8286973178386688
JFFN,32,top1_pointing,9392,0.5386499148211243,0.498503945906469,0.0,1.0,1.0
JFFN,32,top32_box_recall,9392,0.2223813751793952,0.19423716134082827,0.05882352963089943,0.1527777761220932,0.5
JFFN,32,uniform_enrichment,9392,2.5853189469261166,3.8034838483340963,0.619592136144638,1.3295089602470398,5.648843860626219
JFFN_MATCH_WRITE,1,bbox_mass,9392,0.19766668365521473,0.22170384057551903,0.009276204556226731,0.11146003380417824,0.5242531001567841
JFFN_MATCH_WRITE,1,patch_aupr,9392,0.29092399765247695,0.24646136557968368,0.048314613103866574,0.21238022297620773,0.668426614999771
JFFN_MATCH_WRITE,1,patch_auroc,9392,0.5217897124505987,0.16715187388584876,0.3213101774454117,0.5084733664989471,0.7397540807723999
JFFN_MATCH_WRITE,1,top1_pointing,9392,0.12393526405451448,0.329507684854621,0.0,0.0,1.0
JFFN_MATCH_WRITE,1,top32_box_recall,9392,0.09062263261459591,0.10826135937667716,0.0,0.0714285746216774,0.1785714328289032
JFFN_MATCH_WRITE,1,uniform_enrichment,9392,0.8703226356162631,0.30772298981428636,0.5907244384288788,0.8204706311225891,1.1750608325004577
JFFN_MATCH_WRITE,2,bbox_mass,9392,0.18584702616797935,0.20768745994632384,0.011409480031579733,0.10768920555710793,0.484069886803627
JFFN_MATCH_WRITE,2,patch_aupr,9392,0.3097327326144686,0.24411215308122666,0.06279526874423028,0.2395600974559784,0.6824423849582671
JFFN_MATCH_WRITE,2,patch_auroc,9392,0.5754487825774951,0.147598941539806,0.4017403036355972,0.5632762312889099,0.7651658654212952
JFFN_MATCH_WRITE,2,top1_pointing,9392,0.11839863713798977,0.3230795565520301,0.0,0.0,1.0
JFFN_MATCH_WRITE,2,top32_box_recall,9392,0.12905895551045868,0.12503849749994322,0.03333333507180214,0.10000000149011612,0.25
JFFN_MATCH_WRITE,2,uniform_enrichment,9392,0.9455893652202654,0.6205939018803943,0.5061569094657898,0.7953009903430939,1.506958794593811
JFFN_MATCH_WRITE,3,bbox_mass,9392,0.20164218669015554,0.22231928265309456,0.012081014085561037,0.1162518858909607,0.53155038356781
JFFN_MATCH_WRITE,3,patch_aupr,9392,0.33413127494623507,0.24297273953727994,0.07520239353179932,0.2714333236217499,0.700427746772766
JFFN_MATCH_WRITE,3,patch_auroc,9392,0.6146165568951131,0.14939955205191807,0.432308229804039,0.6063818037509918,0.8096973061561584
JFFN_MATCH_WRITE,3,top1_pointing,9392,0.19026831345826234,0.3925127798581987,0.0,0.0,1.0
JFFN_MATCH_WRITE,3,top32_box_recall,9392,0.16256390632331702,0.15322779551242857,0.05000000074505806,0.11923355981707573,0.3333333432674408
JFFN_MATCH_WRITE,3,uniform_enrichment,9392,1.2087008288468106,1.8295869899496577,0.4364039719104767,0.8417954444885254,2.0487263679504393
JFFN_MATCH_WRITE,4,bbox_mass,9392,0.19345136928122209,0.22109985545090702,0.00924593023955822,0.1096297986805439,0.5144618570804591
JFFN_MATCH_WRITE,4,patch_aupr,9392,0.32500026014098404,0.2510128325841721,0.06031133010983467,0.2558661997318268,0.7070288240909576
JFFN_MATCH_WRITE,4,patch_auroc,9392,0.6042213009962307,0.13884007482380253,0.43901714980602263,0.5980397462844849,0.7753177881240844
JFFN_MATCH_WRITE,4,top1_pointing,9392,0.13820272572402045,0.34511263715846696,0.0,0.0,1.0
JFFN_MATCH_WRITE,4,top32_box_recall,9392,0.12696229942506687,0.12315220445309433,0.0,0.1041666641831398,0.25
JFFN_MATCH_WRITE,4,uniform_enrichment,9392,0.9651006760255765,0.9064173993516547,0.44299162030220035,0.776792585849762,1.528648030757904
JFFN_MATCH_WRITE,5,bbox_mass,9392,0.24273434155913168,0.23836649005042676,0.01315072188153863,0.16516201198101044,0.6005257308483123
JFFN_MATCH_WRITE,5,patch_aupr,9392,0.34493801558391846,0.2502623486633282,0.0694074161350727,0.28653286397457123,0.7242706894874572
JFFN_MATCH_WRITE,5,patch_auroc,9392,0.6161788624919177,0.13516276482442277,0.4575969517230988,0.6088964939117432,0.7839135229587555
JFFN_MATCH_WRITE,5,top1_pointing,9392,0.2418015332197615,0.42817467434720385,0.0,0.0,1.0
JFFN_MATCH_WRITE,5,top32_box_recall,9392,0.1590779843867885,0.1345174680954633,0.05128205195069313,0.125,0.3027272820472706
JFFN_MATCH_WRITE,5,uniform_enrichment,9392,1.4752730214722405,2.150580489357831,0.5950177550315857,1.0036011338233948,2.4195599555969234
JFFN_MATCH_WRITE,6,bbox_mass,9392,0.2664593947310816,0.2543596338090384,0.01450071157887578,0.18404341489076614,0.6575104773044584
JFFN_MATCH_WRITE,6,patch_aupr,9392,0.35630314664480284,0.2577543262033287,0.06682653725147247,0.29829785227775574,0.7520092248916626
JFFN_MATCH_WRITE,6,patch_auroc,9392,0.6211235422793351,0.1337785440327038,0.4603907197713852,0.6138416826725006,0.7846386432647705
JFFN_MATCH_WRITE,6,top1_pointing,9392,0.28492333901192507,0.451377923583133,0.0,0.0,1.0
JFFN_MATCH_WRITE,6,top32_box_recall,9392,0.16709347553686058,0.14069650484491675,0.053590630367398265,0.13114753365516663,0.31481480598449707
JFFN_MATCH_WRITE,6,uniform_enrichment,9392,1.6753125133851996,2.5395271013030962,0.6455604195594787,1.1003071069717407,2.7721413135528556
JFFN_MATCH_WRITE,7,bbox_mass,9392,0.2972522346534219,0.26264729170247475,0.017293168604373934,0.2253362163901329,0.7003270506858825
JFFN_MATCH_WRITE,7,patch_aupr,9392,0.3693197152057835,0.25105729853796555,0.07432411685585975,0.3198343962430954,0.7466245055198669
JFFN_MATCH_WRITE,7,patch_auroc,9392,0.6231617398950345,0.14039115583093253,0.45660269260406494,0.6151473522186279,0.8025939881801605
JFFN_MATCH_WRITE,7,top1_pointing,9392,0.37329642248722317,0.4836798563569334,0.0,0.0,1.0
JFFN_MATCH_WRITE,7,top32_box_recall,9392,0.18526330915308642,0.15104651361795257,0.0625,0.140625,0.35555556416511536
JFFN_MATCH_WRITE,7,uniform_enrichment,9392,2.114258031324314,3.7156836992586775,0.7518500745296478,1.218067228794098,3.660036587715147
JFFN_MATCH_WRITE,8,bbox_mass,9392,0.31846402984447036,0.2610648373262586,0.025930701009929183,0.2582041025161743,0.714828372001648
JFFN_MATCH_WRITE,8,patch_aupr,9392,0.4033659155644378,0.2456653427269733,0.10207797810435296,0.36811476945877075,0.7633347690105438
JFFN_MATCH_WRITE,8,patch_auroc,9392,0.6468362041326237,0.1465845800615346,0.46820753812789917,0.6391341388225555,0.8398134768009186
JFFN_MATCH_WRITE,8,top1_pointing,9392,0.4640119250425894,0.4987031767102149,0.0,0.0,1.0
JFFN_MATCH_WRITE,8,top32_box_recall,9392,0.22753810219427417,0.18216056056447677,0.0833333358168602,0.1666666716337204,0.48475074470043145
JFFN_MATCH_WRITE,8,uniform_enrichment,9392,2.775044749755281,5.020346190727264,0.7891264975070953,1.4093185663223267,5.466208648681639
JFFN_MATCH_WRITE,9,bbox_mass,9392,0.29900402628507505,0.25570435550624926,0.02306320033967495,0.2315211072564125,0.6871877253055572
JFFN_MATCH_WRITE,9,patch_aupr,9392,0.40004122516782314,0.24720965806663642,0.09801082536578179,0.3640022575855255,0.7624027192592621
JFFN_MATCH_WRITE,9,patch_auroc,9392,0.646694704758565,0.14701588205808977,0.46667930483818054,0.636267751455307,0.8419014394283294
JFFN_MATCH_WRITE,9,top1_pointing,9392,0.45091567291311757,0.4975848961076169,0.0,0.0,1.0
JFFN_MATCH_WRITE,9,top32_box_recall,9392,0.23073182985560614,0.1818946262241388,0.08956253230571747,0.1666666716337204,0.4759398519992819
JFFN_MATCH_WRITE,9,uniform_enrichment,9392,2.0826610594930752,2.48155020308154,0.8599843800067901,1.3689036965370178,3.7991460561752315
JFFN_MATCH_WRITE,10,bbox_mass,9392,0.3664392111152156,0.2719614721041216,0.03524852246046066,0.32292982935905457,0.7659255445003509
JFFN_MATCH_WRITE,10,patch_aupr,9392,0.4591480791352089,0.24368395141947635,0.14329930245876313,0.44133105874061584,0.7986025273799895
JFFN_MATCH_WRITE,10,patch_auroc,9392,0.6876918869414343,0.153551602558315,0.4891587197780609,0.6852178573608398,0.8938512623310089
JFFN_MATCH_WRITE,10,top1_pointing,9392,0.5965715502555367,0.49058529908797954,0.0,1.0,1.0
JFFN_MATCH_WRITE,10,top32_box_recall,9392,0.2860333361393999,0.2156768419169259,0.1066666692495346,0.2083333283662796,0.6000000238418579
JFFN_MATCH_WRITE,10,uniform_enrichment,9392,3.6245884604413328,6.300876356162296,0.9107128500938416,1.704403817653656,7.655270147323607
JFFN_MATCH_WRITE,11,bbox_mass,9392,0.37674674508176986,0.2780122925707011,0.034017767012119296,0.3370963931083679,0.7844476342201232
JFFN_MATCH_WRITE,11,patch_aupr,9392,0.47166955362209334,0.24463157193594195,0.1428740367293358,0.46336890757083893,0.8054349064826964
JFFN_MATCH_WRITE,11,patch_auroc,9392,0.6951518559215981,0.15580088047420823,0.49606349468231203,0.6915953159332275,0.9064089417457579
JFFN_MATCH_WRITE,11,top1_pointing,9392,0.6110519591141397,0.4875114997381205,0.0,1.0,1.0
JFFN_MATCH_WRITE,11,top32_box_recall,9392,0.300085029925844,0.2265030638728644,0.109375,0.21568627655506134,0.6499999761581421
JFFN_MATCH_WRITE,11,uniform_enrichment,9392,3.764673276010304,6.446929394253025,0.9259803235530853,1.7380645275115967,8.24557828903198
JFFN_MATCH_WRITE,12,bbox_mass,9392,0.3650547859868935,0.2770154464890297,0.029200870916247366,0.3222702294588089,0.7738499999046325
JFFN_MATCH_WRITE,12,patch_aupr,9392,0.4614962941012623,0.25095948405087765,0.12627087533473969,0.4488256275653839,0.8073914885520935
JFFN_MATCH_WRITE,12,patch_auroc,9392,0.6854775466433023,0.16421693767023784,0.4745027720928192,0.6812126934528351,0.9088896095752715
JFFN_MATCH_WRITE,12,top1_pointing,9392,0.6018952299829642,0.4895072646107705,0.0,1.0,1.0
JFFN_MATCH_WRITE,12,top32_box_recall,9392,0.28526234106183307,0.22638060043430555,0.095238097012043,0.20000000298023224,0.6282143056392656
JFFN_MATCH_WRITE,12,uniform_enrichment,9392,3.4318528745620505,5.24980324356046,0.8220943152904511,1.6481993198394775,7.631545877456664
JFFN_MATCH_WRITE,13,bbox_mass,9392,0.41276367493137844,0.286296568275539,0.03561256863176823,0.39277520775794983,0.8175452709197998
JFFN_MATCH_WRITE,13,patch_aupr,9392,0.5029405801237408,0.24741314204482637,0.15527413040399551,0.5103118419647217,0.8325434386730194
JFFN_MATCH_WRITE,13,patch_auroc,9392,0.7142131625529097,0.15870788210529876,0.509006243944168,0.7169062793254852,0.9224309861660003
JFFN_MATCH_WRITE,13,top1_pointing,9392,0.6615204429301533,0.4731925047120328,0.0,1.0,1.0
JFFN_MATCH_WRITE,13,top32_box_recall,9392,0.3232275934753467,0.23468486038836195,0.11881880685687066,0.23999999463558197,0.6666666865348816
JFFN_MATCH_WRITE,13,uniform_enrichment,9392,4.2770362431679265,6.933886874556843,0.954947543144226,1.9652073979377747,9.664411163330078
JFFN_MATCH_WRITE,14,bbox_mass,9392,0.3547433733791981,0.2785144935147269,0.022959290444850924,0.3085094392299652,0.7655095517635345
JFFN_MATCH_WRITE,14,patch_aupr,9392,0.4292988855226836,0.2491696754597192,0.10678422078490257,0.40777190029621124,0.7817110538482666
JFFN_MATCH_WRITE,14,patch_auroc,9392,0.6627597014905228,0.15660874716708562,0.47017802298069,0.6519176661968231,0.8798809885978698
JFFN_MATCH_WRITE,14,top1_pointing,9392,0.5659071550255537,0.4956372130060834,0.0,1.0,1.0
JFFN_MATCH_WRITE,14,top32_box_recall,9392,0.25508352095027986,0.20959922715084192,0.0833333358168602,0.17499999701976776,0.5384615659713745
JFFN_MATCH_WRITE,14,uniform_enrichment,9392,3.1168331166759478,4.877211573423695,0.7707555651664734,1.5191177725791931,6.882229280471799
JFFN_MATCH_WRITE,15,bbox_mass,9392,0.40917186266718214,0.28372051047563623,0.03372796848416328,0.40144261717796326,0.8063470959663391
JFFN_MATCH_WRITE,15,patch_aupr,9392,0.5039624984187627,0.25060303745038714,0.14555464684963226,0.5173900127410889,0.8333333730697632
JFFN_MATCH_WRITE,15,patch_auroc,9392,0.7125515805912764,0.16340473213718756,0.49346845746040346,0.7169932126998901,0.9275961458683014
JFFN_MATCH_WRITE,15,top1_pointing,9392,0.6804727427597955,0.46629345815779644,0.0,1.0,1.0
JFFN_MATCH_WRITE,15,top32_box_recall,9392,0.31749031802633815,0.2429598460832157,0.10655737668275833,0.23076923191547394,0.692307710647583
JFFN_MATCH_WRITE,15,uniform_enrichment,9392,4.291532142942588,6.939517729838913,0.8825689077377319,1.9219014048576355,10.115376758575437
JFFN_MATCH_WRITE,16,bbox_mass,9392,0.42249971977170275,0.2865333832098366,0.042451057210564615,0.40698951482772827,0.8281527638435364
JFFN_MATCH_WRITE,16,patch_aupr,9392,0.5243864467193898,0.24885256069904724,0.16723311245441436,0.5352070331573486,0.8478765070438384
JFFN_MATCH_WRITE,16,patch_auroc,9392,0.7296964509303172,0.16204805972219596,0.5119186520576477,0.7397704124450684,0.9374916195869446
JFFN_MATCH_WRITE,16,top1_pointing,9392,0.6906942078364565,0.46220744162943367,0.0,1.0,1.0
JFFN_MATCH_WRITE,16,top32_box_recall,9392,0.3372070721276834,0.2489161103856527,0.11931817978620529,0.24666429311037064,0.7368420958518982
JFFN_MATCH_WRITE,16,uniform_enrichment,9392,4.528408068275274,6.803908032340512,0.9779677510261535,2.0715067386627197,10.770833396911618
JFFN_MATCH_WRITE,17,bbox_mass,9392,0.41378789899883356,0.28391107256298326,0.037611789628863336,0.4013453871011734,0.813220852613449
JFFN_MATCH_WRITE,17,patch_aupr,9392,0.4975327949978299,0.24822668738679635,0.15324848443269729,0.5014800131320953,0.8295738339424132
JFFN_MATCH_WRITE,17,patch_auroc,9392,0.7025635405392044,0.1646494333296962,0.4902361065149307,0.706777036190033,0.9191165328025818
JFFN_MATCH_WRITE,17,top1_pointing,9392,0.6901618398637138,0.462426723556984,0.0,1.0,1.0
JFFN_MATCH_WRITE,17,top32_box_recall,9392,0.3104835805086319,0.2359432165896175,0.1071428582072258,0.2222222238779068,0.6666666865348816
JFFN_MATCH_WRITE,17,uniform_enrichment,9392,4.480142803725154,6.966297547978817,0.8983504831790924,1.9581052660942078,10.858747482299805
JFFN_MATCH_WRITE,18,bbox_mass,9392,0.4330269938713349,0.3039910442035274,0.023090288043022156,0.4315699636936188,0.8468812584877013
JFFN_MATCH_WRITE,18,patch_aupr,9392,0.4692845552424135,0.2534029900848077,0.1171155959367752,0.47022271156311035,0.8112404286861419
JFFN_MATCH_WRITE,18,patch_auroc,9392,0.6677303522940466,0.16940857562496506,0.4513562023639679,0.6631651222705841,0.8997759103775024
JFFN_MATCH_WRITE,18,top1_pointing,9392,0.6554514480408858,0.4752208405594096,0.0,1.0,1.0
JFFN_MATCH_WRITE,18,top32_box_recall,9392,0.2913490530833074,0.2299265310182496,0.09090909361839294,0.2075471729040146,0.6548725605010975
JFFN_MATCH_WRITE,18,uniform_enrichment,9392,4.696803105238062,8.053283050162303,0.6932479739189148,1.8829331994056702,11.429345607757563
JFFN_MATCH_WRITE,19,bbox_mass,9392,0.41962145151855385,0.2830367523615752,0.04002204947173595,0.4057587534189224,0.8226209878921509
JFFN_MATCH_WRITE,19,patch_aupr,9392,0.47784582336470516,0.24132511181739433,0.15721601396799087,0.472200483083725,0.8115601360797882
JFFN_MATCH_WRITE,19,patch_auroc,9392,0.6879880835978057,0.15645347131632686,0.4895664244890213,0.68683061003685,0.9009534120559692
JFFN_MATCH_WRITE,19,top1_pointing,9392,0.664927597955707,0.47201577032188313,0.0,1.0,1.0
JFFN_MATCH_WRITE,19,top32_box_recall,9392,0.3007212806808575,0.21860646273744966,0.11666666716337204,0.2222222238779068,0.625
JFFN_MATCH_WRITE,19,uniform_enrichment,9392,4.511706202081523,6.981838415930051,0.9452180981636048,2.0650328397750854,10.480442333221431
JFFN_MATCH_WRITE,20,bbox_mass,9392,0.42355308180452905,0.28468040598651895,0.041435818374156955,0.413333997130394,0.8261450827121734
JFFN_MATCH_WRITE,20,patch_aupr,9392,0.4922532992569565,0.24615782255691485,0.15283718705177307,0.4924730211496353,0.8249045252799987
JFFN_MATCH_WRITE,20,patch_auroc,9392,0.6957318199603315,0.15934379030751236,0.49084008634090426,0.6952033638954163,0.9116221070289611
JFFN_MATCH_WRITE,20,top1_pointing,9392,0.7192291311754685,0.44937577598714556,0.0,1.0,1.0
JFFN_MATCH_WRITE,20,top32_box_recall,9392,0.3050111324582495,0.22821780146896015,0.1111111119389534,0.2222222238779068,0.6666666865348816
JFFN_MATCH_WRITE,20,uniform_enrichment,9392,4.838371990009483,8.161194680707057,0.93486088514328,2.048222064971924,11.287320232391352
JFFN_MATCH_WRITE,21,bbox_mass,9392,0.3921637795500502,0.2810434602489018,0.03226514495909214,0.36356258392333984,0.800513768196106
JFFN_MATCH_WRITE,21,patch_aupr,9392,0.4673371703187547,0.24998632609029878,0.1278078556060791,0.46176977455616,0.8115652799606321
JFFN_MATCH_WRITE,21,patch_auroc,9392,0.6696101290307102,0.16769912683169463,0.45011553168296814,0.6672914326190948,0.8967404901981354
JFFN_MATCH_WRITE,21,top1_pointing,9392,0.662798126064736,0.4727544501639411,0.0,1.0,1.0
JFFN_MATCH_WRITE,21,top32_box_recall,9392,0.2858823870628591,0.22422049552835216,0.09375,0.2014656886458397,0.6153846383094788
JFFN_MATCH_WRITE,21,uniform_enrichment,9392,4.160894368745837,6.83590416911902,0.817426735162735,1.7940609455108643,9.696183204650866
JFFN_MATCH_WRITE,22,bbox_mass,9392,0.38245009989805423,0.276322114844011,0.031246425956487654,0.3572916090488434,0.7812923729419707
JFFN_MATCH_WRITE,22,patch_aupr,9392,0.4370505859376466,0.244249092696727,0.11961693838238717,0.4198477864265442,0.7806679189205168
JFFN_MATCH_WRITE,22,patch_auroc,9392,0.6470492073958776,0.15621899427766076,0.4572519987821579,0.6332210302352905,0.8646840333938597
JFFN_MATCH_WRITE,22,top1_pointing,9392,0.6462947189097104,0.4781190805846686,0.0,1.0,1.0
JFFN_MATCH_WRITE,22,top32_box_recall,9392,0.2606033408455868,0.20149029413688654,0.09560388177633286,0.1875,0.5333333611488342
JFFN_MATCH_WRITE,22,uniform_enrichment,9392,3.8956685078141833,6.208321531931908,0.8035001933574677,1.7266844511032104,9.102598190307612
JFFN_MATCH_WRITE,23,bbox_mass,9392,0.40918813100214435,0.29665839592157617,0.024276769906282428,0.39684273302555084,0.8308962643146515
JFFN_MATCH_WRITE,23,patch_aupr,9392,0.44857322022779345,0.24855460537937948,0.11836509779095651,0.43936847150325775,0.7890789687633514
JFFN_MATCH_WRITE,23,patch_auroc,9392,0.6545650202009884,0.16401772786310825,0.449469667673111,0.6454856693744659,0.8830713212490082
JFFN_MATCH_WRITE,23,top1_pointing,9392,0.6350085178875639,0.4814277724620832,0.0,1.0,1.0
JFFN_MATCH_WRITE,23,top32_box_recall,9392,0.27536533779648703,0.21687203881992115,0.09090909361839294,0.20000000298023224,0.5833333134651184
JFFN_MATCH_WRITE,23,uniform_enrichment,9392,4.221577789028591,7.192696033809754,0.6808006525039673,1.8298450112342834,9.823192024230956
JFFN_MATCH_WRITE,24,bbox_mass,9392,0.38824390234959183,0.2876777761279252,0.026675665378570558,0.35585421323776245,0.8046203017234801
JFFN_MATCH_WRITE,24,patch_aupr,9392,0.4237853405279527,0.24220925204657873,0.11436042562127113,0.40585844218730927,0.7637685060501098
JFFN_MATCH_WRITE,24,patch_auroc,9392,0.6226241522940832,0.1608535334574493,0.4301773220300674,0.6034007370471954,0.8502279579639433
JFFN_MATCH_WRITE,24,top1_pointing,9392,0.6162691652470187,0.48629361625746376,0.0,1.0,1.0
JFFN_MATCH_WRITE,24,top32_box_recall,9392,0.2562300839224986,0.20379190340617268,0.08620689809322357,0.1818181872367859,0.5333333611488342
JFFN_MATCH_WRITE,24,uniform_enrichment,9392,4.152082904323688,7.949398415542816,0.7093615889549255,1.6663784980773926,9.517105007171631
JFFN_MATCH_WRITE,25,bbox_mass,9392,0.4274713455364957,0.2987498066210542,0.02970477156341076,0.4147477298974991,0.848583823442459
JFFN_MATCH_WRITE,25,patch_aupr,9392,0.45822245252782356,0.24802353808834907,0.1280376434326172,0.4475814253091812,0.8028616607189177
JFFN_MATCH_WRITE,25,patch_auroc,9392,0.6533049122090062,0.17192474205803793,0.43133562207221987,0.6474768221378326,0.8898692369461059
JFFN_MATCH_WRITE,25,top1_pointing,9392,0.6731260647359455,0.46907074701908796,0.0,1.0,1.0
JFFN_MATCH_WRITE,25,top32_box_recall,9392,0.28166084475920405,0.21901725544465947,0.09375,0.2034648209810257,0.6000000238418579
JFFN_MATCH_WRITE,25,uniform_enrichment,9392,4.90926620075377,8.989566304304672,0.7361948907375335,1.9571142792701721,11.854741764068603
JFFN_MATCH_WRITE,26,bbox_mass,9392,0.4162640154587452,0.3064434767265881,0.0220598042011261,0.39321252703666687,0.8566105484962463
JFFN_MATCH_WRITE,26,patch_aupr,9392,0.4449313831803872,0.25247327440999656,0.11041130796074868,0.43198779225349426,0.7955107688903806
JFFN_MATCH_WRITE,26,patch_auroc,9392,0.6410075744798048,0.17270129824707708,0.41852750778198244,0.6328318417072296,0.8799534738063812
JFFN_MATCH_WRITE,26,top1_pointing,9392,0.6303236797274276,0.4827170377170283,0.0,1.0,1.0
JFFN_MATCH_WRITE,26,top32_box_recall,9392,0.27270837100179074,0.21711396943005276,0.0833333358168602,0.19623211026191711,0.5833333134651184
JFFN_MATCH_WRITE,26,uniform_enrichment,9392,4.320519835388905,7.333100070317183,0.6213717997074127,1.8270397186279297,10.293744564056395
JFFN_MATCH_WRITE,27,bbox_mass,9392,0.356544614014531,0.28334487356037447,0.01771275568753481,0.31272193789482117,0.7775892436504364
JFFN_MATCH_WRITE,27,patch_aupr,9392,0.4059277648196752,0.24771161534692404,0.09428787156939507,0.37874938547611237,0.7599406003952024
JFFN_MATCH_WRITE,27,patch_auroc,9392,0.6037662495491376,0.17541160717862153,0.38595145642757417,0.5884064435958862,0.8465259671211243
JFFN_MATCH_WRITE,27,top1_pointing,9392,0.5725085178875639,0.4947145791602961,0.0,1.0,1.0
JFFN_MATCH_WRITE,27,top32_box_recall,9392,0.23827133960361485,0.19719450461530286,0.06896551698446274,0.1666666716337204,0.5
JFFN_MATCH_WRITE,27,uniform_enrichment,9392,3.2948595117787502,5.3621218988361665,0.5487736463546753,1.50751793384552,7.587253952026366
JFFN_MATCH_WRITE,28,bbox_mass,9392,0.3761219143932597,0.2955824897594446,0.018335354886949064,0.3299478739500046,0.817795979976654
JFFN_MATCH_WRITE,28,patch_aupr,9392,0.3955466176396683,0.24388026613558042,0.09528115391731262,0.3639533072710037,0.7496466398239134
JFFN_MATCH_WRITE,28,patch_auroc,9392,0.584575995979783,0.16137336558864704,0.3982516199350357,0.5622949600219727,0.8057231783866882
JFFN_MATCH_WRITE,28,top1_pointing,9392,0.581026405451448,0.49339104331110184,0.0,1.0,1.0
JFFN_MATCH_WRITE,28,top32_box_recall,9392,0.23257359821631793,0.18725782780847167,0.07692307978868484,0.1666666716337204,0.5
JFFN_MATCH_WRITE,28,uniform_enrichment,9392,3.6376723712242764,6.708400066940041,0.5830769598484039,1.5331931710243225,8.369293117523194
JFFN_MATCH_WRITE,29,bbox_mass,9392,0.38784286349285235,0.30046858492760403,0.017940137721598148,0.35397621989250183,0.8302518129348755
JFFN_MATCH_WRITE,29,patch_aupr,9392,0.4192783613544964,0.25007404709126024,0.10005515813827515,0.39720486104488373,0.7746037781238556
JFFN_MATCH_WRITE,29,patch_auroc,9392,0.6237948462781552,0.1720086031413973,0.40658974051475527,0.6154907643795013,0.8616645693778991
JFFN_MATCH_WRITE,29,top1_pointing,9392,0.5714437819420783,0.49486946361824824,0.0,1.0,1.0
JFFN_MATCH_WRITE,29,top32_box_recall,9392,0.2508111064165816,0.20311681951601274,0.07564298734068871,0.1785714328289032,0.5
JFFN_MATCH_WRITE,29,uniform_enrichment,9392,3.8363577508351434,6.8185470939639,0.5300261914730072,1.6172711849212646,8.992512989044188
JFFN_MATCH_WRITE,30,bbox_mass,9392,0.3636896270226541,0.29257808988586204,0.015639959089457988,0.3146163821220398,0.8011534512042998
JFFN_MATCH_WRITE,30,patch_aupr,9392,0.406867985429105,0.2519299128579322,0.08930187225341797,0.37956391274929047,0.77077516913414
JFFN_MATCH_WRITE,30,patch_auroc,9392,0.6071399991817811,0.1716513022331278,0.3927399754524231,0.5953377485275269,0.8451768577098846
JFFN_MATCH_WRITE,30,top1_pointing,9392,0.5379045996592845,0.4985611710960545,0.0,1.0,1.0
JFFN_MATCH_WRITE,30,top32_box_recall,9392,0.2398145343946512,0.19711726227441584,0.06666667014360428,0.17179608345031738,0.5
JFFN_MATCH_WRITE,30,uniform_enrichment,9392,3.4714117477714597,6.1569085902524545,0.49855845868587495,1.4871304035186768,8.03587379455566
JFFN_MATCH_WRITE,31,bbox_mass,9392,0.3630249863954523,0.28926289655535287,0.018105245754122735,0.31437699496746063,0.7968468964099884
JFFN_MATCH_WRITE,31,patch_aupr,9392,0.4143853158390271,0.24981334232167282,0.09694050177931786,0.39082710444927216,0.7711991906166077
JFFN_MATCH_WRITE,31,patch_auroc,9392,0.6290683170965574,0.1730389833646827,0.4108121931552887,0.6197994947433472,0.8686959385871887
JFFN_MATCH_WRITE,31,top1_pointing,9392,0.5372657580919932,0.4986093293088578,0.0,1.0,1.0
JFFN_MATCH_WRITE,31,top32_box_recall,9392,0.24689257284596616,0.20429632668904169,0.0694444477558136,0.17499999701976776,0.5
JFFN_MATCH_WRITE,31,uniform_enrichment,9392,3.305573214847615,5.229995659786617,0.5771210730075836,1.5143775343894958,7.703256225585935
JFFN_MATCH_WRITE,32,bbox_mass,9392,0.32441896489797484,0.26478168314721245,0.018217982910573482,0.27591410279273987,0.7173246741294861
JFFN_MATCH_WRITE,32,patch_aupr,9392,0.38396387684330135,0.24002449909262197,0.09139328673481942,0.35172997415065765,0.7242665171623229
JFFN_MATCH_WRITE,32,patch_auroc,9392,0.5793546300283847,0.1770895008951661,0.3687602519989014,0.557704895734787,0.8286973178386688
JFFN_MATCH_WRITE,32,top1_pointing,9392,0.5386499148211243,0.498503945906469,0.0,1.0,1.0
JFFN_MATCH_WRITE,32,top32_box_recall,9392,0.2223813751793952,0.19423716134082827,0.05882352963089943,0.1527777761220932,0.5
JFFN_MATCH_WRITE,32,uniform_enrichment,9392,2.8501199493422673,4.6104138341167475,0.5725043475627899,1.3596135973930359,6.341333150863646
Q_POSITIVE,1,bbox_mass,9392,0.20710430151315654,0.22750364412518662,0.009569215867668391,0.11907980963587761,0.5485194504261016
Q_POSITIVE,1,patch_aupr,9392,0.2920287957474878,0.24846663084221726,0.04599953927099705,0.21247253566980362,0.6720090448856352
Q_POSITIVE,1,patch_auroc,9392,0.5158308090608776,0.16957528668923466,0.31367921829223633,0.5019157528877258,0.7363049149513243
Q_POSITIVE,1,top1_pointing,9392,0.12957836456558774,0.33583896736694413,0.0,0.0,1.0
Q_POSITIVE,1,top32_box_recall,9392,0.09020580732890522,0.10649696186381574,0.0,0.0714285746216774,0.1790511727333067
Q_POSITIVE,1,uniform_enrichment,9392,0.9055015065221773,0.26973396230888885,0.6411458134651185,0.8679701387882233,1.201813781261444
Q_POSITIVE,2,bbox_mass,9392,0.20124440476108474,0.21847618972025154,0.012056553084403277,0.12093223258852959,0.5203113734722137
Q_POSITIVE,2,patch_aupr,9392,0.32066672442412897,0.24779465023288946,0.06481942310929298,0.25170694291591644,0.6997925221920013
Q_POSITIVE,2,patch_auroc,9392,0.5928824394659712,0.14397235102813047,0.4193827390670776,0.5829924941062927,0.7786557018756866
Q_POSITIVE,2,top1_pointing,9392,0.12723594548551959,0.33323709226604026,0.0,0.0,1.0
Q_POSITIVE,2,top32_box_recall,9392,0.14081718120971867,0.13063922498101824,0.03999999910593033,0.1111111119389534,0.2666666805744171
Q_POSITIVE,2,uniform_enrichment,9392,1.0338348754724485,0.6867449737890655,0.5460519790649414,0.8734257817268372,1.6597354888916014
Q_POSITIVE,3,bbox_mass,9392,0.20584667868059534,0.23836833880101257,0.009217128809541465,0.1078178621828556,0.5815115928649902
Q_POSITIVE,3,patch_aupr,9392,0.34799561884389674,0.24880856686860253,0.076648311316967,0.28744466602802277,0.725817596912384
Q_POSITIVE,3,patch_auroc,9392,0.6347332526302978,0.1450603792436669,0.4563876003026962,0.6292475461959839,0.824556666612625
Q_POSITIVE,3,top1_pointing,9392,0.1954855195911414,0.39657399211411093,0.0,0.0,1.0
Q_POSITIVE,3,top32_box_recall,9392,0.1743687491499449,0.1597334041105424,0.05454545468091965,0.125,0.3571428656578064
Q_POSITIVE,3,uniform_enrichment,9392,1.264144298948498,2.4695620001962086,0.32171987891197207,0.8049429953098297,2.1695334196090696
Q_POSITIVE,4,bbox_mass,9392,0.19046094892705956,0.23090791331477598,0.006628120224922896,0.09704605117440224,0.5287756502628327
Q_POSITIVE,4,patch_aupr,9392,0.335324580901494,0.2581790302372921,0.05916470214724541,0.2658497989177704,0.7320127665996551
Q_POSITIVE,4,patch_auroc,9392,0.6219137705151734,0.13378943780095537,0.46076337397098543,0.6184518337249756,0.7817387580871582
Q_POSITIVE,4,top1_pointing,9392,0.14065161839863713,0.3476618193596778,0.0,0.0,1.0
Q_POSITIVE,4,top32_box_recall,9392,0.13153813995456234,0.12363342646412755,0.0,0.1111111119389534,0.25
Q_POSITIVE,4,uniform_enrichment,9392,0.9085356147779454,1.0871109706368187,0.3200470834970474,0.7111591994762421,1.4874935865402215
Q_POSITIVE,5,bbox_mass,9392,0.2625723816181514,0.25630371790920514,0.0128160928376019,0.1769970878958702,0.6626835823059082
Q_POSITIVE,5,patch_aupr,9392,0.36663689071602495,0.25683178616197233,0.07302547991275787,0.3116728514432907,0.7562067747116089
Q_POSITIVE,5,patch_auroc,9392,0.6475547336214864,0.13313190300901312,0.48375132083892824,0.6440877914428711,0.8129921555519104
Q_POSITIVE,5,top1_pointing,9392,0.2632027257240204,0.4403714919195685,0.0,0.0,1.0
Q_POSITIVE,5,top32_box_recall,9392,0.17838485326447,0.14578970367749122,0.0625,0.13636364042758942,0.3333333432674408
Q_POSITIVE,5,uniform_enrichment,9392,1.6794878784336071,2.98814652305217,0.5628939867019653,1.0615690350532532,2.8438040733337395
Q_POSITIVE,6,bbox_mass,9392,0.2734507979013707,0.2720513042979765,0.010107082966715098,0.17957855015993118,0.7096289873123167
Q_POSITIVE,6,patch_aupr,9392,0.3630253724058538,0.2670568164502409,0.062028998881578444,0.30333317816257477,0.7739610314369199
Q_POSITIVE,6,patch_auroc,9392,0.6324273623205607,0.13042537846799798,0.47234335243701936,0.6285025179386139,0.786512678861618
Q_POSITIVE,6,top1_pointing,9392,0.27299829642248724,0.4454999737069656,0.0,0.0,1.0
Q_POSITIVE,6,top32_box_recall,9392,0.16483024055863296,0.13816668804877658,0.04545454680919647,0.13333334028720856,0.30882352590560913
Q_POSITIVE,6,uniform_enrichment,9392,1.7285001278387722,3.5213454948542067,0.4822310745716095,1.0534387230873108,2.8634693861007685
Q_POSITIVE,7,bbox_mass,9392,0.33411971505850513,0.3006367331119316,0.014593943580985069,0.24440617859363556,0.8369049787521361
Q_POSITIVE,7,patch_aupr,9392,0.39318553650118265,0.2612012478954428,0.07725532427430153,0.3496645838022232,0.7831355154514312
Q_POSITIVE,7,patch_auroc,9392,0.6566825850455811,0.13413060932145565,0.4896048069000244,0.6524768471717834,0.8261608242988586
Q_POSITIVE,7,top1_pointing,9392,0.3756388415672913,0.48428741700902644,0.0,0.0,1.0
Q_POSITIVE,7,top32_box_recall,9392,0.20338908605246997,0.16110807493124443,0.06666667014360428,0.15740740299224854,0.4000000059604645
Q_POSITIVE,7,uniform_enrichment,9392,2.607974956307308,5.844676150666291,0.6815515041351319,1.2848579287528992,4.583182144165035
Q_POSITIVE,8,bbox_mass,9392,0.35188821901254547,0.2940587296427856,0.021987519040703774,0.2795284390449524,0.819676226377487
Q_POSITIVE,8,patch_aupr,9392,0.41566448914887877,0.25476763288499177,0.09846539646387101,0.38373078405857086,0.7892692148685455
Q_POSITIVE,8,patch_auroc,9392,0.6626769453636172,0.14167300070690997,0.48477221727371217,0.6588883996009827,0.8433333039283752
Q_POSITIVE,8,top1_pointing,9392,0.47061328790459966,0.4991356740929484,0.0,0.0,1.0
Q_POSITIVE,8,top32_box_recall,9392,0.23289736413313203,0.1856057958605284,0.0833333358168602,0.1679389327764511,0.5
Q_POSITIVE,8,uniform_enrichment,9392,3.429727544587938,7.805165274697573,0.6772021591663361,1.4567611813545227,6.848465919494628
Q_POSITIVE,9,bbox_mass,9392,0.33529926301565277,0.28051553744933033,0.024259699694812297,0.26600266993045807,0.7733231544494629
Q_POSITIVE,9,patch_aupr,9392,0.4269473587559041,0.256346067096384,0.10101371929049492,0.400316447019577,0.7946978151798249
Q_POSITIVE,9,patch_auroc,9392,0.6812111966732772,0.14467889330668907,0.49622459411621095,0.6803160905838013,0.8679999709129333
Q_POSITIVE,9,top1_pointing,9392,0.486690800681431,0.49982283382564524,0.0,0.0,1.0
Q_POSITIVE,9,top32_box_recall,9392,0.2500636283738826,0.19200733635586648,0.09435448050498962,0.18552543967962265,0.5
Q_POSITIVE,9,uniform_enrichment,9392,2.536241511240549,3.857481804875311,0.8320657014846802,1.5065258145332336,4.7202294826507565
Q_POSITIVE,10,bbox_mass,9392,0.44032423815036226,0.3211661272046749,0.032311518862843516,0.4063403755426407,0.9126906454563141
Q_POSITIVE,10,patch_aupr,9392,0.47925535583863865,0.2525767049329604,0.13930573165416718,0.4677778631448746,0.8333333730697632
Q_POSITIVE,10,patch_auroc,9392,0.6969176377939279,0.1510919584635245,0.50167875289917,0.6968172490596771,0.9001684010028839
Q_POSITIVE,10,top1_pointing,9392,0.5975298126064736,0.4903956929388207,0.0,1.0,1.0
Q_POSITIVE,10,top32_box_recall,9392,0.30187767864674175,0.22419483018518632,0.11065028160810472,0.2232142835855484,0.639888876676559
Q_POSITIVE,10,uniform_enrichment,9392,5.263838350114975,11.299575658742643,0.7645200729370117,1.951610505580902,11.596302890777585
Q_POSITIVE,11,bbox_mass,9392,0.4551070478485485,0.3301926436530607,0.03073732424527407,0.4224012792110443,0.9338431775569915
Q_POSITIVE,11,patch_aupr,9392,0.48884750406187005,0.25107444373668014,0.14249918907880785,0.4867316037416458,0.8333333730697632
Q_POSITIVE,11,patch_auroc,9392,0.6970742427120445,0.15537746879047967,0.4947758287191391,0.6963022649288177,0.9074656009674071
Q_POSITIVE,11,top1_pointing,9392,0.6185051107325383,0.4857535781960528,0.0,1.0,1.0
Q_POSITIVE,11,top32_box_recall,9392,0.3146973322445108,0.23394352966270093,0.1111111119389534,0.23007936775684357,0.6666666865348816
Q_POSITIVE,11,uniform_enrichment,9392,5.5399019898808275,11.914792058411123,0.8107255578041077,1.9991540312767029,12.372926807403546
Q_POSITIVE,12,bbox_mass,9392,0.43103241236964784,0.31954844333669574,0.02516362834721804,0.39853939414024353,0.8958634436130524
Q_POSITIVE,12,patch_aupr,9392,0.4741429278309821,0.2571128793691472,0.1271333858370781,0.4627995043992996,0.8316334784030913
Q_POSITIVE,12,patch_auroc,9392,0.6916464511971954,0.15873704103984423,0.4907562255859375,0.6876589953899384,0.9062967777252197
Q_POSITIVE,12,top1_pointing,9392,0.6102001703577513,0.48770474926242274,0.0,1.0,1.0
Q_POSITIVE,12,top32_box_recall,9392,0.29462137942575634,0.23053399968560676,0.0973508819937706,0.2083333283662796,0.6666666865348816
Q_POSITIVE,12,uniform_enrichment,9392,4.899047216945922,9.50587827956245,0.6635652303695678,1.866153061389923,11.243043804168694
Q_POSITIVE,13,bbox_mass,9392,0.49540955775974205,0.33241546484935425,0.03027418702840805,0.5037612020969391,0.9456192553043365
Q_POSITIVE,13,patch_aupr,9392,0.4966976624865222,0.25069275271333347,0.14718033373355865,0.4980029761791229,0.8375644683837891
Q_POSITIVE,13,patch_auroc,9392,0.6848816423822873,0.1543844091079332,0.49193488955497744,0.6827149391174316,0.8951612710952759
Q_POSITIVE,13,top1_pointing,9392,0.6700383304940375,0.47019885810452633,0.0,1.0,1.0
Q_POSITIVE,13,top32_box_recall,9392,0.3183172044795529,0.22914988064204359,0.11888112127780914,0.24242424964904785,0.6666666865348816
Q_POSITIVE,13,uniform_enrichment,9392,6.201191100827661,12.456265716361552,0.7934965610504151,2.264742612838745,14.30160627365112
Q_POSITIVE,14,bbox_mass,9392,0.4280836330154502,0.33657741908110417,0.01570284478366375,0.3838862329721451,0.9173512101173401
Q_POSITIVE,14,patch_aupr,9392,0.4413512152039269,0.2560921717579546,0.10688034445047379,0.4218651205301285,0.805281227827072
Q_POSITIVE,14,patch_auroc,9392,0.6596347048860424,0.15555905931822847,0.47290702164173126,0.643144428730011,0.884199184179306
Q_POSITIVE,14,top1_pointing,9392,0.5731473594548552,0.4946205250540885,0.0,1.0,1.0
Q_POSITIVE,14,top32_box_recall,9392,0.26894312109820007,0.21847227058734794,0.0833333358168602,0.1875,0.5833333134651184
Q_POSITIVE,14,uniform_enrichment,9392,4.529262057615915,9.034018240242625,0.46940961480140686,1.7028565406799316,10.527949428558346
Q_POSITIVE,15,bbox_mass,9392,0.49141700674567856,0.3291641796933431,0.028700898587703704,0.5160197913646698,0.9275980830192566
Q_POSITIVE,15,patch_aupr,9392,0.5282413980686994,0.2558335384257766,0.1491580292582512,0.552529364824295,0.8529143333435059
Q_POSITIVE,15,patch_auroc,9392,0.7255448722399556,0.16064587816268186,0.5133323967456818,0.7313535809516907,0.9402728378772736
Q_POSITIVE,15,top1_pointing,9392,0.6900553662691652,0.462470493926146,0.0,1.0,1.0
Q_POSITIVE,15,top32_box_recall,9392,0.3407009449639489,0.25832014841357864,0.109375,0.25,0.75
Q_POSITIVE,15,uniform_enrichment,9392,6.051329531994487,11.427862558980662,0.7590528786182403,2.2459981441497803,14.495872116088854
Q_POSITIVE,16,bbox_mass,9392,0.4897089413610664,0.3213235648268534,0.04003802090883255,0.4926317483186722,0.9268999278545379
Q_POSITIVE,16,patch_aupr,9392,0.5271757143210787,0.25137781795293274,0.1639662891626358,0.5404815673828125,0.8515531837940216
Q_POSITIVE,16,patch_auroc,9392,0.7230929724909397,0.1547149587185564,0.5219570755958557,0.7260058224201202,0.931541758775711
Q_POSITIVE,16,top1_pointing,9392,0.6951660988074957,0.4603370437801664,0.0,1.0,1.0
Q_POSITIVE,16,top32_box_recall,9392,0.33779304213579936,0.24901933419339892,0.11794871836900711,0.24626532942056656,0.7333333492279053
Q_POSITIVE,16,uniform_enrichment,9392,6.271602522868722,11.398773593232933,0.9178680360317231,2.2970376014709473,15.346844768524166
Q_POSITIVE,17,bbox_mass,9392,0.4784185746307511,0.3197961048475007,0.033069058507680896,0.493439644575119,0.9072521209716796
Q_POSITIVE,17,patch_aupr,9392,0.5017192006996457,0.2536080404736681,0.1458968088030815,0.5079766809940338,0.8424916803836823
Q_POSITIVE,17,patch_auroc,9392,0.6914536140103915,0.1590527718321496,0.4891435503959656,0.689738005399704,0.9083136439323425
Q_POSITIVE,17,top1_pointing,9392,0.6949531516183987,0.4604272675179584,0.0,1.0,1.0
Q_POSITIVE,17,top32_box_recall,9392,0.31446636427615116,0.23878228343224944,0.10389610379934311,0.22448979318141937,0.6666666865348816
Q_POSITIVE,17,uniform_enrichment,9392,6.101043174927614,11.293268472955369,0.7672876656055451,2.1870328187942505,15.356620025634765
Q_POSITIVE,18,bbox_mass,9392,0.49902220749817944,0.3499466464615099,0.016208142414689063,0.5246573090553284,0.9518690228462219
Q_POSITIVE,18,patch_aupr,9392,0.48796960655507615,0.25903423257895986,0.11768582537770272,0.49772909283638,0.8297193706035614
Q_POSITIVE,18,patch_auroc,9392,0.6832898807219266,0.16541908706911132,0.47047988176345823,0.680616945028305,0.9113762378692627
Q_POSITIVE,18,top1_pointing,9392,0.658965076660988,0.47405706871869996,0.0,1.0,1.0
Q_POSITIVE,18,top32_box_recall,9392,0.30771612049694436,0.24223349728484586,0.09090909361839294,0.21923816204071045,0.6666666865348816
Q_POSITIVE,18,uniform_enrichment,9392,6.185989862135077,12.249362108931003,0.4776767373085022,2.0767074823379517,15.173646163940429
Q_POSITIVE,19,bbox_mass,9392,0.48087993396890755,0.32267018280955645,0.03168548308312893,0.48563793301582336,0.9197312831878662
Q_POSITIVE,19,patch_aupr,9392,0.4766937907221644,0.248833428321862,0.13759077042341233,0.4712247997522354,0.82410791516304
Q_POSITIVE,19,patch_auroc,9392,0.6759333863887727,0.15882528957931127,0.47661633789539337,0.6706953346729279,0.8946948289871216
Q_POSITIVE,19,top1_pointing,9392,0.6652470187393527,0.4719040398192795,0.0,1.0,1.0
Q_POSITIVE,19,top32_box_recall,9392,0.2990439526298047,0.2213984655119425,0.1111111119389534,0.2222222238779068,0.625
Q_POSITIVE,19,uniform_enrichment,9392,5.984135341985318,11.26381616667455,0.7728942573070526,2.2257004976272583,14.554599761962887
Q_POSITIVE,20,bbox_mass,9392,0.4660953652063394,0.3139731045584886,0.033546175435185434,0.46802712976932526,0.897730541229248
Q_POSITIVE,20,patch_aupr,9392,0.4841143416951401,0.25331599707046876,0.13272517323493957,0.48393087089061737,0.8306887209415436
Q_POSITIVE,20,patch_auroc,9392,0.679937117983741,0.160678882619757,0.4733156055212021,0.6771290302276611,0.9013317108154297
Q_POSITIVE,20,top1_pointing,9392,0.7033645655877342,0.4567744010595516,0.0,1.0,1.0
Q_POSITIVE,20,top32_box_recall,9392,0.29525643004817664,0.22603344068144807,0.10257555097341538,0.21311475336551666,0.6331578850746148
Q_POSITIVE,20,uniform_enrichment,9392,6.052385985195721,12.04745145778491,0.7791543364524841,2.1354743242263794,14.26736040115356
Q_POSITIVE,21,bbox_mass,9392,0.4278750875764241,0.3087126851626212,0.024682683497667314,0.41054315865039825,0.8676905691623686
Q_POSITIVE,21,patch_aupr,9392,0.4552382761506432,0.2562159719588618,0.11000468134880066,0.44698284566402435,0.8151218414306639
Q_POSITIVE,21,patch_auroc,9392,0.64754701334546,0.16983731766824042,0.42907385528087616,0.6403548419475555,0.8833643853664398
Q_POSITIVE,21,top1_pointing,9392,0.6511925042589438,0.4765929360113401,0.0,1.0,1.0
Q_POSITIVE,21,top32_box_recall,9392,0.27106559374304234,0.21859843167227289,0.08164246305823326,0.19374999403953552,0.5833333134651184
Q_POSITIVE,21,uniform_enrichment,9392,5.184036040500713,10.353582792987359,0.6011111736297607,1.7994230389595032,12.486154556274412
Q_POSITIVE,22,bbox_mass,9392,0.40982347816206716,0.30948467201087604,0.020262059569358826,0.37789706885814667,0.8615763664245606
Q_POSITIVE,22,patch_aupr,9392,0.41716775732400296,0.2516905923780026,0.09779622927308082,0.392705500125885,0.7824009716510772
Q_POSITIVE,22,patch_auroc,9392,0.6135869135804874,0.15168809800901448,0.43477236926555635,0.5981892943382263,0.8225989818572998
Q_POSITIVE,22,top1_pointing,9392,0.6078577512776832,0.48822812853144937,0.0,1.0,1.0
Q_POSITIVE,22,top32_box_recall,9392,0.2363415635742241,0.1884077248924751,0.07777778059244156,0.17035002261400223,0.5
Q_POSITIVE,22,uniform_enrichment,9392,4.644821015535282,9.291886594413336,0.544914036989212,1.6723420023918152,10.93237371444702
Q_POSITIVE,23,bbox_mass,9392,0.4485397293091475,0.3319189151583595,0.015987244062125684,0.4460603594779968,0.9073552191257477
Q_POSITIVE,23,patch_aupr,9392,0.44260402960043155,0.2550667249828787,0.10249374136328697,0.43318556249141693,0.7965277433395384
Q_POSITIVE,23,patch_auroc,9392,0.6400541658259395,0.16388103989107589,0.4354847759008408,0.6301996111869812,0.8682635664939881
Q_POSITIVE,23,top1_pointing,9392,0.637137989778535,0.48082551072036767,0.0,1.0,1.0
Q_POSITIVE,23,top32_box_recall,9392,0.26255195948532883,0.21007936407623506,0.07868125662207603,0.19304294884204865,0.5555555820465088
Q_POSITIVE,23,uniform_enrichment,9392,5.081493554217384,10.17408960306161,0.478119558095932,1.833335518836975,11.86334409713745
Q_POSITIVE,24,bbox_mass,9392,0.4248609499517926,0.3239603528252824,0.018105253204703332,0.3903336226940155,0.8946399867534636
Q_POSITIVE,24,patch_aupr,9392,0.4169398259247667,0.24857328904580636,0.09995005801320077,0.39600345492362976,0.7714482605457306
Q_POSITIVE,24,patch_auroc,9392,0.6028688114084497,0.16134292854119606,0.41195191740989684,0.5839543044567108,0.8275998771190642
Q_POSITIVE,24,top1_pointing,9392,0.6149914821124361,0.4865973274090038,0.0,1.0,1.0
Q_POSITIVE,24,top32_box_recall,9392,0.24399949923156503,0.19746343422769488,0.07501879930496216,0.1735537201166153,0.5
Q_POSITIVE,24,uniform_enrichment,9392,5.0005647001836335,11.376659482917871,0.5302744805812836,1.6497647762298584,11.257169818878173
Q_POSITIVE,25,bbox_mass,9392,0.4865778759757857,0.3443561583017232,0.01689316052943468,0.5014491081237793,0.9434884130954742
Q_POSITIVE,25,patch_aupr,9392,0.45047530562890964,0.2546390730919395,0.1090068869292736,0.4382110685110092,0.8097849667072295
Q_POSITIVE,25,patch_auroc,9392,0.6245883967883304,0.17017172169945644,0.4113640934228897,0.6173048913478851,0.8591991364955902
Q_POSITIVE,25,top1_pointing,9392,0.662798126064736,0.4727544501639411,0.0,1.0,1.0
Q_POSITIVE,25,top32_box_recall,9392,0.272098798993372,0.21440322372243084,0.0827067643404007,0.20000000298023224,0.5833333134651184
Q_POSITIVE,25,uniform_enrichment,9392,6.449448371669529,13.94456690257525,0.41686988770961764,2.068222761154175,15.739533519744871
Q_POSITIVE,26,bbox_mass,9392,0.465364519438844,0.34837024023623386,0.011887738015502691,0.4615720510482788,0.9444585263729093
Q_POSITIVE,26,patch_aupr,9392,0.4372430211422946,0.2581122700388888,0.09456434696912766,0.424328088760376,0.8009060740470885
Q_POSITIVE,26,patch_auroc,9392,0.6132349717023019,0.173689825344253,0.3954951733350754,0.6051749885082245,0.8541666865348816
Q_POSITIVE,26,top1_pointing,9392,0.6256388415672913,0.4839575203358546,0.0,1.0,1.0
Q_POSITIVE,26,top32_box_recall,9392,0.2626682808880537,0.21171930055303706,0.0714285746216774,0.19081458449363708,0.5555555820465088
Q_POSITIVE,26,uniform_enrichment,9392,5.458891772674615,11.254365965733193,0.3326425522565842,1.8507140278816223,12.935462951660153
Q_POSITIVE,27,bbox_mass,9392,0.4063405103192225,0.330802055442219,0.007738753408193589,0.3570087105035782,0.9000257492065429
Q_POSITIVE,27,patch_aupr,9392,0.40198510504246204,0.2567766839775019,0.07908671945333481,0.36947447061538696,0.7726077318191528
Q_POSITIVE,27,patch_auroc,9392,0.5817835334783819,0.17100034331771194,0.3750776767730713,0.5683301985263824,0.8122155249118804
Q_POSITIVE,27,top1_pointing,9392,0.5629258943781942,0.49602452743458597,0.0,1.0,1.0
Q_POSITIVE,27,top32_box_recall,9392,0.22745606677776864,0.18965673073456926,0.061242392286658294,0.1666666716337204,0.5
Q_POSITIVE,27,uniform_enrichment,9392,4.286625650416283,9.080598084785928,0.2486173689365387,1.5417571663856506,10.042857456207274
Q_POSITIVE,28,bbox_mass,9392,0.4097261827590109,0.333235351086478,0.011601189151406288,0.3562692403793335,0.9095332741737365
Q_POSITIVE,28,patch_aupr,9392,0.3924078999606423,0.2501743348186288,0.08474141061306,0.36110176146030426,0.7584704875946044
Q_POSITIVE,28,patch_auroc,9392,0.5722136273559697,0.16031558386993963,0.38573100566864016,0.5519314110279083,0.7909702241420745
Q_POSITIVE,28,top1_pointing,9392,0.5749574105621805,0.4943494579766551,0.0,1.0,1.0
Q_POSITIVE,28,top32_box_recall,9392,0.22318922931888083,0.1818232548651638,0.06587484627962113,0.1666666716337204,0.47205881178379
Q_POSITIVE,28,uniform_enrichment,9392,4.262935838371843,9.183697291325116,0.3977995693683624,1.5082716345787048,9.951614093780517
Q_POSITIVE,29,bbox_mass,9392,0.4351442104151389,0.3482211061127667,0.00769470576196909,0.4014902263879776,0.9381105422973632
Q_POSITIVE,29,patch_aupr,9392,0.4046684855955583,0.25538641664289996,0.08196667954325676,0.37759366631507874,0.7715066373348236
Q_POSITIVE,29,patch_auroc,9392,0.579487297517165,0.16799680803153771,0.37692747414112093,0.5653077363967896,0.8046644568443299
Q_POSITIVE,29,top1_pointing,9392,0.5697402044293015,0.495112415402966,0.0,1.0,1.0
Q_POSITIVE,29,top32_box_recall,9392,0.23414931076908407,0.1924086447805828,0.06291008293628693,0.1678321659564972,0.5
Q_POSITIVE,29,uniform_enrichment,9392,4.900400348200133,10.816061824395806,0.23746765702962874,1.5916306376457214,11.508578872680664
Q_POSITIVE,30,bbox_mass,9392,0.39996173651543393,0.32896898190822177,0.008391274325549604,0.3477379381656647,0.8979964137077331
Q_POSITIVE,30,patch_aupr,9392,0.3998583506043521,0.25754927069683153,0.07835093215107918,0.36766327917575836,0.7753172218799591
Q_POSITIVE,30,patch_auroc,9392,0.576688568328021,0.16351276004415255,0.38135692179203035,0.5632917582988739,0.791756808757782
Q_POSITIVE,30,top1_pointing,9392,0.5352427597955707,0.4987564013443753,0.0,1.0,1.0
Q_POSITIVE,30,top32_box_recall,9392,0.22852309656381414,0.18705559483294215,0.05999999865889549,0.16875000298023224,0.5
Q_POSITIVE,30,uniform_enrichment,9392,4.315186584946302,9.548835147166692,0.27290710210800173,1.4813048839569092,9.870458889007566
Q_POSITIVE,31,bbox_mass,9392,0.39660033438968206,0.32495916462066204,0.010466940701007843,0.3390643894672394,0.8861459434032439
Q_POSITIVE,31,patch_aupr,9392,0.4042021656768663,0.25501541301183833,0.0824867993593216,0.37473565340042114,0.7724495947360992
Q_POSITIVE,31,patch_auroc,9392,0.5930878733773834,0.17135583008070085,0.3842028766870499,0.5798594057559967,0.8293132841587066
Q_POSITIVE,31,top1_pointing,9392,0.528747870528109,0.49917287580566616,0.0,1.0,1.0
Q_POSITIVE,31,top32_box_recall,9392,0.23554556194559578,0.1944019000768183,0.0625,0.16959063708782196,0.5
Q_POSITIVE,31,uniform_enrichment,9392,4.0114542904032096,7.91819336829823,0.36939263343811035,1.4861955642700195,9.511041831970214
Q_POSITIVE,32,bbox_mass,9392,0.31275324128200227,0.27136245427822586,0.014086099341511726,0.24913593381643295,0.7268432021141052
Q_POSITIVE,32,patch_aupr,9392,0.3644265787184831,0.24555326302137015,0.07464776784181595,0.3257370740175247,0.7232147634029388
Q_POSITIVE,32,patch_auroc,9392,0.5452994030483426,0.1653024696403539,0.35513714551925657,0.5239023864269257,0.7657257080078124
Q_POSITIVE,32,top1_pointing,9392,0.5260860306643952,0.499319055318517,0.0,1.0,1.0
Q_POSITIVE,32,top32_box_recall,9392,0.1921718060023118,0.16787380089129578,0.0476190485060215,0.13878751546144485,0.4000000059604645
Q_POSITIVE,32,uniform_enrichment,9392,2.4893257236822146,4.321488076295593,0.5414259612560273,1.2275859117507935,5.149106502532958
WRITE,1,bbox_mass,9392,0.19908715800359156,0.22108950824800974,0.009959789924323559,0.11379533633589745,0.5282987833023071
WRITE,1,patch_aupr,9392,0.2935263887413177,0.24533053006018254,0.05133173391222954,0.21618030965328217,0.6693373084068296
WRITE,1,patch_auroc,9392,0.5324564109033996,0.16767720511876574,0.33007624447345735,0.5195827484130859,0.750907003879547
WRITE,1,top1_pointing,9392,0.12244463373083475,0.3277986354476731,0.0,0.0,1.0
WRITE,1,top32_box_recall,9392,0.09846511665520256,0.11738081148390601,0.0,0.07551362738013268,0.19727444201707806
WRITE,1,uniform_enrichment,9392,0.8934939312931067,0.3281859358655497,0.6103107631206512,0.8312444686889648,1.2138987898826599
WRITE,2,bbox_mass,9392,0.18166485840567403,0.20465004861248715,0.011177052464336156,0.10428410768508911,0.47719237208366394
WRITE,2,patch_aupr,9392,0.30654390707496615,0.24285479514384764,0.06255250275135041,0.23543201386928558,0.6776513218879697
WRITE,2,patch_auroc,9392,0.5685893462164077,0.15155887545248442,0.38909325897693636,0.5553294718265533,0.7624983012676239
WRITE,2,top1_pointing,9392,0.11552385008517888,0.3196530777994731,0.0,0.0,1.0
WRITE,2,top32_box_recall,9392,0.12836345835383411,0.12783240133405463,0.03202580772340298,0.10000000149011612,0.25
WRITE,2,uniform_enrichment,9392,0.9241734886188155,0.5992986820243266,0.4950889766216278,0.7732001841068268,1.4828776121139524
WRITE,3,bbox_mass,9392,0.19666349519279056,0.2187421084817773,0.012005698960274458,0.11191265657544136,0.515254658460617
WRITE,3,patch_aupr,9392,0.3310944104951519,0.242139538558565,0.07468626499176026,0.26663270592689514,0.6949197292327881
WRITE,3,patch_auroc,9392,0.6109790643792142,0.15097850148291428,0.42809695899486544,0.6020289063453674,0.8101664185523987
WRITE,3,top1_pointing,9392,0.178236797274276,0.38271195613892783,0.0,0.0,1.0
WRITE,3,top32_box_recall,9392,0.160788994533957,0.15223179442252482,0.05000000074505806,0.11764705926179886,0.3333333432674408
WRITE,3,uniform_enrichment,9392,1.1566027512704855,1.6432828976286362,0.4333875298500061,0.8264380693435669,1.9755235910415647
WRITE,4,bbox_mass,9392,0.19046240254550997,0.2178501480082759,0.009333088621497154,0.10742847248911858,0.5053173005580902
WRITE,4,patch_aupr,9392,0.3230891306095759,0.24951127238946552,0.06124043017625809,0.25463898479938507,0.7031782746315001
WRITE,4,patch_auroc,9392,0.6012329519904827,0.14046060150112769,0.43447436690330504,0.5945211946964264,0.7754224181175231
WRITE,4,top1_pointing,9392,0.13841567291311754,0.34533574156916685,0.0,0.0,1.0
WRITE,4,top32_box_recall,9392,0.12787045878826225,0.12434676410945629,0.01606666743755342,0.1041666641831398,0.25
WRITE,4,uniform_enrichment,9392,0.9545827713684739,0.8797598595944658,0.44143089056015017,0.7682408094406128,1.5167917013168335
WRITE,5,bbox_mass,9392,0.2405791789679399,0.23744907105092528,0.013028424605727198,0.16229593753814697,0.5994317293167114
WRITE,5,patch_aupr,9392,0.3423422846628898,0.24969703489963782,0.06847805604338646,0.28167344629764557,0.7205383837223052
WRITE,5,patch_auroc,9392,0.6107698103359042,0.13605971632216995,0.4513889491558075,0.6026151180267334,0.7792762279510498
WRITE,5,top1_pointing,9392,0.24552810902896083,0.43039988000186935,0.0,0.0,1.0
WRITE,5,top32_box_recall,9392,0.15722329734364093,0.1343472052043534,0.05000000074505806,0.125,0.30000001192092896
WRITE,5,uniform_enrichment,9392,1.4653478605947194,2.2059584425891985,0.5854613065719605,0.9945560991764069,2.4010263919830317
WRITE,6,bbox_mass,9392,0.2640309497234188,0.2518517581471624,0.015141823701560498,0.1823204979300499,0.6516693294048309
WRITE,6,patch_aupr,9392,0.35597617401336074,0.25654820540499484,0.06833283603191376,0.2974420636892319,0.7486046075820922
WRITE,6,patch_auroc,9392,0.6208828613415893,0.13526492281224517,0.4578347861766815,0.6133315861225128,0.7873973786830902
WRITE,6,top1_pointing,9392,0.2829003407155026,0.45040841237542967,0.0,0.0,1.0
WRITE,6,top32_box_recall,9392,0.1689747205799171,0.14336805772954497,0.0555555559694767,0.13062143325805664,0.3333333432674408
WRITE,6,uniform_enrichment,9392,1.685032986150896,2.545653197591337,0.6445388793945312,1.0961427688598633,2.8181257247924782
WRITE,7,bbox_mass,9392,0.29175175388094754,0.25922830157216215,0.017092214711010457,0.2188045158982277,0.6865017235279083
WRITE,7,patch_aupr,9392,0.3638354020987104,0.24967610807162144,0.0733014926314354,0.3143301010131836,0.7386634707450865
WRITE,7,patch_auroc,9392,0.6152246241454588,0.14268069090053973,0.4463962078094482,0.6068694293498993,0.7968632876873016
WRITE,7,top1_pointing,9392,0.3677597955706985,0.4821955291502572,0.0,0.0,1.0
WRITE,7,top32_box_recall,9392,0.18128952003820692,0.15025523603239932,0.06060606241226196,0.13636364042758942,0.34375
WRITE,7,uniform_enrichment,9392,2.080847136746914,3.6958023045529695,0.7349214613437652,1.195797085762024,3.588720631599426
WRITE,8,bbox_mass,9392,0.31855916435264214,0.2591574694722568,0.026421717181801797,0.2608015090227127,0.710687893629074
WRITE,8,patch_aupr,9392,0.4036077972586002,0.24459368723876596,0.10273782610893249,0.36830541491508484,0.7616847634315488
WRITE,8,patch_auroc,9392,0.6448025479533962,0.14815088282064703,0.4646777004003525,0.6363563239574432,0.8406768441200256
WRITE,8,top1_pointing,9392,0.4691226575809199,0.4990456789965573,0.0,0.0,1.0
WRITE,8,top32_box_recall,9392,0.22914275167947412,0.18388531122908905,0.0833333358168602,0.1666666716337204,0.5
WRITE,8,uniform_enrichment,9392,2.8225644303864943,5.124653892111829,0.7906559824943542,1.4110501408576965,5.584283208847043
WRITE,9,bbox_mass,9392,0.29409289606459066,0.2535560511757943,0.022505516558885576,0.22553908824920654,0.6769555807113646
WRITE,9,patch_aupr,9392,0.3930056419893282,0.24695155301911803,0.0947724424302578,0.3544668108224869,0.7562835454940796
WRITE,9,patch_auroc,9392,0.6372948369952125,0.1477251478381773,0.45816794633865354,0.6251803040504456,0.834642195701599
WRITE,9,top1_pointing,9392,0.4363287904599659,0.49592940735119656,0.0,0.0,1.0
WRITE,9,top32_box_recall,9392,0.22395853117585113,0.17860458602002288,0.08571428805589676,0.16477273404598236,0.44789272248744827
WRITE,9,uniform_enrichment,9392,2.0369935621304385,2.462313866584719,0.848807555437088,1.3372434973716736,3.689920878410339
WRITE,10,bbox_mass,9392,0.3662320092546142,0.26901108613577784,0.03716101497411728,0.32489438354969025,0.7590742945671082
WRITE,10,patch_aupr,9392,0.46062113869857135,0.24179491032235875,0.1462273880839348,0.44444121420383453,0.7986799240112304
WRITE,10,patch_auroc,9392,0.688634886303631,0.15405309200137057,0.4898076355457306,0.6863279044628143,0.8957127869129181
WRITE,10,top1_pointing,9392,0.597210391822828,0.49045911116183,0.0,1.0,1.0
WRITE,10,top32_box_recall,9392,0.2890045458895751,0.21773001211938936,0.10775861889123917,0.20987653732299805,0.6000000238418579
WRITE,10,uniform_enrichment,9392,3.706964315622061,6.435861700623054,0.920733404159546,1.7211939096450806,7.914020109176629
WRITE,11,bbox_mass,9392,0.37266290215242065,0.2747889579215226,0.03373512029647827,0.3321140259504318,0.7748230218887329
WRITE,11,patch_aupr,9392,0.4686284845032403,0.2438766288444809,0.14246074855327606,0.4594309777021408,0.8032857358455657
WRITE,11,patch_auroc,9392,0.6919940525040766,0.15647659250978763,0.4918357402086258,0.6877105832099915,0.9039723575115204
WRITE,11,top1_pointing,9392,0.608603066439523,0.48806287910466273,0.0,1.0,1.0
WRITE,11,top32_box_recall,9392,0.2983050731542636,0.22637531219021484,0.10898601487278939,0.21250000596046448,0.6499999761581421
WRITE,11,uniform_enrichment,9392,3.7493610073045986,6.407477416536274,0.9247800946235657,1.7238340377807617,8.283124923706055
WRITE,12,bbox_mass,9392,0.36358301685023625,0.2753501911830661,0.029595527239143854,0.32105889916419983,0.7697765767574309
WRITE,12,patch_aupr,9392,0.46111544258086357,0.2502573637048002,0.1265100881457329,0.4481310248374939,0.8056930541992188
WRITE,12,patch_auroc,9392,0.6842094153085299,0.16497113016440615,0.4724398791790009,0.6800517439842224,0.9097752034664154
WRITE,12,top1_pointing,9392,0.5991269165247018,0.4900753558589788,0.0,1.0,1.0
WRITE,12,top32_box_recall,9392,0.2856214908396887,0.22659403636875194,0.0958165891468525,0.20000000298023224,0.6315789222717285
WRITE,12,uniform_enrichment,9392,3.4410413557237565,5.2832679797606685,0.8211344599723815,1.654527485370636,7.676054763793945
WRITE,13,bbox_mass,9392,0.4089542807942104,0.28420073430083076,0.036339474841952324,0.3869962692260742,0.8140283346176147
WRITE,13,patch_aupr,9392,0.5020729881590625,0.24713337539104335,0.15497314780950547,0.5088417530059814,0.8315256059169769
WRITE,13,patch_auroc,9392,0.7134244355876427,0.15997935907742447,0.5061745643615723,0.7170898616313934,0.9224270224571228
WRITE,13,top1_pointing,9392,0.6580068143100511,0.4743773251659369,0.0,1.0,1.0
WRITE,13,top32_box_recall,9392,0.3229733567795553,0.23513133805781622,0.11764705926179886,0.23962637782096863,0.6666666865348816
WRITE,13,uniform_enrichment,9392,4.245566206200253,6.832701019719585,0.9557132661342621,1.9549582600593567,9.730033302307117
WRITE,14,bbox_mass,9392,0.3533409008368389,0.27693086385816834,0.023407022655010223,0.3073241412639618,0.7628357887268066
WRITE,14,patch_aupr,9392,0.42859288197533535,0.2483640747872648,0.10775481536984444,0.40652619302272797,0.7784424245357513
WRITE,14,patch_auroc,9392,0.6624139041046484,0.15644098537759826,0.4700213223695755,0.6510024666786194,0.8792632937431335
WRITE,14,top1_pointing,9392,0.564629471890971,0.49580543700436985,0.0,1.0,1.0
WRITE,14,top32_box_recall,9392,0.25462847366086977,0.20957818147846807,0.0833333358168602,0.17499999701976776,0.5333333611488342
WRITE,14,uniform_enrichment,9392,3.13388771240582,4.960577144147521,0.7741142690181733,1.5133100152015686,6.834440994262694
WRITE,15,bbox_mass,9392,0.4107658122126525,0.2839150983015731,0.03326260708272458,0.40466172993183136,0.8085067749023437
WRITE,15,patch_aupr,9392,0.5044662680803541,0.25062642545919084,0.14616744667291642,0.5174883604049683,0.8329110980033874
WRITE,15,patch_auroc,9392,0.7107748429949777,0.16485415394975886,0.48859853446483614,0.7154817283153534,0.9282234013080596
WRITE,15,top1_pointing,9392,0.6848381601362862,0.4645802993643107,0.0,1.0,1.0
WRITE,15,top32_box_recall,9392,0.3184460653488431,0.2432088904737135,0.1066666692495346,0.23076923191547394,0.692307710647583
WRITE,15,uniform_enrichment,9392,4.296454648191372,6.873089968851157,0.8822987258434296,1.9375870823860168,10.052283954620359
WRITE,16,bbox_mass,9392,0.4261190495734697,0.28654236805048994,0.043291811272501944,0.41054852306842804,0.8297800183296203
WRITE,16,patch_aupr,9392,0.5289413557321252,0.24794159990391298,0.17457251846790314,0.5416662693023682,0.8488496661186217
WRITE,16,patch_auroc,9392,0.7307931731067903,0.16253235370617364,0.5120602250099182,0.741929292678833,0.93941051363945
WRITE,16,top1_pointing,9392,0.7012350936967632,0.45771654663651273,0.0,1.0,1.0
WRITE,16,top32_box_recall,9392,0.34034013549920794,0.2496176603943521,0.11999999731779099,0.25,0.75
WRITE,16,uniform_enrichment,9392,4.619443540244991,6.992418518629143,0.9852611422538757,2.101349949836731,10.935621738433836
WRITE,17,bbox_mass,9392,0.414134268261249,0.28266354809798017,0.038787631690502165,0.40167711675167084,0.8119964897632599
WRITE,17,patch_aupr,9392,0.500012654242107,0.24725883009496344,0.1567481338977814,0.5051397085189819,0.8298503220081329
WRITE,17,patch_auroc,9392,0.7052046878690145,0.16432069288718704,0.49145598113536837,0.7092447876930237,0.9208833754062653
WRITE,17,top1_pointing,9392,0.6919718909710392,0.4616782354378463,0.0,1.0,1.0
WRITE,17,top32_box_recall,9392,0.3136099179673367,0.23705024062971713,0.1090909093618393,0.22499999403953552,0.6666666865348816
WRITE,17,uniform_enrichment,9392,4.5118163590043,7.037927938755564,0.9128393828868866,1.9795010089874268,10.883337783813472
WRITE,18,bbox_mass,9392,0.4382139245390729,0.30408712622874795,0.024222817644476893,0.440962091088295,0.8502097308635711
WRITE,18,patch_aupr,9392,0.4768583533411419,0.2536648577667865,0.12093971520662308,0.4803842008113861,0.8150727808475494
WRITE,18,patch_auroc,9392,0.6735676401677531,0.16951583877251375,0.4558407336473465,0.670797199010849,0.9035432934761047
WRITE,18,top1_pointing,9392,0.6683347529812607,0.470811438835908,0.0,1.0,1.0
WRITE,18,top32_box_recall,9392,0.2965692151209944,0.23260891097940942,0.0923076942563057,0.21212121844291687,0.6666666865348816
WRITE,18,uniform_enrichment,9392,4.795582055639764,8.166572388612213,0.7115654647350311,1.9281149506568909,11.777187252044676
WRITE,19,bbox_mass,9392,0.4287597737610133,0.2807056625506211,0.044185916706919674,0.42150747776031494,0.8243313968181609
WRITE,19,patch_aupr,9392,0.487909973528513,0.23916739508966653,0.166303813457489,0.4848579913377762,0.8152606129646301
WRITE,19,patch_auroc,9392,0.6933647672410934,0.15644884303320916,0.4926553457975388,0.6936935782432556,0.9057170867919921
WRITE,19,top1_pointing,9392,0.6947402044293015,0.46051737511068336,0.0,1.0,1.0
WRITE,19,top32_box_recall,9392,0.30781818884944473,0.2216620111865738,0.1188977710902691,0.2321428507566452,0.6428571343421936
WRITE,19,uniform_enrichment,9392,4.807259738254892,7.6960849115108765,0.9724026143550873,2.1429262161254883,10.961031150817867
WRITE,20,bbox_mass,9392,0.43227335420132357,0.2827496849769156,0.0450384259223938,0.42891430854797363,0.8242461144924164
WRITE,20,patch_aupr,9392,0.5033343125178238,0.24410147904085125,0.1625094637274742,0.5090257227420807,0.8299629569053649
WRITE,20,patch_auroc,9392,0.7041607471048084,0.15933986285508558,0.49740655422210694,0.7053750157356262,0.918666660785675
WRITE,20,top1_pointing,9392,0.7327512776831345,0.44252326801747766,0.0,1.0,1.0
WRITE,20,top32_box_recall,9392,0.31483895454452226,0.23270006459506468,0.1160714253783226,0.23076923191547394,0.6666666865348816
WRITE,20,uniform_enrichment,9392,5.051435787015947,8.406644297880458,0.9679239809513092,2.117936372756958,11.835248088836662
WRITE,21,bbox_mass,9392,0.3977269390482796,0.2817667099025393,0.03398373685777188,0.37076452374458313,0.8053868234157562
WRITE,21,patch_aupr,9392,0.4749123973263629,0.24943633473703233,0.13314422219991684,0.47188594937324524,0.814817464351654
WRITE,21,patch_auroc,9392,0.6770604731002584,0.16728323899171796,0.4571177393198013,0.6757301688194275,0.9047056078910828
WRITE,21,top1_pointing,9392,0.6752555366269165,0.46827929367164156,0.0,1.0,1.0
WRITE,21,top32_box_recall,9392,0.2927045374480036,0.22820156401442798,0.09677419066429138,0.20779220759868622,0.6363636255264282
WRITE,21,uniform_enrichment,9392,4.260367635846157,6.938633454487612,0.8422075033187867,1.8372044563293457,9.938728618621825
WRITE,22,bbox_mass,9392,0.3945370687729766,0.27871221954628794,0.03313822634518147,0.374890998005867,0.7901862502098084
WRITE,22,patch_aupr,9392,0.4483407554464586,0.2440705481803208,0.12620361000299454,0.43517935276031494,0.7865191876888273
WRITE,22,patch_auroc,9392,0.6545085812089061,0.1577986793920737,0.4602121919393539,0.6418947279453278,0.8751050353050231
WRITE,22,top1_pointing,9392,0.6643952299829642,0.47220144891650667,0.0,1.0,1.0
WRITE,22,top32_box_recall,9392,0.2702781456321148,0.20806234073673507,0.09822892099618911,0.19501859694719315,0.5625
WRITE,22,uniform_enrichment,9392,4.145077795633932,6.713800505128757,0.8358961939811707,1.7944416999816895,9.654253387451172
WRITE,23,bbox_mass,9392,0.41499361181655925,0.2964977432196792,0.02612883523106575,0.40541620552539825,0.8341924250125884
WRITE,23,patch_aupr,9392,0.45593119718865616,0.24832680098702184,0.12260255217552185,0.449824258685112,0.7945896089076996
WRITE,23,patch_auroc,9392,0.6620507709522536,0.164018498384346,0.4551612466573715,0.6546742618083954,0.8894233644008637
WRITE,23,top1_pointing,9392,0.6426746166950597,0.4792118046865267,0.0,1.0,1.0
WRITE,23,top32_box_recall,9392,0.2816812467092594,0.22006766822868484,0.09302325546741486,0.20220057666301727,0.6000000238418579
WRITE,23,uniform_enrichment,9392,4.35726112507409,7.425619222408625,0.7118607342243195,1.8757171034812927,10.076200771331786
WRITE,24,bbox_mass,9392,0.3907090265425243,0.2873728637305812,0.0276261605322361,0.3618251532316208,0.8053181648254394
WRITE,24,patch_aupr,9392,0.4280372028110856,0.24161289182258208,0.11761579439043998,0.4111466556787491,0.7674662530422209
WRITE,24,patch_auroc,9392,0.6286087050889991,0.16062902420086456,0.4351054817438126,0.6096116006374359,0.8574339807033539
WRITE,24,top1_pointing,9392,0.6187180579216355,0.48570157784725715,0.0,1.0,1.0
WRITE,24,top32_box_recall,9392,0.2607029755038544,0.20584871224359352,0.08989358618855477,0.18518517911434174,0.550000011920929
WRITE,24,uniform_enrichment,9392,4.191983708190602,7.921006992753948,0.7274507880210876,1.6954086422920227,9.624316978454585
WRITE,25,bbox_mass,9392,0.4265655891274524,0.2956817238889519,0.03016937579959631,0.41387318074703217,0.8446150302886962
WRITE,25,patch_aupr,9392,0.45979777566484314,0.24678886070067174,0.1303700476884842,0.45086434483528137,0.8016148865222931
WRITE,25,patch_auroc,9392,0.6541706893630358,0.1723004408152532,0.4325896233320236,0.6475251317024231,0.8928542733192444
WRITE,25,top1_pointing,9392,0.6816439522998297,0.4658384640547593,0.0,1.0,1.0
WRITE,25,top32_box_recall,9392,0.28371938131481894,0.22029191986243993,0.095238097012043,0.20463493466377258,0.6000000238418579
WRITE,25,uniform_enrichment,9392,4.949385377198005,9.021342924684747,0.7504161953926086,1.9580585360527039,11.993359947204583
WRITE,26,bbox_mass,9392,0.4172046828813401,0.3054028851473518,0.02280501052737236,0.3955833613872528,0.8548393726348877
WRITE,26,patch_aupr,9392,0.4466566652354758,0.2520698882363332,0.11105292811989785,0.43528084456920624,0.7946742713451385
WRITE,26,patch_auroc,9392,0.6434674920043012,0.17267194929368745,0.42035211622714996,0.6362242102622986,0.8814225673675538
WRITE,26,top1_pointing,9392,0.6341567291311755,0.4816658302483418,0.0,1.0,1.0
WRITE,26,top32_box_recall,9392,0.2736272665157754,0.21734540790623744,0.0833333358168602,0.19696970283985138,0.5833333134651184
WRITE,26,uniform_enrichment,9392,4.364271569914173,7.412705142773576,0.6315698027610779,1.8508778810501099,10.378090381622314
WRITE,27,bbox_mass,9392,0.35673883917599386,0.2808334035491671,0.01812861878424883,0.31709621846675873,0.7711166977882385
WRITE,27,patch_aupr,9392,0.406603044792631,0.24696443378728516,0.09551256969571113,0.3805244565010071,0.7584844648838042
WRITE,27,patch_auroc,9392,0.6047650912588283,0.17559869917785986,0.38721400797367095,0.5892719626426697,0.8482142686843872
WRITE,27,top1_pointing,9392,0.5731473594548552,0.4946205250540885,0.0,1.0,1.0
WRITE,27,top32_box_recall,9392,0.23947931986170848,0.19823651580127474,0.0714285746216774,0.1666666716337204,0.5
WRITE,27,uniform_enrichment,9392,3.367881883922516,5.542652773655917,0.5529197692871094,1.5092836618423462,7.796620225906368
WRITE,28,bbox_mass,9392,0.37806551962926377,0.29536701585438196,0.01923621837049723,0.3346254974603653,0.8172692060470581
WRITE,28,patch_aupr,9392,0.39994579256259166,0.24407027808480125,0.09805895686149597,0.3695306032896042,0.7535181581974029
WRITE,28,patch_auroc,9392,0.5909948853626721,0.16244021641020145,0.40105619430541994,0.5699486136436462,0.815347534418106
WRITE,28,top1_pointing,9392,0.5845400340715503,0.49280115933222113,0.0,1.0,1.0
WRITE,28,top32_box_recall,9392,0.23702576975108106,0.18977987650194825,0.07815563753247262,0.16966991126537323,0.5
WRITE,28,uniform_enrichment,9392,3.6505909317240097,6.629723802320587,0.5884689867496491,1.5613869428634644,8.402950000762939
WRITE,29,bbox_mass,9392,0.38707595745230805,0.29807425600674503,0.018831137940287592,0.3541729003190994,0.8274992167949676
WRITE,29,patch_aupr,9392,0.42153890400321153,0.24938071503618178,0.10340017452836037,0.40022873878479004,0.7757478952407837
WRITE,29,patch_auroc,9392,0.627896796829651,0.17129068122310254,0.4124521195888519,0.6200244128704071,0.8644064605236054
WRITE,29,top1_pointing,9392,0.5731473594548552,0.4946205250540885,0.0,1.0,1.0
WRITE,29,top32_box_recall,9392,0.2529563255381201,0.2038705580332094,0.07980850860476495,0.1805555522441864,0.523809552192688
WRITE,29,uniform_enrichment,9392,3.8582459718595934,6.825157594249388,0.5423225343227387,1.6383713483810425,9.03899641036987
WRITE,30,bbox_mass,9392,0.362739132230648,0.29162267747686715,0.016504844278097154,0.3145972639322281,0.8012293457984924
WRITE,30,patch_aupr,9392,0.40975230705716686,0.2518125426039379,0.09225262328982353,0.3821997195482254,0.7746262192726134
WRITE,30,patch_auroc,9392,0.6148556567826887,0.17257931183895717,0.39746064841747286,0.6042188405990601,0.8538008630275724
WRITE,30,top1_pointing,9392,0.5397146507666098,0.4984202509072903,0.0,1.0,1.0
WRITE,30,top32_box_recall,9392,0.2438413735895197,0.20018166728902323,0.07033253237605096,0.1733333319425583,0.5
WRITE,30,uniform_enrichment,9392,3.4086337989875237,5.790582471307502,0.5132895469665527,1.50971519947052,7.818261337280271
WRITE,31,bbox_mass,9392,0.36287437535976247,0.28847382792339865,0.018866227939724922,0.31285354495048523,0.7997862219810485
WRITE,31,patch_aupr,9392,0.4185263932951995,0.2508902743391028,0.09904007464647294,0.3955778628587723,0.7762168526649474
WRITE,31,patch_auroc,9392,0.6364223061883473,0.17295285331925767,0.41498214304447173,0.630514919757843,0.8731315374374389
WRITE,31,top1_pointing,9392,0.5325809199318569,0.49893735444080944,0.0,1.0,1.0
WRITE,31,top32_box_recall,9392,0.2501813013055417,0.20534343467275384,0.0714285746216774,0.1785714328289032,0.5141392230987544
WRITE,31,uniform_enrichment,9392,3.28436288816614,5.089895876654218,0.5932371437549591,1.5377899408340454,7.573525762557981
WRITE,32,bbox_mass,9392,0.3392495737119785,0.2703156980724276,0.02146460618823767,0.292624831199646,0.7438537299633026
WRITE,32,patch_aupr,9392,0.40817327843448487,0.24233678340387488,0.10364037752151489,0.38130997121334076,0.7485618352890014
WRITE,32,patch_auroc,9392,0.6172569902959634,0.17567392020412814,0.4012747913599014,0.6009946167469025,0.8647302985191345
WRITE,32,top1_pointing,9392,0.5516396933560477,0.49732619282528584,0.0,1.0,1.0
WRITE,32,top32_box_recall,9392,0.24784671038389602,0.20758217450128477,0.0714285746216774,0.17041245847940445,0.5291021943092334
WRITE,32,uniform_enrichment,9392,2.9949016266409627,4.525991638331818,0.6412832856178284,1.4764363169670105,6.652401065826415
