model,source_mode,category,layer,n_pairs,n_images,pair_raw_cosine_mean,pair_raw_cosine_std,pair_raw_cosine_sem,pair_centered_cosine_mean,pair_centered_cosine_std,pair_centered_cosine_sem,pair_js_normalized_mean,pair_js_normalized_std,pair_js_normalized_sem,pair_total_variation_mean,pair_total_variation_std,pair_total_variation_sem,pair_topk_overlap_fraction_mean,pair_topk_overlap_fraction_std,pair_topk_overlap_fraction_sem,image_raw_cosine_mean,image_raw_cosine_std,image_raw_cosine_sem,image_centered_cosine_mean,image_centered_cosine_std,image_centered_cosine_sem,image_js_normalized_mean,image_js_normalized_std,image_js_normalized_sem,image_total_variation_mean,image_total_variation_std,image_total_variation_sem,image_topk_overlap_fraction_mean,image_topk_overlap_fraction_std,image_topk_overlap_fraction_sem,specificity_pair_js_mean,specificity_pair_js_std,specificity_pair_js_sem,specificity_uniform_js_mean,specificity_uniform_js_std,specificity_uniform_js_sem,specificity_ratio_mean,specificity_ratio_std,specificity_ratio_sem,specificity_random_overlap_mean,specificity_random_overlap_std,specificity_random_overlap_sem
internvl_2_5_8b,hmid_cos,all,1,16860,3231,0.9382515792,0.0456913269,0.0003518884281,0.5043373887,0.292466976,0.002252413126,0.02166565968,0.01502388009,0.0001157053189,0.1272738686,0.04955622163,0.0003816536335,0.3693097568,0.2523939427,0.001943793577,0.936423209,0.03774522637,0.0006640389517,0.5124800152,0.2219731924,0.003905099007,0.02232763238,0.01213593484,0.000213503381,0.1286048398,0.03915505543,0.0006888415956,0.3729953366,0.1988997326,0.003499175463,0.02232763238,0.01213593484,0.000213503381,0.02529026503,0.007885323073,0.0001387238115,0.9192985841,0.4083721415,0.007184352429,0.125,0,0
internvl_2_5_8b,hmid_cos,all,2,16860,3231,0.9395941937,0.04843408008,0.000373011542,0.3433656027,0.4240300346,0.003265636445,0.02226353085,0.01787201335,0.0001376400098,0.1303382618,0.0523194868,0.0004029347191,0.3160587189,0.2546720821,0.001961338502,0.939832646,0.03698331833,0.0006506349623,0.3665153205,0.3255359948,0.005727044226,0.02230061817,0.01363893329,0.0002399451225,0.1302190889,0.0405321102,0.0007130676527,0.3276793658,0.2061950486,0.00362751948,0.02230061817,0.01363893329,0.0002399451225,0.01925631721,0.007058866596,0.0001241842433,1.247675149,0.6300979128,0.01108509864,0.125,0,0
internvl_2_5_8b,hmid_cos,all,3,16860,3231,0.9443690072,0.04591571301,0.0003536165214,0.603552827,0.2439930108,0.001879094412,0.01895079565,0.01392441985,0.0001072379059,0.1185763716,0.0425441639,0.0003276507813,0.4098105724,0.2121071029,0.001633527413,0.9424418913,0.03985373656,0.0007011332556,0.6035338925,0.2019239755,0.00355237994,0.01964717688,0.01194117744,0.0002100770802,0.1199712931,0.03613983195,0.0006357957929,0.4145559128,0.1708639094,0.003005950745,0.01964717688,0.01194117744,0.0002100770802,0.02715181315,0.007319782425,0.0001287744469,0.7208058922,0.356998389,0.006280551445,0.125,0,0
internvl_2_5_8b,hmid_cos,all,4,16860,3231,0.9410312719,0.03890714429,0.0002996405396,0.4210703599,0.3022573487,0.002327812968,0.02055569972,0.01229190499,9.466521153e-05,0.127173628,0.03878033369,0.0002986639169,0.3215321026,0.2162451453,0.001665396245,0.9384422613,0.03248502289,0.000571497978,0.4296753842,0.2393732239,0.004211211853,0.02143888533,0.01009274754,0.0001775582807,0.1295011382,0.03181032083,0.0005596281736,0.3293751981,0.174220051,0.003064994203,0.02143888533,0.01009274754,0.0001775582807,0.02071981758,0.006584881686,0.0001158455877,1.086126276,0.4489587106,0.007898378159,0.125,0,0
internvl_2_5_8b,hmid_cos,all,5,16860,3231,0.8954789178,0.0897888827,0.0006915025441,0.4560488581,0.3240892064,0.002495949432,0.03291802579,0.02505230855,0.0001929385307,0.1550101633,0.05997173976,0.0004618679882,0.34858578,0.2351848048,0.001811258654,0.8892689428,0.07958995506,0.001400199056,0.4636699752,0.2634188755,0.004634238836,0.0349083802,0.02194098643,0.0003860003245,0.1590231296,0.05097113249,0.0008967178275,0.3623839682,0.1932407484,0.003399618875,0.0349083802,0.02194098643,0.0003860003245,0.0358653481,0.01284576279,0.0002259911431,0.9964599224,0.4771617838,0.008394545249,0.125,0,0
internvl_2_5_8b,hmid_cos,all,6,16860,3231,0.9215131849,0.06057494174,0.0004665135044,0.5321989607,0.2851460361,0.00219603144,0.02662216301,0.01873046752,0.0001442513322,0.142277316,0.05066377673,0.0003901833885,0.392083704,0.2178128817,0.001677470053,0.919174011,0.05067063131,0.0008914312123,0.5322603618,0.234135186,0.004119060831,0.02757270198,0.01564715607,0.0002752751039,0.1442800634,0.04211156338,0.0007408544362,0.398522877,0.1768880692,0.003111931742,0.02757270198,0.01564715607,0.0002752751039,0.03279472117,0.009607324223,0.000169018393,0.8666977178,0.4308071257,0.007579043488,0.125,0,0
internvl_2_5_8b,hmid_cos,all,7,16860,3231,0.9290311196,0.04911457884,0.0003782523537,0.4978225817,0.2677203407,0.002061828715,0.02475261202,0.01611680817,0.000124122425,0.1394547155,0.04422760382,0.0003406156714,0.3867345047,0.2021566667,0.001556894853,0.9271784982,0.04128231418,0.0007262657366,0.5159479011,0.2173100917,0.00382306266,0.02560641342,0.01357131545,0.0002387555447,0.1414047105,0.03699556284,0.0006508503757,0.4028014701,0.1714747642,0.003016697305,0.02560641342,0.01357131545,0.0002387555447,0.02927265804,0.01117955056,0.0001966780372,0.9333749165,0.4109962954,0.007230518278,0.125,0,0
internvl_2_5_8b,hmid_cos,all,8,16860,3231,0.9446102783,0.03440092656,0.0002649362317,0.5366926223,0.2639049323,0.002032444626,0.02059415549,0.01265337774,9.74490676e-05,0.1277474024,0.03929358014,0.0003026166472,0.3730482651,0.1861723219,0.001433792585,0.9445433645,0.02684214323,0.0004722247121,0.5606243974,0.2075006525,0.003650488526,0.02070879057,0.009880954165,0.0001738322717,0.1278272031,0.03150832219,0.0005543152142,0.3942412219,0.1548627074,0.002724447031,0.02070879057,0.009880954165,0.0001738322717,0.02589368249,0.008602758708,0.000151345413,0.8522980145,0.3995322427,0.00702883509,0.125,0,0
internvl_2_5_8b,hmid_cos,all,9,16860,3231,0.9398771589,0.04245936138,0.0003269976809,0.5834693143,0.2930857036,0.002257178212,0.02393035079,0.01790104647,0.0001378636063,0.1375032142,0.04751617482,0.0003659423615,0.4253373369,0.1994090703,0.00153573444,0.9391945734,0.0338159318,0.0005949122065,0.6192283257,0.2266088586,0.003986652708,0.02438005466,0.01419681516,0.0002497597489,0.1383569068,0.03745959474,0.0006590139315,0.4536658184,0.1649721018,0.002902298173,0.02438005466,0.01419681516,0.0002497597489,0.03561804695,0.01588493499,0.0002794582678,0.7759584225,0.4346423295,0.007646514927,0.125,0,0
internvl_2_5_8b,hmid_cos,all,10,16860,3231,0.9547015718,0.0291669666,0.0002246272701,0.5734883752,0.2614016215,0.00201316556,0.01764871691,0.01198153536,9.227492242e-05,0.1198050549,0.03551305433,0.0002735012028,0.3959056198,0.1762121235,0.001357084842,0.9548000052,0.02499245012,0.0004396836892,0.6033126421,0.2152646528,0.003787077947,0.01768875679,0.01029116291,0.0001810489349,0.1193452256,0.02983679569,0.0005249086159,0.4199357355,0.1491202497,0.002623421921,0.01768875679,0.01029116291,0.0001810489349,0.02467307078,0.008842591552,0.0001555647108,0.7853243561,0.4186769046,0.007365640627,0.125,0,0
internvl_2_5_8b,hmid_cos,all,11,16860,3231,0.9403438313,0.04284655864,0.0003299796524,0.5295764161,0.3429073749,0.002640876187,0.02359380773,0.01778350409,0.0001369583622,0.1368079819,0.04797331156,0.0003694629668,0.4048524614,0.2082403621,0.001603747991,0.9419348918,0.03246482764,0.0005711426897,0.5924636642,0.2658200293,0.004676481521,0.0230556461,0.01334945201,0.0002348523765,0.1345939589,0.03716847387,0.0006538923407,0.449012607,0.1756818591,0.003090711297,0.0230556461,0.01334945201,0.0002348523765,0.03345197571,0.01460810061,0.000256995354,0.8224068837,0.514264972,0.009047289042,0.125,0,0
internvl_2_5_8b,hmid_cos,all,12,16860,3231,0.9584278506,0.02759373234,0.000212511121,0.7086955946,0.2220174755,0.001709851426,0.0162371534,0.01139870564,8.778630176e-05,0.1147850363,0.03497290643,0.0002693412931,0.5053417853,0.1703024514,0.001311571932,0.9597839807,0.02163401316,0.000380599848,0.7422769882,0.1666769001,0.00293229011,0.01576282717,0.008985935083,0.0001580865049,0.1126176474,0.02793537809,0.0004914576217,0.5350148477,0.1360066547,0.002392718897,0.01576282717,0.008985935083,0.0001580865049,0.03434746524,0.01048282145,0.0001844207184,0.5095652376,0.3260916602,0.005736819859,0.125,0,0
internvl_2_5_8b,hmid_cos,all,13,16860,3231,0.9440713572,0.04008575345,0.0003087175122,0.5027799167,0.3342243058,0.002574004162,0.02214220084,0.01676984447,0.0001291517365,0.1327145184,0.04510040792,0.0003473375086,0.3683274021,0.1978531598,0.001523751708,0.9451917494,0.03061546605,0.0005386074992,0.5483600747,0.2587160365,0.004551503387,0.02175142964,0.01271534163,0.0002236966879,0.1310320175,0.03528485899,0.0006207545438,0.3985323364,0.1663600442,0.002926715773,0.02175142964,0.01271534163,0.0002236966879,0.0271959044,0.01056884121,0.0001859340349,0.8963727778,0.5042232349,0.008870628171,0.125,0,0
internvl_2_5_8b,hmid_cos,all,14,16860,3231,0.9288393996,0.05959320158,0.000458952704,0.3150690552,0.4323155046,0.003329446389,0.02776185923,0.02467089328,0.0001900010887,0.1454044889,0.05891530584,0.0004537319393,0.3073954626,0.2260663348,0.001741033421,0.9309350147,0.04594340326,0.0008082666942,0.3844912907,0.3379430312,0.005945317004,0.02719968659,0.01925499555,0.0003387465991,0.1428570371,0.04636907101,0.0008157553224,0.3492538934,0.1908722136,0.003357950045,0.02719968659,0.01925499555,0.0003387465991,0.02415483841,0.01245958031,0.000219197166,1.248310693,0.6491630828,0.0114205057,0.125,0,0
internvl_2_5_8b,hmid_cos,all,15,16860,3231,0.9312859439,0.05220365668,0.0004020426619,0.5249751631,0.343847257,0.00264811462,0.02659910632,0.02144804976,0.000165180594,0.1433686899,0.0535908788,0.000412726252,0.3951215896,0.2190835173,0.001687255761,0.9313085505,0.04012829035,0.0007059633871,0.5775789055,0.2704912111,0.004758660037,0.02656121959,0.01621078292,0.0002851907999,0.1427311072,0.04161338783,0.0007320902029,0.4366500936,0.1868704854,0.003287549001,0.02656121959,0.01621078292,0.0002851907999,0.0378886562,0.01910186802,0.0003360526784,0.8438811305,0.5148297226,0.009057224507,0.125,0,0
internvl_2_5_8b,hmid_cos,all,16,16860,3231,0.9410853368,0.0483361857,0.0003722576156,0.611562292,0.3508093554,0.002701732714,0.02362635825,0.02081644779,0.0001603163574,0.134602945,0.05420781259,0.0004174775227,0.4713967972,0.2216248648,0.001706827763,0.9435616225,0.03433847954,0.0006041052114,0.6673851842,0.2564906597,0.004512353089,0.02265764429,0.01474050947,0.0002593247783,0.1315568484,0.0402529877,0.0007081571453,0.5128894925,0.1790583017,0.003150111905,0.02265764429,0.01474050947,0.0002593247783,0.0402344105,0.01879147985,0.0003305921247,0.6843257897,0.4911602566,0.008640815628,0.125,0,0
internvl_2_5_8b,hmid_cos,all,17,16860,3231,0.9481309717,0.03859366406,0.0002972262944,0.6242237289,0.2869146197,0.002209652058,0.02025202467,0.01616414812,0.0001244870101,0.1266149234,0.04615591437,0.0003554664147,0.4553306643,0.2025518908,0.001559938643,0.9512555202,0.02704323671,0.0004757624813,0.6695071975,0.2115810238,0.003722273112,0.01902903554,0.01127672698,0.0001983876289,0.1224419937,0.0344149857,0.0006054511584,0.4892594741,0.1633250375,0.00287332193,0.01902903554,0.01127672698,0.0001983876289,0.03336828755,0.01506438687,0.0002650226433,0.6654087792,0.4125880506,0.007258521486,0.125,0,0
internvl_2_5_8b,hmid_cos,all,18,16860,3231,0.930414859,0.05482132725,0.0004222024612,0.603052132,0.3297584834,0.002539610955,0.02632645167,0.02237783706,0.0001723412831,0.1436572136,0.05747962727,0.0004426751653,0.4584056198,0.2218741367,0.001708747513,0.9332354854,0.03918727445,0.000689408414,0.6476933613,0.2431068853,0.00427689689,0.0250772252,0.01550314933,0.0002727416423,0.1396456009,0.04220978608,0.0007425824349,0.4867001616,0.1774943639,0.003122598079,0.0250772252,0.01550314933,0.0002727416423,0.04375586179,0.02104925866,0.0003703124607,0.6959229948,0.4681702098,0.008236359541,0.125,0,0
internvl_2_5_8b,hmid_cos,all,19,16860,3231,0.9243465261,0.05268041807,0.000405714405,0.7330040994,0.2087919848,0.001607996273,0.02949902162,0.02276705015,0.0001753387794,0.1538863041,0.05588835846,0.0004304201244,0.5324362396,0.1912702881,0.001473054201,0.9275432042,0.03961067014,0.0006968570706,0.7492842945,0.1601421585,0.00281732662,0.02818878525,0.01640944513,0.0002886857965,0.1497296121,0.04290701259,0.0007548485042,0.5474116142,0.1548896572,0.00272492115,0.02818878525,0.01640944513,0.0002886857965,0.06763384649,0.02800059121,0.0004926048939,0.4799659667,0.3046087225,0.00535887783,0.125,0,0
internvl_2_5_8b,hmid_cos,all,20,16860,3231,0.9105558786,0.05898965884,0.0004543045635,0.6928815299,0.2120299797,0.001632933454,0.03223965943,0.02154422024,0.0001659212439,0.1611000469,0.05555622549,0.0004278622265,0.5121830516,0.201160328,0.001549221623,0.9120240483,0.04557369904,0.0008017626134,0.7052302074,0.1678726149,0.002953325915,0.03136796729,0.01586216314,0.0002790576504,0.1582113136,0.04269793725,0.0007511703126,0.5208774269,0.1648958819,0.002900957262,0.03136796729,0.01586216314,0.0002790576504,0.06658452896,0.02461700094,0.0004330785392,0.5310383025,0.3140258079,0.005524549415,0.125,0,0
internvl_2_5_8b,hmid_cos,all,21,16860,3231,0.9261272799,0.05279896823,0.0004066274104,0.7812573707,0.1701634935,0.001310501758,0.02768247097,0.02106186868,0.0001622064484,0.1474785935,0.05506229105,0.0004240582263,0.5955756969,0.1777500697,0.001368929222,0.9255733758,0.04173003203,0.0007341422847,0.7785368662,0.1455193908,0.002560073233,0.02769601876,0.01598431222,0.0002812065777,0.1472498473,0.04250530977,0.0007477814828,0.5924245297,0.146954456,0.002585319848,0.02769601876,0.01598431222,0.0002812065777,0.07585524631,0.0278486411,0.0004899316873,0.4117575603,0.2801708233,0.004928950167,0.125,0,0
internvl_2_5_8b,hmid_cos,all,22,16860,3231,0.9229917168,0.05535559262,0.000426317067,0.7449188853,0.1998771664,0.001539339448,0.02844171511,0.02122151106,0.0001634359227,0.1489250937,0.05642359122,0.0004345421805,0.5628521649,0.1963187417,0.001511934499,0.9204398051,0.04607583764,0.0008105965673,0.7426283423,0.1615176381,0.002841524966,0.0295214878,0.01747113508,0.0003073637473,0.1513568694,0.0461159636,0.0008113024897,0.5618104157,0.1608424122,0.002829645946,0.0295214878,0.01747113508,0.0003073637473,0.06847245682,0.02020396224,0.0003554414477,0.4651290836,0.2931170863,0.005156709375,0.125,0,0
internvl_2_5_8b,hmid_cos,all,23,16860,3231,0.9304337729,0.05359783876,0.0004127798537,0.7552718486,0.1940097045,0.001494151617,0.02595709274,0.02016656714,0.0001553113488,0.1402392645,0.05420862916,0.0004174838114,0.5828625445,0.1896907579,0.001460889564,0.9285515005,0.04309299944,0.0007581205077,0.7456022684,0.1583123126,0.002785134762,0.02694160936,0.01656379261,0.0002914011795,0.142464906,0.04362624357,0.0007675016905,0.5709363087,0.1546789463,0.002721214183,0.02694160936,0.01656379261,0.0002914011795,0.06023802567,0.01985334592,0.0003492731738,0.4834996429,0.3015311992,0.005304736007,0.125,0,0
internvl_2_5_8b,hmid_cos,all,24,16860,3231,0.9272825912,0.05732255056,0.0004414654504,0.7524583975,0.2087875532,0.001607962142,0.02709569185,0.02124112479,0.0001635869763,0.1420334933,0.05649710759,0.0004351083615,0.5945358837,0.1959554079,0.00150913631,0.9247010993,0.04762911725,0.0008379228881,0.7398464394,0.1753091839,0.003084154949,0.02841498727,0.01798833385,0.0003164626498,0.1452672049,0.04656071954,0.0008191269299,0.5772131628,0.1637018145,0.00287995044,0.02841498727,0.01798833385,0.0003164626498,0.06135438326,0.01946227494,0.0003423931949,0.4988718314,0.3188114394,0.005608741407,0.125,0,0
internvl_2_5_8b,hmid_cos,all,25,16860,3231,0.9251020405,0.0616143739,0.0004745186155,0.7522428092,0.2250274138,0.001733032247,0.03042600249,0.02588266946,0.0001993334947,0.1493719023,0.06461153071,0.0004976010005,0.6026523577,0.2057518311,0.00158458275,0.9236961298,0.05050874283,0.0008885831631,0.7448381071,0.1952463338,0.003434902458,0.03134518248,0.0210359481,0.0003700782925,0.1511210719,0.05172584994,0.0009099953154,0.5961284798,0.1778410883,0.003128697883,0.03134518248,0.0210359481,0.0003700782925,0.06714352132,0.02284779994,0.0004019535867,0.5224687163,0.3676252234,0.006467505734,0.125,0,0
internvl_2_5_8b,hmid_cos,all,26,16860,3231,0.9485611514,0.04130937413,0.0003181411378,0.8695257062,0.1215119652,0.0009358155545,0.02279869577,0.01932448402,0.000148826107,0.1299853419,0.05356891823,0.0004125571243,0.7154822805,0.1454907599,0.001120486496,0.9470681874,0.03463439945,0.0006093112299,0.8645637398,0.1084127439,0.001907268594,0.02386668679,0.01639353523,0.0002884058992,0.1321770165,0.04415737329,0.0007768456753,0.7077841198,0.1310632017,0.002305750407,0.02386668679,0.01639353523,0.0002884058992,0.08636533362,0.02703877061,0.0004756839107,0.30945759,0.2377022425,0.004181814844,0.125,0,0
internvl_2_5_8b,hmid_cos,all,27,16860,3231,0.9616541301,0.02580124457,0.0001987064069,0.8493078288,0.1173749314,0.0009039544902,0.01523841369,0.01001144794,7.710243757e-05,0.1087428691,0.03486699715,0.0002685256404,0.6711336002,0.1397914453,0.00107659364,0.961722203,0.02007375882,0.0003531508233,0.8488892506,0.09859450504,0.001734539651,0.01537917573,0.007868667033,0.0001384307874,0.1088980791,0.02795567753,0.0004918147428,0.6688481301,0.1162721261,0.002045536036,0.01537917573,0.007868667033,0.0001384307874,0.05280801887,0.01380553255,0.0002428760468,0.313850113,0.1930311141,0.00339593085,0.125,0,0
internvl_2_5_8b,hmid_cos,all,28,16860,3231,0.9465604945,0.04400605018,0.0003389093921,0.6416299888,0.224431435,0.00172844236,0.02124706047,0.02067962126,0.0001592625978,0.1258994702,0.05320778867,0.0004097759113,0.4714394276,0.1863428859,0.001435106171,0.9431239047,0.03902333883,0.0006865243502,0.6300003749,0.185529544,0.003263958274,0.02258150655,0.01871632107,0.0003292698818,0.1289992709,0.04588765155,0.0008072858732,0.4668965648,0.1524333717,0.002681708551,0.02258150655,0.01871632107,0.0003292698818,0.03007782533,0.01593222243,0.0002802901796,0.7607589362,0.3620955587,0.00637022422,0.125,0,0
internvl_2_5_8b,hmid_cos,all,29,16860,3231,0.9415372112,0.05069457182,0.0003904205546,0.4773652713,0.301778333,0.002324123864,0.0215250169,0.02045418885,0.0001575264465,0.1273044904,0.05416526736,0.0004171498637,0.3976423488,0.1934901521,0.001490150322,0.9397624543,0.04124340138,0.000725581157,0.4843791001,0.2291681521,0.00403167749,0.0222045715,0.01673077364,0.00029433882,0.1287194292,0.04431291481,0.0007795820645,0.4047736275,0.1530583624,0.0026927038,0.0222045715,0.01673077364,0.00029433882,0.02044676031,0.007717575684,0.0001357726886,1.049790432,0.4658052969,0.008194754432,0.125,0,0
internvl_2_5_8b,hmid_cos,all,30,16860,3231,0.9501068434,0.04830497838,0.0003720172747,0.691576971,0.2512777998,0.001935197684,0.02004388851,0.02067981009,0.000159264052,0.1207203301,0.05701283302,0.0004390801834,0.5113971679,0.1936950479,0.001491728312,0.9508432558,0.03620641888,0.0006369672341,0.6976672124,0.1855024063,0.00326348085,0.01981804472,0.01572614329,0.0002766646993,0.1200601529,0.04375983978,0.0007698520033,0.5129925626,0.1474045699,0.002593238549,0.01981804472,0.01572614329,0.0002766646993,0.03244857979,0.009977089398,0.0001755235462,0.6105011902,0.3764064029,0.006621990044,0.125,0,0
internvl_2_5_8b,hmid_cos,all,31,16860,3231,0.9796964218,0.02021742113,0.0001557029972,0.9179837146,0.08420145624,0.0006484713859,0.009275536729,0.009820226847,7.562976222e-05,0.08159614635,0.03729947551,0.0002872591955,0.7113360024,0.1309394284,0.001008420477,0.9803354597,0.0147577927,0.0002596288361,0.9241619282,0.06156804628,0.001083145734,0.009047417837,0.007165344924,0.0001260574804,0.08051748644,0.02847011368,0.0005008650435,0.7220652772,0.1018837061,0.001792405448,0.009047417837,0.007165344924,0.0001260574804,0.05436321305,0.01575782872,0.0002772221304,0.1764018682,0.1429770135,0.002515346053,0.125,0,0
internvl_2_5_8b,hmid_cos,all,32,16860,3231,0.9934242886,0.01188092001,9.150004059e-05,0.9885191792,0.03774920346,0.0002907227426,0.003536837726,0.006493078875,5.00059743e-05,0.04625141749,0.0286407417,0.0002205745874,0.9157454775,0.05964722694,0.0004593687764,0.9932510592,0.0111422077,0.0001960210769,0.9877856027,0.03830079178,0.0006738128254,0.003648119255,0.005980945934,0.0001052207511,0.04614702144,0.02435109282,0.000428400508,0.9158313968,0.05422171575,0.000953904235,0.003648119255,0.005980945934,0.0001052207511,0.1199945994,0.02313084179,0.0004069330459,0.03522047083,0.08522915098,0.001499407515,0.125,0,0
internvl_2_5_8b,hmid_cos,real_real,1,11827,2917,0.9376092428,0.04739617836,0.0004358188664,0.5089136965,0.3001346348,0.002759807664,0.02185001543,0.01564070916,0.0001438199528,0.1269693114,0.05168177967,0.0004752259657,0.3777056735,0.2599436566,0.002390242287,0.9357124768,0.04164481253,0.0007710680301,0.516978117,0.2423044465,0.004486350181,0.02248270566,0.01345410474,0.0002491073776,0.1280618956,0.04359404423,0.0008071587256,0.3816598983,0.2173548139,0.00402439915,,,,,,,,,,,,
internvl_2_5_8b,hmid_cos,real_real,2,11827,2917,0.93893928,0.04992445409,0.0004590669489,0.3491721413,0.4290880629,0.003945564381,0.02248456713,0.01842617409,0.0001694329497,0.1304651008,0.05403564625,0.0004968703155,0.3220517671,0.2611010242,0.002400884551,0.9392851192,0.04020292091,0.0007443709107,0.372337581,0.3479425037,0.00644227515,0.02247173799,0.0148047807,0.0002741156077,0.1302129036,0.04425148367,0.0008193314429,0.3326609079,0.2222802543,0.004115595375,,,,,,,,,,,,
internvl_2_5_8b,hmid_cos,real_real,3,11827,2917,0.9432981798,0.0474609743,0.0004364146801,0.6028169354,0.250168488,0.002300357342,0.01925497715,0.0144310479,0.0001326968366,0.1188571247,0.044162604,0.0004060853993,0.4144727107,0.2179473171,0.002004076192,0.9412453457,0.04298087032,0.0007958055997,0.6023268857,0.2169598395,0.004017086065,0.01996026378,0.01289014314,0.0002386654344,0.1202358638,0.03932131058,0.0007280475921,0.4180172413,0.1861048668,0.00344579563,,,,,,,,,,,,
internvl_2_5_8b,hmid_cos,real_real,4,11827,2917,0.9401917116,0.039674442,0.0003648157075,0.4280926847,0.305205982,0.00280643988,0.02078903928,0.0125447508,0.0001153518968,0.1274477107,0.04007294005,0.0003684799895,0.3279175826,0.2223823663,0.0020448575,0.937933353,0.03495494657,0.0006472028605,0.4375896751,0.2534517349,0.00469274606,0.02153944187,0.01083731363,0.0002006565899,0.1293087815,0.03468257358,0.0006421597808,0.3363364162,0.1890268852,0.003499897805,,,,,,,,,,,,
internvl_2_5_8b,hmid_cos,real_real,5,11827,2917,0.8921436125,0.09372986694,0.0008618678925,0.4606459101,0.3304220109,0.003038307121,0.03379049219,0.02626903164,0.0002415498461,0.1560989926,0.06292250717,0.0005785870653,0.3561527649,0.2433076884,0.002237270696,0.8859062227,0.0868084741,0.001607288761,0.4659732044,0.2825008197,0.005230599859,0.0357816939,0.02409209689,0.0004460734618,0.1600200607,0.05597525545,0.001036401111,0.3674757463,0.2087273865,0.003864659364,,,,,,,,,,,,
internvl_2_5_8b,hmid_cos,real_real,6,11827,2917,0.9197601631,0.06320103045,0.0005811481516,0.5395347808,0.2870556377,0.002639543249,0.02703221011,0.01945495062,0.0001788927888,0.1426200913,0.05279894772,0.0004854985853,0.4001358121,0.2236865624,0.002056849886,0.9173581898,0.05558956114,0.001029259848,0.5392965553,0.2471411137,0.004575902738,0.02801521108,0.01725342641,0.0003194531253,0.1446303947,0.04626883617,0.0008566834184,0.4058410022,0.1919984708,0.003554917735,,,,,,,,,,,,
internvl_2_5_8b,hmid_cos,real_real,7,11827,2917,0.9289921048,0.04945323411,0.0004547339717,0.5145907205,0.2665288469,0.002450794641,0.02473726512,0.01628364376,0.0001497318858,0.1389726323,0.04521735818,0.0004157841089,0.3994778896,0.2064190933,0.001898071498,0.9282639995,0.04290846591,0.000794465007,0.5352092522,0.2222861808,0.004115705105,0.02519809303,0.01411880956,0.000261414616,0.1398301089,0.03918372618,0.0007255001697,0.4162832805,0.1809269042,0.00334992387,,,,,,,,,,,,
internvl_2_5_8b,hmid_cos,real_real,8,11827,2917,0.9436001048,0.03561790304,0.0003275148896,0.5319361357,0.2692766754,0.002476061562,0.020951846,0.01312509473,0.000120688294,0.1284365363,0.04090445839,0.0003761259937,0.3730552972,0.1920605573,0.001766041425,0.9434184894,0.02933851798,0.000543212753,0.5543484428,0.2209531699,0.004091023951,0.02107285609,0.01070047458,0.0001981229678,0.1284640155,0.03429055082,0.0006349013445,0.3916782006,0.167266815,0.003097002621,,,,,,,,,,,,
internvl_2_5_8b,hmid_cos,real_real,9,11827,2917,0.9401960528,0.04220984559,0.0003881293322,0.5962092439,0.287163147,0.002640531822,0.02384964676,0.01780820838,0.0001637506115,0.1369881301,0.04779644507,0.0004394994118,0.4357032637,0.2007265898,0.001845727606,0.9401726352,0.03404342587,0.0006303257411,0.6316100412,0.2261334482,0.004186938584,0.02400843702,0.01436383663,0.0002659513764,0.137174587,0.0387142759,0.0007168081363,0.4628503882,0.1717028349,0.003179137055,,,,,,,,,,,,
internvl_2_5_8b,hmid_cos,real_real,10,11827,2917,0.9557668648,0.02843641062,0.0002614793991,0.5964624332,0.2489172551,0.002288851964,0.01720981363,0.01162353681,0.0001068811202,0.1181947688,0.03536618519,0.0003252002856,0.4117062653,0.1764401469,0.001622408124,0.9561021783,0.02431358892,0.0004501744629,0.6230738261,0.2103372975,0.00389446742,0.01713930782,0.009946901493,0.0001841703029,0.1174528193,0.03049585885,0.0005646413174,0.4341838832,0.1538727287,0.002849006506,,,,,,,,,,,,
internvl_2_5_8b,hmid_cos,real_real,11,11827,2917,0.9411959419,0.04339393261,0.0003990172874,0.5559794972,0.3368710496,0.003097607529,0.02323077089,0.0179885007,0.0001654084412,0.1353857336,0.04862162083,0.0004470870945,0.4247273188,0.2096558376,0.001927834113,0.9435820345,0.0332608895,0.0006158368111,0.6165437855,0.2671631898,0.004946618365,0.02232088611,0.0136030659,0.0002518654446,0.1322037547,0.03882575367,0.0007188721855,0.4665331708,0.1808959197,0.003349350182,,,,,,,,,,,,
internvl_2_5_8b,hmid_cos,real_real,12,11827,2917,0.9590078637,0.02800911297,0.000257550298,0.7191491883,0.2239599624,0.002059363862,0.01600076976,0.0115233171,0.0001059595767,0.1135937912,0.0357905458,0.0003291023799,0.5177612666,0.1722059479,0.001583473681,0.9608937371,0.02206861069,0.0004086079186,0.7537526747,0.1646670759,0.003048867557,0.01530613548,0.009140696772,0.0001692431452,0.1107842567,0.02895110408,0.0005360396514,0.5458541906,0.1398465982,0.002589307873,,,,,,,,,,,,
internvl_2_5_8b,hmid_cos,real_real,13,11827,2917,0.9443317878,0.0405194716,0.0003725859508,0.5217016587,0.3308955239,0.003042661183,0.02203022231,0.01697290553,0.0001560698078,0.1320847713,0.04578278828,0.00042098337,0.3822530016,0.2014347869,0.001852239643,0.9459551877,0.03230897574,0.0005982118003,0.5652128505,0.2659681254,0.004924491336,0.02144025038,0.01360499459,0.0002519011551,0.1298780952,0.03729011122,0.0006904392372,0.4107660184,0.1747336175,0.003235253037,,,,,,,,,,,,
internvl_2_5_8b,hmid_cos,real_real,14,11827,2917,0.9304116978,0.0586891658,0.0005396605084,0.3481503285,0.4295751743,0.003950043484,0.02718096343,0.02428387599,0.000223295879,0.1436595174,0.05868667532,0.0005396376079,0.3264696246,0.2308908082,0.002123094599,0.9339262207,0.04563637775,0.0008449732333,0.4221272942,0.3440222628,0.006369690541,0.02599644847,0.01900318865,0.000351850575,0.1398071605,0.04707153375,0.0008715456402,0.3695746043,0.1987091268,0.00367916784,,,,,,,,,,,,
internvl_2_5_8b,hmid_cos,real_real,15,11827,2917,0.9309237924,0.05310673757,0.0004883287844,0.5375567393,0.3481360995,0.003201192279,0.02673319195,0.02186480299,0.0002010519409,0.1433379188,0.05455306462,0.0005016280975,0.4091670542,0.2248250705,0.002067318733,0.931490861,0.04278491525,0.0007921774242,0.5891813818,0.2762942141,0.00511568242,0.0264582266,0.01755975623,0.0003251249272,0.1421564541,0.04420841425,0.0008185339978,0.4475816045,0.1939511274,0.003591071843,,,,,,,,,,,,
internvl_2_5_8b,hmid_cos,real_real,16,11827,2917,0.9421870173,0.04719930399,0.0004340085609,0.6315831578,0.3383191339,0.003110923001,0.02314730659,0.02027191761,0.0001864049899,0.1331747377,0.05369530074,0.0004937407595,0.4871321975,0.2201615675,0.00202443674,0.9438451866,0.03725337422,0.000689759039,0.6801180937,0.2589787568,0.004795080773,0.02253236674,0.01612673272,0.000298592004,0.1309723532,0.04313308731,0.0007986239496,0.5240039048,0.1838158824,0.003403414296,,,,,,,,,,,,
internvl_2_5_8b,hmid_cos,real_real,17,11827,2917,0.9486534895,0.03881121201,0.0003568781072,0.6450193553,0.2813872559,0.002587421162,0.02006630617,0.0162312204,0.0001492498408,0.1257095152,0.04674522482,0.0004298331974,0.4741956963,0.2058763679,0.001893081012,0.9513671272,0.03000365156,0.00055552793,0.6841867527,0.214147994,0.003965023776,0.01900048262,0.0126681178,0.000234554559,0.1219276835,0.0371901231,0.0006885879228,0.5039631247,0.1693473175,0.00313552384,,,,,,,,,,,,
internvl_2_5_8b,hmid_cos,real_real,18,11827,2917,0.9310997627,0.05468291787,0.0005028221283,0.626231484,0.3189485017,0.00293280554,0.0258511539,0.0220904527,0.0002031268424,0.1420497171,0.05713529818,0.0005253723348,0.4770863279,0.2213169025,0.002035060313,0.9332177076,0.04235434935,0.0007842053484,0.6650374361,0.2417195869,0.004475521305,0.02489002714,0.01678442289,0.0003107693637,0.1388908489,0.04462623685,0.000826270127,0.5017792061,0.1821436426,0.003372452202,,,,,,,,,,,,
internvl_2_5_8b,hmid_cos,real_real,19,11827,2917,0.9251111968,0.05264964021,0.0004841256681,0.7466483131,0.198259633,0.001823043365,0.02908402918,0.02270633935,0.0002087900632,0.1525148776,0.05596485522,0.00051460984,0.5479834278,0.1881699651,0.001730266526,0.9275348544,0.04285058748,0.0007933933681,0.7600115386,0.1596699067,0.002956343251,0.02806780058,0.01820408453,0.0003370548875,0.149086628,0.04578902281,0.000847799509,0.559663819,0.1579510258,0.002924517579,,,,,,,,,,,,
internvl_2_5_8b,hmid_cos,real_real,20,11827,2917,0.9099715414,0.06041030485,0.0005554867817,0.6970663478,0.2126878383,0.001955714064,0.03215739441,0.02185308179,0.0002009441618,0.1603998157,0.05633640681,0.0005180263431,0.5212833982,0.202754815,0.001864377608,0.9102360309,0.05064505116,0.0009377105444,0.7061786316,0.1786930167,0.003308562675,0.0317998276,0.01787946979,0.0003310445338,0.1587922927,0.04691403649,0.0008686295242,0.5265973917,0.1731568395,0.00320605845,,,,,,,,,,,,
internvl_2_5_8b,hmid_cos,real_real,21,11827,2917,0.9266339774,0.05309975099,0.0004882645412,0.7904302051,0.1627780671,0.001496782128,0.02730809345,0.02098288806,0.0001929425284,0.1461506645,0.05511086237,0.0005067571774,0.6094185973,0.1738660436,0.001598738646,0.9256803719,0.04562507489,0.0008447639569,0.786399386,0.1488403922,0.002755831064,0.02742432089,0.0175750543,0.0003254081762,0.1460462557,0.04550636309,0.0008425659671,0.6044061361,0.1512364689,0.002800195248,,,,,,,,,,,,
internvl_2_5_8b,hmid_cos,real_real,22,11827,2917,0.9239752635,0.05433772474,0.0004996479973,0.7544988474,0.1880192296,0.001728880478,0.02799438407,0.02054560101,0.0001889215724,0.1476288838,0.05612354798,0.0005160690567,0.5736476917,0.1936175178,0.001780358038,0.9203838364,0.04874884867,0.0009026017031,0.7490934646,0.1647791038,0.003050941791,0.02949665911,0.01835618569,0.0003398710927,0.1511791463,0.04911294468,0.0009093430659,0.5689486067,0.1693501386,0.003135576073,,,,,,,,,,,,
internvl_2_5_8b,hmid_cos,real_real,23,11827,2917,0.9301444942,0.0553228521,0.0005087064721,0.7610793091,0.1898145614,0.001745388971,0.02593309788,0.02057409895,0.0001891836176,0.1397145866,0.05511183831,0.0005067661514,0.5916282658,0.1898708381,0.001745906448,0.9286804405,0.04631833724,0.0008575999478,0.7534491379,0.1582056612,0.002929232241,0.02685324676,0.0178540316,0.000330573537,0.1418013705,0.04676630846,0.0008658942891,0.5799808493,0.1608235385,0.002977703139,,,,,,,,,,,,
internvl_2_5_8b,hmid_cos,real_real,24,11827,2917,0.928657368,0.05682517399,0.0005225206708,0.7582390782,0.205088445,0.001885835877,0.02642804826,0.02061642124,0.0001895727809,0.1400851559,0.05629399711,0.0005176363761,0.6014601125,0.1972412766,0.001813679342,0.9244954969,0.05037315556,0.0009326763039,0.7424358828,0.1814122941,0.003358911033,0.02819548924,0.01833336799,0.0003394486151,0.1446087898,0.04897491148,0.0009067873338,0.5816925337,0.1721779137,0.003187933302,,,,,,,,,,,,
internvl_2_5_8b,hmid_cos,real_real,25,11827,2917,0.9230629416,0.0645653807,0.000593693669,0.7487910899,0.2320716881,0.002133953064,0.03126302239,0.02706710412,0.000248888308,0.1507965503,0.06719775914,0.000617899,0.604044242,0.2122854535,0.001952014042,0.9218872508,0.05362396786,0.000992866212,0.7436458105,0.2031618879,0.003761612243,0.03212478461,0.02226632587,0.0004122686832,0.1528156694,0.05536910666,0.001025178057,0.598482324,0.1864709536,0.003452573852,,,,,,,,,,,,
internvl_2_5_8b,hmid_cos,real_real,26,11827,2917,0.9485917724,0.0427063291,0.0003926946134,0.8727205787,0.1230230136,0.001131225178,0.02295313072,0.02004719305,0.0001843385955,0.1298401755,0.05535754585,0.0005090254893,0.7214345354,0.1464753797,0.001346875131,0.9468310701,0.03701588782,0.0006853618967,0.868667025,0.1073656413,0.001987911783,0.02413938117,0.0176328536,0.0003264783503,0.1325474137,0.0477917585,0.0008848808493,0.7152581534,0.1334722318,0.002471284286,,,,,,,,,,,,
internvl_2_5_8b,hmid_cos,real_real,27,11827,2917,0.9628627821,0.02503642517,0.0002302157434,0.8576730938,0.1102531712,0.001013803512,0.01480096861,0.009800246831,9.011554543e-05,0.107065027,0.03479879683,0.0003199830178,0.6808996364,0.134948869,0.001240886188,0.9625593917,0.02111369878,0.0003909273961,0.8556415318,0.09837798376,0.001821502212,0.01502645752,0.008195801573,0.0001517480855,0.107464208,0.02960433486,0.0005481344441,0.678197855,0.1179044027,0.002183040576,,,,,,,,,,,,
internvl_2_5_8b,hmid_cos,real_real,28,11827,2917,0.9473922968,0.04452411384,0.0004094095661,0.6540506316,0.2206373795,0.002028811941,0.02091485254,0.02093249726,0.0001924791733,0.1244071402,0.05396001861,0.0004961749018,0.4835149446,0.1882155823,0.001730685987,0.9443364455,0.03973125123,0.0007356377842,0.6386214613,0.1931263763,0.003575801294,0.02202259387,0.01885914167,0.0003491834956,0.1271658401,0.04695095384,0.0008693130618,0.4748290069,0.1622962624,0.003004971129,,,,,,,,,,,,
internvl_2_5_8b,hmid_cos,real_real,29,11827,2917,0.9416575669,0.05146539849,0.0004732362905,0.4885257286,0.3024239894,0.002780858812,0.02146207706,0.02073981745,0.0001907074377,0.1266737415,0.05508452951,0.0005065150406,0.4073227573,0.1965946391,0.00180773336,0.9403173718,0.04313808095,0.0007987164086,0.4931267301,0.2440912064,0.004519432656,0.02200114145,0.01735876524,0.00032140351,0.1278162467,0.04689737854,0.0008683210967,0.4118862722,0.1634102845,0.003025597631,,,,,,,,,,,,
internvl_2_5_8b,hmid_cos,real_real,30,11827,2917,0.9531919397,0.04512295955,0.0004149160916,0.7139832727,0.2345558838,0.002156795821,0.01881774024,0.01931599132,0.0001776150257,0.1169629618,0.05489391474,0.0005047622935,0.5259364167,0.1907323153,0.001753827931,0.9530009595,0.03653329754,0.0006764265717,0.71434265,0.1847148752,0.003420059457,0.01891292072,0.01579780409,0.0002925017773,0.1173111821,0.04479865582,0.0008294625235,0.5242180779,0.1530418371,0.002833622261,,,,,,,,,,,,
internvl_2_5_8b,hmid_cos,real_real,31,11827,2917,0.9811687176,0.01871324627,0.0001720726451,0.9262001541,0.07436427075,0.0006837967384,0.008631287617,0.009179750199,8.440993481e-05,0.07865630234,0.03605633153,0.0003315463414,0.7238680561,0.124387346,0.001143770532,0.9816043388,0.01469665284,0.0002721135831,0.9300119488,0.06117501143,0.001132676381,0.008469491726,0.007105529595,0.0001315613248,0.07793252786,0.02866388166,0.0005307216295,0.7315311622,0.1030531233,0.001908064028,,,,,,,,,,,,
internvl_2_5_8b,hmid_cos,real_real,32,11827,2917,0.9934427912,0.01133438855,0.0001042223348,0.9885378276,0.03712128695,0.0003413388538,0.003530088977,0.006114229084,5.622175628e-05,0.04608928386,0.02861632498,0.0002631337535,0.9164596897,0.05978921235,0.0005497756918,0.9934904622,0.01069094718,0.0001979465649,0.9881513009,0.03974481694,0.0007358889581,0.003513943214,0.005575801958,0.0001032378914,0.04545810798,0.02435821386,0.000451000709,0.9176845953,0.05543945711,0.00102648062,,,,,,,,,,,,
internvl_2_5_8b,hmid_cos,mixed,1,4472,1270,0.9389559452,0.04189630827,0.0006265054582,0.49135819,0.2744027747,0.00410334092,0.02147823482,0.01359441561,0.0002032870181,0.1287574193,0.04429663606,0.0006623992761,0.3481384168,0.2326511384,0.003478998844,0.93750341,0.03227144026,0.0009055584505,0.4916249252,0.2034305507,0.005708398906,0.02206840607,0.01031194768,0.0002893602296,0.1306474489,0.0327555021,0.0009191415533,0.3443972043,0.1738826501,0.004879264822,,,,,,,,,,,,
internvl_2_5_8b,hmid_cos,mixed,2,4472,1270,0.9406888581,0.0448528639,0.0006707169488,0.3293067321,0.4125981094,0.006169874585,0.02189856223,0.01654806329,0.0002474550241,0.1305558478,0.04809095044,0.0007191383725,0.302737869,0.2389128398,0.003572634544,0.9408637073,0.03330433417,0.0009345421526,0.338735061,0.3183635794,0.008933497462,0.02188781512,0.01225850928,0.0003439820653,0.1307141866,0.03579185102,0.001004343559,0.3069750754,0.1872022967,0.005253023118,,,,,,,,,,,,
internvl_2_5_8b,hmid_cos,mixed,3,4472,1270,0.9459428124,0.04254966778,0.0006362756101,0.600129638,0.2304361932,0.003445877186,0.01851279418,0.01275787541,0.0001907776343,0.1187862731,0.03860184412,0.0005772409799,0.3958240161,0.1971744503,0.002948490558,0.9447172607,0.03421988245,0.0009602330568,0.5970986326,0.1886109055,0.005292549633,0.01899437775,0.01031155851,0.0002893493094,0.120199948,0.0309556307,0.0008686359439,0.3954933563,0.1534373466,0.004305555772,,,,,,,,,,,,
internvl_2_5_8b,hmid_cos,mixed,4,4472,1270,0.9424584079,0.03658560318,0.0005470906873,0.402670038,0.2942892539,0.004400717664,0.02018608923,0.01149682377,0.0001719202274,0.1271413408,0.03528042306,0.0005275733956,0.3054980993,0.2004174762,0.002996985842,0.9403098791,0.02975064862,0.0008348233314,0.3998452887,0.2404986185,0.006748553973,0.02095915514,0.009441053226,0.0002649223419,0.1295080058,0.02834502423,0.0007953805599,0.3041602124,0.1605712559,0.004505738094,,,,,,,,,,,,
internvl_2_5_8b,hmid_cos,mixed,5,4472,1270,0.9012073206,0.08047807893,0.001203446265,0.442896985,0.3091801571,0.004623391988,0.03142804059,0.0220381118,0.0003295516456,0.1538155185,0.05252077989,0.00078538078,0.3294806574,0.2144555334,0.00320690695,0.8974622249,0.067210165,0.001885962709,0.443923459,0.2493304839,0.006996382091,0.03268184375,0.01836920141,0.0005154522212,0.1568510095,0.04283608126,0.001202009426,0.3357736045,0.1729416381,0.004852859389,,,,,,,,,,,,
internvl_2_5_8b,hmid_cos,mixed,6,4472,1270,0.9245994507,0.05419690514,0.0008104450795,0.5139548578,0.278785065,0.004168872441,0.02594089486,0.01690311552,0.0002527643741,0.1422768685,0.04519443325,0.0006758246796,0.3722397697,0.2020156751,0.003020884853,0.9223663309,0.04464031989,0.001252637583,0.5071149383,0.2291397019,0.006429815086,0.02678636986,0.01372859885,0.0003852337735,0.1444988286,0.0360287479,0.001010991046,0.3699973929,0.160506917,0.004503932699,,,,,,,,,,,,
internvl_2_5_8b,hmid_cos,mixed,7,4472,1270,0.9285661918,0.04764462196,0.0007124641036,0.4599764377,0.2625333312,0.003925848643,0.02496807065,0.01538377241,0.00023004455,0.1412862382,0.04122930453,0.0006165312743,0.3567615161,0.1875376939,0.002804385248,0.9251489576,0.04158410674,0.001166878174,0.4574244407,0.2219809842,0.006228936622,0.02629803284,0.01342107549,0.0003766044597,0.1449673564,0.03492430316,0.0009799995788,0.3561825036,0.157402335,0.00441681603,,,,,,,,,,,,
internvl_2_5_8b,hmid_cos,mixed,8,4472,1270,0.9464600437,0.03110248988,0.000465097773,0.5446189234,0.2488431483,0.003721129548,0.01992818504,0.01134488674,0.0001696482043,0.1267431906,0.03492070048,0.0005221942065,0.3706744745,0.1705095297,0.002549750931,0.9464011225,0.02431527588,0.0006823030943,0.5590914802,0.1938844085,0.005440527697,0.02003168838,0.009072912812,0.0002545920728,0.1270982055,0.0272374559,0.0007643014432,0.3843434463,0.1324143289,0.00371563567,,,,,,,,,,,,
internvl_2_5_8b,hmid_cos,mixed,9,4472,1270,0.9390185679,0.04227154463,0.0006321166359,0.5565526429,0.2990328788,0.004471652479,0.02416941874,0.01778884175,0.0002660092717,0.1390012941,0.04626516128,0.0006918360414,0.4025184481,0.1921430791,0.002873252866,0.9368686585,0.03749253043,0.001052065774,0.5697245252,0.2572937653,0.007219837155,0.02516524369,0.01565184876,0.0004392014673,0.1414675619,0.03898280147,0.001093883788,0.4142187158,0.1626586206,0.00456431096,,,,,,,,,,,,
internvl_2_5_8b,hmid_cos,mixed,10,4472,1270,0.9519838741,0.03067017132,0.0004586330045,0.5228276801,0.2791016448,0.004173606484,0.0187660725,0.0127707786,0.0001909705849,0.1239300335,0.03539699124,0.0005293165229,0.3604162008,0.1697094116,0.002537786194,0.9510728951,0.03032926541,0.0008510597101,0.5391416109,0.2460393591,0.006904030901,0.01921169541,0.01282245003,0.0003598066243,0.1248097094,0.03175930087,0.0008911874728,0.3727121561,0.146527882,0.004111671519,,,,,,,,,,,,
internvl_2_5_8b,hmid_cos,mixed,11,4472,1270,0.9374353047,0.04204767818,0.0006287690006,0.4723495593,0.34834814,0.005209098846,0.02483667205,0.01751514866,0.0002619165433,0.141250708,0.0466411701,0.0006974587702,0.3612896914,0.1975103632,0.002953513703,0.9365063412,0.03530850679,0.0009907805925,0.5053060791,0.2926671874,0.008212439314,0.02539576296,0.01473135351,0.0004133717476,0.1423215861,0.03783502473,0.001061676395,0.3840082636,0.1706183577,0.004787666568,,,,,,,,,,,,
internvl_2_5_8b,hmid_cos,mixed,12,4472,1270,0.9570023229,0.02646726042,0.0003957838722,0.6872029108,0.211075744,0.003156366543,0.01683856801,0.0110940223,0.000165896849,0.1178071093,0.03256010155,0.0004868944826,0.4782675537,0.1604570798,0.002399429459,0.9566490231,0.02413266585,0.0006771789336,0.7047656268,0.1760972825,0.004941408905,0.01707700255,0.01019044443,0.0002859507661,0.1182092269,0.02785535442,0.0007816400938,0.495429502,0.1341597734,0.003764614023,,,,,,,,,,,,
internvl_2_5_8b,hmid_cos,mixed,13,4472,1270,0.9427491895,0.03928701188,0.0005874867834,0.4607710462,0.3383012369,0.005058860319,0.02271436263,0.01643460076,0.0002457583378,0.1351418557,0.04346573023,0.0006499741471,0.3373979763,0.1858162632,0.002778643464,0.9421109639,0.03394715213,0.0009525800595,0.4847295755,0.276557667,0.007760395272,0.02302642028,0.0141758659,0.0003977843893,0.1356553521,0.03563944483,0.001000066938,0.3517432879,0.1544954589,0.004335247117,,,,,,,,,,,,
internvl_2_5_8b,hmid_cos,mixed,14,4472,1270,0.924616417,0.06168130076,0.0009223645995,0.240097077,0.4312282567,0.0064484645,0.02937370237,0.02564924312,0.0003835514745,0.1501619905,0.05933572327,0.0008872895019,0.2639269343,0.2089905412,0.003125185015,0.9220576052,0.05279929238,0.001481583872,0.2615347858,0.352339192,0.009886876141,0.03066154606,0.02247715864,0.000630724281,0.1525059656,0.0494974091,0.001388930792,0.2769045715,0.1750083909,0.004910853869,,,,,,,,,,,,
internvl_2_5_8b,hmid_cos,mixed,15,4472,1270,0.9310452396,0.05087469591,0.0007607657092,0.4973018988,0.3320637385,0.004965586545,0.02673299922,0.02083343314,0.000311537224,0.1446313164,0.05176895535,0.00077413821,0.3639660666,0.2020012765,0.003020669541,0.9294969787,0.04146643495,0.001163576223,0.5262210996,0.2716132498,0.007621651579,0.02746284567,0.01696453177,0.0004760362407,0.1462237711,0.04101083843,0.001150791877,0.385208636,0.1696897797,0.00476161004,,,,,,,,,,,,
internvl_2_5_8b,hmid_cos,mixed,16,4472,1270,0.938214228,0.05080603662,0.0007597389977,0.5714991607,0.3673887661,0.005493826944,0.02491150946,0.02208281429,0.0003302201138,0.1384771954,0.05516139996,0.0008248678603,0.4382546959,0.2192697956,0.003278898057,0.9392039101,0.03843909373,0.00107862698,0.605382965,0.2938753187,0.008246340299,0.02461793235,0.01674246924,0.0004698050158,0.1375879456,0.04178434523,0.001172497001,0.4611452621,0.1829107824,0.005132600324,,,,,,,,,,,,
internvl_2_5_8b,hmid_cos,mixed,17,4472,1270,0.9460645347,0.03844260154,0.0005748597116,0.5777933669,0.2935927718,0.004390302669,0.0210493551,0.01618141646,0.0002419722918,0.1298888906,0.04488820992,0.0006712455032,0.4134615385,0.1874847659,0.002803593777,0.9478921193,0.02836574663,0.0007959620446,0.6034703979,0.2354801498,0.006607732343,0.02032842172,0.01181275682,0.0003314739497,0.1276305594,0.03358592156,0.0009424436854,0.429734003,0.1540520767,0.004322805514,,,,,,,,,,,,
internvl_2_5_8b,hmid_cos,mixed,18,4472,1270,0.9272107071,0.05648589957,0.0008446740501,0.5494887246,0.3499163508,0.005232549424,0.02806553131,0.02361564204,0.0003531415832,0.1490286199,0.05898944557,0.0008821113638,0.4160820103,0.2171270733,0.003246856397,0.9295798281,0.04260624647,0.001195560106,0.580484236,0.2859017027,0.008022595238,0.02708005116,0.01757332257,0.0004931193224,0.1459903329,0.04477474652,0.001256409685,0.4329483229,0.1810070858,0.005079181308,,,,,,,,,,,,
internvl_2_5_8b,hmid_cos,mixed,19,4472,1270,0.9216406644,0.05246728768,0.0007845808728,0.7014887429,0.2236538397,0.003344455803,0.0308248563,0.02286220826,0.0003418749492,0.1582024172,0.05511719525,0.0008242068356,0.4958911002,0.1921149146,0.002872831703,0.9236616095,0.03977207916,0.001116031453,0.7085546718,0.1836795966,0.005154173771,0.03008171064,0.01700171569,0.0004770796466,0.1559717575,0.04243710079,0.001190813764,0.5018931862,0.1604228472,0.004501573646,,,,,,,,,,,,
internvl_2_5_8b,hmid_cos,mixed,20,4472,1270,0.910275976,0.05565982755,0.0008323212044,0.6804565095,0.2084738393,0.003117458401,0.03292949413,0.02072389912,0.0003098992834,0.1642520949,0.05301110496,0.0007927129615,0.4883441413,0.1943963609,0.0029069478,0.9122467655,0.04161936314,0.001167867492,0.6886293637,0.1648649377,0.00462622171,0.03201008082,0.01494585249,0.000419390734,0.1617094303,0.0393255614,0.001103501863,0.4928561664,0.1582455683,0.004440477725,,,,,,,,,,,,
internvl_2_5_8b,hmid_cos,mixed,21,4472,1270,0.9238401153,0.0515958558,0.0007715497287,0.7599292024,0.1768382503,0.002644388817,0.02892329332,0.02101470904,0.0003142479722,0.1518632262,0.05420512958,0.0008105680654,0.5622344589,0.1786043532,0.002670798616,0.9229143294,0.0401977674,0.001127976554,0.7553407278,0.1451295027,0.004072432049,0.02930071077,0.01608659805,0.0004514008265,0.153023939,0.04211435828,0.001181757391,0.5550835735,0.1495305464,0.004195928315,,,,,,,,,,,,
internvl_2_5_8b,hmid_cos,mixed,22,4472,1270,0.9198633492,0.05638974193,0.0008432361361,0.722780668,0.2169064268,0.003243556913,0.02972961498,0.02196580835,0.0003284704403,0.1530631712,0.05577042109,0.0008339749887,0.5364001006,0.1978652112,0.00295882,0.9191293847,0.04637846338,0.001301411065,0.7218534898,0.1823466547,0.005116770517,0.03003222726,0.0177635931,0.0004984584424,0.1538337404,0.04445618252,0.001247470563,0.5369915821,0.1639532297,0.004600638565,,,,,,,,,,,,
internvl_2_5_8b,hmid_cos,mixed,23,4472,1270,0.9298420068,0.04969562071,0.0007431341546,0.7402406777,0.1982473652,0.002964534621,0.02642485943,0.01923786925,0.0002876776162,0.1427779529,0.05176114263,0.0007740213808,0.5607739826,0.1859015389,0.002779918652,0.9273848878,0.04137344675,0.001160966912,0.7258741662,0.1690957185,0.004744940281,0.02745101098,0.01594742815,0.0004474956249,0.1455261072,0.04221715184,0.001184641847,0.5467647306,0.1549906992,0.004349143897,,,,,,,,,,,,
internvl_2_5_8b,hmid_cos,mixed,24,4472,1270,0.9230777696,0.05803940224,0.0008679046865,0.7376083243,0.2092514067,0.003129085923,0.02889799816,0.02216598157,0.0003314637736,0.1474654437,0.05595182018,0.0008366875791,0.5760635622,0.1902973756,0.002845652741,0.9221606296,0.04753132146,0.001333761043,0.7302720829,0.1741219419,0.004885979512,0.02963399152,0.01882282788,0.0005281812871,0.1490286429,0.04543363477,0.001274898535,0.5656079562,0.1574053165,0.004416899692,,,,,,,,,,,,
internvl_2_5_8b,hmid_cos,mixed,25,4472,1270,0.9282500047,0.0544277451,0.0008138969946,0.754945358,0.208787096,0.003122142753,0.02910345423,0.0229749902,0.0003435614581,0.1478418109,0.0580313943,0.000867784938,0.5956507156,0.1904424676,0.002847822406,0.9274881682,0.04304158309,0.001207775946,0.7460913953,0.1788727024,0.005019289066,0.02944968263,0.0179068166,0.0005024773906,0.1483604189,0.04462856588,0.001252307757,0.5877906082,0.162839923,0.004569398429,,,,,,,,,,,,
internvl_2_5_8b,hmid_cos,mixed,26,4472,1270,0.9478884278,0.03804424954,0.0005689028694,0.8609994871,0.1183446168,0.001769691685,0.02275027242,0.01764248468,0.0002638206898,0.1313237087,0.04906324246,0.0007336777502,0.7006932021,0.1417321022,0.002119421479,0.9473157054,0.03126389374,0.0008772860135,0.8554930037,0.1125507057,0.003158248961,0.02321508448,0.01433456347,0.0004022375507,0.1323213192,0.03842119962,0.00107812486,0.6915135266,0.1290709569,0.003621818389,,,,,,,,,,,,
internvl_2_5_8b,hmid_cos,mixed,27,4472,1270,0.958530603,0.02740282674,0.0004097740644,0.8294156432,0.1303330074,0.001948962663,0.01639178656,0.01042511894,0.0001558942586,0.1131765552,0.03461426718,0.0005176118903,0.6486052102,0.1470800661,0.002199393408,0.958033516,0.02233230774,0.0006266596667,0.8257701612,0.1170465732,0.003284406045,0.01673562131,0.008614601621,0.0002417315507,0.1142977434,0.02835137802,0.0007955588515,0.642469208,0.1303032526,0.003656397441,,,,,,,,,,,,
internvl_2_5_8b,hmid_cos,mixed,28,4472,1270,0.9442518164,0.04294153974,0.0006421355519,0.6119329984,0.2291692365,0.003426931475,0.02219643564,0.02029462322,0.0003034800139,0.1299155069,0.05134310337,0.0007677701409,0.4427199799,0.1771064242,0.002648399012,0.9422288395,0.03604541151,0.001011458637,0.6070257133,0.1850329279,0.005192149162,0.02305959085,0.01741080117,0.000488558862,0.1321475205,0.04311217706,0.001209756861,0.4408496399,0.1397447264,0.003921331583,,,,,,,,,,,,
internvl_2_5_8b,hmid_cos,mixed,29,4472,1270,0.9410067656,0.04808419915,0.0007190374156,0.4486170117,0.2965985001,0.004435249474,0.0217259803,0.01938653267,0.0002899006866,0.129149235,0.05125790518,0.0007664961115,0.3735045841,0.1824291469,0.002727993492,0.9380387942,0.0413563116,0.001160486088,0.4456358689,0.225504813,0.006327817644,0.02286153777,0.01698587132,0.000476635043,0.1320619625,0.04234500597,0.001188229521,0.3740930675,0.1431753119,0.004017596133,,,,,,,,,,,,
internvl_2_5_8b,hmid_cos,mixed,30,4472,1270,0.9426822477,0.05453029132,0.0008154304414,0.6391888704,0.2785430779,0.004165253834,0.02299905184,0.02340104668,0.0003499325855,0.1298425844,0.06073304942,0.000908184719,0.4758287679,0.194880966,0.002914194447,0.9434793515,0.04301339548,0.001206984983,0.6430358425,0.219104879,0.006148231166,0.0228066858,0.01871145415,0.0005250560648,0.1292980755,0.04789765259,0.001344040542,0.4748954476,0.1490185681,0.004181561856,,,,,,,,,,,,
internvl_2_5_8b,hmid_cos,mixed,31,4472,1270,0.9762106987,0.02327330778,0.0003480224143,0.8993297692,0.1015624187,0.001518735475,0.01081234601,0.01117726462,0.0001671416308,0.08853779523,0.03942531102,0.0005895548692,0.6829229092,0.1399815155,0.002093243704,0.9763129303,0.01813388772,0.0005088491599,0.9042317527,0.07852417582,0.002203441508,0.01084743499,0.008731271336,0.0002450053818,0.0886533418,0.03153136785,0.000884791518,0.6890931212,0.1138901488,0.003195834641,,,,,,,,,,,,
internvl_2_5_8b,hmid_cos,mixed,32,4472,1270,0.9933756207,0.01268295524,0.0001896572995,0.9885750396,0.03573584427,0.0005343836345,0.003557927849,0.007126201548,0.0001065631878,0.04666382388,0.02865173374,0.0004284498639,0.9141393672,0.05835396458,0.0008726085622,0.9929671103,0.01217422393,0.0003416169613,0.9878342983,0.03275113692,0.0009190190634,0.003823993299,0.006939239458,0.0001947197547,0.04739569443,0.02583980866,0.0007250825159,0.9131441626,0.05208151417,0.001461442529,,,,,,,,,,,,
internvl_2_5_8b,hmid_cos,hall_hall,1,561,341,0.9461784749,0.03635862368,0.001535062295,0.5113230984,0.264206457,0.01115480536,0.01927312598,0.01212284307,0.0005118268357,0.1218684477,0.04257434065,0.001797490071,0.361073975,0.2314421853,0.009771496723,0.9458924453,0.03495365465,0.001892846522,0.5105673404,0.2501257348,0.01354506795,0.019350016,0.01163797863,0.0006302318771,0.1217625053,0.04016693111,0.002175161271,0.3578354106,0.217921276,0.01180109873,,,,,,,,,,,,
internvl_2_5_8b,hmid_cos,hall_hall,2,561,341,0.9446749866,0.04337440068,0.001831268632,0.333022176,0.4040802684,0.0170602823,0.02051298466,0.01595083514,0.0006734447873,0.1259297588,0.04756391364,0.002008150008,0.2959001783,0.2336361274,0.00986412503,0.944460407,0.03979174356,0.002154843726,0.3355136326,0.3727410342,0.02018505868,0.02058767786,0.01451251476,0.0007858967361,0.1263459482,0.04353032048,0.002357299017,0.2987414467,0.2169900624,0.01175067068,,,,,,,,,,,,
internvl_2_5_8b,hmid_cos,hall_hall,3,561,341,0.9543986324,0.03607394695,0.001523043234,0.6463547708,0.211448668,0.008927369762,0.0160295619,0.01129969422,0.0004770734638,0.1109843104,0.03670606682,0.001549731356,0.423016934,0.1967469684,0.008306663517,0.9526414863,0.03735387257,0.00202282561,0.6396733407,0.2093897686,0.0113390917,0.01663154555,0.01204329756,0.0006521811276,0.1125582974,0.03724179413,0.002016756222,0.4227639296,0.1873442697,0.010145261,,,,,,,,,,,,
internvl_2_5_8b,hmid_cos,hall_hall,4,561,341,0.947354495,0.03967259603,0.001674978317,0.4197035231,0.2967541206,0.01252896879,0.01858277844,0.01280161158,0.0005404844644,0.1216527943,0.03733865415,0.001576439214,0.314728164,0.1994304633,0.008419960759,0.9459124029,0.04349357228,0.00235530899,0.4198201855,0.278966571,0.01510688679,0.0189944349,0.01392265981,0.0007539542993,0.1222706513,0.03718891611,0.002013892717,0.3194006598,0.1918791111,0.01039083643,,,,,,,,,,,,
internvl_2_5_8b,hmid_cos,hall_hall,5,561,341,0.9201299673,0.06609700752,0.002790617845,0.4639737099,0.3022697233,0.01276183772,0.02640207885,0.01918535842,0.0008100064674,0.1415785543,0.0492566575,0.00207961771,0.3413547237,0.2089719272,0.008822801682,0.917097885,0.06613089625,0.003581188813,0.4620268376,0.2780586701,0.0150577212,0.02703174264,0.01842532702,0.0009977873992,0.1430209449,0.04706417975,0.002548668225,0.3408541056,0.2021198145,0.01094540161,,,,,,,,,,,,
internvl_2_5_8b,hmid_cos,hall_hall,6,561,341,0.9338682789,0.04866866527,0.002054792658,0.5229777188,0.2885887147,0.01218422508,0.0234082667,0.01643574544,0.0006939177166,0.1350544972,0.04518748678,0.001907817187,0.3805147059,0.2028566626,0.008564615008,0.9348355239,0.04372799519,0.002368003702,0.5273910376,0.2629258111,0.01423823094,0.02294030551,0.01388461051,0.0007518938144,0.1339201691,0.04144595079,0.00224442407,0.3835288368,0.1892631055,0.01024917178,,,,,,,,,,,,
internvl_2_5_8b,hmid_cos,hall_hall,7,561,341,0.9335597925,0.05319019925,0.002245691972,0.4460064996,0.2954081369,0.01247214132,0.02335863132,0.01812623961,0.000765290436,0.1350180466,0.04569249063,0.001929138466,0.3570075758,0.1955268034,0.008255148111,0.9334380418,0.04999398724,0.002707326196,0.4576635483,0.2624568796,0.01421283688,0.02323580989,0.01655026353,0.0008962470186,0.134409819,0.04307167898,0.002332462187,0.3645772239,0.190566864,0.01031977426,,,,,,,,,,,,
internvl_2_5_8b,hmid_cos,hall_hall,8,561,341,0.9511613855,0.03195778608,0.001349258786,0.573784509,0.2621295136,0.01106711674,0.01836209526,0.01197314332,0.000505506507,0.1212241403,0.03676428159,0.001552189185,0.3918226381,0.1787652284,0.007547473858,0.9532528144,0.02727334085,0.001476934212,0.5975970707,0.2132156055,0.01154627238,0.0174448203,0.009767752207,0.0005289534379,0.1182439919,0.03147006909,0.001704199788,0.4096010508,0.1635606913,0.008857308022,,,,,,,,,,,,
internvl_2_5_8b,hmid_cos,hall_hall,9,561,341,0.9399984785,0.04872765283,0.002057283115,0.5294518574,0.3442778122,0.01453542062,0.02372602769,0.02056545262,0.0008682740902,0.1364203022,0.05112446759,0.002158476714,0.3887032086,0.2090821527,0.008827455406,0.9407188364,0.04306145005,0.002331908259,0.5515744355,0.3035594218,0.01643866433,0.02342427419,0.01825247388,0.000988426877,0.135734298,0.04739263524,0.002566455087,0.4018022972,0.1965012369,0.01064113858,,,,,,,,,,,,
internvl_2_5_8b,hmid_cos,hall_hall,10,561,341,0.953907141,0.03067126829,0.001294941962,0.4929900593,0.2976595944,0.01256719793,0.01799469703,0.01234499532,0.000521206111,0.1208709178,0.03687062942,0.001556679194,0.3456996435,0.1719501479,0.007259740936,0.9542537818,0.0254475096,0.001378059906,0.498070853,0.2788585258,0.01510103581,0.01782395206,0.01018406395,0.000551497983,0.1207805751,0.03202151625,0.001734062326,0.3499236315,0.1605389022,0.008693668968,,,,,,,,,,,,
internvl_2_5_8b,hmid_cos,hall_hall,11,561,341,0.9455648994,0.03573196284,0.001508604654,0.4291294715,0.3516380657,0.01484617077,0.02133988162,0.01476287163,0.0006232889286,0.1313767142,0.04199508398,0.001773033835,0.3331105169,0.1927011659,0.0081358496,0.9434636345,0.03838442229,0.002078633006,0.4294126026,0.3420382326,0.01852240876,0.02228699752,0.01587371399,0.0008596098069,0.1336269165,0.04340514351,0.002350520304,0.3365652493,0.1850143952,0.01001909122,,,,,,,,,,,,
internvl_2_5_8b,hmid_cos,hall_hall,12,561,341,0.9575635802,0.02717560698,0.001147355026,0.6596414584,0.2461707817,0.01039333855,0.01642642818,0.01098568705,0.0004638160709,0.1158084705,0.03467845597,0.001464125559,0.4593360071,0.1735113316,0.007325654164,0.9576126121,0.02851468224,0.001544156617,0.6714302172,0.2273705554,0.0123128059,0.01648634921,0.01154058665,0.0006249578056,0.1155120971,0.03509799015,0.001900662728,0.4723851417,0.1615682067,0.008749408934,,,,,,,,,,,,
internvl_2_5_8b,hmid_cos,hall_hall,13,561,341,0.9491205923,0.03660002977,0.001545254468,0.4387446684,0.3334783873,0.01407946855,0.01994195587,0.01478786157,0.0006243440048,0.1266413741,0.04236933808,0.001788834856,0.3213012478,0.1789021117,0.007553253075,0.9479560124,0.03621618519,0.001961216384,0.4401561585,0.3323497183,0.0179977463,0.02043732686,0.01474647707,0.0007985665052,0.1279351467,0.04185337744,0.00226648746,0.3261577468,0.1813097131,0.009818471442,,,,,,,,,,,,
internvl_2_5_8b,hmid_cos,hall_hall,14,561,341,0.929355636,0.06004590059,0.00253513991,0.2152873572,0.4086131983,0.01725166275,0.02715952784,0.02428252985,0.001025209214,0.1442676449,0.05837760674,0.002464704488,0.2517825312,0.1953802324,0.008248959877,0.9287996496,0.05703141677,0.003088424372,0.2321213672,0.3903836419,0.02114045945,0.02743866532,0.02285076769,0.001237438448,0.144524369,0.05607940736,0.003036870172,0.2649468475,0.1888011048,0.01022415305,,,,,,,,,,,,
internvl_2_5_8b,hmid_cos,hall_hall,15,561,341,0.9408395904,0.04154026389,0.001753831316,0.4803272779,0.3288048675,0.01388215238,0.02270498891,0.01649944324,0.0006966070396,0.1339524045,0.0459981462,0.001942043255,0.3473707665,0.1938357961,0.008183753727,0.9400729757,0.04155857744,0.002250523145,0.5005716133,0.3090258422,0.01673468759,0.02293084313,0.01631854145,0.0008836985646,0.1341656211,0.04516190962,0.002445654522,0.3630651271,0.1928867801,0.01044540477,,,,,,,,,,,,
internvl_2_5_8b,hmid_cos,hall_hall,16,561,341,0.9407466952,0.05090994549,0.002149419583,0.5088449008,0.4223223162,0.01783046216,0.02348116695,0.02134400078,0.0009011444192,0.133828898,0.0558625188,0.002358517392,0.4038547237,0.2294866108,0.009688932301,0.9451839612,0.04151740199,0.002248293369,0.5520572891,0.3640319332,0.01971343442,0.02159201714,0.01699720596,0.0009204503082,0.1291529068,0.04694265521,0.002542087302,0.4240774682,0.2146236974,0.01162252483,,,,,,,,,,,,
internvl_2_5_8b,hmid_cos,hall_hall,17,561,341,0.9535878132,0.0340939237,0.001439446587,0.5559290856,0.294918533,0.01245147022,0.0178114383,0.01414551106,0.0005972239451,0.1196043727,0.04184685863,0.001766775756,0.3913770053,0.1838650879,0.007762790097,0.9545902253,0.02979639898,0.00161356547,0.5735495174,0.2643620404,0.01431600712,0.01748081433,0.01233103435,0.0006677629483,0.1184284872,0.0381648968,0.002066745034,0.4051289101,0.1744766701,0.009448441416,,,,,,,,,,,,
internvl_2_5_8b,hmid_cos,hall_hall,18,561,341,0.9415175514,0.04051599248,0.001710586543,0.5413647199,0.3313025467,0.01398760449,0.02248363991,0.01655844686,0.0006990981745,0.134728393,0.04878866313,0.002059858972,0.4019607843,0.2153856047,0.009093587359,0.9395139284,0.04172991075,0.002259801364,0.5425847597,0.3253332258,0.01761778192,0.02334141672,0.01726134296,0.0009347541287,0.1363094001,0.04900783014,0.002653922795,0.4065829668,0.2135373188,0.01156369414,,,,,,,,,,,,
internvl_2_5_8b,hmid_cos,hall_hall,19,561,341,0.929795462,0.05414755625,0.002286111617,0.6965808514,0.2641626437,0.01115295556,0.0276790268,0.02286550115,0.0009653822151,0.1483929062,0.05846968882,0.002468592197,0.4959893048,0.2046251241,0.00863927951,0.9336051491,0.04754626542,0.002574774628,0.7142850449,0.2240169859,0.01213119993,0.02614386625,0.01991872388,0.001078659374,0.144113168,0.05274022218,0.002856043156,0.5103341887,0.1957372984,0.01059976899,,,,,,,,,,,,
internvl_2_5_8b,hmid_cos,hall_hall,20,561,341,0.9251061112,0.0523272129,0.00220925666,0.7037030087,0.2223415516,0.009387267668,0.0284749672,0.0210105058,0.0008870642499,0.1507358317,0.05712084248,0.00241164386,0.5103609626,0.205134002,0.008660764351,0.9284601625,0.04820740317,0.002610577244,0.7178354221,0.1934052117,0.01047347941,0.02715596733,0.0195353284,0.001057897344,0.1466104791,0.05366854698,0.002906314762,0.5183773216,0.1918947814,0.01039168503,,,,,,,,,,,,
internvl_2_5_8b,hmid_cos,hall_hall,21,561,341,0.9336771721,0.05498638379,0.002321526943,0.7578927666,0.2377762055,0.01003891926,0.02568390648,0.02262518808,0.0009552361893,0.140521978,0.05863618018,0.002475621468,0.5695187166,0.2109817271,0.008907655499,0.9389327818,0.04597814106,0.002489855933,0.7652114074,0.2162945163,0.01171300475,0.02356204996,0.01951094346,0.001056576826,0.1351195489,0.05070532807,0.002745847462,0.5759561339,0.1949756302,0.01055852234,,,,,,,,,,,,
internvl_2_5_8b,hmid_cos,hall_hall,22,561,341,0.9271943092,0.06628840674,0.002798698726,0.7194285035,0.2721383456,0.01148968996,0.02760587918,0.0278087454,0.001174086151,0.1432651864,0.065489513,0.002764969406,0.5461229947,0.2184625229,0.009223494946,0.9327474898,0.05417973583,0.002933997191,0.7401222335,0.2287846432,0.01238938304,0.02548167725,0.02225802014,0.001205339368,0.138560082,0.0560097449,0.003033097738,0.5590023216,0.197122717,0.01067479361,,,,,,,,,,,,
internvl_2_5_8b,hmid_cos,hall_hall,23,561,341,0.9412495966,0.04484994405,0.001893566122,0.7526596573,0.2366081646,0.009989604538,0.02273415977,0.01837187301,0.0007756610864,0.1310634197,0.05284874304,0.00223127568,0.5741421569,0.2010849533,0.008489813382,0.9424786076,0.04191678713,0.002269921287,0.7527423554,0.2275880382,0.01232458325,0.02228410915,0.01728295538,0.0009359245065,0.1295200085,0.04986227704,0.002700193689,0.5749144673,0.1922810554,0.01041260293,,,,,,,,,,,,
internvl_2_5_8b,hmid_cos,hall_hall,24,561,341,0.9318182021,0.06028761991,0.002545345308,0.7489671626,0.2684243418,0.01133288459,0.02680390387,0.02547628715,0.001075609687,0.1398076541,0.06209591403,0.002621691545,0.5958110517,0.2038814885,0.008607883189,0.9363224007,0.05099188462,0.002761365369,0.7625454541,0.2338411057,0.01266320584,0.02497353387,0.02142931112,0.001160462259,0.1354479508,0.05422364137,0.002936374809,0.604976173,0.1914920302,0.01036987483,,,,,,,,,,,,
internvl_2_5_8b,hmid_cos,hall_hall,25,561,341,0.9429963822,0.04601067377,0.001942572169,0.8034686322,0.1900801548,0.008025190428,0.02332261832,0.02006964154,0.0008473409299,0.1315345705,0.05525851771,0.002333016446,0.6291221034,0.1791589609,0.007564097259,0.9438672121,0.04628770523,0.002506619773,0.7969021093,0.2074554399,0.01123434193,0.02291128252,0.02035500617,0.001102285384,0.129425305,0.05357011486,0.002900984364,0.627028348,0.1792690322,0.009707962374,,,,,,,,,,,,
internvl_2_5_8b,hmid_cos,hall_hall,26,561,341,0.9532782017,0.03573156548,0.001508587877,0.870137996,0.110832026,0.004679331804,0.01992890458,0.01617193391,0.000682779585,0.1223769759,0.04883395677,0.002061771271,0.7078877005,0.1457356266,0.006152962977,0.9547259512,0.03363687971,0.001821539161,0.8697437359,0.1136571245,0.006154878364,0.01943910037,0.01552733928,0.0008408525645,0.1203400754,0.04663380612,0.002525362187,0.7055565738,0.1450033046,0.007852369188,,,,,,,,,,,,
internvl_2_5_8b,hmid_cos,hall_hall,27,561,341,0.9610724654,0.02645296086,0.001116844883,0.8315214918,0.1322073523,0.005581798788,0.01526654109,0.01033382204,0.0004362943084,0.1087720913,0.03527247069,0.00148920488,0.6448306595,0.1557362599,0.006575190048,0.9616235891,0.02615789498,0.001416529431,0.8283660832,0.1387599697,0.007514273652,0.01506306979,0.01033811802,0.0005598404782,0.1078416774,0.03402490951,0.001842552153,0.6458760997,0.151521565,0.008205352783,,,,,,,,,,,,
internvl_2_5_8b,hmid_cos,hall_hall,28,561,341,0.947428021,0.04069310541,0.001718064257,0.6165069909,0.241077012,0.01017827943,0.02068274222,0.01797376089,0.0007588527796,0.1253470096,0.05019095383,0.002119063732,0.4457999109,0.191081065,0.008067448887,0.9485733204,0.03951132884,0.002139658417,0.6324862838,0.2220445028,0.01202438398,0.02037454574,0.01798782257,0.0009740952054,0.1238447899,0.04800201428,0.002599454812,0.4622953324,0.1775306295,0.009613822592,,,,,,,,,,,,
internvl_2_5_8b,hmid_cos,hall_hall,29,561,341,0.9432283096,0.05449192762,0.002300650987,0.471246713,0.3140626339,0.0132597348,0.02124993857,0.02259458643,0.0009539441868,0.1258965915,0.05685984049,0.002400624347,0.3859737077,0.1960291395,0.008276356756,0.9458841432,0.04261528575,0.002307747108,0.4792465815,0.2799376051,0.01515947124,0.02008825045,0.01688950723,0.000914618095,0.123915224,0.04760069299,0.002577722046,0.3911565249,0.1841606848,0.009972860214,,,,,,,,,,,,
internvl_2_5_8b,hmid_cos,hall_hall,30,561,341,0.9442518666,0.05322678893,0.00224723679,0.6368180678,0.2899511943,0.01224174902,0.02233651803,0.02272957684,0.0009596434862,0.1272152925,0.06137853723,0.002591403873,0.4884135472,0.2071917781,0.008747643728,0.9463050068,0.04996250253,0.002705621204,0.6499939899,0.2638072047,0.01428596108,0.0215491557,0.02147429579,0.001162898315,0.1240912682,0.0576168269,0.003120126108,0.4992393695,0.1918827638,0.01039103423,,,,,,,,,,,,
internvl_2_5_8b,hmid_cos,hall_hall,31,561,341,0.9764438573,0.02079283378,0.0008778741301,0.8934643101,0.09746980275,0.004115178297,0.01060695055,0.009842051836,0.0004155317542,0.08823871537,0.03752660857,0.001584374655,0.6736296791,0.1476097768,0.006232089662,0.9774303399,0.01920595968,0.001040061028,0.8988497258,0.0881704782,0.00477469909,0.01016283717,0.009128979773,0.0004943619713,0.0861127981,0.03511385973,0.001901522114,0.6862811584,0.1360278925,0.007366323375,,,,,,,,,,,,
internvl_2_5_8b,hmid_cos,hall_hall,32,561,341,0.9934221723,0.01588342858,0.0006705988804,0.9876807445,0.06002827055,0.002534395569,0.003510995357,0.008621331269,0.0003639928915,0.046382029,0.02908241152,0.001227860377,0.913491533,0.06628961952,0.00279874993,0.9928144875,0.01968193885,0.001065836745,0.9858670019,0.07659265857,0.004147725005,0.003868999341,0.01061509076,0.0005748393934,0.04749010407,0.03167416802,0.001715252365,0.9135386119,0.06868927886,0.003719732998,,,,,,,,,,,,
internvl_2_5_8b,hpre_cos,all,1,16860,3231,0.9383722595,0.04619261982,0.000355749099,0.4861822636,0.2967376726,0.002285303585,0.02167759086,0.01509850046,0.0001162800022,0.1270971405,0.04943115765,0.0003806904624,0.3518590599,0.2466601625,0.001899635287,0.9366655261,0.03846448328,0.0006766925944,0.4960185813,0.2224279424,0.003913099269,0.02224348696,0.01217855441,0.0002142531728,0.1281620157,0.03897744715,0.0006857169936,0.3557997378,0.1924992402,0.003386573772,0.02224348696,0.01217855441,0.0002142531728,0.02402522479,0.007465984212,0.0001313465253,0.9502103249,0.4130651881,0.007266915604,0.125,0,0
internvl_2_5_8b,hpre_cos,all,2,16860,3231,0.943268838,0.04306097604,0.0003316309724,0.351531049,0.3963024075,0.003052094143,0.02078102562,0.01558797196,0.0001200496313,0.1268577504,0.04783459235,0.000368394631,0.3068746293,0.2410104051,0.001856124091,0.9433053135,0.03287054517,0.0005782803406,0.3729461495,0.3045595869,0.005358013403,0.02087690274,0.01188067183,0.0002090126256,0.1269521172,0.03716333081,0.0006538018607,0.3179640346,0.1951438156,0.00343309889,0.02087690274,0.01188067183,0.0002090126256,0.01815808047,0.006266307208,0.0001102410151,1.22955217,0.5901029796,0.01038148136,0.125,0,0
internvl_2_5_8b,hpre_cos,all,3,16860,3231,0.9452066851,0.04446686842,0.0003424583503,0.6215073919,0.2370723192,0.001825795209,0.01875328636,0.01360828561,0.000104803221,0.1181523749,0.04205083716,0.0003238514614,0.4376612544,0.2086938721,0.001607240665,0.9435631215,0.03831435867,0.0006740515031,0.6224623484,0.1966344421,0.003459322976,0.0193940912,0.01161608561,0.0002043578501,0.1193961116,0.03563495771,0.0006269137117,0.4407407749,0.1697542122,0.002986428218,0.0193940912,0.01161608561,0.0002043578501,0.02814014797,0.007437436245,0.0001308442906,0.690468117,0.3467076141,0.006099509335,0.125,0,0
internvl_2_5_8b,hpre_cos,all,4,16860,3231,0.9408241464,0.03931070744,0.0003027485518,0.4128382328,0.3024110124,0.002328996398,0.02057670975,0.01236714488,9.524466606e-05,0.127130769,0.03883142627,0.0002990574028,0.3179641163,0.2153905585,0.001658814707,0.9383723752,0.03263446822,0.0005741271188,0.4207983002,0.2384450408,0.004194882642,0.02142118711,0.0101020086,0.0001777212073,0.1293315243,0.03177178713,0.0005589502634,0.3243462117,0.1732684744,0.003048253439,0.02142118711,0.0101020086,0.0001777212073,0.02025259588,0.006318129891,0.0001111527139,1.104260229,0.4478947433,0.007879660144,0.125,0,0
internvl_2_5_8b,hpre_cos,all,5,16860,3231,0.8963184516,0.09078308714,0.0006991593372,0.442454389,0.3315970718,0.00255377071,0.03273806951,0.02529684319,0.0001948217964,0.1542968436,0.06045558883,0.0004655943166,0.3404470641,0.2393902099,0.001843646275,0.8904424707,0.08005582415,0.001408394932,0.4489376129,0.2688872811,0.00473044264,0.03467288188,0.02207611329,0.0003883775656,0.1581839254,0.05123081179,0.0009012862773,0.3510701955,0.1941282919,0.003415233127,0.03467288188,0.02207611329,0.0003883775656,0.03442727621,0.01200344397,0.0002111725141,1.023330032,0.4902503034,0.00862480713,0.125,0,0
internvl_2_5_8b,hpre_cos,all,6,16860,3231,0.9132132078,0.07041125349,0.0005422671433,0.4873748894,0.294358966,0.002266984149,0.02824239331,0.02082426095,0.0001603765298,0.1456548084,0.05340711272,0.0004113109909,0.3696526542,0.222355523,0.001712454874,0.9094500892,0.05909516599,0.001039641191,0.4876742927,0.2351756739,0.004137365781,0.02950342377,0.01740523032,0.0003062043074,0.1484381723,0.04440329905,0.0007811721638,0.3767499837,0.1778087115,0.00312812829,0.02950342377,0.01740523032,0.0003062043074,0.03138708011,0.01070439892,0.0001883188556,0.953263421,0.4351420181,0.00765530578,0.125,0,0
internvl_2_5_8b,hpre_cos,all,7,16860,3231,0.9202441498,0.05754111577,0.0004431487145,0.4775742181,0.2716836347,0.002092351736,0.02699458207,0.01828674507,0.000140834036,0.1450668676,0.04785120636,0.0003685225825,0.3837485172,0.2079843403,0.001601776257,0.9179705745,0.04778236302,0.0008406188888,0.4937001679,0.2182573628,0.003839727677,0.02804912133,0.01531036046,0.0002693499733,0.1475382436,0.03989122719,0.0007017928155,0.3979003285,0.1733712177,0.003050060968,0.02804912133,0.01531036046,0.0002693499733,0.0304481926,0.01253277881,0.0002204849222,0.974942851,0.411459278,0.007238663373,0.125,0,0
internvl_2_5_8b,hpre_cos,all,8,16860,3231,0.9407190139,0.03965243273,0.0003053803242,0.496012569,0.2608726674,0.002009091858,0.02090569144,0.01307472445,0.0001006940386,0.1280404292,0.03927397979,0.0003024656965,0.3384193357,0.1834937835,0.001413164016,0.9400184774,0.03163850608,0.000556605495,0.5162606672,0.2038172743,0.003585688104,0.02121300894,0.01038218929,0.0001826503311,0.1286796385,0.0318724627,0.0005607214145,0.356321214,0.1496847523,0.002633353025,0.02121300894,0.01038218929,0.0001826503311,0.02404517165,0.007799577624,0.0001372153209,0.9185316205,0.3899282053,0.006859874521,0.125,0,0
internvl_2_5_8b,hpre_cos,all,9,16860,3231,0.9374370753,0.03961818553,0.0003051165719,0.5524708336,0.2741424688,0.002111288268,0.02372539296,0.01554298534,0.0001197031701,0.1376842036,0.04342166855,0.0003344088195,0.3959408363,0.1887708427,0.001453804903,0.9358703833,0.03303329725,0.0005811435826,0.5774392148,0.2133757794,0.003753847638,0.02427096788,0.01257087328,0.0002211551054,0.1387007955,0.03494746264,0.0006148188443,0.4127917403,0.1566243486,0.002755438985,0.02427096788,0.01257087328,0.0002211551054,0.03185585971,0.01241368752,0.0002183897896,0.8337131802,0.4110998521,0.007232340115,0.125,0,0
internvl_2_5_8b,hpre_cos,all,10,16860,3231,0.9524434426,0.03092261556,0.0002381482728,0.5487853245,0.2642250256,0.002034909801,0.01796137793,0.0122659951,9.446566835e-05,0.1208928642,0.03621254417,0.0002788882729,0.3810442616,0.1799052207,0.001385526961,0.9523958737,0.02622898698,0.0004614376624,0.5744688499,0.2147242261,0.003777570404,0.01796930369,0.01032700929,0.000181679568,0.120312599,0.02986144473,0.0005253422582,0.4044397189,0.1510066576,0.002656608855,0.01796930369,0.01032700929,0.000181679568,0.02303223705,0.007837756325,0.0001378869858,0.8377233731,0.4171451022,0.007338692148,0.125,0,0
internvl_2_5_8b,hpre_cos,all,11,16860,3231,0.9411865182,0.04012765381,0.0003090402048,0.529794625,0.3272115474,0.002519995914,0.02257217327,0.01585758474,0.0001221260346,0.1346191482,0.04471249053,0.0003443499911,0.403091637,0.2057995502,0.001584950255,0.9416666439,0.03125012705,0.0005497728748,0.5887112634,0.2518753523,0.004431157553,0.02234702317,0.0120086949,0.0002112648919,0.1332889309,0.03477637714,0.0006118089953,0.4469257222,0.1724090709,0.003033134245,0.02234702317,0.0120086949,0.0002112648919,0.03176401338,0.01380381282,0.0002428457921,0.8283028705,0.4851321802,0.008534765727,0.125,0,0
internvl_2_5_8b,hpre_cos,all,12,16860,3231,0.9551832313,0.03046031997,0.0002345879369,0.7187551497,0.2180954055,0.00167964589,0.0172870737,0.0123693666,9.526177648e-05,0.1182921332,0.03714528759,0.0002860717285,0.5144517349,0.1755223676,0.001351772737,0.9564998531,0.02349790229,0.0004133906166,0.7484409331,0.1639513512,0.002884340454,0.01679974929,0.009568588985,0.0001683369372,0.1160807026,0.02923806344,0.0005143753227,0.5450309106,0.1396525576,0.002456860029,0.01679974929,0.009568588985,0.0001683369372,0.03734937801,0.01146258159,0.000201657306,0.4973202213,0.3185908175,0.005604860079,0.125,0,0
internvl_2_5_8b,hpre_cos,all,13,16860,3231,0.9464906961,0.04077213792,0.0003140036522,0.4964476829,0.3610610303,0.002780685242,0.02133497529,0.01724244271,0.0001327914174,0.1293222642,0.04585173538,0.0003531238023,0.3474069543,0.2018610932,0.001554618515,0.9474733842,0.03107173828,0.0005466345416,0.5452391693,0.276391838,0.004862467761,0.02096500265,0.01301062561,0.0002288915188,0.1277774912,0.03561926251,0.0006266375914,0.379020356,0.1696979549,0.002985438503,0.02096500265,0.01301062561,0.0002288915188,0.02684683286,0.01123932725,0.0001977296682,0.8919991169,0.5305295067,0.009333425479,0.125,0,0
internvl_2_5_8b,hpre_cos,all,14,16860,3231,0.9284214038,0.05911398985,0.0004552620898,0.3058441889,0.4391250576,0.003381889666,0.02777496458,0.02439786335,0.0001878983686,0.1459048253,0.05887465232,0.0004534188492,0.3057050712,0.2303399449,0.001773946318,0.93003498,0.0458208469,0.0008061106018,0.3776976648,0.3443534657,0.006058093602,0.02740494902,0.01912013886,0.000336374111,0.1438942264,0.04645040773,0.0008171862517,0.3484448594,0.1948870877,0.003428582363,0.02740494902,0.01912013886,0.000336374111,0.02446805695,0.01306826937,0.0002299056259,1.257996981,0.6567015304,0.01155312705,0.125,0,0
internvl_2_5_8b,hpre_cos,all,15,16860,3231,0.9240386048,0.05908133389,0.0004550105923,0.5087013353,0.3625883084,0.002792447463,0.02978139065,0.02488534483,0.0001916526717,0.1519504149,0.0596920651,0.0004597140942,0.3928306643,0.2297194859,0.001769167898,0.9240022773,0.04496238327,0.0007910079426,0.5625720848,0.2849488471,0.005013008318,0.02984755298,0.01873691246,0.000329632139,0.1516212363,0.04604362661,0.0008100298896,0.435133109,0.1964030821,0.003455252737,0.02984755298,0.01873691246,0.000329632139,0.04133221338,0.02140412134,0.0003765554394,0.8731144737,0.537287504,0.009452316631,0.125,0,0
internvl_2_5_8b,hpre_cos,all,16,16860,3231,0.9432579868,0.04727367323,0.0003640747532,0.606014314,0.3642789543,0.002805467849,0.02291026628,0.02063186084,0.0001588947744,0.1322101407,0.05456612538,0.0004202370426,0.4498146501,0.2254636001,0.001736391504,0.9456119309,0.03377727612,0.0005942321502,0.6624423287,0.2663204763,0.004685285715,0.02195977313,0.01467452773,0.0002581639838,0.1291121736,0.04056408449,0.0007136301656,0.4907547806,0.1829435412,0.003218463605,0.02195977313,0.01467452773,0.0002581639838,0.03918497174,0.01860318723,0.0003272795565,0.6846032247,0.5020430671,0.008832273219,0.125,0,0
internvl_2_5_8b,hpre_cos,all,17,16860,3231,0.949877146,0.03763121685,0.0002898140773,0.6088235732,0.2994114988,0.002305895863,0.01975175195,0.0159220347,0.0001226223912,0.124753071,0.04580767089,0.0003527844429,0.4216488731,0.2040981475,0.001571847026,0.952639312,0.02684623883,0.0004722967645,0.6563843705,0.2227773493,0.003919246265,0.0187116742,0.01137083963,0.0002000433209,0.1210347005,0.03449135438,0.0006067946866,0.4550090311,0.1675085365,0.002946920807,0.0187116742,0.01137083963,0.0002000433209,0.03237902504,0.01508574222,0.0002653983408,0.6819922749,0.4319066785,0.007598387548,0.125,0,0
internvl_2_5_8b,hpre_cos,all,18,16860,3231,0.9228205229,0.06225468668,0.0004794499378,0.6172664188,0.3300099241,0.002541547408,0.02989941626,0.02655046352,0.0002044764621,0.1525646176,0.06364243134,0.0004901375522,0.4647835113,0.2226901591,0.00171503205,0.926343811,0.04411963578,0.0007761817721,0.6597806827,0.2407660261,0.004235714949,0.02825585188,0.01818250866,0.0003198787013,0.1477183961,0.04630916568,0.0008147014283,0.4910834032,0.176989248,0.003113711746,0.02825585188,0.01818250866,0.0003198787013,0.05206347352,0.02552878957,0.0004491193271,0.6652665795,0.4630163122,0.008145688771,0.125,0,0
internvl_2_5_8b,hpre_cos,all,19,16860,3231,0.9238686157,0.05385992558,0.0004147982962,0.7414270368,0.2074230396,0.001597453441,0.03052921521,0.02445501601,0.0001883385256,0.1559577668,0.0582630344,0.0004487085183,0.5234764235,0.1939395679,0.001493611465,0.9270969703,0.04052425231,0.0007129294116,0.7569657976,0.158850837,0.00279460884,0.02920034779,0.01770540938,0.0003114852556,0.1517294925,0.04484002528,0.0007888553399,0.53679015,0.1572659011,0.002766725601,0.02920034779,0.01770540938,0.0003114852556,0.0740890514,0.03133344481,0.0005512386557,0.4576551881,0.3005157189,0.005286871006,0.125,0,0
internvl_2_5_8b,hpre_cos,all,20,16860,3231,0.9133545178,0.05710855814,0.0004398174034,0.6909458264,0.2124941162,0.001636507967,0.03113493677,0.02075194067,0.0001598195604,0.1581894495,0.05436925269,0.0004187208419,0.5024762752,0.204026901,0.001571298326,0.9146614774,0.04444486253,0.0007819033759,0.7045688957,0.1685792406,0.002965757341,0.03034089407,0.01543586937,0.0002715580088,0.155398965,0.04208456915,0.0007403795359,0.5143587601,0.1686800833,0.002967531433,0.03034089407,0.01543586937,0.0002715580088,0.06441768313,0.02333194839,0.000410471046,0.529203897,0.3136596757,0.005518108176,0.125,0,0
internvl_2_5_8b,hpre_cos,all,21,16860,3231,0.9271175515,0.05186270115,0.0003994168177,0.7784625381,0.1710475009,0.001317309877,0.02735631415,0.02075735208,0.000159861236,0.146553268,0.05459585685,0.0004204660173,0.5861339709,0.1800956197,0.001386993306,0.9264722807,0.04105724165,0.0007223061121,0.7755215711,0.1459844358,0.002568254612,0.02737992834,0.01574536036,0.0002770027788,0.1463618244,0.04212401525,0.0007410734977,0.5831014791,0.1494218749,0.00262872831,0.02737992834,0.01574536036,0.0002770027788,0.07460290167,0.02744079546,0.0004827565974,0.4139085278,0.2803975705,0.004932939254,0.125,0,0
internvl_2_5_8b,hpre_cos,all,22,16860,3231,0.9242586354,0.05448627281,0.0004196220638,0.7484166585,0.1985635099,0.001529222417,0.02801541353,0.02090901506,0.0001610292575,0.1478108192,0.05598062151,0.0004311306815,0.5645963078,0.1961633726,0.001510737935,0.9218643442,0.04511945722,0.0007937712912,0.7461745627,0.1601281199,0.002817079644,0.02902057484,0.01707014648,0.0003003092911,0.1501081903,0.04551924867,0.0008008046864,0.5635240171,0.1612578418,0.002836954458,0.02902057484,0.01707014648,0.0003003092911,0.06854898505,0.02050740642,0.0003607798382,0.4585365792,0.2905111914,0.005110864751,0.125,0,0
internvl_2_5_8b,hpre_cos,all,23,16860,3231,0.9300888746,0.05381504178,0.0004144526269,0.7569697092,0.1932269402,0.001488123214,0.0261470659,0.02031518358,0.0001564559075,0.1407999361,0.05446017142,0.0004194210459,0.5851312278,0.1894680177,0.001459174146,0.9282108369,0.04323911132,0.0007606910042,0.7471813782,0.157819906,0.002776472021,0.02713257079,0.01666662823,0.0002932103315,0.1430107625,0.04378528058,0.0007702995747,0.5731766713,0.1544085812,0.002716457742,0.02713257079,0.01666662823,0.0002932103315,0.06115699403,0.02021444175,0.0003556258102,0.4802516256,0.3006099614,0.005288528983,0.125,0,0
internvl_2_5_8b,hpre_cos,all,24,16860,3231,0.9255297986,0.05848894706,0.0004504483682,0.7553893436,0.2062668981,0.001588549501,0.02780039027,0.02173340781,0.0001673782582,0.1441295999,0.05728982918,0.0004412134491,0.5977572657,0.1949393566,0.001501311265,0.9229401265,0.04845037404,0.0008523709799,0.7429431668,0.1729475916,0.003042608258,0.02912063244,0.01832373299,0.0003223632129,0.1473536981,0.04709724051,0.0008285657612,0.580597109,0.1631846254,0.002870851707,0.02912063244,0.01832373299,0.0003223632129,0.06407004372,0.02040439537,0.0003589675997,0.4904360626,0.3139630997,0.005523446212,0.125,0,0
internvl_2_5_8b,hpre_cos,all,25,16860,3231,0.9269981844,0.06005607059,0.000462517456,0.7545402128,0.2239838461,0.001724995286,0.02974614491,0.02537165975,0.0001953979907,0.1475332731,0.06395866278,0.0004925729857,0.603039739,0.2050113887,0.001578880286,0.9255343033,0.04927091027,0.0008668063951,0.7468437239,0.1942925623,0.00341812308,0.03066408249,0.02061269598,0.0003626321617,0.1493116864,0.05116699462,0.0009001635633,0.596375041,0.1773405732,0.003119892491,0.03066408249,0.02061269598,0.0003626321617,0.06608224132,0.02254221114,0.0003965774667,0.5199063219,0.3669334763,0.006455336062,0.125,0,0
internvl_2_5_8b,hpre_cos,all,26,16860,3231,0.9487021057,0.04121740715,0.0003174328608,0.8699388804,0.1211720638,0.0009331978286,0.02276469407,0.01931098195,0.0001487221218,0.1298571929,0.05356449231,0.0004125230384,0.7158603944,0.1455648334,0.001121056968,0.9472114688,0.03453137638,0.0006074987801,0.8651159637,0.1078063567,0.00189660063,0.02384197039,0.01638809332,0.0002883101615,0.1320831377,0.0441746451,0.0007771495325,0.7085625013,0.1308273358,0.002301600899,0.02384197039,0.01638809332,0.0002883101615,0.08647438886,0.02705360434,0.0004759448755,0.3086242806,0.2369191927,0.004168038915,0.125,0,0
internvl_2_5_8b,hpre_cos,all,27,16860,3231,0.961711674,0.02563676781,0.0001974397011,0.8520748944,0.1144289792,0.0008812664539,0.01528530526,0.01001597944,7.713733656e-05,0.1090224213,0.03494824434,0.0002691513598,0.6741288553,0.1388259012,0.001069157572,0.96181015,0.01995643302,0.0003510867503,0.8516089639,0.09674381477,0.001701981085,0.01541226312,0.007869886373,0.0001384522389,0.1091251572,0.02798687339,0.0004923635611,0.6719440438,0.1159385468,0.002039667489,0.01541226312,0.007869886373,0.0001384522389,0.05360033077,0.01399811863,0.0002462641482,0.3100848676,0.191176031,0.003363295003,0.125,0,0
internvl_2_5_8b,hpre_cos,all,28,16860,3231,0.9442862413,0.04614004381,0.0003553441887,0.6471364459,0.2238333832,0.001723836507,0.02210716157,0.02174977045,0.0001675042739,0.1284701988,0.05485921907,0.0004224942823,0.4827735765,0.1871107588,0.001441019888,0.9407636286,0.04078687736,0.0007175496849,0.635433298,0.1852127036,0.003258384208,0.02347599355,0.01967221356,0.0003460865737,0.13158252,0.04720801263,0.0008305145375,0.4766381703,0.1540476208,0.002710107489,0.02347599355,0.01967221356,0.0003460865737,0.03162488703,0.01668792963,0.0002935850798,0.751937956,0.3627027468,0.006380906275,0.125,0,0
internvl_2_5_8b,hpre_cos,all,29,16860,3231,0.9407522146,0.05039936302,0.0003881470256,0.4752671283,0.2995768902,0.002307169613,0.02171118509,0.02028485764,0.0001562223545,0.1282227648,0.0538829781,0.0004149758336,0.3991566578,0.1934807946,0.001490078256,0.9390937622,0.04051889199,0.0007128351091,0.4823533302,0.2271376438,0.003995955446,0.02233707932,0.01638903847,0.0002883267891,0.1295346337,0.04378941897,0.0007703723798,0.4062332464,0.1531612093,0.002694513151,0.02233707932,0.01638903847,0.0002883267891,0.02054079198,0.007563161707,0.000133056136,1.053623263,0.4618561763,0.008125278894,0.125,0,0
internvl_2_5_8b,hpre_cos,all,30,16860,3231,0.9455362304,0.05326343169,0.0004102044419,0.6628573829,0.2708615889,0.00208602081,0.02168885209,0.02273138979,0.0001750641438,0.1252432207,0.0603363511,0.0004646760159,0.4943060498,0.1994535425,0.001536076938,0.9461098742,0.0401440859,0.0007062412729,0.6682355237,0.1997861802,0.003514770434,0.02152357004,0.01739386482,0.000306004358,0.1248068816,0.04643016947,0.0008168302069,0.4948548429,0.15149313,0.0026651672,0.02152357004,0.01739386482,0.000306004358,0.03192341121,0.01024825367,0.0001802940473,0.669393394,0.4051880419,0.007128335646,0.125,0,0
internvl_2_5_8b,hpre_cos,all,31,16860,3231,0.9757604549,0.02532168901,0.0001950131446,0.9076467543,0.09827118063,0.0007568283441,0.0109994024,0.01206424235,9.291188424e-05,0.08880708694,0.04264258979,0.0003284088012,0.7028136121,0.1434771166,0.001104978569,0.9764676628,0.01871774462,0.0003292949258,0.9143033437,0.07194151948,0.001265642726,0.0107519304,0.008905529406,0.0001566719551,0.08771577484,0.03264258703,0.0005742699504,0.7142717761,0.1102193953,0.001939052398,0.0107519304,0.008905529406,0.0001566719551,0.05795591345,0.0168394866,0.0002962513703,0.19520395,0.1599163728,0.002813354449,0.125,0,0
internvl_2_5_8b,hpre_cos,all,32,16860,3231,0.9908417004,0.01739831159,0.0001339918302,0.9867831014,0.04663301763,0.0003591407907,0.004988877737,0.009379561089,7.223600696e-05,0.05478284336,0.03639184363,0.0002802691346,0.9232947805,0.06198638533,0.0004773836344,0.9906039377,0.01599164352,0.0002813355547,0.9859293735,0.04672661016,0.0008220453872,0.005149779109,0.008557281258,0.0001505453437,0.05470167877,0.03079626392,0.0005417882148,0.9238042308,0.05629013019,0.0009902931479,0.005149779109,0.008557281258,0.0001505453437,0.152656053,0.02858126087,0.0005028204182,0.03932332121,0.09723263442,0.001710580724,0.125,0,0
internvl_2_5_8b,hpre_cos,real_real,1,11827,2917,0.9377673613,0.0477674638,0.0004392329223,0.4898982276,0.3046588573,0.002801408941,0.02184360873,0.01566483704,0.0001440418143,0.1267746836,0.05146631724,0.0004732447386,0.3592838421,0.2545402832,0.002340557014,0.9360284142,0.04207278069,0.0007789920077,0.4997665098,0.2429551488,0.004498398158,0.02237089358,0.01338598913,0.0002478461936,0.1276022374,0.04319455752,0.0007997620916,0.3637961722,0.2107561416,0.003902222463,,,,,,,,,,,,
internvl_2_5_8b,hpre_cos,real_real,2,11827,2917,0.9425554979,0.04459725191,0.0004100820877,0.3564228299,0.4017084426,0.003693802415,0.02101097431,0.01613235125,0.000148340716,0.1270222903,0.04957873418,0.000455887974,0.3125396339,0.2478864907,0.002279373847,0.9427998791,0.03580879466,0.0006630121516,0.378223255,0.326279138,0.006041170483,0.0210232142,0.01291736645,0.0002391694835,0.1268758409,0.04063513642,0.0007523735296,0.3229556642,0.2113316871,0.003912878886,,,,,,,,,,,,
internvl_2_5_8b,hpre_cos,real_real,3,11827,2917,0.9442312091,0.04590285744,0.0004220874337,0.6214393478,0.242589664,0.002230668295,0.01903549779,0.01409170399,0.0001295764906,0.1183895888,0.04362309375,0.0004011244772,0.44178046,0.2134855099,0.00196304884,0.9424286879,0.04146737837,0.0007677827755,0.6216367572,0.2108513235,0.003903984788,0.01969264555,0.01257225392,0.0002327796062,0.1196254331,0.03881037964,0.0007185875301,0.443799849,0.1833599596,0.003394972728,,,,,,,,,,,,
internvl_2_5_8b,hpre_cos,real_real,4,11827,2917,0.9399159363,0.04017876403,0.0003694530656,0.4193478826,0.3056791589,0.002810790852,0.02082837256,0.01264684047,0.000116290635,0.1274373006,0.04016110181,0.0003692906574,0.3240968758,0.2218030797,0.002039530825,0.9378079016,0.0351377567,0.0006505876528,0.4283693049,0.253001057,0.004684401605,0.02154114245,0.01085940513,0.0002010656217,0.1291785738,0.03466551038,0.0006418438498,0.3313578216,0.1878586799,0.003478268082,,,,,,,,,,,,
internvl_2_5_8b,hpre_cos,real_real,5,11827,2917,0.89301706,0.09463803776,0.0008702187342,0.4465710983,0.3381583097,0.003109444185,0.03361547379,0.0264882677,0.0002435657726,0.1554057709,0.06336150633,0.0005826237645,0.3477028198,0.2476651608,0.002277338667,0.8871748534,0.08711654601,0.001612992818,0.4507624067,0.2885754714,0.005343074125,0.03553579464,0.02418080528,0.000447715928,0.1591855279,0.0561772416,0.001040140954,0.3561546808,0.2103373541,0.003894468469,,,,,,,,,,,,
internvl_2_5_8b,hpre_cos,real_real,6,11827,2917,0.9107842329,0.07386202965,0.0006791785149,0.4941153033,0.2974757532,0.002735358631,0.02880790443,0.02177878723,0.0002002610061,0.1462405421,0.05581633678,0.0005132441784,0.3779434768,0.2281343265,0.00209774811,0.907001059,0.06519944718,0.001207190194,0.4934853683,0.2515395291,0.004657340912,0.03011292548,0.01939338575,0.0003590752086,0.1489998114,0.0490818415,0.0009087671798,0.3839487817,0.1937907904,0.003588103149,,,,,,,,,,,,
internvl_2_5_8b,hpre_cos,real_real,7,11827,2917,0.9198626298,0.0581689085,0.0005348766217,0.4928162484,0.2718236061,0.002499481181,0.02707398611,0.01858687211,0.0001709106053,0.1447989025,0.04904913689,0.0004510182039,0.3953903145,0.2122864528,0.001952023231,0.9186412502,0.05011300402,0.0009278595086,0.5100148299,0.2269540382,0.004202132091,0.027764883,0.01609317042,0.0002979705865,0.1462661231,0.0424891873,0.0007867019193,0.4096504022,0.1840502038,0.003407752837,,,,,,,,,,,,
internvl_2_5_8b,hpre_cos,real_real,8,11827,2917,0.9394999232,0.04121355135,0.0003789681753,0.4931816919,0.2673689001,0.002458519125,0.0212710542,0.01357739548,0.0001248473044,0.1286221449,0.04089348039,0.0003760250485,0.34152786,0.1894211951,0.001741771877,0.9387288693,0.03472853104,0.0006430106991,0.5117775727,0.2184728563,0.00404510009,0.02157878853,0.01132301037,0.0002096494322,0.129214472,0.03478067621,0.0006439761848,0.3565694533,0.1623842603,0.00300660044,,,,,,,,,,,,
internvl_2_5_8b,hpre_cos,real_real,9,11827,2917,0.9375879054,0.03968624243,0.0003649242151,0.565172,0.2695380811,0.002478465248,0.02364767991,0.01553218882,0.0001428220831,0.137116394,0.04384606134,0.000403174716,0.4068286548,0.1900969601,0.001747985693,0.9365265394,0.03349587612,0.0006201876691,0.5895162246,0.2147837144,0.003976794358,0.0239740407,0.01276448923,0.0002363389091,0.1376369022,0.03634516264,0.0006729431893,0.4216072801,0.1636914254,0.003030803051,,,,,,,,,,,,
internvl_2_5_8b,hpre_cos,real_real,10,11827,2917,0.9530684128,0.03077667157,0.000282998642,0.5708292568,0.2535856201,0.002331778665,0.01767868716,0.01213745626,0.0001116067288,0.1197530839,0.03649095435,0.0003355427992,0.3968461994,0.1807151057,0.001661717363,0.9532561127,0.02636960528,0.000488242313,0.5932193035,0.2135881993,0.003954658986,0.01759201442,0.01034093028,0.0001914658816,0.1189324663,0.03112765624,0.0005763392634,0.4174997239,0.1566778166,0.002900943672,,,,,,,,,,,,
internvl_2_5_8b,hpre_cos,real_real,11,11827,2917,0.9416873685,0.04065301033,0.0003738138705,0.5560128896,0.3209408323,0.002951125482,0.02231386387,0.01599275439,0.0001470570905,0.1335153856,0.04529073403,0.0004164588168,0.4235224486,0.2064427551,0.001898289074,0.942871903,0.03243425239,0.0006005313407,0.6128573764,0.2527588877,0.004679917757,0.02175948181,0.01222612872,0.000226370979,0.1312720726,0.03642159535,0.0006743583671,0.465490255,0.1768801103,0.003274996089,,,,,,,,,,,,
internvl_2_5_8b,hpre_cos,real_real,12,11827,2917,0.955624063,0.03105710152,0.0002855772606,0.7285828814,0.2197135,0.002020316655,0.01708473223,0.01255145085,0.0001154135053,0.1172275522,0.03797585439,0.0003491967999,0.5273315296,0.177514864,0.001632290397,0.9575171018,0.02409971498,0.0004462145133,0.7593395004,0.1617139637,0.002994189669,0.01635916005,0.009735280403,0.0001802520657,0.1143950608,0.03032910912,0.0005615538887,0.5550513267,0.1434591563,0.00265619563,,,,,,,,,,,,
internvl_2_5_8b,hpre_cos,real_real,13,11827,2917,0.9466770917,0.04120994397,0.0003789350046,0.5163712824,0.3560608453,0.003274062157,0.02124275182,0.01745787277,0.0001605291942,0.1287780761,0.04643759152,0.0004270044378,0.3616777289,0.2058363914,0.001892713418,0.948187176,0.0326619369,0.0006047469977,0.5623312489,0.2845075455,0.005267755077,0.02065377655,0.01391144322,0.0002575751568,0.1266574843,0.03748465812,0.00069404134,0.391337417,0.1789231625,0.003312823904,,,,,,,,,,,,
internvl_2_5_8b,hpre_cos,real_real,14,11827,2917,0.9298464281,0.05817194237,0.0005349045188,0.33997573,0.4371225814,0.004019443645,0.02723306545,0.02399191466,0.0002206112267,0.144308196,0.05859884861,0.0005388300208,0.3258407669,0.2361197773,0.002171176185,0.9329520177,0.04546070183,0.0008417205332,0.4164944843,0.3506203009,0.006491855486,0.02622712276,0.01889024242,0.0003497593368,0.1409217657,0.04720547321,0.0008740255754,0.3700209416,0.2027726907,0.003754406123,,,,,,,,,,,,
internvl_2_5_8b,hpre_cos,real_real,15,11827,2917,0.9235204214,0.06014925938,0.0005530864079,0.5205180688,0.3680274632,0.003384097988,0.03000500554,0.02540844955,0.000233636594,0.1521148034,0.06079592795,0.0005590326756,0.4065327217,0.2358479653,0.00216867681,0.9239740482,0.0479834956,0.0008884309277,0.5733992878,0.2924066693,0.005414010071,0.02984029331,0.02025024575,0.0003749402664,0.1513155007,0.04905312446,0.000908235474,0.4453516653,0.2044825051,0.003786063925,,,,,,,,,,,,
internvl_2_5_8b,hpre_cos,real_real,16,11827,2917,0.9443259879,0.04607412338,0.0004236622638,0.6263808306,0.3509266819,0.003226852333,0.0224407068,0.02006085944,0.0001844642611,0.1308121996,0.05396535002,0.0004962239253,0.4653018517,0.2246292268,0.002065517904,0.9458862193,0.03654006711,0.0006765519125,0.675456416,0.2686543261,0.004974227266,0.02183833188,0.01600148137,0.0002962729321,0.1285664295,0.04331237952,0.0008019436064,0.5021044132,0.1884251059,0.003488755655,,,,,,,,,,,,
internvl_2_5_8b,hpre_cos,real_real,17,11827,2917,0.9503350913,0.03788221511,0.000348335765,0.6301982806,0.29358681,0.002699598895,0.01959380271,0.01600832047,0.0001472002242,0.12392981,0.04641952661,0.0004268383268,0.4396930752,0.2078670247,0.001911385563,0.9527982291,0.02976946307,0.0005511918496,0.6711825039,0.225246779,0.004170521599,0.01867273838,0.0128246436,0.000237452688,0.1204894995,0.0371818342,0.000688434451,0.4681946654,0.1732264768,0.003207347809,,,,,,,,,,,,
internvl_2_5_8b,hpre_cos,real_real,18,11827,2917,0.923624363,0.06197454712,0.0005698703526,0.6398732054,0.3182387248,0.002926278977,0.02931875015,0.02614188768,0.000240380728,0.1507792763,0.06310554188,0.000580270112,0.4838822187,0.2221872537,0.002043063394,0.9262821773,0.04737083727,0.000877087348,0.676683878,0.2386736457,0.004419124654,0.0280450234,0.01950167264,0.0003610801777,0.146977179,0.04874370147,0.0009025064009,0.5058064692,0.1817826953,0.003365769138,,,,,,,,,,,,
internvl_2_5_8b,hpre_cos,real_real,19,11827,2917,0.9246617691,0.05370553966,0.0004938349087,0.754213221,0.1965671332,0.001807480437,0.0300610764,0.02428318578,0.0002232895323,0.1544865134,0.05815192326,0.0005347204385,0.5390948677,0.1907727084,0.001754199355,0.9270911678,0.04370148307,0.0008091479926,0.7668132518,0.1584156273,0.002933119836,0.02906142124,0.01956472817,0.0003622476725,0.1510531204,0.04768536915,0.0008829110139,0.5490935088,0.1600407441,0.002963209432,,,,,,,,,,,,
internvl_2_5_8b,hpre_cos,real_real,20,11827,2917,0.9126821261,0.05861485299,0.0005389771848,0.6946874048,0.2139673595,0.001967479558,0.03108931652,0.02110924054,0.0001941043688,0.157567875,0.05525075473,0.0005080435201,0.5121094741,0.2060758656,0.001894915439,0.9128297281,0.04956380077,0.0009176908215,0.7050146789,0.1801174846,0.00333493719,0.03078987838,0.01748103961,0.000323667462,0.1560125823,0.04632137465,0.0008576561865,0.5196826717,0.1775216179,0.003286873825,,,,,,,,,,,,
internvl_2_5_8b,hpre_cos,real_real,21,11827,2917,0.92754761,0.05227281062,0.0004806606325,0.7874470422,0.1639209886,0.001507291556,0.0270105354,0.02072262098,0.0001905493121,0.1452887631,0.05472809877,0.0005032375772,0.5997135791,0.176561752,0.001623526311,0.9264720464,0.04502373997,0.000833630034,0.7830736898,0.149788894,0.002773392901,0.02714809727,0.01734313998,0.000321114203,0.1452518368,0.04519235692,0.0008367520349,0.5946808274,0.1533934533,0.002840132556,,,,,,,,,,,,
internvl_2_5_8b,hpre_cos,real_real,22,11827,2917,0.9253167146,0.05335337052,0.0004905966317,0.7581743469,0.1862585656,0.001712690764,0.027547207,0.02020003283,0.0001857439927,0.1464617192,0.055612074,0.0005113659347,0.5754417857,0.1932139674,0.001776647299,0.9218373215,0.04773330804,0.0008837986188,0.7526563441,0.1632308095,0.00302227459,0.02898435802,0.01792912673,0.0003319639491,0.1498955608,0.04847447543,0.0008975215881,0.5704894541,0.1698626716,0.003145065799,,,,,,,,,,,,
internvl_2_5_8b,hpre_cos,real_real,23,11827,2917,0.9298173412,0.05551927159,0.000510512595,0.7627300014,0.1890094753,0.001737986017,0.02611709212,0.02071198144,0.0001904514791,0.1402633951,0.05534707307,0.0005089291896,0.5938371946,0.1894477228,0.001742015805,0.928352198,0.04646051845,0.0008602324818,0.7549552001,0.1576013607,0.002918043409,0.02703990363,0.01795765746,0.0003324922054,0.1423424637,0.046922386,0.0008687841184,0.5822896941,0.160516051,0.002972009902,,,,,,,,,,,,
internvl_2_5_8b,hpre_cos,real_real,24,11827,2917,0.9269474124,0.05796414023,0.0005329937299,0.7611975813,0.2024314424,0.001861404121,0.02710637776,0.02108356678,0.0001938682926,0.1421377911,0.05706753404,0.0005247492278,0.604472288,0.196190057,0.001804013134,0.9227403708,0.05126587137,0.0009492052441,0.7456361415,0.1788555026,0.003311571158,0.02889023207,0.01869931377,0.0003462242271,0.1466686945,0.04955825291,0.0009175881011,0.5850643932,0.1709002072,0.003164276127,,,,,,,,,,,,
internvl_2_5_8b,hpre_cos,real_real,25,11827,2917,0.9249653464,0.06293012146,0.0005786570805,0.7509241536,0.2309676639,0.002123801305,0.03057887168,0.02652800294,0.0002439311474,0.1489786961,0.06650566245,0.0006115350102,0.6042027775,0.2115228564,0.001945001785,0.9237637109,0.05229693858,0.0009682958083,0.745589554,0.2021684527,0.003743218449,0.03143132194,0.02182372614,0.0004040737969,0.1509891776,0.05478304497,0.001014326923,0.5988361859,0.1858814791,0.003441659529,,,,,,,,,,,,
internvl_2_5_8b,hpre_cos,real_real,26,11827,2917,0.9487287755,0.0426139306,0.0003918449877,0.8731433039,0.1226671215,0.001127952668,0.02292196009,0.02003509851,0.0001842273834,0.1297246915,0.05536175194,0.0005090641653,0.7219207111,0.1464662251,0.001346790953,0.9469656656,0.03692398351,0.0006836602568,0.8691854879,0.1068668041,0.001978675641,0.02412031035,0.01763112791,0.0003264463984,0.1324703571,0.0478262839,0.000885520099,0.7160691236,0.1334422062,0.002470728353,,,,,,,,,,,,
internvl_2_5_8b,hpre_cos,real_real,27,11827,2917,0.9628128177,0.02501295524,0.0002299999319,0.8597648328,0.1082429195,0.000995318781,0.01487144864,0.009834766764,9.043296423e-05,0.1073988865,0.03493989013,0.0003212804035,0.6839303078,0.1341400238,0.001233448669,0.962517045,0.02114768252,0.0003915566167,0.8576510832,0.09714446531,0.001798663194,0.01509081402,0.008230759044,0.0001523953351,0.1077683451,0.02971700045,0.0005502204861,0.6810475564,0.1176197191,0.002177769561,,,,,,,,,,,,
internvl_2_5_8b,hpre_cos,real_real,28,11827,2917,0.9451558505,0.0466664167,0.0004291085385,0.6597817892,0.2198932659,0.002021969644,0.02176097213,0.02200623899,0.0002023524778,0.1269478592,0.05559970424,0.0005112521919,0.4950616175,0.1887369279,0.001735479881,0.9420255749,0.04153508069,0.0007690363074,0.6442924799,0.1924448858,0.003563183264,0.0228926267,0.01982467731,0.0003670607203,0.1297098018,0.04827900582,0.000893902401,0.485191275,0.1633040705,0.003023631043,,,,,,,,,,,,
internvl_2_5_8b,hpre_cos,real_real,29,11827,2917,0.9407973231,0.0512313037,0.0004710837345,0.4863395886,0.3000362809,0.002758903278,0.02166863007,0.02059191812,0.000189347469,0.1276484648,0.05481443616,0.0005040314696,0.4083505961,0.1965247946,0.001807091124,0.9395271615,0.04255557917,0.0007879311877,0.4907388909,0.241742045,0.004475937125,0.02217231176,0.01706654692,0.0003159929872,0.1287322019,0.04642257117,0.0008595298748,0.4128989912,0.1630468072,0.003018867724,,,,,,,,,,,,
internvl_2_5_8b,hpre_cos,real_real,30,11827,2917,0.9489217975,0.04977970911,0.0004577359851,0.6865473529,0.2542890131,0.002338246527,0.02035508621,0.02124808111,0.00019538104,0.1213089169,0.05812223031,0.0005344474049,0.5094777839,0.1970735395,0.00181213696,0.9484857407,0.04044709687,0.0007488919126,0.6861812491,0.1996879337,0.003697290785,0.02052814965,0.0174137805,0.0003224221364,0.121908078,0.04749593372,0.0008794035517,0.5067606389,0.1583659198,0.002932199483,,,,,,,,,,,,
internvl_2_5_8b,hpre_cos,real_real,31,11827,2917,0.9775930889,0.02334496197,0.0002146623465,0.9170692734,0.08699906558,0.000799976611,0.01021033288,0.01123508003,0.0001033091699,0.08548541932,0.0410930858,0.0003778604666,0.7166996068,0.136248653,0.001252838004,0.97803642,0.01854098911,0.0003432927916,0.9210842599,0.07096553217,0.001313951241,0.01004882877,0.008779836993,0.0001625617022,0.08483232536,0.03278603255,0.0006070446712,0.7243223672,0.1111976197,0.002058862181,,,,,,,,,,,,
internvl_2_5_8b,hpre_cos,real_real,32,11827,2917,0.9907285692,0.01690514727,0.0001554467549,0.9865996485,0.04703496397,0.0004324974162,0.00503623799,0.0089979294,8.273805034e-05,0.0549337167,0.03664323008,0.0003369430099,0.9236070009,0.0629255891,0.0005786154044,0.9908219264,0.01578129838,0.0002921961684,0.9861937783,0.04932512217,0.0009132716052,0.005008034594,0.00820763491,0.0001519671838,0.05414590917,0.03113356739,0.0005764487104,0.9254025182,0.05808966103,0.001075550057,,,,,,,,,,,,
internvl_2_5_8b,hpre_cos,mixed,1,4472,1270,0.9390290399,0.04278753353,0.0006398325868,0.4751178912,0.2780593318,0.004158020033,0.02151663468,0.0138120935,0.0002065421113,0.1285741804,0.0444194903,0.0006642364034,0.3328208855,0.2261070421,0.003381140292,0.9377028791,0.03325378596,0.0009331237358,0.4772501024,0.2026199265,0.005685652244,0.02203922293,0.01049887054,0.0002946054115,0.1302683215,0.03278850972,0.0009200677695,0.3301735428,0.1664597365,0.004670972844,,,,,,,,,,,,
internvl_2_5_8b,hpre_cos,mixed,2,4472,1270,0.9445000446,0.03931752297,0.0005879430375,0.3391489063,0.3841674955,0.005744731284,0.02039272224,0.0142706475,0.0002133991972,0.126979147,0.043506339,0.0006505813991,0.2936675425,0.2240340806,0.003350141817,0.9442974655,0.02955093519,0.0008292192375,0.3469092504,0.2974190984,0.008345781155,0.02051440137,0.01071669624,0.0003007177482,0.1274811938,0.03268357977,0.0009171233641,0.2972652051,0.1748300287,0.004905848906,,,,,,,,,,,,
internvl_2_5_8b,hpre_cos,mixed,3,4472,1270,0.9465799736,0.04141410656,0.0006192947511,0.6167038721,0.2252377491,0.003368141133,0.01836041753,0.01251280688,0.0001871129493,0.1184398313,0.03823793142,0.000571799133,0.4249496869,0.1964956036,0.002938339278,0.9454570541,0.03320156486,0.0009316583761,0.6140089899,0.1851068588,0.005194223713,0.01882405843,0.01007579923,0.0002827337442,0.1198202229,0.03060013188,0.0008586604065,0.4234823723,0.1563184954,0.004386402755,,,,,,,,,,,,
internvl_2_5_8b,hpre_cos,mixed,4,4472,1270,0.9424087205,0.03674513267,0.0005494762457,0.3954102176,0.2936618306,0.004391335355,0.02016466347,0.01151230376,0.0001721517107,0.1270239197,0.03520790507,0.0005264889822,0.3026050984,0.1989101006,0.002974444978,0.940353358,0.02972158109,0.0008340076768,0.3923960019,0.2385141316,0.006692867926,0.02090274373,0.009385973765,0.000263376775,0.1292944405,0.02818353666,0.0007908491096,0.3001838491,0.1582631605,0.004440971374,,,,,,,,,,,,
internvl_2_5_8b,hpre_cos,mixed,5,4472,1270,0.9020012235,0.08169196922,0.001221598435,0.4298499006,0.3165594565,0.004733739929,0.03124098132,0.02235452884,0.0003342832557,0.1530849017,0.05314137227,0.0007946609417,0.3220315295,0.2185926639,0.003268772421,0.8983060834,0.06805850711,0.001909767762,0.430379944,0.2546601723,0.007145936753,0.03249360433,0.01861868958,0.0005224530283,0.1561156183,0.04329686615,0.001214939362,0.3263073219,0.1733675094,0.004864809624,,,,,,,,,,,,
internvl_2_5_8b,hpre_cos,mixed,6,4472,1270,0.9174765982,0.06217536398,0.0009297526801,0.4695013641,0.2866039083,0.004285793195,0.02731097819,0.01856791955,0.0002776593792,0.1453089783,0.04746626357,0.0007097969829,0.3487184146,0.2070433688,0.003096067553,0.9144596378,0.05124211103,0.001437888309,0.4639766386,0.2293700237,0.006436278072,0.0283377173,0.0151402598,0.0004248459348,0.1480710325,0.03801822902,0.001066817232,0.3479933221,0.1605178989,0.00450424086,,,,,,,,,,,,
internvl_2_5_8b,hpre_cos,mixed,7,4472,1270,0.9202588978,0.05583380581,0.0008349228259,0.4421213212,0.2653121806,0.003967402765,0.02709158759,0.01743674711,0.0002607441489,0.1466031523,0.04463137362,0.0006674048463,0.3560697115,0.1943806942,0.002906713525,0.9168059287,0.04747990147,0.001332318163,0.4405200543,0.2200641372,0.006175148598,0.02846076288,0.01481454866,0.00041570626,0.1503638976,0.03710558516,0.001041207828,0.3555125092,0.1613725076,0.004528221758,,,,,,,,,,,,
internvl_2_5_8b,hpre_cos,mixed,8,4472,1270,0.9428000448,0.03566794223,0.0005333682468,0.4992321608,0.2436302933,0.003643177999,0.02029629139,0.0117664886,0.0001759527184,0.1274913599,0.03510607984,0.0005249663166,0.32886572,0.1673822365,0.00250298628,0.9423519443,0.02756021096,0.0007733581685,0.5113535148,0.1868413203,0.005242893876,0.02052102291,0.009206969537,0.0002583537952,0.1282216747,0.02725066681,0.0007646721503,0.3407052243,0.1293486797,0.003629611478,,,,,,,,,,,,
internvl_2_5_8b,hpre_cos,mixed,9,4472,1270,0.9367923781,0.03894136029,0.0005823180079,0.5244413768,0.2770790452,0.004143361106,0.02401561007,0.0153634062,0.0002297399995,0.1394416369,0.04196232448,0.0006274926457,0.3708631485,0.1814374091,0.002713163326,0.9347100149,0.03510611239,0.0009851012686,0.5323815146,0.2381440348,0.006682482759,0.02486918922,0.01367875251,0.0003838350512,0.1414699532,0.03544656253,0.0009946545301,0.3787449811,0.1530225171,0.004293915374,,,,,,,,,,,,
internvl_2_5_8b,hpre_cos,mixed,10,4472,1270,0.9505616476,0.03137347647,0.0004691500292,0.499632035,0.2795377932,0.004180128523,0.01877287045,0.01264491312,0.0001890884284,0.1241287259,0.03536933021,0.0005289028877,0.3452873435,0.1729274617,0.002585907998,0.9498599031,0.03052216346,0.0008564725599,0.5139856401,0.2392964849,0.006714821288,0.01906354653,0.01244753586,0.0003492862789,0.1244935345,0.03075333399,0.0008629593615,0.3582698501,0.1474577429,0.004137764046,,,,,,,,,,,,
internvl_2_5_8b,hpre_cos,mixed,11,4472,1270,0.9389840413,0.03950193371,0.0005907006632,0.4725514844,0.3329103097,0.004978245929,0.02359505865,0.01578503211,0.0002360448733,0.1384358837,0.0436300977,0.0006524320513,0.3575651275,0.1964501853,0.002937660106,0.9376828429,0.03285235538,0.000921859322,0.502914559,0.2794908178,0.007842701467,0.02420048234,0.01324419139,0.0003716409723,0.1398089241,0.03503336379,0.0009830598937,0.3788616071,0.1687042138,0.004733954395,,,,,,,,,,,,
internvl_2_5_8b,hpre_cos,mixed,12,4472,1270,0.954018586,0.02885937719,0.0004315549048,0.6983577338,0.208303611,0.003114912856,0.01783602807,0.01190655833,0.0001780472813,0.1211111906,0.03470050435,0.0005189014564,0.4868696892,0.1654555242,0.002474174772,0.953661155,0.02545441551,0.0007142681233,0.7135168353,0.175309646,0.004919307292,0.01806861781,0.01066187199,0.0002991793425,0.1214207784,0.02911696141,0.0008170416395,0.5048171566,0.136933761,0.003842453991,,,,,,,,,,,,
internvl_2_5_8b,hpre_cos,mixed,13,4472,1270,0.9452969199,0.0399748641,0.0005977727294,0.4518120925,0.3690035114,0.005517973385,0.02188385285,0.01689062858,0.0002525776479,0.1316563667,0.04446073626,0.0006648531837,0.3155257715,0.1891983692,0.002829218513,0.9445416729,0.03463167428,0.0009717882144,0.4778194093,0.3003351062,0.008427606307,0.02223985303,0.01456121465,0.0004085975362,0.1323358769,0.03635525232,0.00102015298,0.3297272948,0.1560368258,0.004378498916,,,,,,,,,,,,
internvl_2_5_8b,hpre_cos,mixed,14,4472,1270,0.924445611,0.06136292378,0.0009176036808,0.228868108,0.435790535,0.006516687509,0.02932270251,0.02543387398,0.0003803309057,0.150414295,0.05944863232,0.0008889779116,0.2600276722,0.210328064,0.003145185949,0.92152065,0.05280229226,0.00148166805,0.2516736368,0.3583168298,0.0100546127,0.03074287835,0.02232371055,0.0006264184238,0.1531641658,0.04968872544,0.001394299258,0.2747036161,0.1780309684,0.004995669441,,,,,,,,,,,,
internvl_2_5_8b,hpre_cos,mixed,15,4472,1270,0.9240198234,0.05744407329,0.0008590023069,0.4828694913,0.3482297135,0.005207327929,0.02978508984,0.02407154702,0.0003599590565,0.1529310531,0.05761149334,0.0008615058587,0.3623728198,0.2117946415,0.003167116731,0.9223954983,0.0458614654,0.001286903752,0.5126419542,0.2828479584,0.007936905107,0.03062143269,0.0193017358,0.0005416197672,0.1547399461,0.04495398111,0.001261439129,0.384288419,0.1785964187,0.00501153636,,,,,,,,,,,,
internvl_2_5_8b,hpre_cos,mixed,16,4472,1270,0.9405291226,0.049838209,0.0007452663792,0.5655622609,0.3824952421,0.005719724883,0.02415267785,0.02195199711,0.0003282639109,0.1359696447,0.05571385529,0.0008331291199,0.4168087545,0.2217240117,0.003315597704,0.9414492911,0.03809605316,0.00106900103,0.5997794366,0.3065858087,0.008603005246,0.02386884256,0.01678141838,0.0004708979553,0.1350605778,0.04237181209,0.001188981719,0.4389555163,0.184602619,0.005180074403,,,,,,,,,,,,
internvl_2_5_8b,hpre_cos,mixed,17,4472,1270,0.9480518981,0.03730871851,0.0005579039479,0.5611139876,0.3065925706,0.004584697957,0.02045669701,0.01586631709,0.0002372603856,0.1277735908,0.04449730162,0.0006653999718,0.3810026275,0.188810608,0.002823420042,0.949506374,0.02844662897,0.0007982316577,0.5885177434,0.2470947733,0.006933646538,0.01990942986,0.01196616648,0.0003357787286,0.1259105219,0.03379549811,0.0009483245451,0.3980416608,0.1572210784,0.004411729846,,,,,,,,,,,,
internvl_2_5_8b,hpre_cos,mixed,18,4472,1270,0.9191933895,0.06434251953,0.0009621597067,0.5648639841,0.3525947207,0.005272601004,0.03197471959,0.028149339,0.000420937196,0.1584719401,0.06561374955,0.0009811693183,0.4211901834,0.2178278666,0.00325733586,0.9221347444,0.04860394139,0.001363859484,0.5944577849,0.2875156764,0.008067884432,0.03068335596,0.02096267113,0.0005882267366,0.1547673167,0.04982771427,0.001398199379,0.4379281008,0.1811074394,0.0050819973,,,,,,,,,,,,
internvl_2_5_8b,hpre_cos,mixed,19,4472,1270,0.9211385515,0.05378775785,0.0008043268075,0.7116687379,0.2232869765,0.003338969835,0.03196027681,0.02472591409,0.0003697442753,0.1604548828,0.05777895828,0.0008640100817,0.4866181239,0.1950643672,0.002916936976,0.9232972181,0.04070035419,0.001142079479,0.7187377174,0.1829957307,0.005134984031,0.03116629526,0.0183835318,0.0005158543417,0.1580812377,0.04455784746,0.001250323351,0.491235202,0.1634321905,0.004586017854,,,,,,,,,,,,
internvl_2_5_8b,hpre_cos,mixed,20,4472,1270,0.9132598726,0.05360796803,0.0008016382818,0.6792983587,0.2069965772,0.003095367845,0.03175033059,0.019850482,0.0002968384527,0.1611949161,0.05162249867,0.0007719481386,0.4770586427,0.1961853179,0.002933699353,0.9150827216,0.04017044805,0.001127209954,0.688478432,0.1627572479,0.004567078507,0.03091473385,0.01437076812,0.0004032534776,0.1587905285,0.03848032241,0.001079783885,0.4846565908,0.1614078243,0.004529212768,,,,,,,,,,,,
internvl_2_5_8b,hpre_cos,mixed,21,4472,1270,0.9250028866,0.05039354423,0.000753570704,0.7573638823,0.1773525111,0.002652078926,0.02853477471,0.02061035616,0.0003082013944,0.1508174886,0.05352771026,0.0008004381299,0.553296903,0.1806057648,0.002700727154,0.9240770776,0.03926511805,0.001101805782,0.7528544102,0.1449670191,0.00406787265,0.02890096925,0.01577364909,0.0004426192669,0.1519489898,0.04152609475,0.001165250318,0.5463114962,0.152796265,0.004287566586,,,,,,,,,,,,
internvl_2_5_8b,hpre_cos,mixed,22,4472,1270,0.9209684441,0.05577762762,0.0008340827532,0.7258060544,0.2164228583,0.003236325768,0.02934863176,0.02171325134,0.0003246937747,0.152071902,0.05547244213,0.0008295190963,0.5375810599,0.1983673464,0.002966328786,0.9203173227,0.04590155126,0.001288028588,0.7248412664,0.1821361763,0.005110864352,0.02961605173,0.01755155823,0.0004925086004,0.152778977,0.04422724523,0.001241046428,0.5381572225,0.1649074169,0.004627413706,,,,,,,,,,,,
internvl_2_5_8b,hpre_cos,mixed,23,4472,1270,0.9294581185,0.04995617882,0.0007470304663,0.7420753213,0.19745177,0.002952637518,0.02662720088,0.01940720933,0.0002902098795,0.1433604536,0.05203647804,0.0007781386681,0.5631778287,0.1860633378,0.002782338147,0.9270030337,0.04161345902,0.001167701818,0.7277188149,0.168686279,0.004733451132,0.0276524518,0.01609065063,0.0004515145446,0.1460856708,0.04244908072,0.001191149929,0.5489754113,0.1551720618,0.004354233052,,,,,,,,,,,,
internvl_2_5_8b,hpre_cos,mixed,24,4472,1270,0.9212005079,0.05923733027,0.000885818161,0.7405081225,0.2068775179,0.003093587466,0.02966848218,0.02269014228,0.0003393019236,0.1496726582,0.05674767406,0.0008485885512,0.5796483676,0.1892250919,0.002829618117,0.9203039697,0.04840118498,0.001358170002,0.7331551244,0.1720976573,0.004829176716,0.03039519612,0.01917786894,0.0005381439795,0.1512132319,0.04598198724,0.001290285676,0.568769436,0.157151766,0.004409784894,,,,,,,,,,,,
internvl_2_5_8b,hpre_cos,mixed,25,4472,1270,0.9301513469,0.05301932376,0.000792835863,0.7576030264,0.2077772594,0.003107041944,0.02842547108,0.02251730833,0.0003367174138,0.1459537978,0.05746423368,0.0008593037797,0.5967827594,0.1896692672,0.002836260188,0.92934187,0.04190382555,0.0011758497,0.7485062481,0.1779523903,0.004993464486,0.02877829716,0.0175318863,0.0004919565928,0.1465110313,0.04414894736,0.001238849337,0.5886007999,0.1623538336,0.004555758429,,,,,,,,,,,,
internvl_2_5_8b,hpre_cos,mixed,26,4472,1270,0.9480428055,0.03795255923,0.0005675317586,0.8613952457,0.1180490198,0.001765271412,0.02270813951,0.01762441282,0.0002635504483,0.1311612105,0.04903785291,0.0007332980822,0.7008329606,0.1421253224,0.002125301582,0.9474765503,0.03117917371,0.0008749087122,0.8560281085,0.112038329,0.003143871323,0.02317303282,0.01431801625,0.0004017732244,0.1321606581,0.03838741573,0.001077176861,0.691687001,0.1288592197,0.003615876899,,,,,,,,,,,,
internvl_2_5_8b,hpre_cos,mixed,27,4472,1270,0.9588094192,0.02699979272,0.0004037472084,0.8336762323,0.1258729976,0.001882268946,0.01639216348,0.01037757646,0.0001551833219,0.1133535258,0.03459677978,0.0005173503887,0.6514772473,0.145987701,0.002183058492,0.9583814875,0.02181542107,0.000612155477,0.8302682594,0.112836796,0.00316627685,0.0167147297,0.008532168928,0.0002394184335,0.1144143329,0.02823262294,0.0007922265038,0.6456232082,0.1294050464,0.003631193164,,,,,,,,,,,,
internvl_2_5_8b,hpre_cos,mixed,28,4472,1270,0.9418776343,0.04503752194,0.0006734782725,0.6170197917,0.2288377178,0.003421974039,0.0230944843,0.02135778097,0.0003193781721,0.1325720111,0.05300703822,0.0007926521486,0.4533975291,0.1783865275,0.002667541312,0.9398057605,0.03765134552,0.001056522233,0.6116528358,0.1851040446,0.005194144744,0.0239727024,0.01825030089,0.0005121157922,0.1348082781,0.04440191574,0.001245947801,0.4502490753,0.1421692661,0.003989365809,,,,,,,,,,,,
internvl_2_5_8b,hpre_cos,mixed,29,4472,1270,0.9403670389,0.04755230654,0.0007110836451,0.4467103751,0.2947085129,0.004406987144,0.02186517213,0.01910669122,0.0002857160173,0.1299454936,0.05087195036,0.0007607246529,0.3761390318,0.1829858177,0.002736317787,0.9376114316,0.04033717442,0.001131888409,0.4445405198,0.2232235841,0.006263804817,0.02291631847,0.01652637784,0.0004637413449,0.1326707009,0.04165750451,0.001168937765,0.3772358338,0.1440925138,0.004043333439,,,,,,,,,,,,
internvl_2_5_8b,hpre_cos,mixed,30,4472,1270,0.937391424,0.06007403147,0.0008983299524,0.6072577616,0.2978289566,0.004453649369,0.02490342054,0.0257047242,0.0003843811227,0.1347884259,0.06424492402,0.0009607002913,0.4576042598,0.1990914661,0.002977157066,0.9381041645,0.047594432,0.001335531967,0.610484894,0.2333280666,0.006547343433,0.02474813715,0.02065058868,0.0005794694919,0.1343484978,0.05084596504,0.001426772185,0.4557053952,0.1506424699,0.004227129638,,,,,,,,,,,,
internvl_2_5_8b,hpre_cos,mixed,31,4472,1270,0.9714331964,0.0292510402,0.000437411722,0.8861271271,0.1183327241,0.001769513844,0.01287460084,0.01377899584,0.0002060471784,0.09662286075,0.04531087301,0.0006775658865,0.6710853645,0.1540525306,0.002303657656,0.9715473723,0.02291899909,0.000643122623,0.8913936896,0.09255809044,0.002597242648,0.01291459216,0.01079779827,0.000302993526,0.0967405867,0.03616095105,0.001014700755,0.6788709468,0.1253616462,0.003517732619,,,,,,,,,,,,
internvl_2_5_8b,hpre_cos,mixed,32,4472,1270,0.9910742158,0.01816519126,0.0002716370951,0.987257606,0.04298506222,0.0006427863746,0.004894037062,0.01004506835,0.0001502110905,0.0545009788,0.03582861916,0.0005357709638,0.922524877,0.05924565653,0.0008859426695,0.9905166735,0.01689163713,0.0004739907677,0.9864536493,0.03753843514,0.001053353891,0.005270905827,0.009636218784,0.0002703988196,0.0554516145,0.03190338393,0.0008952305409,0.9220111353,0.05087369247,0.001427550235,,,,,,,,,,,,
internvl_2_5_8b,hpre_cos,hall_hall,1,561,341,0.9458892123,0.03698311297,0.001561428253,0.4960417419,0.2685477763,0.011338096,0.0194606617,0.0123317119,0.0005206452847,0.1221209837,0.04273845343,0.001804418918,0.347092246,0.2261641467,0.00954865776,0.9454356486,0.03583069548,0.001940340946,0.4959127408,0.2539836021,0.01375398317,0.01959176996,0.01193773106,0.0006464643809,0.1221519523,0.0406068994,0.002198986889,0.3452773705,0.2111200029,0.01143278914,,,,,,,,,,,,
internvl_2_5_8b,hpre_cos,hall_hall,2,561,341,0.9484929339,0.03780051673,0.001595939067,0.3471065388,0.3746710728,0.01581862509,0.01902860048,0.0137051224,0.0005786307215,0.1224212098,0.042945924,0.001813178332,0.2927250446,0.2192292124,0.009255864604,0.9481554801,0.03462363196,0.001874974792,0.3495715931,0.3461979877,0.01874767213,0.01914087142,0.0124623071,0.0006748717664,0.1229416188,0.0393826601,0.002132690615,0.2933620479,0.2068527637,0.01120170518,,,,,,,,,,,,
internvl_2_5_8b,hpre_cos,hall_hall,3,561,341,0.9548245271,0.03477435982,0.001468174622,0.6612330585,0.2059930231,0.008697032253,0.0159354517,0.01098436209,0.0004637601311,0.110859978,0.03631816268,0.00153335403,0.4521501783,0.1964462811,0.008293968489,0.95325988,0.03537753958,0.001915801178,0.6545258104,0.2053816295,0.0111220388,0.01648876706,0.01159432259,0.00062786777,0.112298226,0.03668937828,0.001986841227,0.451851173,0.1875098808,0.01015422934,,,,,,,,,,,,
internvl_2_5_8b,hpre_cos,hall_hall,4,561,341,0.947339628,0.0396430401,0.001673730465,0.4145288844,0.2968584632,0.01253337414,0.01855577385,0.01272547548,0.000537269996,0.1215202192,0.03746339184,0.001581705643,0.3111073975,0.1978446833,0.008353009074,0.9460833657,0.0428202512,0.002318846609,0.4140157373,0.2783681482,0.01507448038,0.01891463326,0.01363330198,0.0007382846942,0.122039468,0.03698874164,0.002003052661,0.3166666667,0.1924333126,0.01042084813,,,,,,,,,,,,
internvl_2_5_8b,hpre_cos,hall_hall,5,561,341,0.9206182794,0.0679360073,0.002868260476,0.4561423596,0.3058616465,0.01291348884,0.02617464359,0.01952849183,0.0008244935712,0.1405794112,0.04977050133,0.002101312213,0.334280303,0.2111584691,0.008915117554,0.9175889627,0.06759744028,0.003660606624,0.4542497575,0.2829995077,0.01532528256,0.02683468266,0.01882523175,0.001019443455,0.142061265,0.04772106978,0.002584240815,0.3329056696,0.1999166599,0.0108260941,,,,,,,,,,,,
internvl_2_5_8b,hpre_cos,hall_hall,6,561,341,0.9304353197,0.05111885419,0.002158239716,0.4877519503,0.2836585177,0.011976072,0.02374504648,0.01587798722,0.0006703691459,0.1360631517,0.0446056725,0.001883252969,0.3617424242,0.2052389582,0.008665195607,0.9298682337,0.05092717281,0.002757861028,0.4930903679,0.2579406209,0.01396826776,0.02379288059,0.01534566192,0.0008310141838,0.1358780654,0.04326063148,0.002342694539,0.3693456745,0.1923306903,0.01041529081,,,,,,,,,,,,
internvl_2_5_8b,hpre_cos,hall_hall,7,561,341,0.9281697896,0.05716797866,0.002413633951,0.4388538296,0.2886864554,0.0121883517,0.02454730875,0.01838792817,0.000776338936,0.1384696455,0.04647616432,0.001962225196,0.3589572193,0.1983300369,0.00837350072,0.9276019256,0.05523071367,0.002990910832,0.4517668737,0.2582179426,0.01398328557,0.02459422699,0.01749673792,0.0009475014803,0.1381589038,0.04489749342,0.002431335582,0.3658143939,0.1913828015,0.01036395976,,,,,,,,,,,,
internvl_2_5_8b,hpre_cos,hall_hall,8,561,341,0.9498309839,0.03404289756,0.001437292261,0.5300282007,0.2527244572,0.01067003495,0.01806093515,0.01158485262,0.0004891128611,0.1201535963,0.03477665693,0.001468271606,0.3490418895,0.176633167,0.007457458157,0.9505211154,0.03460277214,0.001873845169,0.5476375773,0.2145962167,0.01162103667,0.01766309872,0.01137764352,0.0006161339403,0.1185349887,0.03270918256,0.001771301544,0.3617943548,0.162981103,0.008825921555,,,,,,,,,,,,
internvl_2_5_8b,hpre_cos,hall_hall,9,561,341,0.9393964648,0.04333701904,0.001829690378,0.5081411283,0.3220464697,0.01359681261,0.02305027937,0.01710518972,0.0007221816761,0.135645419,0.04548906621,0.001920549881,0.3663101604,0.1960148991,0.008275755528,0.9394303273,0.04102141968,0.002221434421,0.5289103802,0.2800049171,0.01516311638,0.02298793685,0.01620174429,0.0008773736436,0.1353245343,0.04371773958,0.00236744833,0.3760630499,0.1841001751,0.009969583429,,,,,,,,,,,,
internvl_2_5_8b,hpre_cos,hall_hall,10,561,341,0.9542685135,0.02976027175,0.001256479658,0.4758796624,0.2916281966,0.01231255211,0.01745226767,0.01160458031,0.0004899457646,0.1191271012,0.03544433224,0.00149646088,0.3329434046,0.167834574,0.007085981268,0.9541300741,0.02617386646,0.001417394336,0.4800221499,0.2730301795,0.01478541317,0.01746730779,0.01010672723,0.0005473099647,0.1196821206,0.03187107341,0.001725915389,0.3338251466,0.1604763682,0.008690282562,,,,,,,,,,,,
internvl_2_5_8b,hpre_cos,hall_hall,11,561,341,0.9481845949,0.03200743106,0.001351354799,0.4333737855,0.3365228353,0.01420800524,0.01986394148,0.01275387917,0.0005384692007,0.1274636384,0.03843661997,0.001622795367,0.3352829768,0.1922429163,0.008116502288,0.9467318941,0.03332591679,0.001804699575,0.4336282136,0.3274118492,0.01773034569,0.02059226622,0.01348618003,0.0007303175943,0.1292552679,0.03913093776,0.002119059085,0.3395497312,0.1854701936,0.01004377409,,,,,,,,,,,,
internvl_2_5_8b,hpre_cos,hall_hall,12,561,341,0.9551735655,0.02998555251,0.001265991019,0.6741645259,0.2423956444,0.01023395213,0.01717685725,0.01200576039,0.000506883601,0.1182635675,0.03717590172,0.001569567801,0.4627896613,0.1766809406,0.007459475161,0.9548040083,0.03165197196,0.00171405038,0.6836719705,0.2240424756,0.01213258027,0.0174280725,0.01280052418,0.0006931872482,0.1184390802,0.03812556725,0.00206461522,0.4743554497,0.1667062265,0.009027648305,,,,,,,,,,,,
internvl_2_5_8b,hpre_cos,hall_hall,13,561,341,0.9520772676,0.03716103082,0.001568939951,0.4322301214,0.3630894142,0.01532964708,0.01890386396,0.01509522905,0.00063732107,0.1221885857,0.0432472042,0.001825898393,0.3006907308,0.1777598756,0.007505027831,0.950815838,0.03642202891,0.001972363447,0.4308457626,0.3636294861,0.01969164069,0.01949674408,0.01509555231,0.0008174699891,0.1238695245,0.0428290901,0.002319325263,0.3061614125,0.1776078102,0.009618002157,,,,,,,,,,,,
internvl_2_5_8b,hpre_cos,hall_hall,14,561,341,0.9300719978,0.05920459644,0.002499620021,0.1998964115,0.4131589708,0.01744358542,0.02686151888,0.02395555224,0.001011404208,0.1436178137,0.05830192254,0.002461509099,0.2453208556,0.1945270925,0.008212940284,0.9292947299,0.05699978478,0.003086711404,0.217890699,0.3954461381,0.02141460899,0.02724299878,0.02289602617,0.001239889332,0.1440661715,0.05665548027,0.003068066269,0.2577407136,0.1855380884,0.0100474508,,,,,,,,,,,,
internvl_2_5_8b,hpre_cos,hall_hall,15,561,341,0.9351126601,0.04699800735,0.001984257425,0.4654990176,0.3454823844,0.0145862777,0.0250376543,0.01898400555,0.0008015053427,0.1406676406,0.05079284538,0.002144475613,0.3467580214,0.2058912013,0.008692733332,0.9343419574,0.04692681367,0.002541229435,0.4868414904,0.3264589358,0.01767874254,0.02533545053,0.01896149051,0.00102682228,0.1409843447,0.05003731186,0.002709672356,0.3654172776,0.2062017983,0.01116645343,,,,,,,,,,,,
internvl_2_5_8b,hpre_cos,hall_hall,16,561,341,0.9424954774,0.0503482754,0.002125705854,0.4991101934,0.4392662132,0.01854583406,0.0229056592,0.02126189769,0.0008976780241,0.1317127213,0.05656956442,0.002388368882,0.3864193405,0.2334658301,0.009856935072,0.9470296369,0.04118539132,0.002230313983,0.5438319523,0.3774108952,0.02043794584,0.02097936539,0.01705304148,0.0009234739708,0.1267693473,0.04758014132,0.002576609111,0.407169477,0.2183249204,0.0118229573,,,,,,,,,,,,
internvl_2_5_8b,hpre_cos,hall_hall,17,561,341,0.9547726712,0.03404139487,0.001437228818,0.5385180511,0.3088480102,0.01303957321,0.01746218213,0.01416432374,0.0005980182171,0.1180310425,0.04155098535,0.001754283977,0.3652517825,0.1836206286,0.007752469018,0.9556510907,0.03005906529,0.001627789648,0.5564130217,0.2777226192,0.01503952302,0.01717778191,0.01242424242,0.0006728104482,0.1169351215,0.03827887222,0.00207291715,0.3779936461,0.1749165444,0.009472261947,,,,,,,,,,,,
internvl_2_5_8b,hpre_cos,hall_hall,18,561,341,0.9347875893,0.04745508151,0.002003555112,0.5583951593,0.3334069407,0.01407645207,0.02559777936,0.02009417407,0.0008483766942,0.1431130761,0.05506414486,0.002324810018,0.4096479501,0.2137028032,0.009022539425,0.9328402836,0.04867134908,0.002635701324,0.5583326613,0.3273721959,0.01772819835,0.02648506252,0.02087350129,0.001130363469,0.1444545313,0.0550831866,0.002982921793,0.4149163001,0.2136185909,0.01156809526,,,,,,,,,,,,
internvl_2_5_8b,hpre_cos,hall_hall,19,561,341,0.9289100088,0.05679529444,0.002397899211,0.7090864144,0.2639498604,0.01114397184,0.0289908377,0.02544240109,0.001074179016,0.1511260563,0.06243188847,0.002635876397,0.4880236185,0.2066934259,0.008726603282,0.9330172288,0.04926375092,0.002667781682,0.7260544215,0.2234502096,0.01210050727,0.02724013441,0.02191535644,0.001186783088,0.146380319,0.05596361626,0.003030599732,0.5020436217,0.1965243085,0.01064238798,,,,,,,,,,,,
internvl_2_5_8b,hpre_cos,hall_hall,20,561,341,0.9282843404,0.0495312522,0.002091211107,0.7049134329,0.2210991784,0.009334814629,0.02719110344,0.01974574797,0.0008336661326,0.1473354661,0.05524512142,0.002332450854,0.5020053476,0.2048590554,0.008649156096,0.9314021643,0.04575422318,0.0024777301,0.7187209788,0.1914026381,0.01036503397,0.02592955426,0.01833229755,0.0009927495714,0.1433101874,0.0519147782,0.002811342858,0.5094758065,0.1928876501,0.01044545188,,,,,,,,,,,,
internvl_2_5_8b,hpre_cos,hall_hall,21,561,341,0.934908067,0.05381894371,0.002272237584,0.7572387592,0.237748675,0.01003775693,0.02525194627,0.02221097579,0.0009377481327,0.1392194108,0.05809703974,0.002452858941,0.5616087344,0.2111628412,0.008915302145,0.9399205528,0.04521616687,0.002448592717,0.7639258582,0.2175988802,0.01178364002,0.02324076632,0.01923465855,0.001041615159,0.1340381476,0.05048596265,0.002733968159,0.5666697214,0.1955919895,0.01059190007,,,,,,,,,,,,
internvl_2_5_8b,hpre_cos,hall_hall,22,561,341,0.9281799066,0.06555178491,0.002767598528,0.7229450731,0.2713861706,0.0114579331,0.02725842015,0.02758924207,0.001164818713,0.1422854083,0.065205188,0.002752965195,0.5513034759,0.2178032124,0.009195658834,0.9337052945,0.05313682965,0.002877520655,0.7433471321,0.2280698038,0.01235067232,0.02514474805,0.02183564661,0.001182466559,0.1375969079,0.05555045235,0.003008225652,0.5620142962,0.1979648327,0.01072039674,,,,,,,,,,,,
internvl_2_5_8b,hpre_cos,hall_hall,23,561,341,0.9408414006,0.04525497553,0.001910666564,0.7542615574,0.2363384416,0.009978216825,0.02295158687,0.01860803724,0.0007856319482,0.1317001791,0.05328466986,0.002249680525,0.5765931373,0.2021736908,0.008535779915,0.9421252227,0.04220273937,0.002285406469,0.7543305509,0.2273618508,0.01231233452,0.02247749609,0.01747017831,0.0009460631968,0.1300902424,0.05021511685,0.002719301036,0.57659152,0.1929184647,0.01044712059,,,,,,,,,,,,
internvl_2_5_8b,hpre_cos,hall_hall,24,561,341,0.9301545196,0.0616995803,0.002604958322,0.7515654453,0.2670045835,0.01127294235,0.02754010316,0.02615680062,0.001104340988,0.1419345305,0.06316897806,0.002666996344,0.6005459002,0.2043381902,0.008627165154,0.934817304,0.05206785643,0.002819632509,0.7651318094,0.2322789627,0.01257861106,0.02563964796,0.02193936805,0.00118808339,0.1374685563,0.05507656971,0.002982563468,0.6092283724,0.1925719844,0.01042835763,,,,,,,,,,,,
internvl_2_5_8b,hpre_cos,hall_hall,25,561,341,0.9447190989,0.04501694278,0.001900616814,0.8063588054,0.1899360484,0.008019106251,0.02271832667,0.01979756308,0.0008358537682,0.1296516254,0.05476812565,0.002312312077,0.6283979501,0.1796164805,0.007583413752,0.9454319122,0.04543511602,0.002460449478,0.7994338559,0.2075265255,0.01123819143,0.02235475087,0.02011141416,0.001089094137,0.1276623358,0.05315780873,0.002878656736,0.6256995357,0.1781948537,0.009649792347,,,,,,,,,,,,
internvl_2_5_8b,hpre_cos,hall_hall,26,561,341,0.9533954499,0.03564743029,0.001505035687,0.8704886448,0.1104591262,0.004663587963,0.01990003585,0.01616034244,0.0006822901925,0.1222556369,0.04879994621,0.002060335344,0.7078877005,0.1447872326,0.006112921752,0.9548367286,0.03353703077,0.001816132038,0.870069156,0.113208247,0.006130570287,0.01940702585,0.01551065313,0.000839948959,0.1202203621,0.04663573359,0.002525466565,0.7057398583,0.1449436845,0.007849140578,,,,,,,,,,,,
internvl_2_5_8b,hpre_cos,hall_hall,27,561,341,0.9616326315,0.0257127315,0.001085592375,0.8366201979,0.1268163693,0.005354191309,0.01518693163,0.01021554517,0.000431300655,0.1087244639,0.03503801621,0.001479306204,0.6480614973,0.1525138204,0.006439138544,0.9623257381,0.0251366173,0.001361224144,0.8340927007,0.1324823227,0.007174320004,0.01494827945,0.0101544871,0.0005498963064,0.1077328843,0.03367794294,0.00182376286,0.6505101417,0.1488265264,0.008059408258,,,,,,,,,,,,
internvl_2_5_8b,hpre_cos,hall_hall,28,561,341,0.9451533034,0.04294667115,0.001813209877,0.6206216538,0.2403969768,0.01014956832,0.02153510328,0.01902690586,0.0008033165951,0.127866646,0.05200392534,0.002195607449,0.4578877005,0.1923172982,0.008119642692,0.9464207221,0.04160354901,0.002252958492,0.6362026592,0.221817426,0.01201208708,0.02118865923,0.01901500078,0.001029720024,0.126273814,0.04969530201,0.002691151484,0.4715511975,0.1803358937,0.009765736162,,,,,,,,,,,,
internvl_2_5_8b,hpre_cos,hall_hall,29,561,341,0.9428716577,0.05462984563,0.00230647389,0.4694771323,0.3133908615,0.01323137254,0.02138082532,0.02276130058,0.0009609828636,0.1265974579,0.05710167978,0.00241083481,0.3888146168,0.1947284446,0.008221441375,0.9458423467,0.04164376252,0.002255136175,0.4781846618,0.2766698391,0.01498251179,0.02008078862,0.01656317492,0.0008969462097,0.1242784659,0.04707821626,0.002549428345,0.3936003177,0.1838336738,0.009955151575,,,,,,,,,,,,
internvl_2_5_8b,hpre_cos,hall_hall,30,561,341,0.9390878757,0.05875059202,0.002480451939,0.6066367594,0.3086602401,0.01303164555,0.02418243294,0.02490077702,0.00105131163,0.1320967913,0.06483133021,0.002737180907,0.4670231729,0.2112856213,0.008920485921,0.9415750397,0.05441643764,0.002946815312,0.6202805739,0.2812607895,0.01523112569,0.02328001294,0.02335395989,0.001264687833,0.1287856642,0.06052322658,0.003277516474,0.4793652248,0.1954004182,0.0105815259,,,,,,,,,,,,
internvl_2_5_8b,hpre_cos,hall_hall,31,561,341,0.9716195258,0.02693232418,0.001137083618,0.8805445059,0.1130994519,0.004775062603,0.0126864574,0.01249608688,0.0005275852015,0.09653119132,0.04371023899,0.001845447737,0.6629901961,0.1566451586,0.006613563779,0.9726751749,0.02535904548,0.001373269305,0.8860397534,0.1028231452,0.005568185495,0.01221748143,0.01185166799,0.0006418038044,0.09432380473,0.0411845555,0.002230268721,0.6744654203,0.1456117144,0.007885316427,,,,,,,,,,,,
internvl_2_5_8b,hpre_cos,hall_hall,32,561,341,0.9913732402,0.02103112068,0.0008879346109,0.9868681517,0.06320553779,0.002668539897,0.004746449561,0.01153303358,0.0004869250593,0.05384900979,0.0355547445,0.001501122489,0.9228498217,0.06343750137,0.002678333407,0.990582846,0.02582414999,0.001398456127,0.9848208552,0.08051311193,0.004360029457,0.005217604646,0.01405229462,0.0007609744182,0.05511581815,0.03820497526,0.002068915405,0.9218597263,0.06980695908,0.003780258776,,,,,,,,,,,,
