model,scope,metric,label,layer,n_total,n_valid,n_undefined,mean,q25,median,q75
llava_1_5_7b,all,amp_mean,REAL,1,11976,11976,0,1.461467373041183,1.0458287709374121,1.3362461878282286,1.967557770713059
llava_1_5_7b,all,amp_mean,REAL,2,11976,11976,0,0.8101833484712363,0.6784638071630396,0.7763920934181658,0.8934778327277197
llava_1_5_7b,all,amp_mean,REAL,3,11976,11976,0,0.5530910541701853,0.5044240015806513,0.5459606301254296,0.5840961201071737
llava_1_5_7b,all,amp_mean,REAL,4,11976,11976,0,0.7405157878905049,0.7003902786755093,0.733863429215277,0.773334278681341
llava_1_5_7b,all,amp_mean,REAL,5,11976,11976,0,0.7404000287907314,0.704704406948482,0.7422417533126742,0.7768606903874521
llava_1_5_7b,all,amp_mean,REAL,6,11976,11976,0,0.7275536507488191,0.6848636377313371,0.7349452791667518,0.7721500005995469
llava_1_5_7b,all,amp_mean,REAL,7,11976,11976,0,0.6975493244308266,0.6603714074472067,0.6999472904985716,0.7343257017330106
llava_1_5_7b,all,amp_mean,REAL,8,11976,11976,0,0.7027324252592582,0.6723335546484906,0.7012394507988005,0.7338118298346693
llava_1_5_7b,all,amp_mean,REAL,9,11976,11976,0,0.6188566197382873,0.5988090859593316,0.6193616031322293,0.6389833952243973
llava_1_5_7b,all,amp_mean,REAL,10,11976,11976,0,0.615779173663844,0.5893973680914555,0.6157012896387823,0.6419518350225863
llava_1_5_7b,all,amp_mean,REAL,11,11976,11976,0,0.6165937431561084,0.5981168936555382,0.6178669518942788,0.6366857222211586
llava_1_5_7b,all,amp_mean,REAL,12,11976,11976,0,0.5728663215195694,0.5538129759393782,0.5738652406940594,0.5927014846985574
llava_1_5_7b,all,amp_mean,REAL,13,11976,11976,0,0.5482656113996911,0.5228911831740473,0.5486890057433595,0.5737219766245478
llava_1_5_7b,all,amp_mean,REAL,14,11976,11976,0,0.5128841087823768,0.49322219529308875,0.5164433731692873,0.5344684818688987
llava_1_5_7b,all,amp_mean,REAL,15,11976,11976,0,0.47937039251988184,0.4629865236309298,0.4794778346102211,0.49591392236659754
llava_1_5_7b,all,amp_mean,REAL,16,11976,11976,0,0.4580263220731843,0.4392712093441002,0.4572850279190476,0.4756667200192862
llava_1_5_7b,all,amp_mean,REAL,17,11976,11976,0,0.45541783455712365,0.43552144352432653,0.45297250278434215,0.47318975684706305
llava_1_5_7b,all,amp_mean,REAL,18,11976,11976,0,0.4008594171814516,0.38381976917906135,0.39858878689637517,0.41528725121471527
llava_1_5_7b,all,amp_mean,REAL,19,11976,11976,0,0.43286268112414983,0.4148047064614534,0.4309757105757123,0.4486040553854311
llava_1_5_7b,all,amp_mean,REAL,20,11976,11976,0,0.3515832958664046,0.33399819752283155,0.34782117427042847,0.3657157663300053
llava_1_5_7b,all,amp_mean,REAL,21,11976,11976,0,0.3660688918669288,0.34448303914094425,0.36240454483747253,0.38517546209890685
llava_1_5_7b,all,amp_mean,REAL,22,11976,11976,0,0.2961225654303583,0.27775760755586537,0.2920461116941562,0.31227103419245605
llava_1_5_7b,all,amp_mean,REAL,23,11976,11976,0,0.25909979972658875,0.24463837044085535,0.25712927498477234,0.2724852114435766
llava_1_5_7b,all,amp_mean,REAL,24,11976,11976,0,0.2588527482473478,0.24162077086276834,0.2572520657320342,0.27396863009160033
llava_1_5_7b,all,amp_mean,REAL,25,11976,11976,0,0.2388483869155356,0.22363666375160568,0.23758226743920108,0.25195053636967807
llava_1_5_7b,all,amp_mean,REAL,26,11976,11976,0,0.26567986761354867,0.24870119985222844,0.2630870761295868,0.27940935500998954
llava_1_5_7b,all,amp_mean,REAL,27,11976,11976,0,0.23980647025678822,0.22634922806401625,0.23807278869468596,0.250964863897597
llava_1_5_7b,all,amp_mean,REAL,28,11976,11976,0,0.24127452683942435,0.227120299444189,0.24015126169824505,0.25346923249323056
llava_1_5_7b,all,amp_mean,REAL,29,11976,11976,0,0.24266719320121596,0.22572581489719404,0.24033386948881694,0.25682277758253547
llava_1_5_7b,all,amp_mean,REAL,30,11976,11976,0,0.23005922944014656,0.2172499434451063,0.22850039516907555,0.24051471386118986
llava_1_5_7b,all,amp_mean,REAL,31,11976,11976,0,0.36544509642102135,0.34598016204281057,0.3616086528341712,0.380994966265657
llava_1_5_7b,all,amp_mean,REAL,32,11976,11976,0,1.539639987697499,1.4226210515822528,1.5345320851726658,1.6519146746876456
llava_1_5_7b,all,amp_mean,HALL,1,3487,3487,0,1.3850719151933388,1.0369580760122021,1.4181479437980498,1.60757755196672
llava_1_5_7b,all,amp_mean,HALL,2,3487,3487,0,0.8652446868840725,0.7302595504451836,0.8201666886120028,0.972642038990023
llava_1_5_7b,all,amp_mean,HALL,3,3487,3487,0,0.5567558254836867,0.5236871633175012,0.5545549667626462,0.5826389260747378
llava_1_5_7b,all,amp_mean,HALL,4,3487,3487,0,0.7289975754423211,0.6867818483981746,0.725647915600175,0.764174127220795
llava_1_5_7b,all,amp_mean,HALL,5,3487,3487,0,0.7226375108310832,0.6943388919899649,0.7260032874762032,0.7515388230727318
llava_1_5_7b,all,amp_mean,HALL,6,3487,3487,0,0.7102061218581973,0.6757726303390321,0.7132596032479717,0.7489703410046371
llava_1_5_7b,all,amp_mean,HALL,7,3487,3487,0,0.6689414097579688,0.6367637523809285,0.6640260928926307,0.7000476738649186
llava_1_5_7b,all,amp_mean,HALL,8,3487,3487,0,0.7137791000993324,0.6804256000452851,0.7171796789286308,0.7496843339421582
llava_1_5_7b,all,amp_mean,HALL,9,3487,3487,0,0.6214328716498232,0.6025256341705195,0.6215655294309053,0.6402763371749309
llava_1_5_7b,all,amp_mean,HALL,10,3487,3487,0,0.6204918125236802,0.6005151241596093,0.6217971906774542,0.6431114482764397
llava_1_5_7b,all,amp_mean,HALL,11,3487,3487,0,0.6218198111271029,0.6054900083797505,0.6234269126690218,0.6409536488044758
llava_1_5_7b,all,amp_mean,HALL,12,3487,3487,0,0.580685996352961,0.5600605039279913,0.5828889315445969,0.6043941565264719
llava_1_5_7b,all,amp_mean,HALL,13,3487,3487,0,0.5704457013819008,0.5496796333802885,0.574440081390834,0.5962277795733173
llava_1_5_7b,all,amp_mean,HALL,14,3487,3487,0,0.5170279046991749,0.49967039641108785,0.518796547606878,0.5365857490416619
llava_1_5_7b,all,amp_mean,HALL,15,3487,3487,0,0.47699398683346744,0.4608718266893899,0.47623680416229763,0.493101207267186
llava_1_5_7b,all,amp_mean,HALL,16,3487,3487,0,0.4659445686122943,0.45056412536675206,0.46619625595333186,0.48166440462179855
llava_1_5_7b,all,amp_mean,HALL,17,3487,3487,0,0.44876734993562506,0.43178162399474285,0.4444221790696236,0.4618164086672444
llava_1_5_7b,all,amp_mean,HALL,18,3487,3487,0,0.3993065595754227,0.3836264481634708,0.39687999862278966,0.411758619197394
llava_1_5_7b,all,amp_mean,HALL,19,3487,3487,0,0.4273672815225914,0.41159326484074665,0.4249286609509528,0.4409620408943493
llava_1_5_7b,all,amp_mean,HALL,20,3487,3487,0,0.3452607885091321,0.3295682638585261,0.34189133786728937,0.3576223745144611
llava_1_5_7b,all,amp_mean,HALL,21,3487,3487,0,0.35972110330002427,0.3433366577922929,0.35609815372867226,0.3713678340809722
llava_1_5_7b,all,amp_mean,HALL,22,3487,3487,0,0.2935336907395015,0.28045369904574347,0.2902276140852408,0.3029281948008035
llava_1_5_7b,all,amp_mean,HALL,23,3487,3487,0,0.25880687168682065,0.24878496813947362,0.2568922069648319,0.26799020956032865
llava_1_5_7b,all,amp_mean,HALL,24,3487,3487,0,0.25625287765593796,0.24238001142011578,0.25302996032592134,0.26573461712155344
llava_1_5_7b,all,amp_mean,HALL,25,3487,3487,0,0.23879076257368778,0.22874850708447153,0.2371829009463693,0.24685860197639897
llava_1_5_7b,all,amp_mean,HALL,26,3487,3487,0,0.26284895555069576,0.25015655949542653,0.26003519871762176,0.27211100049178283
llava_1_5_7b,all,amp_mean,HALL,27,3487,3487,0,0.24090512371263145,0.2299056463607662,0.2391240661645067,0.24993030216998788
llava_1_5_7b,all,amp_mean,HALL,28,3487,3487,0,0.2406352635787718,0.2305681618273885,0.23935460650194365,0.24946375294228612
llava_1_5_7b,all,amp_mean,HALL,29,3487,3487,0,0.2405793105805084,0.2256998452896501,0.23953901284892679,0.25278359161938774
llava_1_5_7b,all,amp_mean,HALL,30,3487,3487,0,0.23044236628897763,0.22153992395043798,0.22927500513651466,0.23748792330166021
llava_1_5_7b,all,amp_mean,HALL,31,3487,3487,0,0.3689576467311542,0.3530421022124561,0.3661058066893604,0.3817686157374002
llava_1_5_7b,all,amp_mean,HALL,32,3487,3487,0,1.4630992920716694,1.363248363409481,1.452364259010941,1.5488570119816147
llava_1_5_7b,all,amp_median,REAL,1,11976,11976,0,1.4298858629666709,1.0329654140873035,1.3148825048397652,1.9171679827823556
llava_1_5_7b,all,amp_median,REAL,2,11976,11976,0,0.796309731368229,0.6716825004075109,0.7698732295712916,0.8804654726537673
llava_1_5_7b,all,amp_median,REAL,3,11976,11976,0,0.5459612851310923,0.49660459875965857,0.5382400696884374,0.578320154285263
llava_1_5_7b,all,amp_median,REAL,4,11976,11976,0,0.7402762680427653,0.6975540178384845,0.7336031478548036,0.774935710667029
llava_1_5_7b,all,amp_median,REAL,5,11976,11976,0,0.737804973256211,0.6988686684499208,0.738368184629899,0.7752146291444154
llava_1_5_7b,all,amp_median,REAL,6,11976,11976,0,0.7290187893713933,0.6843137047875254,0.7347570020941142,0.773463021481394
llava_1_5_7b,all,amp_median,REAL,7,11976,11976,0,0.6947783557943551,0.6556654669503834,0.6979992134275645,0.732662194005339
llava_1_5_7b,all,amp_median,REAL,8,11976,11976,0,0.6995819862532026,0.6658868758765547,0.6971851521736384,0.7325533062063556
llava_1_5_7b,all,amp_median,REAL,9,11976,11976,0,0.6169729169037328,0.596253742262852,0.6176016837881633,0.6376504369796401
llava_1_5_7b,all,amp_median,REAL,10,11976,11976,0,0.6116825942578189,0.5849501034311471,0.6111076794705255,0.6381327271673353
llava_1_5_7b,all,amp_median,REAL,11,11976,11976,0,0.6147929362486273,0.5964218600461537,0.6165615995629569,0.6351630987217733
llava_1_5_7b,all,amp_median,REAL,12,11976,11976,0,0.572794263023254,0.5540668227520793,0.5738710452599007,0.5924161388526263
llava_1_5_7b,all,amp_median,REAL,13,11976,11976,0,0.544275914467899,0.5186033878702729,0.5440085946679634,0.5700557951087271
llava_1_5_7b,all,amp_median,REAL,14,11976,11976,0,0.5123515317918413,0.4926427773074601,0.5153741162054336,0.5342111838469099
llava_1_5_7b,all,amp_median,REAL,15,11976,11976,0,0.47666170229723626,0.46064153588189105,0.47661703183607834,0.4923154729100013
llava_1_5_7b,all,amp_median,REAL,16,11976,11976,0,0.4557967249350877,0.43744817299155025,0.4547661740429664,0.47328512115153987
llava_1_5_7b,all,amp_median,REAL,17,11976,11976,0,0.4527585245136359,0.433530804926069,0.4508467082180966,0.4704887357656803
llava_1_5_7b,all,amp_median,REAL,18,11976,11976,0,0.39511345736551284,0.3787711470717044,0.39320081092794246,0.40936775548062226
llava_1_5_7b,all,amp_median,REAL,19,11976,11976,0,0.42720840863055803,0.40983720214123537,0.42542737938445996,0.44262774465008714
llava_1_5_7b,all,amp_median,REAL,20,11976,11976,0,0.34605130561573555,0.32764446960168103,0.34227213424472624,0.3605727718537006
llava_1_5_7b,all,amp_median,REAL,21,11976,11976,0,0.36288686419330324,0.3423526779670589,0.3601347893210397,0.3815201005743104
llava_1_5_7b,all,amp_median,REAL,22,11976,11976,0,0.2870568642306443,0.26974087881631903,0.2839817103468907,0.3028087561669517
llava_1_5_7b,all,amp_median,REAL,23,11976,11976,0,0.25773172929266436,0.24422702800579546,0.25714447764495924,0.27069206325341516
llava_1_5_7b,all,amp_median,REAL,24,11976,11976,0,0.25215748769108237,0.23492572595309838,0.25049703760382386,0.26744987998067593
llava_1_5_7b,all,amp_median,REAL,25,11976,11976,0,0.2355490333201462,0.22057261734414801,0.234905332932747,0.2495797749872155
llava_1_5_7b,all,amp_median,REAL,26,11976,11976,0,0.24986206502457495,0.23424631127290824,0.2475970804591449,0.26340220555961924
llava_1_5_7b,all,amp_median,REAL,27,11976,11976,0,0.22759417606193058,0.21417314351973157,0.2260970130876332,0.23872365216773744
llava_1_5_7b,all,amp_median,REAL,28,11976,11976,0,0.23227231868184384,0.21791971872318563,0.23013156157080217,0.2439747969259381
llava_1_5_7b,all,amp_median,REAL,29,11976,11976,0,0.22996450222966547,0.21431330664927206,0.22714385174421967,0.2429924675727029
llava_1_5_7b,all,amp_median,REAL,30,11976,11976,0,0.2190539229566249,0.20748679351720947,0.21764516350088436,0.2285288824624765
llava_1_5_7b,all,amp_median,REAL,31,11976,11976,0,0.34194051502990513,0.317219713679871,0.3370870908276291,0.36077787152095336
llava_1_5_7b,all,amp_median,REAL,32,11976,11976,0,1.607499325402386,1.479562431513585,1.6197917666337824,1.7498417224513836
llava_1_5_7b,all,amp_median,HALL,1,3487,3487,0,1.3634852094262904,1.023915019189705,1.4111708614108824,1.5842977531042655
llava_1_5_7b,all,amp_median,HALL,2,3487,3487,0,0.8359884028077186,0.7207596953461294,0.8015163884131558,0.9332213292615864
llava_1_5_7b,all,amp_median,HALL,3,3487,3487,0,0.5488960303495132,0.5141561582239612,0.5463064587536418,0.5758493179895201
llava_1_5_7b,all,amp_median,HALL,4,3487,3487,0,0.7265539554194412,0.6813309660600171,0.7222895751266698,0.7640992149422884
llava_1_5_7b,all,amp_median,HALL,5,3487,3487,0,0.7197611218230615,0.6909441253622923,0.7233207241248435,0.7484292238518275
llava_1_5_7b,all,amp_median,HALL,6,3487,3487,0,0.7147817227307043,0.6786157192756613,0.7186196527123438,0.754690101922193
llava_1_5_7b,all,amp_median,HALL,7,3487,3487,0,0.6665109265809113,0.6337562317481269,0.6628233735830028,0.6965834329167021
llava_1_5_7b,all,amp_median,HALL,8,3487,3487,0,0.7167856750973688,0.6790825258240697,0.7217594381939201,0.7563039567398075
llava_1_5_7b,all,amp_median,HALL,9,3487,3487,0,0.6204557108551195,0.6009234764205245,0.6216968533403524,0.6397533394134957
llava_1_5_7b,all,amp_median,HALL,10,3487,3487,0,0.6166829965460194,0.5960766177561341,0.6177959194916358,0.63916085326306
llava_1_5_7b,all,amp_median,HALL,11,3487,3487,0,0.6200671407442733,0.603963785836902,0.6220276682818038,0.639041579995275
llava_1_5_7b,all,amp_median,HALL,12,3487,3487,0,0.5803679918950531,0.5595758916437716,0.581594789970767,0.60432611364011
llava_1_5_7b,all,amp_median,HALL,13,3487,3487,0,0.5698278512410816,0.5486669855657845,0.5741095659452471,0.595915874301391
llava_1_5_7b,all,amp_median,HALL,14,3487,3487,0,0.5153147864425021,0.49710905347995904,0.5166642641429318,0.5350115260995578
llava_1_5_7b,all,amp_median,HALL,15,3487,3487,0,0.47576790744509245,0.46059985577933915,0.4753108187336378,0.49044629306591603
llava_1_5_7b,all,amp_median,HALL,16,3487,3487,0,0.4639073622487739,0.4484627145523551,0.4640284117752655,0.47963062574864634
llava_1_5_7b,all,amp_median,HALL,17,3487,3487,0,0.44649631614726165,0.43009865070782893,0.4426369103828883,0.4593921257548555
llava_1_5_7b,all,amp_median,HALL,18,3487,3487,0,0.3956565281029784,0.38008584348917424,0.39361893348865234,0.40811482659264664
llava_1_5_7b,all,amp_median,HALL,19,3487,3487,0,0.42184102067918466,0.40589759110558554,0.41960137952779436,0.43526354103549136
llava_1_5_7b,all,amp_median,HALL,20,3487,3487,0,0.3377464167159799,0.3212627223700689,0.3336442289545235,0.3504015275328195
llava_1_5_7b,all,amp_median,HALL,21,3487,3487,0,0.35737144522295794,0.3412907757866111,0.3539119116566617,0.3692277195070681
llava_1_5_7b,all,amp_median,HALL,22,3487,3487,0,0.2861957730498707,0.27396358404632465,0.283575154226454,0.29536942577948777
llava_1_5_7b,all,amp_median,HALL,23,3487,3487,0,0.256747331645864,0.24671435965864333,0.2547108515155302,0.26564507176268015
llava_1_5_7b,all,amp_median,HALL,24,3487,3487,0,0.24683261458268543,0.23276775648536951,0.24268546540925917,0.2552950971412251
llava_1_5_7b,all,amp_median,HALL,25,3487,3487,0,0.23466392765817967,0.22516383781493104,0.2331519583405947,0.24245108060757803
llava_1_5_7b,all,amp_median,HALL,26,3487,3487,0,0.24884087456704068,0.23610280451967405,0.24580958151901505,0.25782685904141706
llava_1_5_7b,all,amp_median,HALL,27,3487,3487,0,0.22777555512629355,0.21777676735358897,0.22554330207202988,0.2351843717931071
llava_1_5_7b,all,amp_median,HALL,28,3487,3487,0,0.23081325224062538,0.2201261786044138,0.22889171929427285,0.238975359894488
llava_1_5_7b,all,amp_median,HALL,29,3487,3487,0,0.22361385494833122,0.21251602258005414,0.22091836963152497,0.232043385666871
llava_1_5_7b,all,amp_median,HALL,30,3487,3487,0,0.2196273763229177,0.21143368426254985,0.21838406161637536,0.22620668709118286
llava_1_5_7b,all,amp_median,HALL,31,3487,3487,0,0.34406596684597696,0.3238652208253389,0.34021311823329903,0.35898554771852215
llava_1_5_7b,all,amp_median,HALL,32,3487,3487,0,1.5091310693145108,1.387942885872741,1.5123309959253057,1.633659117721958
llava_1_5_7b,all,amp_fraction_gt1,REAL,1,11976,11976,0,0.7872929017757738,0.5850694444444444,0.9930555555555556,1.0
llava_1_5_7b,all,amp_fraction_gt1,REAL,2,11976,11976,0,0.14427886444184668,0.0,0.013888888888888888,0.22743055555555555
llava_1_5_7b,all,amp_fraction_gt1,REAL,3,11976,11976,0,0.00038720380575966746,0.0,0.0,0.0
llava_1_5_7b,all,amp_fraction_gt1,REAL,4,11976,11976,0,0.012962585043274957,0.0,0.0,0.005208333333333333
llava_1_5_7b,all,amp_fraction_gt1,REAL,5,11976,11976,0,0.008128106710818083,0.0,0.0,0.0
llava_1_5_7b,all,amp_fraction_gt1,REAL,6,11976,11976,0,0.00545274576931641,0.0,0.0,0.0
llava_1_5_7b,all,amp_fraction_gt1,REAL,7,11976,11976,0,0.0054726060918132554,0.0,0.0,0.0
llava_1_5_7b,all,amp_fraction_gt1,REAL,8,11976,11976,0,0.00499798787389594,0.0,0.0,0.001736111111111111
llava_1_5_7b,all,amp_fraction_gt1,REAL,9,11976,11976,0,2.4789161656646625e-05,0.0,0.0,0.0
llava_1_5_7b,all,amp_fraction_gt1,REAL,10,11976,11976,0,1.6671073628738957e-05,0.0,0.0,0.0
llava_1_5_7b,all,amp_fraction_gt1,REAL,11,11976,11976,0,6.6684294514955835e-06,0.0,0.0,0.0
llava_1_5_7b,all,amp_fraction_gt1,REAL,12,11976,11976,0,6.088566020930751e-06,0.0,0.0,0.0
llava_1_5_7b,all,amp_fraction_gt1,REAL,13,11976,11976,0,0.00011872703740814963,0.0,0.0,0.0
llava_1_5_7b,all,amp_fraction_gt1,REAL,14,11976,11976,0,1.4496585764120832e-07,0.0,0.0,0.0
llava_1_5_7b,all,amp_fraction_gt1,REAL,15,11976,11976,0,1.2756995472426336e-05,0.0,0.0,0.0
llava_1_5_7b,all,amp_fraction_gt1,REAL,16,11976,11976,0,4.34897572923625e-06,0.0,0.0,0.0
llava_1_5_7b,all,amp_fraction_gt1,REAL,17,11976,11976,0,2.1309981073257625e-05,0.0,0.0,0.0
llava_1_5_7b,all,amp_fraction_gt1,REAL,18,11976,11976,0,1.7250937059303794e-05,0.0,0.0,0.0
llava_1_5_7b,all,amp_fraction_gt1,REAL,19,11976,11976,0,7.248292882060417e-06,0.0,0.0,0.0
llava_1_5_7b,all,amp_fraction_gt1,REAL,20,11976,11976,0,8.263053885548876e-06,0.0,0.0,0.0
llava_1_5_7b,all,amp_fraction_gt1,REAL,21,11976,11976,0,0.00016250672641579455,0.0,0.0,0.0
llava_1_5_7b,all,amp_fraction_gt1,REAL,22,11976,11976,0,4.204009871595042e-06,0.0,0.0,0.0
llava_1_5_7b,all,amp_fraction_gt1,REAL,23,11976,11976,0,0.00010147610034884585,0.0,0.0,0.0
llava_1_5_7b,all,amp_fraction_gt1,REAL,24,11976,11976,0,8.581978772359534e-05,0.0,0.0,0.0
llava_1_5_7b,all,amp_fraction_gt1,REAL,25,11976,11976,0,3.319718139983671e-05,0.0,0.0,0.0
llava_1_5_7b,all,amp_fraction_gt1,REAL,26,11976,11976,0,0.0006903274140874341,0.0,0.0,0.0
llava_1_5_7b,all,amp_fraction_gt1,REAL,27,11976,11976,0,0.0001303243060194463,0.0,0.0,0.0
llava_1_5_7b,all,amp_fraction_gt1,REAL,28,11976,11976,0,1.7395902916945e-06,0.0,0.0,0.0
llava_1_5_7b,all,amp_fraction_gt1,REAL,29,11976,11976,0,4.34897572923625e-07,0.0,0.0,0.0
llava_1_5_7b,all,amp_fraction_gt1,REAL,30,11976,11976,0,1.7395902916945004e-06,0.0,0.0,0.0
llava_1_5_7b,all,amp_fraction_gt1,REAL,31,11976,11976,0,4.34897572923625e-07,0.0,0.0,0.0
llava_1_5_7b,all,amp_fraction_gt1,REAL,32,11976,11976,0,0.7581611428876271,0.6857638888888888,0.7621527777777778,0.8337673611111112
llava_1_5_7b,all,amp_fraction_gt1,HALL,1,3487,3487,0,0.8044651961252907,0.5868055555555556,1.0,1.0
llava_1_5_7b,all,amp_fraction_gt1,HALL,2,3487,3487,0,0.20866143692444958,0.001736111111111111,0.10069444444444445,0.3784722222222222
llava_1_5_7b,all,amp_fraction_gt1,HALL,3,3487,3487,0,3.933260045247427e-05,0.0,0.0,0.0
llava_1_5_7b,all,amp_fraction_gt1,HALL,4,3487,3487,0,0.007521550888115831,0.0,0.0,0.001736111111111111
llava_1_5_7b,all,amp_fraction_gt1,HALL,5,3487,3487,0,0.001956184911797996,0.0,0.0,0.0
llava_1_5_7b,all,amp_fraction_gt1,HALL,6,3487,3487,0,0.0020532613198228343,0.0,0.0,0.0
llava_1_5_7b,all,amp_fraction_gt1,HALL,7,3487,3487,0,0.0035354531115572127,0.0,0.0,0.0
llava_1_5_7b,all,amp_fraction_gt1,HALL,8,3487,3487,0,0.003942719784596756,0.0,0.0,0.001736111111111111
llava_1_5_7b,all,amp_fraction_gt1,HALL,9,3487,3487,0,1.0953382404486506e-05,0.0,0.0,0.0
llava_1_5_7b,all,amp_fraction_gt1,HALL,10,3487,3487,0,9.957620367715005e-07,0.0,0.0,0.0
llava_1_5_7b,all,amp_fraction_gt1,HALL,11,3487,3487,0,4.978810183857502e-07,0.0,0.0,0.0
llava_1_5_7b,all,amp_fraction_gt1,HALL,12,3487,3487,0,4.480929165471752e-06,0.0,0.0,0.0
llava_1_5_7b,all,amp_fraction_gt1,HALL,13,3487,3487,0,3.236226619507377e-05,0.0,0.0,0.0
llava_1_5_7b,all,amp_fraction_gt1,HALL,14,3487,3487,0,0.0,0.0,0.0,0.0
llava_1_5_7b,all,amp_fraction_gt1,HALL,15,3487,3487,0,7.966096294172004e-06,0.0,0.0,0.0
llava_1_5_7b,all,amp_fraction_gt1,HALL,16,3487,3487,0,4.978810183857502e-07,0.0,0.0,0.0
llava_1_5_7b,all,amp_fraction_gt1,HALL,17,3487,3487,0,1.9915240735430012e-05,0.0,0.0,0.0
llava_1_5_7b,all,amp_fraction_gt1,HALL,18,3487,3487,0,1.1949144441258006e-05,0.0,0.0,0.0
llava_1_5_7b,all,amp_fraction_gt1,HALL,19,3487,3487,0,4.978810183857503e-06,0.0,0.0,0.0
llava_1_5_7b,all,amp_fraction_gt1,HALL,20,3487,3487,0,5.476691202243253e-06,0.0,0.0,0.0
llava_1_5_7b,all,amp_fraction_gt1,HALL,21,3487,3487,0,1.1949144441258003e-05,0.0,0.0,0.0
llava_1_5_7b,all,amp_fraction_gt1,HALL,22,3487,3487,0,4.978810183857502e-07,0.0,0.0,0.0
llava_1_5_7b,all,amp_fraction_gt1,HALL,23,3487,3487,0,2.5889812956059017e-05,0.0,0.0,0.0
llava_1_5_7b,all,amp_fraction_gt1,HALL,24,3487,3487,0,6.472453239014754e-06,0.0,0.0,0.0
llava_1_5_7b,all,amp_fraction_gt1,HALL,25,3487,3487,0,5.476691202243253e-06,0.0,0.0,0.0
llava_1_5_7b,all,amp_fraction_gt1,HALL,26,3487,3487,0,4.8792339801803526e-05,0.0,0.0,0.0
llava_1_5_7b,all,amp_fraction_gt1,HALL,27,3487,3487,0,3.435379026861676e-05,0.0,0.0,0.0
llava_1_5_7b,all,amp_fraction_gt1,HALL,28,3487,3487,0,4.978810183857502e-07,0.0,0.0,0.0
llava_1_5_7b,all,amp_fraction_gt1,HALL,29,3487,3487,0,0.0,0.0,0.0,0.0
llava_1_5_7b,all,amp_fraction_gt1,HALL,30,3487,3487,0,0.0,0.0,0.0,0.0
llava_1_5_7b,all,amp_fraction_gt1,HALL,31,3487,3487,0,0.0,0.0,0.0,0.0
llava_1_5_7b,all,amp_fraction_gt1,HALL,32,3487,3487,0,0.7154132014147786,0.6475694444444444,0.7118055555555556,0.78125
llava_1_5_7b,all,gross_gain,REAL,1,11976,11976,0,1.4701826375238172,1.0510299067540814,1.3318228056204768,1.9849782282258317
llava_1_5_7b,all,gross_gain,REAL,2,11976,11976,0,0.7806656224083481,0.6614015874052959,0.7545950511560333,0.8616876573186756
llava_1_5_7b,all,gross_gain,REAL,3,11976,11976,0,0.5760458213877839,0.5337176416821683,0.5684672789690418,0.607744072953903
llava_1_5_7b,all,gross_gain,REAL,4,11976,11976,0,0.7180535701209211,0.6799012364102941,0.7080687404968072,0.7453471324366132
llava_1_5_7b,all,gross_gain,REAL,5,11976,11976,0,0.7468799784214764,0.7045182075169616,0.7471115195832138,0.7872691366289292
llava_1_5_7b,all,gross_gain,REAL,6,11976,11976,0,0.7297668191198342,0.6758809690496124,0.7336333021450052,0.7823562169695162
llava_1_5_7b,all,gross_gain,REAL,7,11976,11976,0,0.7348393105237825,0.680735376484633,0.7381741878541477,0.7821379397815758
llava_1_5_7b,all,gross_gain,REAL,8,11976,11976,0,0.7211260098523443,0.6788288841498062,0.7234409858916624,0.7573350139883175
llava_1_5_7b,all,gross_gain,REAL,9,11976,11976,0,0.6384702012160357,0.6126233484210364,0.6413812625857007,0.6646515983729406
llava_1_5_7b,all,gross_gain,REAL,10,11976,11976,0,0.6473962313759788,0.6180715538123471,0.6495351973718303,0.6759272979888831
llava_1_5_7b,all,gross_gain,REAL,11,11976,11976,0,0.6492908286104918,0.6241198814383374,0.6487453171340039,0.6750631123833196
llava_1_5_7b,all,gross_gain,REAL,12,11976,11976,0,0.5970268661825174,0.5670650432011028,0.5969465856142296,0.624705605260103
llava_1_5_7b,all,gross_gain,REAL,13,11976,11976,0,0.5965170798739416,0.5626278637774313,0.5978002380272271,0.6279085762912622
llava_1_5_7b,all,gross_gain,REAL,14,11976,11976,0,0.5315934492159947,0.5000720888401435,0.5365439493928568,0.5611488434612129
llava_1_5_7b,all,gross_gain,REAL,15,11976,11976,0,0.5015417709064146,0.47550997551435265,0.5028038197275011,0.5259043088820832
llava_1_5_7b,all,gross_gain,REAL,16,11976,11976,0,0.4561560757974019,0.4349538696059704,0.45499788039008593,0.4742814928898825
llava_1_5_7b,all,gross_gain,REAL,17,11976,11976,0,0.4763120945146065,0.449073840179567,0.47162544809259593,0.4997844170971652
llava_1_5_7b,all,gross_gain,REAL,18,11976,11976,0,0.42894140911124157,0.40294012910764576,0.4226969220834309,0.44722813095080577
llava_1_5_7b,all,gross_gain,REAL,19,11976,11976,0,0.4171873088673724,0.38497120971330795,0.41361006149745294,0.44419113387374165
llava_1_5_7b,all,gross_gain,REAL,20,11976,11976,0,0.32735228449673126,0.3070926162597027,0.32356001423832814,0.3423003818406909
llava_1_5_7b,all,gross_gain,REAL,21,11976,11976,0,0.3621207165402765,0.3299936850237216,0.35386951940811506,0.3851232837564998
llava_1_5_7b,all,gross_gain,REAL,22,11976,11976,0,0.2881250449293292,0.26646696506628487,0.28375306986303983,0.30574133807853565
llava_1_5_7b,all,gross_gain,REAL,23,11976,11976,0,0.2733802494888758,0.24934059194507474,0.266547223817563,0.2876744066494576
llava_1_5_7b,all,gross_gain,REAL,24,11976,11976,0,0.24859850273763032,0.22761075252573126,0.24484700854453814,0.26417821196466773
llava_1_5_7b,all,gross_gain,REAL,25,11976,11976,0,0.25116202681586264,0.2290011934258051,0.24510726914476771,0.26506013232622505
llava_1_5_7b,all,gross_gain,REAL,26,11976,11976,0,0.25468810929232893,0.22468690827705104,0.24067386033611765,0.2604956649906963
llava_1_5_7b,all,gross_gain,REAL,27,11976,11976,0,0.22903226013149697,0.21075356613646504,0.22409811440703858,0.23900124631449962
llava_1_5_7b,all,gross_gain,REAL,28,11976,11976,0,0.22329457530263636,0.20899061537280866,0.22056492260131919,0.23270365525267322
llava_1_5_7b,all,gross_gain,REAL,29,11976,11976,0,0.2156267917833922,0.19261674903550033,0.20372771546098922,0.21930420376249468
llava_1_5_7b,all,gross_gain,REAL,30,11976,11976,0,0.21611093587232516,0.20115685334320338,0.21180786538329427,0.22457458339222924
llava_1_5_7b,all,gross_gain,REAL,31,11976,11976,0,0.2975836029553184,0.28035174345089564,0.29339864331320914,0.3097773994584947
llava_1_5_7b,all,gross_gain,REAL,32,11976,11976,0,1.3331243776225192,1.153252608166942,1.311889305642466,1.4996717467005676
llava_1_5_7b,all,gross_gain,HALL,1,3487,3487,0,1.398184153675393,1.0421638560269937,1.428043733971892,1.62431211002635
llava_1_5_7b,all,gross_gain,HALL,2,3487,3487,0,0.8276670611187894,0.7144892561490621,0.7951611585559956,0.9208862638587971
llava_1_5_7b,all,gross_gain,HALL,3,3487,3487,0,0.5907604548300678,0.5546446297924675,0.593571259916322,0.6219803686421262
llava_1_5_7b,all,gross_gain,HALL,4,3487,3487,0,0.7030008839963396,0.6677545856822839,0.6975114130770081,0.7314841817130501
llava_1_5_7b,all,gross_gain,HALL,5,3487,3487,0,0.7201318284701648,0.6871455911623554,0.7223854317790196,0.7510296136430787
llava_1_5_7b,all,gross_gain,HALL,6,3487,3487,0,0.6957809120953433,0.6605188390747188,0.692991485566409,0.7274156136213228
llava_1_5_7b,all,gross_gain,HALL,7,3487,3487,0,0.6889511763288837,0.6457046100337029,0.6796264081624189,0.7186713132062561
llava_1_5_7b,all,gross_gain,HALL,8,3487,3487,0,0.7052217739273219,0.673054664696395,0.7074292314104536,0.7383065316357731
llava_1_5_7b,all,gross_gain,HALL,9,3487,3487,0,0.6358801045894936,0.6140684441323246,0.6382265815023227,0.6573151318362185
llava_1_5_7b,all,gross_gain,HALL,10,3487,3487,0,0.6374761100058597,0.6117919760744075,0.637683098258776,0.6619927137517532
llava_1_5_7b,all,gross_gain,HALL,11,3487,3487,0,0.6465287477155659,0.6241572429510085,0.6471704455860625,0.6710473071261958
llava_1_5_7b,all,gross_gain,HALL,12,3487,3487,0,0.5803644008134449,0.5509103310052148,0.577297867893785,0.6048727294404603
llava_1_5_7b,all,gross_gain,HALL,13,3487,3487,0,0.6045643820185359,0.5780197366959485,0.6066775766753624,0.6323512615368347
llava_1_5_7b,all,gross_gain,HALL,14,3487,3487,0,0.5319956157044848,0.5079577111822361,0.5336554805105348,0.5583865615045596
llava_1_5_7b,all,gross_gain,HALL,15,3487,3487,0,0.4710376299167041,0.44333769657450384,0.4658058426620627,0.49513693856305624
llava_1_5_7b,all,gross_gain,HALL,16,3487,3487,0,0.45985115701010093,0.4428616104270807,0.45891961930697245,0.4759204661510167
llava_1_5_7b,all,gross_gain,HALL,17,3487,3487,0,0.4597376295415168,0.43704216425729137,0.452168600813262,0.474640103556539
llava_1_5_7b,all,gross_gain,HALL,18,3487,3487,0,0.42262039712807503,0.39935775019143416,0.4164981662922216,0.43969557831362915
llava_1_5_7b,all,gross_gain,HALL,19,3487,3487,0,0.3860605811370885,0.3668582482143553,0.38245982982762733,0.4011190298699435
llava_1_5_7b,all,gross_gain,HALL,20,3487,3487,0,0.3175934446405091,0.30121136821533223,0.312901696079253,0.3296286382141096
llava_1_5_7b,all,gross_gain,HALL,21,3487,3487,0,0.35155096972505334,0.32772005892038514,0.34510807301918073,0.3683125179427057
llava_1_5_7b,all,gross_gain,HALL,22,3487,3487,0,0.2795913076707967,0.26465497910603614,0.2751666099703598,0.2901048002578426
llava_1_5_7b,all,gross_gain,HALL,23,3487,3487,0,0.26208903477828677,0.24494914329955442,0.25647746468088367,0.27377396460421766
llava_1_5_7b,all,gross_gain,HALL,24,3487,3487,0,0.23999380136837187,0.22518558799401145,0.23413657850549088,0.2466733792150005
llava_1_5_7b,all,gross_gain,HALL,25,3487,3487,0,0.24570546415695577,0.23111350664795538,0.2408275927168584,0.25374723122927734
llava_1_5_7b,all,gross_gain,HALL,26,3487,3487,0,0.24398523454912693,0.22302053648839612,0.23378008622740784,0.25149271668749795
llava_1_5_7b,all,gross_gain,HALL,27,3487,3487,0,0.2277725718628244,0.21395482153494103,0.22235607297411078,0.2341074460505917
llava_1_5_7b,all,gross_gain,HALL,28,3487,3487,0,0.22509140900307126,0.21409416013231058,0.22206306095245923,0.2319413985727013
llava_1_5_7b,all,gross_gain,HALL,29,3487,3487,0,0.20266391557824706,0.1926620793602285,0.1995368918960125,0.2085230574950904
llava_1_5_7b,all,gross_gain,HALL,30,3487,3487,0,0.21568753164853421,0.20530876104666823,0.21256363903629832,0.2215246756503534
llava_1_5_7b,all,gross_gain,HALL,31,3487,3487,0,0.30556674190021904,0.2909651532582767,0.30312838389946606,0.315437417612498
llava_1_5_7b,all,gross_gain,HALL,32,3487,3487,0,1.2644647194627607,1.1269981626363024,1.2586000324252589,1.392344653270262
llava_1_5_7b,all,cancellation,REAL,1,11976,11976,0,0.6729026141056823,0.6152909155454871,0.677890204198579,0.7326189860082561
llava_1_5_7b,all,cancellation,REAL,2,11976,11976,0,0.6412637532394778,0.6067676410029083,0.6363237738346468,0.6685465957264334
llava_1_5_7b,all,cancellation,REAL,3,11976,11976,0,0.4785637874470568,0.45301481511388686,0.476024755614884,0.5012704201227219
llava_1_5_7b,all,cancellation,REAL,4,11976,11976,0,0.5491394104280881,0.5219826136275516,0.5468748025848158,0.5736976080372158
llava_1_5_7b,all,cancellation,REAL,5,11976,11976,0,0.5279587497440934,0.49654652352240713,0.5219247214779124,0.5529579257120959
llava_1_5_7b,all,cancellation,REAL,6,11976,11976,0,0.5389392772442125,0.4909935569167748,0.5347342167531997,0.5800501774637455
llava_1_5_7b,all,cancellation,REAL,7,11976,11976,0,0.5860149890352523,0.5506799861108249,0.5822323737053654,0.6169049722531867
llava_1_5_7b,all,cancellation,REAL,8,11976,11976,0,0.5217720074903849,0.47838403588562844,0.5215004019293081,0.5634484186496146
llava_1_5_7b,all,cancellation,REAL,9,11976,11976,0,0.4799894590161097,0.4467585299943919,0.4827281068172048,0.5145489918355225
llava_1_5_7b,all,cancellation,REAL,10,11976,11976,0,0.5079494722242693,0.46429977181314147,0.5082959329358812,0.5494499250577151
llava_1_5_7b,all,cancellation,REAL,11,11976,11976,0,0.5185097647884872,0.4741767553448043,0.5182200453828015,0.560273849628165
llava_1_5_7b,all,cancellation,REAL,12,11976,11976,0,0.47821695265072756,0.4312308413933735,0.4706597199582041,0.5188383162185586
llava_1_5_7b,all,cancellation,REAL,13,11976,11976,0,0.5121724755544879,0.4570408478835146,0.5097621795429291,0.5639814826483489
llava_1_5_7b,all,cancellation,REAL,14,11976,11976,0,0.4280880417752982,0.3880129530301757,0.4191833158424486,0.45836409178159127
llava_1_5_7b,all,cancellation,REAL,15,11976,11976,0,0.5147187811561227,0.4589823906466152,0.5081229250709893,0.5651309515005631
llava_1_5_7b,all,cancellation,REAL,16,11976,11976,0,0.4335492704676392,0.38963194055569667,0.42952417388852215,0.4713259361631229
llava_1_5_7b,all,cancellation,REAL,17,11976,11976,0,0.48881108477917184,0.43539709388087344,0.48069978933490976,0.5350419779728585
llava_1_5_7b,all,cancellation,REAL,18,11976,11976,0,0.5097726559729211,0.45422997465888537,0.4981332949453759,0.5559382266811657
llava_1_5_7b,all,cancellation,REAL,19,11976,11976,0,0.5510422976908765,0.49686993069923463,0.5472952014290214,0.6012749508495803
llava_1_5_7b,all,cancellation,REAL,20,11976,11976,0,0.4535856366523794,0.3949117680330384,0.43949098877974435,0.5010247670233647
llava_1_5_7b,all,cancellation,REAL,21,11976,11976,0,0.480800036096065,0.4297335653452923,0.46948722197448944,0.5219666201900289
llava_1_5_7b,all,cancellation,REAL,22,11976,11976,0,0.453624478867955,0.3894732231414937,0.44005215445482526,0.5051107495796012
llava_1_5_7b,all,cancellation,REAL,23,11976,11976,0,0.417280091717612,0.3627374148938535,0.40289832812101517,0.45652991567245454
llava_1_5_7b,all,cancellation,REAL,24,11976,11976,0,0.44349283868964984,0.3895072387023364,0.4308542999203899,0.4858760888571416
llava_1_5_7b,all,cancellation,REAL,25,11976,11976,0,0.4263026864258707,0.354363734436421,0.40817996081850194,0.48230371212293455
llava_1_5_7b,all,cancellation,REAL,26,11976,11976,0,0.4607125506858945,0.4006224522997156,0.44587036756806864,0.49973640538842246
llava_1_5_7b,all,cancellation,REAL,27,11976,11976,0,0.4060378464629686,0.3559594471444553,0.39640880635608144,0.44321173040719647
llava_1_5_7b,all,cancellation,REAL,28,11976,11976,0,0.47165784035439007,0.4206577825846953,0.4571746053238269,0.5071732549668305
llava_1_5_7b,all,cancellation,REAL,29,11976,11976,0,0.49009538306148126,0.41200807677442364,0.46321136312901967,0.5451329741913614
llava_1_5_7b,all,cancellation,REAL,30,11976,11976,0,0.392901473856268,0.3466943484509063,0.3812023914784148,0.4255610852791676
llava_1_5_7b,all,cancellation,REAL,31,11976,11976,0,0.5683692374031711,0.5167897499886007,0.5593095579394545,0.6109919021696559
llava_1_5_7b,all,cancellation,REAL,32,11976,11976,0,0.6944715942005152,0.6589902647623522,0.6943514405144714,0.7302800198566084
llava_1_5_7b,all,cancellation,HALL,1,3487,3487,0,0.7470981247610354,0.7091519412169952,0.7634034336761562,0.7993005814827647
llava_1_5_7b,all,cancellation,HALL,2,3487,3487,0,0.6499903441681626,0.6068856696936914,0.6409590448267914,0.6871391604984394
llava_1_5_7b,all,cancellation,HALL,3,3487,3487,0,0.4779246396281208,0.4506911394475228,0.47367097988948775,0.5013784729664177
llava_1_5_7b,all,cancellation,HALL,4,3487,3487,0,0.5402114356589354,0.5166343809489693,0.5392774623149588,0.5620155028477785
llava_1_5_7b,all,cancellation,HALL,5,3487,3487,0,0.5279317454765645,0.5026894035576805,0.5270180152773842,0.5512388687740197
llava_1_5_7b,all,cancellation,HALL,6,3487,3487,0,0.5012876071496903,0.4691126622294491,0.4919694857204056,0.5243210033257404
llava_1_5_7b,all,cancellation,HALL,7,3487,3487,0,0.5562001585693548,0.5296242827261703,0.5518826568500773,0.5792944113749297
llava_1_5_7b,all,cancellation,HALL,8,3487,3487,0,0.5068977455679847,0.4757442219110328,0.506314263468974,0.5380132888241311
llava_1_5_7b,all,cancellation,HALL,9,3487,3487,0,0.4753579998663975,0.4494905885271011,0.47492881624249106,0.4994192503653271
llava_1_5_7b,all,cancellation,HALL,10,3487,3487,0,0.4803919052053953,0.4400594510758652,0.4765919410259406,0.5139500526414545
llava_1_5_7b,all,cancellation,HALL,11,3487,3487,0,0.49885424715243715,0.44916446193106874,0.49089839209752684,0.5414559119596862
llava_1_5_7b,all,cancellation,HALL,12,3487,3487,0,0.48525679248278,0.4361227543768177,0.4803116024210393,0.5288690353471607
llava_1_5_7b,all,cancellation,HALL,13,3487,3487,0,0.501566408950545,0.4323947640873981,0.49844865848675907,0.5638810220493276
llava_1_5_7b,all,cancellation,HALL,14,3487,3487,0,0.4342114837563554,0.4000690917744356,0.4284871106572616,0.4629394198519782
llava_1_5_7b,all,cancellation,HALL,15,3487,3487,0,0.5022191187087909,0.449146596043149,0.4935565612527434,0.5479062543240768
llava_1_5_7b,all,cancellation,HALL,16,3487,3487,0,0.40819702576626504,0.3511927923532494,0.39708561243210827,0.4533240114790703
llava_1_5_7b,all,cancellation,HALL,17,3487,3487,0,0.43432756042827664,0.39793589987413003,0.42240767756328595,0.45895803315250017
llava_1_5_7b,all,cancellation,HALL,18,3487,3487,0,0.49350418060756035,0.45279463067105913,0.4844036114888326,0.5243730332332264
llava_1_5_7b,all,cancellation,HALL,19,3487,3487,0,0.5315784588216246,0.4890280674411107,0.5253964938121739,0.5679190495875908
llava_1_5_7b,all,cancellation,HALL,20,3487,3487,0,0.4214056190597548,0.37967919589374055,0.4110597400418274,0.45209073317682447
llava_1_5_7b,all,cancellation,HALL,21,3487,3487,0,0.44895449635620027,0.40629784028034743,0.44050712156299177,0.48188212846585005
llava_1_5_7b,all,cancellation,HALL,22,3487,3487,0,0.4057603338599989,0.359476641355494,0.3936555020041621,0.4405790387737176
llava_1_5_7b,all,cancellation,HALL,23,3487,3487,0,0.3901191365145324,0.3453685146055818,0.3790180978761956,0.42279907005133116
llava_1_5_7b,all,cancellation,HALL,24,3487,3487,0,0.4256883310430064,0.3806304554122085,0.4147273302987651,0.45955993825859565
llava_1_5_7b,all,cancellation,HALL,25,3487,3487,0,0.3833246032529741,0.328176605406244,0.3663366585632248,0.41759205286178513
llava_1_5_7b,all,cancellation,HALL,26,3487,3487,0,0.42324046755128236,0.3676181339750134,0.4061714605979457,0.4600671000336657
llava_1_5_7b,all,cancellation,HALL,27,3487,3487,0,0.3821095580015893,0.33156627686615053,0.36397515183255763,0.4101325217700149
llava_1_5_7b,all,cancellation,HALL,28,3487,3487,0,0.4769433589909241,0.43080180285822745,0.4652363827026502,0.5111793852776829
llava_1_5_7b,all,cancellation,HALL,29,3487,3487,0,0.4344584946374968,0.38513023691943005,0.42092319107821724,0.4688484414015779
llava_1_5_7b,all,cancellation,HALL,30,3487,3487,0,0.366383120692713,0.3247200980972229,0.3552300754150504,0.3925831239674753
llava_1_5_7b,all,cancellation,HALL,31,3487,3487,0,0.5639129827293856,0.5185887134037397,0.5531580032711947,0.5963052828142602
llava_1_5_7b,all,cancellation,HALL,32,3487,3487,0,0.7234944793120701,0.6836237350984024,0.7252961084092102,0.7639058587626911
llava_1_5_7b,all,closure,REAL,1,11976,11976,0,1.1163931366463763e-05,1.3122376287810766e-06,2.1880186977796257e-06,1.4692059949084069e-05
llava_1_5_7b,all,closure,REAL,2,11976,11976,0,2.859830266185082e-05,5.273331225907896e-06,1.3348041193239624e-05,3.442567594902357e-05
llava_1_5_7b,all,closure,REAL,3,11976,11976,0,4.578300076868736e-06,3.558622495347663e-06,4.309098130761413e-06,5.254295615486626e-06
llava_1_5_7b,all,closure,REAL,4,11976,11976,0,6.166633721869961e-06,4.076811819686554e-06,5.7963122799264966e-06,7.724992201474379e-06
llava_1_5_7b,all,closure,REAL,5,11976,11976,0,8.017223519227618e-06,5.191236141399713e-06,7.219491862997529e-06,1.0014358167609316e-05
llava_1_5_7b,all,closure,REAL,6,11976,11976,0,7.472918969546881e-06,3.7819391422999615e-06,6.119691079220502e-06,1.0054745871457271e-05
llava_1_5_7b,all,closure,REAL,7,11976,11976,0,5.746832085345821e-06,2.1175791289351764e-06,3.878515371980029e-06,8.391155915887794e-06
llava_1_5_7b,all,closure,REAL,8,11976,11976,0,7.522234339249102e-06,2.530750634832657e-06,4.991749392502243e-06,1.0261265970257227e-05
llava_1_5_7b,all,closure,REAL,9,11976,11976,0,7.439748795578552e-06,3.077830513120716e-06,5.032371063862229e-06,9.53451672103256e-06
llava_1_5_7b,all,closure,REAL,10,11976,11976,0,5.952335412788694e-06,2.3477705894947576e-06,3.759079845622182e-06,7.220049610623391e-06
llava_1_5_7b,all,closure,REAL,11,11976,11976,0,4.4805686604548975e-06,1.8772528562749358e-06,2.6540772068983642e-06,4.616201294993516e-06
llava_1_5_7b,all,closure,REAL,12,11976,11976,0,3.044650884572019e-06,1.7535010101710213e-06,2.325262130398187e-06,3.1616077080798277e-06
llava_1_5_7b,all,closure,REAL,13,11976,11976,0,5.179987492331616e-06,2.2134261712380976e-06,3.2481941616424592e-06,5.234155423750053e-06
llava_1_5_7b,all,closure,REAL,14,11976,11976,0,5.922740480287455e-06,3.1951117307471577e-06,4.297039822631632e-06,6.506651402560237e-06
llava_1_5_7b,all,closure,REAL,15,11976,11976,0,3.948476178021455e-06,1.7687157196633052e-06,2.311395974174957e-06,3.5218851053286926e-06
llava_1_5_7b,all,closure,REAL,16,11976,11976,0,6.328126359930647e-06,2.961973677884089e-06,3.904636287188623e-06,6.236163926587324e-06
llava_1_5_7b,all,closure,REAL,17,11976,11976,0,6.790931356486928e-06,2.452284945775318e-06,3.968662895204034e-06,8.083602551778313e-06
llava_1_5_7b,all,closure,REAL,18,11976,11976,0,4.745035168997101e-06,2.4808273906273826e-06,3.2936725347099127e-06,4.884218924416928e-06
llava_1_5_7b,all,closure,REAL,19,11976,11976,0,6.51408993632039e-06,2.816049175180524e-06,3.894481778843328e-06,6.062517968530301e-06
llava_1_5_7b,all,closure,REAL,20,11976,11976,0,6.407427414223295e-06,3.076765210607846e-06,4.189470928395167e-06,6.298448965935677e-06
llava_1_5_7b,all,closure,REAL,21,11976,11976,0,5.158525255496843e-06,2.5146365487671574e-06,3.2957505027297884e-06,4.824975235351303e-06
llava_1_5_7b,all,closure,REAL,22,11976,11976,0,9.077384043324262e-06,4.138507847528672e-06,5.609294930764008e-06,8.672947387822205e-06
llava_1_5_7b,all,closure,REAL,23,11976,11976,0,1.031179366809861e-05,5.08100310980808e-06,6.676946668449091e-06,1.0147826287720818e-05
llava_1_5_7b,all,closure,REAL,24,11976,11976,0,2.1165307192744497e-05,9.81339621830557e-06,1.3424708413367625e-05,2.0942507944710087e-05
llava_1_5_7b,all,closure,REAL,25,11976,11976,0,9.382269872032534e-06,5.1405477279331535e-06,6.796821480747894e-06,9.735309276948101e-06
llava_1_5_7b,all,closure,REAL,26,11976,11976,0,1.5331763860185383e-05,8.607860081610852e-06,1.1724366686394205e-05,1.7251824374397984e-05
llava_1_5_7b,all,closure,REAL,27,11976,11976,0,1.1309338399769482e-05,6.4890182329691015e-06,8.766061000642367e-06,1.321282775279542e-05
llava_1_5_7b,all,closure,REAL,28,11976,11976,0,7.226104547040442e-05,5.083007999928668e-05,6.90721244609449e-05,9.080117888515815e-05
llava_1_5_7b,all,closure,REAL,29,11976,11976,0,2.281560434867451e-05,1.1410535307732061e-05,1.754544791765511e-05,2.780644035738078e-05
llava_1_5_7b,all,closure,REAL,30,11976,11976,0,1.740567593393985e-05,1.0463097396495868e-05,1.4760451449546963e-05,2.1321553958841832e-05
llava_1_5_7b,all,closure,REAL,31,11976,11976,0,2.990740129971181e-05,2.066173465209431e-05,2.7950589355896227e-05,3.7219473597360775e-05
llava_1_5_7b,all,closure,REAL,32,11976,11976,0,4.293762084610603e-06,3.6874584452561976e-06,4.294016434869263e-06,4.95338542805257e-06
llava_1_5_7b,all,closure,HALL,1,3487,3487,0,2.5111208024649087e-06,1.0496793834136042e-06,1.1965568091909518e-06,1.5099610095603566e-06
llava_1_5_7b,all,closure,HALL,2,3487,3487,0,1.1135536045549558e-05,3.5811323186862865e-06,6.094647687859833e-06,1.2206468454678543e-05
llava_1_5_7b,all,closure,HALL,3,3487,3487,0,4.3001293314999785e-06,3.410144358895195e-06,4.036814971186686e-06,4.856749001191929e-06
llava_1_5_7b,all,closure,HALL,4,3487,3487,0,7.785546704636788e-06,5.7817130709736375e-06,7.325178103201324e-06,9.203809895552695e-06
llava_1_5_7b,all,closure,HALL,5,3487,3487,0,1.0191082922834987e-05,7.341253194681485e-06,9.677523848949932e-06,1.23749123304151e-05
llava_1_5_7b,all,closure,HALL,6,3487,3487,0,1.1272197848057763e-05,7.74804402681184e-06,1.0307407137588598e-05,1.429946178177488e-05
llava_1_5_7b,all,closure,HALL,7,3487,3487,0,1.0160769403946236e-05,7.183331490523415e-06,9.64904211286921e-06,1.2605098163476214e-05
llava_1_5_7b,all,closure,HALL,8,3487,3487,0,1.17680894852739e-05,7.785399247950409e-06,1.0839436981768813e-05,1.4311257473309524e-05
llava_1_5_7b,all,closure,HALL,9,3487,3487,0,1.2116333641916861e-05,8.034439815673977e-06,1.085103394871112e-05,1.4591405488317832e-05
llava_1_5_7b,all,closure,HALL,10,3487,3487,0,1.000070373364102e-05,5.562302476391778e-06,8.432925824308768e-06,1.2272449112060713e-05
llava_1_5_7b,all,closure,HALL,11,3487,3487,0,7.377738056679211e-06,3.8034070257708663e-06,5.858834356331499e-06,8.992384209705051e-06
llava_1_5_7b,all,closure,HALL,12,3487,3487,0,3.7371435967832475e-06,2.247453608106298e-06,2.932672259703395e-06,3.7887106145717553e-06
llava_1_5_7b,all,closure,HALL,13,3487,3487,0,7.638211878679829e-06,3.7017121030658018e-06,5.41494955541566e-06,8.147726930474164e-06
llava_1_5_7b,all,closure,HALL,14,3487,3487,0,6.110117993890984e-06,3.50101538515446e-06,4.4660441744781565e-06,6.233385875020758e-06
llava_1_5_7b,all,closure,HALL,15,3487,3487,0,5.1977906110427866e-06,2.3809798221918754e-06,3.3294263630523346e-06,4.841125928578549e-06
llava_1_5_7b,all,closure,HALL,16,3487,3487,0,7.90557550707771e-06,4.017833134639659e-06,5.936611159995664e-06,8.979588528745808e-06
llava_1_5_7b,all,closure,HALL,17,3487,3487,0,9.906843439005351e-06,5.850827619724441e-06,7.951530278660357e-06,1.0914202448475407e-05
llava_1_5_7b,all,closure,HALL,18,3487,3487,0,5.645799607885243e-06,3.088860580646724e-06,4.0593804442323744e-06,5.512169309440651e-06
llava_1_5_7b,all,closure,HALL,19,3487,3487,0,7.4782417598958045e-06,4.033907316625118e-06,4.9958757699641865e-06,6.5215633640036685e-06
llava_1_5_7b,all,closure,HALL,20,3487,3487,0,7.2930147762233115e-06,3.7420709304569755e-06,4.662179890146945e-06,6.338402954497724e-06
llava_1_5_7b,all,closure,HALL,21,3487,3487,0,5.530972521991161e-06,2.6275070013070945e-06,3.2457217002956895e-06,4.3363838813093025e-06
llava_1_5_7b,all,closure,HALL,22,3487,3487,0,9.474784013984533e-06,3.958359002353973e-06,5.000626515538897e-06,6.720532837789506e-06
llava_1_5_7b,all,closure,HALL,23,3487,3487,0,9.829256841897487e-06,4.703905688074883e-06,5.742942448705435e-06,7.623107421750319e-06
llava_1_5_7b,all,closure,HALL,24,3487,3487,0,1.9904875813030813e-05,9.077029517357005e-06,1.1611405170697253e-05,1.5827063180040568e-05
llava_1_5_7b,all,closure,HALL,25,3487,3487,0,1.001227556650032e-05,4.978918468623306e-06,6.351884621835779e-06,8.535220331395976e-06
llava_1_5_7b,all,closure,HALL,26,3487,3487,0,1.5272401341212812e-05,8.801329386187717e-06,1.1370565516699571e-05,1.5842917491681874e-05
llava_1_5_7b,all,closure,HALL,27,3487,3487,0,1.09746676764321e-05,6.50467382001807e-06,8.256389264715835e-06,1.1531245945661794e-05
llava_1_5_7b,all,closure,HALL,28,3487,3487,0,8.311720735326457e-05,6.468409264925867e-05,8.024471026146784e-05,9.945726560545154e-05
llava_1_5_7b,all,closure,HALL,29,3487,3487,0,2.4733594264522504e-05,1.3747373486694414e-05,1.8763803382171318e-05,2.7258718546363525e-05
llava_1_5_7b,all,closure,HALL,30,3487,3487,0,1.8649766221344633e-05,1.2053345926688053e-05,1.6187610526685603e-05,2.2078436813899316e-05
llava_1_5_7b,all,closure,HALL,31,3487,3487,0,3.465307712787871e-05,2.64759337369469e-05,3.24360080412589e-05,4.1102111936197616e-05
llava_1_5_7b,all,closure,HALL,32,3487,3487,0,4.923016798531896e-06,4.334824325269437e-06,4.826153599424288e-06,5.4315864872478414e-06
llava_1_5_7b,train,amp_mean,REAL,1,9539,9539,0,1.4638351369115943,1.0461246813852256,1.3449627998706135,1.9700911015856257
llava_1_5_7b,train,amp_mean,REAL,2,9539,9539,0,0.809603443121457,0.6780014036462323,0.7761145740637083,0.8906351118029773
llava_1_5_7b,train,amp_mean,REAL,3,9539,9539,0,0.5526976499000175,0.5042139394641525,0.5458764199697607,0.5838563947791569
llava_1_5_7b,train,amp_mean,REAL,4,9539,9539,0,0.739911304230236,0.6996535593009493,0.7335426884723023,0.7727108520427401
llava_1_5_7b,train,amp_mean,REAL,5,9539,9539,0,0.7396490233252925,0.7036775513133824,0.741716479759628,0.7761554078117039
llava_1_5_7b,train,amp_mean,REAL,6,9539,9539,0,0.7271380229513982,0.6843494992333925,0.7346828754550384,0.7712921232034439
llava_1_5_7b,train,amp_mean,REAL,7,9539,9539,0,0.6971435225052652,0.6599840128997354,0.6996840440122453,0.7336223191746196
llava_1_5_7b,train,amp_mean,REAL,8,9539,9539,0,0.7024723423774565,0.6720887454197437,0.7010231904426821,0.7335659512460581
llava_1_5_7b,train,amp_mean,REAL,9,9539,9539,0,0.6185445478955387,0.5983373289434121,0.6188865097410436,0.6388846257300358
llava_1_5_7b,train,amp_mean,REAL,10,9539,9539,0,0.6156538880691786,0.5893820532854743,0.6155544566825495,0.641834135126635
llava_1_5_7b,train,amp_mean,REAL,11,9539,9539,0,0.6164790563361752,0.5979877577640789,0.6178801962072468,0.6365100829236972
llava_1_5_7b,train,amp_mean,REAL,12,9539,9539,0,0.5727734703215478,0.5537617893119745,0.5737831886716243,0.592640633605964
llava_1_5_7b,train,amp_mean,REAL,13,9539,9539,0,0.5482571208572248,0.5229073451724411,0.5484132209776112,0.5738506159550993
llava_1_5_7b,train,amp_mean,REAL,14,9539,9539,0,0.5128147095253267,0.49329235102554797,0.5163107639621285,0.5343601031818588
llava_1_5_7b,train,amp_mean,REAL,15,9539,9539,0,0.4792484879464214,0.46275996147486054,0.4791685839465598,0.495776542637662
llava_1_5_7b,train,amp_mean,REAL,16,9539,9539,0,0.45796799940515187,0.4391800218150831,0.4571391582685348,0.475559267413061
llava_1_5_7b,train,amp_mean,REAL,17,9539,9539,0,0.4553628368908272,0.4355605706795661,0.4529553885082124,0.47307246739734876
llava_1_5_7b,train,amp_mean,REAL,18,9539,9539,0,0.4008940371252403,0.3838820122672991,0.3986473677927905,0.41537293295467614
llava_1_5_7b,train,amp_mean,REAL,19,9539,9539,0,0.4328804589438229,0.4147096976115326,0.43102664266946383,0.44862862575945023
llava_1_5_7b,train,amp_mean,REAL,20,9539,9539,0,0.351513489064874,0.33396358119293834,0.34775564524207847,0.365725620394588
llava_1_5_7b,train,amp_mean,REAL,21,9539,9539,0,0.36609166087288464,0.3446322394289104,0.3625722439287362,0.38502682173798164
llava_1_5_7b,train,amp_mean,REAL,22,9539,9539,0,0.2962205463957271,0.27779737157395845,0.29215749694442456,0.3122691713362491
llava_1_5_7b,train,amp_mean,REAL,23,9539,9539,0,0.2589094452351381,0.24459409136242954,0.2570575275734266,0.2722287916251966
llava_1_5_7b,train,amp_mean,REAL,24,9539,9539,0,0.25901519738613643,0.2419034117566559,0.25728810517426454,0.27397677561856104
llava_1_5_7b,train,amp_mean,REAL,25,9539,9539,0,0.2390090165842072,0.22389918139816364,0.2377247990821363,0.25200257561065986
llava_1_5_7b,train,amp_mean,REAL,26,9539,9539,0,0.2655846106813102,0.24869058588967807,0.26300601423267966,0.27927221319045553
llava_1_5_7b,train,amp_mean,REAL,27,9539,9539,0,0.24003178776162826,0.22651603663254768,0.2383132006054357,0.25114389664942866
llava_1_5_7b,train,amp_mean,REAL,28,9539,9539,0,0.24150774083720178,0.2274965595625696,0.2404070133625907,0.25360649046228945
llava_1_5_7b,train,amp_mean,REAL,29,9539,9539,0,0.24287391030303246,0.22573192780285836,0.24060937162645357,0.2570797165423274
llava_1_5_7b,train,amp_mean,REAL,30,9539,9539,0,0.2301592369096018,0.21738113817972934,0.22861706577938012,0.24048783272887292
llava_1_5_7b,train,amp_mean,REAL,31,9539,9539,0,0.36576208880219624,0.34622874047445756,0.3618382406110546,0.3814503094273086
llava_1_5_7b,train,amp_mean,REAL,32,9539,9539,0,1.5407646405516826,1.423000886071529,1.5365138994825358,1.6523915636469695
llava_1_5_7b,train,amp_mean,HALL,1,2778,2778,0,1.3851652654069615,1.0358019903333902,1.416869016254528,1.6119849626616225
llava_1_5_7b,train,amp_mean,HALL,2,2778,2778,0,0.865107492391804,0.7301157758126544,0.821085389782348,0.9712339754458751
llava_1_5_7b,train,amp_mean,HALL,3,2778,2778,0,0.5570083220383388,0.5226763239996257,0.5547975859960116,0.5839730795659364
llava_1_5_7b,train,amp_mean,HALL,4,2778,2778,0,0.7294715968473189,0.6876625558956708,0.7263617052914696,0.7636264380532489
llava_1_5_7b,train,amp_mean,HALL,5,2778,2778,0,0.7223270713511064,0.6936714267857863,0.7256659841609506,0.7511383898961893
llava_1_5_7b,train,amp_mean,HALL,6,2778,2778,0,0.7099396671472341,0.6751576966199876,0.7135793437818589,0.7494881763659776
llava_1_5_7b,train,amp_mean,HALL,7,2778,2778,0,0.6688482060610977,0.6371001584964473,0.6634328386767409,0.6998010135099118
llava_1_5_7b,train,amp_mean,HALL,8,2778,2778,0,0.7134171460671476,0.6792372097573829,0.7170865139482403,0.749235895176848
llava_1_5_7b,train,amp_mean,HALL,9,2778,2778,0,0.6209651767765001,0.6016007021401513,0.6207793114095261,0.6400491877835244
llava_1_5_7b,train,amp_mean,HALL,10,2778,2778,0,0.6199759507438092,0.6001328180899015,0.6210717720839356,0.6426567608503267
llava_1_5_7b,train,amp_mean,HALL,11,2778,2778,0,0.6215179006377045,0.605259485049046,0.623293721350922,0.6407232587178381
llava_1_5_7b,train,amp_mean,HALL,12,2778,2778,0,0.5800971466473048,0.5590839443814327,0.5825372549232664,0.6043096477621531
llava_1_5_7b,train,amp_mean,HALL,13,2778,2778,0,0.5698388120192321,0.5487908487028047,0.5737500529042825,0.5957050265743871
llava_1_5_7b,train,amp_mean,HALL,14,2778,2778,0,0.5164990829326179,0.499173564729747,0.5180422617468254,0.5360816741060954
llava_1_5_7b,train,amp_mean,HALL,15,2778,2778,0,0.47700778724956444,0.46098317762677204,0.4763294436537776,0.4934066255294005
llava_1_5_7b,train,amp_mean,HALL,16,2778,2778,0,0.46596625282976967,0.450234381585744,0.4663720410226998,0.4818078661743339
llava_1_5_7b,train,amp_mean,HALL,17,2778,2778,0,0.4488521786333338,0.4318021382758518,0.4443556297444716,0.4623352271548872
llava_1_5_7b,train,amp_mean,HALL,18,2778,2778,0,0.3994549806612591,0.38379636778554094,0.39707730716065137,0.4118308032006597
llava_1_5_7b,train,amp_mean,HALL,19,2778,2778,0,0.4275642010346582,0.41215386274064303,0.4255232817461281,0.441115211557411
llava_1_5_7b,train,amp_mean,HALL,20,2778,2778,0,0.3452204837953821,0.3295798376986123,0.3418738382854966,0.35760944108750303
llava_1_5_7b,train,amp_mean,HALL,21,2778,2778,0,0.35989261663474814,0.34341585865760826,0.35650721525386636,0.371495939985127
llava_1_5_7b,train,amp_mean,HALL,22,2778,2778,0,0.29350068289904113,0.2803934053797302,0.29039115034747714,0.3029187267478962
llava_1_5_7b,train,amp_mean,HALL,23,2778,2778,0,0.2587863089986995,0.24878261067137464,0.2570308099693891,0.26828009455200996
llava_1_5_7b,train,amp_mean,HALL,24,2778,2778,0,0.2562247260242132,0.24257706520860386,0.2530582547231883,0.26556255466443013
llava_1_5_7b,train,amp_mean,HALL,25,2778,2778,0,0.23894286240169374,0.22899316502604677,0.23739714944834792,0.24684959271225707
llava_1_5_7b,train,amp_mean,HALL,26,2778,2778,0,0.262847236101437,0.25015505236890645,0.2599842237800658,0.27240677668826485
llava_1_5_7b,train,amp_mean,HALL,27,2778,2778,0,0.2412242616655186,0.23017148423272427,0.23927923904455572,0.25016032036659264
llava_1_5_7b,train,amp_mean,HALL,28,2778,2778,0,0.240775654983958,0.23067299790842027,0.23944359089251654,0.24956961807477612
llava_1_5_7b,train,amp_mean,HALL,29,2778,2778,0,0.24050596058339774,0.22507171456862485,0.2393960966013606,0.25298763590322765
llava_1_5_7b,train,amp_mean,HALL,30,2778,2778,0,0.23055752612131525,0.2214332520095381,0.2294053532528827,0.23770766546876343
llava_1_5_7b,train,amp_mean,HALL,31,2778,2778,0,0.36892167720956465,0.3530196665112151,0.36622945684630703,0.3814016741244295
llava_1_5_7b,train,amp_mean,HALL,32,2778,2778,0,1.464921220210926,1.36332606648208,1.4542034652520348,1.5511352502202909
llava_1_5_7b,train,amp_median,REAL,1,9539,9539,0,1.432102428292823,1.0328808217000587,1.3277044230191553,1.918618104358916
llava_1_5_7b,train,amp_median,REAL,2,9539,9539,0,0.7956831398498722,0.6712835894636042,0.7696310665189627,0.8784959509742931
llava_1_5_7b,train,amp_median,REAL,3,9539,9539,0,0.5454934498936422,0.4963326138530946,0.5381234853745509,0.5777694396318696
llava_1_5_7b,train,amp_median,REAL,4,9539,9539,0,0.7396076087794418,0.6963702485890059,0.7331912221029848,0.7743888190636775
llava_1_5_7b,train,amp_median,REAL,5,9539,9539,0,0.7369865516667676,0.6977505807632917,0.7379743314260028,0.7743199450521573
llava_1_5_7b,train,amp_median,REAL,6,9539,9539,0,0.7286098954986977,0.6839745489796898,0.7341446906721352,0.7727851969485307
llava_1_5_7b,train,amp_median,REAL,7,9539,9539,0,0.6944168373617455,0.6551753892441634,0.6975257230747482,0.732290575738493
llava_1_5_7b,train,amp_median,REAL,8,9539,9539,0,0.6992962098759329,0.6655627568629736,0.6971387915967355,0.7322711348740956
llava_1_5_7b,train,amp_median,REAL,9,9539,9539,0,0.6166480776311146,0.5956459617200374,0.6171247445857961,0.6375240563781114
llava_1_5_7b,train,amp_median,REAL,10,9539,9539,0,0.6115386108766395,0.5848756504662985,0.6109165874751765,0.6380308987244707
llava_1_5_7b,train,amp_median,REAL,11,9539,9539,0,0.6147233892255408,0.5964100994209593,0.616624183814501,0.6350424643066706
llava_1_5_7b,train,amp_median,REAL,12,9539,9539,0,0.5727055591783421,0.5539416155438601,0.5738000241043213,0.5922852664043172
llava_1_5_7b,train,amp_median,REAL,13,9539,9539,0,0.544225091438077,0.5185300422288315,0.5435135680045486,0.5698858571353526
llava_1_5_7b,train,amp_median,REAL,14,9539,9539,0,0.5122905718113202,0.4926060336249892,0.515388949724731,0.5341097470957865
llava_1_5_7b,train,amp_median,REAL,15,9539,9539,0,0.4765258360510163,0.46053644424558327,0.47646437961695653,0.49222978690771435
llava_1_5_7b,train,amp_median,REAL,16,9539,9539,0,0.45574664786799784,0.43742756532715427,0.45465641188450856,0.4730777041562526
llava_1_5_7b,train,amp_median,REAL,17,9539,9539,0,0.452667727822464,0.4336118062223313,0.4507114972351304,0.470283924618593
llava_1_5_7b,train,amp_median,REAL,18,9539,9539,0,0.3951308437963854,0.378775214460114,0.39318607911102027,0.40953644589384985
llava_1_5_7b,train,amp_median,REAL,19,9539,9539,0,0.4272224541071407,0.4098625581517069,0.42541355086323773,0.44270531739196267
llava_1_5_7b,train,amp_median,REAL,20,9539,9539,0,0.34600241759014483,0.3277179833253383,0.34216335308102996,0.36065226330562394
llava_1_5_7b,train,amp_median,REAL,21,9539,9539,0,0.3628739692229271,0.34256292833437196,0.3601563317379377,0.38158025355390446
llava_1_5_7b,train,amp_median,REAL,22,9539,9539,0,0.28714980408084173,0.2699361557746457,0.2841294942008006,0.3029807768101227
llava_1_5_7b,train,amp_median,REAL,23,9539,9539,0,0.2575594445213362,0.24420834989890441,0.257048570737083,0.27040519335193985
llava_1_5_7b,train,amp_median,REAL,24,9539,9539,0,0.25228744497095495,0.23519098576658054,0.25050734529574037,0.2675445204449255
llava_1_5_7b,train,amp_median,REAL,25,9539,9539,0,0.2356611832376108,0.22094704162725592,0.23497292554949376,0.2495554774998263
llava_1_5_7b,train,amp_median,REAL,26,9539,9539,0,0.24989510632875656,0.23424497378431738,0.24768697108266197,0.26337110809416475
llava_1_5_7b,train,amp_median,REAL,27,9539,9539,0,0.2277864737623366,0.21429665777113494,0.22623632154733886,0.23884435407816446
llava_1_5_7b,train,amp_median,REAL,28,9539,9539,0,0.23246956239799424,0.21817000631971906,0.23032097840369753,0.24412031242981083
llava_1_5_7b,train,amp_median,REAL,29,9539,9539,0,0.23006532108736294,0.21434563099740014,0.22728681145142443,0.24313089726742707
llava_1_5_7b,train,amp_median,REAL,30,9539,9539,0,0.2191770654655173,0.20761306584836758,0.2177549663727742,0.22857651415656127
llava_1_5_7b,train,amp_median,REAL,31,9539,9539,0,0.3421051161261306,0.31702473640112316,0.3371502525715148,0.3612228993295481
llava_1_5_7b,train,amp_median,REAL,32,9539,9539,0,1.6091591469389748,1.479410235931486,1.6211242910390817,1.751727060252551
llava_1_5_7b,train,amp_median,HALL,1,2778,2778,0,1.3633119811771461,1.022538301170763,1.4111435105142185,1.5893417691484912
llava_1_5_7b,train,amp_median,HALL,2,2778,2778,0,0.8359499874302025,0.7207553957670574,0.8034665830378214,0.9317606333554842
llava_1_5_7b,train,amp_median,HALL,3,2778,2778,0,0.5492072646775512,0.5136821257518653,0.5465229220895178,0.5769785667150076
llava_1_5_7b,train,amp_median,HALL,4,2778,2778,0,0.7269864889855403,0.6822316436573053,0.7228712622332832,0.763535687503182
llava_1_5_7b,train,amp_median,HALL,5,2778,2778,0,0.7193915857293748,0.6901094736306901,0.7228380967137086,0.7482560773289276
llava_1_5_7b,train,amp_median,HALL,6,2778,2778,0,0.7145306102984657,0.6780926830111131,0.7189624395483861,0.7554320957564773
llava_1_5_7b,train,amp_median,HALL,7,2778,2778,0,0.6664141804301538,0.6339053454072383,0.6627967625566837,0.6965328251466771
llava_1_5_7b,train,amp_median,HALL,8,2778,2778,0,0.7163412111733533,0.6787957407773566,0.7215163216723866,0.7561599944244517
llava_1_5_7b,train,amp_median,HALL,9,2778,2778,0,0.6199751955955679,0.6006051312756251,0.6211768158915484,0.6395313422530385
llava_1_5_7b,train,amp_median,HALL,10,2778,2778,0,0.6161573236896126,0.595613500811177,0.6173317465788448,0.6386336085561879
llava_1_5_7b,train,amp_median,HALL,11,2778,2778,0,0.6198003104534723,0.6037264345989024,0.6218276528312535,0.6387141547055759
llava_1_5_7b,train,amp_median,HALL,12,2778,2778,0,0.5797861109261773,0.5584112780304968,0.581250595727191,0.6043345153013213
llava_1_5_7b,train,amp_median,HALL,13,2778,2778,0,0.5692156287714567,0.5481331425428471,0.5736238644674927,0.5953169958570909
llava_1_5_7b,train,amp_median,HALL,14,2778,2778,0,0.5147777432704107,0.4967295521989574,0.5159549497412912,0.5346182500250739
llava_1_5_7b,train,amp_median,HALL,15,2778,2778,0,0.47578464205772125,0.4606078559525377,0.4754901318721823,0.49090607800583924
llava_1_5_7b,train,amp_median,HALL,16,2778,2778,0,0.46392852657627737,0.44835567689483247,0.46404345433357563,0.4797449666734563
llava_1_5_7b,train,amp_median,HALL,17,2778,2778,0,0.44657830060459147,0.43010917043988617,0.44263097595114875,0.45982297607152967
llava_1_5_7b,train,amp_median,HALL,18,2778,2778,0,0.3957511007319743,0.3803359107654436,0.39374270618194523,0.4081974984202785
llava_1_5_7b,train,amp_median,HALL,19,2778,2778,0,0.422061090863176,0.4062401849034245,0.41999142281640667,0.435358321093798
llava_1_5_7b,train,amp_median,HALL,20,2778,2778,0,0.33772291340669286,0.32125165616853746,0.3337216824569491,0.35042724121145535
llava_1_5_7b,train,amp_median,HALL,21,2778,2778,0,0.35756079119052997,0.34159402201051337,0.35433371152658455,0.3695753457018845
llava_1_5_7b,train,amp_median,HALL,22,2778,2778,0,0.28618488904718437,0.27401415112031946,0.2836839260550975,0.29547354272995374
llava_1_5_7b,train,amp_median,HALL,23,2778,2778,0,0.25678097495227886,0.24672475936399066,0.25487058912230387,0.265850697115651
llava_1_5_7b,train,amp_median,HALL,24,2778,2778,0,0.24682107849289786,0.23297719714242443,0.24287943742723633,0.2552988122852424
llava_1_5_7b,train,amp_median,HALL,25,2778,2778,0,0.23473885592584243,0.22548926606510297,0.23338004236662493,0.24265056790344455
llava_1_5_7b,train,amp_median,HALL,26,2778,2778,0,0.2490329765902767,0.23612554668541347,0.24606648577087248,0.258407695433722
llava_1_5_7b,train,amp_median,HALL,27,2778,2778,0,0.22800123127076294,0.2179673041936669,0.22586020505309484,0.23527317455839503
llava_1_5_7b,train,amp_median,HALL,28,2778,2778,0,0.2309672908326381,0.22017406044635918,0.22906866796355435,0.23920813225227847
llava_1_5_7b,train,amp_median,HALL,29,2778,2778,0,0.2236622406234464,0.21242459653192125,0.22100798947391714,0.23231878803344297
llava_1_5_7b,train,amp_median,HALL,30,2778,2778,0,0.2197311212206331,0.21142527692623608,0.21846353891978687,0.22633698032063906
llava_1_5_7b,train,amp_median,HALL,31,2778,2778,0,0.34417711095517484,0.3239122794662188,0.34042924942540437,0.35876172081477153
llava_1_5_7b,train,amp_median,HALL,32,2778,2778,0,1.5123885499380456,1.387032152834465,1.5142503305187927,1.6375683284326241
llava_1_5_7b,train,amp_fraction_gt1,REAL,1,9539,9539,0,0.7881378420169829,0.5850694444444444,0.9965277777777778,1.0
llava_1_5_7b,train,amp_fraction_gt1,REAL,2,9539,9539,0,0.14310294871346868,0.0,0.013888888888888888,0.2222222222222222
llava_1_5_7b,train,amp_fraction_gt1,REAL,3,9539,9539,0,0.0003923949633667633,0.0,0.0,0.0
llava_1_5_7b,train,amp_fraction_gt1,REAL,4,9539,9539,0,0.012842961490914745,0.0,0.0,0.005208333333333333
llava_1_5_7b,train,amp_fraction_gt1,REAL,5,9539,9539,0,0.008070498515234057,0.0,0.0,0.0
llava_1_5_7b,train,amp_fraction_gt1,REAL,6,9539,9539,0,0.005488433448649404,0.0,0.0,0.0
llava_1_5_7b,train,amp_fraction_gt1,REAL,7,9539,9539,0,0.005507179590220266,0.0,0.0,0.0
llava_1_5_7b,train,amp_fraction_gt1,REAL,8,9539,9539,0,0.005045260101804289,0.0,0.0,0.001736111111111111
llava_1_5_7b,train,amp_fraction_gt1,REAL,9,9539,9539,0,2.675420204773386e-05,0.0,0.0,0.0
llava_1_5_7b,train,amp_fraction_gt1,REAL,10,9539,9539,0,1.3650103085578503e-05,0.0,0.0,0.0
llava_1_5_7b,train,amp_fraction_gt1,REAL,11,9539,9539,0,7.098053604500821e-06,0.0,0.0,0.0
llava_1_5_7b,train,amp_fraction_gt1,REAL,12,9539,9539,0,5.642042608705782e-06,0.0,0.0,0.0
llava_1_5_7b,train,amp_fraction_gt1,REAL,13,9539,9539,0,0.00012248692502125777,0.0,0.0,0.0
llava_1_5_7b,train,amp_fraction_gt1,REAL,14,9539,9539,0,1.8200137447438003e-07,0.0,0.0,0.0
llava_1_5_7b,train,amp_fraction_gt1,REAL,15,9539,9539,0,1.055607971951404e-05,0.0,0.0,0.0
llava_1_5_7b,train,amp_fraction_gt1,REAL,16,9539,9539,0,2.9120219915900805e-06,0.0,0.0,0.0
llava_1_5_7b,train,amp_fraction_gt1,REAL,17,9539,9539,0,2.2750171809297503e-05,0.0,0.0,0.0
llava_1_5_7b,train,amp_fraction_gt1,REAL,18,9539,9539,0,1.9656148443233047e-05,0.0,0.0,0.0
llava_1_5_7b,train,amp_fraction_gt1,REAL,19,9539,9539,0,7.280054978975202e-06,0.0,0.0,0.0
llava_1_5_7b,train,amp_fraction_gt1,REAL,20,9539,9539,0,8.736065974770239e-06,0.0,0.0,0.0
llava_1_5_7b,train,amp_fraction_gt1,REAL,21,9539,9539,0,0.00017872534973384117,0.0,0.0,0.0
llava_1_5_7b,train,amp_fraction_gt1,REAL,22,9539,9539,0,5.278039859757021e-06,0.0,0.0,0.0
llava_1_5_7b,train,amp_fraction_gt1,REAL,23,9539,9539,0,0.00010337678070144785,0.0,0.0,0.0
llava_1_5_7b,train,amp_fraction_gt1,REAL,24,9539,9539,0,7.989860339425283e-05,0.0,0.0,0.0
llava_1_5_7b,train,amp_fraction_gt1,REAL,25,9539,9539,0,3.694627901829914e-05,0.0,0.0,0.0
llava_1_5_7b,train,amp_fraction_gt1,REAL,26,9539,9539,0,0.0006655790264528077,0.0,0.0,0.0
llava_1_5_7b,train,amp_fraction_gt1,REAL,27,9539,9539,0,0.00014523709683055526,0.0,0.0,0.0
llava_1_5_7b,train,amp_fraction_gt1,REAL,28,9539,9539,0,1.4560109957950402e-06,0.0,0.0,0.0
llava_1_5_7b,train,amp_fraction_gt1,REAL,29,9539,9539,0,5.4600412342314e-07,0.0,0.0,0.0
llava_1_5_7b,train,amp_fraction_gt1,REAL,30,9539,9539,0,2.1840164936925606e-06,0.0,0.0,0.0
llava_1_5_7b,train,amp_fraction_gt1,REAL,31,9539,9539,0,5.4600412342314e-07,0.0,0.0,0.0
llava_1_5_7b,train,amp_fraction_gt1,REAL,32,9539,9539,0,0.7581878778348533,0.6857638888888888,0.7621527777777778,0.8333333333333334
llava_1_5_7b,train,amp_fraction_gt1,HALL,1,2778,2778,0,0.8015377519798416,0.5763888888888888,1.0,1.0
llava_1_5_7b,train,amp_fraction_gt1,HALL,2,2778,2778,0,0.20825333973282134,0.001736111111111111,0.10069444444444445,0.3767361111111111
llava_1_5_7b,train,amp_fraction_gt1,HALL,3,2778,2778,0,4.562135029197665e-05,0.0,0.0,0.0
llava_1_5_7b,train,amp_fraction_gt1,HALL,4,2778,2778,0,0.007359482980491995,0.0,0.0,0.001736111111111111
llava_1_5_7b,train,amp_fraction_gt1,HALL,5,2778,2778,0,0.0020892209058057964,0.0,0.0,0.0
llava_1_5_7b,train,amp_fraction_gt1,HALL,6,2778,2778,0,0.002021088312934965,0.0,0.0,0.0
llava_1_5_7b,train,amp_fraction_gt1,HALL,7,2778,2778,0,0.0035384669226461883,0.0,0.0,0.0
llava_1_5_7b,train,amp_fraction_gt1,HALL,8,2778,2778,0,0.00404155167586593,0.0,0.0,0.001736111111111111
llava_1_5_7b,train,amp_fraction_gt1,HALL,9,2778,2778,0,1.3748900087992962e-05,0.0,0.0,0.0
llava_1_5_7b,train,amp_fraction_gt1,HALL,10,2778,2778,0,1.24990000799936e-06,0.0,0.0,0.0
llava_1_5_7b,train,amp_fraction_gt1,HALL,11,2778,2778,0,6.2495000399968e-07,0.0,0.0,0.0
llava_1_5_7b,train,amp_fraction_gt1,HALL,12,2778,2778,0,4.37465002799776e-06,0.0,0.0,0.0
llava_1_5_7b,train,amp_fraction_gt1,HALL,13,2778,2778,0,3.0622550195984326e-05,0.0,0.0,0.0
llava_1_5_7b,train,amp_fraction_gt1,HALL,14,2778,2778,0,0.0,0.0,0.0,0.0
llava_1_5_7b,train,amp_fraction_gt1,HALL,15,2778,2778,0,9.99920006399488e-06,0.0,0.0,0.0
llava_1_5_7b,train,amp_fraction_gt1,HALL,16,2778,2778,0,6.2495000399968e-07,0.0,0.0,0.0
llava_1_5_7b,train,amp_fraction_gt1,HALL,17,2778,2778,0,6.874450043996481e-06,0.0,0.0,0.0
llava_1_5_7b,train,amp_fraction_gt1,HALL,18,2778,2778,0,1.4998800095992322e-05,0.0,0.0,0.0
llava_1_5_7b,train,amp_fraction_gt1,HALL,19,2778,2778,0,1.24990000799936e-06,0.0,0.0,0.0
llava_1_5_7b,train,amp_fraction_gt1,HALL,20,2778,2778,0,6.874450043996481e-06,0.0,0.0,0.0
llava_1_5_7b,train,amp_fraction_gt1,HALL,21,2778,2778,0,1.3748900087992962e-05,0.0,0.0,0.0
llava_1_5_7b,train,amp_fraction_gt1,HALL,22,2778,2778,0,6.2495000399968e-07,0.0,0.0,0.0
llava_1_5_7b,train,amp_fraction_gt1,HALL,23,2778,2778,0,1.999840012798976e-05,0.0,0.0,0.0
llava_1_5_7b,train,amp_fraction_gt1,HALL,24,2778,2778,0,8.124350051995842e-06,0.0,0.0,0.0
llava_1_5_7b,train,amp_fraction_gt1,HALL,25,2778,2778,0,4.99960003199744e-06,0.0,0.0,0.0
llava_1_5_7b,train,amp_fraction_gt1,HALL,26,2778,2778,0,4.499640028797696e-05,0.0,0.0,0.0
llava_1_5_7b,train,amp_fraction_gt1,HALL,27,2778,2778,0,4.249660027197824e-05,0.0,0.0,0.0
llava_1_5_7b,train,amp_fraction_gt1,HALL,28,2778,2778,0,6.2495000399968e-07,0.0,0.0,0.0
llava_1_5_7b,train,amp_fraction_gt1,HALL,29,2778,2778,0,0.0,0.0,0.0,0.0
llava_1_5_7b,train,amp_fraction_gt1,HALL,30,2778,2778,0,0.0,0.0,0.0,0.0
llava_1_5_7b,train,amp_fraction_gt1,HALL,31,2778,2778,0,0.0,0.0,0.0,0.0
llava_1_5_7b,train,amp_fraction_gt1,HALL,32,2778,2778,0,0.716665166786657,0.6480034722222222,0.7118055555555556,0.7829861111111112
llava_1_5_7b,train,gross_gain,REAL,1,9539,9539,0,1.472598911913153,1.0511806922270546,1.3417751435088243,1.9873052781955394
llava_1_5_7b,train,gross_gain,REAL,2,9539,9539,0,0.7802001437337613,0.660828757565445,0.7545114631828184,0.8598632599806926
llava_1_5_7b,train,gross_gain,REAL,3,9539,9539,0,0.5757785973152527,0.5338133513934117,0.5683886649948683,0.6074958403643296
llava_1_5_7b,train,gross_gain,REAL,4,9539,9539,0,0.7175971213383672,0.6796062772897594,0.7074915895489673,0.7444914458201063
llava_1_5_7b,train,gross_gain,REAL,5,9539,9539,0,0.7462146350422558,0.7034076385216382,0.7464176257208792,0.7870630142301821
llava_1_5_7b,train,gross_gain,REAL,6,9539,9539,0,0.7291363150409956,0.6749797801251778,0.7326560438719182,0.7816828456084113
llava_1_5_7b,train,gross_gain,REAL,7,9539,9539,0,0.7343593162045117,0.680276731605255,0.7374073652017077,0.7813393213157764
llava_1_5_7b,train,gross_gain,REAL,8,9539,9539,0,0.7207999267883363,0.6786271243091524,0.723266105576399,0.7572259616008552
llava_1_5_7b,train,gross_gain,REAL,9,9539,9539,0,0.6382644488781781,0.611907849848573,0.6413599751603614,0.6647580953679572
llava_1_5_7b,train,gross_gain,REAL,10,9539,9539,0,0.6472830327443827,0.6179128273613443,0.6493773682866729,0.6758633538898902
llava_1_5_7b,train,gross_gain,REAL,11,9539,9539,0,0.6491856730830552,0.6240186334632614,0.6484269474840573,0.6749633307993365
llava_1_5_7b,train,gross_gain,REAL,12,9539,9539,0,0.5966809463639952,0.5667725346629264,0.5967050067083397,0.6242478676278449
llava_1_5_7b,train,gross_gain,REAL,13,9539,9539,0,0.5965378925073008,0.5625122549943232,0.5978466772524516,0.6277923113547148
llava_1_5_7b,train,gross_gain,REAL,14,9539,9539,0,0.5315434246732722,0.4999540232810452,0.5366081862171186,0.561368033870531
llava_1_5_7b,train,gross_gain,REAL,15,9539,9539,0,0.5012621733180368,0.4750142366051738,0.5025734136530169,0.5256043642881583
llava_1_5_7b,train,gross_gain,REAL,16,9539,9539,0,0.45601123847370956,0.4347611859033946,0.4549994402916406,0.47425621056687667
llava_1_5_7b,train,gross_gain,REAL,17,9539,9539,0,0.4763968213231626,0.44934550198949685,0.4718018108607519,0.4995233952279469
llava_1_5_7b,train,gross_gain,REAL,18,9539,9539,0,0.4290156527005762,0.4031862040815777,0.42279583999164894,0.4472380170416499
llava_1_5_7b,train,gross_gain,REAL,19,9539,9539,0,0.41725750410347034,0.3845739175439955,0.41361803145295395,0.44466222681935386
llava_1_5_7b,train,gross_gain,REAL,20,9539,9539,0,0.32721897531450783,0.30703189401118247,0.32349139001267796,0.34197882993635675
llava_1_5_7b,train,gross_gain,REAL,21,9539,9539,0,0.3626681545910243,0.3302542331189265,0.3543138963407937,0.3860069791467765
llava_1_5_7b,train,gross_gain,REAL,22,9539,9539,0,0.2880930369556174,0.26664113109604654,0.2837668840178274,0.3055246996576485
llava_1_5_7b,train,gross_gain,REAL,23,9539,9539,0,0.27351183792252914,0.24959529069576414,0.26660766948273473,0.2875787269491009
llava_1_5_7b,train,gross_gain,REAL,24,9539,9539,0,0.24873556705101402,0.2277860524103716,0.24497496400660337,0.2642063158710649
llava_1_5_7b,train,gross_gain,REAL,25,9539,9539,0,0.25127549731480314,0.2290270830390283,0.2452538412105204,0.26508263676780386
llava_1_5_7b,train,gross_gain,REAL,26,9539,9539,0,0.254445783077207,0.22471682654619218,0.24055518752032912,0.26052093277706584
llava_1_5_7b,train,gross_gain,REAL,27,9539,9539,0,0.22931593692447444,0.21097091720568925,0.22421871496584228,0.23929054710889264
llava_1_5_7b,train,gross_gain,REAL,28,9539,9539,0,0.2234410779849724,0.2092045680180929,0.2206711230826109,0.2329039555704979
llava_1_5_7b,train,gross_gain,REAL,29,9539,9539,0,0.21582490417502737,0.1927382408107169,0.203789517663518,0.21964072114417138
llava_1_5_7b,train,gross_gain,REAL,30,9539,9539,0,0.21609833948996396,0.2013468230649726,0.211935537720675,0.22467410120772627
llava_1_5_7b,train,gross_gain,REAL,31,9539,9539,0,0.29770589004452036,0.280493586474846,0.29361148758175437,0.3100408839014279
llava_1_5_7b,train,gross_gain,REAL,32,9539,9539,0,1.3335440483854186,1.1538964942753804,1.3109582478559163,1.498856127344402
llava_1_5_7b,train,gross_gain,HALL,1,2778,2778,0,1.3983986667351602,1.0404090779122157,1.4274093124229095,1.6305851025129043
llava_1_5_7b,train,gross_gain,HALL,2,2778,2778,0,0.8274649026462126,0.7138296155217655,0.7973082516858769,0.9195842489774712
llava_1_5_7b,train,gross_gain,HALL,3,2778,2778,0,0.5909739140620449,0.5541127908983833,0.5938840479288477,0.6227439360847656
llava_1_5_7b,train,gross_gain,HALL,4,2778,2778,0,0.7031706930360362,0.6687738460860544,0.6975383046948023,0.7314099653081303
llava_1_5_7b,train,gross_gain,HALL,5,2778,2778,0,0.7198895065262338,0.6867001239314809,0.7218237436611765,0.7506873839678758
llava_1_5_7b,train,gross_gain,HALL,6,2778,2778,0,0.6952970086742679,0.6600538434076035,0.6931024742767982,0.7272025685927823
llava_1_5_7b,train,gross_gain,HALL,7,2778,2778,0,0.6887855053899499,0.6463033564929952,0.6794851194572433,0.7180552603280335
llava_1_5_7b,train,gross_gain,HALL,8,2778,2778,0,0.704681151258323,0.6715162337810312,0.707281941840409,0.7380099179282305
llava_1_5_7b,train,gross_gain,HALL,9,2778,2778,0,0.6355466115647501,0.613594864855465,0.6381154663236237,0.6572158135752986
llava_1_5_7b,train,gross_gain,HALL,10,2778,2778,0,0.6370679574433865,0.6116495788192803,0.6368949459784456,0.6615804701903176
llava_1_5_7b,train,gross_gain,HALL,11,2778,2778,0,0.6462463001171166,0.6245762785597266,0.6469884706411111,0.6710243206327582
llava_1_5_7b,train,gross_gain,HALL,12,2778,2778,0,0.5800224701468555,0.550152564569559,0.5770519070386328,0.6046756641320072
llava_1_5_7b,train,gross_gain,HALL,13,2778,2778,0,0.6036939621072637,0.5780817804462848,0.6063221580515585,0.6313983571344541
llava_1_5_7b,train,gross_gain,HALL,14,2778,2778,0,0.5316184032874393,0.5074736370623566,0.5336288064764318,0.5582859604558914
llava_1_5_7b,train,gross_gain,HALL,15,2778,2778,0,0.4715608546291223,0.4434943477663358,0.4665735427335449,0.4957814183504576
llava_1_5_7b,train,gross_gain,HALL,16,2778,2778,0,0.45991741428060773,0.4426915965681084,0.4591076815406531,0.4760221813653488
llava_1_5_7b,train,gross_gain,HALL,17,2778,2778,0,0.45995447463098144,0.43692306006004633,0.4524298809456051,0.4752210579425469
llava_1_5_7b,train,gross_gain,HALL,18,2778,2778,0,0.4228773997293165,0.3996108358409515,0.4166863759674393,0.4400111058586915
llava_1_5_7b,train,gross_gain,HALL,19,2778,2778,0,0.386251372458398,0.3669847009061037,0.3823071621982968,0.4013023335929695
llava_1_5_7b,train,gross_gain,HALL,20,2778,2778,0,0.3177159550209412,0.30140021362609537,0.3128048932157722,0.32988711306709084
llava_1_5_7b,train,gross_gain,HALL,21,2778,2778,0,0.35202754688723187,0.3283980654989343,0.34589194644469123,0.3684158724266899
llava_1_5_7b,train,gross_gain,HALL,22,2778,2778,0,0.2797495550773462,0.26476106029799207,0.2751767043679238,0.2901662460963289
llava_1_5_7b,train,gross_gain,HALL,23,2778,2778,0,0.26172064952955865,0.2450544282316538,0.2569785180963822,0.2735545738491708
llava_1_5_7b,train,gross_gain,HALL,24,2778,2778,0,0.23985255779785325,0.2251511322477055,0.23427221291566008,0.24658563351927826
llava_1_5_7b,train,gross_gain,HALL,25,2778,2778,0,0.2457781305564041,0.23118423712334385,0.2410025519515533,0.25375645976396405
llava_1_5_7b,train,gross_gain,HALL,26,2778,2778,0,0.2433979481041311,0.22304355195395387,0.23355471017155474,0.25143258459020246
llava_1_5_7b,train,gross_gain,HALL,27,2778,2778,0,0.22818553203006037,0.213984632249815,0.22248531355517842,0.2342995754284219
llava_1_5_7b,train,gross_gain,HALL,28,2778,2778,0,0.22526992767104612,0.21412513169012334,0.22239997251661017,0.23202863049435718
llava_1_5_7b,train,gross_gain,HALL,29,2778,2778,0,0.2026473369890895,0.19286656233532812,0.19949749911357062,0.20855827574497743
llava_1_5_7b,train,gross_gain,HALL,30,2778,2778,0,0.21571294872087124,0.20551567185277694,0.21270657128494525,0.2215834450590235
llava_1_5_7b,train,gross_gain,HALL,31,2778,2778,0,0.3054591782167314,0.2906783993044134,0.3030320053733747,0.31543759079456335
llava_1_5_7b,train,gross_gain,HALL,32,2778,2778,0,1.2652689738412761,1.1269092667457865,1.2578871980601438,1.3928081406522257
llava_1_5_7b,train,cancellation,REAL,1,9539,9539,0,0.6726848076113329,0.6152304993936248,0.6774249176780204,0.7320006044055343
llava_1_5_7b,train,cancellation,REAL,2,9539,9539,0,0.6409703223506981,0.6062778740971557,0.6361552500078517,0.6682069303179659
llava_1_5_7b,train,cancellation,REAL,3,9539,9539,0,0.4787104012570146,0.453190222940092,0.47626373653287696,0.5011127432875091
llava_1_5_7b,train,cancellation,REAL,4,9539,9539,0,0.549353042143723,0.5220050236840114,0.5470391377320257,0.5743656368111044
llava_1_5_7b,train,cancellation,REAL,5,9539,9539,0,0.5279291906673065,0.4964104188331063,0.521739636056242,0.5527921039336023
llava_1_5_7b,train,cancellation,REAL,6,9539,9539,0,0.538766273535703,0.4907494181701587,0.5348737289887076,0.579591222184314
llava_1_5_7b,train,cancellation,REAL,7,9539,9539,0,0.5860952673035904,0.5505236290675877,0.5825477737466552,0.6167911596679527
llava_1_5_7b,train,cancellation,REAL,8,9539,9539,0,0.5222374375878638,0.4788189259822553,0.5220058054318876,0.5641399682638562
llava_1_5_7b,train,cancellation,REAL,9,9539,9539,0,0.48021283726979097,0.44711224207560296,0.4829979541341075,0.5147705838847653
llava_1_5_7b,train,cancellation,REAL,10,9539,9539,0,0.5082367739721158,0.4648957673131672,0.5090602301732475,0.5497067632496736
llava_1_5_7b,train,cancellation,REAL,11,9539,9539,0,0.5192294076430585,0.4751509692150224,0.519198684670677,0.5612315724126273
llava_1_5_7b,train,cancellation,REAL,12,9539,9539,0,0.47796011352387896,0.4310916117395422,0.47051531619083525,0.5185170462870528
llava_1_5_7b,train,cancellation,REAL,13,9539,9539,0,0.5125440153076469,0.4573221373236693,0.5095797795485603,0.5646979190283938
llava_1_5_7b,train,cancellation,REAL,14,9539,9539,0,0.4282286176480659,0.3880269122013317,0.4194141424979102,0.4585796231764325
llava_1_5_7b,train,cancellation,REAL,15,9539,9539,0,0.5147407703574925,0.45925295309051706,0.5080409156950546,0.5653342949941838
llava_1_5_7b,train,cancellation,REAL,16,9539,9539,0,0.43386961947262964,0.3896490319417065,0.4299450786489887,0.4719448769853612
llava_1_5_7b,train,cancellation,REAL,17,9539,9539,0,0.4893424824914211,0.43603738155441496,0.48132910972776943,0.5354045102230953
llava_1_5_7b,train,cancellation,REAL,18,9539,9539,0,0.5097576687504329,0.45456420237082834,0.4978784538805091,0.5560366308427749
llava_1_5_7b,train,cancellation,REAL,19,9539,9539,0,0.55155421159011,0.4974719050507076,0.547823771815408,0.6019094856407445
llava_1_5_7b,train,cancellation,REAL,20,9539,9539,0,0.4535779706687462,0.3951859682741616,0.43903546435003116,0.5009558961886327
llava_1_5_7b,train,cancellation,REAL,21,9539,9539,0,0.48154674603769715,0.4301854423820123,0.4699375583071871,0.5239553177758487
llava_1_5_7b,train,cancellation,REAL,22,9539,9539,0,0.4531330339394334,0.3899484855573115,0.43953207811622635,0.50441695223345
llava_1_5_7b,train,cancellation,REAL,23,9539,9539,0,0.41736084946318774,0.3628567001548974,0.40282819535827863,0.4560349818068474
llava_1_5_7b,train,cancellation,REAL,24,9539,9539,0,0.4433579692348284,0.3894067837310544,0.4304991723623391,0.48575928514766303
llava_1_5_7b,train,cancellation,REAL,25,9539,9539,0,0.42662246488592676,0.354255856428051,0.40841672528727735,0.482902759982352
llava_1_5_7b,train,cancellation,REAL,26,9539,9539,0,0.4602457857076797,0.40030029915942733,0.44507272998323977,0.49930151278102275
llava_1_5_7b,train,cancellation,REAL,27,9539,9539,0,0.4060594140939759,0.3558128161014783,0.39617340573932014,0.4431723522657073
llava_1_5_7b,train,cancellation,REAL,28,9539,9539,0,0.47205201696050575,0.4213558791749302,0.4578004632828574,0.5076113095816066
llava_1_5_7b,train,cancellation,REAL,29,9539,9539,0,0.4899667917188978,0.41178875340793974,0.4625566369506191,0.5451535980746498
llava_1_5_7b,train,cancellation,REAL,30,9539,9539,0,0.3928141900729617,0.3470864287326284,0.3811546376378796,0.42544831412246775
llava_1_5_7b,train,cancellation,REAL,31,9539,9539,0,0.5680941193721377,0.5161486179084258,0.559369284259712,0.6108673442855372
llava_1_5_7b,train,cancellation,REAL,32,9539,9539,0,0.6947371223005034,0.6589886467551023,0.694408917491722,0.730875407143711
llava_1_5_7b,train,cancellation,HALL,1,2778,2778,0,0.7466042811269702,0.7103950571631379,0.7625031805422608,0.7983313933121635
llava_1_5_7b,train,cancellation,HALL,2,2778,2778,0,0.6500069921427807,0.6066617095635397,0.6407347816676496,0.6871492874085444
llava_1_5_7b,train,cancellation,HALL,3,2778,2778,0,0.47780871713395934,0.4506067433302004,0.47370564463618015,0.5012036469446284
llava_1_5_7b,train,cancellation,HALL,4,2778,2778,0,0.540233361439031,0.5170134508882033,0.5392040257875617,0.5616819896375584
llava_1_5_7b,train,cancellation,HALL,5,2778,2778,0,0.5281533989006533,0.5028939406845705,0.526945613519451,0.551285739671173
llava_1_5_7b,train,cancellation,HALL,6,2778,2778,0,0.5009005626008238,0.46889090662832983,0.4914171264217155,0.5228632836817572
llava_1_5_7b,train,cancellation,HALL,7,2778,2778,0,0.5560873348917865,0.5292133791014533,0.5516872416457841,0.5785381854961686
llava_1_5_7b,train,cancellation,HALL,8,2778,2778,0,0.5068090635497134,0.4754135693370785,0.5059522063469951,0.5377266738241177
llava_1_5_7b,train,cancellation,HALL,9,2778,2778,0,0.4757106366692923,0.45011430947481923,0.4749295660498354,0.4995629118905761
llava_1_5_7b,train,cancellation,HALL,10,2778,2778,0,0.4809441828932979,0.44103964004398627,0.47702336787845867,0.515040568286881
llava_1_5_7b,train,cancellation,HALL,11,2778,2778,0,0.4995562457380379,0.4491832919234537,0.49227686229090206,0.5427494873876507
llava_1_5_7b,train,cancellation,HALL,12,2778,2778,0,0.48481983869566814,0.4364452244113686,0.4791546969978334,0.5279568346169147
llava_1_5_7b,train,cancellation,HALL,13,2778,2778,0,0.5006033199017549,0.42939514495708764,0.4981218684635135,0.5645538513294195
llava_1_5_7b,train,cancellation,HALL,14,2778,2778,0,0.4346427388890829,0.4002781462097374,0.4291608459134916,0.46286804008444765
llava_1_5_7b,train,cancellation,HALL,15,2778,2778,0,0.5026720339851533,0.44946201873294633,0.49401506784535526,0.5493767617044995
llava_1_5_7b,train,cancellation,HALL,16,2778,2778,0,0.4086643205718338,0.35132363023151797,0.39715827649660473,0.45476558921179266
llava_1_5_7b,train,cancellation,HALL,17,2778,2778,0,0.43463075942310525,0.39773978837652746,0.42252467095770785,0.4599504738469911
llava_1_5_7b,train,cancellation,HALL,18,2778,2778,0,0.4934629763754429,0.45288870539239173,0.48446288503972235,0.5232717433403924
llava_1_5_7b,train,cancellation,HALL,19,2778,2778,0,0.5313778702058093,0.48856639675590663,0.5255335482310155,0.5678600296780377
llava_1_5_7b,train,cancellation,HALL,20,2778,2778,0,0.42175785044519704,0.380092474974721,0.4111274422753384,0.4521167245325934
llava_1_5_7b,train,cancellation,HALL,21,2778,2778,0,0.4502474351580833,0.4081129424694143,0.44154256167017975,0.48206261423532304
llava_1_5_7b,train,cancellation,HALL,22,2778,2778,0,0.4065780902672552,0.36020239444207003,0.3943457542259259,0.44099082369092507
llava_1_5_7b,train,cancellation,HALL,23,2778,2778,0,0.38991152523776307,0.34523802452490837,0.3787250506743146,0.4227762205450445
llava_1_5_7b,train,cancellation,HALL,24,2778,2778,0,0.426429453638608,0.38148519033399475,0.41565411553073195,0.459840674691937
llava_1_5_7b,train,cancellation,HALL,25,2778,2778,0,0.38373309494515156,0.32824642109380553,0.3664295116019531,0.41817070160367353
llava_1_5_7b,train,cancellation,HALL,26,2778,2778,0,0.42202941232405006,0.36725585617032697,0.4049729061378615,0.45869829768996406
llava_1_5_7b,train,cancellation,HALL,27,2778,2778,0,0.3835798244217094,0.33211258463613336,0.3646875463205645,0.4127485864853573
llava_1_5_7b,train,cancellation,HALL,28,2778,2778,0,0.47729298003889775,0.4312959534300016,0.46588519034650766,0.5112108765540309
llava_1_5_7b,train,cancellation,HALL,29,2778,2778,0,0.43479778391492996,0.38517473086176685,0.4213905718063682,0.46997456727378983
llava_1_5_7b,train,cancellation,HALL,30,2778,2778,0,0.36691700985382686,0.32498344420189584,0.35515386983709285,0.39319466923305263
llava_1_5_7b,train,cancellation,HALL,31,2778,2778,0,0.5640003346860322,0.5181783903019873,0.5528130977809953,0.5965303444685525
llava_1_5_7b,train,cancellation,HALL,32,2778,2778,0,0.7226875049548499,0.6826185317924786,0.7239213822321087,0.7631104259263195
llava_1_5_7b,train,closure,REAL,1,9539,9539,0,1.1168704875172322e-05,1.3154145790394978e-06,2.2048343453207053e-06,1.4834364719717996e-05
llava_1_5_7b,train,closure,REAL,2,9539,9539,0,2.8379846277406934e-05,5.308110075930017e-06,1.3332025446288753e-05,3.4176307963207364e-05
llava_1_5_7b,train,closure,REAL,3,9539,9539,0,4.566457935574206e-06,3.5501169577401015e-06,4.292247467674315e-06,5.247262606644654e-06
llava_1_5_7b,train,closure,REAL,4,9539,9539,0,6.156753704846354e-06,4.048703203807236e-06,5.792157480755122e-06,7.732918220426654e-06
llava_1_5_7b,train,closure,REAL,5,9539,9539,0,8.007005805535836e-06,5.163829882803839e-06,7.2178995651484e-06,1.0030420980911003e-05
llava_1_5_7b,train,closure,REAL,6,9539,9539,0,7.488307398479925e-06,3.7790817941640853e-06,6.120867965364596e-06,1.0117328656633617e-05
llava_1_5_7b,train,closure,REAL,7,9539,9539,0,5.736850882920462e-06,2.118411998708325e-06,3.871678472933127e-06,8.349323707079748e-06
llava_1_5_7b,train,closure,REAL,8,9539,9539,0,7.5166636462926296e-06,2.5131903385045007e-06,4.974929197487654e-06,1.0322291473130463e-05
llava_1_5_7b,train,closure,REAL,9,9539,9539,0,7.413484573897395e-06,3.071899186579685e-06,5.017586772737559e-06,9.551733455737121e-06
llava_1_5_7b,train,closure,REAL,10,9539,9539,0,5.9134163580377356e-06,2.3425891413353384e-06,3.748473773157457e-06,7.183569096014253e-06
llava_1_5_7b,train,closure,REAL,11,9539,9539,0,4.435124895922946e-06,1.8642751911102096e-06,2.643170319061028e-06,4.553271764962119e-06
llava_1_5_7b,train,closure,REAL,12,9539,9539,0,3.0329063393781257e-06,1.7510622001282172e-06,2.3300876819121186e-06,3.1679189760325244e-06
llava_1_5_7b,train,closure,REAL,13,9539,9539,0,5.161263221704157e-06,2.2126499743535533e-06,3.2319644560629968e-06,5.259225872578099e-06
llava_1_5_7b,train,closure,REAL,14,9539,9539,0,5.89572551125474e-06,3.1893013101580436e-06,4.284714577806881e-06,6.50641027277743e-06
llava_1_5_7b,train,closure,REAL,15,9539,9539,0,3.922400272227783e-06,1.7628019577387022e-06,2.304404006281402e-06,3.529500077092962e-06
llava_1_5_7b,train,closure,REAL,16,9539,9539,0,6.2959040484597276e-06,2.9586291248051566e-06,3.902680873579811e-06,6.273073267948348e-06
llava_1_5_7b,train,closure,REAL,17,9539,9539,0,6.710463980492776e-06,2.4449996089970227e-06,3.959598416258814e-06,8.039466592890676e-06
llava_1_5_7b,train,closure,REAL,18,9539,9539,0,4.712491018986603e-06,2.475838755344739e-06,3.282942998339422e-06,4.879639618593501e-06
llava_1_5_7b,train,closure,REAL,19,9539,9539,0,6.465330693956232e-06,2.8126996767241508e-06,3.896577709383564e-06,6.061140538804466e-06
llava_1_5_7b,train,closure,REAL,20,9539,9539,0,6.338783924895048e-06,3.0697092370246537e-06,4.192047981632641e-06,6.312140612863004e-06
llava_1_5_7b,train,closure,REAL,21,9539,9539,0,5.100126359409115e-06,2.498381945770234e-06,3.2980183277686592e-06,4.783090389537392e-06
llava_1_5_7b,train,closure,REAL,22,9539,9539,0,9.024918643903462e-06,4.142063062317902e-06,5.620173851639265e-06,8.6428321992571e-06
llava_1_5_7b,train,closure,REAL,23,9539,9539,0,1.0269458030508894e-05,5.062256832388812e-06,6.692124316032277e-06,1.0097060567204608e-05
llava_1_5_7b,train,closure,REAL,24,9539,9539,0,2.1159997480656065e-05,9.813145425141556e-06,1.3435161235975102e-05,2.0938311536156107e-05
llava_1_5_7b,train,closure,REAL,25,9539,9539,0,9.285562954562297e-06,5.131737225383404e-06,6.812369974795729e-06,9.702735951577779e-06
llava_1_5_7b,train,closure,REAL,26,9539,9539,0,1.5356284178834083e-05,8.640686246508267e-06,1.1779773558373563e-05,1.7359639969072305e-05
llava_1_5_7b,train,closure,REAL,27,9539,9539,0,1.127363121115978e-05,6.485518497356679e-06,8.765120583120733e-06,1.3185876014176756e-05
llava_1_5_7b,train,closure,REAL,28,9539,9539,0,7.226838388280833e-05,5.0707298214547336e-05,6.912568642292172e-05,9.092234176932834e-05
llava_1_5_7b,train,closure,REAL,29,9539,9539,0,2.2726844644250333e-05,1.142454175351304e-05,1.7573167497175746e-05,2.7752717869589105e-05
llava_1_5_7b,train,closure,REAL,30,9539,9539,0,1.7388967376941275e-05,1.0470986126165371e-05,1.4789650776947383e-05,2.1410701265267562e-05
llava_1_5_7b,train,closure,REAL,31,9539,9539,0,2.9892851926987652e-05,2.0657771528931335e-05,2.792295163089875e-05,3.7252602851367556e-05
llava_1_5_7b,train,closure,REAL,32,9539,9539,0,4.290693120205442e-06,3.6829453620157437e-06,4.294894097256474e-06,4.9516991111886455e-06
llava_1_5_7b,train,closure,HALL,1,2778,2778,0,2.5426141025066936e-06,1.053089420111064e-06,1.1982603496107913e-06,1.520009703881442e-06
llava_1_5_7b,train,closure,HALL,2,2778,2778,0,1.1196400701614172e-05,3.5308028714098327e-06,6.075632427382516e-06,1.1841781542898389e-05
llava_1_5_7b,train,closure,HALL,3,2778,2778,0,4.300578710182126e-06,3.4064235023834044e-06,4.037031430925708e-06,4.860564445152704e-06
llava_1_5_7b,train,closure,HALL,4,2778,2778,0,7.813603139620184e-06,5.779360094493313e-06,7.355607067438541e-06,9.262910680263303e-06
llava_1_5_7b,train,closure,HALL,5,2778,2778,0,1.0217572047648062e-05,7.379889780168014e-06,9.647890692576766e-06,1.2401059166222694e-05
llava_1_5_7b,train,closure,HALL,6,2778,2778,0,1.1329950941968285e-05,7.782457487337524e-06,1.0349349850002909e-05,1.4348837112265755e-05
llava_1_5_7b,train,closure,HALL,7,2778,2778,0,1.0177731300752598e-05,7.29390171727573e-06,9.680879429652123e-06,1.262928640244354e-05
llava_1_5_7b,train,closure,HALL,8,2778,2778,0,1.1843569951934003e-05,7.841757678761496e-06,1.0867266610148363e-05,1.4320861737360246e-05
llava_1_5_7b,train,closure,HALL,9,2778,2778,0,1.2096935046647978e-05,8.015329285626649e-06,1.0814835604833206e-05,1.4630000578108593e-05
llava_1_5_7b,train,closure,HALL,10,2778,2778,0,9.990714506846774e-06,5.554828817366797e-06,8.421519396506483e-06,1.2172218021078152e-05
llava_1_5_7b,train,closure,HALL,11,2778,2778,0,7.366134385699564e-06,3.769482475490804e-06,5.8270752560929395e-06,8.897693078324664e-06
llava_1_5_7b,train,closure,HALL,12,2778,2778,0,3.764069424284589e-06,2.235978911357961e-06,2.9280030275913305e-06,3.791781296058616e-06
llava_1_5_7b,train,closure,HALL,13,2778,2778,0,7.729811203349629e-06,3.7224518791845185e-06,5.42873885933659e-06,8.175011998901027e-06
llava_1_5_7b,train,closure,HALL,14,2778,2778,0,6.114864683853944e-06,3.505800407310744e-06,4.475271225601318e-06,6.234312650121865e-06
llava_1_5_7b,train,closure,HALL,15,2778,2778,0,5.20854664368209e-06,2.3790302066117874e-06,3.3366724210281973e-06,4.856459895563603e-06
llava_1_5_7b,train,closure,HALL,16,2778,2778,0,7.909327935997061e-06,3.9962911841939786e-06,5.947434829067788e-06,8.985084832602297e-06
llava_1_5_7b,train,closure,HALL,17,2778,2778,0,9.994132892406033e-06,5.813441703139688e-06,7.96693166194018e-06,1.1046122835978167e-05
llava_1_5_7b,train,closure,HALL,18,2778,2778,0,5.6575018710534e-06,3.08907533508318e-06,4.05895752919605e-06,5.55016868020175e-06
llava_1_5_7b,train,closure,HALL,19,2778,2778,0,7.6002663506522925e-06,4.042833438688831e-06,5.038837571191834e-06,6.596573143724527e-06
llava_1_5_7b,train,closure,HALL,20,2778,2778,0,7.3874003166167565e-06,3.7522678439927404e-06,4.680108531829319e-06,6.372567554535635e-06
llava_1_5_7b,train,closure,HALL,21,2778,2778,0,5.598405422525752e-06,2.627872333960113e-06,3.2545341355216806e-06,4.357365810392366e-06
llava_1_5_7b,train,closure,HALL,22,2778,2778,0,9.6238895600863e-06,3.95694553390058e-06,5.037375558458734e-06,6.683358492409752e-06
llava_1_5_7b,train,closure,HALL,23,2778,2778,0,9.902425459517986e-06,4.736184678222344e-06,5.72916883356811e-06,7.534715905421763e-06
llava_1_5_7b,train,closure,HALL,24,2778,2778,0,2.006062428312109e-05,9.108675158131518e-06,1.1661623375402996e-05,1.591679210832808e-05
llava_1_5_7b,train,closure,HALL,25,2778,2778,0,1.0166258573389319e-05,4.9787139460022445e-06,6.358500513670151e-06,8.538955626136158e-06
llava_1_5_7b,train,closure,HALL,26,2778,2778,0,1.5426762223368784e-05,8.81648179529293e-06,1.1458909284556285e-05,1.5961194549163338e-05
llava_1_5_7b,train,closure,HALL,27,2778,2778,0,1.1032096249006497e-05,6.492461011475825e-06,8.254629847215256e-06,1.1572306448215386e-05
llava_1_5_7b,train,closure,HALL,28,2778,2778,0,8.328320523640789e-05,6.46481475996552e-05,8.021230314625427e-05,9.98851846816251e-05
llava_1_5_7b,train,closure,HALL,29,2778,2778,0,2.4844293884424783e-05,1.374234443574096e-05,1.8882204130932223e-05,2.748982387856813e-05
llava_1_5_7b,train,closure,HALL,30,2778,2778,0,1.8687466336366525e-05,1.204688874167914e-05,1.62323412951082e-05,2.221475642727455e-05
llava_1_5_7b,train,closure,HALL,31,2778,2778,0,3.47110634251768e-05,2.630452900120872e-05,3.252426358812954e-05,4.137935593462316e-05
llava_1_5_7b,train,closure,HALL,32,2778,2778,0,4.922744012212607e-06,4.327245278545888e-06,4.8109382078109775e-06,5.4359059049602365e-06
llava_1_5_7b,test,amp_mean,REAL,1,2437,2437,0,1.4521993797872432,1.0455568053873783,1.2960731839658284,1.9548904354588943
llava_1_5_7b,test,amp_mean,REAL,2,2437,2437,0,0.8124532365022347,0.6801086455613086,0.7769302097462931,0.9016931060437613
llava_1_5_7b,test,amp_mean,REAL,3,2437,2437,0,0.5546309324357294,0.5055963285743624,0.5461817446363962,0.5865077081167682
llava_1_5_7b,test,amp_mean,REAL,4,2437,2437,0,0.7428818812985085,0.7025976975023934,0.7353271067354128,0.7758328315335739
llava_1_5_7b,test,amp_mean,REAL,5,2437,2437,0,0.7433396435362469,0.7095659088369296,0.7439458797833018,0.779755513597746
llava_1_5_7b,test,amp_mean,REAL,6,2437,2437,0,0.7291805172074141,0.6863632892729625,0.736374090626161,0.774966656381856
llava_1_5_7b,test,amp_mean,REAL,7,2437,2437,0,0.699137730080367,0.6627823074614716,0.7023626889530168,0.7361533870297158
llava_1_5_7b,test,amp_mean,REAL,8,2437,2437,0,0.703750451771161,0.6730498728137021,0.7018354516105123,0.7351340592829313
llava_1_5_7b,test,amp_mean,REAL,9,2437,2437,0,0.6200781434592469,0.6010285237694167,0.621240933527823,0.6392543448791445
llava_1_5_7b,test,amp_mean,REAL,10,2437,2437,0,0.616269571401847,0.5895808348384667,0.6165040681782876,0.6422154993449188
llava_1_5_7b,test,amp_mean,REAL,11,2437,2437,0,0.617042654758629,0.5989182599365088,0.6177388804645931,0.6374596843738431
llava_1_5_7b,test,amp_mean,REAL,12,2437,2437,0,0.5732297632831836,0.5541480332667197,0.5742344571154344,0.5930275571104233
llava_1_5_7b,test,amp_mean,REAL,13,2437,2437,0,0.5482988454106013,0.522811422466676,0.5500329908100792,0.5731932509964255
llava_1_5_7b,test,amp_mean,REAL,14,2437,2437,0,0.5131557540482776,0.49295805051364083,0.5170028024825535,0.5348685093482131
llava_1_5_7b,test,amp_mean,REAL,15,2437,2437,0,0.4798475561334388,0.4639471449346579,0.4801817170442304,0.4963356542357195
llava_1_5_7b,test,amp_mean,REAL,16,2437,2437,0,0.45825461092437897,0.43964299039201943,0.4577593339349851,0.4760344992521903
llava_1_5_7b,test,amp_mean,REAL,17,2437,2437,0,0.455633108557453,0.43537648300120746,0.45304276823840933,0.4740121873127753
llava_1_5_7b,test,amp_mean,REAL,18,2437,2437,0,0.40072390645358974,0.38334258682139605,0.3983734443281936,0.4149396127383631
llava_1_5_7b,test,amp_mean,REAL,19,2437,2437,0,0.4327930944922824,0.41516940335776553,0.43073047838907874,0.44857927316937996
llava_1_5_7b,test,amp_mean,REAL,20,2437,2437,0,0.3518565363587311,0.33422109450054727,0.34818961014706096,0.3657062232953155
llava_1_5_7b,test,amp_mean,REAL,21,2437,2437,0,0.36597976853996445,0.34343550157964337,0.3618244833058257,0.38577931817391997
llava_1_5_7b,test,amp_mean,REAL,22,2437,2437,0,0.2957390445322653,0.2775822224370784,0.29175375441290136,0.312307465378676
llava_1_5_7b,test,amp_mean,REAL,23,2437,2437,0,0.2598448926662472,0.24480984077146795,0.2572292733192208,0.2735058966144808
llava_1_5_7b,test,amp_mean,REAL,24,2437,2437,0,0.2582168835223147,0.24062664010138304,0.2570121192746706,0.2738515988130299
llava_1_5_7b,test,amp_mean,REAL,25,2437,2437,0,0.23821964403106355,0.22212795427792276,0.23693779091670303,0.2518326200263988
llava_1_5_7b,test,amp_mean,REAL,26,2437,2437,0,0.2660527259954213,0.24876778436637745,0.2632966370757337,0.28059610879963287
llava_1_5_7b,test,amp_mean,REAL,27,2437,2437,0,0.23892452373291914,0.22568254679223956,0.23715270578689138,0.2503195471526025
llava_1_5_7b,test,amp_mean,REAL,28,2437,2437,0,0.24036167155637175,0.22566432529613678,0.23938554108341828,0.25288266304047613
llava_1_5_7b,test,amp_mean,REAL,29,2437,2437,0,0.24185805309689615,0.22572541479390681,0.2391292641944004,0.2558456825993387
llava_1_5_7b,test,amp_mean,REAL,30,2437,2437,0,0.22966777632109295,0.21645235680883143,0.22802489905070716,0.24065391135084507
llava_1_5_7b,test,amp_mean,REAL,31,2437,2437,0,0.364204312537547,0.3453154805179259,0.36097212214069946,0.3791791037287149
llava_1_5_7b,test,amp_mean,REAL,32,2437,2437,0,1.5352378278386332,1.4206642298153223,1.5271816976955588,1.6489910314199443
llava_1_5_7b,test,amp_mean,HALL,1,709,709,0,1.3847061508866494,1.0495252547434153,1.4216832585580832,1.5898720210906512
llava_1_5_7b,test,amp_mean,HALL,2,709,709,0,0.8657822416083643,0.731473930269266,0.8156149382614913,0.9783429356978045
llava_1_5_7b,test,amp_mean,HALL,3,709,709,0,0.5557664948365452,0.5257266928276842,0.5534719228071423,0.5784173865157677
llava_1_5_7b,test,amp_mean,HALL,4,709,709,0,0.727140267313853,0.6832121457978676,0.7231854506756074,0.7650103301596634
llava_1_5_7b,test,amp_mean,HALL,5,709,709,0,0.7238538731376778,0.6962944647061962,0.7278672619121418,0.7523279489995656
llava_1_5_7b,test,amp_mean,HALL,6,709,709,0,0.711250143278586,0.6778360958504036,0.7107820774924463,0.746794121833248
llava_1_5_7b,test,amp_mean,HALL,7,709,709,0,0.6693065999835084,0.6342639404720816,0.6658942025917711,0.7008084045613675
llava_1_5_7b,test,amp_mean,HALL,8,709,709,0,0.7151973064482879,0.6836619660911852,0.717623545117236,0.7513243738517602
llava_1_5_7b,test,amp_mean,HALL,9,709,709,0,0.6232653911957913,0.6072231733140023,0.6237216614898027,0.6416552767183731
llava_1_5_7b,test,amp_mean,HALL,10,709,709,0,0.622513059384727,0.6016757211039124,0.6241539885350885,0.6439567713443702
llava_1_5_7b,test,amp_mean,HALL,11,709,709,0,0.6230027551885261,0.6060011438061795,0.6237631323218006,0.6424191217639107
llava_1_5_7b,test,amp_mean,HALL,12,709,709,0,0.5829932241136283,0.5637301659150178,0.584266106268529,0.6046076184045428
llava_1_5_7b,test,amp_mean,HALL,13,709,709,0,0.5728236120299873,0.5523266109689909,0.5763573755694887,0.5987337654963121
llava_1_5_7b,test,amp_mean,HALL,14,709,709,0,0.5190999313105931,0.5021766853068013,0.5217477261551539,0.5376554875515137
llava_1_5_7b,test,amp_mean,HALL,15,709,709,0,0.47693991411708214,0.4607303431036244,0.47579115212388956,0.49219125025113036
llava_1_5_7b,test,amp_mean,HALL,16,709,709,0,0.4658596056276025,0.4515049079707296,0.4657773479873537,0.48105222533733877
llava_1_5_7b,test,amp_mean,HALL,17,709,709,0,0.4484349745869158,0.43171119352819903,0.444498892045182,0.46032092971545935
llava_1_5_7b,test,amp_mean,HALL,18,709,709,0,0.39872501687238554,0.38285201413181624,0.395913604926333,0.41096838771055666
llava_1_5_7b,test,amp_mean,HALL,19,709,709,0,0.4265957125458333,0.409857884755782,0.42359468793120003,0.4406644538435681
llava_1_5_7b,test,amp_mean,HALL,20,709,709,0,0.34541871022252796,0.32954569314176063,0.34195052084455013,0.3576707277566294
llava_1_5_7b,test,amp_mean,HALL,21,709,709,0,0.3590490806711628,0.34314883456075224,0.3545763687930619,0.3705924661848489
llava_1_5_7b,test,amp_mean,HALL,22,709,709,0,0.29366302188308213,0.2807352053288868,0.2895970927059761,0.3029279443694728
llava_1_5_7b,test,amp_mean,HALL,23,709,709,0,0.25888744030120775,0.24893248161715467,0.2565850421100031,0.26656129399241757
llava_1_5_7b,test,amp_mean,HALL,24,709,709,0,0.2563631812284787,0.24180926068893868,0.252977526381457,0.26620293592236827
llava_1_5_7b,test,amp_mean,HALL,25,709,709,0,0.23819480584279823,0.22789801998924744,0.23654915104487215,0.24690081829703514
llava_1_5_7b,test,amp_mean,HALL,26,709,709,0,0.2628556926875657,0.25020986380866905,0.2604026493801625,0.2713332664159288
llava_1_5_7b,test,amp_mean,HALL,27,709,709,0,0.2396546790961003,0.22905313831028287,0.23821717328159892,0.24852812333800584
llava_1_5_7b,test,amp_mean,HALL,28,709,709,0,0.24008518272742185,0.23037778935357986,0.2390297386864927,0.24865799696389365
llava_1_5_7b,test,amp_mean,HALL,29,709,709,0,0.24086671014605635,0.22770551735818723,0.2400344513719956,0.2520213372893245
llava_1_5_7b,test,amp_mean,HALL,30,709,709,0,0.22999114765113007,0.22194818293203963,0.2286273722047716,0.23635149159099683
llava_1_5_7b,test,amp_mean,HALL,31,709,709,0,0.3690985823178624,0.3531829803728585,0.36573956885252734,0.38247709663791885
llava_1_5_7b,test,amp_mean,HALL,32,709,709,0,1.4559606230013526,1.3631020404806509,1.4447190881121692,1.535848424383686
llava_1_5_7b,test,amp_median,REAL,1,2437,2437,0,1.421209696923929,1.0331547706424613,1.2649826185714454,1.9078775955621232
llava_1_5_7b,test,amp_median,REAL,2,2437,2437,0,0.7987623602125481,0.6734149694517073,0.7714307723598468,0.8892493147913768
llava_1_5_7b,test,amp_median,REAL,3,2437,2437,0,0.5477925039780501,0.49741623978991245,0.539052696219992,0.5807290397637586
llava_1_5_7b,test,amp_median,REAL,4,2437,2437,0,0.7428935600874275,0.7011508558354623,0.7349006171809176,0.7777905761590052
llava_1_5_7b,test,amp_median,REAL,5,2437,2437,0,0.7410084708112789,0.7030884007366769,0.7401414362626084,0.7791645162375072
llava_1_5_7b,test,amp_median,REAL,6,2437,2437,0,0.7306192976404303,0.6859481557880521,0.7370252841240403,0.7758536151375375
llava_1_5_7b,test,amp_median,REAL,7,2437,2437,0,0.6961934252767772,0.6580935587699008,0.699392055573385,0.7335332543463232
llava_1_5_7b,test,amp_median,REAL,8,2437,2437,0,0.7007005832424421,0.6674062367824315,0.6974563424561355,0.7341749801285034
llava_1_5_7b,test,amp_median,REAL,9,2437,2437,0,0.6182444153942971,0.598483821977629,0.6191968780794641,0.638260345351801
llava_1_5_7b,test,amp_median,REAL,10,2437,2437,0,0.6122461795976094,0.5851901424044493,0.6120051409783765,0.6386658049502317
llava_1_5_7b,test,amp_median,REAL,11,2437,2437,0,0.6150651599060839,0.5964549015936969,0.61637086998477,0.6356112796814448
llava_1_5_7b,test,amp_median,REAL,12,2437,2437,0,0.5731414710563326,0.5544268172540423,0.5740812185361928,0.5926139050727304
llava_1_5_7b,test,amp_median,REAL,13,2437,2437,0,0.5444748479440881,0.5191723889600534,0.5460043428380452,0.5703811380157622
llava_1_5_7b,test,amp_median,REAL,14,2437,2437,0,0.5125901437139552,0.49290013466664795,0.5153029299966356,0.5345298936004572
llava_1_5_7b,test,amp_median,REAL,15,2437,2437,0,0.47719351523227616,0.4612218017537588,0.476859776459706,0.49279308493714336
llava_1_5_7b,test,amp_median,REAL,16,2437,2437,0,0.4559927385349939,0.43749792134960275,0.4549239594608998,0.4737580634489136
llava_1_5_7b,test,amp_median,REAL,17,2437,2437,0,0.45311392444678655,0.43334587124557233,0.45140566292364875,0.47167786466757455
llava_1_5_7b,test,amp_median,REAL,18,2437,2437,0,0.3950454027228814,0.37873933486960903,0.3932911365768344,0.4087136548718229
llava_1_5_7b,test,amp_median,REAL,19,2437,2437,0,0.4271534312808981,0.40976667464960925,0.4254590783157014,0.4423603840487953
llava_1_5_7b,test,amp_median,REAL,20,2437,2437,0,0.3462426650232491,0.3273836652933293,0.3424625881442253,0.36017353329109547
llava_1_5_7b,test,amp_median,REAL,21,2437,2437,0,0.36293733818690915,0.3416218171348573,0.3599955903910711,0.3812500183097882
llava_1_5_7b,test,amp_median,REAL,22,2437,2437,0,0.286693075461242,0.26924147303505475,0.2832126138943847,0.3018055576595698
llava_1_5_7b,test,amp_median,REAL,23,2437,2437,0,0.25840609303238493,0.24437577539500446,0.2574664501484185,0.2717501024965639
llava_1_5_7b,test,amp_median,REAL,24,2437,2437,0,0.251648803861495,0.23379213272438826,0.2504520668798149,0.2671573295417081
llava_1_5_7b,test,amp_median,REAL,25,2437,2437,0,0.23511005175974653,0.21936143357375282,0.23463112048881574,0.24979288533063163
llava_1_5_7b,test,amp_median,REAL,26,2437,2437,0,0.24973273346914265,0.2342949876287422,0.24722307555255987,0.263624087913633
llava_1_5_7b,test,amp_median,REAL,27,2437,2437,0,0.2268414769383472,0.21358543533237098,0.2253728567981822,0.2382966942868111
llava_1_5_7b,test,amp_median,REAL,28,2437,2437,0,0.23150025967143842,0.21686245307915913,0.22937424592948288,0.24338436288199783
llava_1_5_7b,test,amp_median,REAL,29,2437,2437,0,0.22956987314325736,0.21421664028775364,0.22667732752865047,0.24240632082883926
llava_1_5_7b,test,amp_median,REAL,30,2437,2437,0,0.21857191376814547,0.20696205673637136,0.21713833162673624,0.2282984329800905
llava_1_5_7b,test,amp_median,REAL,31,2437,2437,0,0.341296227029538,0.3175655314205722,0.3367356017567633,0.35940907551443857
llava_1_5_7b,test,amp_median,REAL,32,2437,2437,0,1.6010023875125552,1.48087079091222,1.6150850633995582,1.7419755935695551
llava_1_5_7b,test,amp_median,HALL,1,709,709,0,1.3641639514236423,1.0403354574671981,1.4118752117954203,1.5684300447057358
llava_1_5_7b,test,amp_median,HALL,2,709,709,0,0.8361389217340092,0.7210463110184313,0.7947174087071672,0.9357195686524091
llava_1_5_7b,test,amp_median,HALL,3,709,709,0,0.5476765536735052,0.5159905946093211,0.5454117814463678,0.5713335768380138
llava_1_5_7b,test,amp_median,HALL,4,709,709,0,0.724859204718985,0.6776310639769003,0.7205603763999944,0.7656065975120795
llava_1_5_7b,test,amp_median,HALL,5,709,709,0,0.7212090361647567,0.6941760131481384,0.7241823183741276,0.7496605520525812
llava_1_5_7b,test,amp_median,HALL,6,709,709,0,0.7157656301168245,0.6817379368404659,0.7173217731216657,0.7523485477657639
llava_1_5_7b,test,amp_median,HALL,7,709,709,0,0.6668899968302819,0.6325344941593951,0.6629584397411166,0.6969586869062305
llava_1_5_7b,test,amp_median,HALL,8,709,709,0,0.7185271712622703,0.6821589391862465,0.7223829942104106,0.7574231607649361
llava_1_5_7b,test,amp_median,HALL,9,709,709,0,0.6223384631696952,0.6054227520725673,0.6237512983501067,0.6411785857683345
llava_1_5_7b,test,amp_median,HALL,10,709,709,0,0.6187426851145644,0.5971328287290381,0.6203369535413001,0.6406466060486569
llava_1_5_7b,test,amp_median,HALL,11,709,709,0,0.6211126337595692,0.6051745011333437,0.6225264682508022,0.6399633577234345
llava_1_5_7b,test,amp_median,HALL,12,709,709,0,0.5826479147886178,0.5633701990175717,0.5826558383970404,0.6039927942621732
llava_1_5_7b,test,amp_median,HALL,13,709,709,0,0.5722266580402606,0.5515132261091285,0.5764771747965669,0.5996682738436698
llava_1_5_7b,test,amp_median,HALL,14,709,709,0,0.5174190261210209,0.498946664959144,0.5205176992822749,0.5360160645560252
llava_1_5_7b,test,amp_median,HALL,15,709,709,0,0.4757023379755821,0.4604747052524291,0.47468375188408707,0.4892397490918903
llava_1_5_7b,test,amp_median,HALL,16,709,709,0,0.46382443629418324,0.44949087241093233,0.4638617393569899,0.4789960955303205
llava_1_5_7b,test,amp_median,HALL,17,709,709,0,0.4461750850859609,0.4300229496200857,0.4427852740682996,0.45852240127123467
llava_1_5_7b,test,amp_median,HALL,18,709,709,0,0.39528597413492395,0.3792913993951903,0.39291326223656375,0.40791715969754
llava_1_5_7b,test,amp_median,HALL,19,709,709,0,0.4209787428637713,0.40413603889441696,0.41798617010826966,0.43442885441473245
llava_1_5_7b,test,amp_median,HALL,20,709,709,0,0.3378385072564586,0.3212627223700689,0.33346994395162527,0.3498709503192716
llava_1_5_7b,test,amp_median,HALL,21,709,709,0,0.3566295508676473,0.3404344119847854,0.3514975042046742,0.36788760761000117
llava_1_5_7b,test,amp_median,HALL,22,709,709,0,0.2862384186908619,0.27387698004791555,0.282862048214913,0.2949562757395807
llava_1_5_7b,test,amp_median,HALL,23,709,709,0,0.25661551062298604,0.24649296601415233,0.25400748248081584,0.26485537268214693
llava_1_5_7b,test,amp_median,HALL,24,709,709,0,0.24687781522786142,0.2320223224560624,0.24212273309578378,0.2552862473961709
llava_1_5_7b,test,amp_median,HALL,25,709,709,0,0.23437034412141378,0.22469084033950265,0.23259103553013147,0.24179821805918622
llava_1_5_7b,test,amp_median,HALL,26,709,709,0,0.24808818144919906,0.23589157221607593,0.2442671648755264,0.25591293799949155
llava_1_5_7b,test,amp_median,HALL,27,709,709,0,0.22689131206658125,0.21718249298574915,0.22434041657049408,0.2348000475711749
llava_1_5_7b,test,amp_median,HALL,28,709,709,0,0.2302096990549958,0.21947632437973078,0.22844117752273763,0.23827334959815433
llava_1_5_7b,test,amp_median,HALL,29,709,709,0,0.22342427045542576,0.21280589096128855,0.22056840553243334,0.23054034913867322
llava_1_5_7b,test,amp_median,HALL,30,709,709,0,0.21922088362072686,0.21175653998749924,0.2177960553648026,0.22564099570323148
llava_1_5_7b,test,amp_median,HALL,31,709,709,0,0.34363048259301265,0.32352323939034144,0.33903460440321687,0.3609078730268198
llava_1_5_7b,test,amp_median,HALL,32,709,709,0,1.49636762619437,1.3939621370828164,1.5026617194589258,1.6213016622938043
llava_1_5_7b,test,amp_fraction_gt1,REAL,1,2437,2437,0,0.7839856038845575,0.5850694444444444,0.9826388888888888,1.0
llava_1_5_7b,test,amp_fraction_gt1,REAL,2,2437,2437,0,0.14888167943281816,0.0,0.015625,0.2465277777777778
llava_1_5_7b,test,amp_fraction_gt1,REAL,3,2437,2437,0,0.0003668843751424794,0.0,0.0,0.0
llava_1_5_7b,test,amp_fraction_gt1,REAL,4,2437,2437,0,0.013430820195496561,0.0,0.0,0.005208333333333333
llava_1_5_7b,test,amp_fraction_gt1,REAL,5,2437,2437,0,0.00835359894622064,0.0,0.0,0.001736111111111111
llava_1_5_7b,test,amp_fraction_gt1,REAL,6,2437,2437,0,0.005313055669539051,0.0,0.0,0.0
llava_1_5_7b,test,amp_fraction_gt1,REAL,7,2437,2437,0,0.0053372771622669036,0.0,0.0,0.0
llava_1_5_7b,test,amp_fraction_gt1,REAL,8,2437,2437,0,0.0048129530843933795,0.0,0.0,0.001736111111111111
llava_1_5_7b,test,amp_fraction_gt1,REAL,9,2437,2437,0,1.7097524278484476e-05,0.0,0.0,0.0
llava_1_5_7b,test,amp_fraction_gt1,REAL,10,2437,2437,0,2.8495873797474126e-05,0.0,0.0,0.0
llava_1_5_7b,test,amp_fraction_gt1,REAL,11,2437,2437,0,4.9867779145579715e-06,0.0,0.0,0.0
llava_1_5_7b,test,amp_fraction_gt1,REAL,12,2437,2437,0,7.836365294305385e-06,0.0,0.0,0.0
llava_1_5_7b,test,amp_fraction_gt1,REAL,13,2437,2437,0,0.00010400993936078055,0.0,0.0,0.0
llava_1_5_7b,test,amp_fraction_gt1,REAL,14,2437,2437,0,0.0,0.0,0.0,0.0
llava_1_5_7b,test,amp_fraction_gt1,REAL,15,2437,2437,0,2.1371905348105593e-05,0.0,0.0,0.0
llava_1_5_7b,test,amp_fraction_gt1,REAL,16,2437,2437,0,9.973555829115943e-06,0.0,0.0,0.0
llava_1_5_7b,test,amp_fraction_gt1,REAL,17,2437,2437,0,1.567273058861077e-05,0.0,0.0,0.0
llava_1_5_7b,test,amp_fraction_gt1,REAL,18,2437,2437,0,7.836365294305385e-06,0.0,0.0,0.0
llava_1_5_7b,test,amp_fraction_gt1,REAL,19,2437,2437,0,7.1239684493685314e-06,0.0,0.0,0.0
llava_1_5_7b,test,amp_fraction_gt1,REAL,20,2437,2437,0,6.411571604431678e-06,0.0,0.0,0.0
llava_1_5_7b,test,amp_fraction_gt1,REAL,21,2437,2437,0,9.902316144622258e-05,0.0,0.0,0.0
llava_1_5_7b,test,amp_fraction_gt1,REAL,22,2437,2437,0,0.0,0.0,0.0,0.0
llava_1_5_7b,test,amp_fraction_gt1,REAL,23,2437,2437,0,9.403638353166462e-05,0.0,0.0,0.0
llava_1_5_7b,test,amp_fraction_gt1,REAL,24,2437,2437,0,0.00010899671727533853,0.0,0.0,0.0
llava_1_5_7b,test,amp_fraction_gt1,REAL,25,2437,2437,0,1.8522317968358183e-05,0.0,0.0,0.0
llava_1_5_7b,test,amp_fraction_gt1,REAL,26,2437,2437,0,0.0007871985136552228,0.0,0.0,0.0
llava_1_5_7b,test,amp_fraction_gt1,REAL,27,2437,2437,0,7.195208133862216e-05,0.0,0.0,0.0
llava_1_5_7b,test,amp_fraction_gt1,REAL,28,2437,2437,0,2.8495873797474124e-06,0.0,0.0,0.0
llava_1_5_7b,test,amp_fraction_gt1,REAL,29,2437,2437,0,0.0,0.0,0.0,0.0
llava_1_5_7b,test,amp_fraction_gt1,REAL,30,2437,2437,0,0.0,0.0,0.0,0.0
llava_1_5_7b,test,amp_fraction_gt1,REAL,31,2437,2437,0,0.0,0.0,0.0,0.0
llava_1_5_7b,test,amp_fraction_gt1,REAL,32,2437,2437,0,0.758056495919391,0.6857638888888888,0.7638888888888888,0.8350694444444444
llava_1_5_7b,test,amp_fraction_gt1,HALL,1,709,709,0,0.81593549208588,0.6180555555555556,1.0,1.0
llava_1_5_7b,test,amp_fraction_gt1,HALL,2,709,709,0,0.2102604411534242,0.003472222222222222,0.10243055555555555,0.3888888888888889
llava_1_5_7b,test,amp_fraction_gt1,HALL,3,709,709,0,1.469205453690644e-05,0.0,0.0,0.0
llava_1_5_7b,test,amp_fraction_gt1,HALL,4,709,709,0,0.00815656449513842,0.0,0.0,0.001736111111111111
llava_1_5_7b,test,amp_fraction_gt1,HALL,5,709,709,0,0.0014349239931045292,0.0,0.0,0.0
llava_1_5_7b,test,amp_fraction_gt1,HALL,6,709,709,0,0.0021793214229744555,0.0,0.0,0.0
llava_1_5_7b,test,amp_fraction_gt1,HALL,7,709,709,0,0.0035236444131013945,0.0,0.0,0.0
llava_1_5_7b,test,amp_fraction_gt1,HALL,8,709,709,0,0.0035554771979313584,0.0,0.0,0.001736111111111111
llava_1_5_7b,test,amp_fraction_gt1,HALL,9,709,709,0,0.0,0.0,0.0,0.0
llava_1_5_7b,test,amp_fraction_gt1,HALL,10,709,709,0,0.0,0.0,0.0,0.0
llava_1_5_7b,test,amp_fraction_gt1,HALL,11,709,709,0,0.0,0.0,0.0,0.0
llava_1_5_7b,test,amp_fraction_gt1,HALL,12,709,709,0,4.897351512302147e-06,0.0,0.0,0.0
llava_1_5_7b,test,amp_fraction_gt1,HALL,13,709,709,0,3.9178812098417176e-05,0.0,0.0,0.0
llava_1_5_7b,test,amp_fraction_gt1,HALL,14,709,709,0,0.0,0.0,0.0,0.0
llava_1_5_7b,test,amp_fraction_gt1,HALL,15,709,709,0,0.0,0.0,0.0,0.0
llava_1_5_7b,test,amp_fraction_gt1,HALL,16,709,709,0,0.0,0.0,0.0,0.0
llava_1_5_7b,test,amp_fraction_gt1,HALL,17,709,709,0,7.101159692838113e-05,0.0,0.0,0.0
llava_1_5_7b,test,amp_fraction_gt1,HALL,18,709,709,0,0.0,0.0,0.0,0.0
llava_1_5_7b,test,amp_fraction_gt1,HALL,19,709,709,0,1.9589406049208588e-05,0.0,0.0,0.0
llava_1_5_7b,test,amp_fraction_gt1,HALL,20,709,709,0,0.0,0.0,0.0,0.0
llava_1_5_7b,test,amp_fraction_gt1,HALL,21,709,709,0,4.897351512302147e-06,0.0,0.0,0.0
llava_1_5_7b,test,amp_fraction_gt1,HALL,22,709,709,0,0.0,0.0,0.0,0.0
llava_1_5_7b,test,amp_fraction_gt1,HALL,23,709,709,0,4.8973515123021475e-05,0.0,0.0,0.0
llava_1_5_7b,test,amp_fraction_gt1,HALL,24,709,709,0,0.0,0.0,0.0,0.0
llava_1_5_7b,test,amp_fraction_gt1,HALL,25,709,709,0,7.34602726845322e-06,0.0,0.0,0.0
llava_1_5_7b,test,amp_fraction_gt1,HALL,26,709,709,0,6.366556965992792e-05,0.0,0.0,0.0
llava_1_5_7b,test,amp_fraction_gt1,HALL,27,709,709,0,2.4486757561510735e-06,0.0,0.0,0.0
llava_1_5_7b,test,amp_fraction_gt1,HALL,28,709,709,0,0.0,0.0,0.0,0.0
llava_1_5_7b,test,amp_fraction_gt1,HALL,29,709,709,0,0.0,0.0,0.0,0.0
llava_1_5_7b,test,amp_fraction_gt1,HALL,30,709,709,0,0.0,0.0,0.0,0.0
llava_1_5_7b,test,amp_fraction_gt1,HALL,31,709,709,0,0.0,0.0,0.0,0.0
llava_1_5_7b,test,amp_fraction_gt1,HALL,32,709,709,0,0.7105077574047954,0.6475694444444444,0.7065972222222222,0.7760416666666666
llava_1_5_7b,test,gross_gain,REAL,1,2437,2437,0,1.4607247625136108,1.0505180977876942,1.2892175918055655,1.9780405789447257
llava_1_5_7b,test,gross_gain,REAL,2,2437,2437,0,0.7824876171054692,0.6631871443065472,0.7548632391409766,0.8684182014472289
llava_1_5_7b,test,gross_gain,REAL,3,2437,2437,0,0.5770918002256483,0.5333650115978836,0.5690918688395568,0.6081553404273986
llava_1_5_7b,test,gross_gain,REAL,4,2437,2437,0,0.7198402196641219,0.6812627969269659,0.7097651363005693,0.7488829281852868
llava_1_5_7b,test,gross_gain,REAL,5,2437,2437,0,0.749484291303866,0.7087216026358286,0.7492892640371851,0.7886110312614603
llava_1_5_7b,test,gross_gain,REAL,6,2437,2437,0,0.7322347626602701,0.6804254733447597,0.7381110583156283,0.7844370364669481
llava_1_5_7b,test,gross_gain,REAL,7,2437,2437,0,0.7367181229207966,0.6830724223752394,0.7404351042414499,0.7845516093016204
llava_1_5_7b,test,gross_gain,REAL,8,2437,2437,0,0.7224023768394482,0.680596859072383,0.7241466620471266,0.7583761974003979
llava_1_5_7b,test,gross_gain,REAL,9,2437,2437,0,0.6392755650038174,0.6146356427286842,0.6415552626113084,0.6640732588413019
llava_1_5_7b,test,gross_gain,REAL,10,2437,2437,0,0.6478393178539419,0.6186080460632168,0.650667995844515,0.6761535093704516
llava_1_5_7b,test,gross_gain,REAL,11,2437,2437,0,0.6497024324579341,0.624543022772314,0.6496362905907375,0.6751527110796612
llava_1_5_7b,test,gross_gain,REAL,12,2437,2437,0,0.5983808789641687,0.5679251395357352,0.5981419265892526,0.6259954190741804
llava_1_5_7b,test,gross_gain,REAL,13,2437,2437,0,0.5964356142565377,0.5631982974556543,0.5977261378891399,0.6282750946013881
llava_1_5_7b,test,gross_gain,REAL,14,2437,2437,0,0.5317892572229824,0.5007349315135434,0.5364055569008046,0.5605833785769414
llava_1_5_7b,test,gross_gain,REAL,15,2437,2437,0,0.5026361826403233,0.4770257634120055,0.5033987023449626,0.5266361266051091
llava_1_5_7b,test,gross_gain,REAL,16,2437,2437,0,0.4567230036721256,0.43563758907226025,0.454978376289185,0.4744251554878106
llava_1_5_7b,test,gross_gain,REAL,17,2437,2437,0,0.47598045355161317,0.4480797216226705,0.4709709648497615,0.500965082290067
llava_1_5_7b,test,gross_gain,REAL,18,2437,2437,0,0.42865080197186417,0.40219837398345615,0.42240521391902824,0.44704889349565047
llava_1_5_7b,test,gross_gain,REAL,19,2437,2437,0,0.4169125479493835,0.3868410436273193,0.413528284545694,0.4417645670811025
llava_1_5_7b,test,gross_gain,REAL,20,2437,2437,0,0.3278740884726152,0.30750050877896323,0.3240062957605544,0.34307523654380717
llava_1_5_7b,test,gross_gain,REAL,21,2437,2437,0,0.3599779132714691,0.32873539676570146,0.35194122293685265,0.3819900982369146
llava_1_5_7b,test,gross_gain,REAL,22,2437,2437,0,0.2882503317825244,0.265608976817697,0.2836942030134484,0.30725989880898397
llava_1_5_7b,test,gross_gain,REAL,23,2437,2437,0,0.2728651809338412,0.24823297137343622,0.2662626330362963,0.28798271433113776
llava_1_5_7b,test,gross_gain,REAL,24,2437,2437,0,0.2480620002815913,0.2269584173052694,0.2441995913591857,0.2640612373862013
llava_1_5_7b,test,gross_gain,REAL,25,2437,2437,0,0.2507178761841873,0.2288101638106888,0.24463554528028597,0.264930371225966
llava_1_5_7b,test,gross_gain,REAL,26,2437,2437,0,0.2556366319702313,0.22447309212395414,0.2410096190794891,0.26045772006102647
llava_1_5_7b,test,gross_gain,REAL,27,2437,2437,0,0.2279218814165968,0.20976250292344767,0.22363743836915664,0.23817961460308815
llava_1_5_7b,test,gross_gain,REAL,28,2437,2437,0,0.22272112881646333,0.20819691591296505,0.2202689181903896,0.23199836610345817
llava_1_5_7b,test,gross_gain,REAL,29,2437,2437,0,0.21485133256968347,0.1921203448541378,0.20337892750727332,0.2189342415595891
llava_1_5_7b,test,gross_gain,REAL,30,2437,2437,0,0.2161602411211325,0.20043657460016423,0.21132009369553206,0.22411529057926277
llava_1_5_7b,test,gross_gain,REAL,31,2437,2437,0,0.2971049420837971,0.2797038414542529,0.29265937146394566,0.3089472346582579
llava_1_5_7b,test,gross_gain,REAL,32,2437,2437,0,1.3314816860315075,1.152123671976243,1.31547605342931,1.501363085710172
llava_1_5_7b,test,gross_gain,HALL,1,709,709,0,1.3973436497543308,1.0558663522539196,1.4285088933636674,1.609680757032839
llava_1_5_7b,test,gross_gain,HALL,2,709,709,0,0.8284591573625387,0.7167767901956255,0.7913243166178159,0.9285524059082614
llava_1_5_7b,test,gross_gain,HALL,3,709,709,0,0.5899240800114038,0.5561998904599315,0.5926100360868551,0.6198666865738238
llava_1_5_7b,test,gross_gain,HALL,4,709,709,0,0.7023355391271191,0.6649177405493516,0.6971143179389337,0.7316234716465628
llava_1_5_7b,test,gross_gain,HALL,5,709,709,0,0.7210812930121114,0.6888398766263906,0.7265970301225247,0.7518417374299698
llava_1_5_7b,test,gross_gain,HALL,6,709,709,0,0.6976769398862422,0.661859234473812,0.6929023066649904,0.7284065197672772
llava_1_5_7b,test,gross_gain,HALL,7,709,709,0,0.6896003073138735,0.643632064687847,0.6807153450434339,0.7209649593219422
llava_1_5_7b,test,gross_gain,HALL,8,709,709,0,0.7073400387714386,0.676835216282889,0.7086574673203375,0.7400611305863973
llava_1_5_7b,test,gross_gain,HALL,9,709,709,0,0.6371867951716343,0.6157443196589537,0.638561680739515,0.6580687963702232
llava_1_5_7b,test,gross_gain,HALL,10,709,709,0,0.639075331188583,0.6129607309504268,0.6399712568980097,0.663693566437799
llava_1_5_7b,test,gross_gain,HALL,11,709,709,0,0.6476354323819864,0.6227799226941042,0.6476230587980369,0.6711542343669242
llava_1_5_7b,test,gross_gain,HALL,12,709,709,0,0.5817041517186431,0.554390962233282,0.5789922032711714,0.6054922781309463
llava_1_5_7b,test,gross_gain,HALL,13,709,709,0,0.6079748566497271,0.5776552175735086,0.6094513100310813,0.6377981315989
llava_1_5_7b,test,gross_gain,HALL,14,709,709,0,0.5334736073752224,0.5101186996247647,0.5337899670016427,0.5593155927160871
llava_1_5_7b,test,gross_gain,HALL,15,709,709,0,0.4689875336528146,0.4417827411458985,0.46277000009455976,0.4933103123542
llava_1_5_7b,test,gross_gain,HALL,16,709,709,0,0.45959154812791747,0.44363051270095144,0.4574151416997368,0.47540276782773583
llava_1_5_7b,test,gross_gain,HALL,17,709,709,0,0.4588879882741933,0.43789212238941655,0.45118015901489006,0.4722185182435775
llava_1_5_7b,test,gross_gain,HALL,18,709,709,0,0.4216134109133373,0.3980688823564411,0.4153329982466944,0.4382863895226002
llava_1_5_7b,test,gross_gain,HALL,19,709,709,0,0.3853130236045106,0.3662433905673954,0.3831217918860544,0.40080674469275995
llava_1_5_7b,test,gross_gain,HALL,20,709,709,0,0.3171134251245141,0.30045394695853134,0.31306431533372503,0.3285588728116439
llava_1_5_7b,test,gross_gain,HALL,21,709,709,0,0.34968364764249754,0.32588895989810895,0.34258965074698033,0.3677405720302079
llava_1_5_7b,test,gross_gain,HALL,22,709,709,0,0.27897126353060697,0.2642087016603505,0.27508391724442816,0.28996159691415835
llava_1_5_7b,test,gross_gain,HALL,23,709,709,0,0.2635324398854331,0.24431076013845776,0.2548552664678573,0.27400137572139877
llava_1_5_7b,test,gross_gain,HALL,24,709,709,0,0.24054722116935995,0.22530254018916124,0.233481209647737,0.24743649712805818
llava_1_5_7b,test,gross_gain,HALL,25,709,709,0,0.24542074306010464,0.2307450185118424,0.23998831700016315,0.2536456022613572
llava_1_5_7b,test,gross_gain,HALL,26,709,709,0,0.24628633715025328,0.22299407159154477,0.2349504478910845,0.25177848743469966
llava_1_5_7b,test,gross_gain,HALL,27,709,709,0,0.22615451354888688,0.2139496139539488,0.2217550538305047,0.23315516241234535
llava_1_5_7b,test,gross_gain,HALL,28,709,709,0,0.22439193811501199,0.21404615424854084,0.22090631788581533,0.23153069361597176
llava_1_5_7b,test,gross_gain,HALL,29,709,709,0,0.20272887371742876,0.19214384491168426,0.1996827696664106,0.2082866746437373
llava_1_5_7b,test,gross_gain,HALL,30,709,709,0,0.2155879426119302,0.20461994510487586,0.21197965078942527,0.22109258538252533
llava_1_5_7b,test,gross_gain,HALL,31,709,709,0,0.30598819734835525,0.29226188345002,0.3033586312127492,0.3152823479424204
llava_1_5_7b,test,gross_gain,HALL,32,709,709,0,1.2613134942673934,1.12714174031116,1.260015741005114,1.3873064524470526
llava_1_5_7b,test,cancellation,REAL,1,2437,2437,0,0.6737551607407252,0.6154338198018144,0.6805757527866786,0.7353827516219664
llava_1_5_7b,test,cancellation,REAL,2,2437,2437,0,0.6424123118148042,0.6086986234352385,0.6370677049581178,0.6697008687941619
llava_1_5_7b,test,cancellation,REAL,3,2437,2437,0,0.4779899059808331,0.4517228100146763,0.4755908226273755,0.5016297568110984
llava_1_5_7b,test,cancellation,REAL,4,2437,2437,0,0.5483032048739471,0.5217856521259011,0.5461485191412646,0.5716554483129247
llava_1_5_7b,test,cancellation,REAL,5,2437,2437,0,0.5280744510298832,0.4971926692228629,0.5233236428248818,0.55357327126679
llava_1_5_7b,test,cancellation,REAL,6,2437,2437,0,0.5396164550757562,0.49220311589230836,0.5345521403374056,0.58205410169935
llava_1_5_7b,test,cancellation,REAL,7,2437,2437,0,0.5857007607210637,0.5514178147493582,0.5815213032109028,0.6169878866203496
llava_1_5_7b,test,cancellation,REAL,8,2437,2437,0,0.5199502029356649,0.4763692608277825,0.518753181811448,0.5612625348452
llava_1_5_7b,test,cancellation,REAL,9,2437,2437,0,0.47911510318440464,0.44455495637571674,0.4814038546614107,0.5138525896335757
llava_1_5_7b,test,cancellation,REAL,10,2437,2437,0,0.5068249045703068,0.46090580621989713,0.5051478796732456,0.548536665738439
llava_1_5_7b,test,cancellation,REAL,11,2437,2437,0,0.5156929107918703,0.47178985468206924,0.5151751548718344,0.5565992957120957
llava_1_5_7b,test,cancellation,REAL,12,2437,2437,0,0.47922228233107556,0.43158356707376844,0.47167518808720293,0.5196867753610175
llava_1_5_7b,test,cancellation,REAL,13,2437,2437,0,0.5107181802301611,0.45652111677972834,0.5099586189388085,0.5614708798020391
llava_1_5_7b,test,cancellation,REAL,14,2437,2437,0,0.42753779423720634,0.3880138540581536,0.41813316791779526,0.4574484575145678
llava_1_5_7b,test,cancellation,REAL,15,2437,2437,0,0.5146327101705392,0.457198622654775,0.5085618462868923,0.5646877227370792
llava_1_5_7b,test,cancellation,REAL,16,2437,2437,0,0.43229534795692776,0.38955883225781984,0.42804595906529225,0.4688788202147864
llava_1_5_7b,test,cancellation,REAL,17,2437,2437,0,0.486731067225973,0.4327153356835347,0.478462057702423,0.5334611999447747
llava_1_5_7b,test,cancellation,REAL,18,2437,2437,0,0.5098313195409616,0.45210418329518304,0.49986445381979305,0.5555255682113679
llava_1_5_7b,test,cancellation,REAL,19,2437,2437,0,0.5490385444349108,0.49492660529219845,0.5453560590472005,0.5993094158797448
llava_1_5_7b,test,cancellation,REAL,20,2437,2437,0,0.4536156431430962,0.3937876969619848,0.4414624838444837,0.5025334541252368
llava_1_5_7b,test,cancellation,REAL,21,2437,2437,0,0.47787723505657853,0.42856843296348096,0.46785136638240077,0.5155429032521384
llava_1_5_7b,test,cancellation,REAL,22,2437,2437,0,0.45554811168419096,0.38871769721296656,0.4420729570912643,0.5079269288223104
llava_1_5_7b,test,cancellation,REAL,23,2437,2437,0,0.41696398661500783,0.36199051154638956,0.403282393967566,0.4586682029525625
llava_1_5_7b,test,cancellation,REAL,24,2437,2437,0,0.4440207499451039,0.3898046317687917,0.43232691218086694,0.486029648142819
llava_1_5_7b,test,cancellation,REAL,25,2437,2437,0,0.4250509971642886,0.3546554964705683,0.4070550465975267,0.4791412259116823
llava_1_5_7b,test,cancellation,REAL,26,2437,2437,0,0.462539580282608,0.4013269399514251,0.44879439163672363,0.5021193353433148
llava_1_5_7b,test,cancellation,REAL,27,2437,2437,0,0.40595342560446307,0.3567029321148374,0.3972369071763741,0.4432325875401181
llava_1_5_7b,test,cancellation,REAL,28,2437,2437,0,0.47011493898149787,0.41723851223513975,0.4548426125173285,0.5052762600271172
llava_1_5_7b,test,cancellation,REAL,29,2437,2437,0,0.49059872028630824,0.41363984105787643,0.46555116348140096,0.5439825021218356
llava_1_5_7b,test,cancellation,REAL,30,2437,2437,0,0.3932431234290864,0.34464202186970033,0.38145834997635214,0.42650891774823074
llava_1_5_7b,test,cancellation,REAL,31,2437,2437,0,0.5694461150798341,0.518770154646089,0.5591779947988552,0.6115997200024827
llava_1_5_7b,test,cancellation,REAL,32,2437,2437,0,0.6934322538042131,0.6593492507630974,0.6943360469989512,0.7283200682076965
llava_1_5_7b,test,cancellation,HALL,1,709,709,0,0.7490331002411956,0.7066770715661906,0.768581265062484,0.8020081523102806
llava_1_5_7b,test,cancellation,HALL,2,709,709,0,0.6499251141632421,0.6094512936501439,0.6412411750049621,0.6862642817048544
llava_1_5_7b,test,cancellation,HALL,3,709,709,0,0.4783788465234388,0.4512740521105765,0.4731114547426326,0.5027670894910597
llava_1_5_7b,test,cancellation,HALL,4,709,709,0,0.5401255261848797,0.5148621322192599,0.5394128724018108,0.5637292826933444
llava_1_5_7b,test,cancellation,HALL,5,709,709,0,0.5270632642182876,0.5016864717780437,0.5270985819530117,0.5505332545212759
llava_1_5_7b,test,cancellation,HALL,6,709,709,0,0.5028041230266315,0.4697971028640567,0.49465349298515343,0.5285982133229882
llava_1_5_7b,test,cancellation,HALL,7,709,709,0,0.5566422236981059,0.5313392159382974,0.552991224949879,0.5804109142371985
llava_1_5_7b,test,cancellation,HALL,8,709,709,0,0.5072452189766694,0.4779892640007203,0.5073044016100757,0.5383815091388726
llava_1_5_7b,test,cancellation,HALL,9,709,709,0,0.4739763002353092,0.4471442962814792,0.47488302458290077,0.4986317070727495
llava_1_5_7b,test,cancellation,HALL,10,709,709,0,0.47822797372867715,0.43795798500245975,0.47440252426035046,0.5097099672061721
llava_1_5_7b,test,cancellation,HALL,11,709,709,0,0.49610368005681077,0.44919870676541596,0.485249004886799,0.5323418399591769
llava_1_5_7b,test,cancellation,HALL,12,709,709,0,0.48696886246951687,0.43521781127093023,0.48597624720463056,0.5310680508761986
llava_1_5_7b,test,cancellation,HALL,13,709,709,0,0.5053399792996833,0.4407481406622006,0.499119296334402,0.5623829929473975
llava_1_5_7b,test,cancellation,HALL,14,709,709,0,0.4325217422066841,0.398809215891815,0.42743906273921095,0.4630210905388059
llava_1_5_7b,test,cancellation,HALL,15,709,709,0,0.5004445085004203,0.4486447614296884,0.49177959617340294,0.5422786422879377
llava_1_5_7b,test,cancellation,HALL,16,709,709,0,0.40636607376362766,0.3501940375217733,0.39674221520815856,0.4479987672168789
llava_1_5_7b,test,cancellation,HALL,17,709,709,0,0.4331395677517833,0.39850954729181653,0.4219307103669542,0.456423180475726
llava_1_5_7b,test,cancellation,HALL,18,709,709,0,0.49366562680900244,0.451817310848675,0.484199248291139,0.5295607671742978
llava_1_5_7b,test,cancellation,HALL,19,709,709,0,0.532364404061025,0.4900125339289981,0.5246852322858881,0.5680530661923587
llava_1_5_7b,test,cancellation,HALL,20,709,709,0,0.42002550793315635,0.3788882030477972,0.41066934866481564,0.450496412116913
llava_1_5_7b,test,cancellation,HALL,21,709,709,0,0.4438885104723765,0.40130584735422536,0.43660003322877605,0.48066742062199563
llava_1_5_7b,test,cancellation,HALL,22,709,709,0,0.40255620508798423,0.35747918979501553,0.39027500098608553,0.43801080407300463
llava_1_5_7b,test,cancellation,HALL,23,709,709,0,0.3909325979064438,0.3456895147362228,0.38017271635420924,0.42290958351099467
llava_1_5_7b,test,cancellation,HALL,24,709,709,0,0.42278446846108625,0.3767806896378701,0.4119850587803445,0.45746312482012236
llava_1_5_7b,test,cancellation,HALL,25,709,709,0,0.38172405329406156,0.32815810156683717,0.3661323176330148,0.4131988530449291
llava_1_5_7b,test,cancellation,HALL,26,709,709,0,0.4279856176517782,0.36955020723517656,0.40896159202556853,0.4651362568440775
llava_1_5_7b,test,cancellation,HALL,27,709,709,0,0.37634876799440503,0.3304936117328758,0.36151736746626234,0.40285597653012367
llava_1_5_7b,test,cancellation,HALL,28,709,709,0,0.4755734756746042,0.4297024037304837,0.4621718066354096,0.5107101869034378
llava_1_5_7b,test,cancellation,HALL,29,709,709,0,0.43312909320913423,0.38478684980527256,0.41910052500993333,0.4646411011726843
llava_1_5_7b,test,cancellation,HALL,30,709,709,0,0.36429123904310173,0.324356800375514,0.3555378413414607,0.38922041584003714
llava_1_5_7b,test,cancellation,HALL,31,709,709,0,0.5635707207610302,0.5196696202026304,0.5547618647765584,0.5952826667081924
llava_1_5_7b,test,cancellation,HALL,32,709,709,0,0.7266563619134212,0.6855636768781285,0.7311315999320254,0.7653385274565165
llava_1_5_7b,test,closure,REAL,1,2437,2437,0,1.1145246713377611e-05,1.3013775514991721e-06,2.15167824535456e-06,1.3935947208665311e-05
llava_1_5_7b,test,closure,REAL,2,2437,2437,0,2.945339312192888e-05,5.149009666638449e-06,1.3365412996790837e-05,3.545431172824465e-05
llava_1_5_7b,test,closure,REAL,3,2437,2437,0,4.624653046014622e-06,3.588059826142853e-06,4.381475264381152e-06,5.291562047204934e-06
llava_1_5_7b,test,closure,REAL,4,2437,2437,0,6.205306468028425e-06,4.1651246647234075e-06,5.8066161727765575e-06,7.692109647905454e-06
llava_1_5_7b,test,closure,REAL,5,2437,2437,0,8.057218090793444e-06,5.302687895891722e-06,7.219727194751613e-06,9.931163731380366e-06
llava_1_5_7b,test,closure,REAL,6,2437,2437,0,7.412684983665751e-06,3.793153837250429e-06,6.112333267083159e-06,9.708546713227406e-06
llava_1_5_7b,test,closure,REAL,7,2437,2437,0,5.785900895331664e-06,2.114509015882504e-06,3.929754711862188e-06,8.516033631167375e-06
llava_1_5_7b,test,closure,REAL,8,2437,2437,0,7.544039361863704e-06,2.6654738576326054e-06,5.037037681177026e-06,1.0040028428193182e-05
llava_1_5_7b,test,closure,REAL,9,2437,2437,0,7.5425532316132475e-06,3.1047272841533413e-06,5.083914857095806e-06,9.419381967745721e-06
llava_1_5_7b,test,closure,REAL,10,2437,2437,0,6.1046738876632946e-06,2.3642733140150085e-06,3.8044468055886682e-06,7.424040177284041e-06
llava_1_5_7b,test,closure,REAL,11,2437,2437,0,4.65844640763187e-06,1.9176090972905513e-06,2.7009073164663278e-06,4.810959580936469e-06
llava_1_5_7b,test,closure,REAL,12,2437,2437,0,3.0906218392722858e-06,1.7563926348884706e-06,2.3050633899401873e-06,3.1455372209165944e-06
llava_1_5_7b,test,closure,REAL,13,2437,2437,0,5.253278759264459e-06,2.2179146981216036e-06,3.3167611945827957e-06,5.112751296110218e-06
llava_1_5_7b,test,closure,REAL,14,2437,2437,0,6.028483520748298e-06,3.2177001685340656e-06,4.32698971053469e-06,6.525200205942383e-06
llava_1_5_7b,test,closure,REAL,15,2437,2437,0,4.050543500699268e-06,1.7947949118024553e-06,2.347130021007615e-06,3.483627779132803e-06
llava_1_5_7b,test,closure,REAL,16,2437,2437,0,6.454252182302866e-06,2.9775192160741426e-06,3.919573373423191e-06,6.088107966206735e-06
llava_1_5_7b,test,closure,REAL,17,2437,2437,0,7.105899883203471e-06,2.476864665368339e-06,4.003511548944516e-06,8.317038009408861e-06
llava_1_5_7b,test,closure,REAL,18,2437,2437,0,4.8724207442741405e-06,2.499549509593635e-06,3.3420708405174082e-06,4.905162313662004e-06
llava_1_5_7b,test,closure,REAL,19,2437,2437,0,6.704945255529134e-06,2.8380190997268073e-06,3.8829662116768304e-06,6.0669899539789185e-06
llava_1_5_7b,test,closure,REAL,20,2437,2437,0,6.67611442476993e-06,3.0881155907991342e-06,4.173689831077354e-06,6.254822892515222e-06
llava_1_5_7b,test,closure,REAL,21,2437,2437,0,5.387112481504571e-06,2.5695817384985276e-06,3.2918953820626484e-06,4.965419975633267e-06
llava_1_5_7b,test,closure,REAL,22,2437,2437,0,9.282746146350521e-06,4.124956376472255e-06,5.570599114435026e-06,8.745612831262406e-06
llava_1_5_7b,test,closure,REAL,23,2437,2437,0,1.0477505464146333e-05,5.147058345755795e-06,6.640818810410565e-06,1.0265701348544098e-05
llava_1_5_7b,test,closure,REAL,24,2437,2437,0,2.1186090673914588e-05,9.814987606659997e-06,1.3330157344171312e-05,2.0967177988495678e-05
llava_1_5_7b,test,closure,REAL,25,2437,2437,0,9.760803842384847e-06,5.1570418690971565e-06,6.763977580703795e-06,9.90637272479944e-06
llava_1_5_7b,test,closure,REAL,26,2437,2437,0,1.5235785477095537e-05,8.490855179843493e-06,1.1519088729983196e-05,1.7051303075277247e-05
llava_1_5_7b,test,closure,REAL,27,2437,2437,0,1.144910486351505e-05,6.492684860859299e-06,8.771466127655003e-06,1.3361272067413665e-05
llava_1_5_7b,test,closure,REAL,28,2437,2437,0,7.223232117170893e-05,5.1479619287420064e-05,6.887510244268924e-05,8.983920270111412e-05
llava_1_5_7b,test,closure,REAL,29,2437,2437,0,2.316303102922527e-05,1.1346637620590627e-05,1.7437439964851364e-05,2.820119698299095e-05
llava_1_5_7b,test,closure,REAL,30,2437,2437,0,1.7471077216340095e-05,1.0408886737423018e-05,1.4653928701591212e-05,2.0902010874124244e-05
llava_1_5_7b,test,closure,REAL,31,2437,2437,0,2.996435101920946e-05,2.0663197574322112e-05,2.799333378789015e-05,3.702761750901118e-05
llava_1_5_7b,test,closure,REAL,32,2437,2437,0,4.305774744217016e-06,3.7113848065928323e-06,4.288531727070222e-06,4.958493718731916e-06
llava_1_5_7b,test,closure,HALL,1,709,709,0,2.3877239230346154e-06,1.0384903816884616e-06,1.1905107157872408e-06,1.4781330719415564e-06
llava_1_5_7b,test,closure,HALL,2,709,709,0,1.0897056476371139e-05,3.777830670514959e-06,6.113166818977334e-06,1.3366610801313072e-05
llava_1_5_7b,test,closure,HALL,3,709,709,0,4.298368578356107e-06,3.442760998950689e-06,4.036751306557562e-06,4.81272991237347e-06
llava_1_5_7b,test,closure,HALL,4,709,709,0,7.67561613145784e-06,5.798990514449542e-06,7.2581915446789935e-06,9.083477380045224e-06
llava_1_5_7b,test,closure,HALL,5,709,709,0,1.0087293375965142e-05,7.260657639562851e-06,9.756368854141328e-06,1.2164196050434839e-05
llava_1_5_7b,test,closure,HALL,6,709,709,0,1.1045909985034589e-05,7.599302989547141e-06,1.0192450645263307e-05,1.4063190974411555e-05
llava_1_5_7b,test,closure,HALL,7,709,709,0,1.0094309390789574e-05,6.795063654863043e-06,9.557518751535099e-06,1.2473239621613175e-05
llava_1_5_7b,test,closure,HALL,8,709,709,0,1.1472342325356033e-05,7.596846444357652e-06,1.0676199963199906e-05,1.4264756828197278e-05
llava_1_5_7b,test,closure,HALL,9,709,709,0,1.2192341113929496e-05,8.28027168608969e-06,1.0943034794763662e-05,1.4355166058521718e-05
llava_1_5_7b,test,closure,HALL,10,709,709,0,1.0039843468527356e-05,5.612151198874926e-06,8.492042070429306e-06,1.290784257435007e-05
llava_1_5_7b,test,closure,HALL,11,709,709,0,7.4232034981199146e-06,3.970792931795586e-06,5.974654413876124e-06,9.364058314531576e-06
llava_1_5_7b,test,closure,HALL,12,709,709,0,3.631642963780813e-06,2.27460850510397e-06,2.9499617539840983e-06,3.76520142708614e-06
llava_1_5_7b,test,closure,HALL,13,709,709,0,7.279307895699985e-06,3.632940661191242e-06,5.380596576287644e-06,8.0078270912054e-06
llava_1_5_7b,test,closure,HALL,14,709,709,0,6.091519538718767e-06,3.4926320040540304e-06,4.432441073731752e-06,6.214817403815687e-06
llava_1_5_7b,test,closure,HALL,15,709,709,0,5.1556463816041605e-06,2.392540864093462e-06,3.2939785796770593e-06,4.7814187382755335e-06
llava_1_5_7b,test,closure,HALL,16,709,709,0,7.890872760197656e-06,4.090283255209215e-06,5.846186468261294e-06,8.942892236518674e-06
llava_1_5_7b,test,closure,HALL,17,709,709,0,9.564826370532718e-06,5.981214599160012e-06,7.900162017904222e-06,1.0507088518352248e-05
llava_1_5_7b,test,closure,HALL,18,709,709,0,5.599947863059939e-06,3.0880264603183605e-06,4.061268100485904e-06,5.419322405941784e-06
llava_1_5_7b,test,closure,HALL,19,709,709,0,7.000125662404233e-06,3.978181666752789e-06,4.876076218351955e-06,6.353809567372082e-06
llava_1_5_7b,test,closure,HALL,20,709,709,0,6.923193857728261e-06,3.712097623065347e-06,4.565223207464442e-06,6.11603263678262e-06
llava_1_5_7b,test,closure,HALL,21,709,709,0,5.266757292534051e-06,2.6272844024788355e-06,3.232001517972094e-06,4.264515155227855e-06
llava_1_5_7b,test,closure,HALL,22,709,709,0,8.890559462403841e-06,3.960651611123467e-06,4.918253580399323e-06,6.8546960392268375e-06
llava_1_5_7b,test,closure,HALL,23,709,709,0,9.542567956495871e-06,4.581308076012647e-06,5.80417054152349e-06,7.80650952947326e-06
llava_1_5_7b,test,closure,HALL,24,709,709,0,1.929462299228217e-05,8.978186087915674e-06,1.151075957750436e-05,1.5496645573875867e-05
llava_1_5_7b,test,closure,HALL,25,709,709,0,9.408940174204638e-06,4.989056833437644e-06,6.324125479295617e-06,8.501735464960802e-06
llava_1_5_7b,test,closure,HALL,26,709,709,0,1.4667585360071359e-05,8.75949626788497e-06,1.0949942407023627e-05,1.5254810932674445e-05
llava_1_5_7b,test,closure,HALL,27,709,709,0,1.074965135116881e-05,6.525551725644618e-06,8.261792572739068e-06,1.135726324719144e-05
llava_1_5_7b,test,closure,HALL,28,709,709,0,8.24667953372249e-05,6.50617730570957e-05,8.042429544730112e-05,9.801443229662254e-05
llava_1_5_7b,test,closure,HALL,29,709,709,0,2.429985160713389e-05,1.3828405826643575e-05,1.843501377152279e-05,2.629157097544521e-05
llava_1_5_7b,test,closure,HALL,30,709,709,0,1.8502049832725715e-05,1.2092112228856422e-05,1.6010884792194702e-05,2.172748099837918e-05
llava_1_5_7b,test,closure,HALL,31,709,709,0,3.442587552859224e-05,2.670615867828019e-05,3.22574851452373e-05,3.981522604590282e-05
llava_1_5_7b,test,closure,HALL,32,709,709,0,4.924085628426093e-06,4.3645331970765255e-06,4.8551169129495975e-06,5.403423529060092e-06
