signal,label,layer,mean,median,q25,q75
AE,0,1,0.52578586,0.5295284,0.4922322630882263,0.5618993043899536
AE,0,2,0.4887723,0.49263516,0.4441792368888855,0.5327194929122925
AE,0,3,0.51603574,0.5131973,0.48998212814331055,0.5394189357757568
AE,0,4,0.5280805,0.52315354,0.4924628734588623,0.5570350885391235
AE,0,5,0.5160204,0.51625085,0.48130372166633606,0.5501259565353394
AE,0,6,0.5245154,0.5201818,0.49041759967803955,0.5521568059921265
AE,0,7,0.5251828,0.5180056,0.4836916923522949,0.560600996017456
AE,0,8,0.5307551,0.52919173,0.4916679263114929,0.5668667554855347
AE,0,9,0.58120835,0.5792626,0.5261712074279785,0.6366735100746155
AE,0,10,0.58753586,0.58440626,0.5254802107810974,0.6481518745422363
AE,0,11,0.57608646,0.57481,0.5269167423248291,0.6250538229942322
AE,0,12,0.59786046,0.5972736,0.5400926470756531,0.6557106971740723
AE,0,13,0.58059925,0.578232,0.5347028970718384,0.6263332366943359
AE,0,14,0.63789445,0.6434591,0.5722876191139221,0.706142246723175
AE,0,15,0.6393798,0.6417128,0.5774922966957092,0.7085800170898438
AE,0,16,0.63880473,0.64077437,0.5744631290435791,0.7076426148414612
AE,0,17,0.60072607,0.6006615,0.5441619157791138,0.6595243215560913
AE,0,18,0.6532619,0.6604349,0.5824451446533203,0.7304107546806335
AE,0,19,0.64020336,0.6436779,0.5759998559951782,0.7106326222419739
AE,0,20,0.6504657,0.6601206,0.579531192779541,0.7297174334526062
AE,0,21,0.6634222,0.6740299,0.5905206203460693,0.7513676881790161
AE,0,22,0.69143015,0.7113488,0.6170075535774231,0.7846357226371765
AE,0,23,0.64894104,0.6638509,0.5870019197463989,0.7247720956802368
AE,0,24,0.6965802,0.7181051,0.6278877258300781,0.7850180864334106
AE,0,25,0.69109,0.70933557,0.6333665251731873,0.7684155702590942
AE,0,26,0.6950799,0.7154577,0.6274440884590149,0.786008894443512
AE,0,27,0.7097146,0.7256317,0.6524341702461243,0.7860190868377686
AE,0,28,0.7221216,0.74489015,0.663427472114563,0.802713930606842
AE,0,29,0.76410323,0.7900717,0.7058500051498413,0.8462465405464172
AE,0,30,0.7435991,0.7648705,0.6904312372207642,0.8179222345352173
AE,0,31,0.73565245,0.7598681,0.6863152980804443,0.8122308850288391
AE,0,32,0.7806104,0.8083773,0.7300454378128052,0.8627884387969971
AE,0,33,0.7919318,0.82220393,0.736228346824646,0.8786406517028809
AE,0,34,0.7650646,0.78896725,0.7114177942276001,0.8444609642028809
AE,0,35,0.73144484,0.75030136,0.670318603515625,0.8100389242172241
AE,0,36,0.58550686,0.58120304,0.5345724821090698,0.6324080228805542
AE,1,1,0.537499,0.54118025,0.5030076652765274,0.5744645148515701
AE,1,2,0.50394344,0.50599575,0.46212492883205414,0.5466602891683578
AE,1,3,0.52438027,0.5221269,0.49246688932180405,0.5523935705423355
AE,1,4,0.5430168,0.53979725,0.5000707805156708,0.5800445973873138
AE,1,5,0.5361029,0.53633416,0.49538058042526245,0.5778716504573822
AE,1,6,0.5449012,0.540463,0.5010527074337006,0.5841370224952698
AE,1,7,0.5521466,0.5481626,0.4978073015809059,0.603107362985611
AE,1,8,0.5543505,0.5554489,0.5083392858505249,0.5999881029129028
AE,1,9,0.5916452,0.5926248,0.5353688448667526,0.6507594436407089
AE,1,10,0.6004833,0.596836,0.5372933447360992,0.6657036393880844
AE,1,11,0.59520954,0.59740293,0.5478414595127106,0.6474928706884384
AE,1,12,0.6156713,0.6177034,0.5548539757728577,0.6806946694850922
AE,1,13,0.60512596,0.607213,0.5557424575090408,0.6592739969491959
AE,1,14,0.6498068,0.6587878,0.5883020460605621,0.7202566266059875
AE,1,15,0.66301525,0.67277175,0.59949891269207,0.7380969375371933
AE,1,16,0.653579,0.6613305,0.58730348944664,0.728026807308197
AE,1,17,0.6246285,0.6303991,0.5691658705472946,0.6849436610937119
AE,1,18,0.6682831,0.67940694,0.5996955335140228,0.7516177594661713
AE,1,19,0.6435421,0.6483117,0.580646887421608,0.7143696695566177
AE,1,20,0.6558596,0.66490686,0.5862322598695755,0.7360470443964005
AE,1,21,0.66605103,0.67977077,0.5946515947580338,0.7520163208246231
AE,1,22,0.69733614,0.71702236,0.6271296441555023,0.7906167507171631
AE,1,23,0.6530961,0.6664414,0.5854640454053879,0.7337384521961212
AE,1,24,0.6931065,0.7236526,0.6199465692043304,0.7928005009889603
AE,1,25,0.6926265,0.7153013,0.6304286867380142,0.7768310159444809
AE,1,26,0.7280206,0.7522522,0.6579188406467438,0.8180388063192368
AE,1,27,0.727222,0.74531674,0.6705484092235565,0.8012530356645584
AE,1,28,0.7566575,0.77874726,0.7009123712778091,0.8329971581697464
AE,1,29,0.7993438,0.8219532,0.7472097277641296,0.8739921599626541
AE,1,30,0.76429176,0.78181064,0.7119876891374588,0.8341625779867172
AE,1,31,0.77015686,0.7897924,0.7232330590486526,0.8380334824323654
AE,1,32,0.81589514,0.83998305,0.7695487439632416,0.8868553191423416
AE,1,33,0.8084615,0.83885354,0.758696511387825,0.8872723579406738
AE,1,34,0.78379226,0.8090595,0.7326006293296814,0.8568279147148132
AE,1,35,0.7582775,0.783174,0.70308817923069,0.8355265855789185
AE,1,36,0.6227544,0.6187401,0.5673579126596451,0.6772053837776184
I,0,1,0.20438153,0.17419688,0.11739446222782135,0.26424944400787354
I,0,2,0.18316332,0.1381391,0.09475868940353394,0.21156279742717743
I,0,3,0.7338871,0.5583706,0.3832594156265259,0.8915503025054932
I,0,4,0.70063907,0.4513999,0.2880845069885254,0.8216034770011902
I,0,5,0.5362871,0.36365983,0.19235685467720032,0.6877322196960449
I,0,6,0.9547989,0.7139124,0.47050225734710693,1.148871660232544
I,0,7,1.2849417,0.8747392,0.4007869362831116,1.8252229690551758
I,0,8,1.0432093,0.8886947,0.5644097328186035,1.3256193399429321
I,0,9,5.4283237,5.1551147,3.4096531867980957,7.0731940269470215
I,0,10,7.5784655,6.950303,4.577812671661377,9.936563491821289
I,0,11,6.0612373,5.8511553,3.8531243801116943,7.860394477844238
I,0,12,6.856637,6.50182,4.781846523284912,8.48993968963623
I,0,13,5.8357563,5.4606066,4.233652114868164,7.051743507385254
I,0,14,13.698398,13.248512,9.749576568603516,17.280107498168945
I,0,15,10.561688,10.490293,7.875608921051025,13.26937198638916
I,0,16,16.368015,16.348642,12.551432609558105,20.455467224121094
I,0,17,11.648458,11.292925,8.377225875854492,14.3235502243042
I,0,18,16.257124,16.523972,12.797475814819336,19.83058738708496
I,0,19,23.005928,23.839619,18.68210220336914,27.711387634277344
I,0,20,15.550631,15.133904,9.854947090148926,20.105144500732422
I,0,21,20.101982,20.645563,13.829946517944336,26.29166603088379
I,0,22,22.225485,22.996828,17.193899154663086,27.73686981201172
I,0,23,13.293115,12.929866,10.031594276428223,16.216779708862305
I,0,24,36.802807,37.59053,28.898048400878906,44.9415283203125
I,0,25,54.22821,54.28724,42.65916442871094,65.56827545166016
I,0,26,25.234926,24.459455,17.062082290649414,32.45445251464844
I,0,27,52.10061,52.24592,38.10077667236328,65.93338775634766
I,0,28,31.067884,29.841328,21.06812286376953,39.4704704284668
I,0,29,39.76228,36.59946,23.83875846862793,53.42529296875
I,0,30,66.55682,64.21896,45.41045379638672,85.08023071289062
I,0,31,41.66539,38.51543,24.57431983947754,55.98796844482422
I,0,32,61.770855,58.287903,36.902252197265625,82.55320739746094
I,0,33,68.00581,60.28194,35.04926300048828,95.23959350585938
I,0,34,96.01971,88.92316,56.6209716796875,128.3924102783203
I,0,35,103.76228,94.71599,64.171875,135.95675659179688
I,0,36,38.16746,32.770973,23.81208610534668,46.20342254638672
I,1,1,0.29099834,0.26392543,0.1607569232583046,0.4061458706855774
I,1,2,0.31404528,0.22803369,0.12763743475079536,0.4152583032846451
I,1,3,1.1454809,0.8569753,0.5481376945972443,1.4210156500339508
I,1,4,1.0373722,0.7435522,0.37401384860277176,1.4029097259044647
I,1,5,0.9260983,0.6883813,0.35462018102407455,1.1941747963428497
I,1,6,1.7027477,1.3201311,0.778672069311142,2.2239553928375244
I,1,7,2.42247,1.9100313,0.7989721894264221,3.776060461997986
I,1,8,1.6177497,1.4307821,0.8869428038597107,2.2137405276298523
I,1,9,7.3118477,6.8933973,4.695142030715942,9.857500553131104
I,1,10,9.729506,9.666161,5.836720824241638,12.919873237609863
I,1,11,7.754854,7.668664,5.5678993463516235,9.797164916992188
I,1,12,8.688298,8.272676,5.91685950756073,11.279170751571655
I,1,13,8.25812,7.7316203,5.910013318061829,10.233652353286743
I,1,14,15.342388,14.666254,11.763339519500732,18.87092161178589
I,1,15,13.24637,13.525509,10.681294679641724,16.030508041381836
I,1,16,17.72593,17.801617,14.319738149642944,21.334521293640137
I,1,17,15.329181,14.882141,11.60987377166748,18.814767360687256
I,1,18,18.16473,18.451357,15.309269905090332,21.36832904815674
I,1,19,25.81891,26.136003,22.540971755981445,29.697686672210693
I,1,20,19.707378,19.220356,15.277916431427002,24.019678115844727
I,1,21,24.383142,24.85981,20.084835052490234,29.340416431427002
I,1,22,28.012878,28.473461,23.13120698928833,33.46202850341797
I,1,23,15.547533,15.425105,12.167652606964111,18.731990337371826
I,1,24,42.29263,43.405865,35.097527503967285,50.731595039367676
I,1,25,61.228634,62.852478,50.52696514129639,73.58193397521973
I,1,26,31.22663,30.567005,22.002534866333008,40.10913944244385
I,1,27,60.591476,61.09363,46.657870292663574,74.74298286437988
I,1,28,42.510918,41.308723,29.722075939178467,54.484418869018555
I,1,29,53.288197,51.327785,36.769938468933105,68.03637886047363
I,1,30,76.96057,73.36473,53.87381649017334,97.58603477478027
I,1,31,48.31058,45.03272,30.609950065612793,62.45827579498291
I,1,32,76.03966,72.65245,51.004770278930664,98.57662963867188
I,1,33,73.24329,69.480484,46.23062324523926,97.45865058898926
I,1,34,107.27958,100.73508,70.84614181518555,137.49259567260742
I,1,35,123.9227,114.65094,81.14658164978027,158.82362365722656
I,1,36,51.430008,43.966606,30.13960027694702,64.7933464050293
S,0,1,0.48687312,0.39237392,0.2481883466243744,0.6208862662315369
S,0,2,0.08612426,0.055747207,0.0378975048661232,0.09227382391691208
S,0,3,0.40119323,0.27541697,0.18886986374855042,0.4521046280860901
S,0,4,0.30318967,0.18349093,0.11448171734809875,0.3548906743526459
S,0,5,0.36115396,0.2186167,0.10019989311695099,0.4659995436668396
S,0,6,0.681843,0.519935,0.3271756172180176,0.8319019079208374
S,0,7,0.8765826,0.60136294,0.2723686695098877,1.2374554872512817
S,0,8,0.6969005,0.58760834,0.36976173520088196,0.881056547164917
S,0,9,4.5849943,4.271259,2.776811361312866,6.016091346740723
S,0,10,7.069884,6.6742287,4.325822830200195,9.29322624206543
S,0,11,5.407942,5.0832973,3.4413461685180664,7.013294219970703
S,0,12,5.6896,5.5049562,3.9486403465270996,7.20241117477417
S,0,13,4.401445,4.1017547,3.094595432281494,5.334253787994385
S,0,14,9.770844,9.330508,6.836589813232422,12.616311073303223
S,0,15,7.3604317,7.280511,5.427858829498291,9.236270904541016
S,0,16,11.183957,11.100418,8.363351821899414,13.895177841186523
S,0,17,8.323328,8.02728,5.972860336303711,10.232474327087402
S,0,18,11.442269,11.560822,8.775053977966309,14.140756607055664
S,0,19,14.75793,15.215515,11.683661460876465,17.93165397644043
S,0,20,9.676686,9.284903,5.970216751098633,12.764227867126465
S,0,21,12.771842,12.918451,8.39858341217041,16.987003326416016
S,0,22,12.7969475,12.974507,9.393842697143555,16.138938903808594
S,0,23,7.8018894,7.637149,5.776074409484863,9.538187026977539
S,0,24,20.838648,20.97654,16.010883331298828,25.597015380859375
S,0,25,25.509912,25.176628,20.298158645629883,30.56572151184082
S,0,26,10.438623,10.118274,6.98207950592041,13.390809059143066
S,0,27,22.888025,22.824762,16.466524124145508,28.854019165039062
S,0,28,15.914476,15.04969,10.679654121398926,20.166025161743164
S,0,29,17.667418,16.078482,10.29190444946289,23.736461639404297
S,0,30,32.218956,30.566774,21.66556167602539,40.44615173339844
S,0,31,16.398428,15.328432,9.930278778076172,21.79632568359375
S,0,32,22.901588,21.629753,13.735044479370117,30.389514923095703
S,0,33,25.666573,22.865097,13.528926849365234,36.30233383178711
S,0,34,37.483307,35.13934,22.266765594482422,50.003639221191406
S,0,35,36.06027,32.497093,21.789695739746094,47.59163284301758
S,0,36,26.380365,24.833607,19.826622009277344,31.489112854003906
S,1,1,0.7321697,0.6286577,0.3722401335835457,0.9915814995765686
S,1,2,0.14848204,0.09958632,0.0517884474247694,0.1819334253668785
S,1,3,0.66670614,0.4383493,0.2767764925956726,0.7831051200628281
S,1,4,0.43775916,0.29649955,0.1512204185128212,0.5704813301563263
S,1,5,0.63371015,0.44269872,0.20949816331267357,0.782206803560257
S,1,6,1.2383476,0.9805974,0.5700611025094986,1.6037419438362122
S,1,7,1.7196364,1.3138405,0.5527665615081787,2.67777156829834
S,1,8,1.1157944,0.95486706,0.5785811692476273,1.5349812507629395
S,1,9,6.1908197,5.692627,3.869802713394165,8.29922103881836
S,1,10,9.425118,9.358557,5.488392472267151,12.505780220031738
S,1,11,7.130593,6.8606095,4.96721887588501,9.019419193267822
S,1,12,7.224712,6.9471173,4.969272494316101,9.268331527709961
S,1,13,6.4676456,5.9303484,4.429506897926331,8.167271137237549
S,1,14,11.276983,10.775196,8.434417009353638,14.138327836990356
S,1,15,9.438643,9.56039,7.478629231452942,11.564703226089478
S,1,16,12.492035,12.571735,9.892709732055664,15.072659492492676
S,1,17,11.086248,10.673032,8.232590436935425,13.612746238708496
S,1,18,13.224675,13.4173975,10.849159002304077,15.685122728347778
S,1,19,16.97216,17.218147,14.721391916275024,19.572179794311523
S,1,20,12.681175,12.292973,9.547122955322266,15.621175050735474
S,1,21,16.00856,16.27864,12.827419757843018,19.508187770843506
S,1,22,16.529446,16.629395,13.185142278671265,19.926979064941406
S,1,23,9.140646,8.990585,7.021031856536865,11.10537838935852
S,1,24,24.585642,25.042717,19.958192825317383,29.825290203094482
S,1,25,29.901026,30.393517,24.276249408721924,36.07872772216797
S,1,26,13.153342,12.769037,9.151405572891235,16.924220085144043
S,1,27,25.731323,26.001019,19.578372478485107,31.771946907043457
S,1,28,21.561615,21.018082,14.899532318115234,27.713857173919678
S,1,29,24.624968,23.23446,16.234753131866455,31.959362506866455
S,1,30,38.707664,35.58503,23.731335639953613,50.507527351379395
S,1,31,19.744843,18.12412,12.510330200195312,25.227810382843018
S,1,32,29.909508,28.429695,19.36259651184082,39.14793014526367
S,1,33,28.558535,26.317244,16.522932052612305,38.862159729003906
S,1,34,42.05162,38.63636,25.19937801361084,55.77994346618652
S,1,35,41.017563,37.370697,25.842527389526367,53.09500789642334
S,1,36,32.112988,29.673407,22.843624591827393,38.95106601715088
S_C,0,1,0.22054702,0.1726784,0.108792744576931,0.2791612148284912
S_C,0,2,0.36447734,0.28696063,0.20615361630916595,0.42327681183815
S_C,0,3,1.452506,1.1566525,0.802518904209137,1.7346312999725342
S_C,0,4,0.73093873,0.5228164,0.3439837396144867,0.8680163621902466
S_C,0,5,0.45621678,0.3374819,0.1803985834121704,0.5774927139282227
S_C,0,6,0.5134491,0.40498987,0.26593127846717834,0.6304959058761597
S_C,0,7,0.58890057,0.40632293,0.1928318738937378,0.8272688984870911
S_C,0,8,0.46802756,0.397157,0.2509801983833313,0.592082142829895
S_C,0,9,2.621807,2.4241824,1.5706071853637695,3.4370501041412354
S_C,0,10,4.3735905,4.136538,2.684701919555664,5.73600959777832
S_C,0,11,3.3217425,3.11429,2.0867693424224854,4.301963806152344
S_C,0,12,3.364339,3.2452574,2.332813262939453,4.2366180419921875
S_C,0,13,2.4969358,2.327392,1.739628791809082,3.0430073738098145
S_C,0,14,5.6851115,5.4417324,3.8849081993103027,7.33582067489624
S_C,0,15,4.292744,4.2444983,3.1641428470611572,5.400085926055908
S_C,0,16,6.3909955,6.2788496,4.723848342895508,7.982828140258789
S_C,0,17,4.8585696,4.6748447,3.4811747074127197,5.996865749359131
S_C,0,18,6.3125134,6.3368626,4.79598331451416,7.808408260345459
S_C,0,19,8.235145,8.484488,6.443606376647949,10.073905944824219
S_C,0,20,5.228911,5.017418,3.201890468597412,6.924126625061035
S_C,0,21,6.9319606,6.9663014,4.476075172424316,9.209694862365723
S_C,0,22,6.9471216,7.0377693,5.090910911560059,8.792360305786133
S_C,0,23,4.212524,4.110838,3.114534616470337,5.145336627960205
S_C,0,24,11.822911,11.807742,8.91722297668457,14.628439903259277
S_C,0,25,14.003259,13.829765,11.160871505737305,16.755321502685547
S_C,0,26,5.5364723,5.3689413,3.717445135116577,7.066685676574707
S_C,0,27,12.7187605,12.577809,9.03750991821289,16.041242599487305
S_C,0,28,8.083337,7.6598234,5.408958435058594,10.216257095336914
S_C,0,29,9.208175,8.277998,5.317876815795898,12.375965118408203
S_C,0,30,18.025839,16.853449,11.75002670288086,22.781326293945312
S_C,0,31,8.855195,8.22897,5.370128631591797,11.750295639038086
S_C,0,32,11.658867,10.913799,6.961981773376465,15.489124298095703
S_C,0,33,12.785195,11.293982,6.624473571777344,18.052583694458008
S_C,0,34,18.191124,17.04618,10.82216739654541,24.182804107666016
S_C,0,35,20.04052,18.117662,12.56198501586914,26.08316421508789
S_C,0,36,16.591629,15.587541,12.497730255126953,19.693025588989258
S_C,1,1,0.3267772,0.27901077,0.16227033361792564,0.42356984317302704
S_C,1,2,0.5813926,0.45302826,0.271204449236393,0.7902922034263611
S_C,1,3,2.221438,1.7625436,1.15688094496727,2.751069188117981
S_C,1,4,1.0402198,0.81479603,0.4446130841970444,1.3675189018249512
S_C,1,5,0.7910644,0.6254659,0.3450125530362129,1.0326963067054749
S_C,1,6,0.9247219,0.7437191,0.44112391769886017,1.2446180284023285
S_C,1,7,1.1638905,0.8947902,0.386547788977623,1.7940573990345001
S_C,1,8,0.7550435,0.6460871,0.39834462106227875,1.0307884216308594
S_C,1,9,3.576561,3.2562833,2.1989660263061523,4.773253679275513
S_C,1,10,5.914619,5.8121142,3.4288848638534546,7.889137625694275
S_C,1,11,4.3697767,4.1969805,2.9992421865463257,5.549801349639893
S_C,1,12,4.278966,4.0915956,2.9233075380325317,5.484130144119263
S_C,1,13,3.6764064,3.3480067,2.4980252981185913,4.614614844322205
S_C,1,14,6.5517087,6.2128477,4.851494669914246,8.234768867492676
S_C,1,15,5.4696555,5.543198,4.334312558174133,6.683582544326782
S_C,1,16,7.1482186,7.1601706,5.648613929748535,8.623441696166992
S_C,1,17,6.4310536,6.2067485,4.785787105560303,7.875515580177307
S_C,1,18,7.2854004,7.37014,5.902471423149109,8.688339948654175
S_C,1,19,9.420077,9.549988,8.144931316375732,10.879990100860596
S_C,1,20,6.883939,6.6638575,5.139555335044861,8.518376111984253
S_C,1,21,8.625586,8.7439785,6.849236607551575,10.561968564987183
S_C,1,22,9.012482,9.040695,7.142983555793762,10.879930257797241
S_C,1,23,4.924135,4.8366528,3.7703508734703064,5.990864872932434
S_C,1,24,13.894918,14.095531,11.140212297439575,16.948081016540527
S_C,1,25,16.37986,16.661425,13.270199298858643,19.729924201965332
S_C,1,26,6.986678,6.7650595,4.852815270423889,8.983012199401855
S_C,1,27,14.465747,14.533621,10.891205549240112,17.912968635559082
S_C,1,28,11.145456,10.797743,7.670137524604797,14.313801527023315
S_C,1,29,12.968597,12.150934,8.479706525802612,16.834609508514404
S_C,1,30,22.17018,19.983475,13.128597974777222,28.83111572265625
S_C,1,31,10.832013,9.900068,6.849603772163391,13.776090383529663
S_C,1,32,15.459788,14.60239,9.99475359916687,20.114561557769775
S_C,1,33,14.320854,13.111679,8.25300645828247,19.404004096984863
S_C,1,34,20.492657,18.838175,12.387449026107788,27.070466995239258
S_C,1,35,23.388227,21.5764,15.39998173713684,29.68209218978882
S_C,1,36,21.055578,19.560753,14.83465838432312,25.747809886932373
N_C,0,1,0.17608069,0.13206437,0.08180468529462814,0.22710712254047394
N_C,0,2,0.20862958,0.16461203,0.1164252907037735,0.2420354187488556
N_C,0,3,0.8512802,0.621412,0.4115249812602997,1.0034406185150146
N_C,0,4,0.4410954,0.31337237,0.2030024528503418,0.5230914950370789
N_C,0,5,0.2807542,0.20528172,0.10344918072223663,0.3535173535346985
N_C,0,6,0.31053248,0.24263255,0.15832746028900146,0.37453046441078186
N_C,0,7,0.3581762,0.23381877,0.0958157554268837,0.4960176646709442
N_C,0,8,0.28289753,0.23618786,0.14198970794677734,0.3629938066005707
N_C,0,9,1.6235417,1.4924017,0.9094070792198181,2.1692569255828857
N_C,0,10,2.5658622,2.3851478,1.5081950426101685,3.31097149848938
N_C,0,11,1.8249303,1.6955652,1.0703738927841187,2.4187114238739014
N_C,0,12,1.9131714,1.812795,1.296709656715393,2.4545795917510986
N_C,0,13,1.4034088,1.3116021,1.0394152402877808,1.648327112197876
N_C,0,14,2.8003838,2.6652281,1.8201370239257812,3.652902841567993
N_C,0,15,2.2270334,2.1249237,1.5259184837341309,2.8404581546783447
N_C,0,16,2.7797945,2.6351738,1.8938628435134888,3.5489461421966553
N_C,0,17,2.0849679,1.9631081,1.3786128759384155,2.6797308921813965
N_C,0,18,2.9730825,2.9104626,2.107696533203125,3.75264573097229
N_C,0,19,3.642994,3.679596,2.7323200702667236,4.547942638397217
N_C,0,20,2.3488724,2.2717347,1.3777506351470947,3.1450109481811523
N_C,0,21,3.6420689,3.5592318,2.1830074787139893,4.934529781341553
N_C,0,22,3.4502432,3.4536264,2.367504119873047,4.484398365020752
N_C,0,23,1.9178629,1.7958512,1.3010036945343018,2.3895907402038574
N_C,0,24,7.524404,7.43553,5.324512004852295,9.559349060058594
N_C,0,25,7.736741,7.48755,6.039758205413818,9.230171203613281
N_C,0,26,2.8210979,2.6281285,1.7322165966033936,3.76350474357605
N_C,0,27,6.807697,6.4279795,4.508864879608154,8.65213394165039
N_C,0,28,3.8782518,3.653504,2.4473586082458496,5.017526626586914
N_C,0,29,5.2205567,4.5250006,2.7820024490356445,7.138769626617432
N_C,0,30,11.493893,10.004216,6.403977394104004,14.741202354431152
N_C,0,31,4.689968,4.202648,2.677271604537964,6.190194129943848
N_C,0,32,5.819473,5.2104063,3.095698595046997,7.841960430145264
N_C,0,33,7.461331,5.9589906,3.286224365234375,10.454123497009277
N_C,0,34,8.267347,7.5224113,4.407177448272705,11.296262741088867
N_C,0,35,10.511721,9.174145,6.311999797821045,13.232834815979004
N_C,0,36,14.503754,13.753838,10.950271606445312,17.383121490478516
N_C,1,1,0.25685355,0.21480882,0.12306317500770092,0.33204294741153717
N_C,1,2,0.32107556,0.24439996,0.1549011766910553,0.41529473662376404
N_C,1,3,1.3636044,1.0209339,0.6304500997066498,1.6561760008335114
N_C,1,4,0.6267388,0.49041235,0.25619930028915405,0.8290280401706696
N_C,1,5,0.51062405,0.38741106,0.2115311585366726,0.6536356508731842
N_C,1,6,0.5780861,0.45778963,0.26655007153749466,0.7887361496686935
N_C,1,7,0.74520475,0.53406066,0.2159920185804367,1.127355307340622
N_C,1,8,0.46504617,0.39000225,0.23354539275169373,0.6409372240304947
N_C,1,9,2.1928554,1.981764,1.3161117732524872,2.9457289576530457
N_C,1,10,3.6452596,3.3093839,1.8843954801559448,4.781581282615662
N_C,1,11,2.4444742,2.3506494,1.6214752197265625,3.1516776084899902
N_C,1,12,2.3956084,2.2356954,1.5728996992111206,3.04561311006546
N_C,1,13,2.0139234,1.8027499,1.3817963302135468,2.498726546764374
N_C,1,14,3.216009,3.0958114,2.322482943534851,4.045772433280945
N_C,1,15,2.8009124,2.8091764,2.135105788707733,3.4834139347076416
N_C,1,16,3.0420816,2.9654737,2.2844552993774414,3.698240101337433
N_C,1,17,2.5503247,2.5224848,1.8899436593055725,3.1819536089897156
N_C,1,18,3.2941031,3.2639017,2.520125389099121,4.0289201736450195
N_C,1,19,3.9085014,3.8846617,3.2515386939048767,4.590496182441711
N_C,1,20,2.9401755,2.80545,2.1099071502685547,3.661176919937134
N_C,1,21,4.2063446,4.199999,3.206148624420166,5.21087646484375
N_C,1,22,4.136727,4.0803127,3.258496105670929,4.973471522331238
N_C,1,23,2.131185,2.0426958,1.5320006608963013,2.6167288422584534
N_C,1,24,8.429764,8.356716,6.4505873918533325,10.489264726638794
N_C,1,25,8.901576,8.8740425,7.06290340423584,10.762533187866211
N_C,1,26,3.5478277,3.4542732,2.3328309059143066,4.642107367515564
N_C,1,27,7.389523,7.0298576,5.077435851097107,9.368959665298462
N_C,1,28,5.457633,5.1959543,3.558867931365967,6.989139437675476
N_C,1,29,7.2643347,6.5604177,4.310070633888245,9.655471086502075
N_C,1,30,15.041267,12.622955,7.130329966545105,20.134404182434082
N_C,1,31,6.0797067,5.2894373,3.5117002725601196,7.640564322471619
N_C,1,32,8.150644,7.385926,4.812971711158752,10.369175672531128
N_C,1,33,8.053915,6.909387,3.9592944383621216,11.102461576461792
N_C,1,34,9.157592,8.1875725,4.914179801940918,12.373494863510132
N_C,1,35,12.414416,11.344193,8.050668954849243,15.81051516532898
N_C,1,36,18.423548,17.331314,13.080245971679688,22.780470371246338
kappa_C,0,1,0.7809359,0.7858938,0.7287417054176331,0.8401776552200317
kappa_C,0,2,0.5839643,0.58725476,0.4776359796524048,0.6934829950332642
kappa_C,0,3,0.5569055,0.5483649,0.4886123538017273,0.6161310076713562
kappa_C,0,4,0.59849626,0.5979093,0.5534215569496155,0.643114447593689
kappa_C,0,5,0.59783036,0.5998377,0.5538973212242126,0.6458919644355774
kappa_C,0,6,0.6037901,0.60821503,0.5542378425598145,0.6570707559585571
kappa_C,0,7,0.5562488,0.55202085,0.48891040682792664,0.6227450966835022
kappa_C,0,8,0.5896884,0.5923371,0.5409442186355591,0.6407915353775024
kappa_C,0,9,0.604203,0.6073698,0.5563978552818298,0.6549683809280396
kappa_C,0,10,0.5795813,0.5682561,0.5090895891189575,0.6395255923271179
kappa_C,0,11,0.5409927,0.53847647,0.489567369222641,0.5901595950126648
kappa_C,0,12,0.56424606,0.55997944,0.5081307888031006,0.6153101921081543
kappa_C,0,13,0.57558,0.5657642,0.5273116827011108,0.6173720955848694
kappa_C,0,14,0.48754987,0.48275578,0.432963103055954,0.5376390814781189
kappa_C,0,15,0.510966,0.50591236,0.46114203333854675,0.5552276968955994
kappa_C,0,16,0.42844513,0.42342195,0.3812723159790039,0.47147759795188904
kappa_C,0,17,0.4250978,0.41676843,0.3784284293651581,0.46436411142349243
kappa_C,0,18,0.4659365,0.46337843,0.4155910015106201,0.5119898319244385
kappa_C,0,19,0.440162,0.43520787,0.39166200160980225,0.4831105172634125
kappa_C,0,20,0.44643548,0.44327495,0.39413607120513916,0.4936226010322571
kappa_C,0,21,0.51434314,0.51133895,0.4516153931617737,0.5761032104492188
kappa_C,0,22,0.49189985,0.4834214,0.4293472468852997,0.5474587678909302
kappa_C,0,23,0.44745404,0.43836144,0.39710676670074463,0.49111562967300415
kappa_C,0,24,0.6288472,0.6284607,0.5702837109565735,0.6866543292999268
kappa_C,0,25,0.5538339,0.5493723,0.5046642422676086,0.5968290567398071
kappa_C,0,26,0.50012976,0.49246445,0.4353688061237335,0.5591658353805542
kappa_C,0,27,0.52517986,0.51910806,0.4532513916492462,0.5897687673568726
kappa_C,0,28,0.47869295,0.47005305,0.4161182641983032,0.532322883605957
kappa_C,0,29,0.55233824,0.5483534,0.4823368489742279,0.6164987683296204
kappa_C,0,30,0.6103297,0.6024532,0.5130960941314697,0.6996232271194458
kappa_C,0,31,0.52602786,0.5071192,0.45173144340515137,0.5830137729644775
kappa_C,0,32,0.4855534,0.47328138,0.4020528495311737,0.5561031699180603
kappa_C,0,33,0.54478526,0.53937846,0.45259523391723633,0.6293145418167114
kappa_C,0,34,0.4447699,0.4347621,0.3746815621852875,0.504582941532135
kappa_C,0,35,0.52672166,0.5179552,0.4571627676486969,0.5869128108024597
kappa_C,0,36,0.87717646,0.89690214,0.8380760550498962,0.934497058391571
kappa_C,1,1,0.77342117,0.7795647,0.7185439765453339,0.8327073901891708
kappa_C,1,2,0.568381,0.5703958,0.46083710342645645,0.6769804805517197
kappa_C,1,3,0.58394206,0.5774485,0.5154312402009964,0.6491358429193497
kappa_C,1,4,0.59273976,0.592111,0.5464852601289749,0.6382935792207718
kappa_C,1,5,0.6252538,0.62940156,0.580832839012146,0.6729656010866165
kappa_C,1,6,0.6204993,0.6277449,0.5726872682571411,0.6727569103240967
kappa_C,1,7,0.596195,0.58991295,0.5353507995605469,0.6518618315458298
kappa_C,1,8,0.6042632,0.60518515,0.562910258769989,0.646480605006218
kappa_C,1,9,0.60517687,0.6041517,0.5648413002490997,0.6454843133687973
kappa_C,1,10,0.592698,0.5769806,0.5160786509513855,0.6590172648429871
kappa_C,1,11,0.5548414,0.5537705,0.5117176324129105,0.5974187701940536
kappa_C,1,12,0.55379635,0.54842967,0.5046130418777466,0.5976927876472473
kappa_C,1,13,0.55539984,0.54754615,0.5160591006278992,0.5846700668334961
kappa_C,1,14,0.4901667,0.48916256,0.4413892552256584,0.535753533244133
kappa_C,1,15,0.50898236,0.50614154,0.47075744718313217,0.5433676689863205
kappa_C,1,16,0.4228637,0.419913,0.3828570619225502,0.4588220939040184
kappa_C,1,17,0.39974335,0.38963103,0.3574889302253723,0.43309618532657623
kappa_C,1,18,0.4490857,0.4441062,0.40604570508003235,0.4880008101463318
kappa_C,1,19,0.41560054,0.40839297,0.37065332382917404,0.4532477557659149
kappa_C,1,20,0.42706236,0.4170574,0.37373603135347366,0.4699437767267227
kappa_C,1,21,0.48637897,0.47921455,0.43047257512807846,0.5350983440876007
kappa_C,1,22,0.46099737,0.45260632,0.4091336876153946,0.5032568424940109
kappa_C,1,23,0.42943886,0.41982207,0.3805672824382782,0.46740756183862686
kappa_C,1,24,0.60170394,0.59944487,0.5475722849369049,0.6547259986400604
kappa_C,1,25,0.54341936,0.5390475,0.49762480705976486,0.5847658812999725
kappa_C,1,26,0.5044133,0.49874997,0.4521474391222,0.5528371036052704
kappa_C,1,27,0.50467134,0.50018775,0.4342813789844513,0.5668796747922897
kappa_C,1,28,0.48663607,0.47632244,0.4258667975664139,0.538683220744133
kappa_C,1,29,0.5493828,0.54949343,0.4728456288576126,0.6208261102437973
kappa_C,1,30,0.632096,0.64388955,0.5259594023227692,0.744512215256691
kappa_C,1,31,0.5515311,0.52601224,0.4605049043893814,0.6226224154233932
kappa_C,1,32,0.5148152,0.50870746,0.44615720957517624,0.5765892118215561
kappa_C,1,33,0.53620183,0.5336164,0.45011282712221146,0.6166932284832001
kappa_C,1,34,0.43706536,0.42721412,0.36975475400686264,0.493271641433239
kappa_C,1,35,0.5346585,0.5300765,0.4727453142404556,0.5910216867923737
kappa_C,1,36,0.8788839,0.8953185,0.844990149140358,0.9307838082313538
visual_fraction,0,1,0.019346371,0.016440112,0.011396635323762894,0.024862613528966904
visual_fraction,0,2,0.0129301995,0.009854928,0.0069310409016907215,0.015273637138307095
visual_fraction,0,3,0.05058411,0.0408085,0.027691543102264404,0.06285803765058517
visual_fraction,0,4,0.032672156,0.024809573,0.0162181593477726,0.039014849811792374
visual_fraction,0,5,0.021419803,0.01663524,0.00967248436063528,0.02690739929676056
visual_fraction,0,6,0.022994686,0.018733285,0.0126265250146389,0.028196992352604866
visual_fraction,0,7,0.025833784,0.01767612,0.008330647833645344,0.03624558821320534
visual_fraction,0,8,0.021023622,0.01806658,0.011247777380049229,0.027255423367023468
visual_fraction,0,9,0.07875134,0.073899865,0.050524771213531494,0.10137049108743668
visual_fraction,0,10,0.11011083,0.10535004,0.07358896732330322,0.14030204713344574
visual_fraction,0,11,0.08033018,0.07755773,0.0517292357981205,0.10528809577226639
visual_fraction,0,12,0.09132095,0.08894822,0.06579478085041046,0.11209577322006226
visual_fraction,0,13,0.07276113,0.06729881,0.050357669591903687,0.08917564898729324
visual_fraction,0,14,0.1677119,0.16746137,0.12039386481046677,0.21408338844776154
visual_fraction,0,15,0.12172268,0.12058962,0.0908416360616684,0.15223433077335358
visual_fraction,0,16,0.1820424,0.18478629,0.14171971380710602,0.22507530450820923
visual_fraction,0,17,0.14200895,0.13863815,0.10503765195608139,0.17479053139686584
visual_fraction,0,18,0.17768782,0.17976005,0.14091987907886505,0.21819812059402466
visual_fraction,0,19,0.21971162,0.22905359,0.1788228154182434,0.26617589592933655
visual_fraction,0,20,0.12746103,0.1267645,0.08136539906263351,0.16628378629684448
visual_fraction,0,21,0.15831158,0.16344781,0.10733327269554138,0.20873528718948364
visual_fraction,0,22,0.13722907,0.14229678,0.10124221444129944,0.17282409965991974
visual_fraction,0,23,0.0680084,0.06653949,0.0503290630877018,0.08373776823282242
visual_fraction,0,24,0.15230942,0.15502329,0.1155364066362381,0.1905057281255722
visual_fraction,0,25,0.1608007,0.15942344,0.1272282600402832,0.19378240406513214
visual_fraction,0,26,0.0652527,0.06286355,0.04317991062998772,0.08413594961166382
visual_fraction,0,27,0.12481302,0.12288214,0.08815084397792816,0.15912960469722748
visual_fraction,0,28,0.07232779,0.06928244,0.04761567711830139,0.0920654833316803
visual_fraction,0,29,0.06478632,0.057070836,0.03691404312849045,0.08837160468101501
visual_fraction,0,30,0.0949391,0.09036491,0.06376963108778,0.11935269832611084
visual_fraction,0,31,0.042430777,0.03887484,0.024844594299793243,0.05710352212190628
visual_fraction,0,32,0.04984162,0.046799913,0.028334572911262512,0.06667765974998474
visual_fraction,0,33,0.05062153,0.044641644,0.025395428761839867,0.07176920026540756
visual_fraction,0,34,0.056267533,0.05165071,0.03248026594519615,0.07545967400074005
visual_fraction,0,35,0.040861707,0.03706711,0.025730229914188385,0.05306054279208183
visual_fraction,0,36,0.014940967,0.014178031,0.011534915305674076,0.017547477036714554
visual_fraction,1,1,0.027710645,0.025695316,0.015588757116347551,0.03873128350824118
visual_fraction,1,2,0.020693216,0.01558863,0.009161834605038166,0.027206035796552896
visual_fraction,1,3,0.077338666,0.06175109,0.03977117035537958,0.09643383510410786
visual_fraction,1,4,0.05021019,0.03937499,0.02122319908812642,0.06641197577118874
visual_fraction,1,5,0.038548272,0.030689575,0.017717866227030754,0.05025741830468178
visual_fraction,1,6,0.042286117,0.033611745,0.020418032072484493,0.05856782663613558
visual_fraction,1,7,0.051594295,0.039293297,0.017412260174751282,0.07822093553841114
visual_fraction,1,8,0.035469614,0.030536108,0.018988834228366613,0.04779436998069286
visual_fraction,1,9,0.111532934,0.10100679,0.0709609929472208,0.13984397053718567
visual_fraction,1,10,0.15001239,0.1455849,0.09692166745662689,0.20202184468507767
visual_fraction,1,11,0.10815486,0.105291545,0.07370386645197868,0.13366052880883217
visual_fraction,1,12,0.12043712,0.113734424,0.08504682593047619,0.149019967764616
visual_fraction,1,13,0.11026284,0.0991255,0.07187033258378506,0.13653676584362984
visual_fraction,1,14,0.1984898,0.20027907,0.1564382053911686,0.24265644699335098
visual_fraction,1,15,0.15878068,0.15776764,0.12442653626203537,0.1922554038465023
visual_fraction,1,16,0.20883983,0.21338926,0.17494365945458412,0.24884166568517685
visual_fraction,1,17,0.18935843,0.18273863,0.1426069773733616,0.22934092208743095
visual_fraction,1,18,0.20562692,0.20977803,0.17116428539156914,0.24408702552318573
visual_fraction,1,19,0.25249973,0.25952426,0.22195467725396156,0.2921186238527298
visual_fraction,1,20,0.16413547,0.16362321,0.12596511468291283,0.20248603448271751
visual_fraction,1,21,0.19263797,0.19863802,0.1579166278243065,0.23322443664073944
visual_fraction,1,22,0.17506178,0.17687725,0.14040395990014076,0.21368709579110146
visual_fraction,1,23,0.078128904,0.076351866,0.05886027775704861,0.09666682034730911
visual_fraction,1,24,0.17752713,0.18098682,0.142384622246027,0.21725620329380035
visual_fraction,1,25,0.19155635,0.19170934,0.15109843015670776,0.2346777841448784
visual_fraction,1,26,0.082643926,0.07865067,0.055043160915374756,0.10786484181880951
visual_fraction,1,27,0.1477867,0.14888906,0.1094700787216425,0.18603812530636787
visual_fraction,1,28,0.10325772,0.09836677,0.06859908998012543,0.13444610312581062
visual_fraction,1,29,0.08831927,0.08175197,0.05703372973948717,0.11470240913331509
visual_fraction,1,30,0.11935559,0.110510215,0.0765274353325367,0.15409687533974648
visual_fraction,1,31,0.052505758,0.048236653,0.03352104499936104,0.06711761467158794
visual_fraction,1,32,0.06538088,0.062115207,0.04339796770364046,0.08475666120648384
visual_fraction,1,33,0.055122133,0.05129894,0.03447203617542982,0.07269702106714249
visual_fraction,1,34,0.062973976,0.058384113,0.041591458953917027,0.07945746183395386
visual_fraction,1,35,0.047597606,0.044234604,0.032109287567436695,0.059896436519920826
visual_fraction,1,36,0.017639501,0.016558623,0.013207868672907352,0.021028599701821804
residual_mag,0,1,3.928444,3.6261337,3.2666618824005127,4.562337875366211
residual_mag,0,2,8.690152,7.684305,5.693525791168213,10.765473365783691
residual_mag,0,3,7.390665,6.996517,6.295925140380859,7.8932037353515625
residual_mag,0,4,6.782946,5.875581,5.208986759185791,6.981069087982178
residual_mag,0,5,9.7588215,8.929909,7.84541654586792,10.626112937927246
residual_mag,0,6,11.30569,10.983255,8.380681991577148,13.549263954162598
residual_mag,0,7,11.7684965,11.495227,9.405128479003906,13.038564682006836
residual_mag,0,8,11.129672,10.510065,9.306253433227539,12.076498031616211
residual_mag,0,9,16.7052,15.9910345,13.28557300567627,19.72568702697754
residual_mag,0,10,18.054426,17.67027,15.082609176635742,20.359745025634766
residual_mag,0,11,19.151463,18.033842,15.197803497314453,22.05010223388672
residual_mag,0,12,18.026888,16.940912,13.83878231048584,21.01923942565918
residual_mag,0,13,17.94952,16.985405,14.697339057922363,20.326282501220703
residual_mag,0,14,17.069965,16.176245,14.300103187561035,19.300079345703125
residual_mag,0,15,15.852756,15.31662,13.71883487701416,17.365753173828125
residual_mag,0,16,14.581974,14.109479,12.95732593536377,15.657787322998047
residual_mag,0,17,14.800887,14.355326,13.276642799377441,16.045076370239258
residual_mag,0,18,14.199729,14.002902,12.886422157287598,15.292218208312988
residual_mag,0,19,16.279991,16.21903,14.702704429626465,17.797571182250977
residual_mag,0,20,19.450857,19.24558,17.2893009185791,21.36642837524414
residual_mag,0,21,20.793135,20.526203,18.739465713500977,22.539318084716797
residual_mag,0,22,24.924084,24.911963,22.51639175415039,27.19011878967285
residual_mag,0,23,33.7348,33.578503,29.95780372619629,36.964237213134766
residual_mag,0,24,42.39464,42.030724,39.023292541503906,45.3118896484375
residual_mag,0,25,50.234325,49.046688,45.477622985839844,53.177452087402344
residual_mag,0,26,60.58721,58.567467,54.0118293762207,64.18335723876953
residual_mag,0,27,69.717636,67.34295,62.09054183959961,74.41690826416016
residual_mag,0,28,85.46831,83.37887,75.0459976196289,92.76146697998047
residual_mag,0,29,108.14432,106.67124,97.14998626708984,116.80055236816406
residual_mag,0,30,142.00279,139.08684,124.7528305053711,154.8976287841797
residual_mag,0,31,174.1189,166.20387,149.35987854003906,190.2568817138672
residual_mag,0,32,199.56918,194.54036,169.7579803466797,222.87725830078125
residual_mag,0,33,213.75603,207.30675,179.80633544921875,241.3060302734375
residual_mag,0,34,268.39755,262.4948,224.41116333007812,305.5413818359375
residual_mag,0,35,338.70465,333.7107,304.92645263671875,367.89373779296875
residual_mag,0,36,817.4223,803.2603,689.3551025390625,926.9563598632812
residual_mag,1,1,4.0562882,3.7032042,3.264109432697296,4.700048923492432
residual_mag,1,2,8.97898,8.176712,5.91485869884491,11.233966827392578
residual_mag,1,3,7.5457096,7.2130213,6.513744235038757,7.926405072212219
residual_mag,1,4,6.561624,5.533665,5.140851855278015,6.427320122718811
residual_mag,1,5,9.894928,9.342861,8.005215406417847,10.92144227027893
residual_mag,1,6,11.497848,11.307856,8.252223253250122,13.920187711715698
residual_mag,1,7,11.761859,11.447695,9.075364828109741,13.09679365158081
residual_mag,1,8,11.174228,10.503262,8.750618934631348,12.457151412963867
residual_mag,1,9,16.433905,15.893644,11.797801733016968,20.168939113616943
residual_mag,1,10,17.80783,17.22322,13.957798480987549,20.590278148651123
residual_mag,1,11,19.217518,17.940413,14.453747034072876,22.394334316253662
residual_mag,1,12,17.817896,16.979607,12.989871740341187,21.062374114990234
residual_mag,1,13,17.57255,16.59935,13.555216073989868,20.236616611480713
residual_mag,1,14,16.775747,15.8985195,13.203456401824951,19.09288787841797
residual_mag,1,15,15.64364,15.077991,12.743315696716309,17.488472938537598
residual_mag,1,16,14.44269,13.807388,12.205142974853516,15.78074049949646
residual_mag,1,17,14.513824,14.034636,12.737526655197144,15.917750120162964
residual_mag,1,18,14.245077,13.899683,12.760558843612671,15.448819875717163
residual_mag,1,19,16.241728,15.98225,14.502900123596191,17.86219549179077
residual_mag,1,20,19.501955,19.163656,17.41858196258545,21.356656551361084
residual_mag,1,21,21.587215,21.41829,19.609867095947266,23.51083517074585
residual_mag,1,22,25.235899,25.041203,22.27283811569214,27.73642063140869
residual_mag,1,23,34.059814,33.741478,29.631287574768066,37.76300525665283
residual_mag,1,24,42.622,41.849525,39.057692527770996,45.21189594268799
residual_mag,1,25,48.79762,48.03415,44.21801471710205,52.276573181152344
residual_mag,1,26,58.129627,56.099308,51.2111177444458,62.498202323913574
residual_mag,1,27,66.11022,64.043434,58.57068634033203,71.60206604003906
residual_mag,1,28,79.77852,77.33554,70.00906562805176,85.65263557434082
residual_mag,1,29,108.43469,106.93155,98.33339309692383,116.42748641967773
residual_mag,1,30,135.30716,131.3713,116.89007759094238,149.2273406982422
residual_mag,1,31,168.03175,159.7088,140.4563980102539,187.7295265197754
residual_mag,1,32,195.01068,187.90848,163.63135528564453,219.2456169128418
residual_mag,1,33,212.24962,207.32092,174.49703216552734,243.00925064086914
residual_mag,1,34,264.37228,256.4583,213.36658096313477,310.4635314941406
residual_mag,1,35,337.45886,334.80075,301.7034225463867,369.4240417480469
residual_mag,1,36,875.7385,892.51135,747.4425964355469,1003.2134857177734
attention_bias_mag,0,1,0.0,0.0,0.0,0.0
attention_bias_mag,0,2,0.0,0.0,0.0,0.0
attention_bias_mag,0,3,0.0,0.0,0.0,0.0
attention_bias_mag,0,4,0.0,0.0,0.0,0.0
attention_bias_mag,0,5,0.0,0.0,0.0,0.0
attention_bias_mag,0,6,0.0,0.0,0.0,0.0
attention_bias_mag,0,7,0.0,0.0,0.0,0.0
attention_bias_mag,0,8,0.0,0.0,0.0,0.0
attention_bias_mag,0,9,0.0,0.0,0.0,0.0
attention_bias_mag,0,10,0.0,0.0,0.0,0.0
attention_bias_mag,0,11,0.0,0.0,0.0,0.0
attention_bias_mag,0,12,0.0,0.0,0.0,0.0
attention_bias_mag,0,13,0.0,0.0,0.0,0.0
attention_bias_mag,0,14,0.0,0.0,0.0,0.0
attention_bias_mag,0,15,0.0,0.0,0.0,0.0
attention_bias_mag,0,16,0.0,0.0,0.0,0.0
attention_bias_mag,0,17,0.0,0.0,0.0,0.0
attention_bias_mag,0,18,0.0,0.0,0.0,0.0
attention_bias_mag,0,19,0.0,0.0,0.0,0.0
attention_bias_mag,0,20,0.0,0.0,0.0,0.0
attention_bias_mag,0,21,0.0,0.0,0.0,0.0
attention_bias_mag,0,22,0.0,0.0,0.0,0.0
attention_bias_mag,0,23,0.0,0.0,0.0,0.0
attention_bias_mag,0,24,0.0,0.0,0.0,0.0
attention_bias_mag,0,25,0.0,0.0,0.0,0.0
attention_bias_mag,0,26,0.0,0.0,0.0,0.0
attention_bias_mag,0,27,0.0,0.0,0.0,0.0
attention_bias_mag,0,28,0.0,0.0,0.0,0.0
attention_bias_mag,0,29,0.0,0.0,0.0,0.0
attention_bias_mag,0,30,0.0,0.0,0.0,0.0
attention_bias_mag,0,31,0.0,0.0,0.0,0.0
attention_bias_mag,0,32,0.0,0.0,0.0,0.0
attention_bias_mag,0,33,0.0,0.0,0.0,0.0
attention_bias_mag,0,34,0.0,0.0,0.0,0.0
attention_bias_mag,0,35,0.0,0.0,0.0,0.0
attention_bias_mag,0,36,0.0,0.0,0.0,0.0
attention_bias_mag,1,1,0.0,0.0,0.0,0.0
attention_bias_mag,1,2,0.0,0.0,0.0,0.0
attention_bias_mag,1,3,0.0,0.0,0.0,0.0
attention_bias_mag,1,4,0.0,0.0,0.0,0.0
attention_bias_mag,1,5,0.0,0.0,0.0,0.0
attention_bias_mag,1,6,0.0,0.0,0.0,0.0
attention_bias_mag,1,7,0.0,0.0,0.0,0.0
attention_bias_mag,1,8,0.0,0.0,0.0,0.0
attention_bias_mag,1,9,0.0,0.0,0.0,0.0
attention_bias_mag,1,10,0.0,0.0,0.0,0.0
attention_bias_mag,1,11,0.0,0.0,0.0,0.0
attention_bias_mag,1,12,0.0,0.0,0.0,0.0
attention_bias_mag,1,13,0.0,0.0,0.0,0.0
attention_bias_mag,1,14,0.0,0.0,0.0,0.0
attention_bias_mag,1,15,0.0,0.0,0.0,0.0
attention_bias_mag,1,16,0.0,0.0,0.0,0.0
attention_bias_mag,1,17,0.0,0.0,0.0,0.0
attention_bias_mag,1,18,0.0,0.0,0.0,0.0
attention_bias_mag,1,19,0.0,0.0,0.0,0.0
attention_bias_mag,1,20,0.0,0.0,0.0,0.0
attention_bias_mag,1,21,0.0,0.0,0.0,0.0
attention_bias_mag,1,22,0.0,0.0,0.0,0.0
attention_bias_mag,1,23,0.0,0.0,0.0,0.0
attention_bias_mag,1,24,0.0,0.0,0.0,0.0
attention_bias_mag,1,25,0.0,0.0,0.0,0.0
attention_bias_mag,1,26,0.0,0.0,0.0,0.0
attention_bias_mag,1,27,0.0,0.0,0.0,0.0
attention_bias_mag,1,28,0.0,0.0,0.0,0.0
attention_bias_mag,1,29,0.0,0.0,0.0,0.0
attention_bias_mag,1,30,0.0,0.0,0.0,0.0
attention_bias_mag,1,31,0.0,0.0,0.0,0.0
attention_bias_mag,1,32,0.0,0.0,0.0,0.0
attention_bias_mag,1,33,0.0,0.0,0.0,0.0
attention_bias_mag,1,34,0.0,0.0,0.0,0.0
attention_bias_mag,1,35,0.0,0.0,0.0,0.0
attention_bias_mag,1,36,0.0,0.0,0.0,0.0
ffn_zero_norm,0,1,0.0,0.0,0.0,0.0
ffn_zero_norm,0,2,0.0,0.0,0.0,0.0
ffn_zero_norm,0,3,0.0,0.0,0.0,0.0
ffn_zero_norm,0,4,0.0,0.0,0.0,0.0
ffn_zero_norm,0,5,0.0,0.0,0.0,0.0
ffn_zero_norm,0,6,0.0,0.0,0.0,0.0
ffn_zero_norm,0,7,0.0,0.0,0.0,0.0
ffn_zero_norm,0,8,0.0,0.0,0.0,0.0
ffn_zero_norm,0,9,0.0,0.0,0.0,0.0
ffn_zero_norm,0,10,0.0,0.0,0.0,0.0
ffn_zero_norm,0,11,0.0,0.0,0.0,0.0
ffn_zero_norm,0,12,0.0,0.0,0.0,0.0
ffn_zero_norm,0,13,0.0,0.0,0.0,0.0
ffn_zero_norm,0,14,0.0,0.0,0.0,0.0
ffn_zero_norm,0,15,0.0,0.0,0.0,0.0
ffn_zero_norm,0,16,0.0,0.0,0.0,0.0
ffn_zero_norm,0,17,0.0,0.0,0.0,0.0
ffn_zero_norm,0,18,0.0,0.0,0.0,0.0
ffn_zero_norm,0,19,0.0,0.0,0.0,0.0
ffn_zero_norm,0,20,0.0,0.0,0.0,0.0
ffn_zero_norm,0,21,0.0,0.0,0.0,0.0
ffn_zero_norm,0,22,0.0,0.0,0.0,0.0
ffn_zero_norm,0,23,0.0,0.0,0.0,0.0
ffn_zero_norm,0,24,0.0,0.0,0.0,0.0
ffn_zero_norm,0,25,0.0,0.0,0.0,0.0
ffn_zero_norm,0,26,0.0,0.0,0.0,0.0
ffn_zero_norm,0,27,0.0,0.0,0.0,0.0
ffn_zero_norm,0,28,0.0,0.0,0.0,0.0
ffn_zero_norm,0,29,0.0,0.0,0.0,0.0
ffn_zero_norm,0,30,0.0,0.0,0.0,0.0
ffn_zero_norm,0,31,0.0,0.0,0.0,0.0
ffn_zero_norm,0,32,0.0,0.0,0.0,0.0
ffn_zero_norm,0,33,0.0,0.0,0.0,0.0
ffn_zero_norm,0,34,0.0,0.0,0.0,0.0
ffn_zero_norm,0,35,0.0,0.0,0.0,0.0
ffn_zero_norm,0,36,0.0,0.0,0.0,0.0
ffn_zero_norm,1,1,0.0,0.0,0.0,0.0
ffn_zero_norm,1,2,0.0,0.0,0.0,0.0
ffn_zero_norm,1,3,0.0,0.0,0.0,0.0
ffn_zero_norm,1,4,0.0,0.0,0.0,0.0
ffn_zero_norm,1,5,0.0,0.0,0.0,0.0
ffn_zero_norm,1,6,0.0,0.0,0.0,0.0
ffn_zero_norm,1,7,0.0,0.0,0.0,0.0
ffn_zero_norm,1,8,0.0,0.0,0.0,0.0
ffn_zero_norm,1,9,0.0,0.0,0.0,0.0
ffn_zero_norm,1,10,0.0,0.0,0.0,0.0
ffn_zero_norm,1,11,0.0,0.0,0.0,0.0
ffn_zero_norm,1,12,0.0,0.0,0.0,0.0
ffn_zero_norm,1,13,0.0,0.0,0.0,0.0
ffn_zero_norm,1,14,0.0,0.0,0.0,0.0
ffn_zero_norm,1,15,0.0,0.0,0.0,0.0
ffn_zero_norm,1,16,0.0,0.0,0.0,0.0
ffn_zero_norm,1,17,0.0,0.0,0.0,0.0
ffn_zero_norm,1,18,0.0,0.0,0.0,0.0
ffn_zero_norm,1,19,0.0,0.0,0.0,0.0
ffn_zero_norm,1,20,0.0,0.0,0.0,0.0
ffn_zero_norm,1,21,0.0,0.0,0.0,0.0
ffn_zero_norm,1,22,0.0,0.0,0.0,0.0
ffn_zero_norm,1,23,0.0,0.0,0.0,0.0
ffn_zero_norm,1,24,0.0,0.0,0.0,0.0
ffn_zero_norm,1,25,0.0,0.0,0.0,0.0
ffn_zero_norm,1,26,0.0,0.0,0.0,0.0
ffn_zero_norm,1,27,0.0,0.0,0.0,0.0
ffn_zero_norm,1,28,0.0,0.0,0.0,0.0
ffn_zero_norm,1,29,0.0,0.0,0.0,0.0
ffn_zero_norm,1,30,0.0,0.0,0.0,0.0
ffn_zero_norm,1,31,0.0,0.0,0.0,0.0
ffn_zero_norm,1,32,0.0,0.0,0.0,0.0
ffn_zero_norm,1,33,0.0,0.0,0.0,0.0
ffn_zero_norm,1,34,0.0,0.0,0.0,0.0
ffn_zero_norm,1,35,0.0,0.0,0.0,0.0
ffn_zero_norm,1,36,0.0,0.0,0.0,0.0
raw_attention_mass,0,1,0.020952573,0.015983531,0.010774890892207623,0.026561688631772995
raw_attention_mass,0,2,0.011359866,0.00868605,0.00613795081153512,0.013460425660014153
raw_attention_mass,0,3,0.03353548,0.029895918,0.0215175598859787,0.04153609275817871
raw_attention_mass,0,4,0.017984468,0.012565946,0.008553991094231606,0.021805914118885994
raw_attention_mass,0,5,0.011960005,0.009050377,0.0055540697649121284,0.014884579926729202
raw_attention_mass,0,6,0.021030195,0.0168061,0.011066543869674206,0.025416836142539978
raw_attention_mass,0,7,0.022943662,0.018135833,0.01106529962271452,0.030003778636455536
raw_attention_mass,0,8,0.0103313,0.008737908,0.0059074778109788895,0.01282384991645813
raw_attention_mass,0,9,0.058839597,0.0548752,0.03986582159996033,0.07356945425271988
raw_attention_mass,0,10,0.08274362,0.07596619,0.050853002816438675,0.10942640155553818
raw_attention_mass,0,11,0.05607323,0.053716008,0.03847494721412659,0.06898228079080582
raw_attention_mass,0,12,0.07683463,0.07091937,0.052878834307193756,0.0937979519367218
raw_attention_mass,0,13,0.07144059,0.06568241,0.049508366733789444,0.08674081414937973
raw_attention_mass,0,14,0.1731563,0.17187841,0.12808628380298615,0.21769726276397705
raw_attention_mass,0,15,0.11865238,0.117199525,0.08681930601596832,0.1493070423603058
raw_attention_mass,0,16,0.16886756,0.17437255,0.1345970332622528,0.20476512610912323
raw_attention_mass,0,17,0.13123508,0.12658757,0.09210018813610077,0.1619907170534134
raw_attention_mass,0,18,0.19680156,0.20050564,0.15490663051605225,0.2413993775844574
raw_attention_mass,0,19,0.3099266,0.32228923,0.2476627081632614,0.3772454857826233
raw_attention_mass,0,20,0.16252145,0.16304332,0.11207330226898193,0.20925630629062653
raw_attention_mass,0,21,0.21317513,0.2201882,0.15571826696395874,0.2739567160606384
raw_attention_mass,0,22,0.24472918,0.25208282,0.1837131381034851,0.31098902225494385
raw_attention_mass,0,23,0.10419803,0.101928435,0.07896611094474792,0.12768153846263885
raw_attention_mass,0,24,0.19523436,0.1999584,0.14971978962421417,0.24347104132175446
raw_attention_mass,0,25,0.21910661,0.2182751,0.1676078885793686,0.2699962854385376
raw_attention_mass,0,26,0.08062698,0.076727204,0.05495000258088112,0.1029866486787796
raw_attention_mass,0,27,0.16462156,0.16563413,0.12081500887870789,0.20655378699302673
raw_attention_mass,0,28,0.0930791,0.09010714,0.06398360431194305,0.11938431859016418
raw_attention_mass,0,29,0.13305843,0.12591065,0.08048681914806366,0.1802937388420105
raw_attention_mass,0,30,0.13217592,0.12704773,0.08759965747594833,0.17323461174964905
raw_attention_mass,0,31,0.060933292,0.05679074,0.03673446550965309,0.08150733262300491
raw_attention_mass,0,32,0.09991157,0.09635054,0.06329218298196793,0.13207916915416718
raw_attention_mass,0,33,0.07454417,0.06894358,0.042100317776203156,0.10298402607440948
raw_attention_mass,0,34,0.11564145,0.11043865,0.07187651097774506,0.15325045585632324
raw_attention_mass,0,35,0.07477105,0.070339486,0.04930812492966652,0.09707856178283691
raw_attention_mass,0,36,0.031623926,0.028752454,0.022301943972706795,0.037635914981365204
raw_attention_mass,1,1,0.031491674,0.025647279,0.01443827198818326,0.0436545517295599
raw_attention_mass,1,2,0.019227173,0.014522138,0.008070748532190919,0.027795182541012764
raw_attention_mass,1,3,0.048436813,0.042295806,0.028491959907114506,0.06199107691645622
raw_attention_mass,1,4,0.027030263,0.020760087,0.011385791702196002,0.03600434586405754
raw_attention_mass,1,5,0.01930188,0.015339366,0.008711334317922592,0.024752401281148195
raw_attention_mass,1,6,0.03718635,0.02880591,0.017346752807497978,0.049934024922549725
raw_attention_mass,1,7,0.041697305,0.03212571,0.017518097534775734,0.06036289315670729
raw_attention_mass,1,8,0.01606354,0.013761347,0.008781671989709139,0.02155565982684493
raw_attention_mass,1,9,0.08532112,0.076123744,0.05340335890650749,0.1132179144769907
raw_attention_mass,1,10,0.10964849,0.10817484,0.0696929320693016,0.1451794132590294
raw_attention_mass,1,11,0.07792307,0.07077339,0.052887871861457825,0.09727893397212029
raw_attention_mass,1,12,0.10785878,0.0991321,0.07042401656508446,0.13938158005475998
raw_attention_mass,1,13,0.11055562,0.101411775,0.07355663366615772,0.14081158116459846
raw_attention_mass,1,14,0.20732662,0.20904346,0.16629528254270554,0.25166967511177063
raw_attention_mass,1,15,0.15883341,0.15824986,0.12183420360088348,0.19579103216528893
raw_attention_mass,1,16,0.21163365,0.21219294,0.17347509041428566,0.2553366348147392
raw_attention_mass,1,17,0.18609343,0.17524862,0.13264678418636322,0.23321151360869408
raw_attention_mass,1,18,0.2407483,0.24448264,0.19967638701200485,0.2883521839976311
raw_attention_mass,1,19,0.36351097,0.37368423,0.3122464418411255,0.42602789402008057
raw_attention_mass,1,20,0.2023626,0.20581523,0.1633511371910572,0.24552447721362114
raw_attention_mass,1,21,0.26100683,0.27029335,0.21801019459962845,0.31350987404584885
raw_attention_mass,1,22,0.30997843,0.32141867,0.25321220606565475,0.37837643176317215
raw_attention_mass,1,23,0.123961836,0.124480665,0.09719962999224663,0.15137819200754166
raw_attention_mass,1,24,0.22755714,0.23512483,0.18553508073091507,0.2760346531867981
raw_attention_mass,1,25,0.25470138,0.26113027,0.20449096336960793,0.3086353540420532
raw_attention_mass,1,26,0.10371207,0.100413375,0.07230100408196449,0.1330932453274727
raw_attention_mass,1,27,0.19606692,0.19939172,0.1537720337510109,0.2412358708679676
raw_attention_mass,1,28,0.122215874,0.11941064,0.08644729107618332,0.1566486768424511
raw_attention_mass,1,29,0.17097811,0.1677705,0.12008591741323471,0.22243314608931541
raw_attention_mass,1,30,0.15126766,0.1473805,0.10945272631943226,0.19017624855041504
raw_attention_mass,1,31,0.070765786,0.06681062,0.04620820842683315,0.09126126952469349
raw_attention_mass,1,32,0.11871569,0.11605773,0.08293052949011326,0.15174303948879242
raw_attention_mass,1,33,0.07737852,0.07559119,0.05277312360703945,0.09971186332404613
raw_attention_mass,1,34,0.12454757,0.11895661,0.08658608421683311,0.15696529671549797
raw_attention_mass,1,35,0.088045225,0.08361133,0.06087439879775047,0.11141875386238098
raw_attention_mass,1,36,0.041692298,0.036862195,0.026694796048104763,0.05222064908593893
other_gross,0,1,7.213277,7.0675,4.237007141113281,9.45570182800293
other_gross,0,2,20.610985,20.547543,16.942350387573242,23.623008728027344
other_gross,0,3,20.142502,20.379148,17.95102882385254,22.49350929260254
other_gross,0,4,14.585069,14.6555,12.918360710144043,16.339923858642578
other_gross,0,5,10.307959,10.315052,9.355575561523438,11.334187507629395
other_gross,0,6,10.114654,10.183585,9.127062797546387,11.087998390197754
other_gross,0,7,10.920655,10.937601,8.6303129196167,12.509492874145508
other_gross,0,8,10.930442,10.69198,9.214483261108398,12.510578155517578
other_gross,0,9,13.51207,13.2603,11.86628246307373,15.047911643981934
other_gross,0,10,16.227783,15.964595,14.238725662231445,17.906829833984375
other_gross,0,11,18.799671,18.63679,17.30970573425293,20.101282119750977
other_gross,0,12,15.593188,15.505615,14.072542190551758,16.98387908935547
other_gross,0,13,14.236906,14.125085,13.122394561767578,15.212388038635254
other_gross,0,14,10.888989,10.650806,9.522514343261719,12.0205078125
other_gross,0,15,15.130471,15.067263,13.910926818847656,16.278772354125977
other_gross,0,16,13.735433,13.577045,12.32381820678711,14.957097053527832
other_gross,0,17,14.341504,14.365058,13.022581100463867,15.680356979370117
other_gross,0,18,14.662101,14.603617,13.476943016052246,15.752017974853516
other_gross,0,19,12.7683,12.596539,11.329215049743652,13.939892768859863
other_gross,0,20,15.802101,15.585406,14.511574745178223,16.89686393737793
other_gross,0,21,15.453158,15.112107,13.547088623046875,16.93552589416504
other_gross,0,22,18.720764,18.280754,16.33381462097168,20.689577102661133
other_gross,0,23,24.309784,23.777847,21.77138900756836,26.222986221313477
other_gross,0,24,23.695238,23.001846,19.90204620361328,26.740224838256836
other_gross,0,25,23.563467,22.98253,19.980066299438477,26.4615421295166
other_gross,0,26,20.595173,20.220629,18.223831176757812,22.40079689025879
other_gross,0,27,20.805672,20.226767,17.015666961669922,23.90986442565918
other_gross,0,28,20.130987,19.497654,17.39525032043457,22.132768630981445
other_gross,0,29,27.370739,26.350424,22.461719512939453,31.355045318603516
other_gross,0,30,29.485327,28.415676,23.449840545654297,34.11004638671875
other_gross,0,31,30.534462,29.560602,26.78582763671875,32.978572845458984
other_gross,0,32,28.23637,27.478336,24.347402572631836,31.217763900756836
other_gross,0,33,32.610516,31.617178,27.047441482543945,37.20304870605469
other_gross,0,34,43.812176,42.73774,37.984046936035156,48.35230255126953
other_gross,0,35,132.55418,130.7228,124.72000885009766,137.79396057128906
other_gross,0,36,279.9105,277.2733,253.4093780517578,305.8551025390625
other_gross,1,1,7.4734197,7.7463245,4.191849231719971,9.825479984283447
other_gross,1,2,20.104671,19.76057,16.550780296325684,22.97115468978882
other_gross,1,3,19.209373,19.350891,16.766250610351562,21.62449073791504
other_gross,1,4,13.422957,13.375107,11.899389743804932,15.128206491470337
other_gross,1,5,9.565423,9.600332,8.298611164093018,10.726915121078491
other_gross,1,6,9.525754,9.510903,8.512629747390747,10.626973867416382
other_gross,1,7,10.050899,9.840334,7.944358229637146,11.557227611541748
other_gross,1,8,9.717133,9.480196,8.386656045913696,10.77552318572998
other_gross,1,9,12.265605,12.122978,10.488773584365845,13.835967063903809
other_gross,1,10,14.643489,14.254319,12.455397129058838,16.326552391052246
other_gross,1,11,17.556463,17.428844,15.802353620529175,19.013354301452637
other_gross,1,12,13.892586,13.866547,12.171422958374023,15.49271273612976
other_gross,1,13,12.992001,12.924051,11.552327632904053,14.198357105255127
other_gross,1,14,9.623062,9.3449955,8.074467420578003,10.858783483505249
other_gross,1,15,13.687939,13.857137,11.96330976486206,15.341002225875854
other_gross,1,16,12.438925,12.288891,10.763795137405396,13.852178573608398
other_gross,1,17,13.007684,13.040961,10.87169098854065,14.969909906387329
other_gross,1,18,13.730598,13.728188,11.903428792953491,15.327176332473755
other_gross,1,19,11.610684,11.323072,9.700602054595947,13.08335256576538
other_gross,1,20,15.21083,15.000772,13.589473485946655,16.533723831176758
other_gross,1,21,14.25018,13.903986,11.913613557815552,16.055136680603027
other_gross,1,22,17.329952,16.868526,14.482524394989014,19.54307746887207
other_gross,1,23,24.521105,24.014889,22.013787746429443,26.592247486114502
other_gross,1,24,21.806347,20.910881,18.29518222808838,24.55557918548584
other_gross,1,25,21.176445,20.509933,17.18937349319458,24.44489622116089
other_gross,1,26,21.370508,20.818863,18.651814937591553,23.473809242248535
other_gross,1,27,18.241716,17.4176,14.721075057983398,20.896427154541016
other_gross,1,28,19.074158,18.565636,15.968005895614624,21.58125591278076
other_gross,1,29,26.893925,25.84033,22.09406089782715,30.655354976654053
other_gross,1,30,25.496523,23.964626,18.290188312530518,30.574942588806152
other_gross,1,31,30.287378,29.604507,26.239318370819092,33.31845951080322
other_gross,1,32,28.111277,27.496552,24.007383346557617,31.55623722076416
other_gross,1,33,32.390938,31.613468,27.466710567474365,36.51364040374756
other_gross,1,34,40.728767,39.685524,35.5855827331543,44.441466331481934
other_gross,1,35,130.46597,129.70332,123.41605567932129,136.43496322631836
other_gross,1,36,288.11853,288.0318,261.60453033447266,314.80487060546875
gain_E,0,1,2.4854674,2.513235,1.615458607673645,3.2054007053375244
gain_E,0,2,0.46222585,0.38340488,0.3319067656993866,0.5076606869697571
gain_E,0,3,0.5199359,0.49534342,0.4555843770503998,0.5534595847129822
gain_E,0,4,0.41387272,0.40258488,0.3640389144420624,0.44454434514045715
gain_E,0,5,0.61019266,0.5836682,0.5192283987998962,0.6685261726379395
gain_E,0,6,0.70881224,0.7112982,0.6765443682670593,0.7487175464630127
gain_E,0,7,0.678135,0.6703033,0.6272422075271606,0.7230662107467651
gain_E,0,8,0.66401964,0.66003734,0.6205096244812012,0.7045000195503235
gain_E,0,9,0.83295214,0.82207376,0.7773349285125732,0.8828693628311157
gain_E,0,10,0.939055,0.91014135,0.8283520936965942,1.0145018100738525
gain_E,0,11,0.88552684,0.8751483,0.8257097601890564,0.9310365319252014
gain_E,0,12,0.8339949,0.82711333,0.7723868489265442,0.8848649859428406
gain_E,0,13,0.74596554,0.73996127,0.7040146589279175,0.7801762819290161
gain_E,0,14,0.7088791,0.7043089,0.6768752932548523,0.7356982827186584
gain_E,0,15,0.6931191,0.6896027,0.6643316149711609,0.7192124724388123
gain_E,0,16,0.67883724,0.6763653,0.6461889743804932,0.7072027921676636
gain_E,0,17,0.7129698,0.70866054,0.683169424533844,0.7399085164070129
gain_E,0,18,0.6989439,0.695795,0.6655581593513489,0.7296047210693359
gain_E,0,19,0.6400617,0.6382176,0.6110594868659973,0.6667483448982239
gain_E,0,20,0.61775213,0.6145284,0.5849054455757141,0.6472043395042419
gain_E,0,21,0.6266318,0.6244326,0.5947849750518799,0.6568434834480286
gain_E,0,22,0.5697845,0.56521916,0.5403667688369751,0.595380961894989
gain_E,0,23,0.58609617,0.5842834,0.560488760471344,0.6100434064865112
gain_E,0,24,0.56491154,0.55829394,0.5310556888580322,0.5913577675819397
gain_E,0,25,0.47548172,0.46892482,0.438495397567749,0.5038318037986755
gain_E,0,26,0.4129095,0.41021973,0.39223822951316833,0.43143323063850403
gain_E,0,27,0.43935558,0.43445402,0.41208040714263916,0.46237999200820923
gain_E,0,28,0.51051366,0.50951475,0.4795058071613312,0.5369304418563843
gain_E,0,29,0.4400107,0.43845147,0.4176257252693176,0.46049293875694275
gain_E,0,30,0.4889042,0.46281478,0.4118651747703552,0.5372474789619446
gain_E,0,31,0.40300635,0.3890948,0.36160391569137573,0.42528480291366577
gain_E,0,32,0.37558487,0.3677073,0.3388083279132843,0.4033803343772888
gain_E,0,33,0.38217106,0.37787324,0.33909156918525696,0.4190361797809601
gain_E,0,34,0.3932277,0.3868647,0.3532271683216095,0.4258995056152344
gain_E,0,35,0.3471744,0.33682537,0.3111861050128937,0.3695116341114044
gain_E,0,36,0.7954657,0.72616124,0.5752015709877014,0.937366783618927
gain_E,1,1,2.6185293,2.696435,1.677841991186142,3.314488708972931
gain_E,1,2,0.4618929,0.39614984,0.33762333542108536,0.5068985521793365
gain_E,1,3,0.54618245,0.52466416,0.4775182604789734,0.5873025506734848
gain_E,1,4,0.41210404,0.39582956,0.35757799446582794,0.44279591739177704
gain_E,1,5,0.6361561,0.621341,0.5559800416231155,0.6913149654865265
gain_E,1,6,0.72376007,0.72837675,0.6892270743846893,0.7687928378582001
gain_E,1,7,0.6997521,0.69691086,0.6406022906303406,0.7473326176404953
gain_E,1,8,0.6788369,0.67218775,0.6288676857948303,0.7259955853223801
gain_E,1,9,0.8379113,0.83288294,0.7856409102678299,0.88768270611763
gain_E,1,10,0.9640464,0.9355327,0.8490201234817505,1.040639489889145
gain_E,1,11,0.9118712,0.89797366,0.8488811105489731,0.9604771584272385
gain_E,1,12,0.83374673,0.8251892,0.7818107455968857,0.8758300095796585
gain_E,1,13,0.77284926,0.7698364,0.7309575527906418,0.8073803335428238
gain_E,1,14,0.7311954,0.7278228,0.6995187252759933,0.7593371272087097
gain_E,1,15,0.7094818,0.7054827,0.680939331650734,0.7304852604866028
gain_E,1,16,0.7020803,0.70160425,0.6699153780937195,0.732596829533577
gain_E,1,17,0.7209508,0.7196267,0.6897030025720596,0.7495192736387253
gain_E,1,18,0.724426,0.7236303,0.6892958581447601,0.7589716166257858
gain_E,1,19,0.657017,0.65645456,0.631197139620781,0.6809644252061844
gain_E,1,20,0.64011806,0.63546073,0.6025475859642029,0.6666816174983978
gain_E,1,21,0.6519386,0.6532382,0.6239137202501297,0.6795626282691956
gain_E,1,22,0.58605534,0.58350617,0.5597173273563385,0.6106138378381729
gain_E,1,23,0.5856995,0.5853466,0.5612926483154297,0.6099571734666824
gain_E,1,24,0.5788947,0.57818556,0.5513766407966614,0.6045392602682114
gain_E,1,25,0.48977524,0.4868251,0.4615108594298363,0.5136323869228363
gain_E,1,26,0.41909072,0.4185912,0.4016096740961075,0.4353043958544731
gain_E,1,27,0.42470038,0.4184177,0.39965395629405975,0.4424227550625801
gain_E,1,28,0.50632954,0.50412834,0.4794188514351845,0.5314130038022995
gain_E,1,29,0.45551094,0.45400864,0.43124935030937195,0.47881998866796494
gain_E,1,30,0.4930661,0.47296047,0.40588609129190445,0.5514301359653473
gain_E,1,31,0.41575682,0.39528674,0.36312801390886307,0.4424174502491951
gain_E,1,32,0.39295384,0.38787383,0.3567044660449028,0.423026867210865
gain_E,1,33,0.38555026,0.383771,0.33187318593263626,0.4353734478354454
gain_E,1,34,0.387881,0.3872943,0.33264411985874176,0.4367722421884537
gain_E,1,35,0.33044878,0.32550788,0.3002296909689903,0.35211268067359924
gain_E,1,36,0.7065701,0.6549766,0.5312179028987885,0.8237364143133163
gain_C,0,1,1.1480724,1.1295631,0.6979098320007324,1.561179280281067
gain_C,0,2,2.1291156,2.1027503,1.7235431671142578,2.485701084136963
gain_C,0,3,2.0386195,2.0505,1.830302357673645,2.2799763679504395
gain_C,0,4,1.1138172,1.1270108,0.9815535545349121,1.2539875507354736
gain_C,0,5,0.89527345,0.89602655,0.8152405023574829,0.9849230647087097
gain_C,0,6,0.5524375,0.56101483,0.5170753002166748,0.5946801900863647
gain_C,0,7,0.46592182,0.46124983,0.42816078662872314,0.5051448345184326
gain_C,0,8,0.4501985,0.4478956,0.41721925139427185,0.4825870096683502
gain_C,0,9,0.47367358,0.466977,0.4390217661857605,0.5040310025215149
gain_C,0,10,0.5798421,0.5658664,0.5105290412902832,0.6323540806770325
gain_C,0,11,0.54184955,0.53673565,0.5077634453773499,0.5692142248153687
gain_C,0,12,0.4920812,0.48928604,0.4580581486225128,0.5221052169799805
gain_C,0,13,0.4224925,0.41961142,0.39940083026885986,0.44244903326034546
gain_C,0,14,0.40985712,0.40666556,0.38819122314453125,0.4275016784667969
gain_C,0,15,0.40361807,0.4010255,0.38582247495651245,0.41930070519447327
gain_C,0,16,0.3872648,0.38415343,0.36638733744621277,0.40469297766685486
gain_C,0,17,0.41571856,0.41320488,0.39763203263282776,0.43293774127960205
gain_C,0,18,0.38443235,0.38243628,0.36329585313796997,0.4039301872253418
gain_C,0,19,0.35614446,0.3554315,0.3388839662075043,0.3719700872898102
gain_C,0,20,0.33330235,0.33159578,0.31375545263290405,0.3503279685974121
gain_C,0,21,0.33871382,0.3354363,0.31850671768188477,0.3568682372570038
gain_C,0,22,0.30896056,0.30679026,0.2937738299369812,0.3219491243362427
gain_C,0,23,0.31577337,0.31534404,0.30373403429985046,0.32727834582328796
gain_C,0,24,0.3186245,0.31487364,0.2983115017414093,0.33538395166397095
gain_C,0,25,0.26121217,0.25764796,0.24035216867923737,0.2777388393878937
gain_C,0,26,0.21924055,0.21794374,0.20882613956928253,0.22853338718414307
gain_C,0,27,0.24328157,0.23992321,0.22856737673282623,0.2546752393245697
gain_C,0,28,0.25953284,0.25842032,0.24535122513771057,0.2716221213340759
gain_C,0,29,0.22866336,0.22790572,0.2169809490442276,0.23902997374534607
gain_C,0,30,0.27190658,0.25425383,0.2255314141511917,0.2984922528266907
gain_C,0,31,0.21781844,0.2074266,0.1939970701932907,0.22877506911754608
gain_C,0,32,0.1907324,0.18600811,0.17245721817016602,0.20392407476902008
gain_C,0,33,0.18952501,0.18745875,0.1685853749513626,0.20757780969142914
gain_C,0,34,0.19078697,0.18720701,0.17186301946640015,0.20612001419067383
gain_C,0,35,0.19727142,0.18944375,0.17253999412059784,0.21190378069877625
gain_C,0,36,0.49650714,0.46247166,0.3690221309661865,0.586056113243103
gain_C,1,1,1.1915035,1.2049967,0.6913344860076904,1.5760981440544128
gain_C,1,2,2.033994,1.9854867,1.6304954886436462,2.38761043548584
gain_C,1,3,2.0265448,2.0294642,1.8026160299777985,2.2628747820854187
gain_C,1,4,1.0839597,1.0804967,0.9623934924602509,1.2229658663272858
gain_C,1,5,0.9034153,0.90562224,0.8150297403335571,1.0062259435653687
gain_C,1,6,0.555486,0.560022,0.5183998495340347,0.5999045968055725
gain_C,1,7,0.48066062,0.473964,0.43369222432374954,0.5285756438970566
gain_C,1,8,0.462481,0.45783657,0.42573072761297226,0.4984424561262131
gain_C,1,9,0.48096463,0.47577548,0.4472120478749275,0.5123504549264908
gain_C,1,10,0.603028,0.58709717,0.5243234485387802,0.661069393157959
gain_C,1,11,0.55639535,0.54960346,0.5203704237937927,0.5875250101089478
gain_C,1,12,0.4922402,0.48992425,0.46342550963163376,0.5179463326931
gain_C,1,13,0.43784606,0.43632737,0.41389259696006775,0.45961542427539825
gain_C,1,14,0.42309463,0.41992074,0.4014788642525673,0.44142842292785645
gain_C,1,15,0.41105407,0.41091222,0.39418819546699524,0.42624327540397644
gain_C,1,16,0.4017188,0.4000433,0.38038891553878784,0.42159540206193924
gain_C,1,17,0.41823846,0.4177671,0.4002140015363693,0.43552688509225845
gain_C,1,18,0.39806595,0.39757594,0.3763767331838608,0.41943269968032837
gain_C,1,19,0.36429176,0.36364287,0.3490002825856209,0.37810638546943665
gain_C,1,20,0.34708956,0.3443027,0.3243415951728821,0.3628935068845749
gain_C,1,21,0.35044828,0.35094303,0.3336775526404381,0.36668241769075394
gain_C,1,22,0.31883526,0.31689087,0.3038459047675133,0.3320118486881256
gain_C,1,23,0.31521425,0.31510612,0.3035612404346466,0.3268622010946274
gain_C,1,24,0.32579345,0.32522827,0.30939894914627075,0.34127774089574814
gain_C,1,25,0.2680948,0.26584256,0.2520262375473976,0.2806771919131279
gain_C,1,26,0.22260983,0.22190157,0.21418041363358498,0.23043669387698174
gain_C,1,27,0.23800658,0.23407224,0.22443591803312302,0.2470315583050251
gain_C,1,28,0.2610341,0.25979272,0.24896056950092316,0.27120620757341385
gain_C,1,29,0.2391684,0.23782982,0.22621223330497742,0.2515266090631485
gain_C,1,30,0.2804238,0.26490626,0.22514061629772186,0.31689805537462234
gain_C,1,31,0.22830886,0.2135565,0.1970960609614849,0.24133725091814995
gain_C,1,32,0.20279104,0.19887519,0.1834428422152996,0.21658093109726906
gain_C,1,33,0.19278714,0.1908669,0.16569125652313232,0.21638687700033188
gain_C,1,34,0.1891993,0.18829973,0.16332264989614487,0.21129309386014938
gain_C,1,35,0.19188608,0.18634379,0.17159854620695114,0.20470082014799118
gain_C,1,36,0.45958018,0.4334148,0.35374245047569275,0.5365327745676041
WE_js,0,1,0.002237758,0.0017859102,0.0012481586309149861,0.002581859938800335
WE_js,0,2,0.008382327,0.0048484826,0.0033014854416251183,0.009287861175835133
WE_js,0,3,0.005046797,0.0035045445,0.0026680983137339354,0.004960704129189253
WE_js,0,4,0.0041519855,0.0028672165,0.0019673232454806566,0.004560740198940039
WE_js,0,5,0.003352004,0.0025662037,0.0017645912012085319,0.0040029785595834255
WE_js,0,6,0.0017660101,0.0015740283,0.0011415672488510609,0.0021959838923066854
WE_js,0,7,0.0010750095,0.00079620496,0.000556840852368623,0.0012291871244087815
WE_js,0,8,0.00093691854,0.0007056721,0.00047577786608599126,0.0011144193122163415
WE_js,0,9,0.0008608451,0.00068247237,0.00045593251707032323,0.0010262054856866598
WE_js,0,10,0.0065858476,0.0050594485,0.0029630963690578938,0.008682438172399998
WE_js,0,11,0.0013620803,0.00088509463,0.0005655827699229121,0.001646471326239407
WE_js,0,12,0.002481904,0.0019385422,0.001086908159777522,0.0032962968107312918
WE_js,0,13,0.0009594455,0.00068527996,0.0004968414432369173,0.000994211877696216
WE_js,0,14,0.00087923696,0.00074714073,0.0005404433468356729,0.001059171394445002
WE_js,0,15,0.001070529,0.0008730045,0.0006101996405050159,0.0013234552461653948
WE_js,0,16,0.0014663576,0.001303941,0.0009735831990838051,0.001792274764738977
WE_js,0,17,0.0009436842,0.00081603706,0.0006258919020183384,0.001100759138353169
WE_js,0,18,0.0013365367,0.0011674141,0.000860386120621115,0.0015786599833518267
WE_js,0,19,0.0013775134,0.00110525,0.0007590035675093532,0.0016719347331672907
WE_js,0,20,0.0011344114,0.0008684879,0.0006048203795216978,0.0013214980717748404
WE_js,0,21,0.0014623819,0.0012739401,0.0008616747800260782,0.0018322326941415668
WE_js,0,22,0.0008676407,0.000672372,0.00044831394916400313,0.0010483968071639538
WE_js,0,23,0.0012293337,0.00092801754,0.0006384141161106527,0.0014708555536344647
WE_js,0,24,0.0017105767,0.0014038814,0.0009337425581179559,0.0020410330034792423
WE_js,0,25,0.0040359274,0.0035101052,0.002492557279765606,0.0050097880885005
WE_js,0,26,0.00086564885,0.0005829392,0.0003808348556049168,0.0009383111028000712
WE_js,0,27,0.0013370123,0.00091671787,0.0005702849011868238,0.001626506564207375
WE_js,0,28,0.0029035422,0.0026743505,0.0018679772038012743,0.003627673489972949
WE_js,0,29,0.0018029892,0.0014151955,0.000985928694717586,0.002070428803563118
WE_js,0,30,0.0069371806,0.0055219526,0.0031796989496797323,0.009219972416758537
WE_js,0,31,0.0030303614,0.0018884842,0.0011206596391275525,0.0033599170856177807
WE_js,0,32,0.0011821174,0.00050406076,0.00028512103017419577,0.0012605930678546429
WE_js,0,33,0.00074038026,0.00045069677,0.00025377844576723874,0.0008801963413134217
WE_js,0,34,0.0011660925,0.00026029235,0.00014577634283341467,0.0007426335942000151
WE_js,0,35,0.00535655,0.003509039,0.0018808277091011405,0.0071479384787380695
WE_js,0,36,0.10243971,0.10322186,0.08585768193006516,0.12071297317743301
WE_js,1,1,0.0023216037,0.001958646,0.0013602711842395365,0.0027467188192531466
WE_js,1,2,0.008723357,0.005236241,0.003405884839594364,0.010067838942632079
WE_js,1,3,0.005022864,0.0036870125,0.0027458786498755217,0.005282710073515773
WE_js,1,4,0.004222387,0.0028228518,0.0019647718290798366,0.0048859696835279465
WE_js,1,5,0.0035242294,0.0027553649,0.0019337101257406175,0.004174903500825167
WE_js,1,6,0.0016876359,0.0015376073,0.0011492702760733664,0.002052319177892059
WE_js,1,7,0.0011384072,0.0007518657,0.0005173247627681121,0.001236806419910863
WE_js,1,8,0.0009421031,0.0006658836,0.0004221982162562199,0.0011287171801086515
WE_js,1,9,0.00095743604,0.0007489087,0.0004859324617427774,0.0011668905208352953
WE_js,1,10,0.0065092235,0.00463285,0.0023288936354219913,0.00884567853063345
WE_js,1,11,0.0015808627,0.000986512,0.0005375714536057785,0.0019375264237169176
WE_js,1,12,0.0024032292,0.0017045159,0.0008575326355639845,0.0033276036265306175
WE_js,1,13,0.0009754646,0.00071150705,0.0005076395318610594,0.0010515479370951653
WE_js,1,14,0.00096848997,0.00082303066,0.0005837690987391397,0.0011846799170598388
WE_js,1,15,0.0011729752,0.00084257405,0.0005561982106883079,0.0013757812557742
WE_js,1,16,0.0014442559,0.0013191939,0.0010009910038206726,0.0017191315128002316
WE_js,1,17,0.00093278557,0.0008126851,0.0006289878365350887,0.0010713190422393382
WE_js,1,18,0.0012840885,0.0011446914,0.0008735760347917676,0.0015226122923195362
WE_js,1,19,0.0013973332,0.0011399025,0.0007992494647623971,0.001728748989989981
WE_js,1,20,0.0012336567,0.0009839365,0.0007124455878511071,0.0014265300414990634
WE_js,1,21,0.0015693888,0.0014016989,0.0010219284740742296,0.0019606836140155792
WE_js,1,22,0.0012261831,0.0008834958,0.000575040074181743,0.001476322504458949
WE_js,1,23,0.0009395889,0.00075059757,0.0005682954069925472,0.0010746264306362718
WE_js,1,24,0.002181759,0.0019195405,0.0013290528440847993,0.002744948724284768
WE_js,1,25,0.0033321877,0.0029355981,0.0021469094790518284,0.004022090928629041
WE_js,1,26,0.0008840006,0.00066334056,0.00044121084647485986,0.0010507972037885338
WE_js,1,27,0.0012210059,0.0008165871,0.0005019011732656509,0.0013871769770048559
WE_js,1,28,0.002823864,0.0026497063,0.001987924217246473,0.003469043760560453
WE_js,1,29,0.0020577125,0.0017616171,0.001197612436953932,0.0025335800601169467
WE_js,1,30,0.0073686712,0.0058777677,0.0031835397821851075,0.00978114316239953
WE_js,1,31,0.004185882,0.0023215818,0.0012613084400072694,0.005043904180638492
WE_js,1,32,0.0022041493,0.0011609218,0.0004619360188371502,0.002842517918907106
WE_js,1,33,0.00088178826,0.00047227598,0.0002588049028418027,0.0009361354022985324
WE_js,1,34,0.0013305123,0.00033462397,0.0001721018306852784,0.001185945060569793
WE_js,1,35,0.004370003,0.0032349704,0.0018941407033707947,0.0055645519169047475
WE_js,1,36,0.0999418,0.10081081,0.08430329896509647,0.1165187805891037
WE_spearman,0,1,0.9885323290105211,0.9920004526783901,0.9872641578531042,0.9948514983499817
WE_spearman,0,2,0.9494409277546625,0.9685912065689619,0.9416111975699847,0.9813668158495743
WE_spearman,0,3,0.9800260899308058,0.9858145090501006,0.9814699125043951,0.989289554806796
WE_spearman,0,4,0.9879644836937043,0.9903184730770936,0.9860282892032134,0.9929670329670329
WE_spearman,0,5,0.9906168240829056,0.9919809919809919,0.9885660316694801,0.9942409252754079
WE_spearman,0,6,0.9957923963728338,0.996213416903072,0.9948670155566706,0.9971890799477005
WE_spearman,0,7,0.9969382622038767,0.9974313073403346,0.9962326723272659,0.998221610219149
WE_spearman,0,8,0.9975375384467766,0.9978470871898577,0.9969562590252243,0.9984537340965195
WE_spearman,0,9,0.997956410433887,0.9981258065061449,0.9975190835453728,0.9986201434477295
WE_spearman,0,10,0.9924542090999555,0.9933745930510339,0.9904598939988222,0.9954879498661097
WE_spearman,0,11,0.9973916465191027,0.9978470871898577,0.9969043693181623,0.9985093167701863
WE_spearman,0,12,0.9964683052243707,0.9969340617508772,0.9956026178068645,0.9978807151220943
WE_spearman,0,13,0.9979373165892991,0.9981230902565584,0.9975355281725352,0.9985477709615639
WE_spearman,0,14,0.9989924827395527,0.9990927686334616,0.9988133201480016,0.9992933441209302
WE_spearman,0,15,0.9973784179153438,0.9976328734949423,0.9968441677760485,0.9982062022911365
WE_spearman,0,16,0.9988376398898039,0.9989333214813498,0.9986153641326053,0.999183102034467
WE_spearman,0,17,0.9984407777797308,0.9985784951302191,0.998162646251625,0.9988924321381348
WE_spearman,0,18,0.9987814805458949,0.9988481850550814,0.9985673303854814,0.9990796404589506
WE_spearman,0,19,0.9986516358168566,0.9987717160130951,0.9983774380815452,0.9990533228146979
WE_spearman,0,20,0.9972632327929729,0.99769508550095,0.9967239013617156,0.9982993638110479
WE_spearman,0,21,0.9988430654683986,0.9989574265436333,0.9986288736541518,0.9991795464394049
WE_spearman,0,22,0.9989103939425338,0.9990368781875354,0.9986868398515558,0.9992755923790405
WE_spearman,0,23,0.9974873664752415,0.9977733988437297,0.9969772997477749,0.9983074396867498
WE_spearman,0,24,0.997642104061626,0.9979386437627085,0.997111079011989,0.9985004277825309
WE_spearman,0,25,0.9967172824519727,0.9969875220835787,0.9961381105545867,0.9976493072145246
WE_spearman,0,26,0.9986993694716022,0.9988768609458263,0.9984350937232636,0.9991675257032797
WE_spearman,0,27,0.9988218466950296,0.9989399882220914,0.9985962468721088,0.9991823662223823
WE_spearman,0,28,0.9946840417090068,0.9950906121179124,0.9935019961138378,0.9963492860044583
WE_spearman,0,29,0.9971728474295494,0.9974721491240428,0.9965240723861412,0.9980934523363085
WE_spearman,0,30,0.996463376856627,0.9970020038985554,0.99575106390071,0.9978444755526584
WE_spearman,0,31,0.9984318848006588,0.9987302081134235,0.9982186468738542,0.9990546561628463
WE_spearman,0,32,0.9992813456268475,0.9993617706863409,0.9991513301858128,0.9995047312921266
WE_spearman,0,33,0.9993679865605931,0.999440495890188,0.9992663278687023,0.9995582547306684
WE_spearman,0,34,0.9994900991876028,0.9995527926562408,0.9993968821875798,0.9996586203482754
WE_spearman,0,35,0.9868013354712747,0.9884524919007676,0.9828465377656056,0.9924924530778315
WE_spearman,0,36,0.8179014696196164,0.8278579450993243,0.7812118294876914,0.8612033467038522
WE_spearman,1,1,0.9887636904998147,0.9915698274939584,0.9872774715855908,0.9944918393194253
WE_spearman,1,2,0.9532273032046583,0.9705990066556295,0.9453834974754173,0.9819449981264757
WE_spearman,1,3,0.9829224566353688,0.9880426743768778,0.9841209011889525,0.9909466736634327
WE_spearman,1,4,0.9892088155492901,0.99113397296849,0.9873071380554791,0.9936447525038643
WE_spearman,1,5,0.9913664838620228,0.9925336948188312,0.9894790488552123,0.9945932642873165
WE_spearman,1,6,0.9963972750235826,0.9967489793686446,0.9956466235881951,0.9975534991938021
WE_spearman,1,7,0.9975688063545418,0.9979644218269091,0.9970668660323831,0.9985716675371846
WE_spearman,1,8,0.9978884790170656,0.9981759797331081,0.997354783119878,0.9987453193924377
WE_spearman,1,9,0.998208708536236,0.9984071079786012,0.9977765406878757,0.9988802747423435
WE_spearman,1,10,0.9926229482797427,0.9937934501130463,0.9905758418510759,0.9959805520289178
WE_spearman,1,11,0.9973074914636634,0.9979460074840291,0.9967209382308053,0.9986725475353091
WE_spearman,1,12,0.9969148343923662,0.9973881976346719,0.9960632770017932,0.9983218335675819
WE_spearman,1,13,0.9980228841451263,0.9982288692096579,0.9976517160197014,0.9986377626418071
WE_spearman,1,14,0.9990224727529109,0.9991167703848656,0.9988430982566473,0.9993080004261095
WE_spearman,1,15,0.9976803875086205,0.9978865410062856,0.9971419136716719,0.9984727410346499
WE_spearman,1,16,0.9987515446185292,0.9988430982566473,0.9985204605894259,0.9990976576888589
WE_spearman,1,17,0.9985621270046876,0.9986614085796075,0.9983214444232416,0.9989212403005505
WE_spearman,1,18,0.9987862752469419,0.9988584264446332,0.9985879843109368,0.9990734956252196
WE_spearman,1,19,0.9987556058462849,0.9988442307571113,0.998525216929923,0.9990932956450196
WE_spearman,1,20,0.9976762667327653,0.9979817634990047,0.9972061806174981,0.9984639829331438
WE_spearman,1,21,0.9989756401658361,0.9990559895109946,0.9988041631429005,0.9992364359603996
WE_spearman,1,22,0.9990199065738133,0.9991228791431015,0.998833847109709,0.9993254338081923
WE_spearman,1,23,0.9977935827770482,0.9979697165128291,0.997402526694741,0.9984041472738054
WE_spearman,1,24,0.9973047856587406,0.997625306947855,0.9965902796739776,0.9983562098173591
WE_spearman,1,25,0.9972142891315409,0.9974162620154103,0.9967035189279881,0.9979821342417067
WE_spearman,1,26,0.9987878825797174,0.9989150972617378,0.9985519548125454,0.9991807889867146
WE_spearman,1,27,0.999020647750656,0.9991313664715111,0.9988368759652885,0.999347964865206
WE_spearman,1,28,0.9955001434687535,0.9958891969463427,0.9945473135128307,0.9968894035541462
WE_spearman,1,29,0.9978666381069028,0.9981205253272409,0.9974283233294425,0.9986076619863432
WE_spearman,1,30,0.9967353749771781,0.997288573685148,0.9959231769241881,0.9982214615656737
WE_spearman,1,31,0.9983632728712918,0.9988113370930436,0.9981270548858846,0.9991635462616252
WE_spearman,1,32,0.9992340787206134,0.9993329128184956,0.9991044668323845,0.9994872477631097
WE_spearman,1,33,0.9994161809439344,0.9994901637061502,0.9993261165674957,0.99960221780242
WE_spearman,1,34,0.9994826206801408,0.9995527530338317,0.9993875701261266,0.999670218557984
WE_spearman,1,35,0.9877088526491764,0.9894530549195848,0.984113712374582,0.9932111142922009
WE_spearman,1,36,0.8431746169275394,0.8509231571066891,0.8154449236463303,0.8803254995528735
WE_top32,0,1,0.9444899730042422,0.9375,0.9375,0.96875
WE_top32,0,2,0.8467026610104127,0.875,0.8125,0.90625
WE_top32,0,3,0.8953914384882375,0.90625,0.875,0.9375
WE_top32,0,4,0.9005736598534516,0.90625,0.875,0.9375
WE_top32,0,5,0.9182534708831469,0.9375,0.90625,0.9375
WE_top32,0,6,0.9485513883532588,0.9375,0.9375,0.96875
WE_top32,0,7,0.960446394138064,0.96875,0.9375,0.96875
WE_top32,0,8,0.9613743733127651,0.96875,0.9375,0.96875
WE_top32,0,9,0.9687620516775935,0.96875,0.96875,1.0
WE_top32,0,10,0.915710566910914,0.9375,0.875,0.9375
WE_top32,0,11,0.957879386810644,0.96875,0.9375,0.96875
WE_top32,0,12,0.954155418434246,0.96875,0.9375,0.96875
WE_top32,0,13,0.9637847088314694,0.96875,0.9375,0.96875
WE_top32,0,14,0.9708228885460856,0.96875,0.96875,1.0
WE_top32,0,15,0.9672796953335905,0.96875,0.9375,1.0
WE_top32,0,16,0.9701359429232549,0.96875,0.96875,1.0
WE_top32,0,17,0.9690151369070574,0.96875,0.96875,1.0
WE_top32,0,18,0.9746432703432317,0.96875,0.96875,1.0
WE_top32,0,19,0.9737514462013113,0.96875,0.96875,1.0
WE_top32,0,20,0.9712326455842654,0.96875,0.96875,1.0
WE_top32,0,21,0.9745950636328576,0.96875,0.96875,1.0
WE_top32,0,22,0.977632086386425,0.96875,0.96875,1.0
WE_top32,0,23,0.9606392209795603,0.96875,0.9375,0.96875
WE_top32,0,24,0.9694369456228307,0.96875,0.96875,1.0
WE_top32,0,25,0.9414047435403008,0.9375,0.90625,0.96875
WE_top32,0,26,0.9740165831083687,0.96875,0.96875,1.0
WE_top32,0,27,0.972449865021211,0.96875,0.96875,1.0
WE_top32,0,28,0.941501156961049,0.9375,0.9375,0.96875
WE_top32,0,29,0.958710952564597,0.96875,0.9375,0.96875
WE_top32,0,30,0.9352463362900115,0.9375,0.90625,0.96875
WE_top32,0,31,0.9472498071731585,0.9375,0.9375,0.96875
WE_top32,0,32,0.973908118010027,0.96875,0.96875,1.0
WE_top32,0,33,0.9785841689163132,0.96875,0.96875,1.0
WE_top32,0,34,0.9839230620902429,1.0,0.96875,1.0
WE_top32,0,35,0.9428268414963363,0.96875,0.90625,0.96875
WE_top32,0,36,0.5742985923640571,0.5625,0.5,0.65625
WE_top32,1,1,0.9429458469055375,0.9375,0.9375,0.96875
WE_top32,1,2,0.8523412052117264,0.875,0.8125,0.90625
WE_top32,1,3,0.9073722516286645,0.90625,0.875,0.9375
WE_top32,1,4,0.9074918566775244,0.90625,0.875,0.9375
WE_top32,1,5,0.9239082858306189,0.9375,0.90625,0.96875
WE_top32,1,6,0.9523284812703583,0.96875,0.9375,0.96875
WE_top32,1,7,0.9668795806188925,0.96875,0.96875,1.0
WE_top32,1,8,0.9647928542345277,0.96875,0.9375,0.96875
WE_top32,1,9,0.9694040105863192,0.96875,0.96875,1.0
WE_top32,1,10,0.918067996742671,0.9375,0.875,0.96875
WE_top32,1,11,0.9579931799674267,0.96875,0.9375,0.96875
WE_top32,1,12,0.9554051302931597,0.96875,0.9375,0.96875
WE_top32,1,13,0.9653450732899023,0.96875,0.9375,0.96875
WE_top32,1,14,0.9718266490228012,0.96875,0.96875,1.0
WE_top32,1,15,0.9683148412052117,0.96875,0.96875,1.0
WE_top32,1,16,0.9690782776872964,0.96875,0.96875,1.0
WE_top32,1,17,0.9680094666123779,0.96875,0.96875,1.0
WE_top32,1,18,0.9732491856677524,0.96875,0.96875,1.0
WE_top32,1,19,0.9717019543973942,0.96875,0.96875,1.0
WE_top32,1,20,0.9709665105863192,0.96875,0.96875,1.0
WE_top32,1,21,0.9739439128664495,0.96875,0.96875,1.0
WE_top32,1,22,0.9758499592833876,0.96875,0.96875,1.0
WE_top32,1,23,0.9645485545602606,0.96875,0.9375,0.96875
WE_top32,1,24,0.9660881514657981,0.96875,0.9375,0.96875
WE_top32,1,25,0.9458672638436482,0.9375,0.9375,0.96875
WE_top32,1,26,0.9750839780130293,0.96875,0.96875,1.0
WE_top32,1,27,0.9736741653094463,0.96875,0.96875,1.0
WE_top32,1,28,0.9464194828990228,0.9375,0.9375,0.96875
WE_top32,1,29,0.9650269747557003,0.96875,0.9375,0.96875
WE_top32,1,30,0.9328048656351792,0.9375,0.90625,0.96875
WE_top32,1,31,0.9424368892508144,0.9375,0.9375,0.96875
WE_top32,1,32,0.9717070439739414,0.96875,0.96875,1.0
WE_top32,1,33,0.9785067182410423,0.96875,0.96875,1.0
WE_top32,1,34,0.98326292752443,1.0,0.96875,1.0
WE_top32,1,35,0.9461802728013029,0.96875,0.9375,0.96875
WE_top32,1,36,0.5994070643322476,0.59375,0.53125,0.65625
WE_tv,0,1,0.04873055,0.04504017,0.037163328379392624,0.05573710799217224
WE_tv,0,2,0.09485002,0.079064704,0.06409072875976562,0.11147021502256393
WE_tv,0,3,0.074529536,0.06729956,0.05795801803469658,0.07976546138525009
WE_tv,0,4,0.06866318,0.06051621,0.04954187944531441,0.07784290611743927
WE_tv,0,5,0.06215989,0.057190623,0.0469093844294548,0.0718076229095459
WE_tv,0,6,0.045137476,0.04357135,0.035985738039016724,0.05283626914024353
WE_tv,0,7,0.03389867,0.030911118,0.02568681910634041,0.038441307842731476
WE_tv,0,8,0.03082409,0.02822468,0.023248448967933655,0.03516145050525665
WE_tv,0,9,0.031047681,0.028649699,0.023021861910820007,0.036295440047979355
WE_tv,0,10,0.09179649,0.086126015,0.06385098397731781,0.11548535525798798
WE_tv,0,11,0.03774204,0.032617226,0.025003820657730103,0.04573621600866318
WE_tv,0,12,0.052281953,0.048105888,0.03466271609067917,0.06532054394483566
WE_tv,0,13,0.031014318,0.02876767,0.023788493126630783,0.034954216331243515
WE_tv,0,14,0.033298,0.031513654,0.02649616450071335,0.038245607167482376
WE_tv,0,15,0.03415976,0.031852983,0.025807036086916924,0.040425270795822144
WE_tv,0,16,0.042574067,0.040910747,0.03478502482175827,0.048538267612457275
WE_tv,0,17,0.034426983,0.033022013,0.028268683701753616,0.038763489574193954
WE_tv,0,18,0.040485647,0.039336734,0.0335952565073967,0.04608568176627159
WE_tv,0,19,0.037602328,0.035474595,0.02920236624777317,0.04308251291513443
WE_tv,0,20,0.035243142,0.03268167,0.02685837633907795,0.04071451351046562
WE_tv,0,21,0.04431624,0.04246115,0.034311290830373764,0.05230821296572685
WE_tv,0,22,0.03278922,0.030026145,0.02378152497112751,0.0387289822101593
WE_tv,0,23,0.035730008,0.032962836,0.02732589654624462,0.041152432560920715
WE_tv,0,24,0.0436834,0.0416538,0.033086132258176804,0.051207348704338074
WE_tv,0,25,0.07099888,0.068084426,0.05555778741836548,0.08317380398511887
WE_tv,0,26,0.029041937,0.026442934,0.020931338891386986,0.03370194882154465
WE_tv,0,27,0.03824601,0.034049302,0.02630108967423439,0.045338742434978485
WE_tv,0,28,0.06105085,0.059646826,0.04856172949075699,0.07208949327468872
WE_tv,0,29,0.044749863,0.041915294,0.033565718680620193,0.05185611546039581
WE_tv,0,30,0.09099771,0.085109755,0.06335011124610901,0.1135496199131012
WE_tv,0,31,0.058084097,0.050500702,0.03734273090958595,0.06850894540548325
WE_tv,0,32,0.031366464,0.025152039,0.01840607449412346,0.03644156455993652
WE_tv,0,33,0.027220061,0.023244753,0.017109589651226997,0.03324897214770317
WE_tv,0,34,0.0259694,0.017904986,0.013342318125069141,0.02931555174291134
WE_tv,0,35,0.067832835,0.05560341,0.03732050582766533,0.08837300539016724
WE_tv,0,36,0.39518002,0.40080634,0.3587729036808014,0.4397200345993042
WE_tv,1,1,0.050243627,0.047647208,0.03884127363562584,0.05811040289700031
WE_tv,1,2,0.097486965,0.08247328,0.06538359634578228,0.11626452580094337
WE_tv,1,3,0.07544826,0.0688976,0.058926645666360855,0.08323541469871998
WE_tv,1,4,0.06953791,0.06037526,0.04983844514936209,0.08058519475162029
WE_tv,1,5,0.063746884,0.0590314,0.04843896720558405,0.07348276861011982
WE_tv,1,6,0.044689853,0.043364197,0.03664885647594929,0.05127705540508032
WE_tv,1,7,0.03421124,0.029953213,0.024487465154379606,0.038737800903618336
WE_tv,1,8,0.030999584,0.027815282,0.022032354958355427,0.03628114238381386
WE_tv,1,9,0.03308583,0.03062822,0.02402176707983017,0.039196547120809555
WE_tv,1,10,0.089490086,0.080971375,0.05562658328562975,0.11646517924964428
WE_tv,1,11,0.039812334,0.03422346,0.02463082456961274,0.04959406331181526
WE_tv,1,12,0.050751623,0.044884443,0.030722142197191715,0.06642859429121017
WE_tv,1,13,0.031951036,0.029276166,0.02430683746933937,0.03591265343129635
WE_tv,1,14,0.03553979,0.033718023,0.027847392950206995,0.04121183790266514
WE_tv,1,15,0.035151567,0.03145718,0.025278073735535145,0.04088973440229893
WE_tv,1,16,0.042756997,0.041716624,0.035690885968506336,0.0484379418194294
WE_tv,1,17,0.03372327,0.032365456,0.028201141394674778,0.037447333335876465
WE_tv,1,18,0.04031265,0.039157413,0.0339834950864315,0.04533540643751621
WE_tv,1,19,0.038285714,0.036448646,0.030742052476853132,0.044113616459071636
WE_tv,1,20,0.038324036,0.0355127,0.029615350998938084,0.043404177762568
WE_tv,1,21,0.04617262,0.044473164,0.037251127883791924,0.05363885685801506
WE_tv,1,22,0.039046098,0.034932207,0.02764083631336689,0.04626266844570637
WE_tv,1,23,0.031798728,0.030264255,0.02594933472573757,0.035716161131858826
WE_tv,1,24,0.051442128,0.04956604,0.04045169334858656,0.06079482194036245
WE_tv,1,25,0.06434114,0.06168535,0.05179855413734913,0.07367767952382565
WE_tv,1,26,0.030139456,0.028170384,0.022578925359994173,0.03541134390980005
WE_tv,1,27,0.036619373,0.03216853,0.02473446913063526,0.04275473579764366
WE_tv,1,28,0.06103227,0.06007989,0.05040272790938616,0.07063044421374798
WE_tv,1,29,0.050479356,0.048785456,0.03873375803232193,0.05972497258335352
WE_tv,1,30,0.09378209,0.08914529,0.06316589936614037,0.11849319562315941
WE_tv,1,31,0.06830031,0.0562409,0.04038938321173191,0.08514263853430748
WE_tv,1,32,0.046133656,0.03629894,0.023519705515354872,0.060353877022862434
WE_tv,1,33,0.029018804,0.023661088,0.017300691455602646,0.0347602479159832
WE_tv,1,34,0.02970002,0.020017948,0.014432853320613503,0.03512162156403065
WE_tv,1,35,0.060698375,0.054232486,0.03982365969568491,0.07438528165221214
WE_tv,1,36,0.39141902,0.39703435,0.35815103352069855,0.4312412440776825
WC_js,0,1,0.0041980767,0.004048907,0.0029303806368261576,0.005268408916890621
WC_js,0,2,0.023065677,0.022106357,0.01857847161591053,0.026698380708694458
WC_js,0,3,0.0027088204,0.0024727753,0.0020337507594376802,0.0030652836430817842
WC_js,0,4,0.0016741203,0.0015435839,0.001191482413560152,0.001995661063119769
WC_js,0,5,0.0014033485,0.0013153859,0.0010060608619824052,0.0017243358306586742
WC_js,0,6,0.00081330864,0.0007123521,0.0005116166430525482,0.0010185815626755357
WC_js,0,7,0.0005800292,0.00041977767,0.00027292026788927615,0.0006615649326704443
WC_js,0,8,0.0005919126,0.00041331784,0.0002727973333094269,0.000651005539111793
WC_js,0,9,0.0008424018,0.00068344193,0.00047292333329096437,0.0010120280785486102
WC_js,0,10,0.006282626,0.005287969,0.00335727003403008,0.008189980871975422
WC_js,0,11,0.0011178771,0.00081781094,0.0005521718412637711,0.001351787243038416
WC_js,0,12,0.0023530256,0.001864004,0.001057898160070181,0.0031469042878597975
WC_js,0,13,0.00094366976,0.00076212187,0.0005601302837021649,0.0010302740847691894
WC_js,0,14,0.0010220285,0.00080667326,0.0005680461181327701,0.0012283935211598873
WC_js,0,15,0.0010604158,0.0009334852,0.0006675850600004196,0.001318473252467811
WC_js,0,16,0.0025227226,0.00214981,0.0014651045203208923,0.0031104451045393944
WC_js,0,17,0.0008991529,0.0007976507,0.0006165009108372033,0.0010651896009221673
WC_js,0,18,0.001327025,0.0011476985,0.000841186847537756,0.001596040790900588
WC_js,0,19,0.0013645563,0.0011632598,0.0007976445485837758,0.0016810436500236392
WC_js,0,20,0.0011081826,0.0008796329,0.0005945712327957153,0.0013389361556619406
WC_js,0,21,0.0015601481,0.001261652,0.0008323158253915608,0.002008584560826421
WC_js,0,22,0.0006908623,0.00049497356,0.00032622821163386106,0.0008285463554784656
WC_js,0,23,0.00075615634,0.0005581852,0.00039295011083595455,0.0008436897187493742
WC_js,0,24,0.0018366921,0.0015176816,0.0010630235774442554,0.002218787558376789
WC_js,0,25,0.0044819117,0.003912665,0.0028223800472915173,0.005530568305402994
WC_js,0,26,0.00080139365,0.0005510069,0.00034351402428001165,0.0009397395770065486
WC_js,0,27,0.0014328513,0.0009782449,0.0005610593361780047,0.0017482411349192262
WC_js,0,28,0.0018040158,0.0015978859,0.001118120620958507,0.0022327059414237738
WC_js,0,29,0.0016645744,0.001286282,0.0008934012148529291,0.0019445671932771802
WC_js,0,30,0.0074777137,0.005885394,0.003249309491366148,0.01003064215183258
WC_js,0,31,0.004047542,0.0026160767,0.0016566632548347116,0.004479819908738136
WC_js,0,32,0.0013562244,0.0004973354,0.0002747889084275812,0.0013852202100679278
WC_js,0,33,0.00088047044,0.000496794,0.0002731298445723951,0.001051484257914126
WC_js,0,34,0.0016607109,0.00031614114,0.000165815552463755,0.0009848662884905934
WC_js,0,35,0.015957695,0.013193434,0.007656600791960955,0.02122645080089569
WC_js,0,36,0.098446265,0.100345194,0.08384722471237183,0.11470335721969604
WC_js,1,1,0.004545892,0.004497093,0.0032107909210026264,0.005721271503716707
WC_js,1,2,0.021742191,0.020864211,0.01724758232012391,0.025265737436711788
WC_js,1,3,0.00279148,0.0025747768,0.0021172784036025405,0.003159564861562103
WC_js,1,4,0.001731572,0.0015962191,0.001256386109162122,0.002047788293566555
WC_js,1,5,0.001277554,0.0011985644,0.0009183089568978176,0.0015484908653888851
WC_js,1,6,0.0007727954,0.00067132094,0.0005042008851887658,0.0009488364739809185
WC_js,1,7,0.00065306365,0.0003980596,0.00026029269793070853,0.0006845539028290659
WC_js,1,8,0.0005934601,0.00040096452,0.000260159358731471,0.0006781568663427606
WC_js,1,9,0.0009833683,0.00079110975,0.0005200785817578435,0.0012059006548952311
WC_js,1,10,0.0064024986,0.004966913,0.0029731119866482913,0.008502939250320196
WC_js,1,11,0.0012607288,0.0008902579,0.0005359604401746765,0.0015640600468032062
WC_js,1,12,0.0022781505,0.0016435918,0.0008662280160933733,0.003169442468788475
WC_js,1,13,0.0009193964,0.00077191147,0.0005749747506342828,0.001034551503835246
WC_js,1,14,0.0012440874,0.0009838773,0.0006452773668570444,0.001570339489262551
WC_js,1,15,0.001060373,0.00088210497,0.0006251035665627569,0.0012633783044293523
WC_js,1,16,0.002445191,0.0021054768,0.0015118303417693824,0.002951170492451638
WC_js,1,17,0.00085095305,0.0007611326,0.0006004821043461561,0.0009852898365352303
WC_js,1,18,0.0013375999,0.0011927427,0.0008691303810337558,0.001643467549001798
WC_js,1,19,0.0013253996,0.001137559,0.0008127157489070669,0.0016317827685270458
WC_js,1,20,0.001307865,0.0009997204,0.0006951644172659144,0.001488675072323531
WC_js,1,21,0.00164525,0.0014338212,0.0009872985247056931,0.002089692745357752
WC_js,1,22,0.0010460416,0.00069778634,0.00043934924178756773,0.0012158771569374949
WC_js,1,23,0.00061857136,0.0004939474,0.00037995698949089274,0.0006780218973290175
WC_js,1,24,0.0023652813,0.0020913118,0.0014648926735389978,0.002955382107757032
WC_js,1,25,0.0038803827,0.0034390036,0.002538006578106433,0.0046904548071324825
WC_js,1,26,0.00074569206,0.000553571,0.0003669735378935002,0.0008713757124496624
WC_js,1,27,0.0012946033,0.00085186766,0.00048728786350693554,0.0015090772067196667
WC_js,1,28,0.001764156,0.0015707983,0.0011267196096014231,0.0021683197119273245
WC_js,1,29,0.0017919651,0.0014818204,0.0009862844890449196,0.0022117638727650046
WC_js,1,30,0.008071014,0.006492961,0.0033166755456477404,0.010916553903371096
WC_js,1,31,0.005259337,0.0031539937,0.0017997431568801403,0.006496150745078921
WC_js,1,32,0.0025496662,0.0013436804,0.00048671312106307596,0.0033109524520114064
WC_js,1,33,0.0011227345,0.0005548935,0.0002654613563208841,0.001247964013600722
WC_js,1,34,0.0018437325,0.00037781242,0.00018358120723860338,0.0015870347269810736
WC_js,1,35,0.015330383,0.012699362,0.00782790663652122,0.01993428310379386
WC_js,1,36,0.09588695,0.09691048,0.08306719176471233,0.10983400046825409
WC_spearman,0,1,0.9840440467282352,0.9861558461760687,0.978989447954965,0.9910003444482717
WC_spearman,0,2,0.8806468765893422,0.886523333934653,0.8537592639918221,0.9142694533508393
WC_spearman,0,3,0.9872459781828983,0.9883958228785813,0.9844583499755912,0.9912101245569396
WC_spearman,0,4,0.9953292607651386,0.9956774508498645,0.9944539461780839,0.996646061432524
WC_spearman,0,5,0.9960751217241753,0.9965809211297315,0.9951435330745674,0.9975426393626596
WC_spearman,0,6,0.99769578360776,0.9979390882120912,0.9972211295879337,0.9984241915276396
WC_spearman,0,7,0.9982213146563383,0.998560428449205,0.9978823617177115,0.9990455024937782
WC_spearman,0,8,0.9984201348270959,0.9985924288047645,0.99801908910099,0.9990097269424585
WC_spearman,0,9,0.9979832759800082,0.9981577573084145,0.9975714251576319,0.9985879843109368
WC_spearman,0,10,0.9920169089242125,0.9926625851398349,0.9900212224580273,0.9947660933727586
WC_spearman,0,11,0.9975295134385365,0.9978199718706048,0.9970275713591223,0.9984112191008742
WC_spearman,0,12,0.9963972494707382,0.9968838865390588,0.9954876437635056,0.9978131219510529
WC_spearman,0,13,0.9977908566391597,0.9979493105478949,0.9973684152046134,0.9984155379504217
WC_spearman,0,14,0.9991329204147951,0.9992161923196404,0.9989733219257991,0.9993921205263187
WC_spearman,0,15,0.9972710457236914,0.9975110544448362,0.9967532972588584,0.9981057567306303
WC_spearman,0,16,0.9988881507697548,0.9989884332048133,0.9986720331547916,0.9992099123782655
WC_spearman,0,17,0.9984905426480684,0.998624429160324,0.9982270914121268,0.9989048540772677
WC_spearman,0,18,0.9989348841400303,0.9990062111801242,0.9987536284172721,0.9992039199481694
WC_spearman,0,19,0.9987785640507799,0.9988775437051297,0.9985351165124922,0.9991403982312889
WC_spearman,0,20,0.9973436528609244,0.9977633054518145,0.9968150757230636,0.998346697621476
WC_spearman,0,21,0.9990551032626503,0.9991499646672058,0.9988897654418383,0.9993271036344848
WC_spearman,0,22,0.9991959009145753,0.9992994889546613,0.9990328459042624,0.9994693274369715
WC_spearman,0,23,0.9984440540775321,0.9986217624640273,0.9981367498608876,0.9989208768986322
WC_spearman,0,24,0.9980450934511043,0.9982597861908208,0.9976363602272512,0.9987110967899643
WC_spearman,0,25,0.996123057498704,0.9964446057021946,0.9954207195593576,0.997182252354666
WC_spearman,0,26,0.9989883017399038,0.9991291798546993,0.9988026533628152,0.9993425027907785
WC_spearman,0,27,0.9990357000627137,0.9991376749997438,0.9988439871554128,0.9993500131431164
WC_spearman,0,28,0.9968148063707672,0.9971310454069073,0.9960444101874477,0.9979399771108568
WC_spearman,0,29,0.9971518225200239,0.9974444319271903,0.996467050928891,0.9981383772346255
WC_spearman,0,30,0.9966880913068256,0.9972946366070734,0.9960502374295476,0.9980832002222378
WC_spearman,0,31,0.9980161148708584,0.9983845914880396,0.997720998627898,0.9988051712189642
WC_spearman,0,32,0.9993330075182756,0.999416240795551,0.9992175578382473,0.9995429491482702
WC_spearman,0,33,0.9993792275392821,0.9994565235944545,0.9992749096197371,0.9995780547504683
WC_spearman,0,34,0.9994345528694929,0.9995306614517939,0.9993355481727575,0.9996613513854892
WC_spearman,0,35,0.9541277286798767,0.957285744070595,0.9428809893080452,0.9685138112184376
WC_spearman,0,36,0.8248196815079458,0.8333651625896281,0.7892176579739775,0.8696025511394571
WC_spearman,1,1,0.9840031848006592,0.985966955188391,0.9792520585845593,0.9906247826233707
WC_spearman,1,2,0.8930789350563209,0.8986699848768813,0.8663184594219075,0.9270094794397403
WC_spearman,1,3,0.9892541286401773,0.9903908820567435,0.9873214146823853,0.9926593565305604
WC_spearman,1,4,0.995562530012567,0.9958714320877424,0.9946704963388482,0.996814209433365
WC_spearman,1,5,0.996833149381511,0.9972582908984994,0.9961911645647606,0.9979448944966185
WC_spearman,1,6,0.9980675644753835,0.998266425182502,0.9976994982040133,0.998677096828859
WC_spearman,1,7,0.9985591162359687,0.9988697652196136,0.9982767586306515,0.999233962660402
WC_spearman,1,8,0.9985810997839648,0.9987675806594254,0.998239163756405,0.9991349833471794
WC_spearman,1,9,0.9981820105637407,0.9983649139998799,0.9977645611156684,0.9988117162894341
WC_spearman,1,10,0.9920420935032505,0.9928436987841447,0.9900581117567973,0.9950001536208432
WC_spearman,1,11,0.9975583652880077,0.9979368659651774,0.9969884551729236,0.9985754777052118
WC_spearman,1,12,0.996832326884401,0.9972997477749752,0.9959569142774051,0.998228091423238
WC_spearman,1,13,0.997901500693112,0.9980790628286548,0.9975075421569812,0.9984859642869757
WC_spearman,1,14,0.9991286527515778,0.9992088800986678,0.9989635440393783,0.9993863705133874
WC_spearman,1,15,0.9975936737645311,0.9977844460603079,0.997077778962999,0.9983450714258566
WC_spearman,1,16,0.9988067650888599,0.9988952954470194,0.9985844774307958,0.9991335784439231
WC_spearman,1,17,0.9985990346517275,0.9986945273111221,0.9983672652795486,0.9989383092831368
WC_spearman,1,18,0.998955533364075,0.9990243369553713,0.9987825322942647,0.9992057689529884
WC_spearman,1,19,0.9988523786380248,0.9989371326451623,0.9986350959455105,0.9991726607018162
WC_spearman,1,20,0.9977297975494368,0.9980142001577795,0.9972580386373489,0.9985112171054084
WC_spearman,1,21,0.9991532616797216,0.999214304787263,0.9990113645286057,0.9993628314440911
WC_spearman,1,22,0.9992730354753651,0.9993501215775402,0.9991369922404404,0.9994995499949999
WC_spearman,1,23,0.9985324842639843,0.9986419810921741,0.9982672137668983,0.998924084637351
WC_spearman,1,24,0.9977734375761942,0.9980248239443148,0.9972149275304674,0.9985958293016437
WC_spearman,1,25,0.9966920222397777,0.9969147117631962,0.9960825491343952,0.9975645975645974
WC_spearman,1,26,0.9990751808518584,0.9991737937843055,0.9988996277103923,0.9993719930221447
WC_spearman,1,27,0.9992209741818894,0.9993141474090059,0.9990705127126451,0.9994940753561442
WC_spearman,1,28,0.9975022441314365,0.9977754682200208,0.9969531883687597,0.9983673295860247
WC_spearman,1,29,0.997911391407474,0.9981710907898976,0.9974263072219908,0.9987053613011564
WC_spearman,1,30,0.9967530731034535,0.9974241936021511,0.9959549336195896,0.9983379300664671
WC_spearman,1,31,0.9980276585492934,0.9985555493063709,0.9977451971688575,0.9989818263176932
WC_spearman,1,32,0.9992793650511383,0.999387104301159,0.9991636014553624,0.9995282133213166
WC_spearman,1,33,0.9994160043224373,0.9994968832987033,0.9993193503031655,0.9996162892714615
WC_spearman,1,34,0.9994481203185621,0.9995432340259924,0.9993404545128681,0.9996688930080435
WC_spearman,1,35,0.9569447255529792,0.9599288883748978,0.9466839695754307,0.9704858515203342
WC_spearman,1,36,0.8540947528628815,0.8636532859963313,0.8260772031428563,0.8921581955998469
WC_top32,0,1,0.9194827419976861,0.9375,0.90625,0.9375
WC_top32,0,2,0.732464809101427,0.71875,0.6875,0.78125
WC_top32,0,3,0.9138546085615118,0.90625,0.875,0.9375
WC_top32,0,4,0.9347883725414577,0.9375,0.90625,0.96875
WC_top32,0,5,0.9459120709602776,0.9375,0.9375,0.96875
WC_top32,0,6,0.9628446779791747,0.96875,0.9375,0.96875
WC_top32,0,7,0.9710277670651755,0.96875,0.96875,1.0
WC_top32,0,8,0.9691838603933668,0.96875,0.96875,1.0
WC_top32,0,9,0.9690512919398381,0.96875,0.96875,1.0
WC_top32,0,10,0.9149995179328962,0.90625,0.875,0.9375
WC_top32,0,11,0.9602776706517547,0.96875,0.9375,0.96875
WC_top32,0,12,0.9545651754724258,0.96875,0.9375,0.96875
WC_top32,0,13,0.9629290397223293,0.96875,0.9375,0.96875
WC_top32,0,14,0.9722449865021211,0.96875,0.96875,1.0
WC_top32,0,15,0.9665083879676051,0.96875,0.9375,0.96875
WC_top32,0,16,0.9704733898958735,0.96875,0.96875,1.0
WC_top32,0,17,0.9693405322020825,0.96875,0.96875,1.0
WC_top32,0,18,0.9753784226764366,0.96875,0.96875,1.0
WC_top32,0,19,0.974185306594678,0.96875,0.96875,1.0
WC_top32,0,20,0.9718834361743155,0.96875,0.96875,1.0
WC_top32,0,21,0.9769571924411878,0.96875,0.96875,1.0
WC_top32,0,22,0.9806570574623987,0.96875,0.96875,1.0
WC_top32,0,23,0.9693766872348631,0.96875,0.96875,1.0
WC_top32,0,24,0.9700756845352874,0.96875,0.96875,1.0
WC_top32,0,25,0.9365840725028924,0.9375,0.90625,0.96875
WC_top32,0,26,0.9764389703046664,0.96875,0.96875,1.0
WC_top32,0,27,0.9744383918241419,0.96875,0.96875,1.0
WC_top32,0,28,0.9560595834940223,0.96875,0.9375,0.96875
WC_top32,0,29,0.95954251831855,0.96875,0.9375,0.96875
WC_top32,0,30,0.9364274006941766,0.9375,0.90625,0.96875
WC_top32,0,31,0.9381748939452372,0.9375,0.90625,0.96875
WC_top32,0,32,0.9744022367913614,0.96875,0.96875,1.0
WC_top32,0,33,0.9784154454300038,0.96875,0.96875,1.0
WC_top32,0,34,0.9834168916313151,1.0,0.96875,1.0
WC_top32,0,35,0.8669133243347474,0.875,0.8125,0.9375
WC_top32,0,36,0.5658021596606247,0.5625,0.5,0.625
WC_top32,1,1,0.917419075732899,0.90625,0.90625,0.9375
WC_top32,1,2,0.7501119706840391,0.75,0.6875,0.8125
WC_top32,1,3,0.9252773819218241,0.9375,0.90625,0.96875
WC_top32,1,4,0.9372302524429967,0.9375,0.90625,0.96875
WC_top32,1,5,0.953389657980456,0.96875,0.9375,0.96875
WC_top32,1,6,0.9659380089576547,0.96875,0.9375,0.96875
WC_top32,1,7,0.975562398208469,0.96875,0.96875,1.0
WC_top32,1,8,0.9719793363192183,0.96875,0.96875,1.0
WC_top32,1,9,0.969828990228013,0.96875,0.96875,1.0
WC_top32,1,10,0.9157217019543974,0.90625,0.875,0.9375
WC_top32,1,11,0.9614057410423453,0.96875,0.9375,0.96875
WC_top32,1,12,0.955985342019544,0.96875,0.9375,0.96875
WC_top32,1,13,0.964777585504886,0.96875,0.9375,0.96875
WC_top32,1,14,0.9721574714983713,0.96875,0.96875,1.0
WC_top32,1,15,0.96751832247557,0.96875,0.96875,1.0
WC_top32,1,16,0.9691800692182411,0.96875,0.96875,1.0
WC_top32,1,17,0.9685591408794788,0.96875,0.96875,1.0
WC_top32,1,18,0.9744401465798046,0.96875,0.96875,1.0
WC_top32,1,19,0.9724017711726385,0.96875,0.96875,1.0
WC_top32,1,20,0.9719106270358306,0.96875,0.96875,1.0
WC_top32,1,21,0.9760611767100977,0.96875,0.96875,1.0
WC_top32,1,22,0.9788578990228013,0.96875,0.96875,1.0
WC_top32,1,23,0.971709588762215,0.96875,0.96875,1.0
WC_top32,1,24,0.9664647801302931,0.96875,0.9375,0.96875
WC_top32,1,25,0.9411873982084691,0.9375,0.90625,0.96875
WC_top32,1,26,0.9775651465798045,0.96875,0.96875,1.0
WC_top32,1,27,0.9755929356677524,0.96875,0.96875,1.0
WC_top32,1,28,0.9598865024429968,0.96875,0.9375,0.96875
WC_top32,1,29,0.9665843851791531,0.96875,0.9375,1.0
WC_top32,1,30,0.9319778094462541,0.9375,0.90625,0.96875
WC_top32,1,31,0.9339576547231271,0.9375,0.90625,0.96875
WC_top32,1,32,0.9715619910423453,0.96875,0.96875,1.0
WC_top32,1,33,0.9779774022801303,0.96875,0.96875,1.0
WC_top32,1,34,0.9831967630293159,1.0,0.96875,1.0
WC_top32,1,35,0.8708061889250814,0.875,0.8125,0.9375
WC_top32,1,36,0.5896757939739413,0.59375,0.53125,0.65625
WC_tv,0,1,0.06941225,0.069206804,0.05601632595062256,0.08165222406387329
WC_tv,0,2,0.17613132,0.17407894,0.15743419528007507,0.19347792863845825
WC_tv,0,3,0.05808756,0.05626726,0.05050009861588478,0.06314335018396378
WC_tv,0,4,0.046389792,0.044805367,0.03873363137245178,0.05220228061079979
WC_tv,0,5,0.041868158,0.04094213,0.035472553223371506,0.04768574237823486
WC_tv,0,6,0.030685546,0.029255122,0.024374399334192276,0.03577683866024017
WC_tv,0,7,0.024214545,0.021959236,0.01758056879043579,0.027918199077248573
WC_tv,0,8,0.023547543,0.021044826,0.01717725768685341,0.02613130956888199
WC_tv,0,9,0.030739745,0.028719537,0.023419668897986412,0.03574672341346741
WC_tv,0,10,0.09110778,0.08827468,0.0666271448135376,0.11310683935880661
WC_tv,0,11,0.034765348,0.031125547,0.0244310200214386,0.04127642139792442
WC_tv,0,12,0.05072435,0.04654055,0.034040648490190506,0.06342948228120804
WC_tv,0,13,0.032009546,0.030255914,0.025461843237280846,0.03625750541687012
WC_tv,0,14,0.036518086,0.033722214,0.027403339743614197,0.04272870346903801
WC_tv,0,15,0.034524776,0.032999877,0.027262311428785324,0.04042993485927582
WC_tv,0,16,0.052261405,0.04885875,0.04000156745314598,0.06028083339333534
WC_tv,0,17,0.03401396,0.03265678,0.028087366372346878,0.038397327065467834
WC_tv,0,18,0.041156285,0.039544463,0.03356172516942024,0.047121524810791016
WC_tv,0,19,0.040090833,0.03799566,0.03106757625937462,0.04696153104305267
WC_tv,0,20,0.035244346,0.032640964,0.026280071586370468,0.04116421937942505
WC_tv,0,21,0.04609825,0.042769257,0.0338548943400383,0.055717870593070984
WC_tv,0,22,0.028857755,0.02588375,0.02015995979309082,0.03440678119659424
WC_tv,0,23,0.02809653,0.026021905,0.021604521200060844,0.03195907175540924
WC_tv,0,24,0.04633943,0.043800592,0.035073064267635345,0.05445926636457443
WC_tv,0,25,0.07438737,0.07151364,0.05833115056157112,0.08727632462978363
WC_tv,0,26,0.028628016,0.025714535,0.019797783344984055,0.03373144567012787
WC_tv,0,27,0.039754543,0.035430435,0.026460127905011177,0.04778291657567024
WC_tv,0,28,0.04690361,0.045289543,0.037156857550144196,0.055218104273080826
WC_tv,0,29,0.042665035,0.039792493,0.03173085302114487,0.04980797320604324
WC_tv,0,30,0.094031505,0.08781801,0.06423721462488174,0.11715713143348694
WC_tv,0,31,0.068854876,0.060878575,0.04646128788590431,0.08044107258319855
WC_tv,0,32,0.03274035,0.024938304,0.018144341185688972,0.038693465292453766
WC_tv,0,33,0.029837662,0.024628328,0.017747439444065094,0.0369098000228405
WC_tv,0,34,0.030215312,0.019855764,0.014191357418894768,0.03471996635198593
WC_tv,0,35,0.11934194,0.109648205,0.07455573976039886,0.1546938419342041
WC_tv,0,36,0.39034373,0.3989861,0.35778144001960754,0.4320423901081085
WC_tv,1,1,0.0730811,0.073296115,0.058941799215972424,0.08678961358964443
WC_tv,1,2,0.17053822,0.16896093,0.15110176801681519,0.18873169645667076
WC_tv,1,3,0.05886478,0.05738566,0.051282692700624466,0.06458530575037003
WC_tv,1,4,0.04749704,0.0460577,0.04004201106727123,0.053381750360131264
WC_tv,1,5,0.03978119,0.03915058,0.033811005763709545,0.044950381852686405
WC_tv,1,6,0.030410092,0.028735034,0.024415063206106424,0.03510641772300005
WC_tv,1,7,0.025063645,0.021534417,0.01724496530368924,0.028380187693983316
WC_tv,1,8,0.023766382,0.02102004,0.016953037586063147,0.027172566391527653
WC_tv,1,9,0.033559375,0.031237721,0.02467293757945299,0.0397503599524498
WC_tv,1,10,0.090790726,0.08421756,0.06277723982930183,0.11484873481094837
WC_tv,1,11,0.036407907,0.032385044,0.024160281755030155,0.044828025624156
WC_tv,1,12,0.04961751,0.043796435,0.03089434653520584,0.0642167441546917
WC_tv,1,13,0.032408446,0.030841928,0.026181448251008987,0.036442095413804054
WC_tv,1,14,0.040649813,0.03756248,0.02968144789338112,0.04869472701102495
WC_tv,1,15,0.03435135,0.03234071,0.026830053888261318,0.03941417392343283
WC_tv,1,16,0.05215689,0.049767785,0.04195472598075867,0.058884172700345516
WC_tv,1,17,0.032686923,0.031473942,0.027491527143865824,0.036445243284106255
WC_tv,1,18,0.041719757,0.040331393,0.03407381195574999,0.04777541197836399
WC_tv,1,19,0.03935582,0.03761602,0.03145052120089531,0.04534999933093786
WC_tv,1,20,0.039165825,0.035626892,0.028916546143591404,0.04463902581483126
WC_tv,1,21,0.04756065,0.045362372,0.03693060111254454,0.05623975954949856
WC_tv,1,22,0.035510514,0.030859582,0.024117611348628998,0.04199758358299732
WC_tv,1,23,0.025937555,0.024711344,0.02138308621942997,0.02883604308590293
WC_tv,1,24,0.054372523,0.05248811,0.04259639699012041,0.06411024183034897
WC_tv,1,25,0.06922378,0.066625655,0.05580452270805836,0.07955636270344257
WC_tv,1,26,0.027545411,0.025410792,0.02034784946590662,0.031909581273794174
WC_tv,1,27,0.037833456,0.03304159,0.02458153199404478,0.04506129119545221
WC_tv,1,28,0.047242522,0.04563771,0.037678783759474754,0.05514724459499121
WC_tv,1,29,0.046481606,0.044340797,0.034876637160778046,0.0552264042198658
WC_tv,1,30,0.09758698,0.09331642,0.06444810889661312,0.12453454919159412
WC_tv,1,31,0.07862243,0.06684204,0.04940215311944485,0.09762519970536232
WC_tv,1,32,0.04963015,0.039561264,0.02431549970060587,0.06562600657343864
WC_tv,1,33,0.032712523,0.025942009,0.017573578283190727,0.04077586717903614
WC_tv,1,34,0.033900723,0.021209382,0.014802088495343924,0.0415945490822196
WC_tv,1,35,0.116400726,0.107136756,0.0788690336048603,0.14438774436712265
WC_tv,1,36,0.38796636,0.39385417,0.3597625270485878,0.4229251369833946
EC_js,0,1,0.003324699,0.0026655707,0.0013266459573060274,0.004571952857077122
EC_js,0,2,0.023969872,0.022723934,0.018316444009542465,0.028364690020680428
EC_js,0,3,0.0035139453,0.0025978135,0.0019785789772868156,0.0034036950673907995
EC_js,0,4,0.0025113286,0.0016506674,0.0011567469919100404,0.0025720056146383286
EC_js,0,5,0.0020893924,0.0015274585,0.0010210671462118626,0.0025626886636018753
EC_js,0,6,0.00047432075,0.0004307796,0.00032509351149201393,0.000575801357626915
EC_js,0,7,0.0002247904,0.00018940796,0.00013063968799542636,0.00027632981073111296
EC_js,0,8,0.00015347802,0.00012322531,8.353132579941303e-05,0.00018535224080551416
EC_js,0,9,5.1042047e-05,3.962939e-05,2.739188857958652e-05,6.108897650847211e-05
EC_js,0,10,0.00014521417,0.000114403956,7.705543976044282e-05,0.00017700635362416506
EC_js,0,11,7.9679055e-05,5.2966792e-05,3.439244392211549e-05,8.939967665355653e-05
EC_js,0,12,5.4225988e-05,3.6513728e-05,2.3094647985999472e-05,5.9791167586809024e-05
EC_js,0,13,0.00012034846,9.0421774e-05,5.340305142453872e-05,0.00014902451948728412
EC_js,0,14,0.00014309348,7.030591e-05,3.79209486709442e-05,0.00016804337792564183
EC_js,0,15,6.032967e-05,3.8343685e-05,2.5933408323908225e-05,6.246030534384772e-05
EC_js,0,16,0.00043454024,0.0003365245,0.0001893249136628583,0.0005735813756473362
EC_js,0,17,9.001911e-05,6.118213e-05,3.989716788055375e-05,0.00010295910033164546
EC_js,0,18,0.000111829315,9.598144e-05,6.95824419381097e-05,0.00013457595196086913
EC_js,0,19,0.00013185923,0.00010239161,6.378768011927605e-05,0.0001656912500038743
EC_js,0,20,7.674918e-05,6.016033e-05,4.174332207185216e-05,8.864470146363601e-05
EC_js,0,21,7.1142036e-05,4.7074554e-05,2.924034015450161e-05,8.536744280718267e-05
EC_js,0,22,6.5971966e-05,4.82063e-05,3.183067019563168e-05,7.616991933900863e-05
EC_js,0,23,0.00015662551,0.0001417045,0.00010220480180578306,0.0001927205448737368
EC_js,0,24,0.00010469273,7.789705e-05,4.768588405568153e-05,0.0001318061986239627
EC_js,0,25,0.00016893825,0.0001362793,9.765199501998723e-05,0.00020523298007901758
EC_js,0,26,0.000117865384,9.951503e-05,5.8068599173566326e-05,0.00015704066026955843
EC_js,0,27,7.915503e-05,6.1733146e-05,4.080403959960677e-05,9.919983131112531e-05
EC_js,0,28,0.00032566368,0.00028322375,0.00020516218501143157,0.00039692004793323576
EC_js,0,29,0.00010522381,8.797862e-05,6.189609848661348e-05,0.00012467346095945686
EC_js,0,30,0.00021876824,0.00014965197,8.695209544384852e-05,0.0002670112007763237
EC_js,0,31,0.0002440809,0.00019171865,0.00012329508899711072,0.00029607192846015096
EC_js,0,32,5.3915934e-05,2.7291038e-05,1.5776404325151816e-05,6.0218175349291414e-05
EC_js,0,33,3.814274e-05,2.3259116e-05,1.1761302630475257e-05,4.9203154048882425e-05
EC_js,0,34,8.246317e-05,3.1089978e-05,1.8387470845482312e-05,6.217853660928085e-05
EC_js,0,35,0.0048617655,0.004234702,0.0024946422781795263,0.006850193254649639
EC_js,0,36,0.005463337,0.0043220953,0.002828415483236313,0.006961079780012369
EC_js,1,1,0.0037472101,0.0030581714,0.0014246511564124376,0.005574822425842285
EC_js,1,2,0.022982128,0.021547524,0.017221814952790737,0.02725428994745016
EC_js,1,3,0.003330399,0.0025310502,0.0019311657815705985,0.003434582322370261
EC_js,1,4,0.0022936712,0.0014319604,0.0009859662968665361,0.0024930541403591633
EC_js,1,5,0.002108257,0.0016069377,0.0010688772599678487,0.0026268342626281083
EC_js,1,6,0.00043432345,0.0003991102,0.0003004709360538982,0.0005285757215460762
EC_js,1,7,0.00021061608,0.0001598594,0.00011262638145126402,0.00024022741490625776
EC_js,1,8,0.00014005974,0.000106688996,7.007534441072494e-05,0.0001732050150167197
EC_js,1,9,5.5945136e-05,4.5036664e-05,3.0044526738493005e-05,6.77790758345509e-05
EC_js,1,10,0.0001461954,0.00011833735,8.039487693167757e-05,0.00017954175928025506
EC_js,1,11,9.58538e-05,5.7945555e-05,3.531213315000059e-05,0.00010604797716950998
EC_js,1,12,6.403775e-05,4.0724583e-05,2.5059551262529567e-05,7.320517397602089e-05
EC_js,1,13,0.00013756091,9.045299e-05,4.722688754554838e-05,0.00016990806034300476
EC_js,1,14,0.00014563269,7.919849e-05,4.2188229599560145e-05,0.00017547300740261562
EC_js,1,15,9.265276e-05,5.4477627e-05,3.369422938703792e-05,0.00010020448098657653
EC_js,1,16,0.00041397207,0.00033584103,0.00019521837748470716,0.0005380802467698231
EC_js,1,17,9.7380456e-05,7.015097e-05,4.4153720409667585e-05,0.00011881476712005679
EC_js,1,18,0.00011256059,9.558033e-05,6.708549699396826e-05,0.00013655950533575378
EC_js,1,19,0.00012150317,9.608017e-05,6.761388249287847e-05,0.00014396125698112883
EC_js,1,20,7.627991e-05,5.9697253e-05,4.2815133383555803e-05,8.86610632733209e-05
EC_js,1,21,6.5609885e-05,4.5855377e-05,3.0017892640898935e-05,7.50742074160371e-05
EC_js,1,22,5.685715e-05,4.5119297e-05,3.1230913918989245e-05,6.665695218543988e-05
EC_js,1,23,0.00012976635,0.0001152617,8.581418478570413e-05,0.0001566231803735718
EC_js,1,24,0.000108868,8.6173735e-05,5.526639688469004e-05,0.00013566512643592432
EC_js,1,25,0.00016287256,0.00014064451,0.000101933192127035,0.00019596415222622454
EC_js,1,26,0.00014141326,0.00012843375,8.300294393848162e-05,0.00018273567184223793
EC_js,1,27,7.5367374e-05,5.8480495e-05,3.997355543106096e-05,9.08202346181497e-05
EC_js,1,28,0.0003120403,0.00028942706,0.000222220452997135,0.00037397618871182203
EC_js,1,29,9.788819e-05,8.61788e-05,6.089848557166988e-05,0.00012108601004001684
EC_js,1,30,0.00018581688,0.00013328048,7.716570326010697e-05,0.0002396999771008268
EC_js,1,31,0.0002331557,0.00018717689,0.00012352795238257386,0.0002867845760192722
EC_js,1,32,8.43045e-05,5.0121605e-05,2.5772616936592385e-05,0.00010243216638627928
EC_js,1,33,5.7817397e-05,2.7533471e-05,1.210902473758324e-05,7.030106280581094e-05
EC_js,1,34,8.80749e-05,3.3374476e-05,2.0044347820658004e-05,7.375055974989664e-05
EC_js,1,35,0.0053099426,0.0047917413,0.0030380207463167608,0.007087386446073651
EC_js,1,36,0.0069548637,0.0059237815,0.0036788226570934057,0.009111956460401416
EC_spearman,0,1,0.986235301670578,0.9923661374015267,0.9845385391589485,0.9964770121095665
EC_spearman,0,2,0.874730800340662,0.8830890761925243,0.8480276447516083,0.9116501635012217
EC_spearman,0,3,0.9824265930632539,0.9873908680748837,0.9824673607484528,0.9907478971988578
EC_spearman,0,4,0.9924740743426703,0.9945153945153944,0.9913644603299774,0.9961118655719784
EC_spearman,0,5,0.9937904372264798,0.9946396567086221,0.9924532494805498,0.9962366307193892
EC_spearman,0,6,0.9982831366256111,0.9985093167701863,0.9979455772559219,0.9989106545628285
EC_spearman,0,7,0.9992115891530207,0.9993168812986811,0.9990191002122246,0.9995172891724614
EC_spearman,0,8,0.9994256900502606,0.9995172891724614,0.9992999922221358,0.999666218513539
EC_spearman,0,9,0.9998431932552918,0.9998582206468961,0.9998136067101583,0.999890135645856
EC_spearman,0,10,0.999704668446395,0.9997369358558489,0.9996487657060651,0.9998013311259014
EC_spearman,0,11,0.9997560074284251,0.9998017755752842,0.9997213302370026,0.9998497761086235
EC_spearman,0,12,0.999836539518064,0.9998558912834072,0.9998093312147913,0.9998893929928411
EC_spearman,0,13,0.9996521741804862,0.9997066842090986,0.9995637168050959,0.9998024676116329
EC_spearman,0,14,0.9998657277429401,0.999879411482957,0.9998429653602066,0.9999050964568205
EC_spearman,0,15,0.9998725926007076,0.9998871098567762,0.9998491034370507,0.9999132895684618
EC_spearman,0,16,0.9998550490023639,0.9998732616885708,0.9998257758419538,0.999904413697517
EC_spearman,0,17,0.9998373296113104,0.9998604428938099,0.9998102201135568,0.999891554350604
EC_spearman,0,18,0.9998749747271539,0.9998848876098624,0.9998524943710496,0.9999085102533377
EC_spearman,0,19,0.9998787539667817,0.9998880274742342,0.9998566205462756,0.999911924049855
EC_spearman,0,20,0.999815125987344,0.9998316305054912,0.9997813309036767,0.9998675540839342
EC_spearman,0,21,0.9998682631023889,0.9998830127770393,0.9998443308788135,0.9999099595455635
EC_spearman,0,22,0.9998705779963464,0.9998825653998066,0.999846664962944,0.999908887876532
EC_spearman,0,23,0.9996645095919143,0.9996958730992067,0.999601546935427,0.9997644579433459
EC_spearman,0,24,0.999789954089757,0.9998185850310609,0.9997480618170271,0.999862220691341
EC_spearman,0,25,0.9996865934278573,0.9997159968444094,0.9996319927354409,0.9997773308592318
EC_spearman,0,26,0.9997460579576135,0.9997755530617007,0.9996982068741014,0.9998388688043859
EC_spearman,0,27,0.9998512569660519,0.9998711096789964,0.9998302203357815,0.9998986655407283
EC_spearman,0,28,0.999446430770793,0.9994817720196891,0.9993564372937477,0.9995839953777265
EC_spearman,0,29,0.9997488602924662,0.9997733239112548,0.9997029997029996,0.9998239980444227
EC_spearman,0,30,0.999757819307976,0.9997914575590701,0.9997092177958709,0.999842664918499
EC_spearman,0,31,0.999749945035434,0.9997965439600683,0.9996949669547535,0.9998568872987478
EC_spearman,0,32,0.9999212569653259,0.9999311103456705,0.9999067493150313,0.9999475191882969
EC_spearman,0,33,0.9999359000629855,0.9999460620150273,0.9999253325036945,0.9999603999603998
EC_spearman,0,34,0.9998187912862256,0.999846664962944,0.9997760549484686,0.9998928557762217
EC_spearman,0,35,0.98597349545803,0.9869504214331799,0.9828716838589413,0.9901175853190547
EC_spearman,0,36,0.9751157379115382,0.9803326703630041,0.9686054289492105,0.9873908011839044
EC_spearman,1,1,0.9855101339873374,0.9919370473416705,0.9828680357644601,0.9964647166474159
EC_spearman,1,2,0.8899854616874953,0.8966988039537811,0.8670196335514839,0.9204795151135934
EC_spearman,1,3,0.9855788115158246,0.9897780690884137,0.9858667117287806,0.992407033786344
EC_spearman,1,4,0.9937896158336602,0.9954132229994297,0.9926420236567887,0.9968566041830562
EC_spearman,1,5,0.9945634757785858,0.995405157159666,0.9933053700596673,0.9966953301270071
EC_spearman,1,6,0.9985409377484437,0.9987262080689785,0.9982764582934673,0.9990391647408488
EC_spearman,1,7,0.9993894696397984,0.9994742753363441,0.9992539945202507,0.9996199558627535
EC_spearman,1,8,0.9995476266119867,0.999613773486372,0.9994472777581858,0.9997322685960185
EC_spearman,1,9,0.999854431401113,0.9998702207802309,0.9998266647407194,0.9999009999009998
EC_spearman,1,10,0.9996996523335191,0.9997321394405541,0.999638274106912,0.9998008866765187
EC_spearman,1,11,0.9997537878373572,0.9998067791171238,0.9997187031669789,0.9998591095456616
EC_spearman,1,12,0.9998442934216167,0.9998653318370204,0.9998164424049156,0.9998974599361323
EC_spearman,1,13,0.9996745096776963,0.9997412342239926,0.9995876133807167,0.9998361377671721
EC_spearman,1,14,0.9998653151037377,0.9998813246624201,0.999842664918499,0.9999075545283836
EC_spearman,1,15,0.9998649057349668,0.999881776464183,0.9998416001256867,0.9999091761396928
EC_spearman,1,16,0.9998572270358949,0.9998742208246758,0.9998306647851642,0.999903078388171
EC_spearman,1,17,0.9998337870721052,0.9998556487249437,0.999806048845285,0.999888045400185
EC_spearman,1,18,0.9998743310367498,0.999884613677717,0.9998541641347938,0.9999079845136198
EC_spearman,1,19,0.99987367956966,0.999884613677717,0.9998525239904549,0.9999078274940343
EC_spearman,1,20,0.9998240314250831,0.9998381860450825,0.9997924237046554,0.9998724716076568
EC_spearman,1,21,0.999878192087592,0.999891554350604,0.999857303305579,0.9999151101678908
EC_spearman,1,22,0.9998849193836632,0.9998951099456661,0.9998648873876377,0.9999168879654219
EC_spearman,1,23,0.9997190070975146,0.9997439652612065,0.9996668134599167,0.999798219980222
EC_spearman,1,24,0.9997907655844022,0.9998115584322479,0.9997528411321513,0.999856442849365
EC_spearman,1,25,0.999720459046125,0.999743061809625,0.9996770548494684,0.9997933310370115
EC_spearman,1,26,0.9997512329924423,0.9997749048431551,0.9996995522172468,0.999829331437016
EC_spearman,1,27,0.999861310968934,0.999877103325379,0.9998399982222025,0.9999031100345559
EC_spearman,1,28,0.9994320964073524,0.9994671051900577,0.9993363579570474,0.9995671063011812
EC_spearman,1,29,0.999778812498268,0.9997979032461789,0.9997351081678685,0.9998436503141215
EC_spearman,1,30,0.9997761262404882,0.9998047308392134,0.9997368859653997,0.999851132670106
EC_spearman,1,31,0.9997997836308694,0.9998361377671721,0.9997637652810065,0.9998813320148001
EC_spearman,1,32,0.9999157172106884,0.9999276275138342,0.9999023293486526,0.9999457450560182
EC_spearman,1,33,0.9999404510692449,0.9999487930522412,0.9999296847533105,0.9999610827197033
EC_spearman,1,34,0.9998275176186536,0.9998558031024525,0.9997890289957073,0.9999004562561916
EC_spearman,1,35,0.9868659925206879,0.9876283069811886,0.9842402717400174,0.9903239351515212
EC_spearman,1,36,0.9721036246271324,0.9762269744935201,0.9632821951054273,0.9849466935673831
EC_top32,0,1,0.9415975703817971,0.9375,0.9375,0.96875
EC_top32,0,2,0.735935692248361,0.75,0.6875,0.8125
EC_top32,0,3,0.9062982067103741,0.90625,0.875,0.9375
EC_top32,0,4,0.9214351137678365,0.9375,0.90625,0.96875
EC_top32,0,5,0.9315946779791747,0.9375,0.90625,0.96875
EC_top32,0,6,0.9712688006170459,0.96875,0.96875,1.0
EC_top32,0,7,0.9800183185499421,0.96875,0.96875,1.0
EC_top32,0,8,0.9820791554184343,0.96875,0.96875,1.0
EC_top32,0,9,0.9912504820671038,1.0,0.96875,1.0
EC_top32,0,10,0.9857549170844582,1.0,0.96875,1.0
EC_top32,0,11,0.9881170458927883,1.0,0.96875,1.0
EC_top32,0,12,0.9913709988430389,1.0,0.96875,1.0
EC_top32,0,13,0.9855500385653683,1.0,0.96875,1.0
EC_top32,0,14,0.9902140377940609,1.0,0.96875,1.0
EC_top32,0,15,0.9924435981488623,1.0,1.0,1.0
EC_top32,0,16,0.9902260894716545,1.0,0.96875,1.0
EC_top32,0,17,0.9914433089086001,1.0,0.96875,1.0
EC_top32,0,18,0.9927569417662939,1.0,1.0,1.0
EC_top32,0,19,0.9925400115696105,1.0,1.0,1.0
EC_top32,0,20,0.9916481874276899,1.0,0.96875,1.0
EC_top32,0,21,0.9921182028538372,1.0,1.0,1.0
EC_top32,0,22,0.9928895102198226,1.0,1.0,1.0
EC_top32,0,23,0.9846943694562283,1.0,0.96875,1.0
EC_top32,0,24,0.9928654068646355,1.0,1.0,1.0
EC_top32,0,25,0.9877795989201696,1.0,0.96875,1.0
EC_top32,0,26,0.989707867335133,1.0,0.96875,1.0
EC_top32,0,27,0.9918771693019668,1.0,0.96875,1.0
EC_top32,0,28,0.9779936367142307,0.96875,0.96875,1.0
EC_top32,0,29,0.9890570767450829,1.0,0.96875,1.0
EC_top32,0,30,0.9889124566139607,1.0,0.96875,1.0
EC_top32,0,31,0.9818742768993444,0.96875,0.96875,1.0
EC_top32,0,32,0.9944803316621674,1.0,1.0,1.0
EC_top32,0,33,0.9962398765908215,1.0,1.0,1.0
EC_top32,0,34,0.99486598534516,1.0,1.0,1.0
EC_top32,0,35,0.9126494408021597,0.90625,0.875,0.96875
EC_top32,0,36,0.9020560161974547,0.90625,0.875,0.9375
EC_top32,1,1,0.9382532573289902,0.9375,0.90625,0.96875
EC_top32,1,2,0.7563772394136807,0.75,0.6875,0.8125
EC_top32,1,3,0.9193022190553746,0.9375,0.90625,0.9375
EC_top32,1,4,0.9301455618892508,0.9375,0.90625,0.96875
EC_top32,1,5,0.9369121539087948,0.9375,0.90625,0.96875
EC_top32,1,6,0.9740228013029316,0.96875,0.96875,1.0
EC_top32,1,7,0.9833341815960912,1.0,0.96875,1.0
EC_top32,1,8,0.9847083672638437,1.0,0.96875,1.0
EC_top32,1,9,0.9909405537459284,1.0,0.96875,1.0
EC_top32,1,10,0.9850137418566776,1.0,0.96875,1.0
EC_top32,1,11,0.9877366653094463,1.0,0.96875,1.0
EC_top32,1,12,0.9903298045602605,1.0,0.96875,1.0
EC_top32,1,13,0.9855634161237785,1.0,0.96875,1.0
EC_top32,1,14,0.9905613802931597,1.0,0.96875,1.0
EC_top32,1,15,0.9902712744299674,1.0,0.96875,1.0
EC_top32,1,16,0.9898284812703583,1.0,0.96875,1.0
EC_top32,1,17,0.9903247149837133,1.0,0.96875,1.0
EC_top32,1,18,0.9920857084690554,1.0,1.0,1.0
EC_top32,1,19,0.9912637418566775,1.0,0.96875,1.0
EC_top32,1,20,0.9913197271986971,1.0,0.96875,1.0
EC_top32,1,21,0.9925335912052117,1.0,1.0,1.0
EC_top32,1,22,0.9931188925081433,1.0,1.0,1.0
EC_top32,1,23,0.9864566368078176,1.0,0.96875,1.0
EC_top32,1,24,0.9916072882736157,1.0,0.96875,1.0
EC_top32,1,25,0.9873651262214984,1.0,0.96875,1.0
EC_top32,1,26,0.9897750407166124,1.0,0.96875,1.0
EC_top32,1,27,0.9926277483713355,1.0,1.0,1.0
EC_top32,1,28,0.9791200122149837,0.96875,0.96875,1.0
EC_top32,1,29,0.990691164495114,1.0,0.96875,1.0
EC_top32,1,30,0.9889250814332248,1.0,0.96875,1.0
EC_top32,1,31,0.9827310667752444,1.0,0.96875,1.0
EC_top32,1,32,0.9937805374592834,1.0,1.0,1.0
EC_top32,1,33,0.9956509568403908,1.0,1.0,1.0
EC_top32,1,34,0.9946915716612378,1.0,1.0,1.0
EC_top32,1,35,0.9129682410423453,0.90625,0.875,0.9375
EC_top32,1,36,0.8955237174267101,0.90625,0.875,0.9375
EC_tv,0,1,0.052447725,0.050166532,0.032032378017902374,0.06858429312705994
EC_tv,0,2,0.17665851,0.17480677,0.15451033413410187,0.19651585817337036
EC_tv,0,3,0.061553627,0.05652913,0.048834286630153656,0.06531433016061783
EC_tv,0,4,0.052876253,0.046062242,0.03834117576479912,0.05768917500972748
EC_tv,0,5,0.04860713,0.043681033,0.03532768413424492,0.0573003776371479
EC_tv,0,6,0.02283786,0.022164633,0.018960466608405113,0.02592157945036888
EC_tv,0,7,0.015983004,0.015300947,0.012528583407402039,0.018707752227783203
EC_tv,0,8,0.012844861,0.012180466,0.009954246692359447,0.014865225180983543
EC_tv,0,9,0.007780832,0.007115421,0.005833721719682217,0.009091971442103386
EC_tv,0,10,0.013217324,0.012228485,0.0098346509039402,0.015534217469394207
EC_tv,0,11,0.009086246,0.008088292,0.006457773968577385,0.01054624654352665
EC_tv,0,12,0.0074417028,0.0066425847,0.005210484378039837,0.008646462112665176
EC_tv,0,13,0.011199424,0.010280652,0.007737183012068272,0.013579324819147587
EC_tv,0,14,0.012171433,0.009338095,0.006749835796654224,0.015404241159558296
EC_tv,0,15,0.007901076,0.0068274196,0.00554356724023819,0.008845885284245014
EC_tv,0,16,0.020712638,0.018754395,0.013834181241691113,0.02518860250711441
EC_tv,0,17,0.0093435515,0.00830056,0.0068330829963088036,0.010669239796698093
EC_tv,0,18,0.011131953,0.010431209,0.008791984990239143,0.01259886659681797
EC_tv,0,19,0.012645688,0.011528633,0.008895471692085266,0.015348659828305244
EC_tv,0,20,0.009444625,0.00882709,0.007202420383691788,0.010872634127736092
EC_tv,0,21,0.008891658,0.0077129947,0.006005795206874609,0.010586910881102085
EC_tv,0,22,0.008775141,0.007982757,0.0062678600661456585,0.010281066410243511
EC_tv,0,23,0.013989513,0.013633771,0.011327579617500305,0.01607479341328144
EC_tv,0,24,0.010769245,0.010000771,0.007633245084434748,0.012985233217477798
EC_tv,0,25,0.014248649,0.013237785,0.010922582820057869,0.01658574491739273
EC_tv,0,26,0.012082429,0.011528401,0.008418699726462364,0.015026365406811237
EC_tv,0,27,0.009778987,0.008975002,0.007160160690546036,0.011724746786057949
EC_tv,0,28,0.020866187,0.01991428,0.01644597016274929,0.024181656539440155
EC_tv,0,29,0.011423501,0.010779383,0.008677535690367222,0.013390867039561272
EC_tv,0,30,0.015486678,0.013668834,0.010169848799705505,0.0188553798943758
EC_tv,0,31,0.016341016,0.015182426,0.011628348380327225,0.019634874537587166
EC_tv,0,32,0.0071456283,0.005873648,0.004347974434494972,0.00864097848534584
EC_tv,0,33,0.0064178105,0.0054709753,0.0037912745028734207,0.008256985805928707
EC_tv,0,34,0.0077760373,0.0060468013,0.004472412168979645,0.009018348529934883
EC_tv,0,35,0.06742241,0.061358884,0.04047199338674545,0.09144563972949982
EC_tv,0,36,0.0777675,0.07242706,0.058520179241895676,0.09247271716594696
EC_tv,1,1,0.05653639,0.054639883,0.03362495172768831,0.07694874703884125
EC_tv,1,2,0.17289408,0.17016621,0.14993565157055855,0.19317853450775146
EC_tv,1,3,0.061006866,0.05615229,0.04845533333718777,0.06652958504855633
EC_tv,1,4,0.05032784,0.0430391,0.035626569762825966,0.05672183074057102
EC_tv,1,5,0.049208805,0.044858962,0.036036644130945206,0.05828282795846462
EC_tv,1,6,0.022019666,0.021536116,0.018407753203064203,0.025078600272536278
EC_tv,1,7,0.015130588,0.013994153,0.01145321293734014,0.017323882319033146
EC_tv,1,8,0.012276992,0.011326637,0.009185090195387602,0.01446177321486175
EC_tv,1,9,0.008165732,0.007609428,0.0061183832585811615,0.009534452110528946
EC_tv,1,10,0.013296919,0.01240367,0.010031494311988354,0.015546763548627496
EC_tv,1,11,0.009779243,0.008455404,0.00659412844106555,0.01142567815259099
EC_tv,1,12,0.008062455,0.0070020612,0.005379134556278586,0.009551666909828782
EC_tv,1,13,0.011865903,0.010403516,0.007374209119006991,0.014724662061780691
EC_tv,1,14,0.01263063,0.010177769,0.007186369737610221,0.01593348104506731
EC_tv,1,15,0.009890972,0.008295438,0.006371852243319154,0.011457232991233468
EC_tv,1,16,0.01934983,0.017540026,0.013601439539343119,0.02306773979216814
EC_tv,1,17,0.009801983,0.008918597,0.007141797337681055,0.011414723237976432
EC_tv,1,18,0.011263432,0.0105191115,0.008715944597497582,0.012969092233106494
EC_tv,1,19,0.012013163,0.010928083,0.00905292690731585,0.013740172376856208
EC_tv,1,20,0.009521465,0.008782298,0.00735722272656858,0.010767519241198897
EC_tv,1,21,0.008624532,0.00763287,0.0061480768490582705,0.009889854118227959
EC_tv,1,22,0.00826876,0.007683262,0.00627675699070096,0.009511880343779922
EC_tv,1,23,0.012728817,0.01222256,0.01040336093865335,0.01451680134050548
EC_tv,1,24,0.0112252105,0.010485161,0.008218978298828006,0.013379436917603016
EC_tv,1,25,0.01413425,0.013536801,0.011278280755504966,0.016219924669712782
EC_tv,1,26,0.01377357,0.013538266,0.010485532460734248,0.016641972586512566
EC_tv,1,27,0.009524374,0.008693723,0.00707973400130868,0.01107225869782269
EC_tv,1,28,0.020430759,0.020062115,0.017000609077513218,0.023349324706941843
EC_tv,1,29,0.011099019,0.0107304985,0.008691772585734725,0.013062481069937348
EC_tv,1,30,0.014239209,0.0127965,0.009590770583599806,0.017573118209838867
EC_tv,1,31,0.016125426,0.014970953,0.011759236687794328,0.019200646318495274
EC_tv,1,32,0.009393656,0.007995782,0.005632855813018978,0.011739106150344014
EC_tv,1,33,0.0076892604,0.0060499124,0.0038856692845001817,0.01012388919480145
EC_tv,1,34,0.008169611,0.00616486,0.004614252015016973,0.009578139055520296
EC_tv,1,35,0.07377927,0.069759324,0.04957330971956253,0.0950192715972662
EC_tv,1,36,0.08782703,0.08426883,0.06671456806361675,0.10531787574291229
NC_js,0,1,0.0023979847,0.00218145,0.0015434155939146876,0.003000447293743491
NC_js,0,2,0.026083058,0.025360003,0.021326223388314247,0.030033383518457413
NC_js,0,3,0.0017303294,0.0015461625,0.001262628473341465,0.0018936569103971124
NC_js,0,4,0.0013118318,0.0011695853,0.000927354150917381,0.0014719265745952725
NC_js,0,5,0.00053654,0.00047852934,0.00038232849328778684,0.000606872548814863
NC_js,0,6,0.0005655432,0.0004997275,0.0003684118273667991,0.0006686140550300479
NC_js,0,7,0.00096531765,0.0007288316,0.00048594974214211106,0.001176714082248509
NC_js,0,8,0.00042629646,0.00030824012,0.00020510260947048664,0.0004922547377645969
NC_js,0,9,0.00075610715,0.0006143501,0.00042806309647858143,0.0009084215853363276
NC_js,0,10,0.004565602,0.003644757,0.0022175724152475595,0.006006764248013496
NC_js,0,11,0.0009955013,0.00072241307,0.0004814758722204715,0.001202055485919118
NC_js,0,12,0.0016654758,0.0013507194,0.0007773158722557127,0.002155069960281253
NC_js,0,13,0.0007501705,0.0005773301,0.00040736724622547626,0.0008093831711448729
NC_js,0,14,0.0010520264,0.0008527767,0.000622286694124341,0.001244960119947791
NC_js,0,15,0.0009444361,0.00082385034,0.0005950592458248138,0.001147060189396143
NC_js,0,16,0.002675367,0.0022617783,0.0015727065037935972,0.0032679028809070587
NC_js,0,17,0.0015576506,0.001319112,0.0009751567849889398,0.0019205552525818348
NC_js,0,18,0.0013262453,0.0012062083,0.0009453500970266759,0.0015612291172146797
NC_js,0,19,0.0013601393,0.0011760211,0.0008083235588856041,0.001685075694695115
NC_js,0,20,0.0008988647,0.00059746875,0.00038873040466569364,0.0010092725278809667
NC_js,0,21,0.0014642116,0.0011153683,0.0007056527538225055,0.0018455516546964645
NC_js,0,22,0.0005917386,0.00041490817,0.0002601988962851465,0.0007095944602042437
NC_js,0,23,0.00075994653,0.000526973,0.00038467676495201886,0.0007850375841371715
NC_js,0,24,0.00167674,0.0013297643,0.0008902243571355939,0.0020117906387895346
NC_js,0,25,0.0038008743,0.0032539812,0.0023354189470410347,0.004697407130151987
NC_js,0,26,0.00066078996,0.00042608654,0.000271704513579607,0.0007296038093045354
NC_js,0,27,0.0014344939,0.0009807074,0.0005537461838684976,0.0017620024736970663
NC_js,0,28,0.002112487,0.0018849488,0.001327882637269795,0.0026522588450461626
NC_js,0,29,0.0013249983,0.0010241814,0.0006856521358713508,0.001544276368804276
NC_js,0,30,0.0074124364,0.005825031,0.003213973017409444,0.009925668127834797
NC_js,0,31,0.0039655953,0.0025152084,0.0015943219186738133,0.004388527013361454
NC_js,0,32,0.0013487709,0.000463092,0.00025468054809607565,0.0013411068357527256
NC_js,0,33,0.0008867759,0.00050606515,0.00027300635701976717,0.001052676816470921
NC_js,0,34,0.001810526,0.00031926658,0.00016740657156333327,0.0009884012397378683
NC_js,0,35,0.016121631,0.0133296065,0.007729816250503063,0.021404020488262177
NC_js,0,36,0.09998194,0.1026865,0.08661983907222748,0.115887850522995
NC_js,1,1,0.002548228,0.002439381,0.001653216197155416,0.003239209938328713
NC_js,1,2,0.024792738,0.02388721,0.019942644983530045,0.02863622782751918
NC_js,1,3,0.0016427807,0.0014743262,0.0011904487619176507,0.0018299103539902717
NC_js,1,4,0.0014705571,0.0012307577,0.0009809817129280418,0.0016172435716725886
NC_js,1,5,0.00051298615,0.0004622983,0.000358618977770675,0.0005927220918238163
NC_js,1,6,0.0005423139,0.00048148684,0.00036867080052616075,0.0006414779927581549
NC_js,1,7,0.0009412756,0.0006895338,0.00046399138955166563,0.001096150343073532
NC_js,1,8,0.00043606965,0.000303303,0.00019298844199511223,0.0005159054708201438
NC_js,1,9,0.00090976054,0.00072246126,0.0004843285205424763,0.0011191472003702074
NC_js,1,10,0.004798887,0.0035249176,0.002015257312450558,0.006360116647556424
NC_js,1,11,0.0011246199,0.0007723308,0.00045204215712146834,0.0013770141813438386
NC_js,1,12,0.0016204474,0.0012114109,0.0006482420139946043,0.0021991002140566707
NC_js,1,13,0.00070514844,0.0005694944,0.00039722116343909875,0.0007975857006385922
NC_js,1,14,0.0012145711,0.00096746045,0.0006671064766123891,0.0014940965338610113
NC_js,1,15,0.000958128,0.00079351186,0.0005643982585752383,0.0011194311082363129
NC_js,1,16,0.0025323427,0.0021851049,0.0015730264713056386,0.0030524436151608825
NC_js,1,17,0.0014479323,0.0012293293,0.0009159069595625624,0.0017445275152567774
NC_js,1,18,0.0012934295,0.0011904533,0.0009198206244036555,0.0015394418151117861
NC_js,1,19,0.0012876975,0.0011142964,0.0007825312932254747,0.001601341413334012
NC_js,1,20,0.0010507763,0.00074623595,0.0004901344946119934,0.001178219186840579
NC_js,1,21,0.0014518176,0.0012592261,0.0008575021347496659,0.001852718647569418
NC_js,1,22,0.0008998196,0.0005806382,0.0003633033484220505,0.0010343855828978121
NC_js,1,23,0.0005990263,0.00046073511,0.0003529655368765816,0.0006313032208709046
NC_js,1,24,0.00199504,0.0017468571,0.0012143815692979842,0.0024780325475148857
NC_js,1,25,0.003243279,0.0028061885,0.002043379528913647,0.0039016474620439112
NC_js,1,26,0.00065413676,0.0004758223,0.00030618746677646413,0.0007662693678867072
NC_js,1,27,0.0012926131,0.00084726384,0.0004811562685063109,0.001508243556600064
NC_js,1,28,0.0019573425,0.0017868949,0.0012975105782970786,0.0024174920399673283
NC_js,1,29,0.0015499523,0.0012996485,0.0008671087707625702,0.0018834735383279622
NC_js,1,30,0.0080207875,0.00643698,0.003281549783423543,0.01086231111548841
NC_js,1,31,0.00514185,0.0030400334,0.0017342494102194905,0.0063639378640800714
NC_js,1,32,0.0025631937,0.0013450709,0.00046469851076835766,0.003359451307915151
NC_js,1,33,0.0011275482,0.0005654132,0.0002667711305548437,0.0012603140785358846
NC_js,1,34,0.001953509,0.00038079132,0.00018711290613282472,0.0015889993810560554
NC_js,1,35,0.015526041,0.012833854,0.007916436763480306,0.0202198326587677
NC_js,1,36,0.0981189,0.09942287,0.08589354157447815,0.11188433319330215
NC_spearman,0,1,0.9888968797567459,0.9912132357026189,0.9854687274303048,0.9946279403104479
NC_spearman,0,2,0.8705128822137621,0.8754479494216603,0.8426664541653384,0.9044526147974422
NC_spearman,0,3,0.9898817854539442,0.9911343704447151,0.9877396911879669,0.9935419661991699
NC_spearman,0,4,0.9960637908460646,0.9964429789425497,0.9952156334231804,0.9972626362515139
NC_spearman,0,5,0.9979261827827871,0.9981893223272532,0.9974856730698793,0.998664907376864
NC_spearman,0,6,0.9980944127359499,0.9983627431903292,0.9977468440383964,0.9987706530072556
NC_spearman,0,7,0.9970051108809559,0.9976625085831998,0.9963075145279392,0.9984480881032604
NC_spearman,0,8,0.9987663748856576,0.998907543417149,0.9984719846788811,0.9992191024344715
NC_spearman,0,9,0.9982825832176911,0.9984323846392811,0.9979209979209978,0.9988263367573711
NC_spearman,0,10,0.9940050849213694,0.9945706063400704,0.9924648051645019,0.9961937354859498
NC_spearman,0,11,0.9977153810097088,0.9979924221380237,0.9972155246169402,0.9985758077204785
NC_spearman,0,12,0.9975241231379326,0.997829625610418,0.9969315214613496,0.998438204868943
NC_spearman,0,13,0.9980224993725231,0.9981667912702394,0.9975949916320586,0.9986396654193265
NC_spearman,0,14,0.9990844807254837,0.9991804353381705,0.9989034333917493,0.9993706596739964
NC_spearman,0,15,0.9975743871475563,0.9977660115591148,0.9971024946045091,0.9982883224262533
NC_spearman,0,16,0.998567097229166,0.9986965939769955,0.9982746474960833,0.9990035444838276
NC_spearman,0,17,0.9983867326646062,0.9985142057133968,0.998102645584951,0.9988235424838053
NC_spearman,0,18,0.9989017665962697,0.9989895162308954,0.9986866520739119,0.9992148268010336
NC_spearman,0,19,0.9987956505249871,0.998907099081581,0.9985491208158134,0.9991799908887876
NC_spearman,0,20,0.9986167874813946,0.9988058539782676,0.9983688880240603,0.9990914607146957
NC_spearman,0,21,0.9992690656718053,0.9993387678702221,0.9991454846322871,0.9994751052789476
NC_spearman,0,22,0.999356591371792,0.9994359937332638,0.9992346581628685,0.9995664478423097
NC_spearman,0,23,0.9986091423088598,0.9987635229014538,0.9983497594417716,0.9990439893776597
NC_spearman,0,24,0.9986398980488265,0.9987969924812028,0.9983682052647568,0.9991021715159645
NC_spearman,0,25,0.9968467687197996,0.9970941899354437,0.9963140547432385,0.9976856875457776
NC_spearman,0,26,0.9991618050634589,0.9992762751383439,0.999001123139054,0.9994653994653993
NC_spearman,0,27,0.9990614415775321,0.9991555461727353,0.9988759875109724,0.9993586595406616
NC_spearman,0,28,0.9960212524807854,0.996388826194899,0.9950540916058156,0.997407630957871
NC_spearman,0,29,0.9983800567130653,0.9984915387948755,0.9980839787108746,0.9988075423060256
NC_spearman,0,30,0.9967677252216293,0.997372026150883,0.9961537350415005,0.9981462016244625
NC_spearman,0,31,0.9980853347711056,0.9984528674183845,0.9978015150428942,0.9988479871998578
NC_spearman,0,32,0.9993728526841816,0.9994537925572407,0.9992692537232455,0.9995737730419227
NC_spearman,0,33,0.9993763356962154,0.999455661180077,0.9992733252591696,0.999575106390071
NC_spearman,0,34,0.9994152294462983,0.9995118270980339,0.999306553997233,0.9996484405382282
NC_spearman,0,35,0.9542460943316631,0.957199631066381,0.9434176882452743,0.9684507605640063
NC_spearman,0,36,0.8225897242539554,0.8320901343348259,0.7884616495738842,0.867616384857764
NC_spearman,1,1,0.9887599793955877,0.9909646002041514,0.9850319147888775,0.9943597063684356
NC_spearman,1,2,0.8841097916085899,0.8887772658247235,0.8564036267069635,0.9185120762577057
NC_spearman,1,3,0.9914656112105543,0.9926203848016933,0.9899672183501462,0.9945050500561117
NC_spearman,1,4,0.9963125954874705,0.9966256535637698,0.9955769376461046,0.9973960498075951
NC_spearman,1,5,0.9982877620277877,0.9985011515878071,0.9979660600350254,0.9988662096245514
NC_spearman,1,6,0.9983793871587605,0.9985850953899488,0.9981100681811056,0.9989123814122941
NC_spearman,1,7,0.997667851617809,0.9981960649378103,0.9972736323351712,0.9987871495596041
NC_spearman,1,8,0.9988858083814296,0.999026801942327,0.9986216990896046,0.9993165890145134
NC_spearman,1,9,0.9984542216070958,0.9986202862818043,0.9980963151101041,0.9990009469085607
NC_spearman,1,10,0.9939817601779886,0.9947199837394884,0.9923821430016988,0.996416071289681
NC_spearman,1,11,0.9978304225260107,0.9981999674993265,0.9972977726068375,0.9988219078619847
NC_spearman,1,12,0.9978073420054867,0.9981012560999465,0.997235858176202,0.9987395627443045
NC_spearman,1,13,0.9982566286758522,0.998442871587462,0.9978766185662736,0.9988359749410852
NC_spearman,1,14,0.9991178082875729,0.9992003123565196,0.9989465023947781,0.9993848338675924
NC_spearman,1,15,0.9978059052350724,0.9979743964611759,0.9973464742562921,0.9984659565066701
NC_spearman,1,16,0.9985554337234459,0.9986690875437132,0.9982674414514309,0.9989649510547808
NC_spearman,1,17,0.9984947041609722,0.9985920673358349,0.998244290680938,0.9988611979351986
NC_spearman,1,18,0.9989933392447681,0.9990759704853105,0.9988188264050332,0.9992639854708819
NC_spearman,1,19,0.9988867872304348,0.9989854196750747,0.998665580229471,0.9992216543940681
NC_spearman,1,20,0.9988018340464418,0.9989335336953818,0.998577456772046,0.9991737685974289
NC_spearman,1,21,0.9993256127439593,0.9993729097346484,0.9992168408434489,0.9994879689661721
NC_spearman,1,22,0.999412958448197,0.9994727097631771,0.9993102145579396,0.999588370760502
NC_spearman,1,23,0.998744968294038,0.9988442600520282,0.9985203847351615,0.9990838119577052
NC_spearman,1,24,0.9986255129774507,0.9987698540155636,0.9983388355352725,0.999068621243802
NC_spearman,1,25,0.9973099918449093,0.9975038319865904,0.9968214043288134,0.9980279456544968
NC_spearman,1,26,0.9992314969239212,0.9993186590962122,0.999081688736861,0.9994845167258959
NC_spearman,1,27,0.999233662169658,0.9993224369159657,0.9990865282106312,0.9994960267084669
NC_spearman,1,28,0.9968759542271968,0.9972008208856247,0.9961977134390926,0.9979298240984927
NC_spearman,1,29,0.9986704276495347,0.9987822880405018,0.9984220474977421,0.999055381537301
NC_spearman,1,30,0.9968199437747621,0.9974901943354926,0.9960394619827694,0.9983868171867196
NC_spearman,1,31,0.9980960035101849,0.9986119527023761,0.9978323092478806,0.9990257669529662
NC_spearman,1,32,0.9993153247695148,0.9994241479250875,0.9992048800542228,0.999562569514147
NC_spearman,1,33,0.9994120383066214,0.9994940753561442,0.9993167267992296,0.9996146623851376
NC_spearman,1,34,0.9994201496597266,0.9995207029689787,0.9992981916774671,0.9996555722234742
NC_spearman,1,35,0.9568012616833773,0.9596612561167492,0.9465681580646191,0.97019602019602
NC_spearman,1,36,0.852351648003176,0.8621969828866379,0.8244608545818074,0.8908926859151449
NC_top32,0,1,0.9405731777863479,0.9375,0.90625,0.96875
NC_top32,0,2,0.7191959120709602,0.71875,0.65625,0.78125
NC_top32,0,3,0.9302328384111068,0.9375,0.90625,0.96875
NC_top32,0,4,0.9401875241033552,0.9375,0.90625,0.96875
NC_top32,0,5,0.9615672001542614,0.96875,0.9375,0.96875
NC_top32,0,6,0.9671712302352488,0.96875,0.96875,0.96875
NC_top32,0,7,0.9643149826455842,0.96875,0.9375,0.96875
NC_top32,0,8,0.9731368106440417,0.96875,0.96875,1.0
NC_top32,0,9,0.9700033744697262,0.96875,0.96875,1.0
NC_top32,0,10,0.9277501928268415,0.9375,0.90625,0.96875
NC_top32,0,11,0.9625674893945237,0.96875,0.9375,0.96875
NC_top32,0,12,0.9604825491708446,0.96875,0.9375,0.96875
NC_top32,0,13,0.9680992094099499,0.96875,0.96875,1.0
NC_top32,0,14,0.9700997878904744,0.96875,0.96875,1.0
NC_top32,0,15,0.9678340725028924,0.96875,0.96875,1.0
NC_top32,0,16,0.9665204396451986,0.96875,0.96875,0.96875
NC_top32,0,17,0.9669301966833783,0.96875,0.96875,0.96875
NC_top32,0,18,0.9732091207096027,0.96875,0.96875,1.0
NC_top32,0,19,0.9735827227150019,0.96875,0.96875,1.0
NC_top32,0,20,0.9773066910913999,0.96875,0.96875,1.0
NC_top32,0,21,0.9789939259544929,0.96875,0.96875,1.0
NC_top32,0,22,0.9817176050906287,0.96875,0.96875,1.0
NC_top32,0,23,0.9705215966062476,0.96875,0.96875,1.0
NC_top32,0,24,0.9733416891631315,0.96875,0.96875,1.0
NC_top32,0,25,0.9429714616274586,0.9375,0.9375,0.96875
NC_top32,0,26,0.9783310836868492,0.96875,0.96875,1.0
NC_top32,0,27,0.975040975703818,0.96875,0.96875,1.0
NC_top32,0,28,0.9508171037408407,0.96875,0.9375,0.96875
NC_top32,0,29,0.9651103933667566,0.96875,0.9375,0.96875
NC_top32,0,30,0.9366322792132665,0.9375,0.90625,0.96875
NC_top32,0,31,0.9389823563440031,0.9375,0.90625,0.96875
NC_top32,0,32,0.9746432703432317,0.96875,0.96875,1.0
NC_top32,0,33,0.978487755495565,0.96875,0.96875,1.0
NC_top32,0,34,0.98309149633629,1.0,0.96875,1.0
NC_top32,0,35,0.8670820478210567,0.875,0.8125,0.9375
NC_top32,0,36,0.5601619745468569,0.5625,0.5,0.625
NC_top32,1,1,0.9377112174267102,0.9375,0.90625,0.96875
NC_top32,1,2,0.7368968851791531,0.75,0.6875,0.8125
NC_top32,1,3,0.9378893526058631,0.9375,0.90625,0.96875
NC_top32,1,4,0.9414825936482085,0.9375,0.9375,0.96875
NC_top32,1,5,0.9666021986970684,0.96875,0.9375,0.96875
NC_top32,1,6,0.9698849755700326,0.96875,0.96875,1.0
NC_top32,1,7,0.9717859324104234,0.96875,0.96875,1.0
NC_top32,1,8,0.9751272394136807,0.96875,0.96875,1.0
NC_top32,1,9,0.9705415309446254,0.96875,0.96875,1.0
NC_top32,1,10,0.9275371539087948,0.9375,0.90625,0.96875
NC_top32,1,11,0.9629249796416938,0.96875,0.9375,0.96875
NC_top32,1,12,0.9614591815960912,0.96875,0.9375,0.96875
NC_top32,1,13,0.9699180578175896,0.96875,0.96875,1.0
NC_top32,1,14,0.9706942182410423,0.96875,0.96875,1.0
NC_top32,1,15,0.9684802524429967,0.96875,0.96875,1.0
NC_top32,1,16,0.9657344258957655,0.96875,0.9375,0.96875
NC_top32,1,17,0.9653628868078176,0.96875,0.9375,0.96875
NC_top32,1,18,0.9735469258957655,0.96875,0.96875,1.0
NC_top32,1,19,0.9723839576547231,0.96875,0.96875,1.0
NC_top32,1,20,0.9763945439739413,0.96875,0.96875,1.0
NC_top32,1,21,0.9774506311074919,0.96875,0.96875,1.0
NC_top32,1,22,0.980382227198697,0.96875,0.96875,1.0
NC_top32,1,23,0.972027687296417,0.96875,0.96875,1.0
NC_top32,1,24,0.9699536848534202,0.96875,0.96875,1.0
NC_top32,1,25,0.946259161237785,0.9375,0.9375,0.96875
NC_top32,1,26,0.9790131311074919,0.96875,0.96875,1.0
NC_top32,1,27,0.9759771986970684,0.96875,0.96875,1.0
NC_top32,1,28,0.9558428338762215,0.96875,0.9375,0.96875
NC_top32,1,29,0.9691978827361564,0.96875,0.96875,1.0
NC_top32,1,30,0.9322322882736156,0.9375,0.90625,0.96875
NC_top32,1,31,0.9348152483713354,0.9375,0.90625,0.96875
NC_top32,1,32,0.9716027076547231,0.96875,0.96875,1.0
NC_top32,1,33,0.9779646783387622,0.96875,0.96875,1.0
NC_top32,1,34,0.9828684853420195,1.0,0.96875,1.0
NC_top32,1,35,0.8705415309446254,0.875,0.8125,0.9375
NC_top32,1,36,0.5854794381107492,0.59375,0.53125,0.65625
NC_tv,0,1,0.052591532,0.05056259,0.04196755588054657,0.061985209584236145
NC_tv,0,2,0.1878135,0.18660718,0.16880637407302856,0.20578515529632568
NC_tv,0,3,0.04531034,0.043991886,0.03921037167310715,0.048998381942510605
NC_tv,0,4,0.039983265,0.03811147,0.03374386578798294,0.043515644967556
NC_tv,0,5,0.025101693,0.024211507,0.021480953320860863,0.02750825695693493
NC_tv,0,6,0.025290137,0.024562076,0.020864257588982582,0.028607161715626717
NC_tv,0,7,0.030187204,0.027872227,0.022151824086904526,0.03556061163544655
NC_tv,0,8,0.02022056,0.018180687,0.01494470052421093,0.02267165295779705
NC_tv,0,9,0.029343752,0.027455246,0.02241618186235428,0.03377750515937805
NC_tv,0,10,0.076340735,0.07238854,0.05410134047269821,0.095584437251091
NC_tv,0,11,0.03277975,0.029227976,0.022808019071817398,0.03888700529932976
NC_tv,0,12,0.043178238,0.040027816,0.029099440202116966,0.05339549854397774
NC_tv,0,13,0.02647742,0.024825387,0.020540129393339157,0.03002166375517845
NC_tv,0,14,0.037139915,0.03442418,0.028744235634803772,0.042695652693510056
NC_tv,0,15,0.03252203,0.030980054,0.025629885494709015,0.0378570482134819
NC_tv,0,16,0.05221048,0.048799556,0.04015326499938965,0.059787165373563766
NC_tv,0,17,0.042377543,0.04033015,0.0346907339990139,0.048145949840545654
NC_tv,0,18,0.04238847,0.041143645,0.035535361617803574,0.04774761572480202
NC_tv,0,19,0.039780416,0.03771953,0.030806537717580795,0.046866655349731445
NC_tv,0,20,0.030710584,0.027651219,0.021922800689935684,0.03573733940720558
NC_tv,0,21,0.04338286,0.040092133,0.03135738521814346,0.052350789308547974
NC_tv,0,22,0.026164487,0.023371488,0.01790471561253071,0.031034981831908226
NC_tv,0,23,0.027739646,0.02571688,0.021386129781603813,0.0315096415579319
NC_tv,0,24,0.044331636,0.041624468,0.03289105370640755,0.05195208638906479
NC_tv,0,25,0.06895546,0.0657574,0.05354232341051102,0.08113802969455719
NC_tv,0,26,0.025553303,0.022698628,0.017630092799663544,0.029766589403152466
NC_tv,0,27,0.039878853,0.03566764,0.02652314491569996,0.04808177053928375
NC_tv,0,28,0.050832916,0.049364876,0.04021860659122467,0.05995474010705948
NC_tv,0,29,0.038624246,0.036111254,0.028618114069104195,0.0452953539788723
NC_tv,0,30,0.09356897,0.087279454,0.06385497748851776,0.11652426421642303
NC_tv,0,31,0.06789334,0.05970703,0.0456634983420372,0.07934177666902542
NC_tv,0,32,0.032141186,0.02393591,0.017349930480122566,0.03830268979072571
NC_tv,0,33,0.029835878,0.024697375,0.01771043799817562,0.03675948455929756
NC_tv,0,34,0.03049033,0.019820612,0.01423104852437973,0.03462047874927521
NC_tv,0,35,0.11979508,0.110225484,0.07494506239891052,0.155504509806633
NC_tv,0,36,0.39630157,0.40555966,0.3655514419078827,0.436137855052948
NC_tv,1,1,0.05486857,0.054087438,0.04329136945307255,0.06526144966483116
NC_tv,1,2,0.18272504,0.18117398,0.16296885907649994,0.20073825120925903
NC_tv,1,3,0.0439073,0.042581342,0.03771572280675173,0.04801231622695923
NC_tv,1,4,0.04244487,0.039567456,0.034890418872237206,0.045943292789161205
NC_tv,1,5,0.024672162,0.023924857,0.020845836959779263,0.02746877446770668
NC_tv,1,6,0.025095822,0.02422668,0.020803441293537617,0.028356673195958138
NC_tv,1,7,0.029788628,0.026867464,0.02162767108529806,0.03466301318258047
NC_tv,1,8,0.020605812,0.01833599,0.01461327844299376,0.023936225101351738
NC_tv,1,9,0.032596212,0.030148376,0.024153500329703093,0.038629219867289066
NC_tv,1,10,0.07718585,0.07035352,0.051172902807593346,0.09863724559545517
NC_tv,1,11,0.034424834,0.03020494,0.022535626776516438,0.042254434898495674
NC_tv,1,12,0.042492054,0.038441777,0.02707241615280509,0.05447945836931467
NC_tv,1,13,0.027156882,0.025481239,0.021028476767241955,0.030819041654467583
NC_tv,1,14,0.04027312,0.037174672,0.03018942615017295,0.047550225630402565
NC_tv,1,15,0.032581713,0.030712247,0.02546806028112769,0.037286827340722084
NC_tv,1,16,0.05146825,0.04908722,0.0416698744520545,0.05767284147441387
NC_tv,1,17,0.040526364,0.03875263,0.033669233322143555,0.045432391576468945
NC_tv,1,18,0.042257488,0.041150495,0.03555692546069622,0.047735956497490406
NC_tv,1,19,0.038387623,0.03684575,0.030660943128168583,0.04439656529575586
NC_tv,1,20,0.034815405,0.031109026,0.024793224409222603,0.039664135314524174
NC_tv,1,21,0.044362877,0.042371243,0.034350939095020294,0.05257965810596943
NC_tv,1,22,0.032624494,0.028192129,0.021792021580040455,0.03860064689069986
NC_tv,1,23,0.025278386,0.024114588,0.020787492860108614,0.028231314849108458
NC_tv,1,24,0.050300952,0.04836615,0.0391915999352932,0.05914238467812538
NC_tv,1,25,0.06367856,0.0609606,0.05094501655548811,0.07317165099084377
NC_tv,1,26,0.025821084,0.02385012,0.018877150025218725,0.030077530071139336
NC_tv,1,27,0.037920166,0.03312393,0.02455327194184065,0.04523760639131069
NC_tv,1,28,0.049794294,0.048471965,0.040217017754912376,0.05805684253573418
NC_tv,1,29,0.044009767,0.04212492,0.033209044486284256,0.05221903044730425
NC_tv,1,30,0.09719977,0.0928013,0.06404085084795952,0.12431290186941624
NC_tv,1,31,0.07755603,0.065633476,0.048399255611002445,0.09649236127734184
NC_tv,1,32,0.04953915,0.039494395,0.023698411416262388,0.06600015610456467
NC_tv,1,33,0.032720875,0.025920715,0.017611199989914894,0.04078832920640707
NC_tv,1,34,0.03412407,0.021330573,0.014924562070518732,0.041798570193350315
NC_tv,1,35,0.11698387,0.10781193,0.0792520996183157,0.1451568603515625
NC_tv,1,36,0.39524955,0.40201092,0.36777152866125107,0.4296822100877762
raw_AE_js,0,1,0.038742665,0.036871232,0.0290115587413311,0.04617435857653618
raw_AE_js,0,2,0.034299213,0.028546263,0.022457804530858994,0.03970719873905182
raw_AE_js,0,3,0.026869876,0.02553319,0.021915435791015625,0.03050519898533821
raw_AE_js,0,4,0.028397037,0.02695586,0.02220730669796467,0.03280617296695709
raw_AE_js,0,5,0.028951436,0.02667541,0.021863693371415138,0.03355726599693298
raw_AE_js,0,6,0.026954925,0.025477722,0.021283403038978577,0.03113807924091816
raw_AE_js,0,7,0.025784029,0.024645606,0.020271601155400276,0.029690388590097427
raw_AE_js,0,8,0.027460568,0.026128024,0.021278291940689087,0.03191613033413887
raw_AE_js,0,9,0.023886325,0.022434518,0.018417444080114365,0.02772369049489498
raw_AE_js,0,10,0.02333897,0.021719066,0.017334552481770515,0.027186879888176918
raw_AE_js,0,11,0.024803312,0.02346913,0.019350143149495125,0.028698375448584557
raw_AE_js,0,12,0.022845205,0.021529038,0.01751282624900341,0.026485981419682503
raw_AE_js,0,13,0.02371334,0.022798466,0.018608279526233673,0.027160970494151115
raw_AE_js,0,14,0.018744417,0.017553363,0.013740835711359978,0.022245068103075027
raw_AE_js,0,15,0.019519873,0.018344153,0.014328128658235073,0.023234199732542038
raw_AE_js,0,16,0.019108605,0.017792242,0.01363456528633833,0.02301190048456192
raw_AE_js,0,17,0.02259003,0.021573551,0.01685469038784504,0.026897607371211052
raw_AE_js,0,18,0.018402306,0.016011693,0.011752408929169178,0.021911906078457832
raw_AE_js,0,19,0.019737193,0.017274177,0.013078558258712292,0.023574842140078545
raw_AE_js,0,20,0.020656092,0.015754616,0.011634202674031258,0.0217521283775568
raw_AE_js,0,21,0.018716736,0.014286496,0.010067635215818882,0.020553739741444588
raw_AE_js,0,22,0.016201142,0.0121622635,0.008456799201667309,0.018169382587075233
raw_AE_js,0,23,0.0235124,0.0170831,0.012545358389616013,0.02285788580775261
raw_AE_js,0,24,0.015622271,0.011191804,0.007864662446081638,0.016415178775787354
raw_AE_js,0,25,0.01764575,0.013537702,0.009853851981461048,0.01873132586479187
raw_AE_js,0,26,0.023640094,0.015583009,0.011031821370124817,0.022436851635575294
raw_AE_js,0,27,0.01883961,0.013779574,0.010415757074952126,0.018975183367729187
raw_AE_js,0,28,0.02260074,0.015236817,0.011601387523114681,0.02074962668120861
raw_AE_js,0,29,0.018773766,0.012527269,0.009296952746808529,0.01767784357070923
raw_AE_js,0,30,0.019721147,0.014458939,0.010989353992044926,0.01934584230184555
raw_AE_js,0,31,0.025368579,0.01796033,0.01369125209748745,0.02466985210776329
raw_AE_js,0,32,0.021459663,0.015033729,0.010802834294736385,0.021944386884570122
raw_AE_js,0,33,0.02032198,0.0137342615,0.009444617666304111,0.02079150266945362
raw_AE_js,0,34,0.021685492,0.016421996,0.012036883272230625,0.023286445066332817
raw_AE_js,0,35,0.025976231,0.021728009,0.015823164954781532,0.029963459819555283
raw_AE_js,0,36,0.03147286,0.030079557,0.025103386491537094,0.036234717816114426
raw_AE_js,1,1,0.03522956,0.032376297,0.025370365474373102,0.0427346546202898
raw_AE_js,1,2,0.02937188,0.025916116,0.02101278491318226,0.033657222986221313
raw_AE_js,1,3,0.025421515,0.024162985,0.020779474638402462,0.02861285349354148
raw_AE_js,1,4,0.026495282,0.024933737,0.020478600170463324,0.0304229692555964
raw_AE_js,1,5,0.026187824,0.024353284,0.02019314281642437,0.0298463748767972
raw_AE_js,1,6,0.023979634,0.0228509,0.018950280733406544,0.02760650170966983
raw_AE_js,1,7,0.02364485,0.022128394,0.018122644163668156,0.027215090114623308
raw_AE_js,1,8,0.024857637,0.02330725,0.01894605392590165,0.028911209665238857
raw_AE_js,1,9,0.022165252,0.02057491,0.016641730442643166,0.025863208808004856
raw_AE_js,1,10,0.021732071,0.020233892,0.015972099732607603,0.025686014909297228
raw_AE_js,1,11,0.022431882,0.021069378,0.01742876647040248,0.026003087870776653
raw_AE_js,1,12,0.021379037,0.020078167,0.016217519529163837,0.02494762744754553
raw_AE_js,1,13,0.02170248,0.020610198,0.01668617967516184,0.025267363991588354
raw_AE_js,1,14,0.017697899,0.016380072,0.012800012715160847,0.02083126688376069
raw_AE_js,1,15,0.018183503,0.016335852,0.012739373371005058,0.021329321432858706
raw_AE_js,1,16,0.018077781,0.016461499,0.012682104483246803,0.02127203019335866
raw_AE_js,1,17,0.020895386,0.0193213,0.015269541181623936,0.02462368318811059
raw_AE_js,1,18,0.017010497,0.014666513,0.01088980701752007,0.020287733525037766
raw_AE_js,1,19,0.018755848,0.016924448,0.012733416864648461,0.022549199406057596
raw_AE_js,1,20,0.018283736,0.01512024,0.011124884942546487,0.021101015154272318
raw_AE_js,1,21,0.017359316,0.014003413,0.009964596712961793,0.020572347566485405
raw_AE_js,1,22,0.01465833,0.011547755,0.00793321244418621,0.017698042560368776
raw_AE_js,1,23,0.021066977,0.016536813,0.01218488672748208,0.022913736291229725
raw_AE_js,1,24,0.015521576,0.011683745,0.008050595177337527,0.018280992284417152
raw_AE_js,1,25,0.01647271,0.013532149,0.010095781879499555,0.01882993197068572
raw_AE_js,1,26,0.019975843,0.014425811,0.00985075649805367,0.021117899101227522
raw_AE_js,1,27,0.017113209,0.0135951135,0.010245868237689137,0.01844284776598215
raw_AE_js,1,28,0.018328074,0.013787445,0.010134570766240358,0.019082884304225445
raw_AE_js,1,29,0.014958717,0.011232323,0.008071365999057889,0.01606900617480278
raw_AE_js,1,30,0.017743843,0.014011066,0.010604966431856155,0.01916164020076394
raw_AE_js,1,31,0.021403387,0.015728,0.011582119623199105,0.021570884622633457
raw_AE_js,1,32,0.01785714,0.012820474,0.008855120511725545,0.01934573706239462
raw_AE_js,1,33,0.018950954,0.012785792,0.00883593549951911,0.019851222168654203
raw_AE_js,1,34,0.020496426,0.015258593,0.011015692492946982,0.022826968226581812
raw_AE_js,1,35,0.02408242,0.01924045,0.013439594767987728,0.028751447796821594
raw_AE_js,1,36,0.029635314,0.028622825,0.023550768848508596,0.034651122987270355
raw_AE_spearman,0,1,0.7500006677227258,0.7645067576102058,0.682961234842525,0.83220234254717
raw_AE_spearman,0,2,0.8092698820362298,0.8132810364559606,0.7729430594362912,0.8509522785384853
raw_AE_spearman,0,3,0.8412005291198038,0.8470725230280336,0.8082854799015585,0.8795256862098298
raw_AE_spearman,0,4,0.8732786396791529,0.8793337703752264,0.845902952620737,0.9051461907076882
raw_AE_spearman,0,5,0.8681544553956289,0.8741026011400127,0.8379143068798239,0.9045962732919255
raw_AE_spearman,0,6,0.8828110806807857,0.8878965292924654,0.8563078425147389,0.9149354992833254
raw_AE_spearman,0,7,0.8876673785083959,0.8945517172413027,0.8635442616029066,0.9192466433845743
raw_AE_spearman,0,8,0.8930364566337751,0.899449486237156,0.8701023114816216,0.9224154818567208
raw_AE_spearman,0,9,0.8974913209206508,0.9043091589906554,0.8750115001277792,0.9286058733985934
raw_AE_spearman,0,10,0.923160652140427,0.928107112823156,0.9059662921731886,0.9455724766069592
raw_AE_spearman,0,11,0.8952802180255444,0.9039405453198556,0.8743243813820154,0.9253036144846054
raw_AE_spearman,0,12,0.912184106340896,0.9174171933917479,0.8929965964448722,0.9382208971544262
raw_AE_spearman,0,13,0.9062480646903349,0.911401237791531,0.8839397942846218,0.9352785145888592
raw_AE_spearman,0,14,0.9369414765791734,0.9420872210443211,0.9215496368038741,0.9575036954347298
raw_AE_spearman,0,15,0.9298329042328344,0.9353646151623907,0.9135496997565962,0.9523914710163446
raw_AE_spearman,0,16,0.9386123185484636,0.9436273736374848,0.924334565713876,0.9588604317825754
raw_AE_spearman,0,17,0.9315534067848108,0.9378183791976894,0.9157734468079294,0.9544701607795643
raw_AE_spearman,0,18,0.9459983120458352,0.9493030734410043,0.9338183170576402,0.9615900098658717
raw_AE_spearman,0,19,0.9459434622125841,0.95044658600765,0.9322750564129872,0.9632457011767355
raw_AE_spearman,0,20,0.9388121411341802,0.9439460438449316,0.9241018233535928,0.9572257469527439
raw_AE_spearman,0,21,0.952087628750873,0.9567724085823176,0.9407556097211268,0.9682925365837398
raw_AE_spearman,0,22,0.9562113418978044,0.9593765042040903,0.9464218291804497,0.9694449938332648
raw_AE_spearman,0,23,0.9415464375404097,0.9451567289694274,0.9292081016218946,0.958085910865927
raw_AE_spearman,0,24,0.9502204961413369,0.9546767471164098,0.9385591234032578,0.9665857596892078
raw_AE_spearman,0,25,0.962195187313907,0.9645978288647652,0.9545434949277214,0.9730440815255094
raw_AE_spearman,0,26,0.9576895737295993,0.960690133103926,0.9492754098539886,0.9698691090723438
raw_AE_spearman,0,27,0.9555567122914299,0.9587108138832275,0.9466744501227259,0.9687223508042072
raw_AE_spearman,0,28,0.9577269439139023,0.9613280147557195,0.9495865509616773,0.9707827864754053
raw_AE_spearman,0,29,0.9549361234467608,0.9585509182649269,0.9455767286303182,0.9692143246036067
raw_AE_spearman,0,30,0.9583650519043002,0.9616697963310703,0.9500336258956947,0.9704944405902535
raw_AE_spearman,0,31,0.9658716617091107,0.969289436549295,0.958550365446917,0.977297696877628
raw_AE_spearman,0,32,0.9604244504207872,0.9647122681605439,0.9513527964140276,0.9744029169468269
raw_AE_spearman,0,33,0.9572237714249634,0.9623342481583129,0.9474575750437818,0.9727516972410805
raw_AE_spearman,0,34,0.9524679092021292,0.9574872492907162,0.9416834796145139,0.9692910537738125
raw_AE_spearman,0,35,0.9499969025554572,0.9541643796042178,0.9394938705283531,0.9663018477983089
raw_AE_spearman,0,36,0.8972569999199745,0.9034735379562965,0.8755332239540605,0.9265286330466864
raw_AE_spearman,1,1,0.77622234487675,0.7902942784185847,0.717207635640396,0.8512204037045228
raw_AE_spearman,1,2,0.8290544437030773,0.8345472886873916,0.7921429915334373,0.8718268606625779
raw_AE_spearman,1,3,0.8619882289766782,0.8686588282054244,0.8317100175765444,0.8988810591768349
raw_AE_spearman,1,4,0.8881481674803745,0.8944531951822525,0.8628537780155561,0.9209571261295398
raw_AE_spearman,1,5,0.8894079484365028,0.8961471191398981,0.8639188213202369,0.9223712625490805
raw_AE_spearman,1,6,0.9019456529845788,0.9082024548814409,0.8800752925075647,0.9307062735970475
raw_AE_spearman,1,7,0.9107704359917597,0.9181642043901983,0.8897943316824022,0.9390553187983541
raw_AE_spearman,1,8,0.9105713220325143,0.9173182405501956,0.8902174596670062,0.9382318593019056
raw_AE_spearman,1,9,0.9164385458520701,0.9236100950543406,0.8961883049850857,0.943450290002014
raw_AE_spearman,1,10,0.9285436681011653,0.9342064812766671,0.9124210824564716,0.9509154384039816
raw_AE_spearman,1,11,0.9125139425330215,0.9184853738028312,0.8936622227324141,0.9379826423551639
raw_AE_spearman,1,12,0.9231586912640211,0.9288913265029857,0.9041599351103901,0.9479386446946851
raw_AE_spearman,1,13,0.9219691129682999,0.9281662109248314,0.9024411303408244,0.9480946205397933
raw_AE_spearman,1,14,0.943409217164345,0.9479096969820013,0.9300399796727352,0.96221422255905
raw_AE_spearman,1,15,0.9409650918070168,0.9453467284387361,0.9277362761597281,0.9593040351720313
raw_AE_spearman,1,16,0.9421645129736387,0.9466792294378499,0.9287684046304734,0.9614509541605494
raw_AE_spearman,1,17,0.9419344232787001,0.9474666952997555,0.9291282570634753,0.9608579951599239
raw_AE_spearman,1,18,0.9523549561366401,0.9555879509772331,0.9418101563212381,0.9668336314847943
raw_AE_spearman,1,19,0.9491703725155016,0.9532157902875913,0.9374097477545752,0.9655182835364837
raw_AE_spearman,1,20,0.9469054393647928,0.9507204408065861,0.9351961688463205,0.9627309143577013
raw_AE_spearman,1,21,0.9606366318899792,0.9641556463458221,0.9522596593942065,0.9731320783961904
raw_AE_spearman,1,22,0.9619602739264226,0.9646099710008126,0.9530391155723494,0.9740921988573122
raw_AE_spearman,1,23,0.9471675895006917,0.9506794774379952,0.935074804415666,0.9632875555646728
raw_AE_spearman,1,24,0.9530761704332985,0.9577037239594333,0.9413939251961511,0.9702527349943765
raw_AE_spearman,1,25,0.9646872494118196,0.9672800944452313,0.9573408168618448,0.9749674996388848
raw_AE_spearman,1,26,0.9616530717475765,0.9648023923885991,0.9533653206066999,0.9735604798124591
raw_AE_spearman,1,27,0.9606881613651121,0.9637705815756836,0.9520481131639075,0.9731758944572304
raw_AE_spearman,1,28,0.9654188846064489,0.9684185503953741,0.9581984575217855,0.9765878421050833
raw_AE_spearman,1,29,0.9630223669698558,0.9663526559980657,0.9553324452906056,0.9746913700723625
raw_AE_spearman,1,30,0.9644602927080759,0.967508210045742,0.957212851611364,0.97520985063945
raw_AE_spearman,1,31,0.9731988305556478,0.9757685737230433,0.9675878970882631,0.9818510205668951
raw_AE_spearman,1,32,0.9686792724648686,0.9722869365171417,0.9613518866857313,0.9802431469223882
raw_AE_spearman,1,33,0.9673586555890594,0.9713365704063379,0.9601907193726296,0.9792636084321271
raw_AE_spearman,1,34,0.9615103681514442,0.9663537456397977,0.9525708943623241,0.9759376229793204
raw_AE_spearman,1,35,0.9604975759623219,0.9645240897554275,0.9518247796482434,0.9745142621257545
raw_AE_spearman,1,36,0.9165684682966897,0.9222462785019643,0.8975567506305626,0.9424720274669719
raw_AE_top32,0,1,0.6865961241804859,0.6875,0.625,0.75
raw_AE_top32,0,2,0.7199913227921326,0.71875,0.65625,0.78125
raw_AE_top32,0,3,0.721943694562283,0.71875,0.65625,0.78125
raw_AE_top32,0,4,0.7230283455457,0.71875,0.65625,0.78125
raw_AE_top32,0,5,0.7426002699575781,0.75,0.6875,0.8125
raw_AE_top32,0,6,0.7526031623602005,0.75,0.6875,0.8125
raw_AE_top32,0,7,0.7785745275742383,0.78125,0.71875,0.84375
raw_AE_top32,0,8,0.7659684728114153,0.78125,0.71875,0.8125
raw_AE_top32,0,9,0.8068598148862322,0.8125,0.75,0.875
raw_AE_top32,0,10,0.8181160817585807,0.8125,0.78125,0.875
raw_AE_top32,0,11,0.8009303895102198,0.8125,0.75,0.84375
raw_AE_top32,0,12,0.8132472040107983,0.8125,0.75,0.875
raw_AE_top32,0,13,0.8001349787890475,0.8125,0.75,0.84375
raw_AE_top32,0,14,0.8481368106440417,0.84375,0.8125,0.90625
raw_AE_top32,0,15,0.8482091207096027,0.84375,0.8125,0.90625
raw_AE_top32,0,16,0.851776417277285,0.84375,0.8125,0.90625
raw_AE_top32,0,17,0.8304690512919398,0.84375,0.78125,0.875
raw_AE_top32,0,18,0.86835952564597,0.875,0.84375,0.90625
raw_AE_top32,0,19,0.8591520439645198,0.875,0.8125,0.90625
raw_AE_top32,0,20,0.8672387196297725,0.875,0.84375,0.90625
raw_AE_top32,0,21,0.8769523717701504,0.875,0.84375,0.90625
raw_AE_top32,0,22,0.8821827998457386,0.875,0.84375,0.9375
raw_AE_top32,0,23,0.8554160239105284,0.875,0.8125,0.90625
raw_AE_top32,0,24,0.8876783648283841,0.90625,0.84375,0.9375
raw_AE_top32,0,25,0.88420748168145,0.875,0.84375,0.9375
raw_AE_top32,0,26,0.8725535094485153,0.875,0.84375,0.90625
raw_AE_top32,0,27,0.8826528152718859,0.875,0.84375,0.9375
raw_AE_top32,0,28,0.8685041457770921,0.875,0.84375,0.90625
raw_AE_top32,0,29,0.8788926918627072,0.875,0.84375,0.90625
raw_AE_top32,0,30,0.8784106247589665,0.875,0.84375,0.90625
raw_AE_top32,0,31,0.8486188777477824,0.84375,0.8125,0.90625
raw_AE_top32,0,32,0.8625265136907058,0.875,0.8125,0.90625
raw_AE_top32,0,33,0.8688897994600848,0.875,0.84375,0.90625
raw_AE_top32,0,34,0.8631411492479754,0.875,0.8125,0.90625
raw_AE_top32,0,35,0.8444731006556112,0.84375,0.8125,0.90625
raw_AE_top32,0,36,0.7696683378326263,0.78125,0.71875,0.8125
raw_AE_top32,1,1,0.6996310057003258,0.71875,0.65625,0.75
raw_AE_top32,1,2,0.7337362581433224,0.75,0.6875,0.78125
raw_AE_top32,1,3,0.7406758957654723,0.75,0.6875,0.8125
raw_AE_top32,1,4,0.7469029926710098,0.75,0.6875,0.8125
raw_AE_top32,1,5,0.7702030741042345,0.78125,0.71875,0.8125
raw_AE_top32,1,6,0.7836242874592834,0.78125,0.71875,0.84375
raw_AE_top32,1,7,0.8030893729641694,0.8125,0.75,0.84375
raw_AE_top32,1,8,0.791803236970684,0.8125,0.75,0.84375
raw_AE_top32,1,9,0.8228649226384365,0.84375,0.78125,0.875
raw_AE_top32,1,10,0.8234171416938111,0.84375,0.78125,0.875
raw_AE_top32,1,11,0.8177600773615635,0.8125,0.78125,0.875
raw_AE_top32,1,12,0.823735240228013,0.84375,0.78125,0.875
raw_AE_top32,1,13,0.8209741449511401,0.8125,0.78125,0.875
raw_AE_top32,1,14,0.8584461522801303,0.875,0.8125,0.90625
raw_AE_top32,1,15,0.8609883957654723,0.875,0.8125,0.90625
raw_AE_top32,1,16,0.8606575732899023,0.875,0.8125,0.90625
raw_AE_top32,1,17,0.8375788884364821,0.84375,0.78125,0.875
raw_AE_top32,1,18,0.8768729641693811,0.875,0.84375,0.90625
raw_AE_top32,1,19,0.8614540920195439,0.875,0.8125,0.90625
raw_AE_top32,1,20,0.8752061278501628,0.875,0.84375,0.90625
raw_AE_top32,1,21,0.8814332247557003,0.875,0.84375,0.9375
raw_AE_top32,1,22,0.8933835504885993,0.90625,0.875,0.9375
raw_AE_top32,1,23,0.8660474348534202,0.875,0.8125,0.90625
raw_AE_top32,1,24,0.8924903298045602,0.90625,0.875,0.9375
raw_AE_top32,1,25,0.8855481473941368,0.90625,0.84375,0.9375
raw_AE_top32,1,26,0.887036848534202,0.90625,0.84375,0.9375
raw_AE_top32,1,27,0.8893551506514658,0.90625,0.84375,0.9375
raw_AE_top32,1,28,0.8846142100977199,0.90625,0.84375,0.9375
raw_AE_top32,1,29,0.8953888436482085,0.90625,0.875,0.9375
raw_AE_top32,1,30,0.8849475773615635,0.875,0.84375,0.9375
raw_AE_top32,1,31,0.8698798859934853,0.875,0.84375,0.90625
raw_AE_top32,1,32,0.885441266286645,0.90625,0.84375,0.9375
raw_AE_top32,1,33,0.8841739617263844,0.875,0.84375,0.9375
raw_AE_top32,1,34,0.875086522801303,0.875,0.84375,0.90625
raw_AE_top32,1,35,0.8567156962540716,0.875,0.8125,0.90625
raw_AE_top32,1,36,0.7892635382736156,0.78125,0.75,0.84375
raw_AE_tv,0,1,0.20245902,0.19883415,0.18311414122581482,0.21752236783504486
raw_AE_tv,0,2,0.1985606,0.18598366,0.1643281877040863,0.22235766053199768
raw_AE_tv,0,3,0.17740206,0.1758573,0.16377414762973785,0.18923038244247437
raw_AE_tv,0,4,0.18236642,0.18044464,0.16482843458652496,0.19816723465919495
raw_AE_tv,0,5,0.18447745,0.18013346,0.16429805755615234,0.20012307167053223
raw_AE_tv,0,6,0.17759848,0.17604217,0.16089311242103577,0.1925729215145111
raw_AE_tv,0,7,0.17354397,0.1722453,0.15593311190605164,0.1893073171377182
raw_AE_tv,0,8,0.17977382,0.17797804,0.16028490662574768,0.19652466475963593
raw_AE_tv,0,9,0.16574086,0.1629851,0.14545947313308716,0.18310603499412537
raw_AE_tv,0,10,0.1628925,0.16017824,0.1408490538597107,0.1814160943031311
raw_AE_tv,0,11,0.17007661,0.1674378,0.1510138064622879,0.18614603579044342
raw_AE_tv,0,12,0.1622684,0.16054307,0.1421753466129303,0.18006229400634766
raw_AE_tv,0,13,0.1666874,0.1653353,0.14865663647651672,0.18288764357566833
raw_AE_tv,0,14,0.14425321,0.1417329,0.12250864505767822,0.16290147602558136
raw_AE_tv,0,15,0.1465628,0.14474413,0.12387410551309586,0.16544920206069946
raw_AE_tv,0,16,0.1429324,0.14094786,0.11870554089546204,0.16413834691047668
raw_AE_tv,0,17,0.15863581,0.15713602,0.13670320808887482,0.1787157505750656
raw_AE_tv,0,18,0.13632396,0.13235705,0.10920526087284088,0.15777823328971863
raw_AE_tv,0,19,0.14306143,0.13907251,0.11701016128063202,0.16557461023330688
raw_AE_tv,0,20,0.14041555,0.13221961,0.10912628471851349,0.1602407693862915
raw_AE_tv,0,21,0.13207364,0.12414535,0.09985308349132538,0.15390746295452118
raw_AE_tv,0,22,0.12094614,0.11121983,0.0881858691573143,0.1436329036951065
raw_AE_tv,0,23,0.1491395,0.13700372,0.11466168612241745,0.16413965821266174
raw_AE_tv,0,24,0.117003925,0.10749516,0.085192009806633,0.1376642882823944
raw_AE_tv,0,25,0.129247,0.12110065,0.0998363345861435,0.14636391401290894
raw_AE_tv,0,26,0.14688025,0.13207556,0.1062980592250824,0.1639711856842041
raw_AE_tv,0,27,0.13347445,0.12362118,0.10317829251289368,0.14898279309272766
raw_AE_tv,0,28,0.14448062,0.13078095,0.10896830260753632,0.1550644189119339
raw_AE_tv,0,29,0.12707657,0.11416717,0.09210518002510071,0.1419696807861328
raw_AE_tv,0,30,0.13628446,0.12570257,0.10499336570501328,0.15121671557426453
raw_AE_tv,0,31,0.15509863,0.1407822,0.11703016608953476,0.1699766218662262
raw_AE_tv,0,32,0.1366575,0.12231715,0.09648963809013367,0.15659235417842865
raw_AE_tv,0,33,0.1303366,0.11580202,0.08720637112855911,0.15294668078422546
raw_AE_tv,0,34,0.1421774,0.13105227,0.10522288084030151,0.16255299746990204
raw_AE_tv,0,35,0.1609113,0.15268221,0.12481997162103653,0.1858348250389099
raw_AE_tv,0,36,0.19392362,0.1920076,0.17494571208953857,0.20944646000862122
raw_AE_tv,1,1,0.19640966,0.1923551,0.1770499348640442,0.2115270234644413
raw_AE_tv,1,2,0.18577512,0.17858851,0.15884962677955627,0.20560602471232414
raw_AE_tv,1,3,0.17427798,0.17248222,0.1606854759156704,0.18583019450306892
raw_AE_tv,1,4,0.17670049,0.1748285,0.158793393522501,0.19209915399551392
raw_AE_tv,1,5,0.1765564,0.17291142,0.1575932763516903,0.19110149890184402
raw_AE_tv,1,6,0.16884096,0.16740039,0.15227240696549416,0.18324819207191467
raw_AE_tv,1,7,0.16738482,0.16498333,0.1482626013457775,0.18343918770551682
raw_AE_tv,1,8,0.17097355,0.16845745,0.1509447917342186,0.18761377409100533
raw_AE_tv,1,9,0.15985838,0.15654984,0.13887280598282814,0.17759163305163383
raw_AE_tv,1,10,0.15741579,0.15540214,0.13487569242715836,0.17651961743831635
raw_AE_tv,1,11,0.16229674,0.15956418,0.1432005539536476,0.17856212705373764
raw_AE_tv,1,12,0.15738828,0.15537891,0.1370837762951851,0.17469610646367073
raw_AE_tv,1,13,0.15935953,0.15768714,0.1401587724685669,0.17609398812055588
raw_AE_tv,1,14,0.14016576,0.1369706,0.1183832660317421,0.15811588242650032
raw_AE_tv,1,15,0.14034964,0.13567917,0.11593428999185562,0.15873421728610992
raw_AE_tv,1,16,0.13843085,0.13455518,0.1149965152144432,0.1566172018647194
raw_AE_tv,1,17,0.15216619,0.14949535,0.13075550645589828,0.17016388848423958
raw_AE_tv,1,18,0.131208,0.12543046,0.10366546735167503,0.15193840488791466
raw_AE_tv,1,19,0.14085318,0.13773972,0.11637945100665092,0.16131719946861267
raw_AE_tv,1,20,0.13518576,0.12967649,0.10639307275414467,0.1569777876138687
raw_AE_tv,1,21,0.13080785,0.12381046,0.09980310499668121,0.154002133756876
raw_AE_tv,1,22,0.11764068,0.10933578,0.08544796891510487,0.14138327538967133
raw_AE_tv,1,23,0.14448002,0.13558337,0.11292939819395542,0.1649267114698887
raw_AE_tv,1,24,0.12116565,0.111075394,0.08747245371341705,0.14445538073778152
raw_AE_tv,1,25,0.12944107,0.12273499,0.10240107215940952,0.14976182579994202
raw_AE_tv,1,26,0.13641526,0.12598576,0.09863243997097015,0.15951411426067352
raw_AE_tv,1,27,0.12969722,0.12291509,0.10206160880625248,0.1480022743344307
raw_AE_tv,1,28,0.13036445,0.12049098,0.09865256398916245,0.14883994311094284
raw_AE_tv,1,29,0.11392662,0.105567865,0.08265568502247334,0.13399195298552513
raw_AE_tv,1,30,0.13171655,0.124402285,0.10307454317808151,0.1506483219563961
raw_AE_tv,1,31,0.14163649,0.13029292,0.10715269669890404,0.15830131992697716
raw_AE_tv,1,32,0.12241169,0.11062202,0.08483096212148666,0.14457996934652328
raw_AE_tv,1,33,0.12567988,0.11008082,0.08446361124515533,0.14803772419691086
raw_AE_tv,1,34,0.13725838,0.1258446,0.10032943822443485,0.16005179286003113
raw_AE_tv,1,35,0.15194196,0.14151257,0.11254952102899551,0.18039807304739952
raw_AE_tv,1,36,0.18983695,0.18919101,0.1713874638080597,0.2077953703701496
ot_TC,0,1,0.13336156,0.129715,0.10599835216999054,0.15647664666175842
ot_TC,0,2,0.15229452,0.14654423,0.11936251819133759,0.17836204171180725
ot_TC,0,3,0.121145085,0.11779538,0.09816015511751175,0.14050793647766113
ot_TC,0,4,0.12758182,0.12637843,0.10471662878990173,0.1493305116891861
ot_TC,0,5,0.113668926,0.107529506,0.08816339820623398,0.1314307451248169
ot_TC,0,6,0.09006009,0.08819005,0.07096125185489655,0.10676448792219162
ot_TC,0,7,0.09255045,0.089101814,0.06980622559785843,0.11124081164598465
ot_TC,0,8,0.0836258,0.079925396,0.06323464214801788,0.100030317902565
ot_TC,0,9,0.056965843,0.052448962,0.03964041545987129,0.06915494799613953
ot_TC,0,10,0.09102368,0.0877654,0.06830239295959473,0.11029773205518723
ot_TC,0,11,0.067696884,0.06337047,0.04850976541638374,0.08246030658483505
ot_TC,0,12,0.07123309,0.06730775,0.05254672095179558,0.08585990965366364
ot_TC,0,13,0.07779811,0.07501524,0.05861430987715721,0.09314994513988495
ot_TC,0,14,0.062311787,0.058177926,0.04621186479926109,0.07364893704652786
ot_TC,0,15,0.07275854,0.070426345,0.055434588342905045,0.0864885151386261
ot_TC,0,16,0.112944804,0.1051927,0.0853119045495987,0.13338929414749146
ot_TC,0,17,0.10641802,0.10037327,0.08143901824951172,0.12496092170476913
ot_TC,0,18,0.09089471,0.08559286,0.07020104676485062,0.10558131337165833
ot_TC,0,19,0.08925543,0.08413241,0.0682264119386673,0.10375405848026276
ot_TC,0,20,0.06836921,0.061142944,0.047698382288217545,0.07858432084321976
ot_TC,0,21,0.05894429,0.052752867,0.04104619845747948,0.0684376135468483
ot_TC,0,22,0.054997485,0.04981001,0.03790024295449257,0.065703846514225
ot_TC,0,23,0.0747954,0.06569291,0.05146275833249092,0.08374065160751343
ot_TC,0,24,0.056134384,0.05022379,0.03717704489827156,0.06574209034442902
ot_TC,0,25,0.08036828,0.074077494,0.05892733857035637,0.09357190877199173
ot_TC,0,26,0.071403734,0.0611991,0.04571722075343132,0.08114096522331238
ot_TC,0,27,0.063746326,0.05687716,0.04282389581203461,0.07375859469175339
ot_TC,0,28,0.074295424,0.065128535,0.04966265335679054,0.08307501673698425
ot_TC,0,29,0.058001123,0.048782196,0.03550656512379646,0.066888228058815
ot_TC,0,30,0.08906074,0.0793653,0.05906816944479942,0.10696087032556534
ot_TC,0,31,0.09324319,0.081849776,0.06338053196668625,0.10577883571386337
ot_TC,0,32,0.0790987,0.070101574,0.052536360919475555,0.09286347031593323
ot_TC,0,33,0.0759885,0.064330645,0.04540393874049187,0.0892079547047615
ot_TC,0,34,0.08146199,0.07474812,0.057794250547885895,0.09582923352718353
ot_TC,0,35,0.09104674,0.08346014,0.06407345086336136,0.10876819491386414
ot_TC,0,36,0.19583231,0.19569986,0.17148816585540771,0.21891623735427856
ot_TC,1,1,0.12706876,0.12251113,0.10025030374526978,0.1497790887951851
ot_TC,1,2,0.13962989,0.13531387,0.11178156733512878,0.1626732274889946
ot_TC,1,3,0.11483069,0.11207718,0.09239491820335388,0.133951585739851
ot_TC,1,4,0.11409042,0.11304535,0.0909517128020525,0.13593973591923714
ot_TC,1,5,0.09783537,0.09403456,0.07565954327583313,0.11556639149785042
ot_TC,1,6,0.077391125,0.07361701,0.05711496155709028,0.09358317032456398
ot_TC,1,7,0.08100371,0.07664834,0.058233002200722694,0.09848255477845669
ot_TC,1,8,0.07281245,0.06921611,0.05334210395812988,0.08834349736571312
ot_TC,1,9,0.05557029,0.05134611,0.0395083948969841,0.06728274561464787
ot_TC,1,10,0.08413027,0.08109926,0.06362790986895561,0.10084565915167332
ot_TC,1,11,0.06309919,0.0585314,0.04501067940145731,0.07580850273370743
ot_TC,1,12,0.06984893,0.06498505,0.0503882123157382,0.08381102606654167
ot_TC,1,13,0.06895746,0.06501516,0.051224798895418644,0.08234315365552902
ot_TC,1,14,0.06040575,0.05607307,0.04502785298973322,0.07140562310814857
ot_TC,1,15,0.06788048,0.06319676,0.05004991218447685,0.08043469116091728
ot_TC,1,16,0.10788482,0.101819195,0.08314911834895611,0.12499651871621609
ot_TC,1,17,0.09979629,0.094959155,0.07899294421076775,0.11465674079954624
ot_TC,1,18,0.0871072,0.082156144,0.06836979277431965,0.10023019462823868
ot_TC,1,19,0.088827126,0.08504626,0.07025052979588509,0.10276603884994984
ot_TC,1,20,0.07142975,0.066360764,0.05234589707106352,0.0846208818256855
ot_TC,1,21,0.06119181,0.05678605,0.04459273722022772,0.0724366083741188
ot_TC,1,22,0.054891426,0.051049538,0.03995057940483093,0.06534241698682308
ot_TC,1,23,0.07263014,0.06632149,0.05274025350809097,0.0836232379078865
ot_TC,1,24,0.05274883,0.047821604,0.03644924983382225,0.06301950663328171
ot_TC,1,25,0.07045925,0.066426784,0.05268914811313152,0.08339804038405418
ot_TC,1,26,0.06604891,0.05758385,0.04333618190139532,0.07772240601480007
ot_TC,1,27,0.05923727,0.053783678,0.04147277865558863,0.07026194781064987
ot_TC,1,28,0.06628793,0.05951486,0.04601794667541981,0.07817343808710575
ot_TC,1,29,0.05519424,0.047724247,0.035353838466107845,0.06711289845407009
ot_TC,1,30,0.089044645,0.07937926,0.05772499367594719,0.11166371405124664
ot_TC,1,31,0.08890519,0.080231905,0.06150787230581045,0.10449210926890373
ot_TC,1,32,0.06867493,0.061838344,0.048040286637842655,0.08117993362247944
ot_TC,1,33,0.08034337,0.0700035,0.05279984511435032,0.09545993059873581
ot_TC,1,34,0.08331659,0.07604346,0.057580647990107536,0.1004861481487751
ot_TC,1,35,0.08908274,0.081362486,0.06192659866064787,0.10856161266565323
ot_TC,1,36,0.19247498,0.19136083,0.16778995096683502,0.21687982976436615
ot_WC,0,1,0.03855469,0.037336618,0.025745399296283722,0.04953542351722717
ot_WC,0,2,0.09902306,0.097468235,0.08347617089748383,0.11339280754327774
ot_WC,0,3,0.025413124,0.024298815,0.02017001248896122,0.02914407104253769
ot_WC,0,4,0.022599883,0.021321066,0.016675710678100586,0.027184877544641495
ot_WC,0,5,0.019638566,0.0191129,0.015618101693689823,0.023071518167853355
ot_WC,0,6,0.012837287,0.011816681,0.008732830174267292,0.015849942341446877
ot_WC,0,7,0.009394303,0.008318664,0.00596377719193697,0.01136879064142704
ot_WC,0,8,0.008406218,0.006890592,0.005352991167455912,0.009336162358522415
ot_WC,0,9,0.008355591,0.0075788563,0.005597223993390799,0.010168613865971565
ot_WC,0,10,0.03234971,0.030663848,0.020407404750585556,0.04172434285283089
ot_WC,0,11,0.011139806,0.0092587555,0.006459909025579691,0.014120330102741718
ot_WC,0,12,0.017464954,0.01400804,0.009106491692364216,0.02287381887435913
ot_WC,0,13,0.011118196,0.010002708,0.007655137684196234,0.01288107130676508
ot_WC,0,14,0.01351518,0.012473521,0.009827847592532635,0.01598021201789379
ot_WC,0,15,0.011322422,0.0104897665,0.008110874332487583,0.013493334874510765
ot_WC,0,16,0.02806736,0.02451106,0.018604150041937828,0.033696144819259644
ot_WC,0,17,0.013833907,0.013006207,0.010379883460700512,0.016359176486730576
ot_WC,0,18,0.016233835,0.015173942,0.012132328934967518,0.018999837338924408
ot_WC,0,19,0.016941624,0.015504642,0.011829650960862637,0.02009095624089241
ot_WC,0,20,0.013025229,0.011651172,0.008872468955814838,0.015486552380025387
ot_WC,0,21,0.015863279,0.014582483,0.011104327626526356,0.01949365995824337
ot_WC,0,22,0.01012613,0.008891383,0.006599619053304195,0.012229866348206997
ot_WC,0,23,0.010722095,0.009094494,0.007124096155166626,0.012052292935550213
ot_WC,0,24,0.015502547,0.014221978,0.010906758718192577,0.018795667216181755
ot_WC,0,25,0.03132279,0.029322714,0.022308578714728355,0.03837938606739044
ot_WC,0,26,0.0107731195,0.009376399,0.006737306714057922,0.012939998880028725
ot_WC,0,27,0.014363812,0.012437345,0.009114814922213554,0.017409607768058777
ot_WC,0,28,0.016248295,0.015093057,0.011613723821938038,0.019825704395771027
ot_WC,0,29,0.015573465,0.014180962,0.010560200549662113,0.0187994334846735
ot_WC,0,30,0.0365933,0.033461697,0.023798808455467224,0.046255167573690414
ot_WC,0,31,0.029303374,0.02632047,0.018500501289963722,0.036302171647548676
ot_WC,0,32,0.01401655,0.010385531,0.00709607545286417,0.016856752336025238
ot_WC,0,33,0.012616616,0.010306726,0.007108820602297783,0.015987718477845192
ot_WC,0,34,0.014768655,0.008730686,0.005889870226383209,0.016202827915549278
ot_WC,0,35,0.045870963,0.036918256,0.02238536812365055,0.062218304723501205
ot_WC,0,36,0.20466995,0.20858882,0.18195894360542297,0.23049594461917877
ot_WC,1,1,0.043063827,0.04172633,0.028973223641514778,0.056181229650974274
ot_WC,1,2,0.09506252,0.09350162,0.07826973870396614,0.10987221635878086
ot_WC,1,3,0.025415486,0.02434975,0.01991248270496726,0.029436802957206964
ot_WC,1,4,0.023660196,0.022857517,0.0178874172270298,0.02849070681259036
ot_WC,1,5,0.018268075,0.017795194,0.014633133308961987,0.021335821133106947
ot_WC,1,6,0.011853064,0.010586435,0.008081892039626837,0.014552196254953742
ot_WC,1,7,0.009128471,0.007530679,0.005604003905318677,0.010673516429960728
ot_WC,1,8,0.008436907,0.007049835,0.005380870890803635,0.009594453731551766
ot_WC,1,9,0.009140697,0.00829877,0.006152403773739934,0.011193959508091211
ot_WC,1,10,0.032014523,0.028725911,0.018996512051671743,0.04249852802604437
ot_WC,1,11,0.0116432095,0.009576932,0.006517705740407109,0.014701967360451818
ot_WC,1,12,0.017885923,0.013704822,0.008821737254038453,0.023991769645363092
ot_WC,1,13,0.010928045,0.009767165,0.007657147478312254,0.01279688929207623
ot_WC,1,14,0.014464227,0.013311308,0.01006295857951045,0.017786836251616478
ot_WC,1,15,0.0112109035,0.0101737995,0.008113377261906862,0.013119513867422938
ot_WC,1,16,0.026347142,0.023298988,0.018203048035502434,0.03089824551716447
ot_WC,1,17,0.013440886,0.012719388,0.010414843214675784,0.015550126554444432
ot_WC,1,18,0.01579925,0.015056478,0.01197288278490305,0.01864720694720745
ot_WC,1,19,0.016256789,0.014901452,0.01158498926088214,0.01933677215129137
ot_WC,1,20,0.01421804,0.013029315,0.010040300898253918,0.017020168714225292
ot_WC,1,21,0.01599698,0.015195321,0.011956269852817059,0.019287533592432737
ot_WC,1,22,0.012557976,0.010756351,0.008040268206968904,0.01505393092520535
ot_WC,1,23,0.009421429,0.008398721,0.006860542576760054,0.010664414847269654
ot_WC,1,24,0.017785711,0.01658144,0.012840941082686186,0.02154011745005846
ot_WC,1,25,0.02751507,0.025988732,0.020108948461711407,0.03315198887139559
ot_WC,1,26,0.009914426,0.008883734,0.006734429392963648,0.011775619583204389
ot_WC,1,27,0.013918621,0.012017269,0.008779287338256836,0.016716846730560064
ot_WC,1,28,0.01612524,0.01533163,0.012046517804265022,0.019345013424754143
ot_WC,1,29,0.017061926,0.016104199,0.01237764791585505,0.020615799818187952
ot_WC,1,30,0.036942676,0.034172695,0.02356642857193947,0.04713898804038763
ot_WC,1,31,0.0327907,0.028370982,0.020512444898486137,0.04054033849388361
ot_WC,1,32,0.021019267,0.016492825,0.00981204304844141,0.02797098783776164
ot_WC,1,33,0.013886004,0.010966336,0.007223662920296192,0.01733417436480522
ot_WC,1,34,0.016507115,0.009867219,0.006257668137550354,0.020753686781972647
ot_WC,1,35,0.043434005,0.03737293,0.025262068957090378,0.05498356744647026
ot_WC,1,36,0.2017083,0.20417729,0.18013424798846245,0.22570350393652916
ot_TE,0,1,0.13210392,0.12828296,0.10347174853086472,0.1567484587430954
ot_TE,0,2,0.14201708,0.13622372,0.11005208641290665,0.16544422507286072
ot_TE,0,3,0.12631239,0.12272629,0.1027866080403328,0.1462990939617157
ot_TE,0,4,0.12792908,0.1262818,0.10451888293027878,0.1499098837375641
ot_TE,0,5,0.11559251,0.108207375,0.08958486467599869,0.13336291909217834
ot_TE,0,6,0.092250675,0.09074325,0.07238210737705231,0.10929422080516815
ot_TE,0,7,0.0939986,0.090828106,0.0710502564907074,0.1132194846868515
ot_TE,0,8,0.084461614,0.080742955,0.06377601623535156,0.10106948018074036
ot_TE,0,9,0.057119213,0.052631315,0.03988310322165489,0.06930308043956757
ot_TE,0,10,0.09062047,0.08657912,0.06752750277519226,0.109855517745018
ot_TE,0,11,0.06768747,0.06339579,0.04853193089365959,0.0826893225312233
ot_TE,0,12,0.07136084,0.06737171,0.052750494331121445,0.08608029782772064
ot_TE,0,13,0.07823749,0.07536543,0.05884258821606636,0.09366608411073685
ot_TE,0,14,0.06342141,0.059253097,0.04771371930837631,0.0749819278717041
ot_TE,0,15,0.07296822,0.070383,0.056012045592069626,0.08654282987117767
ot_TE,0,16,0.106053576,0.09906287,0.0811910405755043,0.12439355254173279
ot_TE,0,17,0.10688661,0.10034614,0.08124101161956787,0.1262304186820984
ot_TE,0,18,0.0940806,0.08923543,0.07294593751430511,0.10899698734283447
ot_TE,0,19,0.091539435,0.086471125,0.0702189952135086,0.10652057826519012
ot_TE,0,20,0.06884814,0.0621154,0.048417653888463974,0.07945077866315842
ot_TE,0,21,0.059049577,0.0529767,0.04120384156703949,0.06850724667310715
ot_TE,0,22,0.054964807,0.04968,0.03791096806526184,0.06550951302051544
ot_TE,0,23,0.07457655,0.06551398,0.05161666125059128,0.08365462720394135
ot_TE,0,24,0.056000616,0.050670993,0.03725673258304596,0.06591606140136719
ot_TE,0,25,0.08043298,0.07440393,0.05939609557390213,0.09370549023151398
ot_TE,0,26,0.07144651,0.06123396,0.045851558446884155,0.0815376490354538
ot_TE,0,27,0.06420964,0.057546683,0.04345431551337242,0.07415013760328293
ot_TE,0,28,0.074073665,0.06507669,0.04984135553240776,0.08246693760156631
ot_TE,0,29,0.057953194,0.048685644,0.035427723079919815,0.06712815910577774
ot_TE,0,30,0.09067232,0.08122995,0.06097148358821869,0.10867459326982498
ot_TE,0,31,0.09261261,0.08109195,0.06326965242624283,0.10401009768247604
ot_TE,0,32,0.080157764,0.07118125,0.05373552069067955,0.09395408630371094
ot_TE,0,33,0.07650548,0.06479533,0.04615233838558197,0.08976354449987411
ot_TE,0,34,0.0825523,0.075302266,0.0587870292365551,0.09614922851324081
ot_TE,0,35,0.083901644,0.07550109,0.058350350707769394,0.09832096844911575
ot_TE,0,36,0.20307514,0.2028433,0.17658314108848572,0.2291339635848999
ot_TE,1,1,0.12420253,0.1196287,0.09485525637865067,0.14807846769690514
ot_TE,1,2,0.12930253,0.12496807,0.10095839947462082,0.15264400094747543
ot_TE,1,3,0.11964518,0.11686718,0.0969233550131321,0.1389622762799263
ot_TE,1,4,0.116062485,0.11379614,0.09261208958923817,0.137344092130661
ot_TE,1,5,0.10098629,0.096741706,0.07871426828205585,0.11901410296559334
ot_TE,1,6,0.07937721,0.07537406,0.05885613802820444,0.0956970602273941
ot_TE,1,7,0.08198664,0.07749068,0.059366052970290184,0.09977656602859497
ot_TE,1,8,0.07325253,0.06947082,0.0534899840131402,0.0888314601033926
ot_TE,1,9,0.05577714,0.05150269,0.039788611233234406,0.06740159913897514
ot_TE,1,10,0.08353366,0.08033102,0.06296045705676079,0.10029017366468906
ot_TE,1,11,0.06321324,0.058845595,0.045209698379039764,0.0762032363563776
ot_TE,1,12,0.0697511,0.06500242,0.05052102729678154,0.08345860429108143
ot_TE,1,13,0.06878055,0.0647685,0.051042329519987106,0.08224597573280334
ot_TE,1,14,0.06081365,0.056642607,0.045523205772042274,0.07175781950354576
ot_TE,1,15,0.06748869,0.062922925,0.04989498853683472,0.07997237145900726
ot_TE,1,16,0.10078145,0.09542082,0.07789812237024307,0.11705217696726322
ot_TE,1,17,0.100629605,0.09545848,0.07922839373350143,0.1157030388712883
ot_TE,1,18,0.090013675,0.08523786,0.0711606815457344,0.1034075915813446
ot_TE,1,19,0.09073222,0.086964,0.07188351638615131,0.105090556666255
ot_TE,1,20,0.07168916,0.06690219,0.05293757375329733,0.08469710499048233
ot_TE,1,21,0.061108604,0.056815222,0.044841925613582134,0.07223824225366116
ot_TE,1,22,0.0548071,0.050956704,0.03994851466268301,0.06517571769654751
ot_TE,1,23,0.07225738,0.06606381,0.052640619687736034,0.08311822451651096
ot_TE,1,24,0.052497268,0.047598347,0.03645039349794388,0.06261972896754742
ot_TE,1,25,0.07073406,0.06663501,0.05309788230806589,0.08369652926921844
ot_TE,1,26,0.0657555,0.05743189,0.04349627532064915,0.07652636617422104
ot_TE,1,27,0.059643622,0.054233823,0.04197233635932207,0.07062680087983608
ot_TE,1,28,0.06753925,0.06082739,0.04710650257766247,0.07963374070823193
ot_TE,1,29,0.054931667,0.047502544,0.03567273449152708,0.06646928749978542
ot_TE,1,30,0.08949173,0.0800474,0.058581532910466194,0.11158077046275139
ot_TE,1,31,0.08876713,0.07982027,0.061551871709525585,0.10423492267727852
ot_TE,1,32,0.069647595,0.06290475,0.04885341227054596,0.08221780881285667
ot_TE,1,33,0.08015904,0.06973356,0.05277898069471121,0.09546128660440445
ot_TE,1,34,0.08346679,0.07615839,0.05790925491601229,0.1003575511276722
ot_TE,1,35,0.08127716,0.073808365,0.05663507431745529,0.09798197634518147
ot_TE,1,36,0.20033428,0.19986516,0.17276813089847565,0.2280152440071106
js_TC,0,1,0.05872293,0.05475875,0.04258644953370094,0.07148467004299164
js_TC,0,2,0.055594902,0.051793598,0.04140365123748779,0.06561959534883499
js_TC,0,3,0.047342554,0.044403583,0.03579874336719513,0.055085234344005585
js_TC,0,4,0.050178535,0.048380047,0.03902383893728256,0.05943441763520241
js_TC,0,5,0.046406787,0.042390354,0.033523913472890854,0.05388994514942169
js_TC,0,6,0.04071718,0.039048158,0.03032248094677925,0.048623427748680115
js_TC,0,7,0.05166768,0.048035096,0.037036795169115067,0.06258020550012589
js_TC,0,8,0.044821873,0.04219078,0.03305979073047638,0.053706612437963486
js_TC,0,9,0.031577595,0.027978355,0.020712800323963165,0.03833155333995819
js_TC,0,10,0.050223682,0.046970066,0.035104233771562576,0.060715701431035995
js_TC,0,11,0.03307063,0.030030655,0.022807879373431206,0.03979238122701645
js_TC,0,12,0.033687502,0.030220207,0.02301834709942341,0.04063628613948822
js_TC,0,13,0.034565415,0.03237537,0.02512519806623459,0.04129286855459213
js_TC,0,14,0.027803488,0.025600828,0.02001824602484703,0.03282228484749794
js_TC,0,15,0.03064834,0.028674053,0.02218078449368477,0.03678000718355179
js_TC,0,16,0.052815642,0.048491452,0.038680411875247955,0.061658825725317
js_TC,0,17,0.04604033,0.04238505,0.032963577657938004,0.054842401295900345
js_TC,0,18,0.043405794,0.040123202,0.031875789165496826,0.05066555365920067
js_TC,0,19,0.041502826,0.03847685,0.03042531944811344,0.048415858298540115
js_TC,0,20,0.030575994,0.026422393,0.019680829718708992,0.03565395250916481
js_TC,0,21,0.027907396,0.023950275,0.01757294312119484,0.032931677997112274
js_TC,0,22,0.02496079,0.021566603,0.015830207616090775,0.03003345988690853
js_TC,0,23,0.036417663,0.030906355,0.023732347413897514,0.04072810336947441
js_TC,0,24,0.023855036,0.019584242,0.01355089619755745,0.028292415663599968
js_TC,0,25,0.0364559,0.031442437,0.02318568155169487,0.04277486726641655
js_TC,0,26,0.033508986,0.026376734,0.0192586500197649,0.0357898473739624
js_TC,0,27,0.02748211,0.022377567,0.01627052202820778,0.030517134815454483
js_TC,0,28,0.03696698,0.029614728,0.02182961255311966,0.0411062128841877
js_TC,0,29,0.026733318,0.020266281,0.014391296543180943,0.028635980561375618
js_TC,0,30,0.043313473,0.035010055,0.023930693045258522,0.05233096703886986
js_TC,0,31,0.04313844,0.033429813,0.024556264281272888,0.045690130442380905
js_TC,0,32,0.035804465,0.028425422,0.020635873079299927,0.040116310119628906
js_TC,0,33,0.033081263,0.023071019,0.01540970429778099,0.035363443195819855
js_TC,0,34,0.0331705,0.028068723,0.021065032109618187,0.038587186485528946
js_TC,0,35,0.04714487,0.04195456,0.03042781911790371,0.05806348845362663
js_TC,0,36,0.103908196,0.101715624,0.08671050518751144,0.11967591196298599
js_TC,1,1,0.05321182,0.048969977,0.03749973140656948,0.06520571559667587
js_TC,1,2,0.05060733,0.047397904,0.038789862766861916,0.05877185147255659
js_TC,1,3,0.046641443,0.043388665,0.034920480102300644,0.05441581550985575
js_TC,1,4,0.043737967,0.041880127,0.03278620447963476,0.05257273279130459
js_TC,1,5,0.039397083,0.036377147,0.02789646154269576,0.0474917758256197
js_TC,1,6,0.03501465,0.032090336,0.023825868498533964,0.043034530244767666
js_TC,1,7,0.045604013,0.041530542,0.030506455805152655,0.05606243386864662
js_TC,1,8,0.0379228,0.034904532,0.02596241096034646,0.04659793060272932
js_TC,1,9,0.029309303,0.025731765,0.018904155120253563,0.03541451320052147
js_TC,1,10,0.044092886,0.0411421,0.031047696713358164,0.05353571102023125
js_TC,1,11,0.029774528,0.026463803,0.019629449117928743,0.035780313424766064
js_TC,1,12,0.03124918,0.027740767,0.02070547128096223,0.03777717985212803
js_TC,1,13,0.029030167,0.026650243,0.02029956318438053,0.035036101937294006
js_TC,1,14,0.026538426,0.023973737,0.019028890412300825,0.030861897859722376
js_TC,1,15,0.02916275,0.026096826,0.020074418745934963,0.034601958468556404
js_TC,1,16,0.050035752,0.046428956,0.03776215109974146,0.05792238004505634
js_TC,1,17,0.042343292,0.03871675,0.03137313015758991,0.049102784134447575
js_TC,1,18,0.0415422,0.038319077,0.03101140772923827,0.048089683055877686
js_TC,1,19,0.041049693,0.038527325,0.03122617583721876,0.04791170544922352
js_TC,1,20,0.033408444,0.029806014,0.02235560491681099,0.04018023144453764
js_TC,1,21,0.030143112,0.02658898,0.019699805416166782,0.036543226800858974
js_TC,1,22,0.025537403,0.022871321,0.016878781840205193,0.03104663360863924
js_TC,1,23,0.035257973,0.031324975,0.024288712069392204,0.04103227239102125
js_TC,1,24,0.022729745,0.01924827,0.013715905835852027,0.027490195352584124
js_TC,1,25,0.030004721,0.026702186,0.02055819844827056,0.03533153887838125
js_TC,1,26,0.031141272,0.02541004,0.018684505484998226,0.03518592193722725
js_TC,1,27,0.025336618,0.02161334,0.015821308828890324,0.029587294906377792
js_TC,1,28,0.031109318,0.02619014,0.019279754254966974,0.03618530463427305
js_TC,1,29,0.023865253,0.019132208,0.01346487901173532,0.028470981866121292
js_TC,1,30,0.043032125,0.034326684,0.022788633592426777,0.05471017491072416
js_TC,1,31,0.03948806,0.03189277,0.022993878927081823,0.044890367425978184
js_TC,1,32,0.02880284,0.023906142,0.017505541443824768,0.03347746841609478
js_TC,1,33,0.034041565,0.025681619,0.017893025651574135,0.038912865333259106
js_TC,1,34,0.03433971,0.028725691,0.02048668172210455,0.041354868561029434
js_TC,1,35,0.04747649,0.041687477,0.03009637538343668,0.05894305370748043
js_TC,1,36,0.10306688,0.10190502,0.08542181178927422,0.11889021098613739
js_TE,0,1,0.05864771,0.0556231,0.0420260913670063,0.07082134485244751
js_TE,0,2,0.04739808,0.043757513,0.034102655947208405,0.055804621428251266
js_TE,0,3,0.051430665,0.04807931,0.03842660039663315,0.0600060299038887
js_TE,0,4,0.050968587,0.048755705,0.03934716805815697,0.06045284494757652
js_TE,0,5,0.048721045,0.04432802,0.03531480208039284,0.05693162977695465
js_TE,0,6,0.042955708,0.041177332,0.03219133988022804,0.05134822800755501
js_TE,0,7,0.053323813,0.04962681,0.03785271570086479,0.06461885571479797
js_TE,0,8,0.045891106,0.043121096,0.033970464020967484,0.055341023951768875
js_TE,0,9,0.031595383,0.028041806,0.02080671675503254,0.03828968107700348
js_TE,0,10,0.050217405,0.046326898,0.034768570214509964,0.06066107004880905
js_TE,0,11,0.033128295,0.03002062,0.02279898338019848,0.03969810903072357
js_TE,0,12,0.033772096,0.030341536,0.02303081378340721,0.04081157594919205
js_TE,0,13,0.03482326,0.03265257,0.02530687116086483,0.041508253663778305
js_TE,0,14,0.028459828,0.026259718,0.020647171884775162,0.03347387537360191
js_TE,0,15,0.030790765,0.02889472,0.022245174273848534,0.036919910460710526
js_TE,0,16,0.04927256,0.045565095,0.036743856966495514,0.05707694962620735
js_TE,0,17,0.046372965,0.042662505,0.03298243507742882,0.0552036352455616
js_TE,0,18,0.04543823,0.042284213,0.03361740708351135,0.05285109207034111
js_TE,0,19,0.0428906,0.03978751,0.03166395425796509,0.050117235630750656
js_TE,0,20,0.030849298,0.026921516,0.020031001418828964,0.03614560887217522
js_TE,0,21,0.02811106,0.024278684,0.017852019518613815,0.03325233981013298
js_TE,0,22,0.02494684,0.021498537,0.015808604657649994,0.030260838568210602
js_TE,0,23,0.036385026,0.031018248,0.024006497114896774,0.04081985726952553
js_TE,0,24,0.023733612,0.019720254,0.013556893914937973,0.028250830247998238
js_TE,0,25,0.03637893,0.031373266,0.02339828945696354,0.04255592077970505
js_TE,0,26,0.033425152,0.026481342,0.019372861832380295,0.03570769354701042
js_TE,0,27,0.02788964,0.022734536,0.01654176414012909,0.03077532723546028
js_TE,0,28,0.037270132,0.029689003,0.02215437777340412,0.04125279188156128
js_TE,0,29,0.026639637,0.020276401,0.014375245198607445,0.02853497676551342
js_TE,0,30,0.0444183,0.036030587,0.02509346418082714,0.05357619747519493
js_TE,0,31,0.042835157,0.032997426,0.024427911266684532,0.04489963874220848
js_TE,0,32,0.036544483,0.028905429,0.021144403144717216,0.040644850581884384
js_TE,0,33,0.033264507,0.023597335,0.015618467703461647,0.035562045872211456
js_TE,0,34,0.033952568,0.02839034,0.021494349464774132,0.0390065535902977
js_TE,0,35,0.0366029,0.03103957,0.0233159139752388,0.04268448427319527
js_TE,0,36,0.11274144,0.1099423,0.09288384020328522,0.1304626315832138
js_TE,1,1,0.05265224,0.048606284,0.03612126316875219,0.06514013558626175
js_TE,1,2,0.042569138,0.03898403,0.030736198648810387,0.0503957848995924
js_TE,1,3,0.051277395,0.047946833,0.03797714039683342,0.06051039230078459
js_TE,1,4,0.045220107,0.043019924,0.0342074790969491,0.05390405375510454
js_TE,1,5,0.042452913,0.039226916,0.030458848923444748,0.05076683312654495
js_TE,1,6,0.037191376,0.03413572,0.02559050777927041,0.04560276586562395
js_TE,1,7,0.04697018,0.042662792,0.03145913779735565,0.057724909856915474
js_TE,1,8,0.03854864,0.035386875,0.02632974274456501,0.047309206798672676
js_TE,1,9,0.029346779,0.025808701,0.01907684886828065,0.03540652431547642
js_TE,1,10,0.04381128,0.040848196,0.03073841705918312,0.053296725265681744
js_TE,1,11,0.029864809,0.026602034,0.019733204506337643,0.03602099511772394
js_TE,1,12,0.03120791,0.027785085,0.020772339310497046,0.037658339366316795
js_TE,1,13,0.028976062,0.02666274,0.020269297994673252,0.035029876977205276
js_TE,1,14,0.026928075,0.024462363,0.019523578230291605,0.031226000282913446
js_TE,1,15,0.02897281,0.025990462,0.02002626284956932,0.03435782250016928
js_TE,1,16,0.04672727,0.043401867,0.03542195167392492,0.05394426453858614
js_TE,1,17,0.0428947,0.03909868,0.03159917052835226,0.04964475613087416
js_TE,1,18,0.043354418,0.04022701,0.032653456553816795,0.05005830526351929
js_TE,1,19,0.042219687,0.039711878,0.03221790213137865,0.04930507391691208
js_TE,1,20,0.033580042,0.03013961,0.022816555108875036,0.04038498364388943
js_TE,1,21,0.03022297,0.026755538,0.01996815111488104,0.036531584337353706
js_TE,1,22,0.025515761,0.02287979,0.01683430839329958,0.030986692756414413
js_TE,1,23,0.035241447,0.031446554,0.0245554163120687,0.040981234051287174
js_TE,1,24,0.022599963,0.01921893,0.013760463101789355,0.027348996605724096
js_TE,1,25,0.030094191,0.026862413,0.020742959808558226,0.03534374758601189
js_TE,1,26,0.030862553,0.025284234,0.01882435753941536,0.03471828531473875
js_TE,1,27,0.025640665,0.021930557,0.01611829688772559,0.029884933959692717
js_TE,1,28,0.032264665,0.027328504,0.02018499467521906,0.03761569317430258
js_TE,1,29,0.023644544,0.018989857,0.01352405408397317,0.027933384757488966
js_TE,1,30,0.043339428,0.034750193,0.02350005879998207,0.054606806486845016
js_TE,1,31,0.039540865,0.031821996,0.02314396994188428,0.044865407049655914
js_TE,1,32,0.029489335,0.02458385,0.018056093715131283,0.034224304370582104
js_TE,1,33,0.033919346,0.02553415,0.017937333323061466,0.03882014565169811
js_TE,1,34,0.03451961,0.028827678,0.02075549867004156,0.041226197965443134
js_TE,1,35,0.035927385,0.030624863,0.02227648440748453,0.04404702968895435
js_TE,1,36,0.1118728,0.10977782,0.0919374730437994,0.12979324907064438
E_W_evidence_gain,0,1,0.028968085,0.026969615,0.019904762506484985,0.03555116802453995
E_W_evidence_gain,0,2,0.038466558,0.030915668,0.020806577056646347,0.04639864340424538
E_W_evidence_gain,0,3,0.04224402,0.03571584,0.02571782097220421,0.050337567925453186
E_W_evidence_gain,0,4,0.029534902,0.025212243,0.01821126602590084,0.03482547402381897
E_W_evidence_gain,0,5,0.037579883,0.03354782,0.024537310004234314,0.04558715596795082
E_W_evidence_gain,0,6,0.026500162,0.025073051,0.018954060971736908,0.03219000622630119
E_W_evidence_gain,0,7,0.022546904,0.018977258,0.013343846425414085,0.02730626054108143
E_W_evidence_gain,0,8,0.01982953,0.017892268,0.013606949709355831,0.0237076785415411
E_W_evidence_gain,0,9,0.024576616,0.021884399,0.016061484813690186,0.029744435101747513
E_W_evidence_gain,0,10,0.06471987,0.058449253,0.03899265080690384,0.0833638608455658
E_W_evidence_gain,0,11,0.028863333,0.024472972,0.01752198487520218,0.035493407398462296
E_W_evidence_gain,0,12,0.043661606,0.04041734,0.02777140960097313,0.055929623544216156
E_W_evidence_gain,0,13,0.02252464,0.02023518,0.014734412543475628,0.026856523007154465
E_W_evidence_gain,0,14,0.028344505,0.026393361,0.020377960056066513,0.03425010293722153
E_W_evidence_gain,0,15,0.028346326,0.026226718,0.019628016278147697,0.034913837909698486
E_W_evidence_gain,0,16,0.03466029,0.034470342,0.0254934374243021,0.04352237284183502
E_W_evidence_gain,0,17,0.028085247,0.026680648,0.02033168449997902,0.03412897139787674
E_W_evidence_gain,0,18,0.031924374,0.03131269,0.023750044405460358,0.03922370448708534
E_W_evidence_gain,0,19,0.026256396,0.024551872,0.01702270656824112,0.03332815319299698
E_W_evidence_gain,0,20,0.030427065,0.027918333,0.021222980692982674,0.03685230016708374
E_W_evidence_gain,0,21,0.04175098,0.04064422,0.031198997050523758,0.05066816136240959
E_W_evidence_gain,0,22,0.03005691,0.02713184,0.02010241150856018,0.03677299618721008
E_W_evidence_gain,0,23,0.023220304,0.020494932,0.0147298164665699,0.02887696772813797
E_W_evidence_gain,0,24,0.04126516,0.0389475,0.030638769268989563,0.04903349280357361
E_W_evidence_gain,0,25,0.05618711,0.05268943,0.04143921285867691,0.06728055328130722
E_W_evidence_gain,0,26,0.02443758,0.021864217,0.01614774391055107,0.02948484942317009
E_W_evidence_gain,0,27,0.03520982,0.031291626,0.02264375053346157,0.043242719024419785
E_W_evidence_gain,0,28,0.047022127,0.044776715,0.03432972729206085,0.057413868606090546
E_W_evidence_gain,0,29,0.03951486,0.036747992,0.027702221646904945,0.04726080968976021
E_W_evidence_gain,0,30,0.0795828,0.07234801,0.05185059458017349,0.10280008614063263
E_W_evidence_gain,0,31,0.042147,0.03360194,0.02222496271133423,0.051717035472393036
E_W_evidence_gain,0,32,0.024841385,0.017798819,0.012019764631986618,0.030226849019527435
E_W_evidence_gain,0,33,0.024413267,0.020127485,0.013744057156145573,0.030568182468414307
E_W_evidence_gain,0,34,0.023344269,0.01496664,0.009949840605258942,0.02697991579771042
E_W_evidence_gain,0,35,0.04131509,0.024127217,0.01219405047595501,0.05551128834486008
E_W_evidence_gain,0,36,0.19713652,0.20265177,0.1401926875114441,0.2559758722782135
E_W_evidence_gain,1,1,0.031078093,0.028908458,0.021483443677425385,0.03856310807168484
E_W_evidence_gain,1,2,0.043675676,0.035395265,0.023555257823318243,0.05497368145734072
E_W_evidence_gain,1,3,0.049049836,0.04268522,0.03134886734187603,0.06003998965024948
E_W_evidence_gain,1,4,0.031583354,0.026767952,0.01959417713806033,0.037248102016747
E_W_evidence_gain,1,5,0.04186329,0.037583794,0.028084759134799242,0.04983313102275133
E_W_evidence_gain,1,6,0.0305135,0.029443197,0.02266616467386484,0.03692062105983496
E_W_evidence_gain,1,7,0.026893131,0.022537546,0.016166800633072853,0.0322464918717742
E_W_evidence_gain,1,8,0.021585813,0.018865231,0.013822302455082536,0.026211749762296677
E_W_evidence_gain,1,9,0.027601857,0.024708088,0.017467436380684376,0.03432629629969597
E_W_evidence_gain,1,10,0.06523065,0.054901216,0.033946651965379715,0.08651516027748585
E_W_evidence_gain,1,11,0.030533548,0.025856309,0.016913305036723614,0.03881006222218275
E_W_evidence_gain,1,12,0.04161712,0.037023872,0.02419514674693346,0.05404476635158062
E_W_evidence_gain,1,13,0.02417117,0.021401513,0.016198119148612022,0.0285042030736804
E_W_evidence_gain,1,14,0.031587347,0.029792167,0.022872814908623695,0.03836967051029205
E_W_evidence_gain,1,15,0.029826466,0.026321933,0.01933418633416295,0.03619381505995989
E_W_evidence_gain,1,16,0.03587656,0.035582475,0.02739022020250559,0.04382185637950897
E_W_evidence_gain,1,17,0.026598414,0.025261953,0.019614328630268574,0.03171578701585531
E_W_evidence_gain,1,18,0.033291318,0.032558598,0.025572930928319693,0.039912791922688484
E_W_evidence_gain,1,19,0.026986878,0.025881523,0.01884804153814912,0.03396321553736925
E_W_evidence_gain,1,20,0.03318751,0.030413546,0.023356561083346605,0.039453321136534214
E_W_evidence_gain,1,21,0.043921355,0.04240404,0.03435163386166096,0.05217802431434393
E_W_evidence_gain,1,22,0.036351126,0.03210466,0.023871184326708317,0.044497438706457615
E_W_evidence_gain,1,23,0.019152971,0.01728275,0.01284093433059752,0.023240017239004374
E_W_evidence_gain,1,24,0.049163077,0.047308937,0.03800809942185879,0.05857342388480902
E_W_evidence_gain,1,25,0.05351607,0.05095736,0.04108346626162529,0.06315585225820541
E_W_evidence_gain,1,26,0.0265425,0.024640493,0.018493986222893,0.03233040776103735
E_W_evidence_gain,1,27,0.033546727,0.028959949,0.020868524443358183,0.04032959323376417
E_W_evidence_gain,1,28,0.048780307,0.04735913,0.036364355124533176,0.059402464888989925
E_W_evidence_gain,1,29,0.04714158,0.04563263,0.034565466456115246,0.057383885607123375
E_W_evidence_gain,1,30,0.081704475,0.07668817,0.0500652901828289,0.10738373175263405
E_W_evidence_gain,1,31,0.052325707,0.039880797,0.02526572672650218,0.06834866479039192
E_W_evidence_gain,1,32,0.041173317,0.030637758,0.01756182173267007,0.055632513016462326
E_W_evidence_gain,1,33,0.025770405,0.020194674,0.013482516165822744,0.031866179779171944
E_W_evidence_gain,1,34,0.02657408,0.016715445,0.010945992078632116,0.03251591697335243
E_W_evidence_gain,1,35,0.03330459,0.02569592,0.014244778780266643,0.043979245238006115
E_W_evidence_gain,1,36,0.18637167,0.1914394,0.1255987510085106,0.248466145247221
E_W_evidence_loss,0,1,0.012154752,0.010270721,0.00680078100413084,0.015469699166715145
E_W_evidence_loss,0,2,0.052620437,0.045956146,0.03181854262948036,0.06671622395515442
E_W_evidence_loss,0,3,0.02228522,0.019090084,0.01420365460216999,0.026269197463989258
E_W_evidence_loss,0,4,0.032601755,0.02391995,0.01678800769150257,0.03806699067354202
E_W_evidence_loss,0,5,0.025374828,0.0224617,0.01597500778734684,0.03126051649451256
E_W_evidence_loss,0,6,0.018307345,0.015558328,0.00999773945659399,0.02405543066561222
E_W_evidence_loss,0,7,0.013860899,0.012212266,0.00882421713322401,0.016438379883766174
E_W_evidence_loss,0,8,0.013316991,0.010461875,0.007246793247759342,0.015124042518436909
E_W_evidence_loss,0,9,0.010924434,0.008763472,0.005697242449969053,0.013643529266119003
E_W_evidence_loss,0,10,0.05434011,0.048731297,0.028788000345230103,0.07418663799762726
E_W_evidence_loss,0,11,0.0117674805,0.009701467,0.006108350586146116,0.01499841921031475
E_W_evidence_loss,0,12,0.02423675,0.015156123,0.008292215876281261,0.03136347606778145
E_W_evidence_loss,0,13,0.008888241,0.0070947744,0.004786363802850246,0.010625474154949188
E_W_evidence_loss,0,14,0.016546294,0.015394983,0.01141337864100933,0.020298561081290245
E_W_evidence_loss,0,15,0.011407042,0.009914185,0.006785623263567686,0.014461875893175602
E_W_evidence_loss,0,16,0.020116666,0.018893868,0.01382907573133707,0.02485833875834942
E_W_evidence_loss,0,17,0.015996428,0.014804134,0.010927276685833931,0.019969044253230095
E_W_evidence_loss,0,18,0.023911076,0.022766594,0.017919450998306274,0.028538784012198448
E_W_evidence_loss,0,19,0.019355802,0.017816769,0.013316212221980095,0.023352868854999542
E_W_evidence_loss,0,20,0.020036004,0.01828661,0.013610598631203175,0.02460692822933197
E_W_evidence_loss,0,21,0.02959438,0.027951475,0.020275194197893143,0.03641291707754135
E_W_evidence_loss,0,22,0.022926068,0.020618897,0.015362193807959557,0.027641307562589645
E_W_evidence_loss,0,23,0.024597947,0.022976492,0.017646847292780876,0.029327591881155968
E_W_evidence_loss,0,24,0.025805587,0.023671284,0.017428960651159286,0.031926997005939484
E_W_evidence_loss,0,25,0.05333882,0.05168138,0.037828229367733,0.06724472343921661
E_W_evidence_loss,0,26,0.018355647,0.016269322,0.011980010196566582,0.02240084670484066
E_W_evidence_loss,0,27,0.02368331,0.020631686,0.014980255626142025,0.02883847989141941
E_W_evidence_loss,0,28,0.036591265,0.03475795,0.02636178396642208,0.044872820377349854
E_W_evidence_loss,0,29,0.028008569,0.025340907,0.018886832520365715,0.03398589789867401
E_W_evidence_loss,0,30,0.060554907,0.054978374,0.038772981613874435,0.07654282450675964
E_W_evidence_loss,0,31,0.041972358,0.03758516,0.027096079662442207,0.05180194228887558
E_W_evidence_loss,0,32,0.023688367,0.01968684,0.014055265113711357,0.028554443269968033
E_W_evidence_loss,0,33,0.020015322,0.017528383,0.012260043993592262,0.02447209134697914
E_W_evidence_loss,0,34,0.018157978,0.012962576,0.009343855082988739,0.020472455769777298
E_W_evidence_loss,0,35,0.050304003,0.041484352,0.026892876252532005,0.06513284891843796
E_W_evidence_loss,0,36,0.2614065,0.26342535,0.21034760773181915,0.3141701817512512
E_W_evidence_loss,1,1,0.013585392,0.011448679,0.007584728067740798,0.016863736789673567
E_W_evidence_loss,1,2,0.057639226,0.050596632,0.03558068908751011,0.07315132208168507
E_W_evidence_loss,1,3,0.022425517,0.019729747,0.014779320918023586,0.026472725905478
E_W_evidence_loss,1,4,0.03722987,0.02703726,0.01880931667983532,0.04525505192577839
E_W_evidence_loss,1,5,0.026843987,0.024294425,0.017640106845647097,0.03310394939035177
E_W_evidence_loss,1,6,0.018375317,0.015578762,0.010503374272957444,0.02369725750759244
E_W_evidence_loss,1,7,0.014678008,0.012251331,0.008914979174733162,0.017323852982372046
E_W_evidence_loss,1,8,0.013908452,0.010940596,0.007825333625078201,0.016225025057792664
E_W_evidence_loss,1,9,0.010752301,0.008825943,0.005748799769207835,0.01355506619438529
E_W_evidence_loss,1,10,0.051164262,0.04199736,0.02363759372383356,0.0731106698513031
E_W_evidence_loss,1,11,0.012294354,0.010050225,0.006318755564279854,0.015908777713775635
E_W_evidence_loss,1,12,0.02500848,0.014284339,0.007514131837524474,0.03418880421668291
E_W_evidence_loss,1,13,0.0092724105,0.0075468034,0.004897793289273977,0.011429441394284368
E_W_evidence_loss,1,14,0.014416098,0.013319072,0.009418175322934985,0.018170238472521305
E_W_evidence_loss,1,15,0.011780699,0.010279922,0.006925089284777641,0.014863025164231658
E_W_evidence_loss,1,16,0.016337842,0.014861966,0.010192567482590675,0.020839168690145016
E_W_evidence_loss,1,17,0.0145634385,0.013539515,0.010119183454662561,0.017941787838935852
E_W_evidence_loss,1,18,0.021830404,0.020930095,0.01641763187944889,0.026178698055446148
E_W_evidence_loss,1,19,0.016693374,0.015229969,0.01071573281660676,0.020964073482900858
E_W_evidence_loss,1,20,0.021260543,0.019648202,0.01467727916315198,0.025887010153383017
E_W_evidence_loss,1,21,0.027399706,0.02590876,0.019555082079023123,0.03367024287581444
E_W_evidence_loss,1,22,0.026034819,0.022767056,0.01682651787996292,0.031684125773608685
E_W_evidence_loss,1,23,0.022009488,0.020585747,0.016035048756748438,0.026200753170996904
E_W_evidence_loss,1,24,0.025838336,0.024241202,0.01724409218877554,0.03246005438268185
E_W_evidence_loss,1,25,0.04182177,0.03933023,0.02801698911935091,0.05317369569092989
E_W_evidence_loss,1,26,0.01734829,0.015801482,0.011976092355325818,0.0208555581048131
E_W_evidence_loss,1,27,0.022244383,0.01909807,0.013596226694062352,0.027053436730057
E_W_evidence_loss,1,28,0.036786433,0.035492048,0.02730295993387699,0.04477320145815611
E_W_evidence_loss,1,29,0.03241011,0.030493988,0.022570323664695024,0.03981821984052658
E_W_evidence_loss,1,30,0.058572438,0.053017814,0.03530292026698589,0.07576172426342964
E_W_evidence_loss,1,31,0.046157833,0.03988649,0.028689399361610413,0.05681235250085592
E_W_evidence_loss,1,32,0.031501092,0.02573603,0.017498136032372713,0.04018978588283062
E_W_evidence_loss,1,33,0.021132292,0.017705772,0.012794967507943511,0.025474869646131992
E_W_evidence_loss,1,34,0.019427614,0.013520557,0.009469190146774054,0.023102819453924894
E_W_evidence_loss,1,35,0.043173287,0.038086526,0.027259248308837414,0.053566484712064266
E_W_evidence_loss,1,36,0.27082053,0.27161726,0.22444509342312813,0.3184988424181938
C_W_evidence_gain,0,1,0.033940826,0.03215565,0.024490511044859886,0.04159390926361084
C_W_evidence_gain,0,2,0.09655646,0.090965234,0.06777280569076538,0.12045932561159134
C_W_evidence_gain,0,3,0.031729214,0.029456735,0.021817220374941826,0.03955245390534401
C_W_evidence_gain,0,4,0.02120032,0.020240337,0.015223708003759384,0.025964200496673584
C_W_evidence_gain,0,5,0.027757661,0.02686597,0.020530829206109047,0.033979423344135284
C_W_evidence_gain,0,6,0.01750357,0.016527347,0.01254286989569664,0.021195588633418083
C_W_evidence_gain,0,7,0.015833804,0.013040991,0.009072057902812958,0.019070953130722046
C_W_evidence_gain,0,8,0.014434744,0.012807823,0.009855493903160095,0.01723424904048443
C_W_evidence_gain,0,9,0.025146825,0.022816503,0.016835782676935196,0.030581464990973473
C_W_evidence_gain,0,10,0.062377628,0.056990266,0.03976907953619957,0.07841018587350845
C_W_evidence_gain,0,11,0.026551526,0.023293717,0.016578156501054764,0.0325123555958271
C_W_evidence_gain,0,12,0.04227518,0.03904798,0.02719399333000183,0.05405231937766075
C_W_evidence_gain,0,13,0.02305189,0.021060452,0.015263855457305908,0.02808919921517372
C_W_evidence_gain,0,14,0.032883115,0.030075528,0.022281592711806297,0.040618110448122025
C_W_evidence_gain,0,15,0.028568355,0.027184349,0.02042265422642231,0.03509548306465149
C_W_evidence_gain,0,16,0.040780924,0.039452553,0.026763740926980972,0.052981503307819366
C_W_evidence_gain,0,17,0.027804017,0.02638367,0.019978612661361694,0.033739008009433746
C_W_evidence_gain,0,18,0.03576201,0.034756232,0.026791848242282867,0.043392203748226166
C_W_evidence_gain,0,19,0.03174506,0.029897042,0.021119650453329086,0.04033900424838066
C_W_evidence_gain,0,20,0.03123829,0.028663684,0.021032152697443962,0.03842476010322571
C_W_evidence_gain,0,21,0.044150833,0.041296422,0.03144137188792229,0.05491282418370247
C_W_evidence_gain,0,22,0.026498094,0.023125682,0.01702176220715046,0.03274441137909889
C_W_evidence_gain,0,23,0.019487472,0.017258728,0.012493152171373367,0.024089545011520386
C_W_evidence_gain,0,24,0.044531558,0.042221442,0.03318602219223976,0.052926838397979736
C_W_evidence_gain,0,25,0.05946243,0.05618756,0.04413687437772751,0.07073561102151871
C_W_evidence_gain,0,26,0.024514169,0.021550521,0.01560806855559349,0.02959362044930458
C_W_evidence_gain,0,27,0.037492756,0.03332977,0.023855365812778473,0.046182576566934586
C_W_evidence_gain,0,28,0.036983084,0.03507045,0.026892254129052162,0.044622231274843216
C_W_evidence_gain,0,29,0.036977086,0.033826053,0.02579052373766899,0.04460829123854637
C_W_evidence_gain,0,30,0.084546246,0.07763546,0.05405536666512489,0.10810040682554245
C_W_evidence_gain,0,31,0.05030778,0.04217507,0.028046544641256332,0.061880674213171005
C_W_evidence_gain,0,32,0.027030827,0.018961897,0.012269267812371254,0.03321024775505066
C_W_evidence_gain,0,33,0.027428186,0.022155251,0.014845060184597969,0.034787796437740326
C_W_evidence_gain,0,34,0.027787644,0.017592346,0.011241589672863483,0.03253190219402313
C_W_evidence_gain,0,35,0.04393703,0.026090018,0.012524849735200405,0.06057128682732582
C_W_evidence_gain,0,36,0.180608,0.18386827,0.1347029060125351,0.22824229300022125
C_W_evidence_gain,1,1,0.036267143,0.034621127,0.026164928451180458,0.044512092135846615
C_W_evidence_gain,1,2,0.09863127,0.093357466,0.0694814883172512,0.12217392213642597
C_W_evidence_gain,1,3,0.037995372,0.03685733,0.027502204291522503,0.04667714796960354
C_W_evidence_gain,1,4,0.022891907,0.021802664,0.01667671836912632,0.02770214807242155
C_W_evidence_gain,1,5,0.028351732,0.027780795,0.021533715538680553,0.03432351443916559
C_W_evidence_gain,1,6,0.02019602,0.019195851,0.015023393323644996,0.024230300448834896
C_W_evidence_gain,1,7,0.019649316,0.016125059,0.011596054770052433,0.02321056416258216
C_W_evidence_gain,1,8,0.01567952,0.013759386,0.009995725005865097,0.019196643494069576
C_W_evidence_gain,1,9,0.028827347,0.026245672,0.018776179756969213,0.035992540419101715
C_W_evidence_gain,1,10,0.064734794,0.055847257,0.03738957829773426,0.08358308859169483
C_W_evidence_gain,1,11,0.028168648,0.02460673,0.01652201870456338,0.035710740834474564
C_W_evidence_gain,1,12,0.040539015,0.03617706,0.024507066700607538,0.05234253406524658
C_W_evidence_gain,1,13,0.024243515,0.022636998,0.017151561100035906,0.029113101307302713
C_W_evidence_gain,1,14,0.037647795,0.03481345,0.025686641689389944,0.0469112154096365
C_W_evidence_gain,1,15,0.02877923,0.026716884,0.02036086469888687,0.034626870416104794
C_W_evidence_gain,1,16,0.04189516,0.0409171,0.02946436870843172,0.052185376174747944
C_W_evidence_gain,1,17,0.025720792,0.024344943,0.018844258971512318,0.031068982090801
C_W_evidence_gain,1,18,0.03747577,0.036417738,0.028606067411601543,0.04525619279593229
C_W_evidence_gain,1,19,0.030782605,0.029435433,0.0218206737190485,0.03811611421406269
C_W_evidence_gain,1,20,0.034904465,0.031470098,0.023602114524692297,0.041625773534178734
C_W_evidence_gain,1,21,0.045832276,0.04386485,0.034667300060391426,0.055347537621855736
C_W_evidence_gain,1,22,0.033208035,0.0285265,0.020905334502458572,0.04062844626605511
C_W_evidence_gain,1,23,0.016927676,0.01536338,0.011616024887189269,0.020248766522854567
C_W_evidence_gain,1,24,0.052514322,0.050521318,0.04043053276836872,0.06240369193255901
C_W_evidence_gain,1,25,0.05793706,0.05527804,0.044507293961942196,0.06847131438553333
C_W_evidence_gain,1,26,0.024174564,0.02207803,0.01668920135125518,0.028858304023742676
C_W_evidence_gain,1,27,0.035640303,0.030911066,0.021880415733903646,0.04341133311390877
C_W_evidence_gain,1,28,0.0393133,0.037188694,0.028143357019871473,0.048083093017339706
C_W_evidence_gain,1,29,0.04299266,0.04105678,0.030772618018090725,0.05263185501098633
C_W_evidence_gain,1,30,0.08656477,0.08242051,0.052910225465893745,0.11494403705000877
C_W_evidence_gain,1,31,0.060945194,0.048777837,0.03207350801676512,0.07919109053909779
C_W_evidence_gain,1,32,0.045371324,0.03480521,0.01911644358187914,0.061690282076597214
C_W_evidence_gain,1,33,0.02992468,0.023085304,0.014357112115249038,0.03847703989595175
C_W_evidence_gain,1,34,0.030870613,0.018312205,0.011476836167275906,0.03879781439900398
C_W_evidence_gain,1,35,0.036575742,0.02780093,0.015049633104354143,0.04855891689658165
C_W_evidence_gain,1,36,0.16902706,0.17268896,0.1214793398976326,0.2182599939405918
C_W_evidence_loss,0,1,0.0276249,0.024639927,0.016822678968310356,0.036273177713155746
C_W_evidence_loss,0,2,0.08408553,0.08127478,0.0653841495513916,0.09968796372413635
C_W_evidence_loss,0,3,0.016693717,0.015194463,0.011522872373461723,0.019996391609311104
C_W_evidence_loss,0,4,0.021839697,0.01826629,0.013142668642103672,0.026341762393712997
C_W_evidence_loss,0,5,0.016205313,0.015343346,0.011699728667736053,0.01958411931991577
C_W_evidence_loss,0,6,0.013504556,0.011096066,0.007128156255930662,0.01754264160990715
C_W_evidence_loss,0,7,0.010734244,0.00924762,0.006514427717775106,0.013064136728644371
C_W_evidence_loss,0,8,0.011325061,0.008264983,0.005916994530707598,0.012277815490961075
C_W_evidence_loss,0,9,0.009143594,0.007402714,0.004852098412811756,0.011384958401322365
C_W_evidence_loss,0,10,0.055420794,0.05248208,0.030205171555280685,0.07598850131034851
C_W_evidence_loss,0,11,0.01008232,0.008422147,0.005417491775006056,0.013102454133331776
C_W_evidence_loss,0,12,0.02338689,0.014274996,0.007481302134692669,0.03009512647986412
C_W_evidence_loss,0,13,0.009302344,0.007927179,0.005179104395210743,0.011426476761698723
C_W_evidence_loss,0,14,0.016691353,0.015167443,0.011157035827636719,0.020629970356822014
C_W_evidence_loss,0,15,0.011588698,0.010471771,0.0073198480531573296,0.014584410935640335
C_W_evidence_loss,0,16,0.02532622,0.02309678,0.01636139303445816,0.031215809285640717
C_W_evidence_loss,0,17,0.015868668,0.014580369,0.010789971798658371,0.019878249615430832
C_W_evidence_loss,0,18,0.023219528,0.021939937,0.016801264137029648,0.028333794325590134
C_W_evidence_loss,0,19,0.01930991,0.017492026,0.0125564094632864,0.02424154430627823
C_W_evidence_loss,0,20,0.019676154,0.0179102,0.01263052225112915,0.024546416476368904
C_W_evidence_loss,0,21,0.030263439,0.027607745,0.019727973267436028,0.03782979026436806
C_W_evidence_loss,0,22,0.020485803,0.017903503,0.013215090148150921,0.02491338551044464
C_W_evidence_loss,0,23,0.0182399,0.016932711,0.013045486062765121,0.021780110895633698
C_W_evidence_loss,0,24,0.026535552,0.024476001,0.017770938575267792,0.032832249999046326
C_W_evidence_loss,0,25,0.05412242,0.052170042,0.038513097912073135,0.06795469671487808
C_W_evidence_loss,0,26,0.018844888,0.016278861,0.01130734570324421,0.023641664534807205
C_W_evidence_loss,0,27,0.023626091,0.020429187,0.014522725716233253,0.028857646510004997
C_W_evidence_loss,0,28,0.027369492,0.025840744,0.019550850614905357,0.033431507647037506
C_W_evidence_loss,0,29,0.027434388,0.024746113,0.017934361472725868,0.033743683248758316
C_W_evidence_loss,0,30,0.060582034,0.053935707,0.03865969926118851,0.07635434716939926
C_W_evidence_loss,0,31,0.049464203,0.045091044,0.03255252167582512,0.06054327264428139
C_W_evidence_loss,0,32,0.023873312,0.019234084,0.013360762037336826,0.02865251712501049
C_W_evidence_loss,0,33,0.021376066,0.017917152,0.012525718659162521,0.026471316814422607
C_W_evidence_loss,0,34,0.020498762,0.013648261,0.009367169812321663,0.023594198748469353
C_W_evidence_loss,0,35,0.094569124,0.0862334,0.0572458952665329,0.12382462620735168
C_W_evidence_loss,0,36,0.26561385,0.27037936,0.2113591432571411,0.3204347789287567
C_W_evidence_loss,1,1,0.033494063,0.030989086,0.02107231179252267,0.04312183242291212
C_W_evidence_loss,1,2,0.08555555,0.08238125,0.06647326610982418,0.10157933831214905
C_W_evidence_loss,1,3,0.017285528,0.015721593,0.011967713478952646,0.020849276334047318
C_W_evidence_loss,1,4,0.024877178,0.02195746,0.015550598269328475,0.030925658997148275
C_W_evidence_loss,1,5,0.016361896,0.01561786,0.01194876478984952,0.019905471708625555
C_W_evidence_loss,1,6,0.0137555925,0.011072701,0.007027805782854557,0.01823859941214323
C_W_evidence_loss,1,7,0.011614894,0.009355812,0.006678243167698383,0.013684231089428067
C_W_evidence_loss,1,8,0.01182381,0.00901168,0.006572248879820108,0.01315969880670309
C_W_evidence_loss,1,9,0.009438912,0.007974865,0.005224887398071587,0.011969405924901366
C_W_evidence_loss,1,10,0.052841157,0.04658571,0.026572316884994507,0.07439437508583069
C_W_evidence_loss,1,11,0.010396115,0.00872656,0.005658583133481443,0.013326163403689861
C_W_evidence_loss,1,12,0.02447009,0.013834611,0.007257879362441599,0.033685836009681225
C_W_evidence_loss,1,13,0.009543864,0.008061495,0.005303602083586156,0.012005216674879193
C_W_evidence_loss,1,14,0.015580111,0.013938311,0.009547401685267687,0.019725576043128967
C_W_evidence_loss,1,15,0.011710233,0.0107056275,0.007409315905533731,0.014725040877237916
C_W_evidence_loss,1,16,0.020345865,0.017775916,0.012099220417439938,0.02585394261404872
C_W_evidence_loss,1,17,0.014293745,0.013304895,0.00981213548220694,0.017655564472079277
C_W_evidence_loss,1,18,0.02129257,0.020232897,0.015145698096603155,0.026043923571705818
C_W_evidence_loss,1,19,0.015766399,0.014056722,0.009442061185836792,0.020303962752223015
C_W_evidence_loss,1,20,0.021140983,0.019091118,0.013681101612746716,0.025985888205468655
C_W_evidence_loss,1,21,0.027568825,0.025522094,0.018739893566817045,0.03427054267376661
C_W_evidence_loss,1,22,0.023951942,0.020691775,0.01493997173383832,0.029036329593509436
C_W_evidence_loss,1,23,0.016946543,0.015752643,0.01245950791053474,0.019956666976213455
C_W_evidence_loss,1,24,0.027101513,0.025454283,0.0180939300917089,0.03398418426513672
C_W_evidence_loss,1,25,0.043539617,0.041070953,0.029324698261916637,0.05513268802314997
C_W_evidence_loss,1,26,0.016749814,0.014786214,0.010680560022592545,0.020408641081303358
C_W_evidence_loss,1,27,0.022112707,0.018680988,0.012883547460660338,0.027178009040653706
C_W_evidence_loss,1,28,0.027422408,0.026071845,0.01991898473352194,0.03345590643584728
C_W_evidence_loss,1,29,0.030229058,0.027877372,0.02051442675292492,0.03739804960787296
C_W_evidence_loss,1,30,0.058987692,0.052879296,0.03494208864867687,0.0768622811883688
C_W_evidence_loss,1,31,0.052651346,0.046607934,0.034103065729141235,0.06461119093000889
C_W_evidence_loss,1,32,0.032735668,0.02618155,0.01726124482229352,0.04205569438636303
C_W_evidence_loss,1,33,0.023032423,0.01864358,0.012711355462670326,0.02849613269791007
C_W_evidence_loss,1,34,0.021632183,0.013852989,0.009287461405619979,0.026421652175486088
C_W_evidence_loss,1,35,0.09026715,0.081238136,0.057954310439527035,0.11272954754531384
C_W_evidence_loss,1,36,0.27644295,0.27814204,0.22897949814796448,0.32651856541633606
C_N_evidence_gain,0,1,0.029833969,0.02899877,0.022234080359339714,0.03587351366877556
C_N_evidence_gain,0,2,0.10604241,0.100314006,0.07509316504001617,0.13210365176200867
C_N_evidence_gain,0,3,0.022226166,0.020506717,0.01505328994244337,0.02740199863910675
C_N_evidence_gain,0,4,0.022209462,0.018464018,0.013715080916881561,0.025225946679711342
C_N_evidence_gain,0,5,0.014575864,0.01367021,0.010480398312211037,0.017550813034176826
C_N_evidence_gain,0,6,0.013813303,0.012834776,0.009340163320302963,0.016742153093218803
C_N_evidence_gain,0,7,0.020066926,0.017313475,0.011800307780504227,0.025269074365496635
C_N_evidence_gain,0,8,0.0123636285,0.011032062,0.008302118629217148,0.01484081894159317
C_N_evidence_gain,0,9,0.024215264,0.021925459,0.016315579414367676,0.029639191925525665
C_N_evidence_gain,0,10,0.053311527,0.04790721,0.03230272978544235,0.06751590222120285
C_N_evidence_gain,0,11,0.024871226,0.021592952,0.015302744694054127,0.030737675726413727
C_N_evidence_gain,0,12,0.036466736,0.033906657,0.02332938089966774,0.04643820971250534
C_N_evidence_gain,0,13,0.01793856,0.016126473,0.011752416379749775,0.02172543667256832
C_N_evidence_gain,0,14,0.032938465,0.030191163,0.02262609265744686,0.04011589661240578
C_N_evidence_gain,0,15,0.026782982,0.025282558,0.019195888191461563,0.03272633999586105
C_N_evidence_gain,0,16,0.039512265,0.038097054,0.025397934019565582,0.05126097425818443
C_N_evidence_gain,0,17,0.033203218,0.03202288,0.02363806962966919,0.04143795371055603
C_N_evidence_gain,0,18,0.034898076,0.034185622,0.0263558067381382,0.04216121882200241
C_N_evidence_gain,0,19,0.030943008,0.028859153,0.02028101682662964,0.039941634982824326
C_N_evidence_gain,0,20,0.027265472,0.024394456,0.017816798761487007,0.03344451263546944
C_N_evidence_gain,0,21,0.04134362,0.038590617,0.029220478609204292,0.05085914209485054
C_N_evidence_gain,0,22,0.023673994,0.020413933,0.014689135365188122,0.029190419241786003
C_N_evidence_gain,0,23,0.018047959,0.015791945,0.011571601033210754,0.022171806544065475
C_N_evidence_gain,0,24,0.042572547,0.039993897,0.030938509851694107,0.050479285418987274
C_N_evidence_gain,0,25,0.05523027,0.05162489,0.03997825086116791,0.06633586436510086
C_N_evidence_gain,0,26,0.02216329,0.019445112,0.014026523567736149,0.026709629222750664
C_N_evidence_gain,0,27,0.037671316,0.03362127,0.023937683552503586,0.04661373794078827
C_N_evidence_gain,0,28,0.039042138,0.03714506,0.028698401525616646,0.047168947756290436
C_N_evidence_gain,0,29,0.03417012,0.031195054,0.02379157952964306,0.041321638971567154
C_N_evidence_gain,0,30,0.08419159,0.07734432,0.05391319841146469,0.10753925144672394
C_N_evidence_gain,0,31,0.04975777,0.041338183,0.02765771932899952,0.06087464839220047
C_N_evidence_gain,0,32,0.026869113,0.018635537,0.011976885609328747,0.03311210125684738
C_N_evidence_gain,0,33,0.02738534,0.022115223,0.014805122278630733,0.0347987562417984
C_N_evidence_gain,0,34,0.02791338,0.01743051,0.01094562653452158,0.032460618764162064
C_N_evidence_gain,0,35,0.04397861,0.025994658,0.01230774074792862,0.060564637184143066
C_N_evidence_gain,0,36,0.18176049,0.18481863,0.13731464743614197,0.22872582077980042
C_N_evidence_gain,1,1,0.031101853,0.029920112,0.023167349863797426,0.0377692561596632
C_N_evidence_gain,1,2,0.10876288,0.10335874,0.077132822945714,0.1345781832933426
C_N_evidence_gain,1,3,0.024427379,0.023009382,0.017105364706367254,0.030042913742363453
C_N_evidence_gain,1,4,0.02587529,0.020235011,0.015163042349740863,0.029735285323113203
C_N_evidence_gain,1,5,0.015465721,0.014585025,0.011390100000426173,0.018263771198689938
C_N_evidence_gain,1,6,0.016000973,0.014818625,0.011164281284436584,0.019453092478215694
C_N_evidence_gain,1,7,0.023505995,0.020816285,0.014592443127185106,0.02901287516579032
C_N_evidence_gain,1,8,0.013644208,0.011865476,0.008413950679823756,0.01687665143981576
C_N_evidence_gain,1,9,0.028301159,0.025732461,0.018762944266200066,0.035407611168920994
C_N_evidence_gain,1,10,0.056283556,0.047594383,0.030913387425243855,0.07343936152756214
C_N_evidence_gain,1,11,0.026610095,0.022971323,0.015371497021988034,0.03399517945945263
C_N_evidence_gain,1,12,0.03543141,0.031833444,0.021555951796472073,0.045588129200041294
C_N_evidence_gain,1,13,0.01986064,0.018027533,0.013582388637587428,0.023759120609611273
C_N_evidence_gain,1,14,0.03692862,0.034149222,0.025560784619301558,0.04550576023757458
C_N_evidence_gain,1,15,0.027012525,0.024908558,0.018920731265097857,0.032466886565089226
C_N_evidence_gain,1,16,0.04017303,0.039409697,0.028074622619897127,0.05025992542505264
C_N_evidence_gain,1,17,0.029723518,0.028775625,0.02005747938528657,0.037507470697164536
C_N_evidence_gain,1,18,0.03628799,0.035638094,0.028107244987040758,0.04368610214442015
C_N_evidence_gain,1,19,0.02941879,0.028168235,0.02055819286033511,0.03685827739536762
C_N_evidence_gain,1,20,0.03147166,0.027970351,0.020731068681925535,0.03730157297104597
C_N_evidence_gain,1,21,0.04273463,0.040882897,0.03224586695432663,0.05168269947171211
C_N_evidence_gain,1,22,0.030418137,0.025820896,0.018646806944161654,0.03719121217727661
C_N_evidence_gain,1,23,0.0154546015,0.013908209,0.010551909217610955,0.018494262360036373
C_N_evidence_gain,1,24,0.0485366,0.046583876,0.03719302546232939,0.05761954095214605
C_N_evidence_gain,1,25,0.053409092,0.05059436,0.040545832365751266,0.06331234239041805
C_N_evidence_gain,1,26,0.02300775,0.021113519,0.015796325635164976,0.02770916186273098
C_N_evidence_gain,1,27,0.035789058,0.031085683,0.02202953677624464,0.043687816709280014
C_N_evidence_gain,1,28,0.040228523,0.038327377,0.02931366953998804,0.04903090465813875
C_N_evidence_gain,1,29,0.04104837,0.039264955,0.029438855592161417,0.05027696397155523
C_N_evidence_gain,1,30,0.086336374,0.08224793,0.052768473513424397,0.11464499682188034
C_N_evidence_gain,1,31,0.060350876,0.048307095,0.03168685268610716,0.07853877916932106
C_N_evidence_gain,1,32,0.04556367,0.03517923,0.019113788846880198,0.06215750519186258
C_N_evidence_gain,1,33,0.029889105,0.02307411,0.014289534883573651,0.03838269226253033
C_N_evidence_gain,1,34,0.030914722,0.018246233,0.011335751507431269,0.03888728190213442
C_N_evidence_gain,1,35,0.03666827,0.027841128,0.014989772578701377,0.04866250790655613
C_N_evidence_gain,1,36,0.17015095,0.17344405,0.12319837883114815,0.21894297748804092
C_N_evidence_loss,0,1,0.015406176,0.0134171955,0.009609886445105076,0.018846221268177032
C_N_evidence_loss,0,2,0.08794987,0.085297585,0.06865516304969788,0.10403282940387726
C_N_evidence_loss,0,3,0.0143969925,0.013245778,0.010182511061429977,0.01719771698117256
C_N_evidence_loss,0,4,0.013620545,0.012481156,0.009646300226449966,0.016435198485851288
C_N_evidence_loss,0,5,0.010642246,0.009987696,0.0076888445764780045,0.012766588479280472
C_N_evidence_loss,0,6,0.011540333,0.0102125285,0.007391652557998896,0.014503135345876217
C_N_evidence_loss,0,7,0.013033483,0.011454903,0.008332441560924053,0.016016265377402306
C_N_evidence_loss,0,8,0.009408704,0.0072034835,0.005057973321527243,0.01042957790195942
C_N_evidence_loss,0,9,0.008605706,0.0070605255,0.004783603362739086,0.010619291104376316
C_N_evidence_loss,0,10,0.044097178,0.03988009,0.02350982278585434,0.059688031673431396
C_N_evidence_loss,0,11,0.009988302,0.008344553,0.005541086196899414,0.012856880202889442
C_N_evidence_loss,0,12,0.018854605,0.012276616,0.006640556268393993,0.02448788657784462
C_N_evidence_loss,0,13,0.008048414,0.0066255555,0.004432163201272488,0.009754369966685772
C_N_evidence_loss,0,14,0.016894225,0.015638128,0.011335926130414009,0.02080596424639225
C_N_evidence_loss,0,15,0.011031071,0.009956281,0.00701556820422411,0.013983441516757011
C_N_evidence_loss,0,16,0.025286006,0.02286674,0.016246357932686806,0.031751327216625214
C_N_evidence_loss,0,17,0.01976132,0.018539548,0.013952690176665783,0.024214955046772957
C_N_evidence_loss,0,18,0.023663837,0.022499055,0.017260562628507614,0.028758671134710312
C_N_evidence_loss,0,19,0.018824995,0.01704691,0.012227729894220829,0.023743590340018272
C_N_evidence_loss,0,20,0.017671762,0.015559127,0.011309986002743244,0.021986808627843857
C_N_evidence_loss,0,21,0.028050732,0.025240056,0.017866922542452812,0.03520664945244789
C_N_evidence_loss,0,22,0.018996926,0.016593354,0.012178187258541584,0.023188961669802666
C_N_evidence_loss,0,23,0.019490592,0.018336099,0.014197644777595997,0.02321460098028183
C_N_evidence_loss,0,24,0.02637707,0.02416686,0.01764007657766342,0.03200409933924675
C_N_evidence_loss,0,25,0.050775412,0.048715785,0.035689081996679306,0.06336216628551483
C_N_evidence_loss,0,26,0.01565616,0.01362186,0.009876655414700508,0.019051142036914825
C_N_evidence_loss,0,27,0.023675814,0.020430421,0.01446576789021492,0.0289398692548275
C_N_evidence_loss,0,28,0.029872201,0.028104933,0.021398447453975677,0.036593809723854065
C_N_evidence_loss,0,29,0.025262164,0.022777647,0.016986921429634094,0.03066839650273323
C_N_evidence_loss,0,30,0.06029835,0.053688485,0.03856078162789345,0.07586941868066788
C_N_evidence_loss,0,31,0.04865047,0.04445091,0.032092273235321045,0.059465229511260986
C_N_evidence_loss,0,32,0.022917988,0.01815731,0.012770362198352814,0.027270285412669182
C_N_evidence_loss,0,33,0.021515505,0.018158235,0.012708202004432678,0.026738407090306282
C_N_evidence_loss,0,34,0.020944528,0.013909651,0.009618356823921204,0.023910513147711754
C_N_evidence_loss,0,35,0.09541913,0.08673831,0.05788750201463699,0.12509293854236603
C_N_evidence_loss,0,36,0.26920232,0.27521417,0.21564997732639313,0.32443690299987793
C_N_evidence_loss,1,1,0.01857307,0.015979398,0.011583260027691722,0.02231945702806115
C_N_evidence_loss,1,2,0.09032411,0.08791507,0.07105102948844433,0.10691468231379986
C_N_evidence_loss,1,3,0.014673829,0.013551478,0.01039407728239894,0.017523509915918112
C_N_evidence_loss,1,4,0.015933625,0.014511067,0.01087397150695324,0.019027319736778736
C_N_evidence_loss,1,5,0.011470649,0.010767698,0.008335461607202888,0.013810361037030816
C_N_evidence_loss,1,6,0.012384068,0.011297407,0.00828800955787301,0.015206205658614635
C_N_evidence_loss,1,7,0.013258208,0.0116151655,0.008493571076542139,0.01595251401886344
C_N_evidence_loss,1,8,0.009954961,0.007851396,0.0057307175593450665,0.011346593964844942
C_N_evidence_loss,1,9,0.008981555,0.0077488045,0.005210527102462947,0.011310467263683677
C_N_evidence_loss,1,10,0.042614795,0.036410134,0.020994714461266994,0.05923574324697256
C_N_evidence_loss,1,11,0.010324603,0.008667542,0.005649903905577958,0.01326984609477222
C_N_evidence_loss,1,12,0.019518366,0.011828679,0.006394604220986366,0.026643376797437668
C_N_evidence_loss,1,13,0.008489999,0.007068528,0.004752386827021837,0.01041824952699244
C_N_evidence_loss,1,14,0.015181879,0.013575204,0.00938824936747551,0.019292116165161133
C_N_evidence_loss,1,15,0.011539459,0.010494379,0.007304936181753874,0.014557200483977795
C_N_evidence_loss,1,16,0.019890329,0.017430859,0.011338252574205399,0.02556938072666526
C_N_evidence_loss,1,17,0.018211322,0.017062139,0.012762360740453005,0.022342435084283352
C_N_evidence_loss,1,18,0.02094687,0.019750632,0.014920163433998823,0.025724259205162525
C_N_evidence_loss,1,19,0.014876753,0.013244329,0.008794853929430246,0.01930880406871438
C_N_evidence_loss,1,20,0.018929714,0.01682381,0.012224284000694752,0.023096727672964334
C_N_evidence_loss,1,21,0.025318472,0.023469556,0.01706876838579774,0.03156031854450703
C_N_evidence_loss,1,22,0.022320507,0.019149859,0.013978602131828666,0.026949554216116667
C_N_evidence_loss,1,23,0.017577292,0.016569432,0.013063157442957163,0.020778678357601166
C_N_evidence_loss,1,24,0.026207445,0.02444679,0.01779991528019309,0.03261766396462917
C_N_evidence_loss,1,25,0.040259298,0.03798809,0.026708247140049934,0.051205165684223175
C_N_evidence_loss,1,26,0.014553851,0.012992781,0.00971425324678421,0.01738979620859027
C_N_evidence_loss,1,27,0.022008296,0.018533522,0.012698007747530937,0.027256252244114876
C_N_evidence_loss,1,28,0.02911541,0.027872488,0.021213465370237827,0.03569614887237549
C_N_evidence_loss,1,29,0.028889587,0.027197966,0.020208220463246107,0.03551976289600134
C_N_evidence_loss,1,30,0.058663413,0.052624457,0.034617903642356396,0.07653429545462132
C_N_evidence_loss,1,31,0.05159945,0.045512617,0.03338411636650562,0.06324029713869095
C_N_evidence_loss,1,32,0.032225527,0.025638537,0.016519596334546804,0.04163637012243271
C_N_evidence_loss,1,33,0.023158593,0.018774685,0.012837590649724007,0.028617490082979202
C_N_evidence_loss,1,34,0.022000216,0.014129207,0.009514111327007413,0.026962287724018097
C_N_evidence_loss,1,35,0.09106184,0.082001835,0.05861303769052029,0.11371572874486446
C_N_evidence_loss,1,36,0.281326,0.28283802,0.23391608893871307,0.33109868317842484
