signal,label,layer,mean,median,q25,q75
AE,0,1,0.64053524,0.6492281,0.5962410569190979,0.6919569671154022
AE,0,2,0.6230929,0.63167214,0.582614928483963,0.6726735383272171
AE,0,3,0.59091884,0.5929758,0.5554493367671967,0.622951403260231
AE,0,4,0.5825331,0.58134884,0.5490620136260986,0.6131142973899841
AE,0,5,0.5618228,0.5611797,0.531429648399353,0.5896881967782974
AE,0,6,0.5530501,0.54865265,0.522791400551796,0.5772522538900375
AE,0,7,0.51881725,0.5192808,0.49115490913391113,0.5455192029476166
AE,0,8,0.536344,0.5341371,0.5100878328084946,0.5605352967977524
AE,0,9,0.55402476,0.5488152,0.5117660760879517,0.5892007350921631
AE,0,10,0.5795768,0.57860994,0.5423449873924255,0.6170114725828171
AE,0,11,0.5449751,0.54536533,0.516632080078125,0.5741636753082275
AE,0,12,0.5495031,0.54810274,0.5049808323383331,0.5942092090845108
AE,0,13,0.56300366,0.5640003,0.5200430750846863,0.6066386848688126
AE,0,14,0.55868626,0.56135774,0.5212014764547348,0.5972828716039658
AE,0,15,0.57117605,0.57441473,0.5154456496238708,0.6266346126794815
AE,0,16,0.5636358,0.5622206,0.516426220536232,0.6168700307607651
AE,0,17,0.58655316,0.59392214,0.5252784192562103,0.6500236690044403
AE,0,18,0.5805519,0.58807045,0.5295811742544174,0.6308940947055817
AE,0,19,0.5746511,0.58169484,0.5220738649368286,0.6330172121524811
AE,0,20,0.63030183,0.639738,0.5760381817817688,0.6917464733123779
AE,0,21,0.64386123,0.6486163,0.5967919677495956,0.6969427615404129
AE,0,22,0.6393504,0.6434747,0.593300074338913,0.6928051561117172
AE,0,23,0.64043355,0.64387804,0.5897869318723679,0.7023001611232758
AE,0,24,0.6562076,0.6579197,0.6100331842899323,0.704516664147377
AE,0,25,0.70442164,0.70131445,0.6540828943252563,0.7557924389839172
AE,0,26,0.6939788,0.6919155,0.6418886184692383,0.743900865316391
AE,0,27,0.71192807,0.7127882,0.6629982590675354,0.7644350528717041
AE,0,28,0.70913595,0.70989364,0.6611771732568741,0.7546059638261795
AE,1,1,0.62688655,0.6388346,0.5826445817947388,0.683043360710144
AE,1,2,0.6110655,0.6214605,0.5684619545936584,0.6643407940864563
AE,1,3,0.5961541,0.60224116,0.5627096891403198,0.6350729465484619
AE,1,4,0.58995265,0.5936792,0.5544006824493408,0.6282447576522827
AE,1,5,0.57673067,0.5750767,0.5390699505805969,0.6113793849945068
AE,1,6,0.5612055,0.55837566,0.526420533657074,0.592989444732666
AE,1,7,0.5315109,0.5284828,0.4975742995738983,0.562609851360321
AE,1,8,0.5430615,0.5405583,0.5097809433937073,0.5741217136383057
AE,1,9,0.5642087,0.5591045,0.517781138420105,0.6047465801239014
AE,1,10,0.5891558,0.5891818,0.5489768385887146,0.631083607673645
AE,1,11,0.5529048,0.55284464,0.5200482606887817,0.5854085683822632
AE,1,12,0.5590558,0.555812,0.5133596658706665,0.603561520576477
AE,1,13,0.5737643,0.5728739,0.5302796959877014,0.6185959577560425
AE,1,14,0.56534106,0.5650718,0.5255699157714844,0.6053517460823059
AE,1,15,0.5756694,0.57498294,0.5252323746681213,0.6275159120559692
AE,1,16,0.5713906,0.57074773,0.5199776887893677,0.6208624243736267
AE,1,17,0.5902109,0.59207404,0.5356966257095337,0.6466090083122253
AE,1,18,0.5903915,0.5917405,0.5450873374938965,0.6394006609916687
AE,1,19,0.57354945,0.5716167,0.5271499156951904,0.6201382875442505
AE,1,20,0.63567144,0.6401303,0.5827410221099854,0.696434497833252
AE,1,21,0.65924853,0.6666107,0.6128729581832886,0.718920886516571
AE,1,22,0.6475598,0.6549721,0.6066223382949829,0.7015312910079956
AE,1,23,0.6489449,0.6576282,0.6055443286895752,0.7045749425888062
AE,1,24,0.6515972,0.6529272,0.6075981259346008,0.6985726356506348
AE,1,25,0.6927162,0.6987369,0.6460479497909546,0.749032735824585
AE,1,26,0.68661886,0.69179827,0.6398036479949951,0.7412433624267578
AE,1,27,0.6961669,0.7050154,0.647148072719574,0.75565505027771
AE,1,28,0.68849784,0.69536734,0.649145245552063,0.7385437488555908
I,0,1,1.3956119,1.1897113,0.8800212144851685,1.763969749212265
I,0,2,0.9284709,0.8727522,0.6777344048023224,1.1327846348285675
I,0,3,0.89540476,0.71914846,0.5580748319625854,0.9766190201044083
I,0,4,1.7430881,1.1962769,0.847465991973877,2.021136462688446
I,0,5,2.1381142,1.4826794,0.9793725460767746,2.810902178287506
I,0,6,4.6807666,3.6810112,2.342186152935028,6.270878553390503
I,0,7,2.7435324,2.3488984,1.5171634256839752,3.567733585834503
I,0,8,5.69302,5.024002,2.72496896982193,8.052591800689697
I,0,9,12.191184,10.22736,6.3571953773498535,15.793286800384521
I,0,10,16.273932,16.233658,12.196796417236328,20.053462028503418
I,0,11,7.9329085,7.6620445,6.189709186553955,9.67739224433899
I,0,12,12.358816,12.255657,8.82318639755249,15.65410041809082
I,0,13,14.466324,14.677618,10.87263560295105,17.919023513793945
I,0,14,14.833865,14.887333,11.172359943389893,18.155322074890137
I,0,15,28.79686,28.8107,21.660481929779053,34.85787773132324
I,0,16,14.331886,12.656254,9.51978063583374,17.918386936187744
I,0,17,22.343544,22.420248,16.006191730499268,28.970078468322754
I,0,18,16.196232,15.767531,10.01004409790039,21.246920108795166
I,0,19,16.07005,16.246948,11.63869833946228,20.300207138061523
I,0,20,37.391533,38.734623,29.83197593688965,45.74824905395508
I,0,21,26.946327,27.203938,19.84644842147827,33.950371742248535
I,0,22,56.86329,57.639553,46.32404804229736,68.27436637878418
I,0,23,62.618134,63.472008,44.39431381225586,79.62170791625977
I,0,24,59.31228,57.059853,35.85286235809326,80.68359375
I,0,25,54.146168,51.847565,35.201064109802246,72.24616813659668
I,0,26,58.56958,51.962395,30.14872646331787,80.22184944152832
I,0,27,121.12999,113.80859,75.60549926757812,159.09466171264648
I,0,28,136.81511,128.09605,80.55445861816406,182.18402099609375
I,1,1,1.9808803,1.8553059,1.1769914627075195,2.5471103191375732
I,1,2,1.2095662,1.1794623,0.872360348701477,1.5147316455841064
I,1,3,1.3421314,1.0231711,0.7053412199020386,1.5814000368118286
I,1,4,2.8858464,2.1382923,1.1719263792037964,3.9832775592803955
I,1,5,3.1662128,2.547265,1.290332555770874,3.994483709335327
I,1,6,6.164558,5.0684204,3.263105630874634,8.110377311706543
I,1,7,4.5172076,3.9005518,2.2374820709228516,6.550166130065918
I,1,8,6.886501,7.066227,3.605893611907959,9.29109001159668
I,1,9,14.849761,13.737806,8.47623348236084,19.03254508972168
I,1,10,19.290691,19.724606,14.593446731567383,24.41399574279785
I,1,11,9.837614,9.8794155,7.70237922668457,12.152667999267578
I,1,12,13.932213,13.769668,10.964682579040527,17.066852569580078
I,1,13,16.762665,17.37414,13.759699821472168,20.07148551940918
I,1,14,18.561117,18.547203,13.857345581054688,23.564144134521484
I,1,15,29.743435,28.862232,23.906084060668945,35.208824157714844
I,1,16,15.348963,13.424824,10.681597709655762,18.942779541015625
I,1,17,25.940754,25.730204,21.091840744018555,31.31785774230957
I,1,18,20.425072,19.95436,15.30759048461914,25.472959518432617
I,1,19,20.03387,20.231672,15.817888259887695,24.258272171020508
I,1,20,42.351387,43.74035,36.92801284790039,48.86763000488281
I,1,21,32.779644,33.32782,25.95792579650879,39.74784851074219
I,1,22,60.67813,61.487656,50.67824935913086,71.20911407470703
I,1,23,76.57144,78.52607,60.31733703613281,93.77581787109375
I,1,24,70.0078,70.69258,50.2951545715332,89.36675262451172
I,1,25,60.89763,60.584,44.05988311767578,76.54692840576172
I,1,26,68.762054,65.31432,46.23167037963867,86.68276977539062
I,1,27,138.83932,134.58861,98.98233032226562,173.5514678955078
I,1,28,154.89401,151.289,110.74800872802734,193.3563232421875
S,0,1,1.5100446,1.2942748,0.9207352846860886,1.9320068657398224
S,0,2,0.3835025,0.3417415,0.25450728088617325,0.46927063167095184
S,0,3,0.42040163,0.30370194,0.23409099504351616,0.4362124875187874
S,0,4,0.81115645,0.59221226,0.4268888011574745,0.9310090094804764
S,0,5,1.3218747,0.9659208,0.6230173707008362,1.6604459881782532
S,0,6,2.84206,2.3766882,1.5539298355579376,3.678737759590149
S,0,7,1.9828657,1.6727016,1.1212627291679382,2.5422472953796387
S,0,8,4.770254,4.33171,2.417584717273712,6.7493369579315186
S,0,9,9.244593,8.022356,5.12650465965271,12.423840522766113
S,0,10,16.181765,16.019009,12.098033666610718,20.145984649658203
S,0,11,5.3209276,5.0520077,3.9597873091697693,6.577765345573425
S,0,12,9.059107,8.970337,6.489262819290161,11.517372846603394
S,0,13,10.392833,10.516323,7.804292678833008,12.7303466796875
S,0,14,10.748003,10.721289,8.249644756317139,13.23607850074768
S,0,15,19.387877,19.08305,14.558979988098145,23.64839267730713
S,0,16,9.339209,8.21427,6.182153701782227,11.707135915756226
S,0,17,14.7569065,14.56962,10.361677885055542,19.23910903930664
S,0,18,9.392579,9.080105,5.804729223251343,12.315619230270386
S,0,19,9.870428,9.943409,7.182822108268738,12.320985078811646
S,0,20,22.100626,22.46066,17.18841314315796,26.783129692077637
S,0,21,15.955572,15.971484,11.499597787857056,20.118008613586426
S,0,22,34.786446,34.90544,28.43350315093994,41.17009353637695
S,0,23,35.57978,35.329765,24.629257202148438,43.966115951538086
S,0,24,32.661144,32.680717,20.63257074356079,43.88009452819824
S,0,25,23.489374,21.734653,14.376699924468994,31.736909866333008
S,0,26,22.236994,19.85299,11.798826932907104,30.40427589416504
S,0,27,53.815853,51.85713,33.70417785644531,71.71759796142578
S,0,28,93.492615,90.37215,55.93381309509277,126.97969436645508
S,1,1,2.2648003,1.9826504,1.2319568395614624,2.988943576812744
S,1,2,0.53104025,0.48804706,0.3375919759273529,0.6793480515480042
S,1,3,0.6286537,0.44135094,0.2981206774711609,0.6543586254119873
S,1,4,1.3927914,1.0131507,0.586674690246582,1.9829554557800293
S,1,5,2.011172,1.6718335,0.8709573745727539,2.545107841491699
S,1,6,3.796764,3.2919984,2.1728949546813965,4.780283451080322
S,1,7,3.2527435,2.8006742,1.665581464767456,4.669075965881348
S,1,8,5.632552,5.8321986,3.1494052410125732,7.474210739135742
S,1,9,11.201219,10.401251,7.002974510192871,14.385845184326172
S,1,10,18.891605,19.302572,14.388954162597656,23.42012596130371
S,1,11,6.7399726,6.7477374,5.154059410095215,8.342496871948242
S,1,12,10.129163,9.842371,7.8547468185424805,12.423702239990234
S,1,13,12.114049,12.317196,9.906770706176758,14.362947463989258
S,1,14,13.175312,13.229326,10.031163215637207,16.4314022064209
S,1,15,19.903767,19.225258,15.947647094726562,23.59271240234375
S,1,16,10.130517,8.859375,7.052343845367432,12.359426498413086
S,1,17,17.446772,17.25081,14.18766975402832,20.93827247619629
S,1,18,12.01146,11.630789,9.042787551879883,14.812371253967285
S,1,19,12.211685,12.113298,9.531145095825195,14.612512588500977
S,1,20,25.406992,26.050758,22.127527236938477,29.191200256347656
S,1,21,20.394466,20.430557,15.769323348999023,25.13949966430664
S,1,22,35.223003,35.26878,29.283275604248047,41.195613861083984
S,1,23,43.759823,44.481224,34.2743034362793,53.6381950378418
S,1,24,38.10904,37.312206,25.831777572631836,49.065101623535156
S,1,25,25.731876,25.25806,18.210060119628906,32.52342224121094
S,1,26,26.394701,25.093767,17.586734771728516,33.25970458984375
S,1,27,60.486347,58.752197,41.106544494628906,77.53855895996094
S,1,28,105.529655,102.86089,74.11524963378906,133.08816528320312
S_C,0,1,0.6691137,0.57963884,0.4197060540318489,0.8315935134887695
S_C,0,2,2.218443,2.0337174,1.5150159895420074,2.708423614501953
S_C,0,3,1.1136581,0.9146764,0.6966363936662674,1.2393900156021118
S_C,0,4,2.1974525,1.7366061,1.2360374629497528,2.5651118755340576
S_C,0,5,2.873268,2.2837176,1.4523979127407074,3.7199631333351135
S_C,0,6,6.63835,5.775976,3.733368456363678,8.871540069580078
S_C,0,7,1.4184477,1.2417138,0.8203546106815338,1.8140819072723389
S_C,0,8,2.806631,2.5549417,1.3668984174728394,4.001896500587463
S_C,0,9,5.3421507,4.61331,2.945267140865326,7.126537084579468
S_C,0,10,14.985712,14.960371,11.505774974822998,18.294623374938965
S_C,0,11,3.175567,3.0201318,2.3757156133651733,3.903672695159912
S_C,0,12,5.248187,5.172592,3.7179882526397705,6.682003736495972
S_C,0,13,5.9571404,6.039998,4.473987340927124,7.3383400440216064
S_C,0,14,6.3815513,6.303637,4.857490062713623,7.863120913505554
S_C,0,15,11.936038,11.55566,8.676557302474976,14.603331565856934
S_C,0,16,5.201066,4.5912733,3.456947445869446,6.4468278884887695
S_C,0,17,8.607429,8.401686,5.925513386726379,11.328261852264404
S_C,0,18,5.416558,5.2034154,3.3436595797538757,7.048245549201965
S_C,0,19,5.6490006,5.6759815,4.081954121589661,7.067804336547852
S_C,0,20,12.836661,12.907157,9.906665086746216,15.614474058151245
S_C,0,21,8.695788,8.716253,6.2463825941085815,10.976400375366211
S_C,0,22,20.335705,20.338535,16.39548921585083,24.308363914489746
S_C,0,23,19.575409,19.816238,13.876043796539307,24.256330490112305
S_C,0,24,19.313692,18.945946,12.16356348991394,25.7098650932312
S_C,0,25,12.936426,12.00279,7.796656608581543,17.54526424407959
S_C,0,26,12.132421,10.755935,6.408934593200684,16.460620880126953
S_C,0,27,28.263357,26.978289,17.58474349975586,37.626654624938965
S_C,0,28,53.468826,51.371586,32.58113193511963,71.79787063598633
S_C,1,1,0.9563881,0.880604,0.5618938207626343,1.22306489944458
S_C,1,2,2.8055036,2.6845548,1.9632961750030518,3.4435975551605225
S_C,1,3,1.6180197,1.2970525,0.898978590965271,1.804644227027893
S_C,1,4,3.6634693,2.85116,1.771303415298462,5.188827991485596
S_C,1,5,4.1707516,3.6544833,2.0650620460510254,5.407462120056152
S_C,1,6,8.662605,7.639652,5.2247209548950195,11.149354934692383
S_C,1,7,2.3068612,2.0090642,1.223344087600708,3.2704615592956543
S_C,1,8,3.32277,3.439891,1.8360254764556885,4.446929931640625
S_C,1,9,6.533616,6.020101,3.9879908561706543,8.335845947265625
S_C,1,10,17.921497,18.02348,13.89185905456543,22.32976531982422
S_C,1,11,3.9901457,3.9946826,3.0446853637695312,4.934121608734131
S_C,1,12,5.8368173,5.6476717,4.458245277404785,7.167506217956543
S_C,1,13,6.9317255,7.0327044,5.648109436035156,8.235065460205078
S_C,1,14,7.8159266,7.804451,5.907018661499023,9.713732719421387
S_C,1,15,12.105654,11.447615,9.304967880249023,14.43996524810791
S_C,1,16,5.615645,4.8822117,3.8989808559417725,6.834100246429443
S_C,1,17,10.146771,9.938408,8.097331047058105,12.24751091003418
S_C,1,18,6.9032373,6.650831,5.158702850341797,8.531672477722168
S_C,1,19,6.9754453,6.8986588,5.419985771179199,8.335319519042969
S_C,1,20,14.677641,14.916304,12.704766273498535,16.924850463867188
S_C,1,21,11.175206,11.227858,8.612256050109863,13.756857872009277
S_C,1,22,20.611063,20.41876,16.86345672607422,24.24272918701172
S_C,1,23,24.12341,24.367596,19.06121826171875,29.424724578857422
S_C,1,24,22.754704,22.181278,15.42012882232666,29.32393455505371
S_C,1,25,14.175627,13.865551,9.945637702941895,17.87078094482422
S_C,1,26,14.441336,13.680344,9.683114051818848,18.100345611572266
S_C,1,27,31.893177,30.96708,21.743873596191406,40.6485595703125
S_C,1,28,59.801624,58.626488,42.953834533691406,75.33840942382812
N_C,0,1,0.47555006,0.4146021,0.3041208013892174,0.5882178246974945
N_C,0,2,1.4533813,1.214489,0.8721363991498947,1.748832106590271
N_C,0,3,0.6880598,0.5297375,0.395894855260849,0.7216719686985016
N_C,0,4,1.1142093,0.8335831,0.5837767124176025,1.222030371427536
N_C,0,5,1.915374,1.4406824,0.9328239262104034,2.431867837905884
N_C,0,6,4.214669,3.6040828,2.2621195316314697,5.6627010107040405
N_C,0,7,0.8407201,0.7284344,0.45435483753681183,1.0511557757854462
N_C,0,8,1.453435,1.3151714,0.6571302562952042,2.0875648856163025
N_C,0,9,2.6527326,2.328291,1.3813299536705017,3.477501332759857
N_C,0,10,7.6667337,7.177157,5.515581488609314,9.518809795379639
N_C,0,11,1.64647,1.5770736,1.2453408241271973,1.997834950685501
N_C,0,12,2.720916,2.6082327,1.8014481365680695,3.4926859736442566
N_C,0,13,2.8840744,2.9559808,2.1250316500663757,3.572486162185669
N_C,0,14,3.010645,2.9216237,2.1878257989883423,3.7493476271629333
N_C,0,15,6.1776757,5.7326026,4.00699257850647,7.64650571346283
N_C,0,16,2.0369132,1.8376207,1.381866604089737,2.4739714860916138
N_C,0,17,4.341807,4.1408353,2.740057647228241,5.680546522140503
N_C,0,18,2.1011689,1.9186058,1.1764521598815918,2.7406944036483765
N_C,0,19,2.7596397,2.690447,1.903760701417923,3.457883298397064
N_C,0,20,7.1025887,6.8476315,5.313665866851807,8.637470006942749
N_C,0,21,4.2371435,4.2312784,2.9089032411575317,5.375363230705261
N_C,0,22,12.522551,12.122416,9.960028171539307,14.752487421035767
N_C,0,23,10.122765,9.778275,7.253658890724182,12.28214406967163
N_C,0,24,10.957457,10.440476,6.843439936637878,14.061643600463867
N_C,0,25,6.4186378,5.69666,3.6248286366462708,8.447874546051025
N_C,0,26,4.448187,4.12465,2.273802399635315,6.33788275718689
N_C,0,27,11.242846,10.629694,7.038193583488464,14.964165925979614
N_C,0,28,30.71359,29.399132,18.855687141418457,41.52746868133545
N_C,1,1,0.6790175,0.6226155,0.4033149778842926,0.8615357875823975
N_C,1,2,1.7440946,1.5011047,1.076573371887207,2.050877332687378
N_C,1,3,1.0351332,0.76298314,0.5181698203086853,1.1188405752182007
N_C,1,4,1.9718456,1.4451675,0.8536258339881897,2.8742618560791016
N_C,1,5,2.8999903,2.4697583,1.3386812210083008,3.7939815521240234
N_C,1,6,5.6113014,4.9992867,3.3076162338256836,7.271021366119385
N_C,1,7,1.4035,1.1893965,0.6872932314872742,2.0329298973083496
N_C,1,8,1.7397758,1.7161512,0.907950758934021,2.301924705505371
N_C,1,9,3.3867218,3.059961,1.97450590133667,4.390526294708252
N_C,1,10,9.719027,9.536635,6.772513389587402,12.373963356018066
N_C,1,11,2.0371583,2.0261705,1.5697473287582397,2.4959373474121094
N_C,1,12,3.0088797,2.8689384,2.2187836170196533,3.6669347286224365
N_C,1,13,3.187132,3.1960247,2.559063673019409,3.812289237976074
N_C,1,14,3.5681279,3.529141,2.618372917175293,4.443206310272217
N_C,1,15,6.0467134,5.4526324,4.184273719787598,7.42805290222168
N_C,1,16,2.120402,1.8643806,1.472393274307251,2.5056233406066895
N_C,1,17,4.9147553,4.714243,3.70208477973938,6.04072904586792
N_C,1,18,2.5367813,2.3721287,1.7520242929458618,3.148923635482788
N_C,1,19,3.1166,2.9326012,2.3146684169769287,3.676119804382324
N_C,1,20,7.9798427,7.976889,6.549896717071533,9.434065818786621
N_C,1,21,5.5313387,5.5331125,4.022940158843994,6.9364776611328125
N_C,1,22,12.308628,11.793925,9.268726348876953,14.880929946899414
N_C,1,23,11.930626,11.746661,8.929559707641602,14.712281227111816
N_C,1,24,13.321578,12.472114,7.973262310028076,17.14431381225586
N_C,1,25,6.7558403,6.5802145,4.614788055419922,8.40800952911377
N_C,1,26,5.5655394,5.455405,3.7403159141540527,7.082719802856445
N_C,1,27,12.876379,12.423821,8.401710510253906,16.598844528198242
N_C,1,28,33.629707,33.277683,25.139652252197266,41.88233947753906
kappa_C,0,1,0.7160682,0.7188416,0.6944813430309296,0.7418635785579681
kappa_C,0,2,0.63252413,0.62161505,0.5118328332901001,0.7582716941833496
kappa_C,0,3,0.5897859,0.5856868,0.542994886636734,0.6235519647598267
kappa_C,0,4,0.48961395,0.48686856,0.4335327073931694,0.5361763536930084
kappa_C,0,5,0.65118885,0.6455244,0.610413447022438,0.688563197851181
kappa_C,0,6,0.626285,0.6352258,0.5775032341480255,0.6810943335294724
kappa_C,0,7,0.57858866,0.57517123,0.5372278392314911,0.6104546934366226
kappa_C,0,8,0.505285,0.49551025,0.44905637204647064,0.5528301447629929
kappa_C,0,9,0.4915676,0.48522925,0.44633952528238297,0.5250281095504761
kappa_C,0,10,0.5073045,0.49399114,0.43224988877773285,0.5695667266845703
kappa_C,0,11,0.5224182,0.52129066,0.49028509110212326,0.553412601351738
kappa_C,0,12,0.5131369,0.51020825,0.4732268378138542,0.5515949577093124
kappa_C,0,13,0.48378104,0.48586383,0.4408809691667557,0.5246109515428543
kappa_C,0,14,0.46800572,0.46273923,0.4255495145916939,0.5029138624668121
kappa_C,0,15,0.5037267,0.49986184,0.4462994709610939,0.5582547783851624
kappa_C,0,16,0.39842704,0.39342612,0.3575829640030861,0.43433184921741486
kappa_C,0,17,0.49552128,0.49135232,0.441036194562912,0.5428886711597443
kappa_C,0,18,0.37475497,0.3664703,0.3304457664489746,0.4099633917212486
kappa_C,0,19,0.4805276,0.47381192,0.42445962131023407,0.5301541835069656
kappa_C,0,20,0.55099905,0.5466927,0.4972924590110779,0.6033003777265549
kappa_C,0,21,0.48440394,0.4775079,0.4352216124534607,0.5278387069702148
kappa_C,0,22,0.61723554,0.6105972,0.5553498566150665,0.6819737106561661
kappa_C,0,23,0.5201191,0.51356167,0.46578118205070496,0.5683946460485458
kappa_C,0,24,0.5704994,0.5637926,0.4873773604631424,0.6466532498598099
kappa_C,0,25,0.48768294,0.47871196,0.4193880781531334,0.5415641963481903
kappa_C,0,26,0.3766939,0.3671667,0.3147161528468132,0.4262409657239914
kappa_C,0,27,0.4050882,0.3973658,0.3408766835927963,0.4581998810172081
kappa_C,0,28,0.5861191,0.5792066,0.5313414335250854,0.6420728862285614
kappa_C,1,1,0.7124974,0.71387,0.6914085149765015,0.7355570197105408
kappa_C,1,2,0.6018772,0.5781676,0.4851146340370178,0.7161602973937988
kappa_C,1,3,0.60673255,0.59938335,0.5616540908813477,0.6397064924240112
kappa_C,1,4,0.51955587,0.51593435,0.45980289578437805,0.5753376483917236
kappa_C,1,5,0.6786266,0.67863643,0.6341829895973206,0.7213099598884583
kappa_C,1,6,0.64375216,0.65149426,0.6037202477455139,0.6919087767601013
kappa_C,1,7,0.5915644,0.58812845,0.5494479537010193,0.6303304433822632
kappa_C,1,8,0.51154536,0.4995724,0.45830392837524414,0.5541698932647705
kappa_C,1,9,0.50833833,0.5028263,0.46487799286842346,0.5457053184509277
kappa_C,1,10,0.53355557,0.5231477,0.4634441137313843,0.5944112539291382
kappa_C,1,11,0.51313615,0.50987715,0.4812605082988739,0.5430315136909485
kappa_C,1,12,0.5118253,0.5138039,0.4778018295764923,0.5467767119407654
kappa_C,1,13,0.46141255,0.4615224,0.4226217269897461,0.49784761667251587
kappa_C,1,14,0.45249754,0.44947788,0.4184117019176483,0.4848429262638092
kappa_C,1,15,0.48689303,0.47877625,0.43891674280166626,0.529183566570282
kappa_C,1,16,0.3786089,0.37343317,0.34221306443214417,0.4096037745475769
kappa_C,1,17,0.4790975,0.47381762,0.43254759907722473,0.5204464793205261
kappa_C,1,18,0.3604002,0.34947398,0.32352927327156067,0.38692378997802734
kappa_C,1,19,0.44157037,0.43251237,0.3884366750717163,0.4848414957523346
kappa_C,1,20,0.53942406,0.5404007,0.4957888722419739,0.5830034613609314
kappa_C,1,21,0.4905366,0.48935127,0.43723398447036743,0.5406603813171387
kappa_C,1,22,0.5904826,0.5918029,0.5237565636634827,0.6561729311943054
kappa_C,1,23,0.49328566,0.49007124,0.44276678562164307,0.5392918586730957
kappa_C,1,24,0.5672571,0.5681334,0.47560492157936096,0.6579284071922302
kappa_C,1,25,0.47577968,0.46705234,0.4140987992286682,0.5253346562385559
kappa_C,1,26,0.39376086,0.38352618,0.33167150616645813,0.44164541363716125
kappa_C,1,27,0.4060648,0.39302114,0.33755356073379517,0.4606439173221588
kappa_C,1,28,0.5715513,0.5685704,0.5266084671020508,0.6135863661766052
visual_fraction,0,1,0.03916589,0.03344032,0.02375659393146634,0.04781515896320343
visual_fraction,0,2,0.031048918,0.028475836,0.021808560471981764,0.037797119468450546
visual_fraction,0,3,0.0314476,0.026241973,0.019580686930567026,0.035533166490495205
visual_fraction,0,4,0.045667216,0.03356936,0.024473692290484905,0.05332065187394619
visual_fraction,0,5,0.060683534,0.04465785,0.027587450109422207,0.0812152549624443
visual_fraction,0,6,0.1028898,0.086702004,0.05401019472628832,0.1392618529498577
visual_fraction,0,7,0.04108191,0.036402084,0.02347451262176037,0.05293155927211046
visual_fraction,0,8,0.06974558,0.062195078,0.03576177917420864,0.09802430309355259
visual_fraction,0,9,0.12741932,0.11379512,0.07324450090527534,0.17180785536766052
visual_fraction,0,10,0.20106713,0.1993353,0.1541176363825798,0.2451278306543827
visual_fraction,0,11,0.078769445,0.07402614,0.05639228317886591,0.09790532663464546
visual_fraction,0,12,0.12965275,0.12914944,0.08905105106532574,0.1663578301668167
visual_fraction,0,13,0.13889337,0.14331901,0.10632926411926746,0.17097973078489304
visual_fraction,0,14,0.14975637,0.14585021,0.11239564046263695,0.18664316833019257
visual_fraction,0,15,0.25672725,0.26266733,0.19914821535348892,0.312408484518528
visual_fraction,0,16,0.12072944,0.11015943,0.08318566158413887,0.15200473368167877
visual_fraction,0,17,0.20107317,0.20029211,0.14041240513324738,0.2638802155852318
visual_fraction,0,18,0.11692277,0.116231,0.07605290226638317,0.15385211631655693
visual_fraction,0,19,0.101066135,0.10146569,0.07408757507801056,0.12696250900626183
visual_fraction,0,20,0.18249436,0.18773456,0.1443762332201004,0.2228238210082054
visual_fraction,0,21,0.1187287,0.11859021,0.08625129237771034,0.14966489747166634
visual_fraction,0,22,0.1956953,0.19760916,0.15962886065244675,0.23104338347911835
visual_fraction,0,23,0.16324696,0.161053,0.11891276575624943,0.20277397707104683
visual_fraction,0,24,0.12507777,0.12243855,0.08086132444441319,0.16723667457699776
visual_fraction,0,25,0.075591266,0.071230665,0.0449586221948266,0.10180172882974148
visual_fraction,0,26,0.062081933,0.054530986,0.03215647488832474,0.08414782583713531
visual_fraction,0,27,0.10171139,0.09703007,0.06541493721306324,0.13010231405496597
visual_fraction,0,28,0.056025676,0.052916773,0.03448869474232197,0.07452162355184555
visual_fraction,1,1,0.055778217,0.051787976,0.03266844525933266,0.07295923680067062
visual_fraction,1,2,0.039892595,0.038278647,0.02768835797905922,0.05058344081044197
visual_fraction,1,3,0.04831196,0.038129587,0.025634031742811203,0.05711286514997482
visual_fraction,1,4,0.0735353,0.05810957,0.035677470266819,0.09712564945220947
visual_fraction,1,5,0.0938848,0.07975493,0.04068611562252045,0.12509284913539886
visual_fraction,1,6,0.14313349,0.12999974,0.07920042425394058,0.18680110573768616
visual_fraction,1,7,0.06748983,0.060288183,0.036048516631126404,0.09498939663171768
visual_fraction,1,8,0.090671726,0.09480466,0.05101102590560913,0.1245255172252655
visual_fraction,1,9,0.16509642,0.16373213,0.10128350555896759,0.21284718811511993
visual_fraction,1,10,0.2540768,0.25566113,0.19431063532829285,0.3212515413761139
visual_fraction,1,11,0.10698487,0.10331624,0.07559649646282196,0.13735291361808777
visual_fraction,1,12,0.1595117,0.16223834,0.12303201109170914,0.19725000858306885
visual_fraction,1,13,0.17246744,0.17728333,0.1411343365907669,0.21038614213466644
visual_fraction,1,14,0.19652073,0.1938722,0.14456841349601746,0.25236207246780396
visual_fraction,1,15,0.27698544,0.27644736,0.23516766726970673,0.3270789682865143
visual_fraction,1,16,0.13653934,0.12864004,0.1016196757555008,0.1647925227880478
visual_fraction,1,17,0.2421678,0.24514976,0.2014273852109909,0.291308730840683
visual_fraction,1,18,0.15068443,0.14982729,0.11590149998664856,0.18580934405326843
visual_fraction,1,19,0.12501183,0.12619343,0.09716404229402542,0.15198419988155365
visual_fraction,1,20,0.20840846,0.21516645,0.1801694929599762,0.2418087124824524
visual_fraction,1,21,0.1474674,0.15031591,0.11575969308614731,0.1786198765039444
visual_fraction,1,22,0.20609164,0.20718738,0.17112138867378235,0.2419268786907196
visual_fraction,1,23,0.20137967,0.20294492,0.16160617768764496,0.2441706508398056
visual_fraction,1,24,0.14664412,0.14570302,0.10443532466888428,0.18753421306610107
visual_fraction,1,25,0.08499983,0.08271864,0.0609118714928627,0.10543712973594666
visual_fraction,1,26,0.07652027,0.07261072,0.052514541894197464,0.09520407021045685
visual_fraction,1,27,0.117426515,0.114124104,0.08397912979125977,0.1457364708185196
visual_fraction,1,28,0.06300943,0.061573543,0.046646684408187866,0.07820679247379303
residual_mag,0,1,0.88865566,0.8736272,0.5638636350631714,1.1154686510562897
residual_mag,0,2,25.087074,25.165913,21.2397403717041,28.786306381225586
residual_mag,0,3,11.458502,10.762614,9.955589294433594,11.693145275115967
residual_mag,0,4,14.458878,13.956084,11.312540531158447,17.153636932373047
residual_mag,0,5,13.421133,12.893717,11.628418684005737,14.357085466384888
residual_mag,0,6,18.401884,18.082687,15.842061042785645,20.329954147338867
residual_mag,0,7,13.505214,12.746852,11.431127071380615,14.712796688079834
residual_mag,0,8,19.543795,18.956398,16.526954650878906,22.119027137756348
residual_mag,0,9,18.310555,17.919983,16.205974102020264,19.915146827697754
residual_mag,0,10,21.796223,21.065472,19.63526725769043,23.190205574035645
residual_mag,0,11,21.083605,19.689135,17.66570281982422,23.189133644104004
residual_mag,0,12,17.971666,16.888935,15.21953296661377,19.300684452056885
residual_mag,0,13,17.620005,16.926434,15.274315595626831,19.125215530395508
residual_mag,0,14,16.860342,16.391823,14.927950382232666,18.366440296173096
residual_mag,0,15,17.455723,17.128859,15.389577865600586,19.076228141784668
residual_mag,0,16,18.40142,18.048145,16.765345573425293,19.60834503173828
residual_mag,0,17,18.504135,18.209282,16.745511054992676,20.071749687194824
residual_mag,0,18,21.88277,21.590752,20.03469228744507,23.357993602752686
residual_mag,0,19,26.00335,25.742298,23.546443939208984,28.134379386901855
residual_mag,0,20,27.33401,27.224188,24.747884273529053,29.562094688415527
residual_mag,0,21,41.027927,40.756615,37.38746738433838,44.275779724121094
residual_mag,0,22,57.8666,57.86428,53.59229373931885,61.78694248199463
residual_mag,0,23,81.89678,80.67987,74.83439254760742,87.02316665649414
residual_mag,0,24,99.916794,96.82281,87.61434173583984,109.6393928527832
residual_mag,0,25,125.984245,124.41432,110.54202270507812,137.4304428100586
residual_mag,0,26,148.08685,145.89044,129.79425048828125,162.41791534423828
residual_mag,0,27,200.75462,198.36462,178.81160736083984,220.53349685668945
residual_mag,0,28,687.48083,685.3918,631.6728515625,737.8493347167969
residual_mag,1,1,0.88249195,0.91461295,0.5917778015136719,1.1029679775238037
residual_mag,1,2,25.324465,25.207584,21.81882095336914,28.797386169433594
residual_mag,1,3,11.048212,10.315108,9.312925338745117,11.505037307739258
residual_mag,1,4,15.457904,14.397694,11.559529304504395,18.909780502319336
residual_mag,1,5,12.941793,12.203008,11.386482238769531,13.77354907989502
residual_mag,1,6,17.603262,16.83112,15.451095581054688,19.326780319213867
residual_mag,1,7,13.379771,12.443657,11.163902282714844,14.949817657470703
residual_mag,1,8,18.726778,17.769087,15.919493675231934,21.064285278320312
residual_mag,1,9,17.130617,16.402624,14.543583869934082,18.97420310974121
residual_mag,1,10,20.932241,20.062582,18.483564376831055,22.317914962768555
residual_mag,1,11,19.66998,18.43988,15.522011756896973,22.11264419555664
residual_mag,1,12,16.498875,15.726408,13.126436233520508,18.461109161376953
residual_mag,1,13,16.584558,15.707023,13.742362976074219,18.33992576599121
residual_mag,1,14,15.759116,15.282668,13.294896125793457,17.490989685058594
residual_mag,1,15,16.322802,15.77318,14.309072494506836,17.852581024169922
residual_mag,1,16,17.69569,17.291195,16.074647903442383,18.92775535583496
residual_mag,1,17,18.422066,18.15688,16.90827178955078,19.706012725830078
residual_mag,1,18,21.434212,21.007015,19.725927352905273,22.784379959106445
residual_mag,1,19,25.856546,25.251263,23.274335861206055,28.02175521850586
residual_mag,1,20,27.993418,27.579653,25.53554344177246,29.90888214111328
residual_mag,1,21,43.53244,42.966236,39.36833953857422,46.930721282958984
residual_mag,1,22,57.115078,57.240482,53.50221633911133,60.53123092651367
residual_mag,1,23,80.02303,79.43407,73.9486083984375,85.30415344238281
residual_mag,1,24,97.1466,95.27604,86.65718841552734,106.29903411865234
residual_mag,1,25,122.1921,119.575806,108.48736572265625,133.31126403808594
residual_mag,1,26,139.98167,137.2047,121.83576965332031,155.28309631347656
residual_mag,1,27,192.3378,191.51462,168.68458557128906,213.7650146484375
residual_mag,1,28,687.6798,688.1766,630.4437255859375,747.1671752929688
attention_bias_mag,0,1,0.0,0.0,0.0,0.0
attention_bias_mag,0,2,0.0,0.0,0.0,0.0
attention_bias_mag,0,3,0.0,0.0,0.0,0.0
attention_bias_mag,0,4,0.0,0.0,0.0,0.0
attention_bias_mag,0,5,0.0,0.0,0.0,0.0
attention_bias_mag,0,6,0.0,0.0,0.0,0.0
attention_bias_mag,0,7,0.0,0.0,0.0,0.0
attention_bias_mag,0,8,0.0,0.0,0.0,0.0
attention_bias_mag,0,9,0.0,0.0,0.0,0.0
attention_bias_mag,0,10,0.0,0.0,0.0,0.0
attention_bias_mag,0,11,0.0,0.0,0.0,0.0
attention_bias_mag,0,12,0.0,0.0,0.0,0.0
attention_bias_mag,0,13,0.0,0.0,0.0,0.0
attention_bias_mag,0,14,0.0,0.0,0.0,0.0
attention_bias_mag,0,15,0.0,0.0,0.0,0.0
attention_bias_mag,0,16,0.0,0.0,0.0,0.0
attention_bias_mag,0,17,0.0,0.0,0.0,0.0
attention_bias_mag,0,18,0.0,0.0,0.0,0.0
attention_bias_mag,0,19,0.0,0.0,0.0,0.0
attention_bias_mag,0,20,0.0,0.0,0.0,0.0
attention_bias_mag,0,21,0.0,0.0,0.0,0.0
attention_bias_mag,0,22,0.0,0.0,0.0,0.0
attention_bias_mag,0,23,0.0,0.0,0.0,0.0
attention_bias_mag,0,24,0.0,0.0,0.0,0.0
attention_bias_mag,0,25,0.0,0.0,0.0,0.0
attention_bias_mag,0,26,0.0,0.0,0.0,0.0
attention_bias_mag,0,27,0.0,0.0,0.0,0.0
attention_bias_mag,0,28,0.0,0.0,0.0,0.0
attention_bias_mag,1,1,0.0,0.0,0.0,0.0
attention_bias_mag,1,2,0.0,0.0,0.0,0.0
attention_bias_mag,1,3,0.0,0.0,0.0,0.0
attention_bias_mag,1,4,0.0,0.0,0.0,0.0
attention_bias_mag,1,5,0.0,0.0,0.0,0.0
attention_bias_mag,1,6,0.0,0.0,0.0,0.0
attention_bias_mag,1,7,0.0,0.0,0.0,0.0
attention_bias_mag,1,8,0.0,0.0,0.0,0.0
attention_bias_mag,1,9,0.0,0.0,0.0,0.0
attention_bias_mag,1,10,0.0,0.0,0.0,0.0
attention_bias_mag,1,11,0.0,0.0,0.0,0.0
attention_bias_mag,1,12,0.0,0.0,0.0,0.0
attention_bias_mag,1,13,0.0,0.0,0.0,0.0
attention_bias_mag,1,14,0.0,0.0,0.0,0.0
attention_bias_mag,1,15,0.0,0.0,0.0,0.0
attention_bias_mag,1,16,0.0,0.0,0.0,0.0
attention_bias_mag,1,17,0.0,0.0,0.0,0.0
attention_bias_mag,1,18,0.0,0.0,0.0,0.0
attention_bias_mag,1,19,0.0,0.0,0.0,0.0
attention_bias_mag,1,20,0.0,0.0,0.0,0.0
attention_bias_mag,1,21,0.0,0.0,0.0,0.0
attention_bias_mag,1,22,0.0,0.0,0.0,0.0
attention_bias_mag,1,23,0.0,0.0,0.0,0.0
attention_bias_mag,1,24,0.0,0.0,0.0,0.0
attention_bias_mag,1,25,0.0,0.0,0.0,0.0
attention_bias_mag,1,26,0.0,0.0,0.0,0.0
attention_bias_mag,1,27,0.0,0.0,0.0,0.0
attention_bias_mag,1,28,0.0,0.0,0.0,0.0
ffn_zero_norm,0,1,0.0,0.0,0.0,0.0
ffn_zero_norm,0,2,0.0,0.0,0.0,0.0
ffn_zero_norm,0,3,0.0,0.0,0.0,0.0
ffn_zero_norm,0,4,0.0,0.0,0.0,0.0
ffn_zero_norm,0,5,0.0,0.0,0.0,0.0
ffn_zero_norm,0,6,0.0,0.0,0.0,0.0
ffn_zero_norm,0,7,0.0,0.0,0.0,0.0
ffn_zero_norm,0,8,0.0,0.0,0.0,0.0
ffn_zero_norm,0,9,0.0,0.0,0.0,0.0
ffn_zero_norm,0,10,0.0,0.0,0.0,0.0
ffn_zero_norm,0,11,0.0,0.0,0.0,0.0
ffn_zero_norm,0,12,0.0,0.0,0.0,0.0
ffn_zero_norm,0,13,0.0,0.0,0.0,0.0
ffn_zero_norm,0,14,0.0,0.0,0.0,0.0
ffn_zero_norm,0,15,0.0,0.0,0.0,0.0
ffn_zero_norm,0,16,0.0,0.0,0.0,0.0
ffn_zero_norm,0,17,0.0,0.0,0.0,0.0
ffn_zero_norm,0,18,0.0,0.0,0.0,0.0
ffn_zero_norm,0,19,0.0,0.0,0.0,0.0
ffn_zero_norm,0,20,0.0,0.0,0.0,0.0
ffn_zero_norm,0,21,0.0,0.0,0.0,0.0
ffn_zero_norm,0,22,0.0,0.0,0.0,0.0
ffn_zero_norm,0,23,0.0,0.0,0.0,0.0
ffn_zero_norm,0,24,0.0,0.0,0.0,0.0
ffn_zero_norm,0,25,0.0,0.0,0.0,0.0
ffn_zero_norm,0,26,0.0,0.0,0.0,0.0
ffn_zero_norm,0,27,0.0,0.0,0.0,0.0
ffn_zero_norm,0,28,0.0,0.0,0.0,0.0
ffn_zero_norm,1,1,0.0,0.0,0.0,0.0
ffn_zero_norm,1,2,0.0,0.0,0.0,0.0
ffn_zero_norm,1,3,0.0,0.0,0.0,0.0
ffn_zero_norm,1,4,0.0,0.0,0.0,0.0
ffn_zero_norm,1,5,0.0,0.0,0.0,0.0
ffn_zero_norm,1,6,0.0,0.0,0.0,0.0
ffn_zero_norm,1,7,0.0,0.0,0.0,0.0
ffn_zero_norm,1,8,0.0,0.0,0.0,0.0
ffn_zero_norm,1,9,0.0,0.0,0.0,0.0
ffn_zero_norm,1,10,0.0,0.0,0.0,0.0
ffn_zero_norm,1,11,0.0,0.0,0.0,0.0
ffn_zero_norm,1,12,0.0,0.0,0.0,0.0
ffn_zero_norm,1,13,0.0,0.0,0.0,0.0
ffn_zero_norm,1,14,0.0,0.0,0.0,0.0
ffn_zero_norm,1,15,0.0,0.0,0.0,0.0
ffn_zero_norm,1,16,0.0,0.0,0.0,0.0
ffn_zero_norm,1,17,0.0,0.0,0.0,0.0
ffn_zero_norm,1,18,0.0,0.0,0.0,0.0
ffn_zero_norm,1,19,0.0,0.0,0.0,0.0
ffn_zero_norm,1,20,0.0,0.0,0.0,0.0
ffn_zero_norm,1,21,0.0,0.0,0.0,0.0
ffn_zero_norm,1,22,0.0,0.0,0.0,0.0
ffn_zero_norm,1,23,0.0,0.0,0.0,0.0
ffn_zero_norm,1,24,0.0,0.0,0.0,0.0
ffn_zero_norm,1,25,0.0,0.0,0.0,0.0
ffn_zero_norm,1,26,0.0,0.0,0.0,0.0
ffn_zero_norm,1,27,0.0,0.0,0.0,0.0
ffn_zero_norm,1,28,0.0,0.0,0.0,0.0
raw_attention_mass,0,1,0.030113094,0.026768588,0.01990540884435177,0.0372160105034709
raw_attention_mass,0,2,0.027470428,0.024633143,0.019138607196509838,0.033588788472115993
raw_attention_mass,0,3,0.025298579,0.022678878,0.018390962854027748,0.02991851745173335
raw_attention_mass,0,4,0.030813199,0.0256873,0.018564450554549694,0.03651675954461098
raw_attention_mass,0,5,0.01749366,0.013503317,0.009691506391391158,0.021682319696992636
raw_attention_mass,0,6,0.040143553,0.033710904,0.02307333704084158,0.05203609820455313
raw_attention_mass,0,7,0.020184506,0.01820942,0.012722423998638988,0.024686339776962996
raw_attention_mass,0,8,0.048913624,0.04240489,0.02720612520352006,0.0661148875951767
raw_attention_mass,0,9,0.10704598,0.09456645,0.06222580932080746,0.14426854625344276
raw_attention_mass,0,10,0.12513171,0.123093106,0.09269578754901886,0.15409145131707191
raw_attention_mass,0,11,0.06535846,0.06277775,0.05088490899652243,0.07885340042412281
raw_attention_mass,0,12,0.11350709,0.11383327,0.08462872542440891,0.14338765665888786
raw_attention_mass,0,13,0.12914161,0.12930182,0.10027963854372501,0.159037034958601
raw_attention_mass,0,14,0.14678378,0.14300011,0.10924308001995087,0.1774453967809677
raw_attention_mass,0,15,0.29892185,0.3093907,0.23375816643238068,0.36437808722257614
raw_attention_mass,0,16,0.11817376,0.11039705,0.08487696759402752,0.14899380132555962
raw_attention_mass,0,17,0.22592047,0.22598246,0.16296172887086868,0.28836288303136826
raw_attention_mass,0,18,0.14976406,0.14896388,0.10408585704863071,0.19214782491326332
raw_attention_mass,0,19,0.12257485,0.122434735,0.09047934599220753,0.1511070430278778
raw_attention_mass,0,20,0.2517135,0.25993016,0.2044813372194767,0.30407553911209106
raw_attention_mass,0,21,0.19543682,0.19700164,0.14591164514422417,0.23641299083828926
raw_attention_mass,0,22,0.2303702,0.23117352,0.18925780057907104,0.2748602330684662
raw_attention_mass,0,23,0.28317565,0.28920296,0.2075785994529724,0.3556721359491348
raw_attention_mass,0,24,0.1682793,0.16490152,0.11172170750796795,0.22038762643933296
raw_attention_mass,0,25,0.15826258,0.15549529,0.1105082705616951,0.2039954885840416
raw_attention_mass,0,26,0.14804694,0.14101028,0.09352253563702106,0.1985516957938671
raw_attention_mass,0,27,0.2594994,0.26192153,0.18628732487559319,0.3297027349472046
raw_attention_mass,0,28,0.31085685,0.30931664,0.20754427462816238,0.4100290611386299
raw_attention_mass,1,1,0.044694275,0.042486053,0.027511069551110268,0.060639843344688416
raw_attention_mass,1,2,0.037260655,0.03672408,0.025334807112812996,0.04668133333325386
raw_attention_mass,1,3,0.036740422,0.03152956,0.022954609245061874,0.04816167801618576
raw_attention_mass,1,4,0.049538817,0.039331514,0.024710673838853836,0.0699792131781578
raw_attention_mass,1,5,0.026118375,0.021581804,0.012716728262603283,0.03332223370671272
raw_attention_mass,1,6,0.05739558,0.051718585,0.03212781995534897,0.07323689758777618
raw_attention_mass,1,7,0.032467548,0.0283602,0.017922909930348396,0.04526393115520477
raw_attention_mass,1,8,0.0653977,0.06384468,0.033768974244594574,0.09028089791536331
raw_attention_mass,1,9,0.13647857,0.13829662,0.08486071228981018,0.1747252196073532
raw_attention_mass,1,10,0.15964898,0.15921184,0.11732801795005798,0.20078371465206146
raw_attention_mass,1,11,0.08664927,0.08543862,0.0643773227930069,0.10925199836492538
raw_attention_mass,1,12,0.13892807,0.1444987,0.11094973236322403,0.16942039132118225
raw_attention_mass,1,13,0.1662902,0.16890809,0.13161224126815796,0.20637059211730957
raw_attention_mass,1,14,0.19616228,0.19220646,0.14318108558654785,0.25274786353111267
raw_attention_mass,1,15,0.33424452,0.34075513,0.2940114140510559,0.3858092129230499
raw_attention_mass,1,16,0.13807309,0.13361831,0.10384690016508102,0.16695070266723633
raw_attention_mass,1,17,0.2778231,0.28586125,0.23047298192977905,0.3311053216457367
raw_attention_mass,1,18,0.19537859,0.1989714,0.1502184122800827,0.23991945385932922
raw_attention_mass,1,19,0.16119464,0.15877077,0.12605898082256317,0.20035740733146667
raw_attention_mass,1,20,0.29480478,0.30738035,0.25930434465408325,0.3420671224594116
raw_attention_mass,1,21,0.24603233,0.25080776,0.18970297276973724,0.302975058555603
raw_attention_mass,1,22,0.26007104,0.2646029,0.22233475744724274,0.30273929238319397
raw_attention_mass,1,23,0.34020966,0.3500953,0.2732830047607422,0.4137296676635742
raw_attention_mass,1,24,0.20479648,0.20945486,0.15311384201049805,0.25602972507476807
raw_attention_mass,1,25,0.18116613,0.18405579,0.13986128568649292,0.22173435986042023
raw_attention_mass,1,26,0.17025433,0.1678146,0.12557834386825562,0.2121487706899643
raw_attention_mass,1,27,0.2983286,0.2995955,0.23305819928646088,0.3647904396057129
raw_attention_mass,1,28,0.3524604,0.35661757,0.270719438791275,0.4362533986568451
other_gross,0,1,16.12135,15.894698,13.653547763824463,18.042567253112793
other_gross,0,2,44.317677,43.054695,39.758609771728516,48.055572509765625
other_gross,0,3,23.325506,23.392906,20.693647384643555,25.858290672302246
other_gross,0,4,33.4608,33.765472,30.585496425628662,36.70989513397217
other_gross,0,5,33.935776,34.240326,27.135544776916504,39.94378662109375
other_gross,0,6,41.531166,40.729958,34.23552989959717,47.902398109436035
other_gross,0,7,19.862804,19.729725,18.109251022338867,21.53971529006958
other_gross,0,8,17.639353,17.51572,14.832277059555054,20.199461936950684
other_gross,0,9,17.95501,17.769302,15.039597511291504,20.499247550964355
other_gross,0,10,38.06349,38.13472,33.03046131134033,43.14694690704346
other_gross,0,11,17.008245,16.883461,15.239133358001709,18.42881441116333
other_gross,0,12,17.65812,17.552803,15.506641387939453,19.79095697402954
other_gross,0,13,19.437376,19.311485,17.51247262954712,21.129873275756836
other_gross,0,14,19.827955,19.642632,17.616140365600586,22.037525177001953
other_gross,0,15,16.32361,15.823307,14.451478481292725,17.76678991317749
other_gross,0,16,19.053843,18.778156,17.36435604095459,20.56068992614746
other_gross,0,17,15.670355,15.353054,12.708462476730347,17.96496868133545
other_gross,0,18,18.908096,18.224735,16.29066514968872,20.701525688171387
other_gross,0,19,24.451086,23.755653,21.656564712524414,26.205411911010742
other_gross,0,20,30.212425,29.60608,26.815284729003906,32.844048500061035
other_gross,0,21,23.606243,23.428028,19.752549648284912,26.827569484710693
other_gross,0,22,25.389194,24.481451,20.74252939224243,29.12381362915039
other_gross,0,23,18.253347,17.524506,14.728366613388062,21.28952407836914
other_gross,0,24,35.499336,34.400833,31.157707691192627,38.24357986450195
other_gross,0,25,34.24432,33.497437,29.37045669555664,37.763309478759766
other_gross,0,26,36.947857,36.612213,33.03158092498779,40.29963207244873
other_gross,0,27,49.060654,47.861137,44.412458419799805,51.596022605895996
other_gross,0,28,210.32715,208.85626,190.87353134155273,228.9298095703125
other_gross,1,1,15.772043,15.452438,14.030621528625488,17.4367618560791
other_gross,1,2,42.502087,41.055485,38.6080436706543,45.321510314941406
other_gross,1,3,21.64053,21.431927,19.04833984375,24.034029006958008
other_gross,1,4,31.641838,32.1216,28.67548370361328,34.709205627441406
other_gross,1,5,30.445225,28.946875,23.509798049926758,36.962154388427734
other_gross,1,6,36.992,34.725403,29.673282623291016,43.89079284667969
other_gross,1,7,18.561966,18.119226,16.859390258789062,20.180654525756836
other_gross,1,8,14.418535,13.4343405,11.004908561706543,17.153181076049805
other_gross,1,9,15.62482,15.148342,12.72838020324707,18.094377517700195
other_gross,1,10,32.442326,31.063656,25.072242736816406,38.32740020751953
other_gross,1,11,15.0173855,14.654415,12.822379112243652,16.70209312438965
other_gross,1,12,14.78759,14.367234,11.211492538452148,17.415245056152344
other_gross,1,13,17.046942,16.53817,14.00975227355957,19.163278579711914
other_gross,1,14,16.874832,16.571064,13.3679838180542,19.628572463989258
other_gross,1,15,14.698066,14.031305,12.740435600280762,15.973596572875977
other_gross,1,16,17.367058,16.9259,14.794151306152344,19.230091094970703
other_gross,1,17,13.418365,12.3614855,9.925090789794922,15.88215446472168
other_gross,1,18,17.643139,16.724361,14.910758972167969,19.51862907409668
other_gross,1,19,23.32725,22.190079,20.22151756286621,25.370777130126953
other_gross,1,20,27.963425,26.92382,24.734046936035156,30.255523681640625
other_gross,1,21,21.02414,19.562944,16.82838249206543,24.3873291015625
other_gross,1,22,22.025528,20.928165,16.698732376098633,25.822805404663086
other_gross,1,23,15.320745,14.081796,10.332282066345215,18.793907165527344
other_gross,1,24,33.595123,31.57254,29.0845890045166,36.535343170166016
other_gross,1,25,31.19865,30.13122,26.254892349243164,34.761775970458984
other_gross,1,26,34.99225,33.478832,30.00661277770996,38.5052375793457
other_gross,1,27,47.079067,44.940094,41.037010192871094,49.9888801574707
other_gross,1,28,198.70969,196.88687,178.10549926757812,216.70962524414062
gain_E,0,1,1.0790793,1.069336,0.9244856089353561,1.200453519821167
gain_E,0,2,0.40756372,0.3850687,0.3470054715871811,0.4451354071497917
gain_E,0,3,0.44788226,0.42251956,0.3822537362575531,0.4911607950925827
gain_E,0,4,0.48339605,0.48370793,0.4419006183743477,0.5231889933347702
gain_E,0,5,0.6307095,0.62200904,0.5614792555570602,0.6831899732351303
gain_E,0,6,0.63208735,0.62874156,0.5833311825990677,0.683290421962738
gain_E,0,7,0.7353288,0.7163563,0.6784073114395142,0.7701451331377029
gain_E,0,8,0.86026907,0.84325224,0.7981538027524948,0.8973602801561356
gain_E,0,9,0.7829636,0.7756506,0.7187876254320145,0.8426362574100494
gain_E,0,10,1.0038633,0.95781976,0.8890534341335297,1.0585198998451233
gain_E,0,11,0.6673038,0.66656744,0.6274300664663315,0.6995473653078079
gain_E,0,12,0.73428756,0.73236704,0.7059086114168167,0.759068638086319
gain_E,0,13,0.7219817,0.71888554,0.6922604441642761,0.7453114241361618
gain_E,0,14,0.7259426,0.72178483,0.6937225162982941,0.7546038031578064
gain_E,0,15,0.6748676,0.6719066,0.6434644758701324,0.7018254399299622
gain_E,0,16,0.65142184,0.6455866,0.6207902580499649,0.6739191561937332
gain_E,0,17,0.6604952,0.6572746,0.6298795193433762,0.6869906038045883
gain_E,0,18,0.58362484,0.5767267,0.5522861480712891,0.6093096137046814
gain_E,0,19,0.6151615,0.6047476,0.5758370161056519,0.6434288769960403
gain_E,0,20,0.5917292,0.5881704,0.5574530214071274,0.6213041096925735
gain_E,0,21,0.5905707,0.5844885,0.5591190606355667,0.618144154548645
gain_E,0,22,0.6155789,0.60959053,0.5697593688964844,0.6528014540672302
gain_E,0,23,0.5676949,0.5544697,0.524373397231102,0.5979973673820496
gain_E,0,24,0.56201684,0.5455857,0.49428730458021164,0.6121471077203751
gain_E,0,25,0.4291088,0.42483628,0.3950781002640724,0.4561576098203659
gain_E,0,26,0.38314432,0.377127,0.356938935816288,0.4024761989712715
gain_E,0,27,0.44790253,0.4415182,0.416863851249218,0.4720018208026886
gain_E,0,28,0.69883466,0.6623843,0.6005376428365707,0.7688458859920502
gain_E,1,1,1.1233133,1.135998,0.9978127479553223,1.2232933044433594
gain_E,1,2,0.43035138,0.4159995,0.3669532835483551,0.47147703170776367
gain_E,1,3,0.4456989,0.41941726,0.3701476752758026,0.4929041862487793
gain_E,1,4,0.4934656,0.49653518,0.44528728723526,0.53682541847229
gain_E,1,5,0.6540336,0.6474845,0.581381618976593,0.7112737894058228
gain_E,1,6,0.64745045,0.6406517,0.5899047255516052,0.6942849159240723
gain_E,1,7,0.73673093,0.7142166,0.6812875866889954,0.7743058800697327
gain_E,1,8,0.84575146,0.82387465,0.784522533416748,0.888473391532898
gain_E,1,9,0.78112894,0.766826,0.7164153456687927,0.8381389379501343
gain_E,1,10,0.98933417,0.9505716,0.8899789452552795,1.0492023229599
gain_E,1,11,0.6849419,0.6785818,0.6517319679260254,0.7100739479064941
gain_E,1,12,0.72867763,0.72432643,0.694240391254425,0.7564504146575928
gain_E,1,13,0.7284246,0.72004205,0.6912511587142944,0.7531530857086182
gain_E,1,14,0.71573335,0.70712644,0.6789740324020386,0.7443461418151855
gain_E,1,15,0.67337984,0.6664222,0.641106128692627,0.69967120885849
gain_E,1,16,0.66296136,0.65565217,0.6297644376754761,0.6830346584320068
gain_E,1,17,0.67507815,0.67069346,0.6392297148704529,0.7047799825668335
gain_E,1,18,0.5935974,0.58406055,0.5554309487342834,0.617534875869751
gain_E,1,19,0.61162156,0.59371835,0.5668474435806274,0.6404593586921692
gain_E,1,20,0.6019791,0.5976356,0.5704058408737183,0.6272123456001282
gain_E,1,21,0.62166417,0.6183119,0.578045666217804,0.6618507504463196
gain_E,1,22,0.5824888,0.5754926,0.5400527715682983,0.6160127520561218
gain_E,1,23,0.57129025,0.5654559,0.540626585483551,0.5958265662193298
gain_E,1,24,0.54398,0.5279528,0.4742279350757599,0.596794605255127
gain_E,1,25,0.4221228,0.4151319,0.38973936438560486,0.44465500116348267
gain_E,1,26,0.38507372,0.3792836,0.3575001060962677,0.40533724427223206
gain_E,1,27,0.4354698,0.43103603,0.39717793464660645,0.4682541489601135
gain_E,1,28,0.6874373,0.6644755,0.6003159284591675,0.7504266500473022
gain_C,0,1,0.48138013,0.4721756,0.4532522037625313,0.4957180470228195
gain_C,0,2,2.4343326,2.182837,1.949101209640503,2.6961620450019836
gain_C,0,3,1.2666345,1.2096512,1.107562005519867,1.4237936437129974
gain_C,0,4,1.3807888,1.4065266,1.2132211327552795,1.549931675195694
gain_C,0,5,1.4378896,1.4468819,1.2779582142829895,1.6000216603279114
gain_C,0,6,1.5096447,1.5209005,1.3123750388622284,1.668134182691574
gain_C,0,7,0.5297061,0.52564996,0.49812135100364685,0.5561711639165878
gain_C,0,8,0.50025696,0.49227875,0.467543289065361,0.5251374542713165
gain_C,0,9,0.4487847,0.44734186,0.4149021804332733,0.48412834852933884
gain_C,0,10,0.93318385,0.91945255,0.8609765022993088,0.9804916828870773
gain_C,0,11,0.39790803,0.39693886,0.3755965456366539,0.41823605448007584
gain_C,0,12,0.42391458,0.42392138,0.4073013365268707,0.439271055161953
gain_C,0,13,0.41328964,0.4126631,0.39639614522457123,0.427615649998188
gain_C,0,14,0.43043348,0.42844203,0.4103183299303055,0.44786570221185684
gain_C,0,15,0.4096089,0.4038384,0.38123951852321625,0.43084970116615295
gain_C,0,16,0.3631352,0.3599685,0.3461289256811142,0.3745833486318588
gain_C,0,17,0.38276735,0.3800127,0.3612198233604431,0.39978720992803574
gain_C,0,18,0.33573365,0.33248472,0.31783782690763474,0.3508528098464012
gain_C,0,19,0.3516366,0.34601748,0.32857033610343933,0.36758551001548767
gain_C,0,20,0.34272906,0.33938292,0.32178501784801483,0.3590327724814415
gain_C,0,21,0.32157806,0.31790966,0.30400143563747406,0.33509695529937744
gain_C,0,22,0.3591186,0.3567538,0.3296932131052017,0.3799641951918602
gain_C,0,23,0.3143912,0.30894834,0.2912334054708481,0.33044394850730896
gain_C,0,24,0.33113128,0.32149938,0.29238177835941315,0.35542789846658707
gain_C,0,25,0.2354612,0.23318256,0.21874794363975525,0.24931368976831436
gain_C,0,26,0.20883675,0.20593904,0.19706405699253082,0.21769369021058083
gain_C,0,27,0.23475032,0.23146117,0.21963874995708466,0.24649148434400558
gain_C,0,28,0.40016586,0.3856278,0.35239485651254654,0.4345004931092262
gain_C,1,1,0.4818202,0.47538567,0.4550337791442871,0.49614661931991577
gain_C,1,2,2.3764675,2.1427295,1.9577633142471313,2.5653181076049805
gain_C,1,3,1.2431741,1.1651126,1.084205150604248,1.3666573762893677
gain_C,1,4,1.3841841,1.3916492,1.1976336240768433,1.51724374294281
gain_C,1,5,1.4539108,1.4639987,1.2661277055740356,1.5860722064971924
gain_C,1,6,1.5171181,1.5090721,1.334863543510437,1.647796869277954
gain_C,1,7,0.527283,0.5178938,0.49430614709854126,0.5524933934211731
gain_C,1,8,0.49256483,0.48569158,0.46196651458740234,0.5163618922233582
gain_C,1,9,0.45032406,0.44600356,0.4184383153915405,0.482936292886734
gain_C,1,10,0.9448037,0.9314825,0.8740689754486084,0.9964277744293213
gain_C,1,11,0.40496814,0.4022276,0.385707825422287,0.4214968979358673
gain_C,1,12,0.41819924,0.41751224,0.39823177456855774,0.4361330568790436
gain_C,1,13,0.4161242,0.4123572,0.39591896533966064,0.4313252568244934
gain_C,1,14,0.4234422,0.41922945,0.4024296700954437,0.4415268003940582
gain_C,1,15,0.40480912,0.39949217,0.3794136643409729,0.42411839962005615
gain_C,1,16,0.3673403,0.3616897,0.3491336703300476,0.37852829694747925
gain_C,1,17,0.39085615,0.38715416,0.36886197328567505,0.40915945172309875
gain_C,1,18,0.34016055,0.33511335,0.31968924403190613,0.3545811176300049
gain_C,1,19,0.3488502,0.33773607,0.32214468717575073,0.36686235666275024
gain_C,1,20,0.34716684,0.34324387,0.3267477750778198,0.3624626398086548
gain_C,1,21,0.34026614,0.33798283,0.3175717890262604,0.36050349473953247
gain_C,1,22,0.3400127,0.33621728,0.31260010600090027,0.3623349964618683
gain_C,1,23,0.31592622,0.31137624,0.29708537459373474,0.32933884859085083
gain_C,1,24,0.324379,0.3140412,0.2840011417865753,0.35392946004867554
gain_C,1,25,0.23209986,0.22801444,0.21543674170970917,0.243749737739563
gain_C,1,26,0.21074165,0.20734091,0.19804464280605316,0.21889980137348175
gain_C,1,27,0.22958955,0.22664033,0.21126174926757812,0.24461424350738525
gain_C,1,28,0.39083368,0.3816555,0.3503445088863373,0.42214474081993103
WE_js,0,1,0.00079137966,0.00063582574,0.0003814832307398319,0.0009999586327467114
WE_js,0,2,0.007870831,0.005789831,0.0032760025351308286,0.01065320917405188
WE_js,0,3,0.004665091,0.0035938546,0.0025708902394399047,0.005563630489632487
WE_js,0,4,0.0031126388,0.0024883966,0.0018702759116422385,0.003506976063363254
WE_js,0,5,0.002051624,0.0016338215,0.0012045012263115495,0.0023563511786051095
WE_js,0,6,0.001946277,0.001682274,0.0012867535988334566,0.00230691721662879
WE_js,0,7,0.00046997782,0.00034575365,0.00024088329882943071,0.0005596353585133329
WE_js,0,8,0.00061786163,0.00043977686,0.0002996252369484864,0.000675387738738209
WE_js,0,9,0.0013943443,0.0012154822,0.0009163404174614698,0.0016805742343422025
WE_js,0,10,0.0042805867,0.002643739,0.0011108834587503225,0.0055469844955950975
WE_js,0,11,0.0018349288,0.0013996102,0.0009575680014677346,0.0020908802398480475
WE_js,0,12,0.0010892457,0.0009917149,0.0007709677884122357,0.0012979662860743701
WE_js,0,13,0.00078211725,0.0006764678,0.0005052505293861032,0.0008998838166007772
WE_js,0,14,0.0008660892,0.0006788854,0.0004956236662110314,0.0010027859243564308
WE_js,0,15,0.00113121,0.0008452822,0.000581307103857398,0.0014223233156371862
WE_js,0,16,0.0013918137,0.001192041,0.0009041974262800068,0.0016208843735512346
WE_js,0,17,0.0010631938,0.0009358529,0.000690140514052473,0.0012753303162753582
WE_js,0,18,0.0010189768,0.0009100047,0.0007292295922525227,0.0011893068149220198
WE_js,0,19,0.0008840039,0.0007384292,0.0005542307771975175,0.001027857040753588
WE_js,0,20,0.002117648,0.0018556758,0.0012291078746784478,0.0026905659469775856
WE_js,0,21,0.001177259,0.0009925126,0.0006812965148128569,0.00146990260691382
WE_js,0,22,0.0025472292,0.002151689,0.0015497894783038646,0.003050082188565284
WE_js,0,23,0.002803823,0.0020174892,0.0014544365694746375,0.0030104712932370603
WE_js,0,24,0.007536476,0.0062382966,0.004077574121765792,0.009307608474045992
WE_js,0,25,0.0031792808,0.0027412935,0.001734678284265101,0.0040779170813038945
WE_js,0,26,0.00089594995,0.00061208545,0.0003969245299231261,0.0010076810722239316
WE_js,0,27,0.0016135478,0.0012348844,0.0008036691142478958,0.001962824899237603
WE_js,0,28,0.009379014,0.008258386,0.0050583695992827415,0.012520077405497432
WE_js,1,1,0.0008350241,0.0006462322,0.0004222560382913798,0.0009975624270737171
WE_js,1,2,0.009259146,0.0076426077,0.004503445699810982,0.012741154059767723
WE_js,1,3,0.0050253957,0.0037485703,0.0025922018103301525,0.0063169714994728565
WE_js,1,4,0.0033950214,0.0026739207,0.0020187264308333397,0.0037093402352184057
WE_js,1,5,0.0021016009,0.0016501358,0.001238384866155684,0.002254108665511012
WE_js,1,6,0.0019379638,0.0016905961,0.001333835069090128,0.002224367344751954
WE_js,1,7,0.0005368926,0.00035493218,0.0002449825406074524,0.0006083431071601808
WE_js,1,8,0.0006610287,0.0004211892,0.0002939210971817374,0.0006930189556442201
WE_js,1,9,0.0014293528,0.0011710415,0.0008011275785975158,0.0017450363375246525
WE_js,1,10,0.0034854652,0.0016831277,0.0005788158741779625,0.004616730846464634
WE_js,1,11,0.0021504604,0.0015432056,0.0010960313957184553,0.002296777442097664
WE_js,1,12,0.0013181844,0.0011318674,0.0008595774415880442,0.0015452371444553137
WE_js,1,13,0.0010469105,0.00082704605,0.0006126817897893488,0.00119087565690279
WE_js,1,14,0.00090296933,0.00074084604,0.0005420439993031323,0.0010756425326690078
WE_js,1,15,0.0013760836,0.0011512203,0.0007527117268182337,0.0017320410115644336
WE_js,1,16,0.0014728571,0.0012074326,0.000872900418471545,0.0017307649832218885
WE_js,1,17,0.0012523548,0.0011007434,0.0008058841922320426,0.0015364022692665458
WE_js,1,18,0.001010763,0.00089911115,0.0007111905142664909,0.0011588927591219544
WE_js,1,19,0.0009792163,0.0007302505,0.0005402179667726159,0.001081939204595983
WE_js,1,20,0.0026215392,0.0023034713,0.0017034190241247416,0.00322920735925436
WE_js,1,21,0.0021437637,0.0015406687,0.0009984069038182497,0.0026257112622261047
WE_js,1,22,0.0023997393,0.002057237,0.0014917971566319466,0.002874432597309351
WE_js,1,23,0.0026168302,0.002127501,0.0014141802676022053,0.003237950848415494
WE_js,1,24,0.008440572,0.007078074,0.004256068263202906,0.011465952731668949
WE_js,1,25,0.0031331752,0.0027269204,0.0019182398682460189,0.0038484050892293453
WE_js,1,26,0.0015953622,0.0009218985,0.0004997918149456382,0.0020125876180827618
WE_js,1,27,0.0018080224,0.0013021065,0.0007984504336491227,0.0022628512233495712
WE_js,1,28,0.009804574,0.009278304,0.005812567658722401,0.01291331835091114
WE_spearman,0,1,0.9935713203116687,0.9950612956249976,0.9921443985747569,0.9968354950008017
WE_spearman,0,2,0.9434847129964086,0.958972905406974,0.9231115455262424,0.9755986341024705
WE_spearman,0,3,0.9781749395478171,0.981035624952322,0.9738629589960961,0.9861088002153078
WE_spearman,0,4,0.9887592497417672,0.9901687945763906,0.9864938260989393,0.9926604588323623
WE_spearman,0,5,0.991786694656117,0.9932354547170039,0.9899961410251104,0.995181579538154
WE_spearman,0,6,0.9889267595280017,0.9908426246752882,0.9866564726441724,0.9933575604154705
WE_spearman,0,7,0.9981183576147632,0.998505646110243,0.9978146690053005,0.9989387308533
WE_spearman,0,8,0.9979789472446873,0.9984248665221009,0.9975600545329735,0.9989277679991622
WE_spearman,0,9,0.9971945600875836,0.997542562538259,0.9965770147927782,0.9981368467119289
WE_spearman,0,10,0.9943438807057889,0.9956069049693457,0.9929321054776554,0.9971249799664501
WE_spearman,0,11,0.9941623751279174,0.9953573104229474,0.9932700345004964,0.9966002415510226
WE_spearman,0,12,0.9965633605826046,0.9970305178927759,0.9959185179088358,0.9977708898169735
WE_spearman,0,13,0.9979590153817266,0.998167143299324,0.9975892922686151,0.9986038911667721
WE_spearman,0,14,0.9979723779792351,0.9982579208396407,0.9976011818761199,0.9987098020989789
WE_spearman,0,15,0.9987742944513568,0.9988865355723433,0.9985553240186502,0.999133544624862
WE_spearman,0,16,0.9972529290806771,0.9975578862384245,0.9967279525649192,0.9980670085090118
WE_spearman,0,17,0.9980982745067757,0.998302829029146,0.9976996187796814,0.9986447713186819
WE_spearman,0,18,0.9969545280368514,0.9972790030555416,0.9963022499969888,0.9979714021859839
WE_spearman,0,19,0.9982322313734231,0.9983351982341231,0.9978732128302826,0.9986834418320261
WE_spearman,0,20,0.9992065347548114,0.9992800340687222,0.9990692323436506,0.9994477389618055
WE_spearman,0,21,0.9981965753463166,0.9983417788397976,0.9978519962764539,0.9986917712740188
WE_spearman,0,22,0.9980207421210953,0.998187577806741,0.9976729574451918,0.9986210307603288
WE_spearman,0,23,0.9971958329644784,0.9974771613854453,0.9966262558665551,0.998110398005356
WE_spearman,0,24,0.9906912060901776,0.9919017185346265,0.988166177806194,0.9944831171020563
WE_spearman,0,25,0.9965793084726848,0.9967979632066892,0.9958405904253141,0.9976103749732855
WE_spearman,0,26,0.9966428017960489,0.9975496518792416,0.9957338491174321,0.9985692102928128
WE_spearman,0,27,0.997403346312574,0.9979116234495873,0.9968709822247108,0.9986000211095077
WE_spearman,0,28,0.9710272677206127,0.9897069456918943,0.9666004517905047,0.9931834719486605
WE_spearman,1,1,0.9931515414169396,0.9942851131229652,0.9913534427839178,0.9963006364810603
WE_spearman,1,2,0.9357071832641956,0.9464427252405772,0.910911308884097,0.9694489090983476
WE_spearman,1,3,0.9791131089639259,0.9817132304351632,0.9750804000529978,0.9861397336014073
WE_spearman,1,4,0.9890775483263994,0.9908380125407411,0.9871799774546595,0.993149207759341
WE_spearman,1,5,0.9914346922740551,0.9928667788185508,0.9891264197986888,0.9950954721590676
WE_spearman,1,6,0.9891028245341886,0.9904968869112294,0.9870651270541662,0.9929419863307182
WE_spearman,1,7,0.9981586877573805,0.9985810197871274,0.9978449456670626,0.9989912155093308
WE_spearman,1,8,0.9979694574558595,0.9985652454961917,0.9975095054744306,0.9990774756549574
WE_spearman,1,9,0.997699760356413,0.9980049328743343,0.9971924311463267,0.9985709860488493
WE_spearman,1,10,0.995235014262738,0.9965431889512965,0.9938901982197561,0.997795987071661
WE_spearman,1,11,0.9936046912977431,0.9947189104008666,0.9925391609139872,0.996211461173098
WE_spearman,1,12,0.9968495060328769,0.99717805285791,0.9962275785080976,0.9978751819143525
WE_spearman,1,13,0.9980487482407743,0.9982964285623316,0.9976876014132888,0.9986978126211554
WE_spearman,1,14,0.9982288927149738,0.9984148843483882,0.9978953459148903,0.9987828541704412
WE_spearman,1,15,0.9986996722041365,0.9988087542709392,0.998462863406232,0.9990636890185098
WE_spearman,1,16,0.9973409483856144,0.9976041629454983,0.9968373045642362,0.998143712434645
WE_spearman,1,17,0.9984777570706858,0.9986382229465055,0.9981980752167088,0.9989438584798468
WE_spearman,1,18,0.9977894808909644,0.9980847450933934,0.997366572046879,0.9985521567279603
WE_spearman,1,19,0.998443954607209,0.9985660484929758,0.9981709484195896,0.9988559121434039
WE_spearman,1,20,0.9991790170466555,0.9993033191698275,0.9990562780296065,0.9994617914055254
WE_spearman,1,21,0.9983488939010059,0.9984619835531889,0.9980695161224333,0.9987754299044033
WE_spearman,1,22,0.9981369054979474,0.9983117763607776,0.9977927625899858,0.9986831117570742
WE_spearman,1,23,0.9974411943413222,0.9977030573300524,0.9968695906188266,0.9983110970140564
WE_spearman,1,24,0.993064462274442,0.9939265445916643,0.9912170219258272,0.9959087535140884
WE_spearman,1,25,0.9970202063372123,0.997270016124199,0.9964195748610436,0.9978986133304053
WE_spearman,1,26,0.9978283656215303,0.9983282173036535,0.9973675751182076,0.998885841962203
WE_spearman,1,27,0.9983069776105937,0.9985908828014091,0.9979418107856945,0.9990056892322147
WE_spearman,1,28,0.9704148773985883,0.9880117711006036,0.9590159383273814,0.9928332537028189
WE_top32,0,1,0.9596411026200873,0.96875,0.9375,1.0
WE_top32,0,2,0.8702237991266376,0.875,0.84375,0.9375
WE_top32,0,3,0.8858487991266376,0.90625,0.84375,0.9375
WE_top32,0,4,0.912220251091703,0.90625,0.875,0.9375
WE_top32,0,5,0.9317685589519651,0.9375,0.90625,0.96875
WE_top32,0,6,0.9240584061135371,0.9375,0.90625,0.96875
WE_top32,0,7,0.9653725436681223,0.96875,0.9375,0.96875
WE_top32,0,8,0.960971615720524,0.96875,0.9375,0.96875
WE_top32,0,9,0.9448348799126638,0.9375,0.9375,0.96875
WE_top32,0,10,0.9227961244541485,0.9375,0.90625,0.96875
WE_top32,0,11,0.9249454148471615,0.9375,0.90625,0.96875
WE_top32,0,12,0.9599140283842795,0.96875,0.9375,0.96875
WE_top32,0,13,0.960971615720524,0.96875,0.9375,0.96875
WE_top32,0,14,0.9617562772925764,0.96875,0.9375,0.96875
WE_top32,0,15,0.968715884279476,0.96875,0.96875,1.0
WE_top32,0,16,0.9584129366812227,0.96875,0.9375,0.96875
WE_top32,0,17,0.972605076419214,0.96875,0.96875,1.0
WE_top32,0,18,0.9611763100436681,0.96875,0.9375,0.96875
WE_top32,0,19,0.9696711244541485,0.96875,0.96875,1.0
WE_top32,0,20,0.966737172489083,0.96875,0.9375,1.0
WE_top32,0,21,0.966941866812227,0.96875,0.9375,1.0
WE_top32,0,22,0.9520674126637555,0.96875,0.9375,0.96875
WE_top32,0,23,0.9463018558951966,0.9375,0.9375,0.96875
WE_top32,0,24,0.9229325873362445,0.9375,0.90625,0.96875
WE_top32,0,25,0.9425150109170306,0.9375,0.90625,0.96875
WE_top32,0,26,0.9754366812227074,0.96875,0.96875,1.0
WE_top32,0,27,0.9650655021834061,0.96875,0.9375,0.96875
WE_top32,0,28,0.8861899563318777,0.90625,0.84375,0.9375
WE_top32,1,1,0.9614993270093578,0.96875,0.9375,1.0
WE_top32,1,2,0.8621851365209589,0.875,0.8125,0.90625
WE_top32,1,3,0.8863326817074734,0.90625,0.84375,0.9375
WE_top32,1,4,0.9165451544673759,0.9375,0.90625,0.9375
WE_top32,1,5,0.9375040058966799,0.9375,0.90625,0.96875
WE_top32,1,6,0.9259910588386104,0.9375,0.90625,0.96875
WE_top32,1,7,0.9662182732982951,0.96875,0.9375,1.0
WE_top32,1,8,0.9593161133188053,0.96875,0.9375,0.96875
WE_top32,1,9,0.952389917959236,0.96875,0.9375,0.96875
WE_top32,1,10,0.9344034418664274,0.9375,0.90625,0.96875
WE_top32,1,11,0.9267241379310345,0.9375,0.90625,0.96875
WE_top32,1,12,0.9596726381233175,0.96875,0.9375,0.96875
WE_top32,1,13,0.9592680425586463,0.96875,0.9375,0.96875
WE_top32,1,14,0.9567202922702218,0.96875,0.9375,0.96875
WE_top32,1,15,0.9636785348032304,0.96875,0.9375,0.96875
WE_top32,1,16,0.9526102422766312,0.96875,0.9375,0.96875
WE_top32,1,17,0.9692427252916292,0.96875,0.96875,1.0
WE_top32,1,18,0.9582865978720677,0.96875,0.9375,0.96875
WE_top32,1,19,0.964479714139213,0.96875,0.9375,0.96875
WE_top32,1,20,0.9595965260863992,0.96875,0.9375,0.96875
WE_top32,1,21,0.9590116651711319,0.96875,0.9375,0.96875
WE_top32,1,22,0.9447386553006025,0.9375,0.9375,0.96875
WE_top32,1,23,0.9478312075374952,0.9375,0.9375,0.96875
WE_top32,1,24,0.9048439302653506,0.90625,0.875,0.9375
WE_top32,1,25,0.9416581207537496,0.9375,0.90625,0.96875
WE_top32,1,26,0.9693148314318677,0.96875,0.96875,1.0
WE_top32,1,27,0.960385687732342,0.96875,0.9375,0.96875
WE_top32,1,28,0.8816537943853352,0.90625,0.84375,0.9375
WE_tv,0,1,0.029495135,0.027882557,0.02103861840441823,0.03521961811929941
WE_tv,0,2,0.09595841,0.08652848,0.06445024721324444,0.12076495960354805
WE_tv,0,3,0.07503459,0.06856636,0.05707704275846481,0.08568101562559605
WE_tv,0,4,0.05927616,0.05545099,0.0478183776140213,0.06635111756622791
WE_tv,0,5,0.048620485,0.044967078,0.03845147788524628,0.055138266645371914
WE_tv,0,6,0.048459962,0.04636013,0.039632273837924004,0.0547856604680419
WE_tv,0,7,0.02285264,0.020587973,0.0171903888694942,0.026375668589025736
WE_tv,0,8,0.02601912,0.023268398,0.01921701105311513,0.02921040542423725
WE_tv,0,9,0.042766843,0.040716887,0.03498963359743357,0.04872541595250368
WE_tv,0,10,0.06765449,0.05805905,0.03642677888274193,0.08956463821232319
WE_tv,0,11,0.04526294,0.042785972,0.03514788765460253,0.05204229708760977
WE_tv,0,12,0.036633234,0.035582464,0.030527552589774132,0.041195813566446304
WE_tv,0,13,0.03159411,0.03014709,0.02575559727847576,0.03533044084906578
WE_tv,0,14,0.030935094,0.028701061,0.024261644575744867,0.03528102207928896
WE_tv,0,15,0.03836801,0.03428451,0.02773193595930934,0.046260337345302105
WE_tv,0,16,0.041698735,0.039833914,0.0340337622910738,0.04660348128527403
WE_tv,0,17,0.036512908,0.034631338,0.029453318566083908,0.04195414576679468
WE_tv,0,18,0.035452675,0.03398569,0.029923012480139732,0.039561906829476357
WE_tv,0,19,0.03359373,0.03178987,0.026942971162497997,0.0379162784665823
WE_tv,0,20,0.05422629,0.052205674,0.04157750494778156,0.06403866782784462
WE_tv,0,21,0.03822285,0.03621413,0.029332506470382214,0.04495941288769245
WE_tv,0,22,0.05694106,0.053773902,0.04464242421090603,0.0651674885302782
WE_tv,0,23,0.056661986,0.050258055,0.041835823096334934,0.06155590899288654
WE_tv,0,24,0.09758551,0.09285538,0.07223737426102161,0.11590753681957722
WE_tv,0,25,0.06160778,0.059692815,0.04716446436941624,0.07360498420894146
WE_tv,0,26,0.028935535,0.025284696,0.020155032631009817,0.03314931318163872
WE_tv,0,27,0.04141625,0.037357636,0.029674870893359184,0.048299627378582954
WE_tv,0,28,0.10419031,0.09855546,0.07456217519938946,0.12957485392689705
WE_tv,1,1,0.030097563,0.027972812,0.022237958386540413,0.03468506038188934
WE_tv,1,2,0.106743656,0.10069383,0.07628928124904633,0.133880615234375
WE_tv,1,3,0.07769492,0.06952901,0.057564180344343185,0.09190142154693604
WE_tv,1,4,0.06185583,0.057338312,0.049519143998622894,0.06815830618143082
WE_tv,1,5,0.04824899,0.044328548,0.03781682252883911,0.053208060562610626
WE_tv,1,6,0.04862181,0.046337996,0.040892913937568665,0.05387568473815918
WE_tv,1,7,0.02392653,0.02079493,0.017196232452988625,0.027165867388248444
WE_tv,1,8,0.026765505,0.023157066,0.019127847626805305,0.030078263953328133
WE_tv,1,9,0.04254678,0.040096447,0.03240721672773361,0.04977639392018318
WE_tv,1,10,0.05845624,0.046452716,0.024934375658631325,0.08113166689872742
WE_tv,1,11,0.04811209,0.04443149,0.037289343774318695,0.05359956994652748
WE_tv,1,12,0.040292043,0.038476646,0.03270794451236725,0.04555445909500122
WE_tv,1,13,0.03601401,0.033331312,0.02835000306367874,0.040557898581027985
WE_tv,1,14,0.03168822,0.029817494,0.025269124656915665,0.03613591939210892
WE_tv,1,15,0.04236579,0.039981414,0.031685613095760345,0.049952127039432526
WE_tv,1,16,0.042511836,0.039938867,0.0334002748131752,0.04842354357242584
WE_tv,1,17,0.039899793,0.03814157,0.03192183002829552,0.04591194540262222
WE_tv,1,18,0.035412557,0.033968087,0.02968919835984707,0.03920624032616615
WE_tv,1,19,0.034431815,0.03095901,0.026348333805799484,0.03846808150410652
WE_tv,1,20,0.06067543,0.05799719,0.04926352947950363,0.06986694037914276
WE_tv,1,21,0.051954925,0.04612152,0.03629983589053154,0.06217058002948761
WE_tv,1,22,0.05531734,0.052765317,0.04425535351037979,0.06334102153778076
WE_tv,1,23,0.055631615,0.051674712,0.04136151820421219,0.06578793376684189
WE_tv,1,24,0.103755675,0.09975073,0.07507424056529999,0.13007250428199768
WE_tv,1,25,0.062254723,0.0606485,0.04957638308405876,0.0729089081287384
WE_tv,1,26,0.04088189,0.03350051,0.023625308647751808,0.05229201912879944
WE_tv,1,27,0.045049567,0.039864235,0.03057662583887577,0.054059162735939026
WE_tv,1,28,0.10728995,0.10552275,0.08136915415525436,0.13018743693828583
WC_js,0,1,0.0011580333,0.0007444947,0.00048683922068448737,0.00139740647864528
WC_js,0,2,0.0118955085,0.010065836,0.007687792647629976,0.0147636360488832
WC_js,0,3,0.002439525,0.002104524,0.0015949668595567346,0.002867066767066717
WC_js,0,4,0.0026046236,0.0024142894,0.001862640056060627,0.003081583243329078
WC_js,0,5,0.0015285682,0.0013750845,0.0010243809083476663,0.0018503426690585911
WC_js,0,6,0.0021134466,0.001979327,0.0015901643491815776,0.002463530923705548
WC_js,0,7,0.0003416031,0.0002967714,0.0002288471623614896,0.00039887888851808384
WC_js,0,8,0.00065221725,0.00052425906,0.0003802674837061204,0.0007493117154808715
WC_js,0,9,0.0014524797,0.0012419381,0.0009112951520364732,0.0018242670048493892
WC_js,0,10,0.0013071294,0.0008102406,0.00047036058094818145,0.0015121236792765558
WC_js,0,11,0.0016866059,0.0014124312,0.0010327796335332096,0.001997640647459775
WC_js,0,12,0.0011376966,0.0010387448,0.0008341047505382448,0.0013474453007802367
WC_js,0,13,0.0007368204,0.00064413424,0.0004945737746311352,0.0008534295338904485
WC_js,0,14,0.00078873284,0.0006553818,0.0005096950626466423,0.0009398945257999003
WC_js,0,15,0.0021970891,0.0014254972,0.0007594183698529378,0.0028318833792582154
WC_js,0,16,0.0011852689,0.001017741,0.0007777020509820431,0.0013535302132368088
WC_js,0,17,0.0011837553,0.00094205386,0.0007038155745249242,0.0013999426737427711
WC_js,0,18,0.0009675955,0.00085485436,0.0006927154463483021,0.0011084469442721456
WC_js,0,19,0.0008350955,0.00067954324,0.0004965957195963711,0.0009740251407492906
WC_js,0,20,0.002105476,0.001672721,0.0011147255136165768,0.0026195484679192305
WC_js,0,21,0.0010624502,0.000866973,0.0005806828557979316,0.0013180149835534394
WC_js,0,22,0.00279791,0.0023747599,0.0016685464943293482,0.0033710607676766813
WC_js,0,23,0.002455439,0.001957093,0.001368158555123955,0.002925470005720854
WC_js,0,24,0.006255967,0.005043901,0.0031422762549482286,0.007748538278974593
WC_js,0,25,0.002862559,0.0024768966,0.0016791088273748755,0.0035342677729204297
WC_js,0,26,0.0010751229,0.00074088946,0.0004396361910039559,0.0012764646380674094
WC_js,0,27,0.0022534234,0.0017537074,0.00106748056714423,0.002751171588897705
WC_js,0,28,0.010387819,0.00919335,0.006805157987400889,0.013220587279647589
WC_js,1,1,0.0012891046,0.0007204457,0.0004910339484922588,0.0014080589171499014
WC_js,1,2,0.012384141,0.01052679,0.008016696199774742,0.015189111232757568
WC_js,1,3,0.002771364,0.0023310417,0.001692535006441176,0.0034025756176561117
WC_js,1,4,0.0027785695,0.0025426412,0.00198030611500144,0.0032947398722171783
WC_js,1,5,0.001435984,0.0012763307,0.0009705462725833058,0.0017167311161756516
WC_js,1,6,0.0021737951,0.002050355,0.0016416426515206695,0.002564187627285719
WC_js,1,7,0.00036716278,0.0002993581,0.0002258177410112694,0.0004133438051212579
WC_js,1,8,0.0007359327,0.0005637103,0.00040723636629991233,0.0008575711981393397
WC_js,1,9,0.0015406163,0.0012445293,0.0008371660951524973,0.0019157459028065205
WC_js,1,10,0.0011990207,0.00069671083,0.00041848141700029373,0.001402648282237351
WC_js,1,11,0.0019469415,0.0016207331,0.0011972120264545083,0.0021896855905652046
WC_js,1,12,0.0013617364,0.0011790905,0.0009121964685618877,0.001601073774509132
WC_js,1,13,0.0009731397,0.00079363433,0.0005858774529770017,0.0011698715388774872
WC_js,1,14,0.00077885395,0.0006908529,0.0005273278220556676,0.0009297665092162788
WC_js,1,15,0.002279235,0.0016956162,0.0009504802874289453,0.0029860164504498243
WC_js,1,16,0.0012941436,0.001049759,0.0007735390681773424,0.0015107636572793126
WC_js,1,17,0.0013951627,0.0011705171,0.0008203399484045804,0.0017299385508522391
WC_js,1,18,0.0009957938,0.0008745812,0.0006909766234457493,0.0011222949251532555
WC_js,1,19,0.0009619421,0.0006702153,0.0004982076352462173,0.0010212425841018558
WC_js,1,20,0.0025571142,0.0021301608,0.0015033924719318748,0.00319577194750309
WC_js,1,21,0.0021817435,0.0015008259,0.0009155150619335473,0.002761003328487277
WC_js,1,22,0.0026765093,0.0023092942,0.0016380352899432182,0.003247932530939579
WC_js,1,23,0.002515206,0.0020582404,0.0013588389847427607,0.003112415550276637
WC_js,1,24,0.0070175016,0.0057133376,0.00326537131331861,0.009614785201847553
WC_js,1,25,0.0027571088,0.0024212452,0.0016962282825261354,0.003397876163944602
WC_js,1,26,0.0014849489,0.0010388446,0.0005993670201860368,0.0018633557483553886
WC_js,1,27,0.0024206135,0.0017210217,0.0009995147120207548,0.003105567302554846
WC_js,1,28,0.010548312,0.0096961325,0.006993249524384737,0.013390489853918552
WC_spearman,0,1,0.9943526991109563,0.9955049022627132,0.9933753559004608,0.9967831390339256
WC_spearman,0,2,0.8624255674430934,0.8732302290843743,0.8318105189146219,0.9046261930010604
WC_spearman,0,3,0.9883120524149548,0.9889496893574988,0.9857577212229053,0.991689951511219
WC_spearman,0,4,0.9897639072482478,0.9906150476390093,0.9875352800382091,0.9930763087415636
WC_spearman,0,5,0.995157475538959,0.9956483883535996,0.9940316762156368,0.9968622331192246
WC_spearman,0,6,0.9901002498238327,0.9913472388018849,0.9880685027991056,0.9933980118321712
WC_spearman,0,7,0.9982627285274431,0.9986144052621375,0.9980139413376303,0.9989913343587021
WC_spearman,0,8,0.9979118093676165,0.9983546687353592,0.9975449956923932,0.9988750946884356
WC_spearman,0,9,0.9973731999659191,0.9976593658943875,0.9967963240665638,0.9982226857557337
WC_spearman,0,10,0.9968279725451626,0.9972203673303552,0.9961719602133735,0.9978885794432986
WC_spearman,0,11,0.9944427208901108,0.9953434479841052,0.9934900548848302,0.9964292625360118
WC_spearman,0,12,0.996344526880978,0.9968982241726121,0.9955992921404779,0.9977523910230103
WC_spearman,0,13,0.9980898057359855,0.9983015267927705,0.9977844955834645,0.998715755625976
WC_spearman,0,14,0.9978542916694989,0.9981927470309659,0.9974629253124913,0.9986696908744281
WC_spearman,0,15,0.9987037956838938,0.9988734576339287,0.9984769604376463,0.9991294009242493
WC_spearman,0,16,0.9974215831062008,0.9976527122436958,0.9969110770152728,0.9981689539622741
WC_spearman,0,17,0.9981696673681769,0.9983498416088843,0.9978326030544081,0.9986855905777626
WC_spearman,0,18,0.9972076479328041,0.9975001224802176,0.9966090279924094,0.9981477875431108
WC_spearman,0,19,0.9984342437257253,0.9985084879720437,0.998117076862832,0.9988387559900539
WC_spearman,0,20,0.9992885032923992,0.9993610359077256,0.9991447080504443,0.9994994233791707
WC_spearman,0,21,0.9986820955442901,0.998791409367694,0.9984197744804598,0.999033864450896
WC_spearman,0,22,0.9982766443336907,0.9984384526276008,0.9979227671204798,0.9988021895599276
WC_spearman,0,23,0.9974211199848856,0.9977084378156054,0.9969736790298112,0.9982776824458721
WC_spearman,0,24,0.9902436410189988,0.9917200788891134,0.987307711415162,0.9946203797028097
WC_spearman,0,25,0.9963686500007809,0.996680574837694,0.9955678650122444,0.9974743140378248
WC_spearman,0,26,0.9939557808130761,0.99559108367127,0.9919173856833703,0.997721109194899
WC_spearman,0,27,0.9953439868660493,0.9962333904895933,0.994297936972281,0.9976737339349322
WC_spearman,0,28,0.969098981035073,0.9861096494965175,0.9683340457699968,0.9902956258195278
WC_spearman,1,1,0.9939379860717779,0.9951951232341887,0.9927860776417591,0.9966677150648333
WC_spearman,1,2,0.8619553546380255,0.8727878442346838,0.8291808155607636,0.9061172295004959
WC_spearman,1,3,0.9885122526565866,0.9891727928629646,0.9862007747331462,0.9915358184051392
WC_spearman,1,4,0.9900931110059136,0.9910008001121805,0.987991607100066,0.9932167133263586
WC_spearman,1,5,0.9952913694930929,0.9956710662305381,0.9941655902791983,0.9968552926117932
WC_spearman,1,6,0.9900257429320749,0.990867168915878,0.9881668386418112,0.9929860160265763
WC_spearman,1,7,0.9982036691150407,0.9986103668774337,0.9980184046862892,0.9989637326502507
WC_spearman,1,8,0.9978174609806253,0.9984114716120562,0.9973882529600469,0.9989005858454356
WC_spearman,1,9,0.9978287520665728,0.998085053419361,0.9973444887987515,0.9986138268016237
WC_spearman,1,10,0.9969925025452941,0.9973158500733501,0.9964189903972599,0.9979406418581271
WC_spearman,1,11,0.9940007329735433,0.9947214749150648,0.9928295060696563,0.9960851899288143
WC_spearman,1,12,0.9967292025514203,0.9971509554104235,0.9960855914272063,0.9978815959720365
WC_spearman,1,13,0.9981768714126255,0.9984359231916535,0.9978479686188857,0.9988161819911912
WC_spearman,1,14,0.9981976145926483,0.9984424677597971,0.9979035284078621,0.9988126575377826
WC_spearman,1,15,0.9986255525423986,0.9987707395026277,0.9983829290655998,0.9990443297561233
WC_spearman,1,16,0.9974867376365515,0.9977223558937298,0.9970063944557568,0.9982299433177555
WC_spearman,1,17,0.9985303672883483,0.998681449703969,0.9982664141864486,0.9989760194509546
WC_spearman,1,18,0.9979100996312441,0.9981710650340477,0.9975299881708574,0.9985960921768963
WC_spearman,1,19,0.9985740504732514,0.9986727835650425,0.9983372005353687,0.998930139043934
WC_spearman,1,20,0.9992728857676069,0.9993757926790066,0.9991622591566972,0.9995135846980933
WC_spearman,1,21,0.9986968281209094,0.9987913288953049,0.9984719194375119,0.9990380383012455
WC_spearman,1,22,0.9983344319763654,0.9985090328877769,0.9980030721966205,0.9988760052515989
WC_spearman,1,23,0.9976184261260812,0.9978746682619536,0.9971160370502716,0.9984301138021593
WC_spearman,1,24,0.9933880324817366,0.9943321624575532,0.9916146980952324,0.996332380370368
WC_spearman,1,25,0.9970966998535413,0.9973386441609144,0.9965228610271599,0.9979722323712094
WC_spearman,1,26,0.9961382075813789,0.9970800189366265,0.9951615165666258,0.9982021166643694
WC_spearman,1,27,0.9971632014664336,0.9978155824046374,0.9964170283498015,0.9986197887747884
WC_spearman,1,28,0.9687795824513996,0.985214620965443,0.9608351821634944,0.9903718358591909
WC_top32,0,1,0.9552742903930131,0.96875,0.9375,0.96875
WC_top32,0,2,0.7922693777292577,0.8125,0.75,0.84375
WC_top32,0,3,0.9190433951965066,0.9375,0.90625,0.9375
WC_top32,0,4,0.9169623362445415,0.90625,0.90625,0.9375
WC_top32,0,5,0.9367153384279476,0.9375,0.90625,0.96875
WC_top32,0,6,0.9181563864628821,0.9375,0.90625,0.9375
WC_top32,0,7,0.9702169759825328,0.96875,0.96875,1.0
WC_top32,0,8,0.9595387554585153,0.96875,0.9375,0.96875
WC_top32,0,9,0.9452442685589519,0.9375,0.9375,0.96875
WC_top32,0,10,0.957048307860262,0.96875,0.9375,0.96875
WC_top32,0,11,0.923819596069869,0.9375,0.90625,0.96875
WC_top32,0,12,0.9585152838427947,0.96875,0.9375,0.96875
WC_top32,0,13,0.9617903930131004,0.96875,0.9375,0.96875
WC_top32,0,14,0.9633938318777293,0.96875,0.9375,0.96875
WC_top32,0,15,0.9671465611353712,0.96875,0.96875,0.96875
WC_top32,0,16,0.9610739628820961,0.96875,0.9375,0.96875
WC_top32,0,17,0.972673307860262,0.96875,0.96875,1.0
WC_top32,0,18,0.9616539301310044,0.96875,0.9375,0.96875
WC_top32,0,19,0.9719227620087336,0.96875,0.96875,1.0
WC_top32,0,20,0.9686817685589519,0.96875,0.96875,1.0
WC_top32,0,21,0.970558133187773,0.96875,0.96875,1.0
WC_top32,0,22,0.9519991812227074,0.96875,0.9375,0.96875
WC_top32,0,23,0.9461995087336245,0.9375,0.9375,0.96875
WC_top32,0,24,0.9320073689956332,0.9375,0.90625,0.96875
WC_top32,0,25,0.9445960698689956,0.9375,0.9375,0.96875
WC_top32,0,26,0.9754366812227074,0.96875,0.96875,1.0
WC_top32,0,27,0.9603234170305677,0.96875,0.9375,0.96875
WC_top32,0,28,0.8774222161572053,0.90625,0.84375,0.9375
WC_top32,1,1,0.9564158441225484,0.96875,0.9375,0.96875
WC_top32,1,2,0.7881601717728496,0.78125,0.75,0.84375
WC_top32,1,3,0.918151519036021,0.9375,0.90625,0.9375
WC_top32,1,4,0.9230627483655942,0.9375,0.90625,0.9375
WC_top32,1,5,0.9425754710934495,0.9375,0.9375,0.96875
WC_top32,1,6,0.921828932188181,0.9375,0.90625,0.9375
WC_top32,1,7,0.9719266760671709,0.96875,0.96875,1.0
WC_top32,1,8,0.9569085694141777,0.96875,0.9375,0.96875
WC_top32,1,9,0.9529948083579028,0.96875,0.9375,0.96875
WC_top32,1,10,0.9604177349057813,0.96875,0.9375,0.96875
WC_top32,1,11,0.9253180681963851,0.9375,0.90625,0.96875
WC_top32,1,12,0.9591078066914498,0.96875,0.9375,0.96875
WC_top32,1,13,0.9610706960646072,0.96875,0.9375,0.96875
WC_top32,1,14,0.9591358479682092,0.96875,0.9375,0.96875
WC_top32,1,15,0.9614833034226381,0.96875,0.9375,0.96875
WC_top32,1,16,0.9549777272144597,0.96875,0.9375,0.96875
WC_top32,1,17,0.9687780412767594,0.96875,0.96875,1.0
WC_top32,1,18,0.9585309575695423,0.96875,0.9375,0.96875
WC_top32,1,19,0.9665868157928471,0.96875,0.9375,1.0
WC_top32,1,20,0.9611908729650045,0.96875,0.9375,0.96875
WC_top32,1,21,0.9608864248173311,0.96875,0.9375,0.96875
WC_top32,1,22,0.9434046917061916,0.9375,0.9375,0.96875
WC_top32,1,23,0.9475908537367004,0.9375,0.9375,0.96875
WC_top32,1,24,0.9148987309319319,0.9375,0.875,0.9375
WC_top32,1,25,0.94393747596462,0.9375,0.9375,0.96875
WC_top32,1,26,0.9705045827458019,0.96875,0.96875,1.0
WC_top32,1,27,0.957217023458531,0.96875,0.9375,0.96875
WC_top32,1,28,0.8743590565312139,0.875,0.84375,0.9375
WC_tv,0,1,0.036459457,0.030367583,0.02453264407813549,0.04343375097960234
WC_tv,0,2,0.11796215,0.11115023,0.09373212978243828,0.1375429928302765
WC_tv,0,3,0.05555559,0.053035416,0.04577648267149925,0.06175222806632519
WC_tv,0,4,0.05587535,0.05456948,0.048194159753620625,0.06210061255842447
WC_tv,0,5,0.043473773,0.0422116,0.03585732355713844,0.04938431177288294
WC_tv,0,6,0.052289974,0.051201835,0.04558788426220417,0.05772568192332983
WC_tv,0,7,0.019364415,0.01858144,0.01627973560243845,0.021617119200527668
WC_tv,0,8,0.027578859,0.025878083,0.02160643320530653,0.031112057622522116
WC_tv,0,9,0.043976467,0.041758545,0.035128479823470116,0.05101634096354246
WC_tv,0,10,0.035738174,0.028863,0.021183517295867205,0.04356896784156561
WC_tv,0,11,0.045433953,0.043829158,0.03674033936113119,0.05258411914110184
WC_tv,0,12,0.037825152,0.03687715,0.03209408279508352,0.042543480172753334
WC_tv,0,13,0.03095404,0.029591158,0.02524614054709673,0.03456347808241844
WC_tv,0,14,0.029732127,0.02814028,0.024224238004535437,0.03327948320657015
WC_tv,0,15,0.05287698,0.04581695,0.032139006070792675,0.06746445782482624
WC_tv,0,16,0.03845877,0.036637433,0.03143163397908211,0.04285655356943607
WC_tv,0,17,0.0385405,0.035232753,0.02971876645460725,0.04456330556422472
WC_tv,0,18,0.03469688,0.03321948,0.02925071958452463,0.038521514274179935
WC_tv,0,19,0.032571685,0.030270075,0.02529875235632062,0.036855682730674744
WC_tv,0,20,0.053288687,0.04919277,0.039162966422736645,0.0631372332572937
WC_tv,0,21,0.036287334,0.034038816,0.027045573107898235,0.04264943115413189
WC_tv,0,22,0.059970528,0.057668798,0.04650438763201237,0.0694049671292305
WC_tv,0,23,0.053817265,0.0493265,0.040560174733400345,0.061739218421280384
WC_tv,0,24,0.088001914,0.081985295,0.06311540119349957,0.10520006157457829
WC_tv,0,25,0.05877186,0.057532817,0.04509929288178682,0.06899962201714516
WC_tv,0,26,0.02931604,0.025585786,0.019637727178633213,0.03408568538725376
WC_tv,0,27,0.04711846,0.04253106,0.03262473177164793,0.056156836450099945
WC_tv,0,28,0.111393765,0.10656251,0.08709032274782658,0.1311127319931984
WC_tv,1,1,0.037910614,0.030056253,0.024530982598662376,0.04355715587735176
WC_tv,1,2,0.12187629,0.11539244,0.09771110862493515,0.14051522314548492
WC_tv,1,3,0.059308246,0.055627365,0.04697753116488457,0.06796535849571228
WC_tv,1,4,0.057466283,0.0558204,0.048807088285684586,0.06402592360973358
WC_tv,1,5,0.04197875,0.040454168,0.03432738035917282,0.0477541908621788
WC_tv,1,6,0.053208597,0.052231193,0.04618694633245468,0.0592343732714653
WC_tv,1,7,0.01953773,0.018069133,0.01538105495274067,0.02182973362505436
WC_tv,1,8,0.029428704,0.026843356,0.022607704624533653,0.0335281603038311
WC_tv,1,9,0.044618167,0.041817028,0.03350214660167694,0.05270484834909439
WC_tv,1,10,0.033967488,0.027137043,0.01979113183915615,0.041446518152952194
WC_tv,1,11,0.048347805,0.0464646,0.03960046172142029,0.05415111780166626
WC_tv,1,12,0.041367713,0.039326474,0.0339522548019886,0.04671105742454529
WC_tv,1,13,0.035243105,0.032802835,0.027795661240816116,0.04041930288076401
WC_tv,1,14,0.029912952,0.028822457,0.02488519810140133,0.033697016537189484
WC_tv,1,15,0.054070137,0.048908815,0.03573426976799965,0.06773807108402252
WC_tv,1,16,0.03973603,0.03695214,0.03131459280848503,0.044879306107759476
WC_tv,1,17,0.042155616,0.039662898,0.03245897963643074,0.04925323277711868
WC_tv,1,18,0.035297446,0.033741288,0.029511064291000366,0.03887659311294556
WC_tv,1,19,0.033956263,0.02975119,0.025151289999485016,0.03753671050071716
WC_tv,1,20,0.059349004,0.055564903,0.045944709330797195,0.06961645931005478
WC_tv,1,21,0.05236298,0.04614465,0.03486330062150955,0.06424802541732788
WC_tv,1,22,0.05883767,0.056386016,0.04660005867481232,0.06808201223611832
WC_tv,1,23,0.05486629,0.051506925,0.040646374225616455,0.06498368084430695
WC_tv,1,24,0.09366964,0.08905259,0.06550594419240952,0.1187451183795929
WC_tv,1,25,0.058772754,0.05733981,0.046638138592243195,0.068626768887043
WC_tv,1,26,0.03921555,0.034241714,0.024248015135526657,0.04956907778978348
WC_tv,1,27,0.050843816,0.04433106,0.03263677656650543,0.06286225467920303
WC_tv,1,28,0.11201757,0.109012365,0.0899488776922226,0.13152439892292023
EC_js,0,1,0.0015162217,0.0013423522,0.0007445639930665493,0.002045447123236954
EC_js,0,2,0.01196162,0.011007176,0.008506328333169222,0.013825685251504183
EC_js,0,3,0.0021089122,0.0016375931,0.0011775528255384415,0.002446049591526389
EC_js,0,4,0.0021377911,0.0018730592,0.0014560518320649862,0.002483123040292412
EC_js,0,5,0.0014284531,0.0010129721,0.0006929023656994104,0.0016511227004230022
EC_js,0,6,0.0006309757,0.00052698056,0.00040459955198457465,0.0007056057220324874
EC_js,0,7,0.00016203169,0.00014480893,0.00010496459253772628,0.00019491530838422477
EC_js,0,8,5.1237705e-05,4.1136016e-05,2.8048965759808198e-05,6.454209687944967e-05
EC_js,0,9,8.134832e-05,3.469999e-05,2.350859313082765e-05,5.833971135871252e-05
EC_js,0,10,0.0012036395,0.0008504962,0.0003828980843536556,0.001720305415801704
EC_js,0,11,6.868161e-05,4.782365e-05,3.17630683639436e-05,7.287713924597483e-05
EC_js,0,12,5.3156655e-05,4.080788e-05,2.991392284457106e-05,6.268085053307004e-05
EC_js,0,13,4.6859597e-05,3.8551603e-05,2.7053266876464477e-05,5.611995766230393e-05
EC_js,0,14,6.3518135e-05,4.689771e-05,3.165758153045317e-05,7.061115320539102e-05
EC_js,0,15,0.00034699388,0.00015926198,6.0288743043201976e-05,0.0005054737703176215
EC_js,0,16,6.034231e-05,4.6549027e-05,2.9471194466168527e-05,7.129703226382844e-05
EC_js,0,17,5.2011375e-05,3.69493e-05,2.44682710217603e-05,6.118680721556302e-05
EC_js,0,18,3.417454e-05,2.6113772e-05,1.8821594949258724e-05,3.758743423531996e-05
EC_js,0,19,4.1067215e-05,3.422563e-05,2.585430229373742e-05,4.735971106129e-05
EC_js,0,20,8.8161934e-05,7.0589995e-05,4.704416460299399e-05,0.00010920449676632416
EC_js,0,21,7.390796e-05,5.966134e-05,4.1621328819019254e-05,9.163217691821046e-05
EC_js,0,22,0.00011645436,9.724934e-05,6.80361390550388e-05,0.0001421576707798522
EC_js,0,23,0.00024690243,0.00011642848,8.11620648164535e-05,0.00018170875773648731
EC_js,0,24,0.0002450654,0.00021380305,0.00015033736417535692,0.0002962730432045646
EC_js,0,25,0.00019576578,0.00015657881,0.00010561038652667776,0.0002327166439499706
EC_js,0,26,0.00013654765,9.689524e-05,6.142930760688614e-05,0.00017089299217332155
EC_js,0,27,0.00023355514,0.00017559546,0.00011587922926992178,0.0002760271599981934
EC_js,0,28,0.002487221,0.001483639,0.0009513524710200727,0.0032640898134559393
EC_js,1,1,0.0016910823,0.0014982705,0.0009680945659056306,0.0021896888501942158
EC_js,1,2,0.013513258,0.012509843,0.009509977884590626,0.016383685171604156
EC_js,1,3,0.0020505497,0.001619474,0.0011945778969675303,0.002411520341411233
EC_js,1,4,0.0021581864,0.0017638546,0.0012894594110548496,0.0024323537945747375
EC_js,1,5,0.001452987,0.0010345316,0.0007296943804249167,0.0015788848977535963
EC_js,1,6,0.00064095604,0.00055577885,0.00039682950591668487,0.0007647275342606008
EC_js,1,7,0.00015746197,0.00013039683,9.624318772694096e-05,0.0001852713176049292
EC_js,1,8,6.0109895e-05,4.953984e-05,3.401789581403136e-05,7.182313856901601e-05
EC_js,1,9,9.36958e-05,3.4046676e-05,2.324170054635033e-05,6.135477451607585e-05
EC_js,1,10,0.000896372,0.00045735578,0.00015358351811300963,0.0013099400093778968
EC_js,1,11,8.553354e-05,5.0764298e-05,3.298625597381033e-05,9.053905523614958e-05
EC_js,1,12,5.7478795e-05,4.0520674e-05,2.688976746867411e-05,6.4365696744062e-05
EC_js,1,13,5.4407355e-05,3.9497907e-05,2.703486279642675e-05,6.005884279147722e-05
EC_js,1,14,7.7084514e-05,5.222135e-05,3.412506339373067e-05,8.892810001270846e-05
EC_js,1,15,0.00026275456,0.00011221695,4.8223409976344556e-05,0.00033387227449566126
EC_js,1,16,5.4024757e-05,4.1192237e-05,2.6996078304364346e-05,6.48310815449804e-05
EC_js,1,17,4.8393267e-05,3.5385616e-05,2.466792102495674e-05,5.4820786317577586e-05
EC_js,1,18,3.1170366e-05,2.5016814e-05,1.8734195691649802e-05,3.471516538411379e-05
EC_js,1,19,4.4274515e-05,3.2581895e-05,2.380832847848069e-05,4.604049900081009e-05
EC_js,1,20,8.580173e-05,7.178221e-05,4.950745642418042e-05,0.00010383933113189414
EC_js,1,21,6.193307e-05,4.901284e-05,3.6100129364058375e-05,7.219943654490635e-05
EC_js,1,22,0.00013065255,0.00010687178,7.335950795095414e-05,0.00015865146997384727
EC_js,1,23,0.00014951432,0.00011457479,8.090699702734128e-05,0.0001701808359939605
EC_js,1,24,0.00024761554,0.0002035027,0.0001402087218593806,0.00029940373497083783
EC_js,1,25,0.00020313665,0.00014765967,9.848951594904065e-05,0.00024131436657626182
EC_js,1,26,0.00016012455,0.00011780298,7.316187111428007e-05,0.00019856746075674891
EC_js,1,27,0.00024620036,0.00017596029,0.00011698973685270175,0.0002842628746293485
EC_js,1,28,0.003070703,0.002029326,0.0011166002368554473,0.004139636643230915
EC_spearman,0,1,0.990432286585162,0.9928917720934527,0.9881722639544612,0.9958322374142644
EC_spearman,0,2,0.9086571802932095,0.9147326210966498,0.8910547136709197,0.934239640557128
EC_spearman,0,3,0.9889649756338893,0.9911667840117449,0.9876598896440298,0.9936923228892295
EC_spearman,0,4,0.9905286442011872,0.991736997141972,0.9886326237322499,0.9939882224031562
EC_spearman,0,5,0.9950712079235217,0.9960713956110481,0.9940746331028596,0.9973402712639824
EC_spearman,0,6,0.9964458997973313,0.9971091952653446,0.9958419054688274,0.9979042589875917
EC_spearman,0,7,0.9991982140990228,0.9992757833093309,0.9990514079398424,0.9994427655819557
EC_spearman,0,8,0.9997661601203569,0.9998101418990238,0.9997330792755854,0.9998579990550274
EC_spearman,0,9,0.9998284627159125,0.999856151418324,0.9998004784524317,0.9998936015136958
EC_spearman,0,10,0.9986199747870572,0.9989500956620132,0.9982569291450917,0.9993674731171608
EC_spearman,0,11,0.9997106896210585,0.9997539407470615,0.9996551625126648,0.9998215841520555
EC_spearman,0,12,0.9997775280339678,0.999810156161429,0.9997294543526821,0.9998627582865587
EC_spearman,0,13,0.9998192175771962,0.9998415307962203,0.9997772815719173,0.9998813898624413
EC_spearman,0,14,0.9998297043016705,0.9998608892133256,0.9997988981472081,0.9998997824153744
EC_spearman,0,15,0.999794434269881,0.9998360313046379,0.999772839655257,0.999882175281903
EC_spearman,0,16,0.9998368883926408,0.9998623049147463,0.9998097430072976,0.9998960404037568
EC_spearman,0,17,0.9999074945771088,0.9999152527513632,0.9998921664319069,0.9999345155913435
EC_spearman,0,18,0.9998970818998614,0.9999061842541419,0.9998749577442111,0.999929279882172
EC_spearman,0,19,0.9998244039676352,0.999839846027409,0.9997908888439905,0.999875976167118
EC_spearman,0,20,0.9998798095234164,0.9998948843533815,0.9998557351868871,0.9999241375919307
EC_spearman,0,21,0.9997599908887495,0.9997990976312034,0.9997255122107511,0.9998503440746344
EC_spearman,0,22,0.9996400829593943,0.9996871261982303,0.9995666267224806,0.9997525298155788
EC_spearman,0,23,0.9997716098918004,0.9997898504307738,0.9997385241722108,0.9998367431341987
EC_spearman,0,24,0.9991380475304918,0.999274942957669,0.9989491341169043,0.9994850600831429
EC_spearman,0,25,0.9992080220410339,0.9993805537243285,0.9990030717746574,0.9995751036324152
EC_spearman,0,26,0.9989509755941535,0.9991871002728268,0.9986159057931123,0.9995092183083671
EC_spearman,0,27,0.999033854434604,0.9991852605398504,0.9987901136191311,0.9994472039346574
EC_spearman,0,28,0.9823916015167286,0.9970516685712053,0.9849524021911183,0.9982039787986764
EC_spearman,1,1,0.9895557443182741,0.9914237935977066,0.9869025202054066,0.9951377073466364
EC_spearman,1,2,0.9023807179805414,0.908320748134464,0.8812725090036014,0.9298389201757199
EC_spearman,1,3,0.9894762765115566,0.9913012053601491,0.9876128157223062,0.9936716487274708
EC_spearman,1,4,0.9913968709331435,0.9928968940797097,0.9895931616793875,0.99502796659205
EC_spearman,1,5,0.9954109713761536,0.996177210634,0.9945200585860751,0.9973675751182076
EC_spearman,1,6,0.9965805752063995,0.9971101188214871,0.9960139569951547,0.9978943416831616
EC_spearman,1,7,0.9992572398476652,0.9993369258373903,0.9991042570874503,0.9994933090292973
EC_spearman,1,8,0.9997506475468131,0.9998026635403325,0.9997147353924848,0.9998540553345084
EC_spearman,1,9,0.999845176268195,0.9998766781416388,0.9998267064881323,0.9999067780264994
EC_spearman,1,10,0.9989056916706919,0.9992875411033979,0.9985587123093916,0.9995832773222206
EC_spearman,1,11,0.9997111055296659,0.999770597964897,0.9996607338587609,0.9998343045173205
EC_spearman,1,12,0.9998233572454122,0.9998497928075886,0.9997894547821597,0.9998889856946123
EC_spearman,1,13,0.9998429951420067,0.9998638199383973,0.9998112957557604,0.9999000568953218
EC_spearman,1,14,0.9998397612699506,0.9998652972894844,0.9998144327486745,0.9998994246528042
EC_spearman,1,15,0.9998070987554469,0.9998552843602124,0.9997874066014366,0.9998947965189335
EC_spearman,1,16,0.9998524954454933,0.9998731713589366,0.9998269987200242,0.9999040037424781
EC_spearman,1,17,0.9999197130397435,0.9999283467846282,0.9999052463794883,0.9999451954694921
EC_spearman,1,18,0.999915518241404,0.9999263575632534,0.9999021023162299,0.9999424234133496
EC_spearman,1,19,0.9998590479856593,0.9998714179675855,0.9998319729229485,0.9999006411567706
EC_spearman,1,20,0.9998891936675819,0.9999041479394728,0.9998690801124507,0.9999263250450682
EC_spearman,1,21,0.9998101216668254,0.9998320330091651,0.9997769676432446,0.9998719220129524
EC_spearman,1,22,0.9996900455628437,0.9997185496272087,0.9996279772654378,0.9997874066014366
EC_spearman,1,23,0.9997932667820284,0.9998129715892153,0.9997586164573311,0.9998521306627234
EC_spearman,1,24,0.9994089301513354,0.9994900970421613,0.9992835261194779,0.9996367557584293
EC_spearman,1,25,0.9994020405614159,0.9995192785379052,0.9992691522075823,0.9996724080492351
EC_spearman,1,26,0.9992848280616097,0.9994298722833616,0.9991282722666088,0.999621587765541
EC_spearman,1,27,0.999316445050688,0.9994346902640655,0.9991470166661982,0.9996142539027568
EC_spearman,1,28,0.978338986374735,0.9967159439026446,0.9768756903978444,0.9981805642413366
EC_top32,0,1,0.9508392467248908,0.96875,0.9375,0.96875
EC_top32,0,2,0.8289778930131004,0.84375,0.78125,0.875
EC_top32,0,3,0.9281181768558951,0.9375,0.90625,0.96875
EC_top32,0,4,0.9276064410480349,0.9375,0.90625,0.96875
EC_top32,0,5,0.9409115720524017,0.9375,0.90625,0.96875
EC_top32,0,6,0.9583788209606987,0.96875,0.9375,0.96875
EC_top32,0,7,0.978370633187773,0.96875,0.96875,1.0
EC_top32,0,8,0.9858760917030568,1.0,0.96875,1.0
EC_top32,0,9,0.9868313318777293,1.0,0.96875,1.0
EC_top32,0,10,0.9553425218340611,0.96875,0.9375,0.96875
EC_top32,0,11,0.9842726528384279,1.0,0.96875,1.0
EC_top32,0,12,0.9892194323144105,1.0,0.96875,1.0
EC_top32,0,13,0.9884347707423581,1.0,0.96875,1.0
EC_top32,0,14,0.9865925218340611,1.0,0.96875,1.0
EC_top32,0,15,0.9885712336244541,1.0,0.96875,1.0
EC_top32,0,16,0.9904134825327511,1.0,0.96875,1.0
EC_top32,0,17,0.9920851528384279,1.0,1.0,1.0
EC_top32,0,18,0.992221615720524,1.0,1.0,1.0
EC_top32,0,19,0.9913687227074236,1.0,0.96875,1.0
EC_top32,0,20,0.9898335152838428,1.0,0.96875,1.0
EC_top32,0,21,0.9907546397379913,1.0,0.96875,1.0
EC_top32,0,22,0.9901064410480349,1.0,0.96875,1.0
EC_top32,0,23,0.9856031659388647,1.0,0.96875,1.0
EC_top32,0,24,0.9839997270742358,1.0,0.96875,1.0
EC_top32,0,25,0.9852961244541485,1.0,0.96875,1.0
EC_top32,0,26,0.9891170851528385,1.0,0.96875,1.0
EC_top32,0,27,0.9853984716157205,1.0,0.96875,1.0
EC_top32,0,28,0.935623635371179,0.96875,0.90625,0.96875
EC_top32,1,1,0.9505992821433149,0.96875,0.9375,0.96875
EC_top32,1,2,0.8263443789257787,0.84375,0.78125,0.875
EC_top32,1,3,0.9282023138059223,0.9375,0.90625,0.96875
EC_top32,1,4,0.9347159018074606,0.9375,0.90625,0.96875
EC_top32,1,5,0.9469298807845148,0.96875,0.9375,0.96875
EC_top32,1,6,0.9582385271119087,0.96875,0.9375,0.96875
EC_top32,1,7,0.9808117549032175,0.96875,0.96875,1.0
EC_top32,1,8,0.9851421292142033,1.0,0.96875,1.0
EC_top32,1,9,0.9891119728239969,1.0,0.96875,1.0
EC_top32,1,10,0.962729137290091,0.96875,0.9375,1.0
EC_top32,1,11,0.9837721125496731,1.0,0.96875,1.0
EC_top32,1,12,0.9900453467504167,1.0,0.96875,1.0
EC_top32,1,13,0.9879662863735419,1.0,0.96875,1.0
EC_top32,1,14,0.9852262530444815,1.0,0.96875,1.0
EC_top32,1,15,0.9875977438789899,1.0,0.96875,1.0
EC_top32,1,16,0.9898530637097808,1.0,0.96875,1.0
EC_top32,1,17,0.9923367196513267,1.0,1.0,1.0
EC_top32,1,18,0.9918079412895783,1.0,0.96875,1.0
EC_top32,1,19,0.9914594282784258,1.0,0.96875,1.0
EC_top32,1,20,0.9885231060120497,1.0,0.96875,1.0
EC_top32,1,21,0.990670266632483,1.0,0.96875,1.0
EC_top32,1,22,0.9867244584027689,1.0,0.96875,1.0
EC_top32,1,23,0.9854746186386361,1.0,0.96875,1.0
EC_top32,1,24,0.9813164978848865,0.96875,0.96875,1.0
EC_top32,1,25,0.985566754262274,1.0,0.96875,1.0
EC_top32,1,26,0.9882747404178951,1.0,0.96875,1.0
EC_top32,1,27,0.9847255159594924,1.0,0.96875,1.0
EC_top32,1,28,0.9317956031278041,0.9375,0.90625,0.96875
EC_tv,0,1,0.042462148,0.041920785,0.030961879529058933,0.05302120931446552
EC_tv,0,2,0.12262173,0.12016599,0.1022630613297224,0.1377999149262905
EC_tv,0,3,0.04964673,0.04564856,0.03835286293178797,0.056841738522052765
EC_tv,0,4,0.049101412,0.04725881,0.04063419345766306,0.05459262523800135
EC_tv,0,5,0.040211894,0.03606925,0.029108602087944746,0.046207379549741745
EC_tv,0,6,0.026981674,0.025720205,0.022144064772874117,0.029962799046188593
EC_tv,0,7,0.013734319,0.013360903,0.011181498877704144,0.015618429286405444
EC_tv,0,8,0.007709497,0.007194979,0.005879299598746002,0.00908835744485259
EC_tv,0,9,0.008634734,0.006639503,0.0054235144052654505,0.00881800358183682
EC_tv,0,10,0.03745783,0.034145273,0.021522735245525837,0.05048448871821165
EC_tv,0,11,0.008345556,0.007611163,0.006212875014171004,0.009255380602553487
EC_tv,0,12,0.007893271,0.0072328793,0.0060851117596030235,0.009030451299622655
EC_tv,0,13,0.0074988143,0.0070530204,0.005831718794070184,0.008544079028069973
EC_tv,0,14,0.008287209,0.007566503,0.006182989221997559,0.009397106477990746
EC_tv,0,15,0.019604439,0.015107531,0.008886262541636825,0.02851789817214012
EC_tv,0,16,0.008437462,0.0077959727,0.006123087368905544,0.009827733971178532
EC_tv,0,17,0.007789883,0.006856274,0.0054775679018348455,0.009025517851114273
EC_tv,0,18,0.006229979,0.00573851,0.004851569887250662,0.006892855162732303
EC_tv,0,19,0.0069204564,0.006566465,0.005561072379350662,0.007772019947879016
EC_tv,0,20,0.010247729,0.00958525,0.007581081590615213,0.012185415485873818
EC_tv,0,21,0.009292302,0.008643144,0.007032004534266889,0.010917471954599023
EC_tv,0,22,0.0111326305,0.010478612,0.008427032036706805,0.013003632193431258
EC_tv,0,23,0.015253677,0.01216655,0.010067209601402283,0.01547853834927082
EC_tv,0,24,0.016641878,0.016049141,0.013001373037695885,0.019328725524246693
EC_tv,0,25,0.014070083,0.012802192,0.010529393330216408,0.01626007677987218
EC_tv,0,26,0.0101308,0.009149635,0.007258223369717598,0.011687059188261628
EC_tv,0,27,0.013305302,0.011962902,0.009361574426293373,0.015662899240851402
EC_tv,0,28,0.048437435,0.041803647,0.033362191170454025,0.0592182744294405
EC_tv,1,1,0.045139547,0.044130966,0.03489118069410324,0.05431433394551277
EC_tv,1,2,0.13224037,0.12943289,0.10974737256765366,0.1516801416873932
EC_tv,1,3,0.04910408,0.04525577,0.038511063903570175,0.05624854564666748
EC_tv,1,4,0.048576258,0.04548578,0.038162797689437866,0.05444185808300972
EC_tv,1,5,0.04028481,0.036341127,0.029800307005643845,0.04578106105327606
EC_tv,1,6,0.027420815,0.026281785,0.021923355758190155,0.03143230080604553
EC_tv,1,7,0.013389144,0.012512868,0.010529553517699242,0.015149376355111599
EC_tv,1,8,0.008401621,0.007935304,0.006519714370369911,0.009742002934217453
EC_tv,1,9,0.009043198,0.0066563915,0.005404928233474493,0.009035283699631691
EC_tv,1,10,0.030577207,0.024977531,0.01373739168047905,0.043248970061540604
EC_tv,1,11,0.0091172205,0.007885365,0.006354477256536484,0.010236762464046478
EC_tv,1,12,0.008138619,0.0071838927,0.005771338008344173,0.009274822659790516
EC_tv,1,13,0.007884068,0.007143081,0.0058273812755942345,0.008900975808501244
EC_tv,1,14,0.009002567,0.007863436,0.006364448927342892,0.010303577408194542
EC_tv,1,15,0.01674423,0.012359543,0.007818817161023617,0.022808434441685677
EC_tv,1,16,0.008047322,0.007345639,0.005904753692448139,0.009436693973839283
EC_tv,1,17,0.0075685815,0.006776345,0.0055943820625543594,0.008630767464637756
EC_tv,1,18,0.0060830787,0.0056559127,0.00486993882805109,0.0067167156375944614
EC_tv,1,19,0.007046472,0.0063798903,0.0054137613624334335,0.0077086687088012695
EC_tv,1,20,0.010143986,0.0096360855,0.007877016440033913,0.011749554425477982
EC_tv,1,21,0.008455396,0.0077964626,0.006482693832367659,0.009695582091808319
EC_tv,1,22,0.011891462,0.011078932,0.009063847362995148,0.013822420500218868
EC_tv,1,23,0.013007851,0.0120143825,0.009987324476242065,0.014831960201263428
EC_tv,1,24,0.01697482,0.01600062,0.012917641550302505,0.019851356744766235
EC_tv,1,25,0.014263058,0.012694459,0.010296926833689213,0.01650146022439003
EC_tv,1,26,0.011925091,0.010634922,0.00821196474134922,0.014376374892890453
EC_tv,1,27,0.014567678,0.01256237,0.009933201596140862,0.016745571047067642
EC_tv,1,28,0.05402653,0.047820047,0.03669491037726402,0.06566574424505234
NC_js,0,1,0.0006769223,0.00043324195,0.0003190745919710025,0.0007014122093096375
NC_js,0,2,0.010777526,0.010161286,0.007828376954421401,0.013045404804870486
NC_js,0,3,0.0031945526,0.0027982367,0.002120094664860517,0.0037956590531393886
NC_js,0,4,0.0017846923,0.0016334074,0.0012048034404870123,0.0021920810686424375
NC_js,0,5,0.0012262224,0.0011713987,0.0009215378668159246,0.001448330032872036
NC_js,0,6,0.0016057137,0.0015001085,0.0012144144566264004,0.0018861724820453674
NC_js,0,7,0.00033505782,0.00028563387,0.0002205882738053333,0.0004001762645202689
NC_js,0,8,0.00044352296,0.00030681794,0.00021467106489581056,0.0004901187057839707
NC_js,0,9,0.0011689068,0.000968267,0.000673918824759312,0.0014624671021010727
NC_js,0,10,0.001181132,0.00065407983,0.00039446424489142373,0.001339631766313687
NC_js,0,11,0.0007485735,0.000594498,0.00040310731128556654,0.0008546267490601167
NC_js,0,12,0.0010014144,0.0009034516,0.0007148303702706471,0.00121958545059897
NC_js,0,13,0.0006738199,0.00060585426,0.0004727102932520211,0.000775547800003551
NC_js,0,14,0.000846423,0.00073505193,0.0005739167099818587,0.0009727640863275155
NC_js,0,15,0.0019020706,0.0011548669,0.0006519079324789345,0.002402444544713944
NC_js,0,16,0.0008448686,0.00066508225,0.00048418160440633073,0.0009598276374163106
NC_js,0,17,0.0008387196,0.00065073,0.0004580954773700796,0.0009962405310943723
NC_js,0,18,0.00045353224,0.0003821964,0.00030107839847914875,0.0004945238615619019
NC_js,0,19,0.00052570767,0.00040962693,0.0003073811676586047,0.000585196670726873
NC_js,0,20,0.0012512584,0.00097464153,0.0006796883244533092,0.0015461988223250955
NC_js,0,21,0.0007968311,0.00064940174,0.0004511235674726777,0.000962379141128622
NC_js,0,22,0.002530317,0.0020974786,0.0014629474317189306,0.0031341095454990864
NC_js,0,23,0.0023780193,0.0018720664,0.001292324421228841,0.0027623576461337507
NC_js,0,24,0.0061878352,0.004936817,0.0031669780728407204,0.007655270281247795
NC_js,0,25,0.0028670933,0.0024641985,0.0017182058363687247,0.0035143292625434697
NC_js,0,26,0.0011355323,0.0008309701,0.0004790246966877021,0.001344701275229454
NC_js,0,27,0.002183793,0.0017278759,0.0010717085096985102,0.0026347244856879115
NC_js,0,28,0.011750882,0.009672109,0.005971328937448561,0.016084815375506878
NC_js,1,1,0.00078609865,0.00044661417,0.00033330460428260267,0.0007315487018786371
NC_js,1,2,0.011383375,0.010734378,0.00828973576426506,0.013928054831922054
NC_js,1,3,0.0033674347,0.0027324178,0.0020504826679825783,0.0039664567448198795
NC_js,1,4,0.0019233462,0.0017403761,0.0012841422576457262,0.002359759993851185
NC_js,1,5,0.0011968703,0.0011449191,0.0008906371076591313,0.0014429455623030663
NC_js,1,6,0.0016541155,0.0015189507,0.001230396912433207,0.0019465781515464187
NC_js,1,7,0.0003295977,0.00026793033,0.00020272418623790145,0.0003770470211748034
NC_js,1,8,0.0005077405,0.00033276316,0.00022947786783333868,0.0005393954343162477
NC_js,1,9,0.0012482207,0.00094459363,0.0006049289368093014,0.0015527509385719895
NC_js,1,10,0.0010918179,0.00060755614,0.00037632035673595965,0.001268664374947548
NC_js,1,11,0.0008646606,0.00065875857,0.00045603164471685886,0.00096803845372051
NC_js,1,12,0.0011401118,0.0010109352,0.0007874192087911069,0.001337826601229608
NC_js,1,13,0.0008325009,0.0006949224,0.0005333855515345931,0.0009571135160513222
NC_js,1,14,0.00080825033,0.0007305004,0.0005771766300313175,0.0009490447118878365
NC_js,1,15,0.0018610279,0.0012553905,0.0007316740229725838,0.002401907229796052
NC_js,1,16,0.00094487885,0.00069732976,0.00049725326243788,0.0010521473595872521
NC_js,1,17,0.0009667953,0.00079144223,0.0005458663799799979,0.0012013308005407453
NC_js,1,18,0.0004474292,0.0003650691,0.0002856526698451489,0.00048816390335559845
NC_js,1,19,0.00064521795,0.0004109888,0.0003033689863514155,0.000639414181932807
NC_js,1,20,0.0014443889,0.0011701647,0.0008091269992291927,0.0017814283492043614
NC_js,1,21,0.0016829305,0.0010484935,0.0006301018293015659,0.002087348373606801
NC_js,1,22,0.0023938834,0.00202497,0.0013496426399797201,0.0029636144172400236
NC_js,1,23,0.002296461,0.0018520352,0.0012397115351632237,0.0028083177749067545
NC_js,1,24,0.0069140927,0.005646627,0.003225008025765419,0.009454646147787571
NC_js,1,25,0.002755428,0.0024162738,0.0017061082180589437,0.003379181260243058
NC_js,1,26,0.0015787373,0.0011847403,0.0006807161262258887,0.0019944992382079363
NC_js,1,27,0.0024008509,0.0017150649,0.0010358402505517006,0.003036502515897155
NC_js,1,28,0.012226814,0.010593604,0.006416417192667723,0.016842277720570564
NC_spearman,0,1,0.9961092767523989,0.9968518464262572,0.9955343330183674,0.9976519872162912
NC_spearman,0,2,0.8741546706800755,0.8790476912026522,0.8460301285181347,0.9075934372556607
NC_spearman,0,3,0.9866463693371724,0.9873860246439714,0.9842068600015257,0.9903561591860824
NC_spearman,0,4,0.9919849769741517,0.992820476237992,0.989901415571284,0.9949116603163004
NC_spearman,0,5,0.9953963397158654,0.9958561674575385,0.9944281062474434,0.9969911571739992
NC_spearman,0,6,0.992618227174333,0.9932120119118802,0.9910047613009714,0.9948885629576425
NC_spearman,0,7,0.9983237513525457,0.9985617940518924,0.9980577695001784,0.9989131432338956
NC_spearman,0,8,0.9986475779623014,0.998904868635833,0.9983605790867167,0.9992538180844488
NC_spearman,0,9,0.9975605424756372,0.9978129535844079,0.9970179969678835,0.998417577107952
NC_spearman,0,10,0.997536460594547,0.9978530952945093,0.9971202094590532,0.9983677086954162
NC_spearman,0,11,0.9974216670549942,0.9978644345323961,0.9970123500905379,0.998446245599318
NC_spearman,0,12,0.9962021994901704,0.9968453055672302,0.9954551769378343,0.9977888739088858
NC_spearman,0,13,0.9979456234079921,0.9982456275340033,0.9975627518040959,0.998737996575042
NC_spearman,0,14,0.9977367793647116,0.9980467720455555,0.9974038202519645,0.9985251103621228
NC_spearman,0,15,0.9986507870197004,0.9988118658834771,0.9983750213438709,0.9991024973230117
NC_spearman,0,16,0.9982361275402858,0.9983837682230082,0.9978950317269231,0.9987576406076379
NC_spearman,0,17,0.999120453121569,0.9992158491086158,0.9989854287656064,0.9993783299272886
NC_spearman,0,18,0.9990948470914748,0.9991578135133319,0.9989111315418577,0.9993681920928907
NC_spearman,0,19,0.9987251011420677,0.9988048285949425,0.9984606398616411,0.9990870069389592
NC_spearman,0,20,0.9992275809540375,0.999313337510014,0.9990956722503787,0.999471360003829
NC_spearman,0,21,0.9985225597447998,0.9987717493585508,0.9983341793859525,0.9990554009561262
NC_spearman,0,22,0.9984066240712314,0.9985648465884601,0.998105412990706,0.9988901214787915
NC_spearman,0,23,0.9974835027130404,0.9977725492951415,0.9970135030403502,0.9983240053911038
NC_spearman,0,24,0.990036591522497,0.9914803044963805,0.9869476817244018,0.9945113664194775
NC_spearman,0,25,0.9964138081786956,0.9967503250429344,0.9956601789819977,0.9975285730366527
NC_spearman,0,26,0.9942960396341216,0.9957661514625262,0.9923197075343225,0.9977368528509247
NC_spearman,0,27,0.9957524170068307,0.9964590347884852,0.9948256070361308,0.997704332569148
NC_spearman,0,28,0.9569034147813696,0.9857580490390137,0.9566736322091445,0.9906810862595241
NC_spearman,1,1,0.9957123704993935,0.9965104589794092,0.9949262698936859,0.9974763818570906
NC_spearman,1,2,0.8712265786802798,0.8770156824920515,0.8445770527829242,0.9039782468171215
NC_spearman,1,3,0.9875377412672529,0.9883922570237934,0.9851762778690072,0.9909387657293814
NC_spearman,1,4,0.9922226524206291,0.9929835122766616,0.9905075742671651,0.9948535936113576
NC_spearman,1,5,0.99573616518124,0.9960936833083499,0.9948529913637696,0.9970198249076893
NC_spearman,1,6,0.9925679971250093,0.9930704884537247,0.9911272870352155,0.9946438107015382
NC_spearman,1,7,0.9983141525130205,0.9986095606585736,0.998119381531877,0.9989251888046189
NC_spearman,1,8,0.9985634865507361,0.9989677476341707,0.9982705716640267,0.9993087998173541
NC_spearman,1,9,0.9979910250884343,0.9982305965864606,0.9975205466802105,0.9987618505744706
NC_spearman,1,10,0.9976727990704675,0.9979543767570441,0.9972568192311962,0.9984078260034795
NC_spearman,1,11,0.9972911180158075,0.997721467939239,0.9968415868978413,0.9983243423321273
NC_spearman,1,12,0.996580488746979,0.9970674529652769,0.9958377411643686,0.9979196011619139
NC_spearman,1,13,0.9980422761518017,0.9983883411164426,0.9976689003360542,0.9988588344623224
NC_spearman,1,14,0.997997868163318,0.9982516150165262,0.9976913680543784,0.998651568081846
NC_spearman,1,15,0.998626829131557,0.9987767173007124,0.9983936049336123,0.9990508308152684
NC_spearman,1,16,0.9982738327946828,0.9984315465316561,0.9979570068440707,0.9987740872136857
NC_spearman,1,17,0.9992597257662251,0.9993428181617936,0.9991449294844443,0.9994783660730462
NC_spearman,1,18,0.9992643307394018,0.9993266144418756,0.9991470409709275,0.9994552797535899
NC_spearman,1,19,0.9989096936759868,0.9990006705023147,0.998721016363269,0.9992006167015302
NC_spearman,1,20,0.9992959148668705,0.9993641034033325,0.9991703035729342,0.9995035472382933
NC_spearman,1,21,0.9988372618135403,0.9989715618688947,0.9986604116630379,0.9991897762449461
NC_spearman,1,22,0.9985043502343842,0.9986428750942447,0.9982357588942647,0.99893666511597
NC_spearman,1,23,0.9976636931401065,0.9979226473197975,0.9971852224176928,0.998454093292109
NC_spearman,1,24,0.9932816396747589,0.9942333880781076,0.9914728682170543,0.9962907571055178
NC_spearman,1,25,0.9970988449539022,0.9973757576111795,0.9965445035414078,0.997995873685687
NC_spearman,1,26,0.996317142098711,0.9971794737962074,0.9953920029550282,0.9982580992263126
NC_spearman,1,27,0.9972755699705619,0.9977903975219411,0.996593160604803,0.9985309502796658
NC_spearman,1,28,0.9578288594087327,0.9846443174117321,0.9445253277380666,0.9909223221061
NC_top32,0,1,0.9636667576419214,0.96875,0.9375,1.0
NC_top32,0,2,0.7996724890829694,0.8125,0.75,0.84375
NC_top32,0,3,0.9066935043668122,0.90625,0.875,0.9375
NC_top32,0,4,0.931563864628821,0.9375,0.90625,0.96875
NC_top32,0,5,0.9436408296943232,0.9375,0.9375,0.96875
NC_top32,0,6,0.9291075327510917,0.9375,0.90625,0.96875
NC_top32,0,7,0.9690229257641921,0.96875,0.96875,1.0
NC_top32,0,8,0.9650655021834061,0.96875,0.9375,0.96875
NC_top32,0,9,0.9498840065502183,0.96875,0.9375,0.96875
NC_top32,0,10,0.9561271834061136,0.96875,0.9375,0.96875
NC_top32,0,11,0.951316866812227,0.96875,0.9375,0.96875
NC_top32,0,12,0.9580376637554585,0.96875,0.9375,0.96875
NC_top32,0,13,0.9625409388646288,0.96875,0.9375,0.96875
NC_top32,0,14,0.9618245087336245,0.96875,0.9375,0.96875
NC_top32,0,15,0.9675218340611353,0.96875,0.96875,1.0
NC_top32,0,16,0.9674194868995634,0.96875,0.96875,0.96875
NC_top32,0,17,0.9765625,0.96875,0.96875,1.0
NC_top32,0,18,0.9732532751091703,0.96875,0.96875,1.0
NC_top32,0,19,0.9773812772925764,0.96875,0.96875,1.0
NC_top32,0,20,0.9701487445414847,0.96875,0.96875,1.0
NC_top32,0,21,0.9728438864628821,0.96875,0.96875,1.0
NC_top32,0,22,0.9552742903930131,0.96875,0.9375,0.96875
NC_top32,0,23,0.9468477074235808,0.9375,0.9375,0.96875
NC_top32,0,24,0.9318026746724891,0.9375,0.90625,0.96875
NC_top32,0,25,0.9458583515283843,0.9375,0.9375,0.96875
NC_top32,0,26,0.9752661026200873,0.96875,0.96875,1.0
NC_top32,0,27,0.9605622270742358,0.96875,0.9375,0.96875
NC_top32,0,28,0.875,0.90625,0.84375,0.9375
NC_top32,1,1,0.9634501986924753,0.96875,0.9375,1.0
NC_top32,1,2,0.7975700230739649,0.8125,0.75,0.84375
NC_top32,1,3,0.9082048775797975,0.90625,0.875,0.9375
NC_top32,1,4,0.9363022368927061,0.9375,0.90625,0.96875
NC_top32,1,5,0.9480315023714908,0.9375,0.9375,0.96875
NC_top32,1,6,0.9316153377772081,0.9375,0.90625,0.96875
NC_top32,1,7,0.9719587232406102,0.96875,0.96875,1.0
NC_top32,1,8,0.963097679784643,0.96875,0.9375,0.96875
NC_top32,1,9,0.9566802333034227,0.96875,0.9375,0.96875
NC_top32,1,10,0.9588634469939751,0.96875,0.9375,0.96875
NC_top32,1,11,0.9506834059735931,0.96875,0.9375,0.96875
NC_top32,1,12,0.9595764966029996,0.96875,0.9375,0.96875
NC_top32,1,13,0.9625088129726959,0.96875,0.9375,0.96875
NC_top32,1,14,0.9572330470452506,0.96875,0.9375,0.96875
NC_top32,1,15,0.9648242212536854,0.96875,0.9375,0.96875
NC_top32,1,16,0.9628012434303295,0.96875,0.9375,0.96875
NC_top32,1,17,0.9735931290860146,0.96875,0.96875,1.0
NC_top32,1,18,0.9720428470708884,0.96875,0.96875,1.0
NC_top32,1,19,0.9726998141263941,0.96875,0.96875,1.0
NC_top32,1,20,0.9673239007819511,0.96875,0.96875,1.0
NC_top32,1,21,0.9648522625304448,0.96875,0.9375,1.0
NC_top32,1,22,0.9469499102679144,0.9375,0.9375,0.96875
NC_top32,1,23,0.9484040507627227,0.9375,0.9375,0.96875
NC_top32,1,24,0.915395462120241,0.9375,0.875,0.9375
NC_top32,1,25,0.9442459300089732,0.9375,0.9375,0.96875
NC_top32,1,26,0.9694229906422254,0.96875,0.96875,1.0
NC_top32,1,27,0.9563637674657095,0.96875,0.9375,0.96875
NC_top32,1,28,0.8740065376233817,0.90625,0.84375,0.9375
NC_tv,0,1,0.028205445,0.024032984,0.020255475770682096,0.031004296615719795
NC_tv,0,2,0.11406018,0.11115475,0.09462614916265011,0.13059629872441292
NC_tv,0,3,0.0641955,0.061210968,0.05278392322361469,0.07194416970014572
NC_tv,0,4,0.04532197,0.04388544,0.03731178678572178,0.0514342375099659
NC_tv,0,5,0.039728377,0.039347313,0.03420945443212986,0.04434229992330074
NC_tv,0,6,0.04563493,0.044468,0.0397693132981658,0.0507053816691041
NC_tv,0,7,0.01980036,0.018703572,0.01641892595216632,0.022139278706163168
NC_tv,0,8,0.022322934,0.019734442,0.016510590445250273,0.025193579029291868
NC_tv,0,9,0.038584936,0.036166474,0.02983873151242733,0.04550740867853165
NC_tv,0,10,0.03533912,0.028015487,0.021368558052927256,0.04266015253961086
NC_tv,0,11,0.029086322,0.027543932,0.022573203314095736,0.033102220855653286
NC_tv,0,12,0.035308868,0.034141622,0.029429778922349215,0.04047635477036238
NC_tv,0,13,0.029567448,0.028552104,0.02482567634433508,0.03265453036874533
NC_tv,0,14,0.03157826,0.030302595,0.025969365146011114,0.03534622397273779
NC_tv,0,15,0.04857206,0.041060105,0.02949780598282814,0.06148189306259155
NC_tv,0,16,0.031826224,0.029171761,0.024812265299260616,0.03557568974792957
NC_tv,0,17,0.03271562,0.029742353,0.02434108266606927,0.03792004194110632
NC_tv,0,18,0.023480924,0.022148669,0.019284472335129976,0.025495009496808052
NC_tv,0,19,0.025497016,0.023317393,0.019744562916457653,0.028789776377379894
NC_tv,0,20,0.040141918,0.036369175,0.02992655150592327,0.04701857268810272
NC_tv,0,21,0.031327683,0.029076587,0.02380639687180519,0.03661554865539074
NC_tv,0,22,0.056806553,0.053703092,0.04372397344559431,0.06659856624901295
NC_tv,0,23,0.05297129,0.048577257,0.039738996885716915,0.06058908626437187
NC_tv,0,24,0.08764658,0.08177516,0.06326780840754509,0.10465066134929657
NC_tv,0,25,0.058889154,0.057413884,0.045668307691812515,0.06836762465536594
NC_tv,0,26,0.031405758,0.028062865,0.021053266245871782,0.03699948824942112
NC_tv,0,27,0.04725331,0.04279464,0.032967761158943176,0.05602669809013605
NC_tv,0,28,0.11514447,0.1074027,0.08125665225088596,0.14265196025371552
NC_tv,1,1,0.030093342,0.024461273,0.020931396633386612,0.03170632943511009
NC_tv,1,2,0.11872512,0.1162524,0.09962841123342514,0.13634313642978668
NC_tv,1,3,0.06560862,0.060475804,0.05190920829772949,0.0740574523806572
NC_tv,1,4,0.04720575,0.045090925,0.03802289441227913,0.05434688180685043
NC_tv,1,5,0.03876857,0.038514994,0.03313194215297699,0.043940700590610504
NC_tv,1,6,0.04638269,0.04502131,0.03996412456035614,0.051508110016584396
NC_tv,1,7,0.019332133,0.017993364,0.015478074550628662,0.021509448066353798
NC_tv,1,8,0.023788655,0.020886095,0.017173636704683304,0.0265823844820261
NC_tv,1,9,0.03932892,0.035911366,0.02830587327480316,0.04662395641207695
NC_tv,1,10,0.03413703,0.02730434,0.020866956561803818,0.041248925030231476
NC_tv,1,11,0.03099215,0.02933979,0.024074528366327286,0.03518921136856079
NC_tv,1,12,0.03797173,0.036392987,0.03149435669183731,0.04255824536085129
NC_tv,1,13,0.03256004,0.030457608,0.026215624064207077,0.0365610308945179
NC_tv,1,14,0.030964792,0.029973691,0.026298120617866516,0.03453224524855614
NC_tv,1,15,0.048227154,0.04195666,0.03111136332154274,0.06023922935128212
NC_tv,1,16,0.033254016,0.029928433,0.025001272559165955,0.03738287091255188
NC_tv,1,17,0.03546384,0.03309064,0.026921529322862625,0.04173601046204567
NC_tv,1,18,0.023238417,0.021566002,0.018800700083374977,0.02539828047156334
NC_tv,1,19,0.027122432,0.023124857,0.01946231722831726,0.02954614907503128
NC_tv,1,20,0.043513566,0.040317982,0.03290395066142082,0.05096637085080147
NC_tv,1,21,0.045455176,0.03856755,0.028940489515662193,0.05609281361103058
NC_tv,1,22,0.055243928,0.052681,0.0424840971827507,0.06462275981903076
NC_tv,1,23,0.052464034,0.048827313,0.038974858820438385,0.06183581054210663
NC_tv,1,24,0.093055196,0.08869141,0.06514747440814972,0.11791787296533585
NC_tv,1,25,0.05870403,0.05712817,0.046837225556373596,0.06851492822170258
NC_tv,1,26,0.04156599,0.03757567,0.026682358235120773,0.05202300474047661
NC_tv,1,27,0.051212452,0.0448547,0.03332578390836716,0.06290172040462494
NC_tv,1,28,0.11740942,0.11156641,0.08587691187858582,0.14486080408096313
raw_AE_js,0,1,0.025862275,0.023281727,0.019925597589462996,0.027826879639178514
raw_AE_js,0,2,0.024896212,0.022930732,0.019766018260270357,0.027052859775722027
raw_AE_js,0,3,0.025111422,0.024365854,0.021206230390816927,0.027890982571989298
raw_AE_js,0,4,0.024022203,0.022862583,0.020150283351540565,0.026596910785883665
raw_AE_js,0,5,0.024471724,0.02234214,0.01918364828452468,0.026581454556435347
raw_AE_js,0,6,0.02350856,0.021497123,0.01879242341965437,0.025860987603664398
raw_AE_js,0,7,0.0233634,0.021827888,0.018902703654021025,0.025771344546228647
raw_AE_js,0,8,0.022904417,0.021224147,0.01833724183961749,0.024782320950180292
raw_AE_js,0,9,0.022286206,0.01956458,0.016276538837701082,0.02483663847669959
raw_AE_js,0,10,0.022005878,0.019083513,0.0157359279692173,0.02332116523757577
raw_AE_js,0,11,0.024695272,0.02198039,0.018754766322672367,0.026352305430918932
raw_AE_js,0,12,0.023945224,0.020533824,0.016750511713325977,0.025569182354956865
raw_AE_js,0,13,0.02399727,0.020630386,0.01692643715068698,0.0254463916644454
raw_AE_js,0,14,0.024295216,0.021200296,0.01746155461296439,0.025557805318385363
raw_AE_js,0,15,0.022049246,0.017709158,0.013654907001182437,0.023746486753225327
raw_AE_js,0,16,0.023360716,0.019315116,0.015394711634144187,0.024643956683576107
raw_AE_js,0,17,0.020339495,0.01473818,0.010849843500182033,0.02077834354713559
raw_AE_js,0,18,0.020550922,0.016700786,0.01331527391448617,0.022017295937985182
raw_AE_js,0,19,0.020789836,0.017102905,0.013106026686728,0.022078601643443108
raw_AE_js,0,20,0.01570468,0.011783566,0.008644026471301913,0.016612415201961994
raw_AE_js,0,21,0.0134013295,0.010727983,0.007697151741012931,0.014548381324857473
raw_AE_js,0,22,0.013910876,0.011665374,0.008266974473372102,0.015693892259150743
raw_AE_js,0,23,0.014009009,0.011697605,0.008478004252538085,0.01566581381484866
raw_AE_js,0,24,0.01513848,0.013029837,0.010079273488372564,0.01692760968580842
raw_AE_js,0,25,0.012908174,0.01104028,0.008618833031505346,0.014435820048674941
raw_AE_js,0,26,0.015721388,0.013717546,0.01090125530026853,0.017607608810067177
raw_AE_js,0,27,0.014447037,0.012468075,0.009737937245517969,0.01612732606008649
raw_AE_js,0,28,0.022057747,0.018597633,0.013889606576412916,0.025550724007189274
raw_AE_js,1,1,0.025649752,0.022796936,0.019397057592868805,0.027669202536344528
raw_AE_js,1,2,0.024799138,0.022499919,0.01916300132870674,0.02691047079861164
raw_AE_js,1,3,0.024613697,0.023028133,0.019826147705316544,0.027267152443528175
raw_AE_js,1,4,0.023754003,0.022021655,0.01901981793344021,0.026195302605628967
raw_AE_js,1,5,0.024355719,0.021440119,0.017779946327209473,0.026528723537921906
raw_AE_js,1,6,0.023100877,0.020720588,0.01770707778632641,0.025122079998254776
raw_AE_js,1,7,0.02326644,0.021049542,0.017849305644631386,0.02553895115852356
raw_AE_js,1,8,0.022825703,0.020535765,0.017438119277358055,0.02500268630683422
raw_AE_js,1,9,0.021369675,0.019073661,0.015718191862106323,0.023452583700418472
raw_AE_js,1,10,0.021235539,0.018557522,0.015171536244452,0.02308325096964836
raw_AE_js,1,11,0.023074921,0.020884978,0.017869621515274048,0.024859782308340073
raw_AE_js,1,12,0.022549916,0.019734176,0.016178816556930542,0.024326495826244354
raw_AE_js,1,13,0.022104025,0.019578474,0.01607806235551834,0.02411165088415146
raw_AE_js,1,14,0.022953518,0.020561973,0.016939453780651093,0.02517099492251873
raw_AE_js,1,15,0.021109546,0.018035619,0.0141676040366292,0.022969460114836693
raw_AE_js,1,16,0.02179386,0.018785682,0.015017962083220482,0.023786934092640877
raw_AE_js,1,17,0.019175952,0.0152278505,0.011552087962627411,0.020598094910383224
raw_AE_js,1,18,0.019079514,0.016314173,0.012781098484992981,0.020916054025292397
raw_AE_js,1,19,0.020261606,0.01758436,0.014079424552619457,0.02218771167099476
raw_AE_js,1,20,0.015780251,0.012729522,0.009435852989554405,0.01733255572617054
raw_AE_js,1,21,0.012772145,0.010136576,0.007283066399395466,0.01418064720928669
raw_AE_js,1,22,0.014267733,0.01131142,0.008371579460799694,0.015855643898248672
raw_AE_js,1,23,0.014569544,0.011607059,0.008485488593578339,0.01610814966261387
raw_AE_js,1,24,0.01612534,0.0135767,0.010251090861856937,0.018073296174407005
raw_AE_js,1,25,0.013890508,0.011139006,0.008254456333816051,0.01573345996439457
raw_AE_js,1,26,0.016246267,0.013619391,0.010404487140476704,0.018520286306738853
raw_AE_js,1,27,0.01531108,0.012311979,0.008952770382165909,0.017823485657572746
raw_AE_js,1,28,0.02239526,0.019447317,0.014394398778676987,0.026682931929826736
raw_AE_spearman,0,1,0.8206263748059218,0.8259536674726252,0.7865076476539188,0.859800361783082
raw_AE_spearman,0,2,0.812931621414065,0.8214520300534507,0.7721158134169086,0.8649089405424992
raw_AE_spearman,0,3,0.8399623107851169,0.8471376518476268,0.8074799251958598,0.8811461164068451
raw_AE_spearman,0,4,0.8508883349724671,0.8590426471591981,0.8194419925777614,0.8902038450783711
raw_AE_spearman,0,5,0.8818533906469858,0.8902307411258819,0.8591230731697215,0.9179211955022868
raw_AE_spearman,0,6,0.8702794181151418,0.8793308761401643,0.8430681134093525,0.9091266942143928
raw_AE_spearman,0,7,0.8646073891523023,0.8735714243966872,0.8399799766837555,0.9024494933508307
raw_AE_spearman,0,8,0.8603902240925247,0.8730302109329794,0.8283838003822792,0.9056300831118734
raw_AE_spearman,0,9,0.9017711332528567,0.9135306288245848,0.8842927002291086,0.9345938185615748
raw_AE_spearman,0,10,0.9181226713457821,0.9293870359696406,0.9070250231133694,0.9456011572586391
raw_AE_spearman,0,11,0.88079010909591,0.8922855164029759,0.8616462917063126,0.9153901801930495
raw_AE_spearman,0,12,0.896919557065226,0.9089022243511874,0.8782114350757024,0.9307068160455745
raw_AE_spearman,0,13,0.907109387222755,0.9167110178699263,0.8883632530085273,0.9395729147024869
raw_AE_spearman,0,14,0.9198136792057617,0.9318117950387343,0.9081798622438942,0.9493275771591189
raw_AE_spearman,0,15,0.9421265007709856,0.9514643740100643,0.9350668277232107,0.964855058624869
raw_AE_spearman,0,16,0.9198773175415003,0.931177918311638,0.9094472314974787,0.9486847890045234
raw_AE_spearman,0,17,0.9531561526274501,0.9600268963655776,0.9465814788229481,0.9693751580899919
raw_AE_spearman,0,18,0.9402231076966748,0.9493095349536274,0.9304034362960916,0.9619352893586208
raw_AE_spearman,0,19,0.9348165539165985,0.940991912372155,0.9248860416823949,0.9551515102616778
raw_AE_spearman,0,20,0.9687181718926414,0.9732804827616666,0.9639439217584298,0.9801088390465771
raw_AE_spearman,0,21,0.9683925499012817,0.9729083171563933,0.9609040485806296,0.9820588384304157
raw_AE_spearman,0,22,0.9727677558771267,0.9765062986626514,0.9670921880457869,0.9839202323828002
raw_AE_spearman,0,23,0.9723025044283324,0.9757535314653388,0.9667176904206498,0.9823601636476034
raw_AE_spearman,0,24,0.9686333239751411,0.9718070840376285,0.9627605620634645,0.9792383752200724
raw_AE_spearman,0,25,0.9689273995222741,0.9726818064800062,0.9629222302233313,0.9796555057124469
raw_AE_spearman,0,26,0.9631704907996255,0.9673719534868996,0.956254680169294,0.9743190900714621
raw_AE_spearman,0,27,0.9723400208332539,0.9756685951972763,0.9673400003224464,0.9814946154997328
raw_AE_spearman,0,28,0.9355994495492712,0.9479103003437068,0.9134278627839095,0.97008682050694
raw_AE_spearman,1,1,0.828176619195201,0.8375778067412052,0.7931313255330478,0.8740344967418405
raw_AE_spearman,1,2,0.8232620834056891,0.8345166776740678,0.784865116615208,0.872631253051358
raw_AE_spearman,1,3,0.8533125862864933,0.8641688410131347,0.8199904041884313,0.8978123997574278
raw_AE_spearman,1,4,0.8667372740498559,0.876783012726987,0.8361320276094785,0.9085214018717855
raw_AE_spearman,1,5,0.8925974331091564,0.9047850049971652,0.8686852924868762,0.932321720445021
raw_AE_spearman,1,6,0.8803113969269079,0.8921581341566727,0.8545872144953426,0.919837102132676
raw_AE_spearman,1,7,0.874363992803908,0.8876456045401145,0.8471088668472638,0.9163300402699561
raw_AE_spearman,1,8,0.867411586746354,0.8824062224262881,0.8386713384805109,0.9136858756880679
raw_AE_spearman,1,9,0.9114796375533407,0.9224979623956606,0.8928662547623463,0.9437269891234086
raw_AE_spearman,1,10,0.9212728971303433,0.9322729212084372,0.9077398852517595,0.9497398290419847
raw_AE_spearman,1,11,0.893550460137874,0.9038108219876579,0.8750856195320937,0.9270676163441965
raw_AE_spearman,1,12,0.905861335471286,0.916595034686173,0.8896783470337821,0.937362695196061
raw_AE_spearman,1,13,0.9173903450832022,0.9267143783935428,0.9017016663062473,0.946183037450712
raw_AE_spearman,1,14,0.9260676276599912,0.9349980917326367,0.9118355703485408,0.9517688796413729
raw_AE_spearman,1,15,0.9426963596624146,0.9512859993495726,0.9326837992483794,0.9637113821894376
raw_AE_spearman,1,16,0.9257745100399847,0.935764669220198,0.9131069150068054,0.9521984605223937
raw_AE_spearman,1,17,0.9580317745178286,0.9638242520595461,0.952688031734433,0.9721669579244521
raw_AE_spearman,1,18,0.9508753204374352,0.9571234445957555,0.9429655474229826,0.9680082066271325
raw_AE_spearman,1,19,0.941799596025315,0.9481566012262049,0.9325630020908993,0.9601825380658366
raw_AE_spearman,1,20,0.969560449308039,0.974243476654876,0.9650423110592354,0.9808463184604945
raw_AE_spearman,1,21,0.9720434343203591,0.9768762748616281,0.9664191772675018,0.984216555521137
raw_AE_spearman,1,22,0.9738338075208106,0.9793360452587581,0.9697756243534368,0.9855412426868968
raw_AE_spearman,1,23,0.9728768372013832,0.9778172699367113,0.9688316760566542,0.9840485221833227
raw_AE_spearman,1,24,0.9686264884415088,0.9736976395909535,0.9630009194313177,0.9810238273854178
raw_AE_spearman,1,25,0.9709546941262751,0.975779528571512,0.9663218567009345,0.9820435191733343
raw_AE_spearman,1,26,0.9674739924541007,0.9718405349012547,0.9615276714378392,0.9788897525964803
raw_AE_spearman,1,27,0.9741024372559735,0.9787916504394399,0.9697098721777704,0.9847896199879569
raw_AE_spearman,1,28,0.9378191749072313,0.9453442016945937,0.9191613529167664,0.9668986105811317
raw_AE_top32,0,1,0.8153316048034934,0.8125,0.7734375,0.875
raw_AE_top32,0,2,0.7787254366812227,0.78125,0.71875,0.84375
raw_AE_top32,0,3,0.7667508187772926,0.78125,0.71875,0.8125
raw_AE_top32,0,4,0.7742562772925764,0.78125,0.71875,0.8125
raw_AE_top32,0,5,0.7653179585152838,0.78125,0.71875,0.8125
raw_AE_top32,0,6,0.7319527838427947,0.75,0.6875,0.8125
raw_AE_top32,0,7,0.7438591703056768,0.75,0.6875,0.8125
raw_AE_top32,0,8,0.7132573689956332,0.71875,0.65625,0.78125
raw_AE_top32,0,9,0.7696847707423581,0.78125,0.71875,0.84375
raw_AE_top32,0,10,0.7955786026200873,0.8125,0.75,0.875
raw_AE_top32,0,11,0.7466907751091703,0.75,0.6875,0.8125
raw_AE_top32,0,12,0.790904748908297,0.8125,0.75,0.875
raw_AE_top32,0,13,0.7855485807860262,0.8125,0.75,0.84375
raw_AE_top32,0,14,0.7815229257641921,0.78125,0.71875,0.84375
raw_AE_top32,0,15,0.8302401746724891,0.84375,0.78125,0.90625
raw_AE_top32,0,16,0.810691866812227,0.84375,0.75,0.875
raw_AE_top32,0,17,0.8609102074235808,0.875,0.8125,0.90625
raw_AE_top32,0,18,0.8318094978165939,0.84375,0.78125,0.90625
raw_AE_top32,0,19,0.8391102620087336,0.84375,0.78125,0.90625
raw_AE_top32,0,20,0.8778316048034934,0.875,0.84375,0.9375
raw_AE_top32,0,21,0.8828807314410481,0.90625,0.84375,0.9375
raw_AE_top32,0,22,0.8841771288209607,0.90625,0.84375,0.9375
raw_AE_top32,0,23,0.8810725982532751,0.890625,0.84375,0.9375
raw_AE_top32,0,24,0.8772516375545851,0.875,0.84375,0.90625
raw_AE_top32,0,25,0.8885780567685589,0.90625,0.84375,0.9375
raw_AE_top32,0,26,0.8763646288209607,0.875,0.84375,0.90625
raw_AE_top32,0,27,0.8854052947598253,0.90625,0.84375,0.9375
raw_AE_top32,0,28,0.8654817139737991,0.875,0.84375,0.90625
raw_AE_top32,1,1,0.8177236892706063,0.8125,0.78125,0.875
raw_AE_top32,1,2,0.7830166004358415,0.78125,0.75,0.84375
raw_AE_top32,1,3,0.7739232149724394,0.78125,0.71875,0.84375
raw_AE_top32,1,4,0.7808093513652096,0.78125,0.71875,0.84375
raw_AE_top32,1,5,0.7804408088706576,0.78125,0.71875,0.84375
raw_AE_top32,1,6,0.749310985771055,0.75,0.6875,0.8125
raw_AE_top32,1,7,0.7617052300987053,0.78125,0.71875,0.8125
raw_AE_top32,1,8,0.7326424496859377,0.75,0.6875,0.8125
raw_AE_top32,1,9,0.7881321304960902,0.8125,0.75,0.84375
raw_AE_top32,1,10,0.8052573388027175,0.8125,0.75,0.875
raw_AE_top32,1,11,0.7657792270221766,0.78125,0.71875,0.8125
raw_AE_top32,1,12,0.7955109921804897,0.8125,0.75,0.875
raw_AE_top32,1,13,0.7942250993462376,0.8125,0.75,0.875
raw_AE_top32,1,14,0.781666613254711,0.78125,0.71875,0.84375
raw_AE_top32,1,15,0.8208322650942187,0.84375,0.78125,0.875
raw_AE_top32,1,16,0.8080494487886168,0.8125,0.75,0.875
raw_AE_top32,1,17,0.8544898089988463,0.875,0.8125,0.90625
raw_AE_top32,1,18,0.8291765478784772,0.84375,0.78125,0.875
raw_AE_top32,1,19,0.8275060889629534,0.84375,0.78125,0.875
raw_AE_top32,1,20,0.8699766055633893,0.875,0.84375,0.90625
raw_AE_top32,1,21,0.8812852518907832,0.90625,0.84375,0.9375
raw_AE_top32,1,22,0.8713986988847584,0.875,0.84375,0.9375
raw_AE_top32,1,23,0.8786493718754006,0.875,0.84375,0.9375
raw_AE_top32,1,24,0.8676531854890399,0.875,0.84375,0.90625
raw_AE_top32,1,25,0.8860522689398795,0.90625,0.84375,0.9375
raw_AE_top32,1,26,0.873850307652865,0.875,0.84375,0.90625
raw_AE_top32,1,27,0.8792422445840277,0.90625,0.84375,0.9375
raw_AE_top32,1,28,0.8598096397897705,0.875,0.8125,0.90625
raw_AE_tv,0,1,0.17183118,0.16746417,0.15215404331684113,0.18408618494868279
raw_AE_tv,0,2,0.17014763,0.16656142,0.15349939838051796,0.1808599978685379
raw_AE_tv,0,3,0.17432049,0.17354122,0.1628010794520378,0.18495841696858406
raw_AE_tv,0,4,0.17052636,0.16895948,0.15870876610279083,0.18038582429289818
raw_AE_tv,0,5,0.17122632,0.16695592,0.15475094318389893,0.18142519518733025
raw_AE_tv,0,6,0.1688589,0.16554056,0.15357792750000954,0.17898280918598175
raw_AE_tv,0,7,0.17083731,0.16789746,0.15585149452090263,0.18121187761425972
raw_AE_tv,0,8,0.16768609,0.16487716,0.15335628390312195,0.17701805755496025
raw_AE_tv,0,9,0.16359608,0.15813714,0.14375287666916847,0.17607347667217255
raw_AE_tv,0,10,0.15959652,0.15344065,0.13785533979535103,0.1702423170208931
raw_AE_tv,0,11,0.17019372,0.16442737,0.15194938704371452,0.17897015810012817
raw_AE_tv,0,12,0.166635,0.15897715,0.14324873685836792,0.1785842478275299
raw_AE_tv,0,13,0.16491584,0.15717769,0.14141229540109634,0.1762438341975212
raw_AE_tv,0,14,0.16662048,0.16020963,0.1446068361401558,0.17615723982453346
raw_AE_tv,0,15,0.15498365,0.14521241,0.12553049623966217,0.17029082775115967
raw_AE_tv,0,16,0.16005391,0.15115833,0.13281351327896118,0.1731044389307499
raw_AE_tv,0,17,0.14396502,0.1323837,0.10943993926048279,0.15963509306311607
raw_AE_tv,0,18,0.14909352,0.14064705,0.12250015512108803,0.16264032572507858
raw_AE_tv,0,19,0.15079495,0.14275396,0.12324327975511551,0.16502507403492928
raw_AE_tv,0,20,0.1264035,0.116301164,0.09729580581188202,0.14057260751724243
raw_AE_tv,0,21,0.117192954,0.10917038,0.0916576012969017,0.13159331679344177
raw_AE_tv,0,22,0.1218184,0.11587109,0.09649502485990524,0.13587148860096931
raw_AE_tv,0,23,0.122936755,0.11710349,0.09703299030661583,0.1380363404750824
raw_AE_tv,0,24,0.12852357,0.124034256,0.106094254180789,0.1433255411684513
raw_AE_tv,0,25,0.11730684,0.11214276,0.09611411765217781,0.13105091080069542
raw_AE_tv,0,26,0.13182099,0.12708914,0.10925804078578949,0.1451331339776516
raw_AE_tv,0,27,0.12559463,0.12018704,0.10367463901638985,0.13971389085054398
raw_AE_tv,0,28,0.14649919,0.14014204,0.12000365182757378,0.16536380723118782
raw_AE_tv,1,1,0.17115608,0.16521186,0.15020765364170074,0.18339970707893372
raw_AE_tv,1,2,0.16950226,0.16465092,0.15074896812438965,0.1803121417760849
raw_AE_tv,1,3,0.17089435,0.16797397,0.15636569261550903,0.18189215660095215
raw_AE_tv,1,4,0.16845025,0.16530639,0.15352827310562134,0.17941094934940338
raw_AE_tv,1,5,0.16909333,0.16309069,0.14811743795871735,0.18014167249202728
raw_AE_tv,1,6,0.16680466,0.16206473,0.14899413287639618,0.176945298910141
raw_AE_tv,1,7,0.16890174,0.16427206,0.15123382210731506,0.17947615683078766
raw_AE_tv,1,8,0.16687724,0.1620088,0.14917472004890442,0.17660099267959595
raw_AE_tv,1,9,0.16017304,0.15533493,0.13980506360530853,0.172633558511734
raw_AE_tv,1,10,0.15717834,0.15143658,0.1358340084552765,0.1685132086277008
raw_AE_tv,1,11,0.16481958,0.15975586,0.14815384149551392,0.1733689308166504
raw_AE_tv,1,12,0.16284908,0.15684053,0.1401536762714386,0.17499133944511414
raw_AE_tv,1,13,0.15965821,0.15410501,0.1378938853740692,0.17223414778709412
raw_AE_tv,1,14,0.16382115,0.15888733,0.14345578849315643,0.17631399631500244
raw_AE_tv,1,15,0.15427634,0.14781678,0.12927693128585815,0.1682199090719223
raw_AE_tv,1,16,0.15631695,0.15018234,0.13128486275672913,0.17061834037303925
raw_AE_tv,1,17,0.14383295,0.13502494,0.11462867259979248,0.15928390622138977
raw_AE_tv,1,18,0.1455631,0.13975939,0.12141413986682892,0.1598706990480423
raw_AE_tv,1,19,0.15165496,0.14590001,0.12841328978538513,0.16571280360221863
raw_AE_tv,1,20,0.12944673,0.12174699,0.10253500193357468,0.1440800279378891
raw_AE_tv,1,21,0.11523552,0.10753322,0.08904041349887848,0.13004335761070251
raw_AE_tv,1,22,0.12325569,0.1146444,0.09671910852193832,0.13839374482631683
raw_AE_tv,1,23,0.12415684,0.11592,0.09697447717189789,0.13963502645492554
raw_AE_tv,1,24,0.13250022,0.12624645,0.10751411318778992,0.14779771864414215
raw_AE_tv,1,25,0.12117586,0.11291437,0.09389471262693405,0.13732321560382843
raw_AE_tv,1,26,0.13308582,0.12603645,0.10811087489128113,0.14863446354866028
raw_AE_tv,1,27,0.12782747,0.12033631,0.09969963133335114,0.14589762687683105
raw_AE_tv,1,28,0.1478788,0.14110649,0.1200818344950676,0.1674448400735855
ot_TC,0,1,0.122460954,0.11775659,0.09346488676965237,0.14355965703725815
ot_TC,0,2,0.09185488,0.083171695,0.06529204733669758,0.10876690968871117
ot_TC,0,3,0.12817904,0.11896704,0.09293211810290813,0.15537922084331512
ot_TC,0,4,0.15732153,0.15724245,0.12964122742414474,0.18312142044305801
ot_TC,0,5,0.08740551,0.082790114,0.0676538236439228,0.1031679566949606
ot_TC,0,6,0.09062715,0.08771818,0.07035894505679607,0.10798393003642559
ot_TC,0,7,0.08260753,0.08031511,0.06520441547036171,0.09482913091778755
ot_TC,0,8,0.09354558,0.088728406,0.07133022882044315,0.10575983114540577
ot_TC,0,9,0.073445074,0.06909039,0.05236720759421587,0.0879716482013464
ot_TC,0,10,0.07054435,0.063953295,0.04992223251610994,0.08286981657147408
ot_TC,0,11,0.08580285,0.08021535,0.06525673903524876,0.09828718937933445
ot_TC,0,12,0.078539796,0.07372804,0.05571763217449188,0.09303937666118145
ot_TC,0,13,0.08740413,0.08099502,0.06289052218198776,0.10239186510443687
ot_TC,0,14,0.08211219,0.07622023,0.06325402669608593,0.09316777810454369
ot_TC,0,15,0.08125388,0.07379151,0.05701035913079977,0.09630035795271397
ot_TC,0,16,0.08896969,0.08397904,0.06788692809641361,0.10192656889557838
ot_TC,0,17,0.06935476,0.06308365,0.04980579111725092,0.0797865130007267
ot_TC,0,18,0.08234728,0.077016436,0.06272596679627895,0.09358586370944977
ot_TC,0,19,0.07188242,0.06574097,0.05131325405091047,0.08384343981742859
ot_TC,0,20,0.06020637,0.054768257,0.04233446158468723,0.0688331164419651
ot_TC,0,21,0.0719115,0.06643769,0.04923017229884863,0.08696928061544895
ot_TC,0,22,0.06548231,0.062086873,0.04685368947684765,0.07985871471464634
ot_TC,0,23,0.06575171,0.06341192,0.04959141928702593,0.07809634134173393
ot_TC,0,24,0.07431978,0.06949645,0.05572417099028826,0.08935288339853287
ot_TC,0,25,0.062219225,0.056889575,0.045608876273036,0.07341284677386284
ot_TC,0,26,0.07287179,0.07046592,0.055282363668084145,0.08698769100010395
ot_TC,0,27,0.06973744,0.06563553,0.052596600726246834,0.08245660364627838
ot_TC,0,28,0.06615711,0.058543224,0.04546691197901964,0.07739637047052383
ot_TC,1,1,0.1263342,0.117785566,0.09616792947053909,0.14850255846977234
ot_TC,1,2,0.10017305,0.0914953,0.07280384004116058,0.11635320633649826
ot_TC,1,3,0.13301513,0.123252146,0.09605720639228821,0.1613156944513321
ot_TC,1,4,0.15743615,0.15692885,0.13029932975769043,0.18293555080890656
ot_TC,1,5,0.0811681,0.076073974,0.058692917227745056,0.09627075493335724
ot_TC,1,6,0.08495659,0.08138357,0.06360729783773422,0.1016429141163826
ot_TC,1,7,0.072339706,0.06883761,0.05432496964931488,0.08595038205385208
ot_TC,1,8,0.0920218,0.08241974,0.06632371991872787,0.10381437838077545
ot_TC,1,9,0.06551245,0.060931355,0.04674325883388519,0.07842927426099777
ot_TC,1,10,0.064469114,0.058458272,0.04531896114349365,0.07524961978197098
ot_TC,1,11,0.08174764,0.077332646,0.06347990036010742,0.09403947740793228
ot_TC,1,12,0.07169031,0.066269375,0.05174384266138077,0.08454074710607529
ot_TC,1,13,0.083309874,0.07735619,0.061552852392196655,0.09791300445795059
ot_TC,1,14,0.07601467,0.07160158,0.058722447603940964,0.08743689209222794
ot_TC,1,15,0.07760904,0.0713206,0.05703195929527283,0.09087423235177994
ot_TC,1,16,0.084107175,0.07914107,0.06424624472856522,0.09682910889387131
ot_TC,1,17,0.06842295,0.06352333,0.051151346415281296,0.07819938659667969
ot_TC,1,18,0.0796951,0.07504127,0.06292823702096939,0.09051550924777985
ot_TC,1,19,0.071586736,0.06645511,0.054203905165195465,0.08290263265371323
ot_TC,1,20,0.057784013,0.053049933,0.04311589524149895,0.06657330691814423
ot_TC,1,21,0.06493335,0.05978576,0.04681506007909775,0.07568058371543884
ot_TC,1,22,0.061512675,0.056692194,0.044080331921577454,0.07350576668977737
ot_TC,1,23,0.06552934,0.061423928,0.04773002862930298,0.07790567725896835
ot_TC,1,24,0.0796967,0.07439032,0.059006765484809875,0.09473942965269089
ot_TC,1,25,0.0672554,0.06351672,0.049372248351573944,0.079982690513134
ot_TC,1,26,0.07644777,0.072043315,0.057165857404470444,0.09092967957258224
ot_TC,1,27,0.07257036,0.06845045,0.05474793538451195,0.08535398542881012
ot_TC,1,28,0.06951888,0.06329295,0.04946121573448181,0.08281166851520538
ot_WC,0,1,0.021656636,0.017407272,0.012304711388424039,0.027487249579280615
ot_WC,0,2,0.044788912,0.040666208,0.031032195314764977,0.054140739142894745
ot_WC,0,3,0.025708523,0.024408756,0.019698083866387606,0.029791893903166056
ot_WC,0,4,0.028135011,0.027343377,0.022150850854814053,0.033169678412377834
ot_WC,0,5,0.020127982,0.018286698,0.01374328345991671,0.024480446707457304
ot_WC,0,6,0.01990245,0.018843796,0.015438775531947613,0.02332665305584669
ot_WC,0,7,0.0075149992,0.0070259133,0.005492229014635086,0.009217928629368544
ot_WC,0,8,0.009799101,0.0088798385,0.006739080534316599,0.011671640444546938
ot_WC,0,9,0.014750628,0.01370627,0.010627632029354572,0.018392515368759632
ot_WC,0,10,0.012959634,0.010401446,0.006906507071107626,0.017224355135113
ot_WC,0,11,0.018740572,0.017477654,0.013156457338482141,0.02234194939956069
ot_WC,0,12,0.010490888,0.009669814,0.007447744952514768,0.012570671271532774
ot_WC,0,13,0.011367923,0.010672674,0.008502965560182929,0.013617664808407426
ot_WC,0,14,0.010006595,0.009366859,0.007431251346133649,0.011720462702214718
ot_WC,0,15,0.01777433,0.0148480665,0.010381188010796905,0.022578397765755653
ot_WC,0,16,0.012723744,0.011880834,0.00981618999503553,0.014562757220119238
ot_WC,0,17,0.012131346,0.011097275,0.008625976042822003,0.014521296136081219
ot_WC,0,18,0.013055183,0.012011635,0.009828709997236729,0.01539157866500318
ot_WC,0,19,0.011521954,0.010725977,0.008625822374597192,0.01353773521259427
ot_WC,0,20,0.016955387,0.015567975,0.011737002292647958,0.020930766593664885
ot_WC,0,21,0.012552531,0.011849564,0.008798159193247557,0.015361425001174212
ot_WC,0,22,0.020962281,0.0195815,0.015492005506530404,0.024799082428216934
ot_WC,0,23,0.01988948,0.0178691,0.013243112014606595,0.024098488967865705
ot_WC,0,24,0.032226942,0.029937847,0.021431362256407738,0.04006948973983526
ot_WC,0,25,0.020944644,0.019889724,0.014401519671082497,0.026474019046872854
ot_WC,0,26,0.009051093,0.007429057,0.0055265421979129314,0.010651665274053812
ot_WC,0,27,0.015716856,0.013759511,0.01025838078930974,0.018836119677871466
ot_WC,0,28,0.033339,0.030464938,0.023753954097628593,0.039754459634423256
ot_WC,1,1,0.023267834,0.017133947,0.012705802917480469,0.027860799804329872
ot_WC,1,2,0.0470191,0.042885292,0.03350936248898506,0.056900523602962494
ot_WC,1,3,0.026658375,0.024808325,0.019574271515011787,0.03176539018750191
ot_WC,1,4,0.026848467,0.02575178,0.02052862010896206,0.03158456087112427
ot_WC,1,5,0.0183242,0.016443526,0.011912808753550053,0.02274455688893795
ot_WC,1,6,0.01926116,0.018522188,0.015278279781341553,0.022428428754210472
ot_WC,1,7,0.0069775693,0.006320651,0.004878948908299208,0.0083601213991642
ot_WC,1,8,0.0101121655,0.0092197815,0.007234727963805199,0.011802870780229568
ot_WC,1,9,0.013735483,0.012442209,0.009378280490636826,0.01662304438650608
ot_WC,1,10,0.011748384,0.009317336,0.0060380566865205765,0.015052756294608116
ot_WC,1,11,0.018098753,0.016109949,0.012537539005279541,0.021086033433675766
ot_WC,1,12,0.011691186,0.010766066,0.008305181749165058,0.014026427641510963
ot_WC,1,13,0.012572782,0.011581846,0.009058850817382336,0.014947609975934029
ot_WC,1,14,0.01050794,0.009903163,0.008009679615497589,0.012360003776848316
ot_WC,1,15,0.018133512,0.01643032,0.01148065086454153,0.022831615060567856
ot_WC,1,16,0.012754087,0.011681396,0.009303093887865543,0.014836499467492104
ot_WC,1,17,0.012574644,0.011626973,0.009027640335261822,0.015038023702800274
ot_WC,1,18,0.013249157,0.012402234,0.010087303817272186,0.015488097444176674
ot_WC,1,19,0.012053125,0.010758205,0.008488603867590427,0.014112928882241249
ot_WC,1,20,0.018436937,0.017110635,0.013513566926121712,0.022107528522610664
ot_WC,1,21,0.016937595,0.0151346475,0.01137244887650013,0.020967809483408928
ot_WC,1,22,0.02103708,0.019861177,0.015519760549068451,0.025234077125787735
ot_WC,1,23,0.020357959,0.018453265,0.013695993460714817,0.024834439158439636
ot_WC,1,24,0.035317343,0.03317572,0.024122273549437523,0.04431172460317612
ot_WC,1,25,0.021854812,0.021070221,0.015928473323583603,0.026651114225387573
ot_WC,1,26,0.013462644,0.011346146,0.007599350064992905,0.017380530014634132
ot_WC,1,27,0.017365273,0.014937365,0.010540046729147434,0.02172054350376129
ot_WC,1,28,0.032345567,0.029956482,0.023434631526470184,0.0381711944937706
ot_TE,0,1,0.10822634,0.10278479,0.0810774378478527,0.12793057784438133
ot_TE,0,2,0.08510229,0.07587575,0.05776968039572239,0.10339833423495293
ot_TE,0,3,0.13887289,0.12930186,0.10122313164174557,0.1661396212875843
ot_TE,0,4,0.16064182,0.15826753,0.13336627557873726,0.18617189675569534
ot_TE,0,5,0.0884476,0.083663516,0.06737596355378628,0.10434977523982525
ot_TE,0,6,0.08886011,0.086184874,0.06861376948654652,0.10631819255650043
ot_TE,0,7,0.08210163,0.08009285,0.06446661613881588,0.09482857957482338
ot_TE,0,8,0.09256813,0.08736268,0.07070077024400234,0.10539522208273411
ot_TE,0,9,0.07364631,0.06910038,0.05318239703774452,0.08787721954286098
ot_TE,0,10,0.07462104,0.06846891,0.053464313969016075,0.08692950382828712
ot_TE,0,11,0.086018,0.08040783,0.06558427214622498,0.09769364632666111
ot_TE,0,12,0.07856663,0.07354231,0.05581547133624554,0.09295300766825676
ot_TE,0,13,0.08732675,0.080880165,0.06284987181425095,0.10236995667219162
ot_TE,0,14,0.08217545,0.07619638,0.06320825219154358,0.09384114481508732
ot_TE,0,15,0.0789572,0.07170135,0.05537314899265766,0.09246202930808067
ot_TE,0,16,0.08965092,0.084750175,0.06815244443714619,0.10271215625107288
ot_TE,0,17,0.06948932,0.06334181,0.049796861596405506,0.08001289516687393
ot_TE,0,18,0.08258421,0.07702266,0.06271385960280895,0.09396320022642612
ot_TE,0,19,0.07198859,0.0657623,0.05167587008327246,0.08350883051753044
ot_TE,0,20,0.06012894,0.054944165,0.04270772356539965,0.06860378570854664
ot_TE,0,21,0.07173978,0.066189215,0.04931990057229996,0.08713429607450962
ot_TE,0,22,0.065294236,0.061933637,0.04674679785966873,0.07944797351956367
ot_TE,0,23,0.06537456,0.063252136,0.04925181344151497,0.07765488512814045
ot_TE,0,24,0.07614134,0.07172404,0.05735975503921509,0.09164289943873882
ot_TE,0,25,0.062400147,0.05719954,0.04623506311327219,0.07349549420177937
ot_TE,0,26,0.073124096,0.07088316,0.055470362305641174,0.08713911101222038
ot_TE,0,27,0.07017841,0.06621978,0.05302334204316139,0.0831263568252325
ot_TE,0,28,0.06581106,0.058233123,0.045316899195313454,0.07767170667648315
ot_TE,1,1,0.11092327,0.102530345,0.08224211633205414,0.13181117177009583
ot_TE,1,2,0.092667624,0.08312469,0.0647885724902153,0.11024833470582962
ot_TE,1,3,0.14256366,0.13227591,0.10324476659297943,0.17175652086734772
ot_TE,1,4,0.15894882,0.15875632,0.1305598020553589,0.185487300157547
ot_TE,1,5,0.08248805,0.07722531,0.0592130571603775,0.0979822501540184
ot_TE,1,6,0.083375864,0.07951308,0.062108371406793594,0.09912674874067307
ot_TE,1,7,0.07231693,0.06892997,0.05439017713069916,0.08579428493976593
ot_TE,1,8,0.0911081,0.0813915,0.06572737544775009,0.10276815295219421
ot_TE,1,9,0.06555306,0.061055563,0.04693447798490524,0.0782519206404686
ot_TE,1,10,0.06731663,0.061502982,0.04766459763050079,0.07923269271850586
ot_TE,1,11,0.08169044,0.07722094,0.06334449350833893,0.09389491379261017
ot_TE,1,12,0.07141445,0.06600698,0.05140954256057739,0.08431641012430191
ot_TE,1,13,0.083056256,0.07707783,0.06132951378822327,0.09775064885616302
ot_TE,1,14,0.07586433,0.07146027,0.05844195559620857,0.08740169554948807
ot_TE,1,15,0.075830474,0.06976778,0.055983103811740875,0.08875765651464462
ot_TE,1,16,0.08467324,0.079835765,0.06475768983364105,0.09739453345537186
ot_TE,1,17,0.06840389,0.06347007,0.05113644897937775,0.07814972847700119
ot_TE,1,18,0.07998233,0.075423814,0.0632408931851387,0.09098052978515625
ot_TE,1,19,0.07155634,0.06660239,0.054414842277765274,0.08274542540311813
ot_TE,1,20,0.057953976,0.053289276,0.04338361322879791,0.06684724241495132
ot_TE,1,21,0.06478659,0.059572008,0.04686460644006729,0.07553236186504364
ot_TE,1,22,0.061113205,0.056333546,0.04374294355511665,0.07312490791082382
ot_TE,1,23,0.06548227,0.061185606,0.04757649824023247,0.0778985247015953
ot_TE,1,24,0.08145106,0.07653073,0.060856740921735764,0.09671962261199951
ot_TE,1,25,0.06685538,0.063028045,0.04891000688076019,0.07953240722417831
ot_TE,1,26,0.077115074,0.072795376,0.057871878147125244,0.09171947091817856
ot_TE,1,27,0.07201716,0.067832336,0.05407201871275902,0.08501642942428589
ot_TE,1,28,0.06988023,0.06397662,0.050037551671266556,0.08306733518838882
js_TC,0,1,0.042913854,0.038415067,0.028833610471338034,0.04969936143606901
js_TC,0,2,0.044080194,0.038619265,0.029253036249428988,0.052444079890847206
js_TC,0,3,0.044949695,0.04057737,0.03086194209754467,0.052823775447905064
js_TC,0,4,0.056802064,0.054243796,0.0453825443983078,0.06620925106108189
js_TC,0,5,0.03238245,0.030184872,0.024337335024029016,0.037112029269337654
js_TC,0,6,0.034869436,0.03231881,0.026408027857542038,0.03969425056129694
js_TC,0,7,0.03413391,0.03219845,0.026768639218062162,0.03895035292953253
js_TC,0,8,0.04212157,0.038793065,0.03148665092885494,0.04704574029892683
js_TC,0,9,0.031211909,0.02799698,0.022064552176743746,0.03636757284402847
js_TC,0,10,0.029504934,0.025359161,0.020186270587146282,0.03320225141942501
js_TC,0,11,0.03537768,0.031544507,0.026359833776950836,0.038748462684452534
js_TC,0,12,0.037620276,0.033333786,0.0263127232901752,0.042619070969522
js_TC,0,13,0.039534643,0.03481376,0.02743209060281515,0.04481502529233694
js_TC,0,14,0.035912685,0.031937994,0.026853004936128855,0.03981616720557213
js_TC,0,15,0.04023152,0.034448653,0.026539946906268597,0.04595337528735399
js_TC,0,16,0.044383056,0.039658237,0.0320604657754302,0.05038928799331188
js_TC,0,17,0.036023542,0.029619236,0.02257644711062312,0.03948885854333639
js_TC,0,18,0.03874531,0.033983923,0.027537756133824587,0.04397302493453026
js_TC,0,19,0.03390317,0.029502627,0.022309016436338425,0.038254886865615845
js_TC,0,20,0.028250363,0.023834208,0.01729636173695326,0.03186760377138853
js_TC,0,21,0.03285087,0.028533742,0.021116463467478752,0.03865359630435705
js_TC,0,22,0.029079914,0.026222058,0.019395255018025637,0.03519450593739748
js_TC,0,23,0.028311856,0.026450057,0.020451216492801905,0.033148071728646755
js_TC,0,24,0.034945723,0.031489,0.025156008079648018,0.04144678823649883
js_TC,0,25,0.02757005,0.024990033,0.019092760048806667,0.03236227948218584
js_TC,0,26,0.033519085,0.03156276,0.02441322710365057,0.038866602815687656
js_TC,0,27,0.033445247,0.03023159,0.024466652423143387,0.039455472491681576
js_TC,0,28,0.05192409,0.039459657,0.026611160021275282,0.06693470291793346
js_TC,1,1,0.044250473,0.03894724,0.030236413702368736,0.05227288976311684
js_TC,1,2,0.04665285,0.039989606,0.0312851183116436,0.05454820767045021
js_TC,1,3,0.048045024,0.041598193,0.03213062509894371,0.05619073286652565
js_TC,1,4,0.058697373,0.056122847,0.04588063433766365,0.06825550645589828
js_TC,1,5,0.03065557,0.027080677,0.021515240892767906,0.03507213294506073
js_TC,1,6,0.033510137,0.030565415,0.024693982675671577,0.03868937864899635
js_TC,1,7,0.03193552,0.030057259,0.02458149380981922,0.037004999816417694
js_TC,1,8,0.04199474,0.03666147,0.030069515109062195,0.045415740460157394
js_TC,1,9,0.028574562,0.025766317,0.01995593123137951,0.03347166255116463
js_TC,1,10,0.027384719,0.023793314,0.01821095682680607,0.031081808730959892
js_TC,1,11,0.034668874,0.031889766,0.02634272165596485,0.03895494341850281
js_TC,1,12,0.03448076,0.03078118,0.024496030062437057,0.039318013936281204
js_TC,1,13,0.037208684,0.03366076,0.02687322348356247,0.042721282690763474
js_TC,1,14,0.033231907,0.030500581,0.025014694780111313,0.0373787097632885
js_TC,1,15,0.038071487,0.033445485,0.026717310771346092,0.04347706586122513
js_TC,1,16,0.041757412,0.038007844,0.030910547822713852,0.04679049924015999
js_TC,1,17,0.036601603,0.032152925,0.025264469906687737,0.04107255861163139
js_TC,1,18,0.03775086,0.034294102,0.02822781540453434,0.042349182069301605
js_TC,1,19,0.03353166,0.029740533,0.0233492162078619,0.03795270249247551
js_TC,1,20,0.027500467,0.023816373,0.01869271881878376,0.031015723943710327
js_TC,1,21,0.030698996,0.027341055,0.020988093689084053,0.03540274500846863
js_TC,1,22,0.027335795,0.024006277,0.018381260335445404,0.03167874366044998
js_TC,1,23,0.029281039,0.025802325,0.020057929679751396,0.034166861325502396
js_TC,1,24,0.038272657,0.03487098,0.027219586074352264,0.045068301260471344
js_TC,1,25,0.030696195,0.02776796,0.02130858786404133,0.036072973161935806
js_TC,1,26,0.0377497,0.034108344,0.026555346325039864,0.044026874005794525
js_TC,1,27,0.03667193,0.03268575,0.025662928819656372,0.0430205874145031
js_TC,1,28,0.05502414,0.04751999,0.03154481574892998,0.07106757909059525
js_TE,0,1,0.03929501,0.034484163,0.025720808189362288,0.04474936984479427
js_TE,0,2,0.034511067,0.029209556,0.021727957297116518,0.042103822343051434
js_TE,0,3,0.049918853,0.044674397,0.03394576348364353,0.058512830175459385
js_TE,0,4,0.058864232,0.05610854,0.046806132420897484,0.0678783655166626
js_TE,0,5,0.033091,0.030828308,0.02450095908716321,0.03798895701766014
js_TE,0,6,0.033649217,0.030819073,0.02517876448109746,0.03836995828896761
js_TE,0,7,0.034607105,0.03274098,0.026764571201056242,0.039214626885950565
js_TE,0,8,0.04139885,0.03818602,0.03111889911815524,0.04602094180881977
js_TE,0,9,0.031274658,0.028241055,0.022178486920893192,0.036446329206228256
js_TE,0,10,0.032594495,0.028407522,0.021822711918503046,0.037451375275850296
js_TE,0,11,0.03559551,0.03163774,0.026725143659859896,0.03916915226727724
js_TE,0,12,0.037699424,0.03355188,0.026564817875623703,0.04305850341916084
js_TE,0,13,0.03958422,0.034962684,0.02767370594665408,0.04481237102299929
js_TE,0,14,0.03597075,0.0321089,0.02684474689885974,0.03999186959117651
js_TE,0,15,0.0388525,0.033246435,0.026003482285887003,0.044858054257929325
js_TE,0,16,0.04499314,0.0401014,0.03239319194108248,0.050710925832390785
js_TE,0,17,0.03615403,0.029916056,0.022589591797441244,0.03952231165021658
js_TE,0,18,0.038992357,0.03413868,0.02766114752739668,0.04432047996670008
js_TE,0,19,0.034024242,0.029618904,0.022335974033921957,0.03824967052787542
js_TE,0,20,0.028283538,0.023686782,0.01740477792918682,0.031733750365674496
js_TE,0,21,0.03295478,0.028605985,0.021181076765060425,0.03866626974195242
js_TE,0,22,0.028788835,0.026064865,0.01908630272373557,0.03463153261691332
js_TE,0,23,0.028144725,0.02590029,0.02040923247113824,0.03272490110248327
js_TE,0,24,0.0364523,0.032904986,0.026414754800498486,0.04356575012207031
js_TE,0,25,0.0276072,0.025238663,0.019193064887076616,0.032625213265419006
js_TE,0,26,0.03378424,0.031769916,0.024782837834209204,0.039195556193590164
js_TE,0,27,0.033873115,0.030839354,0.024749213363975286,0.039967335760593414
js_TE,0,28,0.051794905,0.04020171,0.026712859515100718,0.06820223480463028
js_TE,1,1,0.040506907,0.035020005,0.026996148750185966,0.04712711647152901
js_TE,1,2,0.037830237,0.031875312,0.024705152958631516,0.044456515461206436
js_TE,1,3,0.052716345,0.045273956,0.03468111902475357,0.06233551725745201
js_TE,1,4,0.060366977,0.057641316,0.04705221951007843,0.07050056755542755
js_TE,1,5,0.031744838,0.0277333,0.021890731528401375,0.03583189472556114
js_TE,1,6,0.032365374,0.029241104,0.023749759420752525,0.03724716603755951
js_TE,1,7,0.032531317,0.03063121,0.0250523891299963,0.03760585933923721
js_TE,1,8,0.041179977,0.035960298,0.029558049514889717,0.04466690868139267
js_TE,1,9,0.02853203,0.025677966,0.019884034991264343,0.033374253660440445
js_TE,1,10,0.029529626,0.025904885,0.019585756585001945,0.03404053673148155
js_TE,1,11,0.03479617,0.031912036,0.026444341987371445,0.039093222469091415
js_TE,1,12,0.03438682,0.03066158,0.024450907483696938,0.039199281483888626
js_TE,1,13,0.037154637,0.033543408,0.02684115432202816,0.04258333519101143
js_TE,1,14,0.03320841,0.030453846,0.024943895637989044,0.037368886172771454
js_TE,1,15,0.03707675,0.032816492,0.026337217539548874,0.04221012443304062
js_TE,1,16,0.0422549,0.038504418,0.031215129420161247,0.047400880604982376
js_TE,1,17,0.03665775,0.032332473,0.025355679914355278,0.04130229726433754
js_TE,1,18,0.038038842,0.03462658,0.02847936376929283,0.042744554579257965
js_TE,1,19,0.03356421,0.02982676,0.02351357974112034,0.03794975206255913
js_TE,1,20,0.027664313,0.024068985,0.01881614699959755,0.031293466687202454
js_TE,1,21,0.030719478,0.02734477,0.021009864285588264,0.035496678203344345
js_TE,1,22,0.026964225,0.023709618,0.018087057396769524,0.03131749853491783
js_TE,1,23,0.029276755,0.025821486,0.02008422277867794,0.03422585129737854
js_TE,1,24,0.03967922,0.036282055,0.02849847450852394,0.046596959233284
js_TE,1,25,0.030479893,0.02759586,0.021081315353512764,0.035916708409786224
js_TE,1,26,0.03848194,0.03472383,0.02705167420208454,0.04499852657318115
js_TE,1,27,0.03652294,0.03259783,0.02561766281723976,0.04264051094651222
js_TE,1,28,0.05544466,0.048461966,0.03262508660554886,0.07076460868120193
E_W_evidence_gain,0,1,0.022127736,0.020697622,0.01406670524738729,0.027562791015952826
E_W_evidence_gain,0,2,0.024638757,0.02233743,0.016403287183493376,0.02973610023036599
E_W_evidence_gain,0,3,0.03215784,0.026651705,0.017900880426168442,0.038981915451586246
E_W_evidence_gain,0,4,0.027018981,0.023803819,0.0167524223215878,0.03265457134693861
E_W_evidence_gain,0,5,0.0227256,0.019654008,0.013912020018324256,0.02749266568571329
E_W_evidence_gain,0,6,0.021021737,0.017824596,0.012640747474506497,0.025684827473014593
E_W_evidence_gain,0,7,0.010529192,0.008991468,0.006204590550623834,0.012708557303994894
E_W_evidence_gain,0,8,0.013310976,0.010766711,0.007794898469001055,0.016296538058668375
E_W_evidence_gain,0,9,0.029152881,0.026617453,0.01844943966716528,0.0378759503364563
E_W_evidence_gain,0,10,0.046443626,0.035945963,0.01913701044395566,0.06279449909925461
E_W_evidence_gain,0,11,0.020361673,0.01681819,0.010891569778323174,0.025761619210243225
E_W_evidence_gain,0,12,0.025101256,0.023613786,0.017332942225039005,0.03153553232550621
E_W_evidence_gain,0,13,0.022399442,0.020476006,0.014136016136035323,0.02838866040110588
E_W_evidence_gain,0,14,0.021586865,0.01914594,0.013394498266279697,0.026347600854933262
E_W_evidence_gain,0,15,0.033559423,0.030039122,0.02119293063879013,0.04385283216834068
E_W_evidence_gain,0,16,0.030840557,0.029405955,0.02035152120515704,0.038673860020935535
E_W_evidence_gain,0,17,0.032584783,0.030850483,0.0243383152410388,0.039719817228615284
E_W_evidence_gain,0,18,0.021623924,0.019735292,0.01429230347275734,0.026231723837554455
E_W_evidence_gain,0,19,0.026540173,0.024581637,0.01792662125080824,0.032624661922454834
E_W_evidence_gain,0,20,0.05142166,0.04950483,0.038085319101810455,0.0614408478140831
E_W_evidence_gain,0,21,0.031474654,0.029047089,0.02173897484317422,0.03915093652904034
E_W_evidence_gain,0,22,0.049368463,0.046234243,0.03586832247674465,0.06000532489269972
E_W_evidence_gain,0,23,0.04351885,0.03613027,0.028318471740931273,0.04860808700323105
E_W_evidence_gain,0,24,0.078480326,0.074241765,0.05344241578131914,0.0960850641131401
E_W_evidence_gain,0,25,0.04054574,0.036245868,0.025522546842694283,0.051062704995274544
E_W_evidence_gain,0,26,0.019366523,0.015580051,0.009673564694821835,0.023438576143234968
E_W_evidence_gain,0,27,0.03220183,0.028300643,0.019217126537114382,0.04058615118265152
E_W_evidence_gain,0,28,0.042325325,0.037088156,0.021548874210566282,0.05511082708835602
E_W_evidence_gain,1,1,0.022714384,0.021015452,0.015375392511487007,0.02776907943189144
E_W_evidence_gain,1,2,0.025108635,0.02299035,0.016513703390955925,0.030951818451285362
E_W_evidence_gain,1,3,0.035972036,0.027670376,0.019139926880598068,0.04310348257422447
E_W_evidence_gain,1,4,0.031701416,0.028340954,0.020516790449619293,0.03818894550204277
E_W_evidence_gain,1,5,0.022965256,0.019165967,0.013083463534712791,0.02823752909898758
E_W_evidence_gain,1,6,0.02280862,0.019247226,0.013040696270763874,0.02925417572259903
E_W_evidence_gain,1,7,0.012559015,0.009830097,0.0067873732186853886,0.014964910224080086
E_W_evidence_gain,1,8,0.014693483,0.011901725,0.008579399436712265,0.017458492890000343
E_W_evidence_gain,1,9,0.03175188,0.028831648,0.02032148651778698,0.04034114629030228
E_W_evidence_gain,1,10,0.04050337,0.028584603,0.012584022246301174,0.0582050122320652
E_W_evidence_gain,1,11,0.023150282,0.019288156,0.01310268696397543,0.028166979551315308
E_W_evidence_gain,1,12,0.029537309,0.027977405,0.019224071875214577,0.03768143057823181
E_W_evidence_gain,1,13,0.027075868,0.025144704,0.016721192747354507,0.034574635326862335
E_W_evidence_gain,1,14,0.021555377,0.019077545,0.01431035716086626,0.026408903300762177
E_W_evidence_gain,1,15,0.03621968,0.0342973,0.023819781839847565,0.045839663594961166
E_W_evidence_gain,1,16,0.030628191,0.028223293,0.019428443163633347,0.03878525644540787
E_W_evidence_gain,1,17,0.034844283,0.033294987,0.025589562952518463,0.04249884933233261
E_W_evidence_gain,1,18,0.021939734,0.019797575,0.014405674301087856,0.026824703440070152
E_W_evidence_gain,1,19,0.025006732,0.021699782,0.014689094386994839,0.0311187244951725
E_W_evidence_gain,1,20,0.055967752,0.053611167,0.04269098863005638,0.06735816597938538
E_W_evidence_gain,1,21,0.044530775,0.039580688,0.02796754240989685,0.055815666913986206
E_W_evidence_gain,1,22,0.04479432,0.042609856,0.03192995488643646,0.054851431399583817
E_W_evidence_gain,1,23,0.04355162,0.03957811,0.02796274982392788,0.05474470555782318
E_W_evidence_gain,1,24,0.07694993,0.07321386,0.04705066978931427,0.10174018889665604
E_W_evidence_gain,1,25,0.041578658,0.03852002,0.027175378054380417,0.05197397246956825
E_W_evidence_gain,1,26,0.032702014,0.02548158,0.015421455726027489,0.0436587780714035
E_W_evidence_gain,1,27,0.03546763,0.03024,0.02049708366394043,0.04511859640479088
E_W_evidence_gain,1,28,0.037348486,0.033328667,0.019822385162115097,0.04923564940690994
E_W_evidence_loss,0,1,0.01585915,0.013543056,0.009946927428245544,0.019028228241950274
E_W_evidence_loss,0,2,0.081810534,0.07435044,0.0543051278218627,0.105060625821352
E_W_evidence_loss,0,3,0.026577594,0.02365455,0.01663536997511983,0.034024775959551334
E_W_evidence_loss,0,4,0.02295038,0.021009661,0.015841308515518904,0.027520349714905024
E_W_evidence_loss,0,5,0.018747894,0.016473414,0.011010026559233665,0.023576345294713974
E_W_evidence_loss,0,6,0.014223163,0.012186856,0.008904723450541496,0.01708632195368409
E_W_evidence_loss,0,7,0.008168714,0.0069819707,0.005057545378804207,0.010003581177443266
E_W_evidence_loss,0,8,0.0061435835,0.005152715,0.0034655366907827556,0.007443720824085176
E_W_evidence_loss,0,9,0.011368206,0.009209658,0.005513197276741266,0.01488929009065032
E_W_evidence_loss,0,10,0.021933498,0.017399749,0.009890243876725435,0.02878436353057623
E_W_evidence_loss,0,11,0.011934531,0.010238,0.007003515376709402,0.014925470110028982
E_W_evidence_loss,0,12,0.007022689,0.006053841,0.003831222653388977,0.008836875669658184
E_W_evidence_loss,0,13,0.010057722,0.00909053,0.006509357946924865,0.012603862211108208
E_W_evidence_loss,0,14,0.007133628,0.006195696,0.004007937270216644,0.008772494969889522
E_W_evidence_loss,0,15,0.013769831,0.011837189,0.007360257557593286,0.017662031576037407
E_W_evidence_loss,0,16,0.013713032,0.011751464,0.008212302811443806,0.017395541537553072
E_W_evidence_loss,0,17,0.0155328065,0.013958296,0.01010705390945077,0.019388297572731972
E_W_evidence_loss,0,18,0.018855397,0.017240185,0.012303216150030494,0.024023291654884815
E_W_evidence_loss,0,19,0.01719166,0.016526897,0.012036438100039959,0.02126601478084922
E_W_evidence_loss,0,20,0.02421919,0.02140154,0.015377080999314785,0.030949536245316267
E_W_evidence_loss,0,21,0.02045425,0.01902407,0.01433085068129003,0.02451848378404975
E_W_evidence_loss,0,22,0.02814663,0.025988325,0.018229729495942593,0.03577392641454935
E_W_evidence_loss,0,23,0.032939114,0.029114548,0.020019146148115396,0.04088996537029743
E_W_evidence_loss,0,24,0.05539112,0.050650015,0.03639464545994997,0.0687607042491436
E_W_evidence_loss,0,25,0.04652204,0.04450881,0.03340700455009937,0.05696425959467888
E_W_evidence_loss,0,26,0.017982638,0.015785571,0.012048503616824746,0.0216775038279593
E_W_evidence_loss,0,27,0.02299434,0.020098789,0.014925268944352865,0.027478587348014116
E_W_evidence_loss,0,28,0.066525064,0.060458023,0.043985772877931595,0.0843304730951786
E_W_evidence_loss,1,1,0.014742784,0.012183165,0.00851068738847971,0.017385130748152733
E_W_evidence_loss,1,2,0.09016526,0.085046224,0.060685671865940094,0.11585081368684769
E_W_evidence_loss,1,3,0.027160618,0.023976076,0.016921937465667725,0.034337230026721954
E_W_evidence_loss,1,4,0.022780681,0.020905558,0.016313668340444565,0.026528501883149147
E_W_evidence_loss,1,5,0.018463552,0.01579744,0.010772536508738995,0.022553645074367523
E_W_evidence_loss,1,6,0.0146322,0.012860238,0.009250273928046227,0.017626453191041946
E_W_evidence_loss,1,7,0.008142241,0.007295259,0.005425937939435244,0.009842955507338047
E_W_evidence_loss,1,8,0.006260421,0.005114459,0.0035046888515353203,0.00750713748857379
E_W_evidence_loss,1,9,0.010213402,0.007702327,0.004696743097156286,0.013045496307313442
E_W_evidence_loss,1,10,0.017600562,0.012197485,0.006131399422883987,0.023440320044755936
E_W_evidence_loss,1,11,0.01120911,0.009267485,0.006098839920014143,0.013981027528643608
E_W_evidence_loss,1,12,0.007580929,0.0063561127,0.004125987179577351,0.009785804897546768
E_W_evidence_loss,1,13,0.009076682,0.007876661,0.005496419966220856,0.011355424299836159
E_W_evidence_loss,1,14,0.0070056324,0.0058948076,0.003802182385697961,0.008975706994533539
E_W_evidence_loss,1,15,0.011829961,0.009820131,0.006410590372979641,0.014946273528039455
E_W_evidence_loss,1,16,0.011735159,0.009384669,0.005893787834793329,0.015004601329565048
E_W_evidence_loss,1,17,0.013728186,0.012200555,0.008561527356505394,0.01720578595995903
E_W_evidence_loss,1,18,0.016518585,0.015164705,0.010059090331196785,0.02155858837068081
E_W_evidence_loss,1,19,0.015418739,0.0141996965,0.010437182150781155,0.019047345966100693
E_W_evidence_loss,1,20,0.023172976,0.020785954,0.014269063249230385,0.029529131948947906
E_W_evidence_loss,1,21,0.021421613,0.019605335,0.014522911980748177,0.026755958795547485
E_W_evidence_loss,1,22,0.021845378,0.01924988,0.012140030041337013,0.028821207582950592
E_W_evidence_loss,1,23,0.027596196,0.023772767,0.01589927263557911,0.035136327147483826
E_W_evidence_loss,1,24,0.055281468,0.050492905,0.034816961735486984,0.07047073543071747
E_W_evidence_loss,1,25,0.042889394,0.041528564,0.03033144399523735,0.05400313809514046
E_W_evidence_loss,1,26,0.020863963,0.017903948,0.012876988388597965,0.02582758665084839
E_W_evidence_loss,1,27,0.022055697,0.019067004,0.013239937834441662,0.027283817529678345
E_W_evidence_loss,1,28,0.062423993,0.057763267,0.04183186963200569,0.07914558798074722
C_W_evidence_gain,0,1,0.022709306,0.018216753,0.013798123691231012,0.02794404560700059
C_W_evidence_gain,0,2,0.06072798,0.059518762,0.04295412451028824,0.0757850930094719
C_W_evidence_gain,0,3,0.029367285,0.026316259,0.019353199750185013,0.03661502618342638
C_W_evidence_gain,0,4,0.025512913,0.023461781,0.017176839988678694,0.030937588308006525
C_W_evidence_gain,0,5,0.02193315,0.02035249,0.015130854677408934,0.027613263111561537
C_W_evidence_gain,0,6,0.025705706,0.023139834,0.015741856768727303,0.03335626982152462
C_W_evidence_gain,0,7,0.008092267,0.007138723,0.005119728273712099,0.010083276545628905
C_W_evidence_gain,0,8,0.014609671,0.012788428,0.009206590708345175,0.01822486286982894
C_W_evidence_gain,0,9,0.03135417,0.02833845,0.01907659787684679,0.04132688883692026
C_W_evidence_gain,0,10,0.023307929,0.016257148,0.009462268091738224,0.029377770144492388
C_W_evidence_gain,0,11,0.019967947,0.017187916,0.01150108128786087,0.025660162791609764
C_W_evidence_gain,0,12,0.025871405,0.024733167,0.018025054596364498,0.03219590708613396
C_W_evidence_gain,0,13,0.02245856,0.020566756,0.014009909005835652,0.029079684056341648
C_W_evidence_gain,0,14,0.02050813,0.018221695,0.01371638709679246,0.02490584598854184
C_W_evidence_gain,0,15,0.048369665,0.042423986,0.026087372098118067,0.06541558541357517
C_W_evidence_gain,0,16,0.027870895,0.025813919,0.017926791217178106,0.0356311434879899
C_W_evidence_gain,0,17,0.034801688,0.031611785,0.02390359528362751,0.042907160706818104
C_W_evidence_gain,0,18,0.02103244,0.018965827,0.01418017316609621,0.02527630841359496
C_W_evidence_gain,0,19,0.02664967,0.024639767,0.01732125971466303,0.03341217990964651
C_W_evidence_gain,0,20,0.050715346,0.046800468,0.03576022479683161,0.06157410144805908
C_W_evidence_gain,0,21,0.030409535,0.02805274,0.019870920106768608,0.03857566136866808
C_W_evidence_gain,0,22,0.053085465,0.050004657,0.0381854772567749,0.06370737962424755
C_W_evidence_gain,0,23,0.040647484,0.035506416,0.026545369997620583,0.049061781726777554
C_W_evidence_gain,0,24,0.070904255,0.06617277,0.045853521674871445,0.08808214589953423
C_W_evidence_gain,0,25,0.039223883,0.035566993,0.024679032620042562,0.050459371879696846
C_W_evidence_gain,0,26,0.017906059,0.013894485,0.008790276013314724,0.02160825440660119
C_W_evidence_gain,0,27,0.0358692,0.030795269,0.021023642271757126,0.04587445501238108
C_W_evidence_gain,0,28,0.045452613,0.04018745,0.0239404309540987,0.05931736994534731
C_W_evidence_gain,1,1,0.024032434,0.018923014,0.014561593532562256,0.027989495545625687
C_W_evidence_gain,1,2,0.05935924,0.05678663,0.04191094636917114,0.07401600480079651
C_W_evidence_gain,1,3,0.033151824,0.029054899,0.021071890369057655,0.04012946039438248
C_W_evidence_gain,1,4,0.029682135,0.02683118,0.019615953788161278,0.03659817948937416
C_W_evidence_gain,1,5,0.022574574,0.021397026,0.01599411852657795,0.02765442430973053
C_W_evidence_gain,1,6,0.028758548,0.025865745,0.016980798915028572,0.03853341564536095
C_W_evidence_gain,1,7,0.008932298,0.007344293,0.005186494905501604,0.010707221925258636
C_W_evidence_gain,1,8,0.016891701,0.014630841,0.010662896558642387,0.020573412999510765
C_W_evidence_gain,1,9,0.03465479,0.031198828,0.021691612899303436,0.04430573433637619
C_W_evidence_gain,1,10,0.022337334,0.015319403,0.008780136704444885,0.029339708387851715
C_W_evidence_gain,1,11,0.023196539,0.020530362,0.013830247335135937,0.029129046946763992
C_W_evidence_gain,1,12,0.03053272,0.028638074,0.01978430151939392,0.039496198296546936
C_W_evidence_gain,1,13,0.026838955,0.025329586,0.016230184584856033,0.03527345135807991
C_W_evidence_gain,1,14,0.020222785,0.018777415,0.01442630123347044,0.024522284045815468
C_W_evidence_gain,1,15,0.047991455,0.04315092,0.028000008314847946,0.06388098746538162
C_W_evidence_gain,1,16,0.028107822,0.025291588,0.017378130927681923,0.03565298393368721
C_W_evidence_gain,1,17,0.037361305,0.035017043,0.02622353658080101,0.04620739445090294
C_W_evidence_gain,1,18,0.021716105,0.019258788,0.013987046666443348,0.0262540802359581
C_W_evidence_gain,1,19,0.025574574,0.021694345,0.014544042758643627,0.031416747719049454
C_W_evidence_gain,1,20,0.055045173,0.05143392,0.0399058572947979,0.06736362725496292
C_W_evidence_gain,1,21,0.045698076,0.04043913,0.027362948283553123,0.05881926417350769
C_W_evidence_gain,1,22,0.04871162,0.046954527,0.03477977216243744,0.060201048851013184
C_W_evidence_gain,1,23,0.04257352,0.038754396,0.026837531477212906,0.05412759631872177
C_W_evidence_gain,1,24,0.07008868,0.0661659,0.04093766584992409,0.0940580666065216
C_W_evidence_gain,1,25,0.03954687,0.036617514,0.02562658302485943,0.050118058919906616
C_W_evidence_gain,1,26,0.029957375,0.02451343,0.015150158666074276,0.03973190858960152
C_W_evidence_gain,1,27,0.039783467,0.032810815,0.021315496414899826,0.05123100429773331
C_W_evidence_gain,1,28,0.038071577,0.03481168,0.020066428929567337,0.0510733425617218
C_W_evidence_loss,0,1,0.02969594,0.024744483,0.018740514293313026,0.0372621500864625
C_W_evidence_loss,0,2,0.066215105,0.06020493,0.04366334527730942,0.08369077742099762
C_W_evidence_loss,0,3,0.015462494,0.013653439,0.009983834810554981,0.019088081549853086
C_W_evidence_loss,0,4,0.02217673,0.021109361,0.01613054471090436,0.026585643645375967
C_W_evidence_loss,0,5,0.016413052,0.0134164,0.009049511747434735,0.020094407256692648
C_W_evidence_loss,0,6,0.01387854,0.012363422,0.009203991619870067,0.017012919299304485
C_W_evidence_loss,0,7,0.008007199,0.007337599,0.005441582528874278,0.009886015206575394
C_W_evidence_loss,0,8,0.006316392,0.0054729106,0.0037964056245982647,0.0074966405518352985
C_W_evidence_loss,0,9,0.011229547,0.009289823,0.005524392006918788,0.01471984013915062
C_W_evidence_loss,0,10,0.01104468,0.008277686,0.004973252187483013,0.014386312803253531
C_W_evidence_loss,0,11,0.012167851,0.010667242,0.007388755679130554,0.015504489187151194
C_W_evidence_loss,0,12,0.0072989203,0.0061948886,0.004035837831906974,0.00936528923921287
C_W_evidence_loss,0,13,0.00924832,0.008472337,0.005829664412885904,0.011640440206974745
C_W_evidence_loss,0,14,0.0066802283,0.005547151,0.0036779813235625625,0.008174865506589413
C_W_evidence_loss,0,15,0.018276533,0.014041227,0.008020401932299137,0.024098900146782398
C_W_evidence_loss,0,16,0.012718529,0.011094883,0.007958232657983899,0.01567122619599104
C_W_evidence_loss,0,17,0.016328659,0.014201093,0.010254664812237024,0.02034018887206912
C_W_evidence_loss,0,18,0.01881231,0.01729174,0.012349224416539073,0.02373351762071252
C_W_evidence_loss,0,19,0.015866738,0.014797825,0.010953953489661217,0.019497542642056942
C_W_evidence_loss,0,20,0.02360915,0.02023482,0.01405503274872899,0.03023860603570938
C_W_evidence_loss,0,21,0.020062778,0.018948698,0.013716156128793955,0.024568171240389347
C_W_evidence_loss,0,22,0.02789343,0.025775146,0.01763845467939973,0.035671187564730644
C_W_evidence_loss,0,23,0.030775618,0.02760505,0.019991095643490553,0.03861835319548845
C_W_evidence_loss,0,24,0.049370576,0.045574665,0.03131387010216713,0.060941487550735474
C_W_evidence_loss,0,25,0.043330524,0.04200878,0.0313788577914238,0.053161412477493286
C_W_evidence_loss,0,26,0.017942302,0.0154755525,0.011425849283114076,0.02195964613929391
C_W_evidence_loss,0,27,0.02570284,0.021868914,0.015912012197077274,0.03101660031825304
C_W_evidence_loss,0,28,0.07232277,0.06677799,0.051893895491957664,0.088256711140275
C_W_evidence_loss,1,1,0.029850714,0.023782592,0.01738135702908039,0.03621911257505417
C_W_evidence_loss,1,2,0.06694966,0.0614709,0.04444821923971176,0.08436987549066544
C_W_evidence_loss,1,3,0.016111827,0.014138477,0.009965725243091583,0.02001062221825123
C_W_evidence_loss,1,4,0.021966906,0.020813731,0.016196582466363907,0.02643781527876854
C_W_evidence_loss,1,5,0.015041694,0.012428931,0.00832979753613472,0.018824409693479538
C_W_evidence_loss,1,6,0.014150107,0.012611903,0.009313750080764294,0.017263829708099365
C_W_evidence_loss,1,7,0.007783957,0.0072737555,0.005508941598236561,0.009353667497634888
C_W_evidence_loss,1,8,0.006746089,0.005719743,0.0038114413619041443,0.008355524390935898
C_W_evidence_loss,1,9,0.010085782,0.0076771677,0.004623017739504576,0.01291896402835846
C_W_evidence_loss,1,10,0.009794433,0.0069591384,0.0041390275582671165,0.012230152264237404
C_W_evidence_loss,1,11,0.011364571,0.0098052835,0.006634670775383711,0.014366577379405499
C_W_evidence_loss,1,12,0.0076389937,0.0065688677,0.004275710321962833,0.009894652292132378
C_W_evidence_loss,1,13,0.008323779,0.007256668,0.005048074759542942,0.010495150461792946
C_W_evidence_loss,1,14,0.0063839923,0.005279861,0.0033713518641889095,0.008110207505524158
C_W_evidence_loss,1,15,0.014979013,0.011073827,0.00680550979450345,0.018988506868481636
C_W_evidence_loss,1,16,0.011017706,0.008887308,0.005581778008490801,0.01404530368745327
C_W_evidence_loss,1,17,0.014370098,0.012395024,0.008580002933740616,0.01796950399875641
C_W_evidence_loss,1,18,0.016737485,0.015450903,0.01029740646481514,0.021719973534345627
C_W_evidence_loss,1,19,0.014387534,0.0130101275,0.009492659009993076,0.017689784988760948
C_W_evidence_loss,1,20,0.022526806,0.019613862,0.013150237500667572,0.02897498570382595
C_W_evidence_loss,1,21,0.02180124,0.019913211,0.01438148319721222,0.027476392686367035
C_W_evidence_loss,1,22,0.021942865,0.019394793,0.012233156710863113,0.02909211814403534
C_W_evidence_loss,1,23,0.02716751,0.023500565,0.015735942870378494,0.034477896988391876
C_W_evidence_loss,1,24,0.04988841,0.045040157,0.030867334455251694,0.06382234394550323
C_W_evidence_loss,1,25,0.03964095,0.03840448,0.028404034674167633,0.0493738017976284
C_W_evidence_loss,1,26,0.019739365,0.01723389,0.012510592117905617,0.02427511475980282
C_W_evidence_loss,1,27,0.024844116,0.020894162,0.014106353744864464,0.031182022765278816
C_W_evidence_loss,1,28,0.066186845,0.061886784,0.04697531461715698,0.0816185474395752
C_N_evidence_gain,0,1,0.019805308,0.017747596,0.013360378798097372,0.023029263131320477
C_N_evidence_gain,0,2,0.056098394,0.055529974,0.04148671682924032,0.06910369731485844
C_N_evidence_gain,0,3,0.0316658,0.02824364,0.018466529436409473,0.03918225970119238
C_N_evidence_gain,0,4,0.021243978,0.01877714,0.012914669699966908,0.026452431920915842
C_N_evidence_gain,0,5,0.018214539,0.01694436,0.011780001921579242,0.022661935072392225
C_N_evidence_gain,0,6,0.02294462,0.020437587,0.013552046846598387,0.029751969501376152
C_N_evidence_gain,0,7,0.0070196046,0.0058515053,0.004169812542386353,0.008504626573994756
C_N_evidence_gain,0,8,0.011619666,0.009670492,0.006668256944976747,0.014682147419080138
C_N_evidence_gain,0,9,0.027135907,0.023982063,0.015859960112720728,0.03534642327576876
C_N_evidence_gain,0,10,0.022551026,0.015425042,0.009289577603340149,0.02867196314036846
C_N_evidence_gain,0,11,0.012122313,0.009715571,0.006459263386204839,0.015103882178664207
C_N_evidence_gain,0,12,0.022409951,0.02086677,0.014608390862122178,0.02847603289410472
C_N_evidence_gain,0,13,0.02050787,0.018806007,0.013071382883936167,0.02634289162233472
C_N_evidence_gain,0,14,0.02101404,0.018899554,0.014045703457668424,0.02560208411887288
C_N_evidence_gain,0,15,0.043736186,0.037649114,0.022012859582901,0.059746562503278255
C_N_evidence_gain,0,16,0.02412156,0.021430548,0.014580248855054379,0.030861543491482735
C_N_evidence_gain,0,17,0.029712778,0.0269728,0.020048382692039013,0.036713932640850544
C_N_evidence_gain,0,18,0.015397466,0.01301017,0.009840767830610275,0.018797673285007477
C_N_evidence_gain,0,19,0.019606717,0.017183008,0.012128063943237066,0.02444687206298113
C_N_evidence_gain,0,20,0.03641717,0.032979373,0.024750227574259043,0.04477816540747881
C_N_evidence_gain,0,21,0.025332073,0.022966173,0.016438647639006376,0.031822930090129375
C_N_evidence_gain,0,22,0.051073078,0.048165403,0.0370056526735425,0.061730402521789074
C_N_evidence_gain,0,23,0.040010143,0.035054848,0.02645723009482026,0.04775734804570675
C_N_evidence_gain,0,24,0.070421636,0.06608818,0.04518175031989813,0.08788977563381195
C_N_evidence_gain,0,25,0.038652986,0.03498435,0.024419025518000126,0.049285837449133396
C_N_evidence_gain,0,26,0.020409413,0.016237456,0.010340784443542361,0.025583688635379076
C_N_evidence_gain,0,27,0.03574851,0.03070973,0.021184347569942474,0.04552313219755888
C_N_evidence_gain,0,28,0.039934237,0.035079665,0.019433888141065836,0.052786946296691895
C_N_evidence_gain,1,1,0.021232279,0.018225946,0.01433856412768364,0.02361108548939228
C_N_evidence_gain,1,2,0.054244053,0.052561145,0.03949708119034767,0.06724601984024048
C_N_evidence_gain,1,3,0.03502479,0.029420743,0.021101463586091995,0.040707074105739594
C_N_evidence_gain,1,4,0.024223078,0.020769235,0.014104052446782589,0.030205095186829567
C_N_evidence_gain,1,5,0.02011995,0.019129526,0.013910569250583649,0.025303903967142105
C_N_evidence_gain,1,6,0.025498176,0.022294583,0.014709226787090302,0.034249018877744675
C_N_evidence_gain,1,7,0.007810256,0.006364458,0.004437859170138836,0.00931345671415329
C_N_evidence_gain,1,8,0.013558573,0.011279792,0.00793549045920372,0.016407709568738937
C_N_evidence_gain,1,9,0.03023036,0.026060965,0.017765702679753304,0.0388977974653244
C_N_evidence_gain,1,10,0.022332806,0.0154877985,0.009206890128552914,0.029131917282938957
C_N_evidence_gain,1,11,0.014160838,0.011675557,0.007642331533133984,0.017542626708745956
C_N_evidence_gain,1,12,0.026153913,0.024659345,0.01602260023355484,0.03457803651690483
C_N_evidence_gain,1,13,0.02365074,0.022001926,0.013755529187619686,0.03146630898118019
C_N_evidence_gain,1,14,0.019823642,0.018245893,0.013994669541716576,0.023936450481414795
C_N_evidence_gain,1,15,0.042303283,0.03663524,0.0230875201523304,0.05701278895139694
C_N_evidence_gain,1,16,0.02440983,0.02084644,0.013712139800190926,0.030977623537182808
C_N_evidence_gain,1,17,0.031564232,0.029258778,0.021961450576782227,0.03916560858488083
C_N_evidence_gain,1,18,0.0152249,0.012895777,0.00921278540045023,0.018431488424539566
C_N_evidence_gain,1,19,0.01943731,0.015510568,0.009947620332241058,0.02382803149521351
C_N_evidence_gain,1,20,0.039217148,0.036019493,0.027085712179541588,0.04840046912431717
C_N_evidence_gain,1,21,0.038991883,0.033135235,0.021678753197193146,0.05101655796170235
C_N_evidence_gain,1,22,0.04629412,0.044560138,0.03202906996011734,0.057996056973934174
C_N_evidence_gain,1,23,0.039825834,0.035887506,0.02503209002315998,0.05028948187828064
C_N_evidence_gain,1,24,0.06957412,0.065757945,0.040640950202941895,0.09351158142089844
C_N_evidence_gain,1,25,0.039243426,0.036261722,0.02542911469936371,0.04979969188570976
C_N_evidence_gain,1,26,0.032626554,0.02800926,0.017727728933095932,0.04287783429026604
C_N_evidence_gain,1,27,0.039840955,0.032943223,0.021509120240807533,0.05099330097436905
C_N_evidence_gain,1,28,0.03341686,0.029991644,0.015377486124634743,0.04546268656849861
C_N_evidence_loss,0,1,0.01974029,0.015841758,0.012426582863554358,0.022982759401202202
C_N_evidence_loss,0,2,0.069886796,0.06505395,0.04750655498355627,0.08889946341514587
C_N_evidence_loss,0,3,0.02439455,0.02220664,0.01604499388486147,0.029563567601144314
C_N_evidence_loss,0,4,0.01611227,0.015288103,0.011857705190777779,0.019141950644552708
C_N_evidence_loss,0,5,0.016466536,0.015168378,0.011077556991949677,0.02076790202409029
C_N_evidence_loss,0,6,0.011597943,0.010435606,0.00797369796782732,0.01394221349619329
C_N_evidence_loss,0,7,0.0084352065,0.007489743,0.005564121529459953,0.01028448692522943
C_N_evidence_loss,0,8,0.0055807373,0.0047030943,0.0032586221350356936,0.006600127671845257
C_N_evidence_loss,0,9,0.010111879,0.008166574,0.004722619662061334,0.013453427935019135
C_N_evidence_loss,0,10,0.012230706,0.009403557,0.006393326912075281,0.015236302744597197
C_N_evidence_loss,0,11,0.009264631,0.007876646,0.0054170634830370545,0.011216099839657545
C_N_evidence_loss,0,12,0.00776931,0.006771542,0.004320554551668465,0.009926898637786508
C_N_evidence_loss,0,13,0.008525643,0.00773077,0.0054768105037510395,0.010712650138884783
C_N_evidence_loss,0,14,0.007427983,0.006247646,0.004152392502874136,0.009265981614589691
C_N_evidence_loss,0,15,0.017204901,0.012943023,0.0077317277900874615,0.02230288740247488
C_N_evidence_loss,0,16,0.010133872,0.008618489,0.0060292137786746025,0.012337093474343419
C_N_evidence_loss,0,17,0.013996286,0.012292704,0.008975432487204671,0.017072919756174088
C_N_evidence_loss,0,18,0.012923626,0.011515659,0.00855325092561543,0.015783135313540697
C_N_evidence_loss,0,19,0.013292915,0.012523064,0.009099787101149559,0.016335791442543268
C_N_evidence_loss,0,20,0.019440355,0.016892485,0.011586172971874475,0.02435272140428424
C_N_evidence_loss,0,21,0.017626034,0.016663667,0.012503676116466522,0.021372055634856224
C_N_evidence_loss,0,22,0.024969365,0.022561437,0.01583046419546008,0.03155124373733997
C_N_evidence_loss,0,23,0.029984595,0.026959158,0.019288428127765656,0.03732920065522194
C_N_evidence_loss,0,24,0.049311623,0.045054078,0.03144670929759741,0.06058976426720619
C_N_evidence_loss,0,25,0.044418644,0.042778708,0.03247111476957798,0.054606758058071136
C_N_evidence_loss,0,26,0.018646209,0.016318647,0.012066858354955912,0.02282085781916976
C_N_evidence_loss,0,27,0.026105637,0.022618912,0.016615658067166805,0.03162388876080513
C_N_evidence_loss,0,28,0.076559216,0.068517916,0.050264857709407806,0.0971267819404602
C_N_evidence_loss,1,1,0.02029096,0.01535692,0.011347762309014797,0.023002542555332184
C_N_evidence_loss,1,2,0.07204812,0.06772464,0.050477273762226105,0.09003941714763641
C_N_evidence_loss,1,3,0.024086773,0.02140794,0.015562200918793678,0.029991941526532173
C_N_evidence_loss,1,4,0.016730515,0.015794016,0.012482487596571445,0.019830334931612015
C_N_evidence_loss,1,5,0.014012136,0.012659739,0.009165351279079914,0.017457012087106705
C_N_evidence_loss,1,6,0.011696976,0.010601312,0.007781867869198322,0.014280109666287899
C_N_evidence_loss,1,7,0.0077436194,0.0070855953,0.005302555859088898,0.009350135922431946
C_N_evidence_loss,1,8,0.005698567,0.004658066,0.0031832505483180285,0.006912798620760441
C_N_evidence_loss,1,9,0.009237993,0.0067597,0.003988204523921013,0.011900966055691242
C_N_evidence_loss,1,10,0.010958787,0.008389581,0.0053951917216181755,0.013403176330029964
C_N_evidence_loss,1,11,0.009328093,0.008034592,0.005425442475825548,0.011734692379832268
C_N_evidence_loss,1,12,0.008007582,0.0071275164,0.004702234175056219,0.010260116308927536
C_N_evidence_loss,1,13,0.0077608395,0.0068237563,0.004711792338639498,0.009744841605424881
C_N_evidence_loss,1,14,0.0071288147,0.006107429,0.003900841809809208,0.009147311560809612
C_N_evidence_loss,1,15,0.013993018,0.010209147,0.006217622198164463,0.017595350742340088
C_N_evidence_loss,1,16,0.009100135,0.0072701313,0.0048521533608436584,0.011200271546840668
C_N_evidence_loss,1,17,0.011909697,0.010208897,0.006947127636522055,0.0149535546079278
C_N_evidence_loss,1,18,0.010969786,0.009768784,0.0067307292483747005,0.014081302098929882
C_N_evidence_loss,1,19,0.012475267,0.011202691,0.008175652474164963,0.015242921188473701
C_N_evidence_loss,1,20,0.018024473,0.015892154,0.010493858717381954,0.023083800449967384
C_N_evidence_loss,1,21,0.019749437,0.017791795,0.012789523229002953,0.02483280375599861
C_N_evidence_loss,1,22,0.0200264,0.017704196,0.01166743878275156,0.025784732773900032
C_N_evidence_loss,1,23,0.025931139,0.022248972,0.014912331476807594,0.03287734091281891
C_N_evidence_loss,1,24,0.049382977,0.04442324,0.03030921332538128,0.063138946890831
C_N_evidence_loss,1,25,0.04021983,0.03899508,0.02875012718141079,0.050124477595090866
C_N_evidence_loss,1,26,0.02075105,0.018442608,0.013234191574156284,0.02568388730287552
C_N_evidence_loss,1,27,0.025188828,0.021286182,0.014523795805871487,0.0314689502120018
C_N_evidence_loss,1,28,0.0711255,0.06456688,0.046357013285160065,0.09067165106534958
