model,split,metric,region,label,n,layer,mean,median,q25,q75
qwen2_5_vl_7b,train,raw_attention,BOS,0,733,1,0.0,0.0,0.0,0.0
qwen2_5_vl_7b,train,raw_attention,BOS,0,733,2,0.0,0.0,0.0,0.0
qwen2_5_vl_7b,train,raw_attention,BOS,0,733,3,0.0,0.0,0.0,0.0
qwen2_5_vl_7b,train,raw_attention,BOS,0,733,4,0.0,0.0,0.0,0.0
qwen2_5_vl_7b,train,raw_attention,BOS,0,733,5,0.0,0.0,0.0,0.0
qwen2_5_vl_7b,train,raw_attention,BOS,0,733,6,0.0,0.0,0.0,0.0
qwen2_5_vl_7b,train,raw_attention,BOS,0,733,7,0.0,0.0,0.0,0.0
qwen2_5_vl_7b,train,raw_attention,BOS,0,733,8,0.0,0.0,0.0,0.0
qwen2_5_vl_7b,train,raw_attention,BOS,0,733,9,0.0,0.0,0.0,0.0
qwen2_5_vl_7b,train,raw_attention,BOS,0,733,10,0.0,0.0,0.0,0.0
qwen2_5_vl_7b,train,raw_attention,BOS,0,733,11,0.0,0.0,0.0,0.0
qwen2_5_vl_7b,train,raw_attention,BOS,0,733,12,0.0,0.0,0.0,0.0
qwen2_5_vl_7b,train,raw_attention,BOS,0,733,13,0.0,0.0,0.0,0.0
qwen2_5_vl_7b,train,raw_attention,BOS,0,733,14,0.0,0.0,0.0,0.0
qwen2_5_vl_7b,train,raw_attention,BOS,0,733,15,0.0,0.0,0.0,0.0
qwen2_5_vl_7b,train,raw_attention,BOS,0,733,16,0.0,0.0,0.0,0.0
qwen2_5_vl_7b,train,raw_attention,BOS,0,733,17,0.0,0.0,0.0,0.0
qwen2_5_vl_7b,train,raw_attention,BOS,0,733,18,0.0,0.0,0.0,0.0
qwen2_5_vl_7b,train,raw_attention,BOS,0,733,19,0.0,0.0,0.0,0.0
qwen2_5_vl_7b,train,raw_attention,BOS,0,733,20,0.0,0.0,0.0,0.0
qwen2_5_vl_7b,train,raw_attention,BOS,0,733,21,0.0,0.0,0.0,0.0
qwen2_5_vl_7b,train,raw_attention,BOS,0,733,22,0.0,0.0,0.0,0.0
qwen2_5_vl_7b,train,raw_attention,BOS,0,733,23,0.0,0.0,0.0,0.0
qwen2_5_vl_7b,train,raw_attention,BOS,0,733,24,0.0,0.0,0.0,0.0
qwen2_5_vl_7b,train,raw_attention,BOS,0,733,25,0.0,0.0,0.0,0.0
qwen2_5_vl_7b,train,raw_attention,BOS,0,733,26,0.0,0.0,0.0,0.0
qwen2_5_vl_7b,train,raw_attention,BOS,0,733,27,0.0,0.0,0.0,0.0
qwen2_5_vl_7b,train,raw_attention,BOS,0,733,28,0.0,0.0,0.0,0.0
qwen2_5_vl_7b,train,raw_attention,BOS,1,6252,1,0.0,0.0,0.0,0.0
qwen2_5_vl_7b,train,raw_attention,BOS,1,6252,2,0.0,0.0,0.0,0.0
qwen2_5_vl_7b,train,raw_attention,BOS,1,6252,3,0.0,0.0,0.0,0.0
qwen2_5_vl_7b,train,raw_attention,BOS,1,6252,4,0.0,0.0,0.0,0.0
qwen2_5_vl_7b,train,raw_attention,BOS,1,6252,5,0.0,0.0,0.0,0.0
qwen2_5_vl_7b,train,raw_attention,BOS,1,6252,6,0.0,0.0,0.0,0.0
qwen2_5_vl_7b,train,raw_attention,BOS,1,6252,7,0.0,0.0,0.0,0.0
qwen2_5_vl_7b,train,raw_attention,BOS,1,6252,8,0.0,0.0,0.0,0.0
qwen2_5_vl_7b,train,raw_attention,BOS,1,6252,9,0.0,0.0,0.0,0.0
qwen2_5_vl_7b,train,raw_attention,BOS,1,6252,10,0.0,0.0,0.0,0.0
qwen2_5_vl_7b,train,raw_attention,BOS,1,6252,11,0.0,0.0,0.0,0.0
qwen2_5_vl_7b,train,raw_attention,BOS,1,6252,12,0.0,0.0,0.0,0.0
qwen2_5_vl_7b,train,raw_attention,BOS,1,6252,13,0.0,0.0,0.0,0.0
qwen2_5_vl_7b,train,raw_attention,BOS,1,6252,14,0.0,0.0,0.0,0.0
qwen2_5_vl_7b,train,raw_attention,BOS,1,6252,15,0.0,0.0,0.0,0.0
qwen2_5_vl_7b,train,raw_attention,BOS,1,6252,16,0.0,0.0,0.0,0.0
qwen2_5_vl_7b,train,raw_attention,BOS,1,6252,17,0.0,0.0,0.0,0.0
qwen2_5_vl_7b,train,raw_attention,BOS,1,6252,18,0.0,0.0,0.0,0.0
qwen2_5_vl_7b,train,raw_attention,BOS,1,6252,19,0.0,0.0,0.0,0.0
qwen2_5_vl_7b,train,raw_attention,BOS,1,6252,20,0.0,0.0,0.0,0.0
qwen2_5_vl_7b,train,raw_attention,BOS,1,6252,21,0.0,0.0,0.0,0.0
qwen2_5_vl_7b,train,raw_attention,BOS,1,6252,22,0.0,0.0,0.0,0.0
qwen2_5_vl_7b,train,raw_attention,BOS,1,6252,23,0.0,0.0,0.0,0.0
qwen2_5_vl_7b,train,raw_attention,BOS,1,6252,24,0.0,0.0,0.0,0.0
qwen2_5_vl_7b,train,raw_attention,BOS,1,6252,25,0.0,0.0,0.0,0.0
qwen2_5_vl_7b,train,raw_attention,BOS,1,6252,26,0.0,0.0,0.0,0.0
qwen2_5_vl_7b,train,raw_attention,BOS,1,6252,27,0.0,0.0,0.0,0.0
qwen2_5_vl_7b,train,raw_attention,BOS,1,6252,28,0.0,0.0,0.0,0.0
qwen2_5_vl_7b,train,raw_attention,visual,0,733,1,0.03009620998219916,0.026650773361325264,0.01993839628994465,0.03731537237763405
qwen2_5_vl_7b,train,raw_attention,visual,0,733,2,0.02755024832499304,0.024846216663718224,0.019363105297088623,0.03360437601804733
qwen2_5_vl_7b,train,raw_attention,visual,0,733,3,0.025230076424472572,0.02279105968773365,0.0184821467846632,0.03035520389676094
qwen2_5_vl_7b,train,raw_attention,visual,0,733,4,0.0306899914089819,0.025743592530488968,0.01873123086988926,0.0364156998693943
qwen2_5_vl_7b,train,raw_attention,visual,0,733,5,0.01744284847304022,0.013537535443902016,0.009603303857147694,0.02184830978512764
qwen2_5_vl_7b,train,raw_attention,visual,0,733,6,0.03988966016901853,0.03331352025270462,0.022822368890047073,0.05166420340538025
qwen2_5_vl_7b,train,raw_attention,visual,0,733,7,0.02004628368662251,0.017884017899632454,0.012723066844046116,0.024997355416417122
qwen2_5_vl_7b,train,raw_attention,visual,0,733,8,0.0484375072526269,0.04180607944726944,0.02774975821375847,0.06451790034770966
qwen2_5_vl_7b,train,raw_attention,visual,0,733,9,0.10589869906249143,0.09201010316610336,0.062218863517045975,0.14225690066814423
qwen2_5_vl_7b,train,raw_attention,visual,0,733,10,0.12433452190676295,0.12112578004598618,0.09316748380661011,0.15363658964633942
qwen2_5_vl_7b,train,raw_attention,visual,0,733,11,0.06492269752956266,0.06269676983356476,0.05005084350705147,0.07805168628692627
qwen2_5_vl_7b,train,raw_attention,visual,0,733,12,0.11278228540517299,0.11438094079494476,0.08387754112482071,0.14041700959205627
qwen2_5_vl_7b,train,raw_attention,visual,0,733,13,0.1278883206949024,0.12895704805850983,0.09948623180389404,0.158446803689003
qwen2_5_vl_7b,train,raw_attention,visual,0,733,14,0.14481282191500983,0.1411510705947876,0.10886257141828537,0.17556743323802948
qwen2_5_vl_7b,train,raw_attention,visual,0,733,15,0.2975378103152751,0.31072932481765747,0.23062445223331451,0.360409677028656
qwen2_5_vl_7b,train,raw_attention,visual,0,733,16,0.11764262060127838,0.10970600694417953,0.08396852016448975,0.1457299441099167
qwen2_5_vl_7b,train,raw_attention,visual,0,733,17,0.223799599039827,0.2239776998758316,0.1602480411529541,0.2868689000606537
qwen2_5_vl_7b,train,raw_attention,visual,0,733,18,0.1484115336326651,0.1474986970424652,0.10359971225261688,0.19023549556732178
qwen2_5_vl_7b,train,raw_attention,visual,0,733,19,0.1211237958105126,0.12182656675577164,0.08983513712882996,0.14966067671775818
qwen2_5_vl_7b,train,raw_attention,visual,0,733,20,0.2507294524679568,0.2592882513999939,0.20332294702529907,0.3039184510707855
qwen2_5_vl_7b,train,raw_attention,visual,0,733,21,0.19372214272232044,0.1934017390012741,0.1447433978319168,0.23515237867832184
qwen2_5_vl_7b,train,raw_attention,visual,0,733,22,0.22925325734146945,0.23145650327205658,0.18785671889781952,0.27377381920814514
qwen2_5_vl_7b,train,raw_attention,visual,0,733,23,0.28329242204822913,0.2897094488143921,0.208217591047287,0.3587130010128021
qwen2_5_vl_7b,train,raw_attention,visual,0,733,24,0.16754202524995454,0.16334268450737,0.10882209241390228,0.22058090567588806
qwen2_5_vl_7b,train,raw_attention,visual,0,733,25,0.15779066682217635,0.15610623359680176,0.11094317585229874,0.20417402684688568
qwen2_5_vl_7b,train,raw_attention,visual,0,733,26,0.148041984447536,0.1416947841644287,0.09156663715839386,0.20080967247486115
qwen2_5_vl_7b,train,raw_attention,visual,0,733,27,0.25887883040865967,0.2640722393989563,0.18739430606365204,0.3301551043987274
qwen2_5_vl_7b,train,raw_attention,visual,0,733,28,0.3111164839595231,0.31317415833473206,0.21428202092647552,0.4063352644443512
qwen2_5_vl_7b,train,raw_attention,visual,1,6252,1,0.04461862878557843,0.04251339100301266,0.027465575374662876,0.06058516725897789
qwen2_5_vl_7b,train,raw_attention,visual,1,6252,2,0.03718908030653857,0.03653622232377529,0.025527038145810366,0.046480899676680565
qwen2_5_vl_7b,train,raw_attention,visual,1,6252,3,0.03627115950808858,0.03157743811607361,0.02289670519530773,0.046660819090902805
qwen2_5_vl_7b,train,raw_attention,visual,1,6252,4,0.04929380569365996,0.03916880488395691,0.02486756956204772,0.06894638389348984
qwen2_5_vl_7b,train,raw_attention,visual,1,6252,5,0.025764527607003675,0.021243950352072716,0.012420958373695612,0.03288693446666002
qwen2_5_vl_7b,train,raw_attention,visual,1,6252,6,0.05687229952778517,0.05077361315488815,0.032326700165867805,0.07187814638018608
qwen2_5_vl_7b,train,raw_attention,visual,1,6252,7,0.032500630456886316,0.02875181194394827,0.018088783137500286,0.045412749983370304
qwen2_5_vl_7b,train,raw_attention,visual,1,6252,8,0.06534218551711402,0.06328994408249855,0.03400379791855812,0.08993243239820004
qwen2_5_vl_7b,train,raw_attention,visual,1,6252,9,0.1356623507088726,0.13669756054878235,0.08508181758224964,0.17364266514778137
qwen2_5_vl_7b,train,raw_attention,visual,1,6252,10,0.15932800577207445,0.15836481750011444,0.11849684454500675,0.20017335936427116
qwen2_5_vl_7b,train,raw_attention,visual,1,6252,11,0.08675740213447411,0.08580262959003448,0.06475715152919292,0.10895920172333717
qwen2_5_vl_7b,train,raw_attention,visual,1,6252,12,0.1387645071933239,0.1437632068991661,0.11158852837979794,0.1691356562077999
qwen2_5_vl_7b,train,raw_attention,visual,1,6252,13,0.1660290624119904,0.1679679900407791,0.1317715048789978,0.20582640171051025
qwen2_5_vl_7b,train,raw_attention,visual,1,6252,14,0.1958987930599214,0.1923612281680107,0.14292815700173378,0.2528190016746521
qwen2_5_vl_7b,train,raw_attention,visual,1,6252,15,0.3340657357256371,0.3399721086025238,0.29518432170152664,0.3857150748372078
qwen2_5_vl_7b,train,raw_attention,visual,1,6252,16,0.13801896944165382,0.13314556330442429,0.1041216067969799,0.16611500456929207
qwen2_5_vl_7b,train,raw_attention,visual,1,6252,17,0.27826201773808124,0.285148948431015,0.23271840810775757,0.33088846504688263
qwen2_5_vl_7b,train,raw_attention,visual,1,6252,18,0.19535532479814385,0.19801007211208344,0.15095481276512146,0.24031439051032066
qwen2_5_vl_7b,train,raw_attention,visual,1,6252,19,0.1611472523888312,0.15875618159770966,0.12599558755755424,0.20029212906956673
qwen2_5_vl_7b,train,raw_attention,visual,1,6252,20,0.29505946909471326,0.3077690750360489,0.2594616636633873,0.34219125658273697
qwen2_5_vl_7b,train,raw_attention,visual,1,6252,21,0.24603400110688373,0.2507975846529007,0.189453586935997,0.30292850732803345
qwen2_5_vl_7b,train,raw_attention,visual,1,6252,22,0.26050308924400734,0.2647927552461624,0.22262420505285263,0.30289140343666077
qwen2_5_vl_7b,train,raw_attention,visual,1,6252,23,0.34101941606228886,0.3509058356285095,0.2731967121362686,0.41476520895957947
qwen2_5_vl_7b,train,raw_attention,visual,1,6252,24,0.20512557950932045,0.20949101448059082,0.15356449782848358,0.2563672885298729
qwen2_5_vl_7b,train,raw_attention,visual,1,6252,25,0.18191670086452294,0.1845196858048439,0.14035910740494728,0.22330806404352188
qwen2_5_vl_7b,train,raw_attention,visual,1,6252,26,0.17111047132958743,0.16892094910144806,0.12658698856830597,0.21378865465521812
qwen2_5_vl_7b,train,raw_attention,visual,1,6252,27,0.29965074338681486,0.301750510931015,0.23575681075453758,0.3663778379559517
qwen2_5_vl_7b,train,raw_attention,visual,1,6252,28,0.3536951079042849,0.3572806864976883,0.2719091549515724,0.43766262382268906
qwen2_5_vl_7b,train,raw_attention,prompt,0,733,1,0.13535704632959294,0.10451677441596985,0.06957303732633591,0.1671057939529419
qwen2_5_vl_7b,train,raw_attention,prompt,0,733,2,0.20350891112834013,0.18316291272640228,0.13555750250816345,0.2466719001531601
qwen2_5_vl_7b,train,raw_attention,prompt,0,733,3,0.2703052260601667,0.24605552852153778,0.20387330651283264,0.30976173281669617
qwen2_5_vl_7b,train,raw_attention,prompt,0,733,4,0.18019685028235227,0.15944884717464447,0.1324164867401123,0.21135835349559784
qwen2_5_vl_7b,train,raw_attention,prompt,0,733,5,0.7367134008856457,0.7332454323768616,0.6969523429870605,0.7759429812431335
qwen2_5_vl_7b,train,raw_attention,prompt,0,733,6,0.6909985086521055,0.6911407113075256,0.6479199528694153,0.7360813617706299
qwen2_5_vl_7b,train,raw_attention,prompt,0,733,7,0.5690923235995382,0.5624690055847168,0.5216907858848572,0.6109330654144287
qwen2_5_vl_7b,train,raw_attention,prompt,0,733,8,0.5366321248783746,0.5294407606124878,0.49105367064476013,0.5755759477615356
qwen2_5_vl_7b,train,raw_attention,prompt,0,733,9,0.5524025627324233,0.5520084500312805,0.5162414312362671,0.587462306022644
qwen2_5_vl_7b,train,raw_attention,prompt,0,733,10,0.4640007883838872,0.4565286636352539,0.4148695468902588,0.5107527375221252
qwen2_5_vl_7b,train,raw_attention,prompt,0,733,11,0.5367143527384832,0.5341085195541382,0.4976756274700165,0.5712348222732544
qwen2_5_vl_7b,train,raw_attention,prompt,0,733,12,0.48087578560613187,0.4764058291912079,0.43307867646217346,0.5228521227836609
qwen2_5_vl_7b,train,raw_attention,prompt,0,733,13,0.44517749450379146,0.438261479139328,0.3983103334903717,0.49233561754226685
qwen2_5_vl_7b,train,raw_attention,prompt,0,733,14,0.38262021464345236,0.37472692131996155,0.3372972011566162,0.42400795221328735
qwen2_5_vl_7b,train,raw_attention,prompt,0,733,15,0.4130045114768641,0.4084479510784149,0.3700745701789856,0.45686206221580505
qwen2_5_vl_7b,train,raw_attention,prompt,0,733,16,0.4178775742060491,0.41847869753837585,0.3798578381538391,0.4557977318763733
qwen2_5_vl_7b,train,raw_attention,prompt,0,733,17,0.3862021382679555,0.3815946877002716,0.3257647454738617,0.4433738589286804
qwen2_5_vl_7b,train,raw_attention,prompt,0,733,18,0.4262075989137405,0.4259871244430542,0.37430092692375183,0.4783512055873871
qwen2_5_vl_7b,train,raw_attention,prompt,0,733,19,0.3629586904387194,0.3669432997703552,0.3176078200340271,0.40836426615715027
qwen2_5_vl_7b,train,raw_attention,prompt,0,733,20,0.2801335560511112,0.27033665776252747,0.2420228123664856,0.3105107545852661
qwen2_5_vl_7b,train,raw_attention,prompt,0,733,21,0.3391663237674337,0.3362707793712616,0.2837667167186737,0.38858887553215027
qwen2_5_vl_7b,train,raw_attention,prompt,0,733,22,0.3851113999402214,0.3848409950733185,0.34668096899986267,0.42327141761779785
qwen2_5_vl_7b,train,raw_attention,prompt,0,733,23,0.47160999285816985,0.4647616446018219,0.40870773792266846,0.5266464352607727
qwen2_5_vl_7b,train,raw_attention,prompt,0,733,24,0.5418904502183646,0.5399013161659241,0.5042815208435059,0.580247163772583
qwen2_5_vl_7b,train,raw_attention,prompt,0,733,25,0.5154040746522958,0.5183578729629517,0.47320321202278137,0.5621528029441833
qwen2_5_vl_7b,train,raw_attention,prompt,0,733,26,0.5168320793368807,0.5224503874778748,0.45426177978515625,0.5780700445175171
qwen2_5_vl_7b,train,raw_attention,prompt,0,733,27,0.47648951972327813,0.47770658135414124,0.4152352213859558,0.5358520150184631
qwen2_5_vl_7b,train,raw_attention,prompt,0,733,28,0.33218181143434766,0.32949548959732056,0.25154563784599304,0.4078754782676697
qwen2_5_vl_7b,train,raw_attention,prompt,1,6252,1,0.26293952377591706,0.2305983230471611,0.11320864036679268,0.40502912551164627
qwen2_5_vl_7b,train,raw_attention,prompt,1,6252,2,0.306445451941334,0.30824488401412964,0.18704169988632202,0.42984258383512497
qwen2_5_vl_7b,train,raw_attention,prompt,1,6252,3,0.38431379763541773,0.36644142866134644,0.2537863701581955,0.509205088019371
qwen2_5_vl_7b,train,raw_attention,prompt,1,6252,4,0.2772206387959864,0.26389601826667786,0.16928688064217567,0.3754272982478142
qwen2_5_vl_7b,train,raw_attention,prompt,1,6252,5,0.7775694962807824,0.7845562100410461,0.730651780962944,0.8325319588184357
qwen2_5_vl_7b,train,raw_attention,prompt,1,6252,6,0.728889161741131,0.7362470328807831,0.6767703145742416,0.7847446203231812
qwen2_5_vl_7b,train,raw_attention,prompt,1,6252,7,0.616727880494799,0.6192092895507812,0.550744965672493,0.6837279051542282
qwen2_5_vl_7b,train,raw_attention,prompt,1,6252,8,0.5981663924594834,0.6003672480583191,0.537192240357399,0.6666243821382523
qwen2_5_vl_7b,train,raw_attention,prompt,1,6252,9,0.5946983126631472,0.5906115770339966,0.5417900234460831,0.6503584980964661
qwen2_5_vl_7b,train,raw_attention,prompt,1,6252,10,0.5103848276806426,0.5176064372062683,0.4580101817846298,0.5604258030653
qwen2_5_vl_7b,train,raw_attention,prompt,1,6252,11,0.5866421040621844,0.5888085663318634,0.5337241291999817,0.6451012045145035
qwen2_5_vl_7b,train,raw_attention,prompt,1,6252,12,0.5417268837963589,0.532287210226059,0.4723315089941025,0.6172835230827332
qwen2_5_vl_7b,train,raw_attention,prompt,1,6252,13,0.49582290951632113,0.4901937246322632,0.4299289956688881,0.5608019828796387
qwen2_5_vl_7b,train,raw_attention,prompt,1,6252,14,0.4416927633662866,0.43895646929740906,0.3785626292228699,0.5017450302839279
qwen2_5_vl_7b,train,raw_attention,prompt,1,6252,15,0.4401150319107969,0.43488284945487976,0.3861710950732231,0.49118880927562714
qwen2_5_vl_7b,train,raw_attention,prompt,1,6252,16,0.46843072415704307,0.4556466192007065,0.40794385224580765,0.5135540515184402
qwen2_5_vl_7b,train,raw_attention,prompt,1,6252,17,0.4153457206083427,0.4047636538743973,0.34747470915317535,0.4812574237585068
qwen2_5_vl_7b,train,raw_attention,prompt,1,6252,18,0.45741613008801707,0.45106159150600433,0.389614038169384,0.5168179124593735
qwen2_5_vl_7b,train,raw_attention,prompt,1,6252,19,0.38622654978035736,0.38879600167274475,0.3302345648407936,0.4466371163725853
qwen2_5_vl_7b,train,raw_attention,prompt,1,6252,20,0.32516141958958966,0.31794556975364685,0.271647684276104,0.3727603331208229
qwen2_5_vl_7b,train,raw_attention,prompt,1,6252,21,0.3735635931486227,0.36903026700019836,0.30870798975229263,0.4419194906949997
qwen2_5_vl_7b,train,raw_attention,prompt,1,6252,22,0.39983205336383804,0.39705081284046173,0.3539324700832367,0.44574839621782303
qwen2_5_vl_7b,train,raw_attention,prompt,1,6252,23,0.46487093845564664,0.4617871344089508,0.40857023745775223,0.5203584581613541
qwen2_5_vl_7b,train,raw_attention,prompt,1,6252,24,0.5416690227900341,0.5425872206687927,0.5081837922334671,0.5772035121917725
qwen2_5_vl_7b,train,raw_attention,prompt,1,6252,25,0.5353046653795838,0.542797714471817,0.4925827458500862,0.5836118459701538
qwen2_5_vl_7b,train,raw_attention,prompt,1,6252,26,0.5380674431640333,0.544726699590683,0.4800298139452934,0.6034618318080902
qwen2_5_vl_7b,train,raw_attention,prompt,1,6252,27,0.46519568859482147,0.46145470440387726,0.40513310581445694,0.5205410122871399
qwen2_5_vl_7b,train,raw_attention,prompt,1,6252,28,0.32825536540306044,0.3228485733270645,0.25929050147533417,0.3940473645925522
qwen2_5_vl_7b,train,raw_attention,generated_text,0,733,1,0.8345649383484423,0.8677351474761963,0.7982625365257263,0.9075074791908264
qwen2_5_vl_7b,train,raw_attention,generated_text,0,733,2,0.7689391946239653,0.7944755554199219,0.7199499011039734,0.8405855894088745
qwen2_5_vl_7b,train,raw_attention,generated_text,0,733,3,0.7044605202108907,0.7307202219963074,0.6609589457511902,0.7758288979530334
qwen2_5_vl_7b,train,raw_attention,generated_text,0,733,4,0.7891101272418424,0.8113889694213867,0.7592483162879944,0.8457576632499695
qwen2_5_vl_7b,train,raw_attention,generated_text,0,733,5,0.24584385871094375,0.24729377031326294,0.20303601026535034,0.29010337591171265
qwen2_5_vl_7b,train,raw_attention,generated_text,0,733,6,0.2691138514849938,0.27063775062561035,0.22203074395656586,0.3124939203262329
qwen2_5_vl_7b,train,raw_attention,generated_text,0,733,7,0.41086473489767206,0.4176734983921051,0.3701193928718567,0.4583616256713867
qwen2_5_vl_7b,train,raw_attention,generated_text,0,733,8,0.41492689735323474,0.4210846722126007,0.36868393421173096,0.46941450238227844
qwen2_5_vl_7b,train,raw_attention,generated_text,0,733,9,0.34168548010909705,0.3409538269042969,0.29702356457710266,0.38668036460876465
qwen2_5_vl_7b,train,raw_attention,generated_text,0,733,10,0.4116589327382196,0.42092812061309814,0.35725435614585876,0.4685570001602173
qwen2_5_vl_7b,train,raw_attention,generated_text,0,733,11,0.39835649334392315,0.40261465311050415,0.36342981457710266,0.4404696226119995
qwen2_5_vl_7b,train,raw_attention,generated_text,0,733,12,0.4063297240686124,0.4099096357822418,0.3561769723892212,0.461071640253067
qwen2_5_vl_7b,train,raw_attention,generated_text,0,733,13,0.4269347832237064,0.4357038736343384,0.3831956684589386,0.475422739982605
qwen2_5_vl_7b,train,raw_attention,generated_text,0,733,14,0.47257827742769803,0.4769213795661926,0.4213729500770569,0.5315161347389221
qwen2_5_vl_7b,train,raw_attention,generated_text,0,733,15,0.2894686719893108,0.2820693254470825,0.23872090876102448,0.3287188708782196
qwen2_5_vl_7b,train,raw_attention,generated_text,0,733,16,0.4644652235678729,0.4692647159099579,0.42923107743263245,0.5015914440155029
qwen2_5_vl_7b,train,raw_attention,generated_text,0,733,17,0.38998807875228614,0.38806959986686707,0.325839102268219,0.4522833526134491
qwen2_5_vl_7b,train,raw_attention,generated_text,0,733,18,0.425384361474771,0.42678001523017883,0.3729867935180664,0.4827874004840851
qwen2_5_vl_7b,train,raw_attention,generated_text,0,733,19,0.5159170032767286,0.5126653909683228,0.46673277020454407,0.5649951696395874
qwen2_5_vl_7b,train,raw_attention,generated_text,0,733,20,0.46913954261868257,0.46843814849853516,0.4148075580596924,0.5217183828353882
qwen2_5_vl_7b,train,raw_attention,generated_text,0,733,21,0.46710577031843986,0.47391125559806824,0.4144020080566406,0.5247090458869934
qwen2_5_vl_7b,train,raw_attention,generated_text,0,733,22,0.38563910301515547,0.38096147775650024,0.340815007686615,0.4266001284122467
qwen2_5_vl_7b,train,raw_attention,generated_text,0,733,23,0.24509299204444657,0.23755912482738495,0.19491145014762878,0.2869626581668854
qwen2_5_vl_7b,train,raw_attention,generated_text,0,733,24,0.2905602071124242,0.28005436062812805,0.2409793585538864,0.3349241614341736
qwen2_5_vl_7b,train,raw_attention,generated_text,0,733,25,0.32681324679562046,0.32064998149871826,0.2740287780761719,0.3748558759689331
qwen2_5_vl_7b,train,raw_attention,generated_text,0,733,26,0.33513345238009384,0.32447853684425354,0.2812875509262085,0.37874701619148254
qwen2_5_vl_7b,train,raw_attention,generated_text,0,733,27,0.2646299142385407,0.2512857913970947,0.21397876739501953,0.3012014329433441
qwen2_5_vl_7b,train,raw_attention,generated_text,0,733,28,0.3567302306100096,0.3444724977016449,0.305477112531662,0.396030455827713
qwen2_5_vl_7b,train,raw_attention,generated_text,1,6252,1,0.6924526418058139,0.7261508107185364,0.5341173857450485,0.8579916059970856
qwen2_5_vl_7b,train,raw_attention,generated_text,1,6252,2,0.6563597443970594,0.6503749489784241,0.5229278802871704,0.7869416326284409
qwen2_5_vl_7b,train,raw_attention,generated_text,1,6252,3,0.5794112418878941,0.6035610139369965,0.4410809949040413,0.719846785068512
qwen2_5_vl_7b,train,raw_attention,generated_text,1,6252,4,0.6734839877541524,0.6946060061454773,0.5516526848077774,0.801555797457695
qwen2_5_vl_7b,train,raw_attention,generated_text,1,6252,5,0.19666274430936945,0.19070861488580704,0.1293228343129158,0.2516466975212097
qwen2_5_vl_7b,train,raw_attention,generated_text,1,6252,6,0.21423689050865685,0.20803914964199066,0.13399489969015121,0.28084035217761993
qwen2_5_vl_7b,train,raw_attention,generated_text,1,6252,7,0.3507669600535968,0.35111936926841736,0.2757311165332794,0.4270865023136139
qwen2_5_vl_7b,train,raw_attention,generated_text,1,6252,8,0.33648647708545415,0.334625706076622,0.2541494593024254,0.40952973812818527
qwen2_5_vl_7b,train,raw_attention,generated_text,1,6252,9,0.2696383003996338,0.2700638771057129,0.18840167298913002,0.33629796653985977
qwen2_5_vl_7b,train,raw_attention,generated_text,1,6252,10,0.3302862327843809,0.3275575786828995,0.23631229996681213,0.40795212984085083
qwen2_5_vl_7b,train,raw_attention,generated_text,1,6252,11,0.32659850996976775,0.32677140831947327,0.2622186616063118,0.3910016715526581
qwen2_5_vl_7b,train,raw_attention,generated_text,1,6252,12,0.31950627188707725,0.3244701623916626,0.22344688698649406,0.40464501827955246
qwen2_5_vl_7b,train,raw_attention,generated_text,1,6252,13,0.338148446688077,0.347495898604393,0.2555089592933655,0.4236185625195503
qwen2_5_vl_7b,train,raw_attention,generated_text,1,6252,14,0.36240438878374154,0.3702213764190674,0.2635737732052803,0.4564645141363144
qwen2_5_vl_7b,train,raw_attention,generated_text,1,6252,15,0.22581569745455007,0.21709195524454117,0.16181745752692223,0.2783743217587471
qwen2_5_vl_7b,train,raw_attention,generated_text,1,6252,16,0.3935486241693651,0.4076271653175354,0.3320687338709831,0.46709416061639786
qwen2_5_vl_7b,train,raw_attention,generated_text,1,6252,17,0.306389370603071,0.3061910569667816,0.20204531773924828,0.39166177064180374
qwen2_5_vl_7b,train,raw_attention,generated_text,1,6252,18,0.3472277819895813,0.35050803422927856,0.25211958587169647,0.4362925589084625
qwen2_5_vl_7b,train,raw_attention,generated_text,1,6252,19,0.4526226061800887,0.4556416720151901,0.36728787422180176,0.5289479643106461
qwen2_5_vl_7b,train,raw_attention,generated_text,1,6252,20,0.37977996458771973,0.3795161545276642,0.3018724173307419,0.4501568228006363
qwen2_5_vl_7b,train,raw_attention,generated_text,1,6252,21,0.3803980415108985,0.382667139172554,0.27433640509843826,0.47829539328813553
qwen2_5_vl_7b,train,raw_attention,generated_text,1,6252,22,0.33966360244273147,0.3359815776348114,0.2724562957882881,0.3945475295186043
qwen2_5_vl_7b,train,raw_attention,generated_text,1,6252,23,0.19410860404176775,0.17946460098028183,0.1180973518639803,0.2522669658064842
qwen2_5_vl_7b,train,raw_attention,generated_text,1,6252,24,0.2532021114036622,0.24212203174829483,0.1968870908021927,0.29721322655677795
qwen2_5_vl_7b,train,raw_attention,generated_text,1,6252,25,0.2827802566192944,0.2700768709182739,0.21392495930194855,0.33954518288373947
qwen2_5_vl_7b,train,raw_attention,generated_text,1,6252,26,0.2908209440758975,0.27057917416095734,0.2229202538728714,0.34327851235866547
qwen2_5_vl_7b,train,raw_attention,generated_text,1,6252,27,0.23514858124061455,0.2082168608903885,0.1789492443203926,0.26925545185804367
qwen2_5_vl_7b,train,raw_attention,generated_text,1,6252,28,0.3180836809957573,0.30199553072452545,0.2511272504925728,0.36600150913000107
qwen2_5_vl_7b,train,attention_x_gate,BOS,0,733,1,0.0,0.0,0.0,0.0
qwen2_5_vl_7b,train,attention_x_gate,BOS,0,733,2,0.0,0.0,0.0,0.0
qwen2_5_vl_7b,train,attention_x_gate,BOS,0,733,3,0.0,0.0,0.0,0.0
qwen2_5_vl_7b,train,attention_x_gate,BOS,0,733,4,0.0,0.0,0.0,0.0
qwen2_5_vl_7b,train,attention_x_gate,BOS,0,733,5,0.0,0.0,0.0,0.0
qwen2_5_vl_7b,train,attention_x_gate,BOS,0,733,6,0.0,0.0,0.0,0.0
qwen2_5_vl_7b,train,attention_x_gate,BOS,0,733,7,0.0,0.0,0.0,0.0
qwen2_5_vl_7b,train,attention_x_gate,BOS,0,733,8,0.0,0.0,0.0,0.0
qwen2_5_vl_7b,train,attention_x_gate,BOS,0,733,9,0.0,0.0,0.0,0.0
qwen2_5_vl_7b,train,attention_x_gate,BOS,0,733,10,0.0,0.0,0.0,0.0
qwen2_5_vl_7b,train,attention_x_gate,BOS,0,733,11,0.0,0.0,0.0,0.0
qwen2_5_vl_7b,train,attention_x_gate,BOS,0,733,12,0.0,0.0,0.0,0.0
qwen2_5_vl_7b,train,attention_x_gate,BOS,0,733,13,0.0,0.0,0.0,0.0
qwen2_5_vl_7b,train,attention_x_gate,BOS,0,733,14,0.0,0.0,0.0,0.0
qwen2_5_vl_7b,train,attention_x_gate,BOS,0,733,15,0.0,0.0,0.0,0.0
qwen2_5_vl_7b,train,attention_x_gate,BOS,0,733,16,0.0,0.0,0.0,0.0
qwen2_5_vl_7b,train,attention_x_gate,BOS,0,733,17,0.0,0.0,0.0,0.0
qwen2_5_vl_7b,train,attention_x_gate,BOS,0,733,18,0.0,0.0,0.0,0.0
qwen2_5_vl_7b,train,attention_x_gate,BOS,0,733,19,0.0,0.0,0.0,0.0
qwen2_5_vl_7b,train,attention_x_gate,BOS,0,733,20,0.0,0.0,0.0,0.0
qwen2_5_vl_7b,train,attention_x_gate,BOS,0,733,21,0.0,0.0,0.0,0.0
qwen2_5_vl_7b,train,attention_x_gate,BOS,0,733,22,0.0,0.0,0.0,0.0
qwen2_5_vl_7b,train,attention_x_gate,BOS,0,733,23,0.0,0.0,0.0,0.0
qwen2_5_vl_7b,train,attention_x_gate,BOS,0,733,24,0.0,0.0,0.0,0.0
qwen2_5_vl_7b,train,attention_x_gate,BOS,0,733,25,0.0,0.0,0.0,0.0
qwen2_5_vl_7b,train,attention_x_gate,BOS,0,733,26,0.0,0.0,0.0,0.0
qwen2_5_vl_7b,train,attention_x_gate,BOS,0,733,27,0.0,0.0,0.0,0.0
qwen2_5_vl_7b,train,attention_x_gate,BOS,0,733,28,0.0,0.0,0.0,0.0
qwen2_5_vl_7b,train,attention_x_gate,BOS,1,6252,1,0.0,0.0,0.0,0.0
qwen2_5_vl_7b,train,attention_x_gate,BOS,1,6252,2,0.0,0.0,0.0,0.0
qwen2_5_vl_7b,train,attention_x_gate,BOS,1,6252,3,0.0,0.0,0.0,0.0
qwen2_5_vl_7b,train,attention_x_gate,BOS,1,6252,4,0.0,0.0,0.0,0.0
qwen2_5_vl_7b,train,attention_x_gate,BOS,1,6252,5,0.0,0.0,0.0,0.0
qwen2_5_vl_7b,train,attention_x_gate,BOS,1,6252,6,0.0,0.0,0.0,0.0
qwen2_5_vl_7b,train,attention_x_gate,BOS,1,6252,7,0.0,0.0,0.0,0.0
qwen2_5_vl_7b,train,attention_x_gate,BOS,1,6252,8,0.0,0.0,0.0,0.0
qwen2_5_vl_7b,train,attention_x_gate,BOS,1,6252,9,0.0,0.0,0.0,0.0
qwen2_5_vl_7b,train,attention_x_gate,BOS,1,6252,10,0.0,0.0,0.0,0.0
qwen2_5_vl_7b,train,attention_x_gate,BOS,1,6252,11,0.0,0.0,0.0,0.0
qwen2_5_vl_7b,train,attention_x_gate,BOS,1,6252,12,0.0,0.0,0.0,0.0
qwen2_5_vl_7b,train,attention_x_gate,BOS,1,6252,13,0.0,0.0,0.0,0.0
qwen2_5_vl_7b,train,attention_x_gate,BOS,1,6252,14,0.0,0.0,0.0,0.0
qwen2_5_vl_7b,train,attention_x_gate,BOS,1,6252,15,0.0,0.0,0.0,0.0
qwen2_5_vl_7b,train,attention_x_gate,BOS,1,6252,16,0.0,0.0,0.0,0.0
qwen2_5_vl_7b,train,attention_x_gate,BOS,1,6252,17,0.0,0.0,0.0,0.0
qwen2_5_vl_7b,train,attention_x_gate,BOS,1,6252,18,0.0,0.0,0.0,0.0
qwen2_5_vl_7b,train,attention_x_gate,BOS,1,6252,19,0.0,0.0,0.0,0.0
qwen2_5_vl_7b,train,attention_x_gate,BOS,1,6252,20,0.0,0.0,0.0,0.0
qwen2_5_vl_7b,train,attention_x_gate,BOS,1,6252,21,0.0,0.0,0.0,0.0
qwen2_5_vl_7b,train,attention_x_gate,BOS,1,6252,22,0.0,0.0,0.0,0.0
qwen2_5_vl_7b,train,attention_x_gate,BOS,1,6252,23,0.0,0.0,0.0,0.0
qwen2_5_vl_7b,train,attention_x_gate,BOS,1,6252,24,0.0,0.0,0.0,0.0
qwen2_5_vl_7b,train,attention_x_gate,BOS,1,6252,25,0.0,0.0,0.0,0.0
qwen2_5_vl_7b,train,attention_x_gate,BOS,1,6252,26,0.0,0.0,0.0,0.0
qwen2_5_vl_7b,train,attention_x_gate,BOS,1,6252,27,0.0,0.0,0.0,0.0
qwen2_5_vl_7b,train,attention_x_gate,BOS,1,6252,28,0.0,0.0,0.0,0.0
qwen2_5_vl_7b,train,attention_x_gate,visual,0,733,1,0.018276345702637836,0.016565900295972824,0.011887170374393463,0.02277495712041855
qwen2_5_vl_7b,train,attention_x_gate,visual,0,733,2,0.01672935656285851,0.015257760882377625,0.011591157875955105,0.020523635670542717
qwen2_5_vl_7b,train,attention_x_gate,visual,0,733,3,0.014871334017979904,0.013486769050359726,0.010900215245783329,0.01766101084649563
qwen2_5_vl_7b,train,attention_x_gate,visual,0,733,4,0.01785277656792812,0.014883109368383884,0.010988377965986729,0.021528324112296104
qwen2_5_vl_7b,train,attention_x_gate,visual,0,733,5,0.010171458201665854,0.00775689072906971,0.005579188000410795,0.012719142250716686
qwen2_5_vl_7b,train,attention_x_gate,visual,0,733,6,0.02334207764097412,0.019249070435762405,0.01319732517004013,0.030389728024601936
qwen2_5_vl_7b,train,attention_x_gate,visual,0,733,7,0.011122390134564994,0.009980435483157635,0.007256653625518084,0.013660942204296589
qwen2_5_vl_7b,train,attention_x_gate,visual,0,733,8,0.0277449400539003,0.023643558844923973,0.015637796372175217,0.0368223674595356
qwen2_5_vl_7b,train,attention_x_gate,visual,0,733,9,0.0628662347529302,0.052397094666957855,0.03489826247096062,0.08280779421329498
qwen2_5_vl_7b,train,attention_x_gate,visual,0,733,10,0.07488302438231477,0.07255680859088898,0.053949080407619476,0.09142027050256729
qwen2_5_vl_7b,train,attention_x_gate,visual,0,733,11,0.03559365922059117,0.034154199063777924,0.027056898921728134,0.04267030209302902
qwen2_5_vl_7b,train,attention_x_gate,visual,0,733,12,0.06284043196548096,0.0612197108566761,0.04465917497873306,0.07914566993713379
qwen2_5_vl_7b,train,attention_x_gate,visual,0,733,13,0.07173533396005102,0.07094093412160873,0.05405457690358162,0.08733668178319931
qwen2_5_vl_7b,train,attention_x_gate,visual,0,733,14,0.08042199638294815,0.07703670114278793,0.05893828347325325,0.09836991876363754
qwen2_5_vl_7b,train,attention_x_gate,visual,0,733,15,0.17076904425781225,0.17252901196479797,0.12653812766075134,0.21049942076206207
qwen2_5_vl_7b,train,attention_x_gate,visual,0,733,16,0.06573126156653035,0.06023583188652992,0.0453764945268631,0.08131340146064758
qwen2_5_vl_7b,train,attention_x_gate,visual,0,733,17,0.13233479422658154,0.12853597104549408,0.09286987036466599,0.17350028455257416
qwen2_5_vl_7b,train,attention_x_gate,visual,0,733,18,0.08505756051964437,0.08222296088933945,0.05830434337258339,0.1096014529466629
qwen2_5_vl_7b,train,attention_x_gate,visual,0,733,19,0.0694579068275288,0.06762706488370895,0.05143686383962631,0.08730224519968033
qwen2_5_vl_7b,train,attention_x_gate,visual,0,733,20,0.1587838401171756,0.15916799008846283,0.12456797063350677,0.1951083242893219
qwen2_5_vl_7b,train,attention_x_gate,visual,0,733,21,0.12119534632793309,0.11837355047464371,0.08832480758428574,0.15181425213813782
qwen2_5_vl_7b,train,attention_x_gate,visual,0,733,22,0.14059440485147143,0.13828144967556,0.1129734143614769,0.17029312252998352
qwen2_5_vl_7b,train,attention_x_gate,visual,0,733,23,0.17073152649583548,0.16843090951442719,0.1244058683514595,0.21711279451847076
qwen2_5_vl_7b,train,attention_x_gate,visual,0,733,24,0.10341101109925632,0.09963852912187576,0.06925912946462631,0.13581542670726776
qwen2_5_vl_7b,train,attention_x_gate,visual,0,733,25,0.10401220376238654,0.10174665600061417,0.0713084489107132,0.13625328242778778
qwen2_5_vl_7b,train,attention_x_gate,visual,0,733,26,0.09625150841542635,0.09347844123840332,0.05744773894548416,0.13165317475795746
qwen2_5_vl_7b,train,attention_x_gate,visual,0,733,27,0.17327875594162517,0.17675860226154327,0.1168743297457695,0.22493033111095428
qwen2_5_vl_7b,train,attention_x_gate,visual,0,733,28,0.20702774684220593,0.20926766097545624,0.13171711564064026,0.27184802293777466
qwen2_5_vl_7b,train,attention_x_gate,visual,1,6252,1,0.02708697987834179,0.02581776585429907,0.01649122918024659,0.03689942788332701
qwen2_5_vl_7b,train,attention_x_gate,visual,1,6252,2,0.022321118528277496,0.021634812466800213,0.015179396141320467,0.02835071086883545
qwen2_5_vl_7b,train,attention_x_gate,visual,1,6252,3,0.02154812012853158,0.018886261619627476,0.013649978442117572,0.027535404078662395
qwen2_5_vl_7b,train,attention_x_gate,visual,1,6252,4,0.0290447216189299,0.02298573311418295,0.014743858017027378,0.04007794242352247
qwen2_5_vl_7b,train,attention_x_gate,visual,1,6252,5,0.015440847127051412,0.012435204815119505,0.007208904484286904,0.019518525805324316
qwen2_5_vl_7b,train,attention_x_gate,visual,1,6252,6,0.03329350440341369,0.0289322966709733,0.018569933250546455,0.04181335587054491
qwen2_5_vl_7b,train,attention_x_gate,visual,1,6252,7,0.018055378959931447,0.015921788290143013,0.010095731122419238,0.024975489359349012
qwen2_5_vl_7b,train,attention_x_gate,visual,1,6252,8,0.036904354780848046,0.03600996918976307,0.019218243192881346,0.05076329968869686
qwen2_5_vl_7b,train,attention_x_gate,visual,1,6252,9,0.07997973156605519,0.07772787660360336,0.047995176166296005,0.1024389024823904
qwen2_5_vl_7b,train,attention_x_gate,visual,1,6252,10,0.09606545325636778,0.09543829038739204,0.07031280919909477,0.12178436294198036
qwen2_5_vl_7b,train,attention_x_gate,visual,1,6252,11,0.0482950922403686,0.047763168811798096,0.03582321107387543,0.060068270191550255
qwen2_5_vl_7b,train,attention_x_gate,visual,1,6252,12,0.07907289088142395,0.08006957918405533,0.06115357019007206,0.09691737778484821
qwen2_5_vl_7b,train,attention_x_gate,visual,1,6252,13,0.09560675736530419,0.09561992809176445,0.073794424533844,0.11901354044675827
qwen2_5_vl_7b,train,attention_x_gate,visual,1,6252,14,0.1110376423269198,0.1088927872478962,0.08019073493778706,0.1426326408982277
qwen2_5_vl_7b,train,attention_x_gate,visual,1,6252,15,0.1948802302068937,0.19614271819591522,0.16450253501534462,0.2281571924686432
qwen2_5_vl_7b,train,attention_x_gate,visual,1,6252,16,0.07936593128321484,0.07513891533017159,0.05685608088970184,0.09685306064784527
qwen2_5_vl_7b,train,attention_x_gate,visual,1,6252,17,0.16639790071013025,0.16851071268320084,0.13360091298818588,0.20068203285336494
qwen2_5_vl_7b,train,attention_x_gate,visual,1,6252,18,0.11611394746884791,0.11550505086779594,0.08637954667210579,0.14454003795981407
qwen2_5_vl_7b,train,attention_x_gate,visual,1,6252,19,0.09317640512758629,0.09212765470147133,0.07188342697918415,0.1154684592038393
qwen2_5_vl_7b,train,attention_x_gate,visual,1,6252,20,0.18982724441478765,0.19516140222549438,0.15706849098205566,0.2260906808078289
qwen2_5_vl_7b,train,attention_x_gate,visual,1,6252,21,0.16085476659730516,0.16263411194086075,0.11833100020885468,0.2011140026152134
qwen2_5_vl_7b,train,attention_x_gate,visual,1,6252,22,0.16525306620024935,0.16914021223783493,0.13575982674956322,0.19551704823970795
qwen2_5_vl_7b,train,attention_x_gate,visual,1,6252,23,0.215051385114638,0.21912319213151932,0.16326631978154182,0.2679285705089569
qwen2_5_vl_7b,train,attention_x_gate,visual,1,6252,24,0.12926103747378312,0.13132508844137192,0.0940342377871275,0.16270940378308296
qwen2_5_vl_7b,train,attention_x_gate,visual,1,6252,25,0.1214115711834588,0.1225024051964283,0.09149800799787045,0.15172797441482544
qwen2_5_vl_7b,train,attention_x_gate,visual,1,6252,26,0.11291338639886203,0.11212349683046341,0.08144236914813519,0.1433461271226406
qwen2_5_vl_7b,train,attention_x_gate,visual,1,6252,27,0.2010077319527432,0.20167343318462372,0.15429330617189407,0.24863490834832191
qwen2_5_vl_7b,train,attention_x_gate,visual,1,6252,28,0.23333893496524102,0.23446134477853775,0.17385460063815117,0.2924372926354408
qwen2_5_vl_7b,train,attention_x_gate,prompt,0,733,1,0.08152392842536246,0.06261765211820602,0.04085635766386986,0.10505317151546478
qwen2_5_vl_7b,train,attention_x_gate,prompt,0,733,2,0.11509059545918181,0.10270975530147552,0.07795826345682144,0.1444132775068283
qwen2_5_vl_7b,train,attention_x_gate,prompt,0,733,3,0.17699101002630238,0.1638486385345459,0.1347346305847168,0.20906011760234833
qwen2_5_vl_7b,train,attention_x_gate,prompt,0,733,4,0.10804948306262574,0.0994158610701561,0.07673146575689316,0.12790018320083618
qwen2_5_vl_7b,train,attention_x_gate,prompt,0,733,5,0.7204665836165335,0.7201724648475647,0.6834598183631897,0.7583340406417847
qwen2_5_vl_7b,train,attention_x_gate,prompt,0,733,6,0.6756478538412708,0.6804940104484558,0.6349630355834961,0.7196042537689209
qwen2_5_vl_7b,train,attention_x_gate,prompt,0,733,7,0.5419160618585259,0.537922203540802,0.49883460998535156,0.5803853273391724
qwen2_5_vl_7b,train,attention_x_gate,prompt,0,733,8,0.5233035592494423,0.5191687941551208,0.4808388650417328,0.562096118927002
qwen2_5_vl_7b,train,attention_x_gate,prompt,0,733,9,0.5351764024254366,0.5378944277763367,0.5021733641624451,0.571202278137207
qwen2_5_vl_7b,train,attention_x_gate,prompt,0,733,10,0.4451053720170894,0.43921154737472534,0.39650797843933105,0.49379000067710876
qwen2_5_vl_7b,train,attention_x_gate,prompt,0,733,11,0.5208273889778987,0.5202362537384033,0.4862803816795349,0.5539180040359497
qwen2_5_vl_7b,train,attention_x_gate,prompt,0,733,12,0.4722336392880177,0.46871647238731384,0.427278995513916,0.5122499465942383
qwen2_5_vl_7b,train,attention_x_gate,prompt,0,733,13,0.43182521185483197,0.4255852997303009,0.3876835107803345,0.4786624312400818
qwen2_5_vl_7b,train,attention_x_gate,prompt,0,733,14,0.366454125045307,0.36155280470848083,0.32273542881011963,0.4074256420135498
qwen2_5_vl_7b,train,attention_x_gate,prompt,0,733,15,0.4001825910829018,0.3984031081199646,0.35898834466934204,0.44237449765205383
qwen2_5_vl_7b,train,attention_x_gate,prompt,0,733,16,0.4035807012340199,0.40618249773979187,0.3684939444065094,0.44128337502479553
qwen2_5_vl_7b,train,attention_x_gate,prompt,0,733,17,0.3775279791873218,0.37422847747802734,0.3211290240287781,0.4346502423286438
qwen2_5_vl_7b,train,attention_x_gate,prompt,0,733,18,0.4163288279426364,0.41655051708221436,0.3672727346420288,0.46540796756744385
qwen2_5_vl_7b,train,attention_x_gate,prompt,0,733,19,0.3480710888492378,0.35303744673728943,0.30361250042915344,0.3954756259918213
qwen2_5_vl_7b,train,attention_x_gate,prompt,0,733,20,0.26725426477876885,0.2586272060871124,0.2320438027381897,0.29739484190940857
qwen2_5_vl_7b,train,attention_x_gate,prompt,0,733,21,0.33249363254156666,0.33303216099739075,0.2782266438007355,0.3809965252876282
qwen2_5_vl_7b,train,attention_x_gate,prompt,0,733,22,0.37955065276905753,0.3817099630832672,0.34181928634643555,0.42033299803733826
qwen2_5_vl_7b,train,attention_x_gate,prompt,0,733,23,0.46505609625953,0.4602298438549042,0.4008648991584778,0.5217009782791138
qwen2_5_vl_7b,train,attention_x_gate,prompt,0,733,24,0.5352418809343957,0.535420298576355,0.5001708269119263,0.5747109055519104
qwen2_5_vl_7b,train,attention_x_gate,prompt,0,733,25,0.5064284682402826,0.5118113160133362,0.46528542041778564,0.5547863841056824
qwen2_5_vl_7b,train,attention_x_gate,prompt,0,733,26,0.5106243315635003,0.5187171697616577,0.4510698616504669,0.5748763084411621
qwen2_5_vl_7b,train,attention_x_gate,prompt,0,733,27,0.4599221140441026,0.46313995122909546,0.40109342336654663,0.5204449892044067
qwen2_5_vl_7b,train,attention_x_gate,prompt,0,733,28,0.32169356707948554,0.32188141345977783,0.24308639764785767,0.39389199018478394
qwen2_5_vl_7b,train,attention_x_gate,prompt,1,6252,1,0.1562309644439139,0.1343730092048645,0.06752467527985573,0.23285894095897675
qwen2_5_vl_7b,train,attention_x_gate,prompt,1,6252,2,0.1712141313765291,0.16550253331661224,0.10506548546254635,0.22574789449572563
qwen2_5_vl_7b,train,attention_x_gate,prompt,1,6252,3,0.24538102908023013,0.23258798569440842,0.16735656559467316,0.3109321892261505
qwen2_5_vl_7b,train,attention_x_gate,prompt,1,6252,4,0.16301841086660937,0.15358665585517883,0.10377645865082741,0.2109823040664196
qwen2_5_vl_7b,train,attention_x_gate,prompt,1,6252,5,0.7310580405878423,0.7576096653938293,0.7070704847574234,0.8002365827560425
qwen2_5_vl_7b,train,attention_x_gate,prompt,1,6252,6,0.6806486892937436,0.7072794437408447,0.6522607207298279,0.7535593062639236
qwen2_5_vl_7b,train,attention_x_gate,prompt,1,6252,7,0.5587220777851611,0.5730589032173157,0.515696182847023,0.62921342253685
qwen2_5_vl_7b,train,attention_x_gate,prompt,1,6252,8,0.5560778717957889,0.5745704770088196,0.5168600082397461,0.6281489729881287
qwen2_5_vl_7b,train,attention_x_gate,prompt,1,6252,9,0.5463244627157324,0.5623787045478821,0.5161155462265015,0.6069310754537582
qwen2_5_vl_7b,train,attention_x_gate,prompt,1,6252,10,0.4678004503389999,0.4825858324766159,0.42834625393152237,0.5242859721183777
qwen2_5_vl_7b,train,attention_x_gate,prompt,1,6252,11,0.5445041976260142,0.5608659386634827,0.5103109180927277,0.6086650639772415
qwen2_5_vl_7b,train,attention_x_gate,prompt,1,6252,12,0.5073724314670233,0.5118551254272461,0.45333725214004517,0.5893066972494125
qwen2_5_vl_7b,train,attention_x_gate,prompt,1,6252,13,0.4578320788922234,0.4649212807416916,0.4094621613621712,0.526841551065445
qwen2_5_vl_7b,train,attention_x_gate,prompt,1,6252,14,0.39830604670171565,0.4055148810148239,0.351333811879158,0.4599791094660759
qwen2_5_vl_7b,train,attention_x_gate,prompt,1,6252,15,0.40151512818735735,0.408541202545166,0.36089739203453064,0.4577767699956894
qwen2_5_vl_7b,train,attention_x_gate,prompt,1,6252,16,0.4242352860491432,0.424899086356163,0.3807602822780609,0.4761483073234558
qwen2_5_vl_7b,train,attention_x_gate,prompt,1,6252,17,0.3793771823798366,0.37825311720371246,0.3228524923324585,0.4497717022895813
qwen2_5_vl_7b,train,attention_x_gate,prompt,1,6252,18,0.42088991258321246,0.42715655267238617,0.36366067826747894,0.4878572151064873
qwen2_5_vl_7b,train,attention_x_gate,prompt,1,6252,19,0.34647988872998825,0.35871870815753937,0.2992027625441551,0.4098728969693184
qwen2_5_vl_7b,train,attention_x_gate,prompt,1,6252,20,0.29017943315629824,0.2930651605129242,0.24785573780536652,0.3414203003048897
qwen2_5_vl_7b,train,attention_x_gate,prompt,1,6252,21,0.34362278322336415,0.35020384192466736,0.2875876948237419,0.4140740856528282
qwen2_5_vl_7b,train,attention_x_gate,prompt,1,6252,22,0.37283356248561467,0.3840724676847458,0.33687976747751236,0.42912597209215164
qwen2_5_vl_7b,train,attention_x_gate,prompt,1,6252,23,0.4352057331486303,0.44507065415382385,0.38624436408281326,0.5031134337186813
qwen2_5_vl_7b,train,attention_x_gate,prompt,1,6252,24,0.5098698392250715,0.5301562249660492,0.4920828640460968,0.5650242567062378
qwen2_5_vl_7b,train,attention_x_gate,prompt,1,6252,25,0.5011095329884142,0.5282963216304779,0.47315141558647156,0.5705313086509705
qwen2_5_vl_7b,train,attention_x_gate,prompt,1,6252,26,0.5044620277414398,0.5316814184188843,0.45743099600076675,0.5918397456407547
qwen2_5_vl_7b,train,attention_x_gate,prompt,1,6252,27,0.42269898657080723,0.4376739412546158,0.3746829777956009,0.4983186423778534
qwen2_5_vl_7b,train,attention_x_gate,prompt,1,6252,28,0.3023603868317568,0.3019874691963196,0.23690112307667732,0.3701633960008621
qwen2_5_vl_7b,train,attention_x_gate,generated_text,0,733,1,0.5054841713641871,0.49769583344459534,0.4314473867416382,0.5937811732292175
qwen2_5_vl_7b,train,attention_x_gate,generated_text,0,733,2,0.42443587081087564,0.42451372742652893,0.36286911368370056,0.48611512780189514
qwen2_5_vl_7b,train,attention_x_gate,generated_text,0,733,3,0.35092353661218084,0.3475397825241089,0.29744842648506165,0.4032701253890991
qwen2_5_vl_7b,train,attention_x_gate,generated_text,0,733,4,0.391112833625623,0.38608038425445557,0.33156928420066833,0.4483763575553894
qwen2_5_vl_7b,train,attention_x_gate,generated_text,0,733,5,0.11506192168629999,0.11355196684598923,0.09264740347862244,0.1365235149860382
qwen2_5_vl_7b,train,attention_x_gate,generated_text,0,733,6,0.10686154060807755,0.10612501949071884,0.08387422561645508,0.12629996240139008
qwen2_5_vl_7b,train,attention_x_gate,generated_text,0,733,7,0.14539787330312748,0.14305026829242706,0.11787198483943939,0.1704748421907425
qwen2_5_vl_7b,train,attention_x_gate,generated_text,0,733,8,0.15301950644869433,0.14997176826000214,0.12234587967395782,0.17998820543289185
qwen2_5_vl_7b,train,attention_x_gate,generated_text,0,733,9,0.13282473968268255,0.1258336752653122,0.10118825733661652,0.15694989264011383
qwen2_5_vl_7b,train,attention_x_gate,generated_text,0,733,10,0.19068224543113502,0.1883823573589325,0.15297795832157135,0.22582224011421204
qwen2_5_vl_7b,train,attention_x_gate,generated_text,0,733,11,0.21038682650047955,0.2093813270330429,0.17561551928520203,0.24534501135349274
qwen2_5_vl_7b,train,attention_x_gate,generated_text,0,733,12,0.21523270144103168,0.2101059854030609,0.17378661036491394,0.2552827298641205
qwen2_5_vl_7b,train,attention_x_gate,generated_text,0,733,13,0.2369130862594708,0.2365560680627823,0.19960102438926697,0.27517640590667725
qwen2_5_vl_7b,train,attention_x_gate,generated_text,0,733,14,0.2669290243400233,0.2671211361885071,0.22239290177822113,0.31063246726989746
qwen2_5_vl_7b,train,attention_x_gate,generated_text,0,733,15,0.15204179075026902,0.14504574239253998,0.11730537563562393,0.1783170998096466
qwen2_5_vl_7b,train,attention_x_gate,generated_text,0,733,16,0.2714321397621017,0.27358075976371765,0.23577457666397095,0.3119032680988312
qwen2_5_vl_7b,train,attention_x_gate,generated_text,0,733,17,0.2028710813722783,0.19697517156600952,0.15448524057865143,0.24270129203796387
qwen2_5_vl_7b,train,attention_x_gate,generated_text,0,733,18,0.2449542576139653,0.24366140365600586,0.20456458628177643,0.2881040573120117
qwen2_5_vl_7b,train,attention_x_gate,generated_text,0,733,19,0.286259757647085,0.28464826941490173,0.2352490872144699,0.3341725170612335
qwen2_5_vl_7b,train,attention_x_gate,generated_text,0,733,20,0.24107737662359605,0.23804129660129547,0.1925274282693863,0.2821635901927948
qwen2_5_vl_7b,train,attention_x_gate,generated_text,0,733,21,0.2943405103126457,0.2929689586162567,0.25637495517730713,0.3378322422504425
qwen2_5_vl_7b,train,attention_x_gate,generated_text,0,733,22,0.25187181539091535,0.2498396933078766,0.21814940869808197,0.2832043766975403
qwen2_5_vl_7b,train,attention_x_gate,generated_text,0,733,23,0.1744194955528189,0.16857294738292694,0.14117269217967987,0.20485329627990723
qwen2_5_vl_7b,train,attention_x_gate,generated_text,0,733,24,0.23053452613449682,0.22586509585380554,0.1886095255613327,0.26577523350715637
qwen2_5_vl_7b,train,attention_x_gate,generated_text,0,733,25,0.2740265375249708,0.2715241312980652,0.23343199491500854,0.3135831952095032
qwen2_5_vl_7b,train,attention_x_gate,generated_text,0,733,26,0.2903820068701228,0.28517547249794006,0.24624373018741608,0.32509249448776245
qwen2_5_vl_7b,train,attention_x_gate,generated_text,0,733,27,0.23191015653078423,0.2227863222360611,0.19524341821670532,0.26195529103279114
qwen2_5_vl_7b,train,attention_x_gate,generated_text,0,733,28,0.31512564284495737,0.30808985233306885,0.27512046694755554,0.3506123721599579
qwen2_5_vl_7b,train,attention_x_gate,generated_text,1,6252,1,0.4188940747821571,0.42822209000587463,0.3107944279909134,0.5328465700149536
qwen2_5_vl_7b,train,attention_x_gate,generated_text,1,6252,2,0.3621395657474195,0.3609848767518997,0.28094329684972763,0.4379677101969719
qwen2_5_vl_7b,train,attention_x_gate,generated_text,1,6252,3,0.289535658547246,0.2894180119037628,0.2122368924319744,0.3592747002840042
qwen2_5_vl_7b,train,attention_x_gate,generated_text,1,6252,4,0.3392911426298754,0.33692052960395813,0.2689346969127655,0.403388611972332
qwen2_5_vl_7b,train,attention_x_gate,generated_text,1,6252,5,0.09225903340449684,0.08890416845679283,0.06415400840342045,0.11656217835843563
qwen2_5_vl_7b,train,attention_x_gate,generated_text,1,6252,6,0.08562878974068669,0.07936208322644234,0.05595000181347132,0.11049603670835495
qwen2_5_vl_7b,train,attention_x_gate,generated_text,1,6252,7,0.12441005792959771,0.11831260845065117,0.08837717212736607,0.15175366774201393
qwen2_5_vl_7b,train,attention_x_gate,generated_text,1,6252,8,0.1259877629204512,0.12205076962709427,0.08933331444859505,0.15331709012389183
qwen2_5_vl_7b,train,attention_x_gate,generated_text,1,6252,9,0.105343837507,0.09842381626367569,0.06984179839491844,0.1295543685555458
qwen2_5_vl_7b,train,attention_x_gate,generated_text,1,6252,10,0.15718552492700769,0.15204371511936188,0.11260665208101273,0.19064579531550407
qwen2_5_vl_7b,train,attention_x_gate,generated_text,1,6252,11,0.1758135135952319,0.17125717550516129,0.13838303834199905,0.20886756107211113
qwen2_5_vl_7b,train,attention_x_gate,generated_text,1,6252,12,0.16601945632283344,0.15854549407958984,0.12002882547676563,0.20489564165472984
qwen2_5_vl_7b,train,attention_x_gate,generated_text,1,6252,13,0.18953094365085957,0.18687167763710022,0.1398283950984478,0.2310589887201786
qwen2_5_vl_7b,train,attention_x_gate,generated_text,1,6252,14,0.20260744103929476,0.197076678276062,0.14527831599116325,0.2501029521226883
qwen2_5_vl_7b,train,attention_x_gate,generated_text,1,6252,15,0.11838885566984766,0.10963373258709908,0.08836332522332668,0.14125913381576538
qwen2_5_vl_7b,train,attention_x_gate,generated_text,1,6252,16,0.22804447917192602,0.2263566181063652,0.1844267025589943,0.27050601691007614
qwen2_5_vl_7b,train,attention_x_gate,generated_text,1,6252,17,0.16032006040719587,0.14704818278551102,0.11087166890501976,0.1973460614681244
qwen2_5_vl_7b,train,attention_x_gate,generated_text,1,6252,18,0.20037725772494147,0.19469772279262543,0.14716557785868645,0.2444683574140072
qwen2_5_vl_7b,train,attention_x_gate,generated_text,1,6252,19,0.25833983808131417,0.25004225969314575,0.2078113853931427,0.29669760912656784
qwen2_5_vl_7b,train,attention_x_gate,generated_text,1,6252,20,0.2050199299140268,0.1958146095275879,0.1603449396789074,0.23662547394633293
qwen2_5_vl_7b,train,attention_x_gate,generated_text,1,6252,21,0.2523766508384328,0.24469208717346191,0.19106928631663322,0.3061426877975464
qwen2_5_vl_7b,train,attention_x_gate,generated_text,1,6252,22,0.23545041033534556,0.22895733267068863,0.19557664915919304,0.26682577282190323
qwen2_5_vl_7b,train,attention_x_gate,generated_text,1,6252,23,0.14219400577831975,0.13244757056236267,0.09120680391788483,0.17966203391551971
qwen2_5_vl_7b,train,attention_x_gate,generated_text,1,6252,24,0.20580072306520802,0.19799436628818512,0.16657205671072006,0.23994817584753036
qwen2_5_vl_7b,train,attention_x_gate,generated_text,1,6252,25,0.2418281652765636,0.23421183228492737,0.19204222783446312,0.28646736592054367
qwen2_5_vl_7b,train,attention_x_gate,generated_text,1,6252,26,0.2560169806612163,0.2447076365351677,0.20576434582471848,0.29688236117362976
qwen2_5_vl_7b,train,attention_x_gate,generated_text,1,6252,27,0.21082080739073011,0.19398962706327438,0.1687426194548607,0.23668086528778076
qwen2_5_vl_7b,train,attention_x_gate,generated_text,1,6252,28,0.28816774848107335,0.2791192829608917,0.23655462637543678,0.32572173327207565
qwen2_5_vl_7b,test,raw_attention,BOS,0,183,1,0.0,0.0,0.0,0.0
qwen2_5_vl_7b,test,raw_attention,BOS,0,183,2,0.0,0.0,0.0,0.0
qwen2_5_vl_7b,test,raw_attention,BOS,0,183,3,0.0,0.0,0.0,0.0
qwen2_5_vl_7b,test,raw_attention,BOS,0,183,4,0.0,0.0,0.0,0.0
qwen2_5_vl_7b,test,raw_attention,BOS,0,183,5,0.0,0.0,0.0,0.0
qwen2_5_vl_7b,test,raw_attention,BOS,0,183,6,0.0,0.0,0.0,0.0
qwen2_5_vl_7b,test,raw_attention,BOS,0,183,7,0.0,0.0,0.0,0.0
qwen2_5_vl_7b,test,raw_attention,BOS,0,183,8,0.0,0.0,0.0,0.0
qwen2_5_vl_7b,test,raw_attention,BOS,0,183,9,0.0,0.0,0.0,0.0
qwen2_5_vl_7b,test,raw_attention,BOS,0,183,10,0.0,0.0,0.0,0.0
qwen2_5_vl_7b,test,raw_attention,BOS,0,183,11,0.0,0.0,0.0,0.0
qwen2_5_vl_7b,test,raw_attention,BOS,0,183,12,0.0,0.0,0.0,0.0
qwen2_5_vl_7b,test,raw_attention,BOS,0,183,13,0.0,0.0,0.0,0.0
qwen2_5_vl_7b,test,raw_attention,BOS,0,183,14,0.0,0.0,0.0,0.0
qwen2_5_vl_7b,test,raw_attention,BOS,0,183,15,0.0,0.0,0.0,0.0
qwen2_5_vl_7b,test,raw_attention,BOS,0,183,16,0.0,0.0,0.0,0.0
qwen2_5_vl_7b,test,raw_attention,BOS,0,183,17,0.0,0.0,0.0,0.0
qwen2_5_vl_7b,test,raw_attention,BOS,0,183,18,0.0,0.0,0.0,0.0
qwen2_5_vl_7b,test,raw_attention,BOS,0,183,19,0.0,0.0,0.0,0.0
qwen2_5_vl_7b,test,raw_attention,BOS,0,183,20,0.0,0.0,0.0,0.0
qwen2_5_vl_7b,test,raw_attention,BOS,0,183,21,0.0,0.0,0.0,0.0
qwen2_5_vl_7b,test,raw_attention,BOS,0,183,22,0.0,0.0,0.0,0.0
qwen2_5_vl_7b,test,raw_attention,BOS,0,183,23,0.0,0.0,0.0,0.0
qwen2_5_vl_7b,test,raw_attention,BOS,0,183,24,0.0,0.0,0.0,0.0
qwen2_5_vl_7b,test,raw_attention,BOS,0,183,25,0.0,0.0,0.0,0.0
qwen2_5_vl_7b,test,raw_attention,BOS,0,183,26,0.0,0.0,0.0,0.0
qwen2_5_vl_7b,test,raw_attention,BOS,0,183,27,0.0,0.0,0.0,0.0
qwen2_5_vl_7b,test,raw_attention,BOS,0,183,28,0.0,0.0,0.0,0.0
qwen2_5_vl_7b,test,raw_attention,BOS,1,1549,1,0.0,0.0,0.0,0.0
qwen2_5_vl_7b,test,raw_attention,BOS,1,1549,2,0.0,0.0,0.0,0.0
qwen2_5_vl_7b,test,raw_attention,BOS,1,1549,3,0.0,0.0,0.0,0.0
qwen2_5_vl_7b,test,raw_attention,BOS,1,1549,4,0.0,0.0,0.0,0.0
qwen2_5_vl_7b,test,raw_attention,BOS,1,1549,5,0.0,0.0,0.0,0.0
qwen2_5_vl_7b,test,raw_attention,BOS,1,1549,6,0.0,0.0,0.0,0.0
qwen2_5_vl_7b,test,raw_attention,BOS,1,1549,7,0.0,0.0,0.0,0.0
qwen2_5_vl_7b,test,raw_attention,BOS,1,1549,8,0.0,0.0,0.0,0.0
qwen2_5_vl_7b,test,raw_attention,BOS,1,1549,9,0.0,0.0,0.0,0.0
qwen2_5_vl_7b,test,raw_attention,BOS,1,1549,10,0.0,0.0,0.0,0.0
qwen2_5_vl_7b,test,raw_attention,BOS,1,1549,11,0.0,0.0,0.0,0.0
qwen2_5_vl_7b,test,raw_attention,BOS,1,1549,12,0.0,0.0,0.0,0.0
qwen2_5_vl_7b,test,raw_attention,BOS,1,1549,13,0.0,0.0,0.0,0.0
qwen2_5_vl_7b,test,raw_attention,BOS,1,1549,14,0.0,0.0,0.0,0.0
qwen2_5_vl_7b,test,raw_attention,BOS,1,1549,15,0.0,0.0,0.0,0.0
qwen2_5_vl_7b,test,raw_attention,BOS,1,1549,16,0.0,0.0,0.0,0.0
qwen2_5_vl_7b,test,raw_attention,BOS,1,1549,17,0.0,0.0,0.0,0.0
qwen2_5_vl_7b,test,raw_attention,BOS,1,1549,18,0.0,0.0,0.0,0.0
qwen2_5_vl_7b,test,raw_attention,BOS,1,1549,19,0.0,0.0,0.0,0.0
qwen2_5_vl_7b,test,raw_attention,BOS,1,1549,20,0.0,0.0,0.0,0.0
qwen2_5_vl_7b,test,raw_attention,BOS,1,1549,21,0.0,0.0,0.0,0.0
qwen2_5_vl_7b,test,raw_attention,BOS,1,1549,22,0.0,0.0,0.0,0.0
qwen2_5_vl_7b,test,raw_attention,BOS,1,1549,23,0.0,0.0,0.0,0.0
qwen2_5_vl_7b,test,raw_attention,BOS,1,1549,24,0.0,0.0,0.0,0.0
qwen2_5_vl_7b,test,raw_attention,BOS,1,1549,25,0.0,0.0,0.0,0.0
qwen2_5_vl_7b,test,raw_attention,BOS,1,1549,26,0.0,0.0,0.0,0.0
qwen2_5_vl_7b,test,raw_attention,BOS,1,1549,27,0.0,0.0,0.0,0.0
qwen2_5_vl_7b,test,raw_attention,BOS,1,1549,28,0.0,0.0,0.0,0.0
qwen2_5_vl_7b,test,raw_attention,visual,0,183,1,0.030234228514257024,0.026217343285679817,0.019026988185942173,0.037692299112677574
qwen2_5_vl_7b,test,raw_attention,visual,0,183,2,0.027304248772357983,0.023663347586989403,0.018255461007356644,0.03283725120127201
qwen2_5_vl_7b,test,raw_attention,visual,0,183,3,0.02565423370201568,0.0222618505358696,0.017879778519272804,0.029589087702333927
qwen2_5_vl_7b,test,raw_attention,visual,0,183,4,0.03211611480060252,0.02512017823755741,0.018418421037495136,0.03728781081736088
qwen2_5_vl_7b,test,raw_attention,visual,0,183,5,0.017736102342402024,0.013865566812455654,0.009851580951362848,0.02159358374774456
qwen2_5_vl_7b,test,raw_attention,visual,0,183,6,0.041656788667572324,0.03453757241368294,0.02440465148538351,0.05347319133579731
qwen2_5_vl_7b,test,raw_attention,visual,0,183,7,0.02125336389601882,0.019087688997387886,0.013710809871554375,0.024560747668147087
qwen2_5_vl_7b,test,raw_attention,visual,0,183,8,0.05108663064168125,0.04435190185904503,0.027624369598925114,0.06985332071781158
qwen2_5_vl_7b,test,raw_attention,visual,0,183,9,0.11080435608498386,0.10653533041477203,0.06675462797284126,0.14889081567525864
qwen2_5_vl_7b,test,raw_attention,visual,0,183,10,0.12812686980259222,0.1267298310995102,0.09726151078939438,0.15097417682409286
qwen2_5_vl_7b,test,raw_attention,visual,0,183,11,0.06641167655709337,0.06253494322299957,0.05173312686383724,0.08171506598591805
qwen2_5_vl_7b,test,raw_attention,visual,0,183,12,0.11600725097286571,0.11203210055828094,0.08582878112792969,0.14958727359771729
qwen2_5_vl_7b,test,raw_attention,visual,0,183,13,0.1331670687640788,0.13179044425487518,0.10368632897734642,0.16085431724786758
qwen2_5_vl_7b,test,raw_attention,visual,0,183,14,0.15397790733908043,0.14581607282161713,0.11369325965642929,0.18379966914653778
qwen2_5_vl_7b,test,raw_attention,visual,0,183,15,0.30523335223233766,0.31234022974967957,0.24346888810396194,0.3730269819498062
qwen2_5_vl_7b,test,raw_attention,visual,0,183,16,0.1203350916586287,0.11314041912555695,0.08795586973428726,0.1570533588528633
qwen2_5_vl_7b,test,raw_attention,visual,0,183,17,0.23516668713157945,0.23291033506393433,0.1838149055838585,0.2941974401473999
qwen2_5_vl_7b,test,raw_attention,visual,0,183,18,0.15442574527012845,0.15392042696475983,0.10531804710626602,0.19706980139017105
qwen2_5_vl_7b,test,raw_attention,visual,0,183,19,0.12703997430091346,0.12473515421152115,0.09113984927535057,0.15371917933225632
qwen2_5_vl_7b,test,raw_attention,visual,0,183,20,0.2550812539507131,0.25614362955093384,0.20275146514177322,0.3052218407392502
qwen2_5_vl_7b,test,raw_attention,visual,0,183,21,0.20189108221175892,0.1969461888074875,0.14802301675081253,0.24031177163124084
qwen2_5_vl_7b,test,raw_attention,visual,0,183,22,0.23542135473483247,0.23411042988300323,0.19209149479866028,0.27670806646347046
qwen2_5_vl_7b,test,raw_attention,visual,0,183,23,0.28458677435833246,0.2914007902145386,0.2036193460226059,0.3531225621700287
qwen2_5_vl_7b,test,raw_attention,visual,0,183,24,0.1707795275975772,0.1660223752260208,0.11188347265124321,0.22460472583770752
qwen2_5_vl_7b,test,raw_attention,visual,0,183,25,0.1600185816730958,0.15553821623325348,0.11068416014313698,0.2027205005288124
qwen2_5_vl_7b,test,raw_attention,visual,0,183,26,0.14937638782494056,0.13955195248126984,0.0965745858848095,0.19455763697624207
qwen2_5_vl_7b,test,raw_attention,visual,0,183,27,0.26400407049499575,0.2557888627052307,0.19296865910291672,0.3258858174085617
qwen2_5_vl_7b,test,raw_attention,visual,0,183,28,0.3107647534073051,0.29605236649513245,0.20563716441392899,0.4137473702430725
qwen2_5_vl_7b,test,raw_attention,visual,1,1549,1,0.045243496240613884,0.042891331017017365,0.02789945714175701,0.06148168444633484
qwen2_5_vl_7b,test,raw_attention,visual,1,1549,2,0.03748871889590659,0.03725109621882439,0.024927327409386635,0.04751285910606384
qwen2_5_vl_7b,test,raw_attention,visual,1,1549,3,0.03662240299473777,0.031883031129837036,0.02325298823416233,0.047775328159332275
qwen2_5_vl_7b,test,raw_attention,visual,1,1549,4,0.050320384775638924,0.04143574461340904,0.024838481098413467,0.06985052675008774
qwen2_5_vl_7b,test,raw_attention,visual,1,1549,5,0.027162276478959253,0.022836489602923393,0.012911351397633553,0.03464142233133316
qwen2_5_vl_7b,test,raw_attention,visual,1,1549,6,0.05915516259790843,0.05285259336233139,0.033550672233104706,0.07641804218292236
qwen2_5_vl_7b,test,raw_attention,visual,1,1549,7,0.03263886625069242,0.029689736664295197,0.01851375214755535,0.045289330184459686
qwen2_5_vl_7b,test,raw_attention,visual,1,1549,8,0.06698717889354941,0.06751328706741333,0.03583502396941185,0.09129851311445236
qwen2_5_vl_7b,test,raw_attention,visual,1,1549,9,0.13946718324079216,0.1391146332025528,0.09045761078596115,0.1769057810306549
qwen2_5_vl_7b,test,raw_attention,visual,1,1549,10,0.1618264130045515,0.16266639530658722,0.12023650854825974,0.2035844773054123
qwen2_5_vl_7b,test,raw_attention,visual,1,1549,11,0.08727912395817376,0.08702415227890015,0.06510623544454575,0.11010533571243286
qwen2_5_vl_7b,test,raw_attention,visual,1,1549,12,0.14026207484189468,0.14640578627586365,0.11321034282445908,0.17088057100772858
qwen2_5_vl_7b,test,raw_attention,visual,1,1549,13,0.16796148337154446,0.17088593542575836,0.13450641930103302,0.20750421285629272
qwen2_5_vl_7b,test,raw_attention,visual,1,1549,14,0.1987733971075022,0.19399209320545197,0.1460208147764206,0.2540859580039978
qwen2_5_vl_7b,test,raw_attention,visual,1,1549,15,0.3379497448928784,0.34378746151924133,0.29763954877853394,0.3887641727924347
qwen2_5_vl_7b,test,raw_attention,visual,1,1549,16,0.14070719128066952,0.13786962628364563,0.10701965540647507,0.1704646199941635
qwen2_5_vl_7b,test,raw_attention,visual,1,1549,17,0.27926683952109593,0.2855006456375122,0.23527823388576508,0.3301909863948822
qwen2_5_vl_7b,test,raw_attention,visual,1,1549,18,0.1978766827875949,0.20186464488506317,0.1532326340675354,0.24028675258159637
qwen2_5_vl_7b,test,raw_attention,visual,1,1549,19,0.16162746620537044,0.15798836946487427,0.12681423127651215,0.20044969022274017
qwen2_5_vl_7b,test,raw_attention,visual,1,1549,20,0.2955124841905587,0.3071357309818268,0.2589033842086792,0.3427620232105255
qwen2_5_vl_7b,test,raw_attention,visual,1,1549,21,0.24785864449619016,0.2550429403781891,0.19016797840595245,0.3067050576210022
qwen2_5_vl_7b,test,raw_attention,visual,1,1549,22,0.2616920194283772,0.26482245326042175,0.22467650473117828,0.3049161732196808
qwen2_5_vl_7b,test,raw_attention,visual,1,1549,23,0.3416745785510755,0.35402825474739075,0.276851624250412,0.41590186953544617
qwen2_5_vl_7b,test,raw_attention,visual,1,1549,24,0.2054845052112911,0.21084754168987274,0.15518341958522797,0.25660350918769836
qwen2_5_vl_7b,test,raw_attention,visual,1,1549,25,0.18090170973237288,0.18501366674900055,0.14081186056137085,0.2201174646615982
qwen2_5_vl_7b,test,raw_attention,visual,1,1549,26,0.1691225031781593,0.16752038896083832,0.12334679067134857,0.2086125612258911
qwen2_5_vl_7b,test,raw_attention,visual,1,1549,27,0.2982372786919481,0.29838937520980835,0.23157250881195068,0.36547696590423584
qwen2_5_vl_7b,test,raw_attention,visual,1,1549,28,0.35388833912795326,0.3584591746330261,0.2714594006538391,0.43415722250938416
qwen2_5_vl_7b,test,raw_attention,prompt,0,183,1,0.14204255762240275,0.10584677010774612,0.06833817437291145,0.16916340589523315
qwen2_5_vl_7b,test,raw_attention,prompt,0,183,2,0.20823872337738672,0.18438152968883514,0.13514427095651627,0.2507123500108719
qwen2_5_vl_7b,test,raw_attention,prompt,0,183,3,0.2732978411059562,0.24863390624523163,0.19734708219766617,0.32169197499752045
qwen2_5_vl_7b,test,raw_attention,prompt,0,183,4,0.18221066090090027,0.1556186079978943,0.1281622350215912,0.21493741124868393
qwen2_5_vl_7b,test,raw_attention,prompt,0,183,5,0.7373201003491553,0.7358914613723755,0.6951342225074768,0.7827779352664948
qwen2_5_vl_7b,test,raw_attention,prompt,0,183,6,0.6926750706844642,0.69831383228302,0.6537570655345917,0.7368404865264893
qwen2_5_vl_7b,test,raw_attention,prompt,0,183,7,0.5661903805420047,0.5607446432113647,0.513958603143692,0.6157180070877075
qwen2_5_vl_7b,test,raw_attention,prompt,0,183,8,0.5397374100698148,0.5382394194602966,0.4880994111299515,0.5784317553043365
qwen2_5_vl_7b,test,raw_attention,prompt,0,183,9,0.5471232421085482,0.5465891361236572,0.5146539509296417,0.5774696171283722
qwen2_5_vl_7b,test,raw_attention,prompt,0,183,10,0.46480014513099127,0.46938925981521606,0.40825316309928894,0.5170498788356781
qwen2_5_vl_7b,test,raw_attention,prompt,0,183,11,0.5419661731667857,0.5366780161857605,0.4996940642595291,0.5831939578056335
qwen2_5_vl_7b,test,raw_attention,prompt,0,183,12,0.48724156455264067,0.4840528070926666,0.43579861521720886,0.5253562927246094
qwen2_5_vl_7b,test,raw_attention,prompt,0,183,13,0.4481379653586716,0.4340052008628845,0.3959782272577286,0.4914901554584503
qwen2_5_vl_7b,test,raw_attention,prompt,0,183,14,0.3798179974158605,0.37329190969467163,0.32969023287296295,0.41693732142448425
qwen2_5_vl_7b,test,raw_attention,prompt,0,183,15,0.41260448855454807,0.407433420419693,0.3687054216861725,0.4553881287574768
qwen2_5_vl_7b,test,raw_attention,prompt,0,183,16,0.4166144857315418,0.41814494132995605,0.3819302022457123,0.46067866683006287
qwen2_5_vl_7b,test,raw_attention,prompt,0,183,17,0.3870436803239291,0.38268446922302246,0.3326747268438339,0.4455781430006027
qwen2_5_vl_7b,test,raw_attention,prompt,0,183,18,0.4303048817349262,0.43293264508247375,0.380964457988739,0.49130675196647644
qwen2_5_vl_7b,test,raw_attention,prompt,0,183,19,0.36769828289910095,0.3763982951641083,0.325674369931221,0.4125465154647827
qwen2_5_vl_7b,test,raw_attention,prompt,0,183,20,0.2877582145518944,0.28154924511909485,0.2487264946103096,0.3202400505542755
qwen2_5_vl_7b,test,raw_attention,prompt,0,183,21,0.34426749851859983,0.34390899538993835,0.29620641469955444,0.38815751671791077
qwen2_5_vl_7b,test,raw_attention,prompt,0,183,22,0.38343785971891686,0.3850439786911011,0.34770648181438446,0.4222536236047745
qwen2_5_vl_7b,test,raw_attention,prompt,0,183,23,0.4758061348089104,0.4755529761314392,0.41234779357910156,0.5352932810783386
qwen2_5_vl_7b,test,raw_attention,prompt,0,183,24,0.5432146851156578,0.5407099723815918,0.5003310889005661,0.5838561356067657
qwen2_5_vl_7b,test,raw_attention,prompt,0,183,25,0.5209420517168409,0.526718020439148,0.4782435894012451,0.5692420899868011
qwen2_5_vl_7b,test,raw_attention,prompt,0,183,26,0.520609997009319,0.5241414904594421,0.4621867537498474,0.5814804434776306
qwen2_5_vl_7b,test,raw_attention,prompt,0,183,27,0.4751586431199736,0.48223552107810974,0.40305860340595245,0.5360735952854156
qwen2_5_vl_7b,test,raw_attention,prompt,0,183,28,0.3315804220451032,0.3262942433357239,0.2535850256681442,0.40874171257019043
qwen2_5_vl_7b,test,raw_attention,prompt,1,1549,1,0.2638059294222823,0.22525623440742493,0.1126941442489624,0.40721479058265686
qwen2_5_vl_7b,test,raw_attention,prompt,1,1549,2,0.30906715042037763,0.31213781237602234,0.18707475066184998,0.440563827753067
qwen2_5_vl_7b,test,raw_attention,prompt,1,1549,3,0.38667513360374584,0.3718598484992981,0.2564261555671692,0.5155913233757019
qwen2_5_vl_7b,test,raw_attention,prompt,1,1549,4,0.27880458592445023,0.27086541056632996,0.16695758700370789,0.38029745221138
qwen2_5_vl_7b,test,raw_attention,prompt,1,1549,5,0.7791106099848443,0.785610556602478,0.7362512350082397,0.8328174948692322
qwen2_5_vl_7b,test,raw_attention,prompt,1,1549,6,0.7282256343196946,0.7316743731498718,0.6773049831390381,0.784649133682251
qwen2_5_vl_7b,test,raw_attention,prompt,1,1549,7,0.6194098021539278,0.6192294359207153,0.5545557737350464,0.6881842017173767
qwen2_5_vl_7b,test,raw_attention,prompt,1,1549,8,0.6001393526234574,0.6013278365135193,0.5393435955047607,0.6723237633705139
qwen2_5_vl_7b,test,raw_attention,prompt,1,1549,9,0.5944593366382197,0.5920004844665527,0.5421438217163086,0.6504284739494324
qwen2_5_vl_7b,test,raw_attention,prompt,1,1549,10,0.5113691666805028,0.5176522731781006,0.4595166742801666,0.5620723366737366
qwen2_5_vl_7b,test,raw_attention,prompt,1,1549,11,0.5890090245250889,0.5931503772735596,0.5358709096908569,0.6476606130599976
qwen2_5_vl_7b,test,raw_attention,prompt,1,1549,12,0.5437551054206489,0.5319884419441223,0.4753172993659973,0.6241075992584229
qwen2_5_vl_7b,test,raw_attention,prompt,1,1549,13,0.49661158616886053,0.4900979995727539,0.430423378944397,0.5661876797676086
qwen2_5_vl_7b,test,raw_attention,prompt,1,1549,14,0.442914130400657,0.44501715898513794,0.38232630491256714,0.5029305219650269
qwen2_5_vl_7b,test,raw_attention,prompt,1,1549,15,0.4391987305002262,0.4335194528102875,0.3839886784553528,0.4934094250202179
qwen2_5_vl_7b,test,raw_attention,prompt,1,1549,16,0.46745883621963247,0.4538111388683319,0.4038594663143158,0.5178002715110779
qwen2_5_vl_7b,test,raw_attention,prompt,1,1549,17,0.4171807059574466,0.40565329790115356,0.3465633690357208,0.48079055547714233
qwen2_5_vl_7b,test,raw_attention,prompt,1,1549,18,0.4579687829149239,0.44811171293258667,0.3848666846752167,0.5201655030250549
qwen2_5_vl_7b,test,raw_attention,prompt,1,1549,19,0.38750654342599344,0.39031919836997986,0.3312477171421051,0.4478940963745117
qwen2_5_vl_7b,test,raw_attention,prompt,1,1549,20,0.3262148173471818,0.32104137539863586,0.27397778630256653,0.3724949359893799
qwen2_5_vl_7b,test,raw_attention,prompt,1,1549,21,0.37522167849533017,0.3694491386413574,0.30850937962532043,0.44480186700820923
qwen2_5_vl_7b,test,raw_attention,prompt,1,1549,22,0.40005390296027,0.4001159965991974,0.35282838344573975,0.4509851932525635
qwen2_5_vl_7b,test,raw_attention,prompt,1,1549,23,0.46443621952776915,0.4616437256336212,0.4074929654598236,0.5193954706192017
qwen2_5_vl_7b,test,raw_attention,prompt,1,1549,24,0.5400107274561871,0.5407329201698303,0.505596935749054,0.5770056247711182
qwen2_5_vl_7b,test,raw_attention,prompt,1,1549,25,0.5344698372350499,0.5442139506340027,0.4940532445907593,0.5838509798049927
qwen2_5_vl_7b,test,raw_attention,prompt,1,1549,26,0.5411172424346267,0.5511501431465149,0.48469623923301697,0.6052745580673218
qwen2_5_vl_7b,test,raw_attention,prompt,1,1549,27,0.46540409142814043,0.46246206760406494,0.40978947281837463,0.5185545682907104
qwen2_5_vl_7b,test,raw_attention,prompt,1,1549,28,0.32810790191318545,0.32349029183387756,0.2603831887245178,0.39117053151130676
qwen2_5_vl_7b,test,raw_attention,generated_text,0,183,1,0.8277471645282266,0.8704914450645447,0.8004993498325348,0.9082217216491699
qwen2_5_vl_7b,test,raw_attention,generated_text,0,183,2,0.7644608711284366,0.7948564291000366,0.7090868949890137,0.8431563973426819
qwen2_5_vl_7b,test,raw_attention,generated_text,0,183,3,0.701039321924168,0.727086067199707,0.655189573764801,0.7811075448989868
qwen2_5_vl_7b,test,raw_attention,generated_text,0,183,4,0.7856855762135135,0.8141595125198364,0.752998948097229,0.8499568104743958
qwen2_5_vl_7b,test,raw_attention,generated_text,0,183,5,0.24497294279395557,0.24758464097976685,0.19528958201408386,0.2932998090982437
qwen2_5_vl_7b,test,raw_attention,generated_text,0,183,6,0.26566698520235676,0.26362180709838867,0.22323276847600937,0.317576065659523
qwen2_5_vl_7b,test,raw_attention,generated_text,0,183,7,0.41257557989469645,0.42097198963165283,0.3612155169248581,0.4652700871229172
qwen2_5_vl_7b,test,raw_attention,generated_text,0,183,8,0.40917904675006866,0.4136944115161896,0.3722100704908371,0.4671403020620346
qwen2_5_vl_7b,test,raw_attention,generated_text,0,183,9,0.3420836485800196,0.3468502461910248,0.3034830838441849,0.3919259160757065
qwen2_5_vl_7b,test,raw_attention,generated_text,0,183,10,0.40708068762320637,0.41130560636520386,0.3532419800758362,0.4704228788614273
qwen2_5_vl_7b,test,raw_attention,generated_text,0,183,11,0.39161107163937364,0.3967975378036499,0.3506283313035965,0.43624116480350494
qwen2_5_vl_7b,test,raw_attention,generated_text,0,183,12,0.3967646496380613,0.4055018126964569,0.34464406967163086,0.45460665225982666
qwen2_5_vl_7b,test,raw_attention,generated_text,0,183,13,0.41869378879747754,0.43163320422172546,0.37485185265541077,0.47900111973285675
qwen2_5_vl_7b,test,raw_attention,generated_text,0,183,14,0.46620140872040733,0.48784616589546204,0.41239766776561737,0.5279046595096588
qwen2_5_vl_7b,test,raw_attention,generated_text,0,183,15,0.2821604649388725,0.2841123044490814,0.23671592772006989,0.32676516473293304
qwen2_5_vl_7b,test,raw_attention,generated_text,0,183,16,0.46303247721468815,0.4709106683731079,0.42835843563079834,0.5081199407577515
qwen2_5_vl_7b,test,raw_attention,generated_text,0,183,17,0.37778610235354937,0.38404834270477295,0.3283272236585617,0.44267453253269196
qwen2_5_vl_7b,test,raw_attention,generated_text,0,183,18,0.41527047411340184,0.4226192831993103,0.3631584495306015,0.47595080733299255
qwen2_5_vl_7b,test,raw_attention,generated_text,0,183,19,0.5052764062347308,0.5036085247993469,0.4611511528491974,0.554381787776947
qwen2_5_vl_7b,test,raw_attention,generated_text,0,183,20,0.45714532531024327,0.46857133507728577,0.40888479351997375,0.5102695226669312
qwen2_5_vl_7b,test,raw_attention,generated_text,0,183,21,0.45382335676195845,0.4641900062561035,0.39185868203639984,0.5165553987026215
qwen2_5_vl_7b,test,raw_attention,generated_text,0,183,22,0.3811211725238894,0.3828754425048828,0.3340616077184677,0.42273788154125214
qwen2_5_vl_7b,test,raw_attention,generated_text,0,183,23,0.2396245900276906,0.2390514463186264,0.18443504720926285,0.2886694371700287
qwen2_5_vl_7b,test,raw_attention,generated_text,0,183,24,0.2860047764302603,0.2813125252723694,0.23860317468643188,0.3276645690202713
qwen2_5_vl_7b,test,raw_attention,generated_text,0,183,25,0.3190283137755316,0.31827113032341003,0.26442481577396393,0.3690144866704941
qwen2_5_vl_7b,test,raw_attention,generated_text,0,183,26,0.32999625891609924,0.3171824514865875,0.2739814966917038,0.37287911772727966
qwen2_5_vl_7b,test,raw_attention,generated_text,0,183,27,0.26082034645184793,0.25334683060646057,0.21095804125070572,0.3005881905555725
qwen2_5_vl_7b,test,raw_attention,generated_text,0,183,28,0.3576805583440541,0.3566902279853821,0.30193498730659485,0.39937758445739746
qwen2_5_vl_7b,test,raw_attention,generated_text,1,1549,1,0.6909576830285222,0.7282355427742004,0.5287026762962341,0.8595046401023865
qwen2_5_vl_7b,test,raw_attention,generated_text,1,1549,2,0.6534433497814612,0.6486366391181946,0.5118626952171326,0.7856963872909546
qwen2_5_vl_7b,test,raw_attention,generated_text,1,1549,3,0.5766982833672678,0.5960125923156738,0.4323950409889221,0.716231644153595
qwen2_5_vl_7b,test,raw_attention,generated_text,1,1549,4,0.670871583202564,0.6862898468971252,0.5380946397781372,0.8022540807723999
qwen2_5_vl_7b,test,raw_attention,generated_text,1,1549,5,0.19373050998725608,0.1882437765598297,0.12707602977752686,0.24712130427360535
qwen2_5_vl_7b,test,raw_attention,generated_text,1,1549,6,0.21261090393255724,0.2090325504541397,0.13072919845581055,0.27895963191986084
qwen2_5_vl_7b,test,raw_attention,generated_text,1,1549,7,0.3479470616967698,0.34985223412513733,0.26950663328170776,0.42127862572669983
qwen2_5_vl_7b,test,raw_attention,generated_text,1,1549,8,0.33287705915870014,0.3289754092693329,0.2498127967119217,0.40724977850914
qwen2_5_vl_7b,test,raw_attention,generated_text,1,1549,9,0.2660686248411972,0.2644129693508148,0.18158063292503357,0.332502156496048
qwen2_5_vl_7b,test,raw_attention,generated_text,1,1549,10,0.32680243197912706,0.32613757252693176,0.23044605553150177,0.4030103385448456
qwen2_5_vl_7b,test,raw_attention,generated_text,1,1549,11,0.3237102008427705,0.3215087354183197,0.2585350573062897,0.3873506784439087
qwen2_5_vl_7b,test,raw_attention,generated_text,1,1549,12,0.3159882821445699,0.32064568996429443,0.21755285561084747,0.3981761932373047
qwen2_5_vl_7b,test,raw_attention,generated_text,1,1549,13,0.3354196067468977,0.3451623022556305,0.24656254053115845,0.42105981707572937
qwen2_5_vl_7b,test,raw_attention,generated_text,1,1549,14,0.3583085850371785,0.36460912227630615,0.2537848651409149,0.45150136947631836
qwen2_5_vl_7b,test,raw_attention,generated_text,1,1549,15,0.22285543525984705,0.21614408493041992,0.15904346108436584,0.2707466185092926
qwen2_5_vl_7b,test,raw_attention,generated_text,1,1549,16,0.3918318463533905,0.40668922662734985,0.3225257992744446,0.46739429235458374
qwen2_5_vl_7b,test,raw_attention,generated_text,1,1549,17,0.303553863248762,0.3042256534099579,0.19394861161708832,0.3925461173057556
qwen2_5_vl_7b,test,raw_attention,generated_text,1,1549,18,0.34414965920559126,0.34685802459716797,0.2398614138364792,0.433762788772583
qwen2_5_vl_7b,test,raw_attention,generated_text,1,1549,19,0.45086332884352004,0.45090100169181824,0.360441654920578,0.5297474265098572
qwen2_5_vl_7b,test,raw_attention,generated_text,1,1549,20,0.3782704386251676,0.3756933808326721,0.2999541163444519,0.4473856985569
qwen2_5_vl_7b,test,raw_attention,generated_text,1,1549,21,0.37691202677011953,0.3773762285709381,0.2656286358833313,0.4763869643211365
qwen2_5_vl_7b,test,raw_attention,generated_text,1,1549,22,0.33825029942626106,0.33094286918640137,0.2686884105205536,0.3958771824836731
qwen2_5_vl_7b,test,raw_attention,generated_text,1,1549,23,0.19389021010399635,0.17775140702724457,0.11533195525407791,0.24951283633708954
qwen2_5_vl_7b,test,raw_attention,generated_text,1,1549,24,0.25450544266584535,0.243271142244339,0.1969810426235199,0.29780420660972595
qwen2_5_vl_7b,test,raw_attention,generated_text,1,1549,25,0.28462762407251446,0.26933467388153076,0.21274495124816895,0.338929146528244
qwen2_5_vl_7b,test,raw_attention,generated_text,1,1549,26,0.28976109724917515,0.26545822620391846,0.2199297398328781,0.33994176983833313
qwen2_5_vl_7b,test,raw_attention,generated_text,1,1549,27,0.23636004909767191,0.20765109360218048,0.1793719381093979,0.271191269159317
qwen2_5_vl_7b,test,raw_attention,generated_text,1,1549,28,0.31803752801797713,0.29966840147972107,0.24682117998600006,0.36518803238868713
qwen2_5_vl_7b,test,attention_x_gate,BOS,0,183,1,0.0,0.0,0.0,0.0
qwen2_5_vl_7b,test,attention_x_gate,BOS,0,183,2,0.0,0.0,0.0,0.0
qwen2_5_vl_7b,test,attention_x_gate,BOS,0,183,3,0.0,0.0,0.0,0.0
qwen2_5_vl_7b,test,attention_x_gate,BOS,0,183,4,0.0,0.0,0.0,0.0
qwen2_5_vl_7b,test,attention_x_gate,BOS,0,183,5,0.0,0.0,0.0,0.0
qwen2_5_vl_7b,test,attention_x_gate,BOS,0,183,6,0.0,0.0,0.0,0.0
qwen2_5_vl_7b,test,attention_x_gate,BOS,0,183,7,0.0,0.0,0.0,0.0
qwen2_5_vl_7b,test,attention_x_gate,BOS,0,183,8,0.0,0.0,0.0,0.0
qwen2_5_vl_7b,test,attention_x_gate,BOS,0,183,9,0.0,0.0,0.0,0.0
qwen2_5_vl_7b,test,attention_x_gate,BOS,0,183,10,0.0,0.0,0.0,0.0
qwen2_5_vl_7b,test,attention_x_gate,BOS,0,183,11,0.0,0.0,0.0,0.0
qwen2_5_vl_7b,test,attention_x_gate,BOS,0,183,12,0.0,0.0,0.0,0.0
qwen2_5_vl_7b,test,attention_x_gate,BOS,0,183,13,0.0,0.0,0.0,0.0
qwen2_5_vl_7b,test,attention_x_gate,BOS,0,183,14,0.0,0.0,0.0,0.0
qwen2_5_vl_7b,test,attention_x_gate,BOS,0,183,15,0.0,0.0,0.0,0.0
qwen2_5_vl_7b,test,attention_x_gate,BOS,0,183,16,0.0,0.0,0.0,0.0
qwen2_5_vl_7b,test,attention_x_gate,BOS,0,183,17,0.0,0.0,0.0,0.0
qwen2_5_vl_7b,test,attention_x_gate,BOS,0,183,18,0.0,0.0,0.0,0.0
qwen2_5_vl_7b,test,attention_x_gate,BOS,0,183,19,0.0,0.0,0.0,0.0
qwen2_5_vl_7b,test,attention_x_gate,BOS,0,183,20,0.0,0.0,0.0,0.0
qwen2_5_vl_7b,test,attention_x_gate,BOS,0,183,21,0.0,0.0,0.0,0.0
qwen2_5_vl_7b,test,attention_x_gate,BOS,0,183,22,0.0,0.0,0.0,0.0
qwen2_5_vl_7b,test,attention_x_gate,BOS,0,183,23,0.0,0.0,0.0,0.0
qwen2_5_vl_7b,test,attention_x_gate,BOS,0,183,24,0.0,0.0,0.0,0.0
qwen2_5_vl_7b,test,attention_x_gate,BOS,0,183,25,0.0,0.0,0.0,0.0
qwen2_5_vl_7b,test,attention_x_gate,BOS,0,183,26,0.0,0.0,0.0,0.0
qwen2_5_vl_7b,test,attention_x_gate,BOS,0,183,27,0.0,0.0,0.0,0.0
qwen2_5_vl_7b,test,attention_x_gate,BOS,0,183,28,0.0,0.0,0.0,0.0
qwen2_5_vl_7b,test,attention_x_gate,BOS,1,1549,1,0.0,0.0,0.0,0.0
qwen2_5_vl_7b,test,attention_x_gate,BOS,1,1549,2,0.0,0.0,0.0,0.0
qwen2_5_vl_7b,test,attention_x_gate,BOS,1,1549,3,0.0,0.0,0.0,0.0
qwen2_5_vl_7b,test,attention_x_gate,BOS,1,1549,4,0.0,0.0,0.0,0.0
qwen2_5_vl_7b,test,attention_x_gate,BOS,1,1549,5,0.0,0.0,0.0,0.0
qwen2_5_vl_7b,test,attention_x_gate,BOS,1,1549,6,0.0,0.0,0.0,0.0
qwen2_5_vl_7b,test,attention_x_gate,BOS,1,1549,7,0.0,0.0,0.0,0.0
qwen2_5_vl_7b,test,attention_x_gate,BOS,1,1549,8,0.0,0.0,0.0,0.0
qwen2_5_vl_7b,test,attention_x_gate,BOS,1,1549,9,0.0,0.0,0.0,0.0
qwen2_5_vl_7b,test,attention_x_gate,BOS,1,1549,10,0.0,0.0,0.0,0.0
qwen2_5_vl_7b,test,attention_x_gate,BOS,1,1549,11,0.0,0.0,0.0,0.0
qwen2_5_vl_7b,test,attention_x_gate,BOS,1,1549,12,0.0,0.0,0.0,0.0
qwen2_5_vl_7b,test,attention_x_gate,BOS,1,1549,13,0.0,0.0,0.0,0.0
qwen2_5_vl_7b,test,attention_x_gate,BOS,1,1549,14,0.0,0.0,0.0,0.0
qwen2_5_vl_7b,test,attention_x_gate,BOS,1,1549,15,0.0,0.0,0.0,0.0
qwen2_5_vl_7b,test,attention_x_gate,BOS,1,1549,16,0.0,0.0,0.0,0.0
qwen2_5_vl_7b,test,attention_x_gate,BOS,1,1549,17,0.0,0.0,0.0,0.0
qwen2_5_vl_7b,test,attention_x_gate,BOS,1,1549,18,0.0,0.0,0.0,0.0
qwen2_5_vl_7b,test,attention_x_gate,BOS,1,1549,19,0.0,0.0,0.0,0.0
qwen2_5_vl_7b,test,attention_x_gate,BOS,1,1549,20,0.0,0.0,0.0,0.0
qwen2_5_vl_7b,test,attention_x_gate,BOS,1,1549,21,0.0,0.0,0.0,0.0
qwen2_5_vl_7b,test,attention_x_gate,BOS,1,1549,22,0.0,0.0,0.0,0.0
qwen2_5_vl_7b,test,attention_x_gate,BOS,1,1549,23,0.0,0.0,0.0,0.0
qwen2_5_vl_7b,test,attention_x_gate,BOS,1,1549,24,0.0,0.0,0.0,0.0
qwen2_5_vl_7b,test,attention_x_gate,BOS,1,1549,25,0.0,0.0,0.0,0.0
qwen2_5_vl_7b,test,attention_x_gate,BOS,1,1549,26,0.0,0.0,0.0,0.0
qwen2_5_vl_7b,test,attention_x_gate,BOS,1,1549,27,0.0,0.0,0.0,0.0
qwen2_5_vl_7b,test,attention_x_gate,BOS,1,1549,28,0.0,0.0,0.0,0.0
qwen2_5_vl_7b,test,attention_x_gate,visual,0,183,1,0.01812869740924874,0.015712032094597816,0.011105647310614586,0.022995161823928356
qwen2_5_vl_7b,test,attention_x_gate,visual,0,183,2,0.016333535830159493,0.014238022267818451,0.01133202388882637,0.019860397092998028
qwen2_5_vl_7b,test,attention_x_gate,visual,0,183,3,0.014903660527751094,0.013165904209017754,0.010216528084129095,0.01744917966425419
qwen2_5_vl_7b,test,attention_x_gate,visual,0,183,4,0.018338597344000482,0.014934205450117588,0.010372048243880272,0.020762581378221512
qwen2_5_vl_7b,test,attention_x_gate,visual,0,183,5,0.01022970206053327,0.00799490511417389,0.0056315569672733545,0.012720503378659487
qwen2_5_vl_7b,test,attention_x_gate,visual,0,183,6,0.024319365320350627,0.019757356494665146,0.014272460713982582,0.03152644261717796
qwen2_5_vl_7b,test,attention_x_gate,visual,0,183,7,0.011622810975490698,0.010756880976259708,0.007507415721192956,0.013706780038774014
qwen2_5_vl_7b,test,attention_x_gate,visual,0,183,8,0.028992704031836302,0.02512715384364128,0.015372001565992832,0.03911954164505005
qwen2_5_vl_7b,test,attention_x_gate,visual,0,183,9,0.06560192389484963,0.05956994369626045,0.03795659728348255,0.08876112848520279
qwen2_5_vl_7b,test,attention_x_gate,visual,0,183,10,0.07651862087837659,0.07588336616754532,0.05690256506204605,0.09501626715064049
qwen2_5_vl_7b,test,attention_x_gate,visual,0,183,11,0.03623822285625778,0.033715058118104935,0.028358953073620796,0.044276658445596695
qwen2_5_vl_7b,test,attention_x_gate,visual,0,183,12,0.0654841398138329,0.06283251941204071,0.04784936644136906,0.08403836563229561
qwen2_5_vl_7b,test,attention_x_gate,visual,0,183,13,0.07501726749714444,0.07460726052522659,0.05721182934939861,0.0906614325940609
qwen2_5_vl_7b,test,attention_x_gate,visual,0,183,14,0.08588599850286226,0.08207112550735474,0.06356356665492058,0.10733450949192047
qwen2_5_vl_7b,test,attention_x_gate,visual,0,183,15,0.17853087172563611,0.17779076099395752,0.1453295350074768,0.21153800934553146
qwen2_5_vl_7b,test,attention_x_gate,visual,0,183,16,0.06825559988332902,0.06290752440690994,0.04747617803514004,0.08762861415743828
qwen2_5_vl_7b,test,attention_x_gate,visual,0,183,17,0.13976141148821905,0.14199508726596832,0.10348043963313103,0.17034297436475754
qwen2_5_vl_7b,test,attention_x_gate,visual,0,183,18,0.09000580421969538,0.08987218141555786,0.06268569454550743,0.11261289566755295
qwen2_5_vl_7b,test,attention_x_gate,visual,0,183,19,0.07384117271323673,0.07181040197610855,0.05624430999159813,0.09156661853194237
qwen2_5_vl_7b,test,attention_x_gate,visual,0,183,20,0.16353891576167012,0.16204935312271118,0.13031984120607376,0.1962985396385193
qwen2_5_vl_7b,test,attention_x_gate,visual,0,183,21,0.12765496567176665,0.11666247248649597,0.09590272977948189,0.1560521498322487
qwen2_5_vl_7b,test,attention_x_gate,visual,0,183,22,0.14705481646898014,0.14072854816913605,0.12139778956770897,0.17305920273065567
qwen2_5_vl_7b,test,attention_x_gate,visual,0,183,23,0.17513110496795894,0.17461809515953064,0.1304049715399742,0.22293402254581451
qwen2_5_vl_7b,test,attention_x_gate,visual,0,183,24,0.10540632545296612,0.10286365449428558,0.07169469445943832,0.13635923713445663
qwen2_5_vl_7b,test,attention_x_gate,visual,0,183,25,0.10604039182672735,0.10318408906459808,0.07343616709113121,0.1343076229095459
qwen2_5_vl_7b,test,attention_x_gate,visual,0,183,26,0.09662060438568801,0.09229838848114014,0.06003343500196934,0.12469209358096123
qwen2_5_vl_7b,test,attention_x_gate,visual,0,183,27,0.1750896312907094,0.17259372770786285,0.12631551921367645,0.21939484775066376
qwen2_5_vl_7b,test,attention_x_gate,visual,0,183,28,0.2053506156338043,0.1997140645980835,0.13125894963741302,0.2636636644601822
qwen2_5_vl_7b,test,attention_x_gate,visual,1,1549,1,0.027553653063281426,0.026024023070931435,0.016738854348659515,0.03783091530203819
qwen2_5_vl_7b,test,attention_x_gate,visual,1,1549,2,0.022600875810579936,0.022339023649692535,0.015058075077831745,0.028872961178421974
qwen2_5_vl_7b,test,attention_x_gate,visual,1,1549,3,0.0219375421266024,0.01893872581422329,0.01392724271863699,0.028560703620314598
qwen2_5_vl_7b,test,attention_x_gate,visual,1,1549,4,0.02983683825748882,0.023618265986442566,0.014800992794334888,0.04170334339141846
qwen2_5_vl_7b,test,attention_x_gate,visual,1,1549,5,0.016492757208680216,0.013498567044734955,0.0075028738938272,0.021046269685029984
qwen2_5_vl_7b,test,attention_x_gate,visual,1,1549,6,0.03491250828198314,0.030285654589533806,0.019236911088228226,0.04567297175526619
qwen2_5_vl_7b,test,attention_x_gate,visual,1,1549,7,0.018197167968994343,0.016575638204813004,0.01029114332050085,0.025405680760741234
qwen2_5_vl_7b,test,attention_x_gate,visual,1,1549,8,0.03811744590117936,0.038484491407871246,0.019923577085137367,0.052533119916915894
qwen2_5_vl_7b,test,attention_x_gate,visual,1,1549,9,0.08297622027903738,0.08122521638870239,0.050952594727277756,0.10640405863523483
qwen2_5_vl_7b,test,attention_x_gate,visual,1,1549,10,0.09799840135513062,0.09834512323141098,0.07021693140268326,0.12387127429246902
qwen2_5_vl_7b,test,attention_x_gate,visual,1,1549,11,0.048564684500327374,0.04774901643395424,0.03635040298104286,0.061337366700172424
qwen2_5_vl_7b,test,attention_x_gate,visual,1,1549,12,0.07995055680324939,0.08120974153280258,0.06279470026493073,0.09807870537042618
qwen2_5_vl_7b,test,attention_x_gate,visual,1,1549,13,0.09703582060313498,0.0971168801188469,0.07448665052652359,0.12118355929851532
qwen2_5_vl_7b,test,attention_x_gate,visual,1,1549,14,0.11284604356873701,0.10949251055717468,0.0815901979804039,0.1457073986530304
qwen2_5_vl_7b,test,attention_x_gate,visual,1,1549,15,0.1977554985212031,0.19922034442424774,0.16721777617931366,0.2295599728822708
qwen2_5_vl_7b,test,attention_x_gate,visual,1,1549,16,0.08163166273712362,0.07800378650426865,0.05836992338299751,0.09975437819957733
qwen2_5_vl_7b,test,attention_x_gate,visual,1,1549,17,0.1673890394486338,0.17096655070781708,0.13408894836902618,0.20061148703098297
qwen2_5_vl_7b,test,attention_x_gate,visual,1,1549,18,0.11788370073673762,0.11791610717773438,0.08675700426101685,0.14750854671001434
qwen2_5_vl_7b,test,attention_x_gate,visual,1,1549,19,0.09349019664265769,0.09187374264001846,0.07167873531579971,0.11591821163892746
qwen2_5_vl_7b,test,attention_x_gate,visual,1,1549,20,0.1901876105391225,0.19663292169570923,0.1578764170408249,0.22487004101276398
qwen2_5_vl_7b,test,attention_x_gate,visual,1,1549,21,0.16221914931727732,0.16337746381759644,0.11638747155666351,0.20370955765247345
qwen2_5_vl_7b,test,attention_x_gate,visual,1,1549,22,0.16594714478134454,0.16905882954597473,0.13768137991428375,0.19659411907196045
qwen2_5_vl_7b,test,attention_x_gate,visual,1,1549,23,0.2154666367651302,0.2229057103395462,0.16434893012046814,0.26558396220207214
qwen2_5_vl_7b,test,attention_x_gate,visual,1,1549,24,0.1298774651500046,0.1322913020849228,0.09664619714021683,0.16237981617450714
qwen2_5_vl_7b,test,attention_x_gate,visual,1,1549,25,0.12070951146404924,0.12239588052034378,0.09066856652498245,0.15121471881866455
qwen2_5_vl_7b,test,attention_x_gate,visual,1,1549,26,0.1113399478941771,0.1108267605304718,0.08008579909801483,0.14054659008979797
qwen2_5_vl_7b,test,attention_x_gate,visual,1,1549,27,0.19989830483499074,0.20020735263824463,0.14920355379581451,0.24961122870445251
qwen2_5_vl_7b,test,attention_x_gate,visual,1,1549,28,0.23339827761193527,0.232507586479187,0.17160695791244507,0.29344406723976135
qwen2_5_vl_7b,test,attention_x_gate,prompt,0,183,1,0.08572469389096635,0.06825419515371323,0.042749954387545586,0.10075630992650986
qwen2_5_vl_7b,test,attention_x_gate,prompt,0,183,2,0.11868948827350075,0.1013830304145813,0.07843265309929848,0.1493585929274559
qwen2_5_vl_7b,test,attention_x_gate,prompt,0,183,3,0.17973300521491004,0.1669672280550003,0.13351128995418549,0.21420399099588394
qwen2_5_vl_7b,test,attention_x_gate,prompt,0,183,4,0.10981754315355437,0.09743962436914444,0.07814957574009895,0.13301914930343628
qwen2_5_vl_7b,test,attention_x_gate,prompt,0,183,5,0.7229427613847242,0.7218443155288696,0.6832213401794434,0.7669273912906647
qwen2_5_vl_7b,test,attention_x_gate,prompt,0,183,6,0.6785930891831716,0.6864882111549377,0.6401521265506744,0.7180914282798767
qwen2_5_vl_7b,test,attention_x_gate,prompt,0,183,7,0.5404003166435846,0.5352314710617065,0.49154604971408844,0.5844414234161377
qwen2_5_vl_7b,test,attention_x_gate,prompt,0,183,8,0.527550217558126,0.5258380174636841,0.4794192314147949,0.5650526881217957
qwen2_5_vl_7b,test,attention_x_gate,prompt,0,183,9,0.5303528488008051,0.534031093120575,0.4984879344701767,0.56275275349617
qwen2_5_vl_7b,test,attention_x_gate,prompt,0,183,10,0.4462592390065636,0.4531406760215759,0.39241720736026764,0.49628303945064545
qwen2_5_vl_7b,test,attention_x_gate,prompt,0,183,11,0.5268412190056889,0.5198609828948975,0.4862448275089264,0.5689743757247925
qwen2_5_vl_7b,test,attention_x_gate,prompt,0,183,12,0.4794113066027073,0.47618624567985535,0.4301331043243408,0.5212691426277161
qwen2_5_vl_7b,test,attention_x_gate,prompt,0,183,13,0.43548721172770516,0.4258706271648407,0.38508228957653046,0.47829490900039673
qwen2_5_vl_7b,test,attention_x_gate,prompt,0,183,14,0.36344869353406417,0.3586646020412445,0.3174228370189667,0.40169909596443176
qwen2_5_vl_7b,test,attention_x_gate,prompt,0,183,15,0.39991924679670177,0.3986431956291199,0.3566443771123886,0.4416890889406204
qwen2_5_vl_7b,test,attention_x_gate,prompt,0,183,16,0.4021716427281906,0.4000469446182251,0.36852946877479553,0.4415407180786133
qwen2_5_vl_7b,test,attention_x_gate,prompt,0,183,17,0.3782786504655588,0.3761221468448639,0.3236708790063858,0.4383336305618286
qwen2_5_vl_7b,test,attention_x_gate,prompt,0,183,18,0.4207598217686669,0.4222555458545685,0.37340889871120453,0.48125624656677246
qwen2_5_vl_7b,test,attention_x_gate,prompt,0,183,19,0.35302347009950646,0.35860878229141235,0.3159549683332443,0.40111950039863586
qwen2_5_vl_7b,test,attention_x_gate,prompt,0,183,20,0.2753210245260124,0.26703983545303345,0.23763254284858704,0.3091790974140167
qwen2_5_vl_7b,test,attention_x_gate,prompt,0,183,21,0.33824766683773916,0.3361752927303314,0.29083476960659027,0.37973736226558685
qwen2_5_vl_7b,test,attention_x_gate,prompt,0,183,22,0.3788598498197201,0.3789682388305664,0.3459508419036865,0.4180525541305542
qwen2_5_vl_7b,test,attention_x_gate,prompt,0,183,23,0.4698774381413486,0.46922457218170166,0.4050930142402649,0.529832124710083
qwen2_5_vl_7b,test,attention_x_gate,prompt,0,183,24,0.5375675133994369,0.5382018089294434,0.49727901816368103,0.5790371894836426
qwen2_5_vl_7b,test,attention_x_gate,prompt,0,183,25,0.5126263107595548,0.5201374888420105,0.4730726331472397,0.564225822687149
qwen2_5_vl_7b,test,attention_x_gate,prompt,0,183,26,0.5153843855760136,0.5222251415252686,0.45603324472904205,0.5782504975795746
qwen2_5_vl_7b,test,attention_x_gate,prompt,0,183,27,0.45885611789636926,0.4650731682777405,0.39507777988910675,0.5256803035736084
qwen2_5_vl_7b,test,attention_x_gate,prompt,0,183,28,0.32157664591334556,0.3144160211086273,0.2431337758898735,0.40085242688655853
qwen2_5_vl_7b,test,attention_x_gate,prompt,1,1549,1,0.15592522522719582,0.13712072372436523,0.06522586941719055,0.2365204095840454
qwen2_5_vl_7b,test,attention_x_gate,prompt,1,1549,2,0.17246848681978905,0.16845008730888367,0.1050153374671936,0.2241462618112564
qwen2_5_vl_7b,test,attention_x_gate,prompt,1,1549,3,0.24621563917777475,0.23628567159175873,0.1657809615135193,0.3141767978668213
qwen2_5_vl_7b,test,attention_x_gate,prompt,1,1549,4,0.1640988157976724,0.15556643903255463,0.10317503660917282,0.2146521657705307
qwen2_5_vl_7b,test,attention_x_gate,prompt,1,1549,5,0.7282777057252368,0.760379433631897,0.7099422812461853,0.8020645380020142
qwen2_5_vl_7b,test,attention_x_gate,prompt,1,1549,6,0.675968876505647,0.7045899033546448,0.6505787968635559,0.752906322479248
qwen2_5_vl_7b,test,attention_x_gate,prompt,1,1549,7,0.5582253898940668,0.5750430822372437,0.5207675099372864,0.6317806839942932
qwen2_5_vl_7b,test,attention_x_gate,prompt,1,1549,8,0.5539826312327242,0.5755625367164612,0.5168766975402832,0.6296365857124329
qwen2_5_vl_7b,test,attention_x_gate,prompt,1,1549,9,0.5432101010436311,0.5611366033554077,0.5156172513961792,0.6068920493125916
qwen2_5_vl_7b,test,attention_x_gate,prompt,1,1549,10,0.4663366399536461,0.4821965992450714,0.42763814330101013,0.526439368724823
qwen2_5_vl_7b,test,attention_x_gate,prompt,1,1549,11,0.542866064366338,0.566430389881134,0.510865330696106,0.6109380722045898
qwen2_5_vl_7b,test,attention_x_gate,prompt,1,1549,12,0.5066776522409695,0.5127654075622559,0.4502233862876892,0.5954136848449707
qwen2_5_vl_7b,test,attention_x_gate,prompt,1,1549,13,0.45550265884011254,0.46531111001968384,0.407502681016922,0.5307133793830872
qwen2_5_vl_7b,test,attention_x_gate,prompt,1,1549,14,0.39741375977462046,0.4097317159175873,0.3541789650917053,0.45988205075263977
qwen2_5_vl_7b,test,attention_x_gate,prompt,1,1549,15,0.3984974024244966,0.4075242280960083,0.36026445031166077,0.4592268168926239
qwen2_5_vl_7b,test,attention_x_gate,prompt,1,1549,16,0.421288179411337,0.4235461950302124,0.3750937879085541,0.47926759719848633
qwen2_5_vl_7b,test,attention_x_gate,prompt,1,1549,17,0.3800487856526743,0.3809039294719696,0.3243190348148346,0.44924089312553406
qwen2_5_vl_7b,test,attention_x_gate,prompt,1,1549,18,0.41989127655358466,0.4256308078765869,0.3607293367385864,0.4899410009384155
qwen2_5_vl_7b,test,attention_x_gate,prompt,1,1549,19,0.3466676752674625,0.3621065318584442,0.3019103705883026,0.4112091660499573
qwen2_5_vl_7b,test,attention_x_gate,prompt,1,1549,20,0.2901847535968873,0.29555168747901917,0.24939650297164917,0.34345540404319763
qwen2_5_vl_7b,test,attention_x_gate,prompt,1,1549,21,0.34393450193434205,0.3513825237751007,0.2898990511894226,0.41916516423225403
qwen2_5_vl_7b,test,attention_x_gate,prompt,1,1549,22,0.3716486870182159,0.38619157671928406,0.3363852798938751,0.4321490228176117
qwen2_5_vl_7b,test,attention_x_gate,prompt,1,1549,23,0.4331825652943318,0.4460330307483673,0.3886226713657379,0.5035241842269897
qwen2_5_vl_7b,test,attention_x_gate,prompt,1,1549,24,0.5059993862932541,0.5303646326065063,0.49021703004837036,0.5642405152320862
qwen2_5_vl_7b,test,attention_x_gate,prompt,1,1549,25,0.49861884764527925,0.5308879613876343,0.47459131479263306,0.5695517063140869
qwen2_5_vl_7b,test,attention_x_gate,prompt,1,1549,26,0.507167999240497,0.5407703518867493,0.46188101172447205,0.595383882522583
qwen2_5_vl_7b,test,attention_x_gate,prompt,1,1549,27,0.42280123500304334,0.44159939885139465,0.38042140007019043,0.49803516268730164
qwen2_5_vl_7b,test,attention_x_gate,prompt,1,1549,28,0.30105864808785265,0.30504143238067627,0.2366245836019516,0.3704831600189209
qwen2_5_vl_7b,test,attention_x_gate,generated_text,0,183,1,0.5027230905541957,0.4965238571166992,0.4352118968963623,0.5959921777248383
qwen2_5_vl_7b,test,attention_x_gate,generated_text,0,183,2,0.42215602555887294,0.4268292486667633,0.359202116727829,0.486200749874115
qwen2_5_vl_7b,test,attention_x_gate,generated_text,0,183,3,0.35083185665594424,0.35368382930755615,0.28866274654865265,0.4072953015565872
qwen2_5_vl_7b,test,attention_x_gate,generated_text,0,183,4,0.3895703333485973,0.3907625377178192,0.32224899530410767,0.45102736353874207
qwen2_5_vl_7b,test,attention_x_gate,generated_text,0,183,5,0.11458198701749082,0.11279729753732681,0.0893295593559742,0.13669637590646744
qwen2_5_vl_7b,test,attention_x_gate,generated_text,0,183,6,0.10663943444607688,0.10604885220527649,0.08587485924363136,0.12502465769648552
qwen2_5_vl_7b,test,attention_x_gate,generated_text,0,183,7,0.1478687664035891,0.14427833259105682,0.11748383939266205,0.17413091659545898
qwen2_5_vl_7b,test,attention_x_gate,generated_text,0,183,8,0.15488328263570703,0.15100161731243134,0.12294157221913338,0.18624653667211533
qwen2_5_vl_7b,test,attention_x_gate,generated_text,0,183,9,0.13633929205233933,0.12780214846134186,0.10561299696564674,0.161721833050251
qwen2_5_vl_7b,test,attention_x_gate,generated_text,0,183,10,0.19250805716696984,0.18811631202697754,0.15235530585050583,0.2261238619685173
qwen2_5_vl_7b,test,attention_x_gate,generated_text,0,183,11,0.20895653979374412,0.203597754240036,0.17525681108236313,0.24808191508054733
qwen2_5_vl_7b,test,attention_x_gate,generated_text,0,183,12,0.21145711289566071,0.20414161682128906,0.16970761120319366,0.25577597320079803
qwen2_5_vl_7b,test,attention_x_gate,generated_text,0,183,13,0.2336599058547958,0.22833798825740814,0.1961124762892723,0.26142652332782745
qwen2_5_vl_7b,test,attention_x_gate,generated_text,0,183,14,0.2628033040651207,0.2556650936603546,0.21583890169858932,0.31130988895893097
qwen2_5_vl_7b,test,attention_x_gate,generated_text,0,183,15,0.14842860020004986,0.14005056023597717,0.11441964656114578,0.17930766195058823
qwen2_5_vl_7b,test,attention_x_gate,generated_text,0,183,16,0.27462123464691185,0.2739905118942261,0.23793666064739227,0.3149741590023041
qwen2_5_vl_7b,test,attention_x_gate,generated_text,0,183,17,0.19958104160639759,0.1937030702829361,0.15280696004629135,0.2429836019873619
qwen2_5_vl_7b,test,attention_x_gate,generated_text,0,183,18,0.24219583614113552,0.24296247959136963,0.19974692165851593,0.2834313213825226
qwen2_5_vl_7b,test,attention_x_gate,generated_text,0,183,19,0.28475021737846523,0.2798774242401123,0.23712864518165588,0.32462428510189056
qwen2_5_vl_7b,test,attention_x_gate,generated_text,0,183,20,0.24105650459319516,0.23278437554836273,0.19185037165880203,0.2866760194301605
qwen2_5_vl_7b,test,attention_x_gate,generated_text,0,183,21,0.2922179250687849,0.29282498359680176,0.25254030525684357,0.3352999985218048
qwen2_5_vl_7b,test,attention_x_gate,generated_text,0,183,22,0.2551549112861925,0.25300318002700806,0.22301994264125824,0.28662340342998505
qwen2_5_vl_7b,test,attention_x_gate,generated_text,0,183,23,0.17269957334291738,0.16690076887607574,0.1399034932255745,0.20835347473621368
qwen2_5_vl_7b,test,attention_x_gate,generated_text,0,183,24,0.22851909110780622,0.2249847650527954,0.19259369373321533,0.26034538447856903
qwen2_5_vl_7b,test,attention_x_gate,generated_text,0,183,25,0.2702298459133815,0.2722102403640747,0.221749447286129,0.30812904238700867
qwen2_5_vl_7b,test,attention_x_gate,generated_text,0,183,26,0.2877260162367847,0.2817823588848114,0.24943295866250992,0.3234264701604843
qwen2_5_vl_7b,test,attention_x_gate,generated_text,0,183,27,0.22947860781938,0.22100794315338135,0.18943192809820175,0.26504984498023987
qwen2_5_vl_7b,test,attention_x_gate,generated_text,0,183,28,0.3175419740826706,0.3169569671154022,0.27627451717853546,0.352166011929512
qwen2_5_vl_7b,test,attention_x_gate,generated_text,1,1549,1,0.41502280390939844,0.4204227924346924,0.29906338453292847,0.5309720039367676
qwen2_5_vl_7b,test,attention_x_gate,generated_text,1,1549,2,0.3605447412787752,0.35566261410713196,0.2781192362308502,0.43824225664138794
qwen2_5_vl_7b,test,attention_x_gate,generated_text,1,1549,3,0.28984186209598767,0.29015371203422546,0.20764374732971191,0.36144140362739563
qwen2_5_vl_7b,test,attention_x_gate,generated_text,1,1549,4,0.3408233841305167,0.33768969774246216,0.2689304053783417,0.4088384509086609
qwen2_5_vl_7b,test,attention_x_gate,generated_text,1,1549,5,0.0923391590261648,0.08908990770578384,0.06382162123918533,0.11579341441392899
qwen2_5_vl_7b,test,attention_x_gate,generated_text,1,1549,6,0.08652125267411737,0.08045253902673721,0.05552045255899429,0.11247513443231583
qwen2_5_vl_7b,test,attention_x_gate,generated_text,1,1549,7,0.12543167750332493,0.11649751663208008,0.08977428078651428,0.1524149626493454
qwen2_5_vl_7b,test,attention_x_gate,generated_text,1,1549,8,0.12685035502212214,0.12155978381633759,0.08916164189577103,0.15544843673706055
qwen2_5_vl_7b,test,attention_x_gate,generated_text,1,1549,9,0.10646326476473571,0.09809716790914536,0.06786005944013596,0.1313156932592392
qwen2_5_vl_7b,test,attention_x_gate,generated_text,1,1549,10,0.15775679764467104,0.15145394206047058,0.1134820207953453,0.18947359919548035
qwen2_5_vl_7b,test,attention_x_gate,generated_text,1,1549,11,0.17580974272051267,0.1720212697982788,0.14037275314331055,0.20851145684719086
qwen2_5_vl_7b,test,attention_x_gate,generated_text,1,1549,12,0.1656499234941446,0.15719670057296753,0.11879561096429825,0.20502200722694397
qwen2_5_vl_7b,test,attention_x_gate,generated_text,1,1549,13,0.18902000490506285,0.18639828264713287,0.13803134858608246,0.23026017844676971
qwen2_5_vl_7b,test,attention_x_gate,generated_text,1,1549,14,0.201735889408052,0.19874562323093414,0.14240695536136627,0.24911320209503174
qwen2_5_vl_7b,test,attention_x_gate,generated_text,1,1549,15,0.11799376641909409,0.10834379494190216,0.08753124624490738,0.14241516590118408
qwen2_5_vl_7b,test,attention_x_gate,generated_text,1,1549,16,0.22930076217376238,0.2275552600622177,0.1843050867319107,0.2739781141281128
qwen2_5_vl_7b,test,attention_x_gate,generated_text,1,1549,17,0.1607875284757477,0.145401731133461,0.11199221760034561,0.20002593100070953
qwen2_5_vl_7b,test,attention_x_gate,generated_text,1,1549,18,0.20022701566318607,0.19443310797214508,0.14531898498535156,0.24391913414001465
qwen2_5_vl_7b,test,attention_x_gate,generated_text,1,1549,19,0.25908527871037085,0.2503112852573395,0.20724067091941833,0.2959267795085907
qwen2_5_vl_7b,test,attention_x_gate,generated_text,1,1549,20,0.20534150244450478,0.1960943043231964,0.16128237545490265,0.2374042272567749
qwen2_5_vl_7b,test,attention_x_gate,generated_text,1,1549,21,0.25091575064231614,0.24314111471176147,0.18721571564674377,0.3035876750946045
qwen2_5_vl_7b,test,attention_x_gate,generated_text,1,1549,22,0.23569966260081648,0.2281702160835266,0.19540353119373322,0.26637616753578186
qwen2_5_vl_7b,test,attention_x_gate,generated_text,1,1549,23,0.14222870208262878,0.13142035901546478,0.09073866903781891,0.17913967370986938
qwen2_5_vl_7b,test,attention_x_gate,generated_text,1,1549,24,0.20697477640760875,0.1986158937215805,0.16880564391613007,0.24129150807857513
qwen2_5_vl_7b,test,attention_x_gate,generated_text,1,1549,25,0.24249663315304562,0.2331165075302124,0.19099369645118713,0.2856680452823639
qwen2_5_vl_7b,test,attention_x_gate,generated_text,1,1549,26,0.2536342959175231,0.23994052410125732,0.20385028421878815,0.29435551166534424
qwen2_5_vl_7b,test,attention_x_gate,generated_text,1,1549,27,0.2106579835758123,0.19300656020641327,0.16860343515872955,0.23420868813991547
qwen2_5_vl_7b,test,attention_x_gate,generated_text,1,1549,28,0.28697066239440266,0.2763528823852539,0.2341979593038559,0.32298821210861206
