model,source_mode,category,layer,n_pairs,n_images,pair_raw_cosine_mean,pair_raw_cosine_std,pair_raw_cosine_sem,pair_centered_cosine_mean,pair_centered_cosine_std,pair_centered_cosine_sem,pair_js_normalized_mean,pair_js_normalized_std,pair_js_normalized_sem,pair_total_variation_mean,pair_total_variation_std,pair_total_variation_sem,pair_topk_overlap_fraction_mean,pair_topk_overlap_fraction_std,pair_topk_overlap_fraction_sem,image_raw_cosine_mean,image_raw_cosine_std,image_raw_cosine_sem,image_centered_cosine_mean,image_centered_cosine_std,image_centered_cosine_sem,image_js_normalized_mean,image_js_normalized_std,image_js_normalized_sem,image_total_variation_mean,image_total_variation_std,image_total_variation_sem,image_topk_overlap_fraction_mean,image_topk_overlap_fraction_std,image_topk_overlap_fraction_sem,specificity_pair_js_mean,specificity_pair_js_std,specificity_pair_js_sem,specificity_uniform_js_mean,specificity_uniform_js_std,specificity_uniform_js_sem,specificity_ratio_mean,specificity_ratio_std,specificity_ratio_sem,specificity_random_overlap_mean,specificity_random_overlap_std,specificity_random_overlap_sem
llava_1_5_7b,hmid_cos,all,1,26782,3457,0.9522085836,0.04519890269,0.000276189007,0.6078181744,0.3533343855,0.002159058456,0.01494197822,0.01380426261,8.435128631e-05,0.09295935889,0.05337762607,0.0003261652974,0.4319388955,0.3536333065,0.00216088502,0.9490623773,0.03240526034,0.0005511449407,0.5795904998,0.2506989607,0.004263859089,0.01583066259,0.009726229254,0.0001654225885,0.09569222106,0.03755609962,0.0006387498227,0.3994848252,0.2526994778,0.004297883653,0.01583066259,0.009726229254,0.0001654225885,0.02250254745,0.006215148636,0.0001057065332,0.7676176784,0.4689723325,0.007976227492,0.05555555556,2.055484225e-08,3.495943928e-10
llava_1_5_7b,hmid_cos,all,2,26782,3457,0.9683655895,0.02427465132,0.0001483308542,0.5279976982,0.2989936086,0.001827007802,0.01165424398,0.008587526522,5.24742921e-05,0.0940905555,0.03814981145,0.0002331153615,0.2891307595,0.2475782969,0.001512833275,0.9664785801,0.01995536954,0.0003393986299,0.5005003736,0.2242081783,0.003813306908,0.01225402805,0.006872603678,0.0001168884529,0.09631629937,0.03010399494,0.0005120052835,0.2775431612,0.1784498375,0.003035054311,0.01225402805,0.006872603678,0.0001168884529,0.01255036651,0.003443501757,5.856668183e-05,0.9718716441,0.4351715147,0.00740134707,0.05555555556,2.055484225e-08,3.495943928e-10
llava_1_5_7b,hmid_cos,all,3,26782,3457,0.9692678016,0.01739413539,0.0001062872923,0.4337733033,0.2862821046,0.001749333844,0.01113421307,0.006171908187,3.771359683e-05,0.09498438709,0.02955809624,0.0001806154744,0.2443513834,0.2039978042,0.001246533602,0.9689973027,0.01446058959,0.0002459440445,0.4227178,0.2309656374,0.003928236996,0.01132464209,0.005193479732,8.833010594e-05,0.09528062285,0.02438069483,0.0004146640535,0.2402701149,0.1419219161,0.002413791626,0.01132464209,0.005193479732,8.833010594e-05,0.01003093629,0.00250218639,4.255689832e-05,1.151652783,0.4510150061,0.00767081135,0.05555555556,2.055484225e-08,3.495943928e-10
llava_1_5_7b,hmid_cos,all,4,26782,3457,0.9618034152,0.02246968816,0.0001373015823,0.2484569655,0.3403591877,0.002079773191,0.01369396877,0.007796084472,4.763816598e-05,0.1066681764,0.03407111142,0.0002081923646,0.161997797,0.2085916322,0.001274604301,0.9596311997,0.01778641335,0.0003025092724,0.2198804652,0.2342578563,0.003984230677,0.01443978597,0.00604312951,0.0001027808516,0.109371813,0.02521255845,0.0004288122942,0.1483270338,0.1359423112,0.002312091194,0.01443978597,0.00604312951,0.0001027808516,0.009486186961,0.002907341659,4.944773255e-05,1.544409226,0.4582874931,0.007794500972,0.05555555556,2.055484225e-08,3.495943928e-10
llava_1_5_7b,hmid_cos,all,5,26782,3457,0.9573844353,0.03301700066,0.0002017511949,0.4262699962,0.3027907858,0.001850210547,0.01469377874,0.01077127808,6.581815975e-05,0.1066794879,0.03835782667,0.0002343864436,0.3326697969,0.2100894,0.001283756448,0.9542580202,0.02737993849,0.0004656748446,0.3881439396,0.2154090092,0.003663651652,0.01570289209,0.008726344811,0.0001484166689,0.1093662059,0.02992504858,0.0005089617843,0.3119088258,0.1493157786,0.002539545588,0.01570289209,0.008726344811,0.0001484166689,0.01207456691,0.003985446541,6.778401637e-05,1.276030737,0.4260296636,0.007245863518,0.05555555556,2.055484225e-08,3.495943928e-10
llava_1_5_7b,hmid_cos,all,6,26782,3457,0.9646793169,0.01966478885,0.0001201621761,0.3647891598,0.2558198066,0.001563193223,0.01243761299,0.006773938284,4.139231655e-05,0.1009028664,0.02943165251,0.0001798428368,0.257985774,0.1880085577,0.001148830918,0.9624235769,0.01631078147,0.0002774118952,0.3343912712,0.1881235515,0.003199583726,0.01318547697,0.005533767622,9.411768324e-05,0.1035678156,0.02293037064,0.0003899971065,0.2434565015,0.1337984489,0.002275628629,0.01318547697,0.005533767622,9.411768324e-05,0.009900285508,0.002789473124,4.744303805e-05,1.339543062,0.3692169345,0.006279599155,0.05555555556,2.055484225e-08,3.495943928e-10
llava_1_5_7b,hmid_cos,all,7,26782,3457,0.968597619,0.01752957455,0.0001071148966,0.5662668271,0.224397076,0.001371183854,0.01155816619,0.006302881971,3.851391536e-05,0.09713439727,0.02885259057,0.0001763044646,0.3178172373,0.2088368968,0.001276102996,0.969445873,0.01284022994,0.000218385154,0.6010247657,0.1695432641,0.002883572335,0.01148274417,0.004683306197,7.965313314e-05,0.09638033875,0.02215973686,0.0003768902558,0.3239210745,0.1514026701,0.002575039198,0.01148274417,0.004683306197,7.965313314e-05,0.01491767957,0.004210230955,7.160712383e-05,0.8090278771,0.3248291063,0.005524656079,0.05555555556,2.055484225e-08,3.495943928e-10
llava_1_5_7b,hmid_cos,all,8,26782,3457,0.960810475,0.02182915451,0.0001333875857,0.4928857139,0.2678044768,0.001636425845,0.01461065774,0.00799368069,4.884558253e-05,0.1106531395,0.03302886326,0.0002018236816,0.2569624655,0.2021929822,0.001235505193,0.9588622415,0.01767257768,0.0003005731685,0.4580004267,0.2114444449,0.003596222799,0.01532371272,0.006342209698,0.0001078675731,0.112908149,0.02604679347,0.0004430008675,0.2373515165,0.1442428134,0.002453265179,0.01532371272,0.006342209698,0.0001078675731,0.01488906059,0.004588158602,7.803487379e-05,1.07778581,0.4075322449,0.006931261548,0.05555555556,2.055484225e-08,3.495943928e-10
llava_1_5_7b,hmid_cos,all,9,26782,3457,0.959709829,0.0252575997,0.0001543371844,0.5734183177,0.2831163495,0.00172998942,0.01531890358,0.009331327591,5.701930684e-05,0.1136691237,0.03794825299,0.0002318837336,0.3023287563,0.2602652648,0.001590357304,0.95850171,0.01861944068,0.0003166773055,0.5836711354,0.2115146242,0.0035974164,0.01601939344,0.006917488339,0.000117651846,0.1164234964,0.02810856193,0.0004780671883,0.3006770604,0.1971654432,0.00335336718,0.01601939344,0.006917488339,0.000117651846,0.02020089135,0.006697696728,0.0001139136556,0.8593900507,0.3874717557,0.006590075054,0.05555555556,2.055484225e-08,3.495943928e-10
llava_1_5_7b,hmid_cos,all,10,26782,3457,0.9612079039,0.02219224845,0.0001356062802,0.5235832552,0.28440899,0.001737888131,0.0145887522,0.008270680509,5.053819675e-05,0.1108238689,0.03350549086,0.0002047361263,0.3055468692,0.2197377875,0.001342713157,0.9612882757,0.01656363445,0.0002817123896,0.5175550407,0.213854044,0.003637204984,0.01463966026,0.006159847034,0.0001047659699,0.1105078006,0.02585132113,0.0004396762965,0.3016451157,0.1608178972,0.002735172299,0.01463966026,0.006159847034,0.0001047659699,0.01617802285,0.004679077984,7.958122018e-05,0.9572935258,0.4061924492,0.006908474457,0.05555555556,2.055484225e-08,3.495943928e-10
llava_1_5_7b,hmid_cos,all,11,26782,3457,0.9623777714,0.02915757051,0.000178168052,0.677005044,0.2688693588,0.001642932832,0.01515198631,0.01118092038,6.83212891e-05,0.110913752,0.04094223761,0.0002501785503,0.4330065436,0.2865664721,0.001751071479,0.9610183858,0.02278866321,0.0003875869629,0.6740671963,0.2162683953,0.003678267993,0.01590052751,0.008750338781,0.0001488247555,0.1134316553,0.03257936833,0.0005541061494,0.402718502,0.2192795819,0.003729481907,0.01590052751,0.008750338781,0.0001488247555,0.02471668365,0.008081872766,0.0001374555624,0.7062551935,0.3997414843,0.006798757187,0.05555555556,2.055484225e-08,3.495943928e-10
llava_1_5_7b,hmid_cos,all,12,26782,3457,0.9565698392,0.02974728955,0.0001817715447,0.4911003195,0.2940565381,0.001796839711,0.01639278699,0.01116638769,6.823248671e-05,0.1156178253,0.04017537253,0.0002454926024,0.271733347,0.2216827954,0.001354598175,0.9535350049,0.02421130553,0.0004117830997,0.446552988,0.2116865352,0.003600340244,0.01761085746,0.009231918728,0.0001570154119,0.1198203432,0.03222265757,0.0005480392537,0.2439601969,0.1438047386,0.002445814454,0.01761085746,0.009231918728,0.0001570154119,0.01608008715,0.005062407355,8.610084202e-05,1.109695646,0.4151214027,0.00706033707,0.05555555556,2.055484225e-08,3.495943928e-10
llava_1_5_7b,hmid_cos,all,13,26782,3457,0.9607183806,0.02156999844,0.0001318040062,0.4978949396,0.2873025008,0.001755569,0.01518652773,0.008207283585,5.015080828e-05,0.1126062756,0.03352327596,0.0002048448026,0.2682865357,0.2244754459,0.001371662735,0.9609704478,0.01552558853,0.000264057424,0.5141307076,0.20794459,0.00353669767,0.01522531146,0.005874565951,9.991394202e-05,0.1123439955,0.02472973784,0.0004206005369,0.2754638101,0.165546134,0.002815589607,0.01522531146,0.005874565951,9.991394202e-05,0.01674594513,0.005586831932,9.502019491e-05,0.9749090613,0.3841428491,0.006533457394,0.05555555556,2.055484225e-08,3.495943928e-10
llava_1_5_7b,hmid_cos,all,14,26782,3457,0.9600993656,0.02696980056,0.0001647996299,0.4302760294,0.2762585725,0.001688084804,0.01463390742,0.009968142274,6.091057862e-05,0.110291991,0.03750942642,0.000229202273,0.2825020069,0.1984659015,0.001212730774,0.957438165,0.02282061584,0.0003881304094,0.4056207832,0.2071864781,0.00352380379,0.01566293353,0.008595361596,0.0001461889214,0.1139818372,0.03136654271,0.0005334785508,0.2717440905,0.1399138315,0.002379638354,0.01566293353,0.008595361596,0.0001461889214,0.01275426446,0.003900004218,6.633082318e-05,1.213840679,0.4136700267,0.007035652234,0.05555555556,2.055484225e-08,3.495943928e-10
llava_1_5_7b,hmid_cos,all,15,26782,3457,0.9648861998,0.02131622844,0.0001302533384,0.5389423124,0.2678100162,0.001636459693,0.01338302739,0.007649863046,4.674467637e-05,0.1043362825,0.03205593379,0.0001958785721,0.2772349432,0.2456164952,0.001500845637,0.9643409556,0.01683309335,0.0002862953157,0.5366515632,0.1972660157,0.003355077706,0.01359298444,0.00570202688,9.697941735e-05,0.1042045832,0.0235034716,0.0003997443417,0.2859952089,0.1835303554,0.003121463176,0.01359298444,0.00570202688,9.697941735e-05,0.01523960119,0.004659827356,7.925380771e-05,0.934804968,0.3727321053,0.006339384776,0.05555555556,2.055484225e-08,3.495943928e-10
llava_1_5_7b,hmid_cos,all,16,26782,3457,0.9611702668,0.02598282895,0.0001587687156,0.3589791827,0.2842926899,0.001737177477,0.01426123343,0.008980804762,5.487742847e-05,0.1077518275,0.03343942123,0.0002043324062,0.2073932585,0.1746556125,0.001067237418,0.9585498203,0.0229826591,0.0003908864225,0.3337130666,0.2073485018,0.00352655947,0.01512452879,0.007608377568,0.0001294024106,0.1110892213,0.02749484696,0.0004676291948,0.20005141,0.1255751882,0.002135768358,0.01512452879,0.007608377568,0.0001294024106,0.01141259914,0.0042054163,7.152523673e-05,1.331987093,0.4078482334,0.006936635844,0.05555555556,2.055484225e-08,3.495943928e-10
llava_1_5_7b,hmid_cos,all,17,26782,3457,0.9621853285,0.02624127893,0.0001603479805,0.3540165063,0.3132677333,0.001914230192,0.0140464111,0.009424565418,5.758903887e-05,0.1068135769,0.03675356165,0.0002245835427,0.182894528,0.1829622907,0.001117995579,0.9602937507,0.01926788721,0.0003277060094,0.3616602145,0.2268188817,0.003857709452,0.01486245922,0.006837654583,0.0001162940427,0.1104504077,0.02678211807,0.0004555071838,0.1688995734,0.1203895739,0.002047572027,0.01486245922,0.006837654583,0.0001162940427,0.01188336571,0.003815071298,6.488629384e-05,1.283973258,0.4416939623,0.007512280108,0.05555555556,2.055484225e-08,3.495943928e-10
llava_1_5_7b,hmid_cos,all,18,26782,3457,0.9606292662,0.02595888244,0.0001586223899,0.4056253322,0.3138690459,0.001917904528,0.01448479753,0.009008594753,5.504723989e-05,0.1085106874,0.0353729618,0.0002161473534,0.2208969644,0.2073500457,0.001267017556,0.9600653943,0.0174310889,0.0002964659552,0.3902479074,0.2148763159,0.003654591667,0.01479328035,0.006118216764,0.000104057927,0.110153856,0.02474865646,0.0004209223025,0.1997191661,0.1380347002,0.002347678305,0.01479328035,0.006118216764,0.000104057927,0.0124358265,0.003224137341,5.483575707e-05,1.209667429,0.4189424873,0.007125325639,0.05555555556,2.055484225e-08,3.495943928e-10
llava_1_5_7b,hmid_cos,all,19,26782,3457,0.9513394602,0.03147168882,0.0001923085289,0.2696704221,0.3167644022,0.001935596673,0.01729441321,0.01065985111,6.513728251e-05,0.1177079873,0.03824591818,0.0002337026241,0.1749729296,0.1929861372,0.00117924654,0.9507856609,0.02397366197,0.0004077412853,0.2617757723,0.2157701476,0.003669793854,0.01746199339,0.007709804828,0.0001311274737,0.1180016901,0.02716960198,0.0004620974656,0.1664888979,0.1253754512,0.002132371253,0.01746199339,0.007709804828,0.0001311274737,0.01184633704,0.003678204852,6.255848506e-05,1.474600553,0.4227188885,0.007189554235,0.05555555556,2.055484225e-08,3.495943928e-10
llava_1_5_7b,hmid_cos,all,20,26782,3457,0.9566746392,0.03268463435,0.0001997202624,0.582225835,0.3051898736,0.001864870232,0.01547137278,0.01141086243,6.972635564e-05,0.110978762,0.04003610481,0.0002446416035,0.3938734505,0.23094472,0.001411193394,0.9520950863,0.02865813979,0.0004874143453,0.5013190654,0.2818369345,0.004793450166,0.01712930498,0.01023395174,0.000174057874,0.1160706628,0.03395406183,0.0005774867783,0.3421375654,0.1805982596,0.003071594426,0.01712930498,0.01023395174,0.000174057874,0.01800009176,0.005566975976,9.46824871e-05,0.9997666636,0.5464452395,0.009293877783,0.05555555556,2.055484225e-08,3.495943928e-10
llava_1_5_7b,hmid_cos,all,21,26782,3457,0.9224156366,0.0655536258,0.0004005670434,0.3228107341,0.3515368952,0.002148074847,0.02628362255,0.02206738628,0.0001348433068,0.1406468151,0.05980707864,0.0003654526256,0.2141912012,0.2199207438,0.001343831116,0.9066266664,0.05756484883,0.000979056328,0.3141573369,0.2408023193,0.00409553815,0.03111373532,0.01869296341,0.0003179277717,0.1533581975,0.04658307219,0.000792279534,0.2103070929,0.1566554173,0.002664377319,0.03111373532,0.01869296341,0.0003179277717,0.02291479523,0.01159536483,0.0001972126314,1.39435595,0.4806925861,0.008175564217,0.05555555556,2.055484225e-08,3.495943928e-10
llava_1_5_7b,hmid_cos,all,22,26782,3457,0.9218161674,0.07114905439,0.0004347580474,0.4344948803,0.3401169085,0.002078292738,0.02595767127,0.02501957302,0.0001528827165,0.1389578672,0.06336092123,0.0003871684682,0.3092433817,0.2564931991,0.001567308004,0.9139490179,0.05988198046,0.001018465836,0.4185347844,0.2515708414,0.004278687935,0.02862298343,0.02194987055,0.0003733208736,0.1456824554,0.05127927341,0.0008721519842,0.3004365949,0.1924168531,0.003272603706,0.02862298343,0.02194987055,0.0003733208736,0.02738422791,0.02278870053,0.0003875875975,1.202383567,0.4858127533,0.008262647431,0.05555555556,2.055484225e-08,3.495943928e-10
llava_1_5_7b,hmid_cos,all,23,26782,3457,0.8977074504,0.08924040203,0.0005453056723,0.3996132729,0.3609188158,0.002205403304,0.03361932094,0.03058961323,0.0001869185843,0.1562126091,0.07250608173,0.0004430501964,0.2720203868,0.2665936971,0.001629027346,0.8898318553,0.0775142498,0.001318353445,0.3755108405,0.2601990634,0.004425435743,0.03631820414,0.02776716452,0.0004722607405,0.161185777,0.05878803915,0.0009998602082,0.2588511577,0.1833328133,0.003118103403,0.03631820414,0.02776716452,0.0004722607405,0.03042450154,0.01829128277,0.0003110960335,1.230705243,0.4961592996,0.008438620301,0.05555555556,2.055484225e-08,3.495943928e-10
llava_1_5_7b,hmid_cos,all,24,26782,3457,0.8939521228,0.08987899016,0.0005492077808,0.3609576103,0.350132488,0.002139493183,0.03249903167,0.02860465273,0.0001747894343,0.1519914263,0.0685486079,0.0004188679552,0.2511306568,0.2658410368,0.001624428196,0.8907370077,0.07632011589,0.001298043753,0.3500128938,0.2497606309,0.004247900083,0.03403376636,0.0257260775,0.0004375461671,0.1553828673,0.0569102448,0.0009679228979,0.2494448046,0.1844441182,0.003137004348,0.03403376636,0.0257260775,0.0004375461671,0.02698265695,0.01675718657,0.0002850043018,1.290353976,0.4832698379,0.008219397819,0.05555555556,2.055484225e-08,3.495943928e-10
llava_1_5_7b,hmid_cos,all,25,26782,3457,0.9360284176,0.05262554547,0.0003215696904,0.3522114971,0.3458799786,0.002113508119,0.0215392682,0.01715059181,0.0001047991132,0.1270636134,0.05124919027,0.0003131594381,0.2252865731,0.2392824385,0.001462141228,0.9324381046,0.04686115552,0.0007970091432,0.3293604166,0.2490789855,0.004236306737,0.02269416682,0.01544644412,0.0002627113449,0.1295244683,0.04233759251,0.0007200729038,0.2193506438,0.1649192435,0.002804927525,0.02269416682,0.01544644412,0.0002627113449,0.01721991778,0.009266264483,0.0001575995605,1.325506658,0.4846618694,0.008243073331,0.05555555556,2.055484225e-08,3.495943928e-10
llava_1_5_7b,hmid_cos,all,26,26782,3457,0.8675733123,0.1358563038,0.000830153287,0.2677794753,0.5727273543,0.00349966459,0.05483099692,0.06364354668,0.0003888954579,0.1974870982,0.1168168767,0.0007138123993,0.2797704615,0.2879789145,0.001759702243,0.8859738365,0.07582256968,0.001289581544,0.2537611073,0.3481133192,0.005920671294,0.04536296425,0.03435300282,0.0005842719207,0.1796935325,0.0689163828,0.001172121912,0.253511518,0.1895133288,0.003223220899,0.04536296425,0.03435300282,0.0005842719207,0.03266035637,0.02258907973,0.00038419247,1.511273748,0.6903047351,0.01174062354,0.05555555556,2.055484225e-08,3.495943928e-10
llava_1_5_7b,hmid_cos,all,27,26782,3457,0.9704243808,0.01844755252,0.0001127242235,0.512461235,0.2588282989,0.001581576689,0.01106939001,0.006825352554,4.170648471e-05,0.09323289623,0.03130668643,0.0001913002777,0.2363772776,0.2086377419,0.001274886055,0.9710558516,0.01286512658,0.0002188085932,0.5003198582,0.1921949139,0.00326882899,0.01089658807,0.004798547338,8.161314121e-05,0.09236707881,0.02140137055,0.0003639920488,0.2251383868,0.1390411327,0.002364795592,0.01089658807,0.004798547338,8.161314121e-05,0.01138929405,0.003423497324,5.822644873e-05,0.9876898633,0.36969817,0.006287783954,0.05555555556,2.055484225e-08,3.495943928e-10
llava_1_5_7b,hmid_cos,all,28,26782,3457,0.96320308,0.02755872704,0.0001683982797,0.353868887,0.3432682774,0.002097549255,0.01409051957,0.0112755513,6.889953367e-05,0.1047814462,0.04201224116,0.0002567168333,0.214321886,0.2008298107,0.001227175499,0.9647062425,0.01838996182,0.0003127743555,0.3510599712,0.2342912417,0.003984798491,0.01351257663,0.007396160557,0.0001257930481,0.1019919768,0.02831847646,0.0004816373905,0.2114810458,0.1347068777,0.002291079083,0.01351257663,0.007396160557,0.0001257930481,0.01041835291,0.004050324621,6.88874553e-05,1.306927265,0.4661148155,0.007927627171,0.05555555556,2.055484225e-08,3.495943928e-10
llava_1_5_7b,hmid_cos,all,29,26782,3457,0.9692627568,0.02404355122,0.0001469187113,0.7376462732,0.2121357447,0.001296260687,0.01331467769,0.01089390186,6.656745533e-05,0.1008029628,0.04224329254,0.0002581286784,0.35653844,0.2141174608,0.001308370012,0.9721514541,0.01508257876,0.0002565227649,0.7780680542,0.1486179837,0.002527677573,0.01223261601,0.006627958272,0.000112727552,0.09613725501,0.02720502465,0.0004626999301,0.3851325182,0.1596139107,0.002714695035,0.01223261601,0.006627958272,0.000112727552,0.02733597932,0.01056025807,0.0001796076547,0.5010980148,0.2997129512,0.005097483401,0.05555555556,2.055484225e-08,3.495943928e-10
llava_1_5_7b,hmid_cos,all,30,26782,3457,0.9510105799,0.04455716832,0.0002722676733,0.3253680478,0.4215950214,0.002576166751,0.01866143443,0.01801754717,0.0001100966653,0.1175036355,0.05591591231,0.000341675558,0.2498926518,0.2267090255,0.001385311079,0.9582020927,0.02360610782,0.0004014899667,0.3625080396,0.2333633936,0.003969017757,0.01592755056,0.009482380366,0.0001612752346,0.1084438022,0.03270514089,0.0005562452745,0.2606059328,0.1432070337,0.002435648757,0.01592755056,0.009482380366,0.0001612752346,0.01198307861,0.004659466624,7.924767243e-05,1.301776734,0.4751247578,0.008080867233,0.05555555556,2.055484225e-08,3.495943928e-10
llava_1_5_7b,hmid_cos,all,31,26782,3457,0.9780569842,0.01489881101,9.103955126e-05,0.9319895895,0.0455009409,0.0002780346189,0.007220200739,0.004706489722,2.875912124e-05,0.07596681137,0.02554978251,0.0001561225747,0.7407820551,0.1235132719,0.0007547308868,0.9775230257,0.01066940846,0.000181464072,0.9341926888,0.03044158741,0.0005177470174,0.007250646873,0.003273689395,5.56785327e-05,0.07609405918,0.01795265114,0.0003053366257,0.7470550675,0.09378262805,0.001595044151,0.007250646873,0.003273689395,5.56785327e-05,0.05324866935,0.01261082145,0.0002144834008,0.1423564664,0.06947027844,0.001181542505,0.05555555556,2.055484225e-08,3.495943928e-10
llava_1_5_7b,hmid_cos,all,32,26782,3457,0.8910447689,0.1318952853,0.0008059493858,0.5599860158,0.4378703884,0.002675617782,0.04885868349,0.06232121237,0.0003808153015,0.177434267,0.117085026,0.0007154509324,0.4336646348,0.2738365636,0.00167328506,0.8909051992,0.09487217206,0.00161357499,0.5693080076,0.2995261214,0.005094305822,0.04965332216,0.04501706859,0.0007656451248,0.1781330402,0.08463592339,0.00143947805,0.4437152116,0.1891714909,0.00321740696,0.04965332216,0.04501706859,0.0007656451248,0.05059886987,0.02307619696,0.0003924773038,0.9535788416,0.6029563735,0.01025501265,0.05555555556,2.055484225e-08,3.495943928e-10
llava_1_5_7b,hmid_cos,real_real,1,14534,3090,0.9488207878,0.04579990385,0.0003799023573,0.572902767,0.3552194238,0.002946484274,0.01603144455,0.01390358233,0.0001153278339,0.09725548999,0.05283240134,0.0004382357194,0.3958584182,0.3470950867,0.00287909429,0.9458264816,0.03765598559,0.0006774149538,0.55395996,0.2830827517,0.005092536716,0.01681991937,0.01127495327,0.0002028315506,0.09872607944,0.04252552435,0.0007650158577,0.3817469789,0.2783648006,0.005007662809,,,,,,,,,,,,
llava_1_5_7b,hmid_cos,real_real,2,14534,3090,0.9667222403,0.02457478148,0.0002038436029,0.4894031873,0.2976839597,0.002469237455,0.0122268035,0.00867069887,7.19219619e-05,0.09695245722,0.03842228677,0.0003187062873,0.2611204761,0.2396071823,0.001987500535,0.964962291,0.02260202029,0.0004066006052,0.475659618,0.2445574737,0.004399483566,0.01274447853,0.007770530807,0.0001397885007,0.098469034,0.03390977341,0.0006100222111,0.2611270756,0.1917155892,0.003448880834,,,,,,,,,,,,
llava_1_5_7b,hmid_cos,real_real,3,14534,3090,0.968319615,0.01789490201,0.0001484351469,0.4050549701,0.2917665427,0.002420153494,0.01148547602,0.006358131276,5.273960984e-05,0.09649186857,0.03032121923,0.0002515093197,0.2299199291,0.1991549748,0.001651956402,0.968400081,0.0162696035,0.0002926831559,0.4045263682,0.2540295098,0.004569881414,0.01151808792,0.005816630398,0.0001046386743,0.09607883221,0.02703828654,0.0004864071233,0.2347286273,0.1561536401,0.002809136694,,,,,,,,,,,,
llava_1_5_7b,hmid_cos,real_real,4,14534,3090,0.9592496159,0.02312078787,0.000191782975,0.2066080451,0.3338455313,0.002769191497,0.01455964133,0.007984912028,6.623347752e-05,0.11014384,0.03419126804,0.0002836107117,0.1428374845,0.2015384146,0.001671726627,0.9573828723,0.02038923592,0.000366793568,0.1984127954,0.2575926942,0.004633981565,0.01519175483,0.006953152329,0.0001250842141,0.112153915,0.0284965885,0.0005126413473,0.1384853213,0.1519244133,0.002733054728,,,,,,,,,,,,
llava_1_5_7b,hmid_cos,real_real,5,14534,3090,0.9538082706,0.03480311321,0.0002886858625,0.3759936606,0.3022473287,0.002507089819,0.01593876501,0.01141342723,9.467242383e-05,0.1110890952,0.04000807927,0.0003318601645,0.300214153,0.2054407674,0.001704095975,0.9508578398,0.03167888915,0.0005698895646,0.3514065631,0.2326148537,0.004184640978,0.01684490226,0.01013395483,0.0001823054804,0.1131148081,0.03376798507,0.0006074714998,0.2913670089,0.157413557,0.002831802057,,,,,,,,,,,,
llava_1_5_7b,hmid_cos,real_real,6,14534,3090,0.9624095763,0.02043890162,0.0001695371879,0.329759763,0.2595971872,0.0021533142,0.01320437781,0.007011441934,5.815870984e-05,0.1038341025,0.02999059504,0.0002487668487,0.2379141152,0.186900024,0.001550303685,0.9606183595,0.01768646456,0.0003181718759,0.3081697311,0.2018835561,0.003631798177,0.0137726213,0.005967610041,0.000107354733,0.1056839833,0.02462287199,0.0004429548565,0.2288823072,0.1444557364,0.002598696448,,,,,,,,,,,,
llava_1_5_7b,hmid_cos,real_real,7,14534,3090,0.9678289691,0.01797085016,0.0001490651238,0.5632018107,0.2294953773,0.001903624844,0.01194248761,0.006493744857,5.386450126e-05,0.09884405172,0.02983813255,0.0002475021985,0.3032286363,0.2081709653,0.001726742499,0.9686458894,0.01455638971,0.0002618631781,0.5968142165,0.1872685807,0.003368881068,0.01181105382,0.005321904961,9.57387769e-05,0.09777523841,0.02471565874,0.0004446240502,0.3185229651,0.1683297752,0.003028180118,,,,,,,,,,,,
llava_1_5_7b,hmid_cos,real_real,8,14534,3090,0.9588294704,0.02227168108,0.0001847397796,0.4536321505,0.2728838439,0.002263524742,0.01531601381,0.008119968096,6.735374447e-05,0.1132794847,0.03351644058,0.0002780131335,0.2388773737,0.2004611273,0.001662790714,0.9568190279,0.02068396999,0.0003720957069,0.4366285127,0.2316756513,0.004167745131,0.01608471447,0.007508466776,0.0001350740817,0.1156076877,0.03010921188,0.0005416517469,0.2305698024,0.1598154919,0.00287501183,,,,,,,,,,,,
llava_1_5_7b,hmid_cos,real_real,9,14534,3090,0.9587070876,0.02555572294,0.0002119803443,0.5693123443,0.2871483795,0.002381846622,0.0157837239,0.009427138723,7.819650091e-05,0.1155409956,0.0384469795,0.0003189111093,0.3019536088,0.2707817044,0.002246087856,0.9579648901,0.02089829378,0.0003759512994,0.5879018547,0.2344078479,0.004216896172,0.01631601351,0.007781814147,0.0001399914831,0.117518491,0.03146558278,0.0005660522748,0.3060659305,0.2252213864,0.004051635687,,,,,,,,,,,,
llava_1_5_7b,hmid_cos,real_real,10,14534,3090,0.960823753,0.02195398817,0.0001821045713,0.5057771119,0.2832478393,0.002349492309,0.01477140987,0.008172742708,6.779150084e-05,0.1112382084,0.033511972,0.0002779760674,0.2898978258,0.2205905733,0.00182976102,0.9613234233,0.017837608,0.0003208908812,0.5074425948,0.2295140901,0.004128859577,0.01463537836,0.006607189585,0.0001188604934,0.1103663872,0.02797628818,0.0005032813686,0.2906648511,0.1746993899,0.003142766741,,,,,,,,,,,,
llava_1_5_7b,hmid_cos,real_real,11,14534,3090,0.9599523896,0.03139303571,0.0002603998538,0.6622765248,0.2787516352,0.002312197066,0.01615825529,0.01201404631,9.965445623e-05,0.1146294917,0.04319209146,0.0003582710002,0.4163599147,0.2943173249,0.002441311796,0.9590543311,0.0270204662,0.0004860865432,0.6651959206,0.2415899298,0.004346098729,0.0166764189,0.01032085884,0.000185667803,0.1161599548,0.03735684071,0.0006720334664,0.3950748221,0.2391060112,0.004301414104,,,,,,,,,,,,
llava_1_5_7b,hmid_cos,real_real,12,14534,3090,0.9546210677,0.02989465809,0.0002479710681,0.4597726706,0.2858373391,0.002370971766,0.01710914887,0.01116051023,9.257452065e-05,0.118379046,0.04007351173,0.0003324029156,0.2454180714,0.211634113,0.001755468716,0.952843962,0.02608140672,0.0004691932677,0.4376560161,0.2264385966,0.004073532775,0.01787496506,0.009872761164,0.0001776067189,0.1209333383,0.03485704118,0.0006270631499,0.2323856799,0.1544538204,0.00277855767,,,,,,,,,,,,
llava_1_5_7b,hmid_cos,real_real,13,14534,3090,0.959829228,0.02166993365,0.0001797483877,0.478569912,0.2903276492,0.002408218119,0.01552499595,0.008216188914,6.815187967e-05,0.1141741664,0.0337824912,0.0002802199778,0.2563686872,0.2243072052,0.001860589845,0.9601872256,0.01780342936,0.0003202760222,0.507991437,0.2293978546,0.00412676855,0.01550444824,0.00670923762,0.0001206962936,0.1135417713,0.02798443558,0.0005034279368,0.2706753657,0.1794253021,0.003227783867,,,,,,,,,,,,
llava_1_5_7b,hmid_cos,real_real,14,14534,3090,0.9580886086,0.02774573233,0.0002301460971,0.4146128461,0.2782415765,0.002307966216,0.01536300212,0.01027347371,8.52167047e-05,0.113148783,0.03817610533,0.0003166642544,0.2727075306,0.1972197964,0.001635904429,0.9556956264,0.02531952054,0.0004554872637,0.4026723105,0.2296745756,0.004131746643,0.01629980302,0.009506328274,0.0001710147491,0.1163637872,0.03450121467,0.0006206619844,0.2705664313,0.1547987548,0.002784762892,,,,,,,,,,,,
llava_1_5_7b,hmid_cos,real_real,15,14534,3090,0.963892824,0.02143953496,0.0001778372701,0.5041369443,0.2683337288,0.002225782317,0.01371926858,0.007643158988,6.339869459e-05,0.1056532753,0.03165321165,0.0002625579687,0.2531305903,0.2359532787,0.00195719203,0.9639526663,0.01880929975,0.000338371197,0.5241192348,0.211585373,0.003806329683,0.01366862909,0.006325175299,0.0001137871779,0.10444226,0.02575078244,0.0004632454795,0.2744226528,0.1971004653,0.003545752436,,,,,,,,,,,,
llava_1_5_7b,hmid_cos,real_real,16,14534,3090,0.9583939561,0.02788527551,0.0002313035838,0.3480812903,0.2799996136,0.002322548833,0.01520793812,0.009508575095,7.887200167e-05,0.1113713582,0.03449490605,0.000286129337,0.2004738888,0.1742993764,0.001445783471,0.9567196602,0.02635445352,0.000474105262,0.3331699604,0.2275475336,0.004093482074,0.01572615449,0.008558131494,0.0001539570977,0.1132281994,0.03021234706,0.0005435071043,0.197662952,0.1379291356,0.002481285713,,,,,,,,,,,,
llava_1_5_7b,hmid_cos,real_real,17,14534,3090,0.9588053049,0.02775821988,0.0002302496791,0.3303996411,0.3156272001,0.00261807356,0.0153031953,0.009918771752,8.227451268e-05,0.1120258572,0.03749305704,0.0003109984859,0.1635217421,0.1778074288,0.001474882165,0.9581263956,0.02195248511,0.0003949157473,0.3552753122,0.2497603233,0.004493080588,0.0156640398,0.007764634777,0.0001396824336,0.1137665084,0.02968986392,0.0005341078577,0.1583849271,0.1311825036,0.002359916711,,,,,,,,,,,,
llava_1_5_7b,hmid_cos,real_real,18,14534,3090,0.9578226372,0.0274033544,0.0002273061308,0.3818188519,0.3105174441,0.00257568901,0.01548197343,0.009384927414,7.784636534e-05,0.1124826923,0.0356038926,0.0002953281905,0.201168381,0.1996362794,0.001655948742,0.9583631662,0.01983275165,0.0003567826556,0.3792429889,0.2353983239,0.004234714408,0.01539533025,0.006887833746,0.0001239091609,0.1125147681,0.02723960706,0.0004900287927,0.191077633,0.1490752623,0.002681799728,,,,,,,,,,,,
llava_1_5_7b,hmid_cos,real_real,19,14534,3090,0.9483586161,0.03236946737,0.0002684991872,0.2535925471,0.3087519704,0.002561044708,0.01829402939,0.01090104681,9.042231603e-05,0.1212863445,0.03793606105,0.0003146731283,0.1627369444,0.187224692,0.00155299675,0.9482606026,0.02793120591,0.000502470358,0.2588567196,0.2370349208,0.004264156081,0.01826371642,0.0089314605,0.0001606731256,0.1206210968,0.03057061645,0.0005499522163,0.1601086213,0.1385616847,0.002492664998,,,,,,,,,,,,
llava_1_5_7b,hmid_cos,real_real,20,14534,3090,0.9540543698,0.0332666262,0.000275940966,0.5512800208,0.3106264742,0.002576593396,0.01628635282,0.01155165386,9.581899005e-05,0.1140909581,0.03997969212,0.0003316246979,0.3652706585,0.2267115437,0.001880533421,0.9502252899,0.03139740382,0.0005648257647,0.4795163385,0.3026380272,0.005444327695,0.01769095296,0.01112625081,0.0002001564575,0.1181260158,0.03707639965,0.0006669884525,0.324319361,0.1942031571,0.003493631109,,,,,,,,,,,,
llava_1_5_7b,hmid_cos,real_real,21,14534,3090,0.9143092098,0.06699476943,0.0005557101368,0.2986524998,0.3476717839,0.002883877894,0.02881815223,0.02250702815,0.0001866919433,0.1483771571,0.05901277117,0.0004895008284,0.1991064057,0.2131212869,0.001767804569,0.9020958755,0.06171297612,0.001110189847,0.308192237,0.2677048086,0.004815894146,0.03246466627,0.02016303342,0.0003627242825,0.1574559237,0.04988826049,0.0008974683081,0.2064954956,0.1749319035,0.003146949561,,,,,,,,,,,,
llava_1_5_7b,hmid_cos,real_real,22,14534,3090,0.9129561154,0.07635113396,0.0006333195778,0.4073257876,0.342257142,0.002838964367,0.02874967913,0.02674887427,0.0002218773302,0.1470465732,0.06465749288,0.0005363228281,0.2949699842,0.2561595896,0.002124799918,0.9078852319,0.0680362774,0.001223943312,0.4046412035,0.2786409331,0.005012630313,0.03061910296,0.02518637832,0.0004530920925,0.1509347668,0.05735386255,0.001031771272,0.2952663723,0.2116920523,0.003808248798,,,,,,,,,,,,
llava_1_5_7b,hmid_cos,real_real,23,14534,3090,0.8899267264,0.09294200473,0.000770938009,0.3760616505,0.3578671255,0.002968446507,0.03601903579,0.03189018451,0.000264523618,0.1623459996,0.07270739572,0.0006030953933,0.2519136163,0.2612530792,0.002167049542,0.8835887303,0.08513744988,0.001531586035,0.3621219502,0.2884671852,0.005189400353,0.03838508365,0.03040253575,0.0005469285169,0.1663327909,0.06439395789,0.001158419553,0.2478660602,0.2054500909,0.003695958601,,,,,,,,,,,,
llava_1_5_7b,hmid_cos,real_real,24,14534,3090,0.885694748,0.09472411109,0.000785720276,0.326029101,0.3432895601,0.002847528098,0.03492647979,0.03017698167,0.0002503128939,0.15793426,0.06940212099,0.0005756787056,0.227286019,0.2573276804,0.002134489031,0.88567484,0.08461218359,0.001522136721,0.3391010361,0.2740905048,0.004930770068,0.03563592775,0.028753894,0.0005172701623,0.1589943944,0.06281486947,0.001130012433,0.239455264,0.2052530195,0.003692413373,,,,,,,,,,,,
llava_1_5_7b,hmid_cos,real_real,25,14534,3090,0.9344952556,0.05248160899,0.0004353259569,0.3336497904,0.332405038,0.002757242852,0.02192351,0.016702773,0.000138546641,0.1288511907,0.04931447868,0.0004090551535,0.2057825616,0.2272855565,0.001885294759,0.9297048549,0.05321166471,0.0009572549178,0.3172456286,0.2785066949,0.005010215426,0.0235053356,0.01748591876,0.0003145641433,0.1320372956,0.04725314182,0.0008500636586,0.2051399002,0.179668577,0.003232160276,,,,,,,,,,,,
llava_1_5_7b,hmid_cos,real_real,26,14534,3090,0.8723414795,0.1286964935,0.001067515369,0.2128003762,0.548984569,0.004553732963,0.05240807354,0.06003004519,0.0004979389422,0.1941343062,0.1121209776,0.0009300243037,0.2323345259,0.2627186556,0.002179206247,0.8870018383,0.08600906992,0.001547266104,0.2209901677,0.3829781632,0.00688961212,0.04497669975,0.03895022185,0.0007006977064,0.1793716115,0.07764765078,0.001396847777,0.2276503666,0.1974170262,0.00355144723,,,,,,,,,,,,
llava_1_5_7b,hmid_cos,real_real,27,14534,3090,0.9697913772,0.01789619158,0.0001484458436,0.5119105516,0.2518609156,0.002089143154,0.01132866611,0.006602727194,5.476849108e-05,0.09477709785,0.02990412229,0.000248049572,0.2176512832,0.1969832118,0.001633942001,0.9702485536,0.01454044224,0.0002615762901,0.5058013122,0.2091729705,0.0037629316,0.01118202249,0.005396564219,9.708186477e-05,0.09371032238,0.02383572835,0.0004287944816,0.2146357618,0.1520149381,0.002734683229,,,,,,,,,,,,
llava_1_5_7b,hmid_cos,real_real,28,14534,3090,0.9628072952,0.02739727199,0.0002272556782,0.3599926774,0.3354228736,0.002782275281,0.01428683211,0.01122566957,9.311500625e-05,0.1057600779,0.04082089987,0.0003386023721,0.2053525354,0.1919109571,0.001591868516,0.9642615426,0.02086856701,0.0003754165278,0.3582992125,0.2609636425,0.004694623472,0.01366993926,0.008404410943,0.0001511917312,0.1026451589,0.03128365202,0.0005627794189,0.2079785422,0.1491693374,0.002683492098,,,,,,,,,,,,
llava_1_5_7b,hmid_cos,real_real,29,14534,3090,0.9693062903,0.02340482223,0.0001941389914,0.7592713881,0.2034838793,0.001687863924,0.01336872099,0.010503975,8.712867335e-05,0.1015088364,0.04069262454,0.0003375383503,0.3695193168,0.2156891594,0.001789104631,0.9714795022,0.01757128691,0.0003160998796,0.7844218861,0.1628484986,0.002929574315,0.01254039629,0.00768543107,0.0001382575931,0.09753679047,0.03083957524,0.0005547906691,0.3882680947,0.1770473901,0.003185006254,,,,,,,,,,,,
llava_1_5_7b,hmid_cos,real_real,30,14534,3090,0.9554375568,0.03867671161,0.0003208166978,0.3585885538,0.3774044993,0.003130505675,0.01717230323,0.01579131652,0.0001309862656,0.1134643621,0.05087582374,0.0004220062433,0.2486540182,0.208592806,0.001730241595,0.9609923248,0.02530507326,0.0004552273634,0.3984125331,0.2537787321,0.00456537003,0.01501129165,0.0103084085,0.0001854438268,0.1056592602,0.03538805158,0.0006366157983,0.2670869051,0.1590340323,0.002860953709,,,,,,,,,,,,
llava_1_5_7b,hmid_cos,real_real,31,14534,3090,0.9769346027,0.01500513701,0.0001244650413,0.9274923353,0.04633740312,0.0003843608216,0.007562695028,0.004720384412,3.915478014e-05,0.0780500603,0.02518298594,0.0002088885547,0.7292211366,0.1246663093,0.001034085681,0.9769092595,0.011661271,0.0002097812402,0.9315519709,0.03371224969,0.0006064688445,0.007452141268,0.003555501078,6.396193223e-05,0.07734642269,0.01938635015,0.0003487520851,0.7402705941,0.1009857109,0.001816689422,,,,,,,,,,,,
llava_1_5_7b,hmid_cos,real_real,32,14534,3090,0.8820510664,0.1396853318,0.0011586659,0.5460329349,0.437941129,0.003632646649,0.05277055485,0.06567991689,0.0005448036601,0.1849869129,0.1207540924,0.001001634512,0.4280480253,0.2758708099,0.002288301114,0.8840902257,0.1073219617,0.001930675843,0.5559502049,0.3319541746,0.005971712554,0.05263112989,0.05103444701,0.0009180877097,0.1839181165,0.09420041025,0.001694624787,0.4394384648,0.2096750902,0.003771964518,,,,,,,,,,,,
llava_1_5_7b,hmid_cos,mixed,1,10166,1976,0.9545080685,0.04445861418,0.0004409413917,0.6331141721,0.3476618824,0.003448117246,0.01421099198,0.01364035231,0.0001352852769,0.09049629123,0.05304271666,0.0005260786855,0.4557593941,0.3538126964,0.003509121137,0.9517972363,0.02865749133,0.0006446807457,0.605025451,0.2278292692,0.005125261715,0.01502435981,0.008641322266,0.0001943957347,0.09421765139,0.03339711226,0.0007513035593,0.4126074112,0.2337998146,0.005259575484,,,,,,,,,,,,
llava_1_5_7b,hmid_cos,mixed,2,10166,1976,0.9686178331,0.0246243961,0.0002442252347,0.5497752216,0.2970903586,0.002946547898,0.01158876298,0.008708684346,8.637289907e-05,0.0935197907,0.03778433253,0.0003747457377,0.3031366811,0.2461730848,0.002441549396,0.966733272,0.01818805188,0.0004091595707,0.5212253255,0.2093746926,0.004710106387,0.01223737332,0.006254751931,0.0001407072968,0.09646223886,0.02584344619,0.0005813758074,0.284406205,0.1633470165,0.00367466486,,,,,,,,,,,,
llava_1_5_7b,hmid_cos,mixed,3,10166,1976,0.9696407535,0.01710815975,0.0001696790579,0.4528332962,0.2790336388,0.002767461004,0.01098723189,0.006050360995,6.000759688e-05,0.09453004723,0.02865972669,0.0002842477213,0.2516107614,0.2029598066,0.002012959271,0.9688375577,0.0125953217,0.0002833451573,0.440418621,0.2055210164,0.004623413842,0.01135638746,0.004484725085,0.0001008886604,0.09619398674,0.02067201185,0.000465038892,0.2397186749,0.1270746839,0.002858680164,,,,,,,,,,,,
llava_1_5_7b,hmid_cos,mixed,4,10166,1976,0.9633725938,0.02164462582,0.0002146718157,0.2752650331,0.3369457443,0.003341834382,0.01316798694,0.00753780004,7.476004597e-05,0.1047550293,0.03316037195,0.0003288852076,0.1706976687,0.2058176744,0.002041303658,0.9617393651,0.01537019771,0.0003457689441,0.2452372015,0.2184670172,0.004914647899,0.0137368978,0.005241023305,0.0001179023932,0.107197654,0.02182214433,0.0004909123453,0.1538431923,0.1201331949,0.002702523984,,,,,,,,,,,,
llava_1_5_7b,hmid_cos,mixed,5,10166,1976,0.9595157397,0.03154701828,0.0003128839349,0.4607707009,0.2917581875,0.002893663323,0.01391103854,0.01013006924,0.0001004702218,0.1041439704,0.0360254918,0.0003573015215,0.3533377189,0.2054034588,0.002037195461,0.9578382559,0.02364559024,0.0005319327004,0.4361402124,0.194298761,0.004370957273,0.01445196626,0.007338282241,0.0001650824635,0.1058192665,0.0251381908,0.0005655103373,0.3335016496,0.1399599487,0.003148547898,,,,,,,,,,,,
llava_1_5_7b,hmid_cos,mixed,6,10166,1976,0.9660997989,0.01863617746,0.0001848339669,0.3884925443,0.243241224,0.002412471144,0.01196547642,0.006447822036,6.394962314e-05,0.09932491669,0.02824180746,0.0002801027904,0.2704234704,0.1838250197,0.001823180086,0.9647940691,0.01435609572,0.0003229556415,0.3728502795,0.1715734442,0.003859727102,0.01239647229,0.00490933874,0.0001104407962,0.101008432,0.02049079499,0.0004609622259,0.2585293431,0.1244134917,0.002798813813,,,,,,,,,,,,
llava_1_5_7b,hmid_cos,mixed,7,10166,1976,0.9686656547,0.0171468795,0.0001700630811,0.560520044,0.2184652568,0.002166742625,0.01144228068,0.006112488514,6.062377881e-05,0.0966861611,0.02753913868,0.0002731337078,0.3220446833,0.2039287256,0.002022569028,0.9692236129,0.01172006637,0.0002636553577,0.5784019317,0.1594930442,0.003587965655,0.01141853897,0.004260892586,9.585331033e-05,0.09654913536,0.01949892797,0.0004386491225,0.3137320405,0.137715774,0.003098062802,,,,,,,,,,,,
llava_1_5_7b,hmid_cos,mixed,8,10166,1976,0.9616088251,0.02132738285,0.0002115253938,0.5170517871,0.2555437807,0.002534488139,0.01435071287,0.007848996002,7.784649352e-05,0.1099213354,0.03193145,0.0003166967361,0.2636638058,0.1969541857,0.001953395408,0.9598467854,0.01581303687,0.0003557310821,0.4817788678,0.1946468958,0.004378788935,0.01498414907,0.00571652979,0.0001285994173,0.1123211708,0.02252278755,0.0005066740598,0.2390468085,0.129922814,0.002922751879,,,,,,,,,,,,
llava_1_5_7b,hmid_cos,mixed,9,10166,1976,0.9588132836,0.02522989961,0.0002502306302,0.5582981691,0.2801692904,0.002778724418,0.01554508877,0.009317915829,9.241526866e-05,0.1147929374,0.03717451266,0.0003686975325,0.2858394403,0.2460997827,0.002440822385,0.9568697901,0.0181854094,0.0004091001253,0.5494463615,0.202574797,0.004557135504,0.01635783651,0.006679575865,0.000150264163,0.1182289694,0.02602163197,0.000585384286,0.2727666403,0.1752573407,0.003942600272,,,,,,,,,,,,
llava_1_5_7b,hmid_cos,mixed,10,10166,1976,0.9605668367,0.022516923,0.0002233232759,0.5278208528,0.282560525,0.002802440729,0.01479246221,0.008416258755,8.347261643e-05,0.1121014922,0.03317829846,0.0003290630031,0.3099516772,0.2139826405,0.00212228395,0.9597292886,0.01689305999,0.0003800273508,0.5174837616,0.2148186241,0.004832573416,0.01516397745,0.006347473119,0.0001427931586,0.1134302136,0.02476506087,0.0005571163828,0.3029056927,0.1503277244,0.003381782039,,,,,,,,,,,,
llava_1_5_7b,hmid_cos,mixed,11,10166,1976,0.9631760998,0.02669187588,0.0002647305391,0.6763266337,0.263239251,0.002610811961,0.01480548757,0.01022346806,0.0001013965531,0.1100898623,0.03773009533,0.0003742078122,0.4361628222,0.2790221284,0.002767346843,0.9615178995,0.02000360045,0.0004500022667,0.6615422908,0.2068715302,0.004653795088,0.01556333897,0.007577312976,0.0001704597141,0.1130767611,0.02791396527,0.0006279543362,0.4029444624,0.212907301,0.00478957617,,,,,,,,,,,,
llava_1_5_7b,hmid_cos,mixed,12,10166,1976,0.9561231818,0.03006045673,0.0002981401888,0.4929434507,0.2998549379,0.002973967049,0.0165895335,0.01136100116,0.0001126786284,0.1165460799,0.03975541253,0.0003942949471,0.2759381763,0.2190140695,0.00217218576,0.9536526792,0.02310309232,0.0005197286326,0.4460348705,0.2150102339,0.004836883882,0.01753797593,0.008823460092,0.0001984931188,0.1198940155,0.02946036284,0.0006627421943,0.2490286705,0.1387901765,0.003122232628,,,,,,,,,,,,
llava_1_5_7b,hmid_cos,mixed,13,10166,1976,0.9598583006,0.02118694519,0.0002101325304,0.496495568,0.278782836,0.002764973537,0.01555859134,0.008084381864,8.018105503e-05,0.1140507777,0.03209700226,0.0003183386866,0.2665256738,0.2175216848,0.002157384259,0.9595556557,0.01432662118,0.0003222925804,0.4921284275,0.1977926156,0.004449555247,0.01576352612,0.005477114569,0.0001232135173,0.1148233423,0.02167311436,0.0004875597576,0.2596739175,0.1534812349,0.003452723612,,,,,,,,,,,,
llava_1_5_7b,hmid_cos,mixed,14,10166,1976,0.9603984036,0.02634552707,0.0002612954449,0.425685577,0.2699241163,0.002677112584,0.01453144505,0.009733254734,9.653460791e-05,0.1102695426,0.03624375169,0.0003594662273,0.2770601761,0.1931350759,0.001915517402,0.9590412409,0.0198528149,0.0004466101852,0.4006824271,0.1902575226,0.004280045316,0.01505831376,0.007465999404,0.0001679555969,0.1124270371,0.02686226835,0.0006042952954,0.2599723721,0.1278030761,0.00287506612,,,,,,,,,,,,
llava_1_5_7b,hmid_cos,mixed,15,10166,1976,0.964140298,0.0210851255,0.0002091226808,0.5543299502,0.2569434152,0.002548369741,0.01372227782,0.007566007113,7.503980427e-05,0.10612707,0.03123196934,0.0003097592735,0.2854920814,0.2442850597,0.002422823927,0.9634330877,0.01544229771,0.0003473909104,0.5408321346,0.1824537055,0.004104490151,0.01401069796,0.005318682308,0.0001196494151,0.1067821959,0.02105404233,0.0004736330739,0.2837213988,0.1729827416,0.003891430745,,,,,,,,,,,,
llava_1_5_7b,hmid_cos,mixed,16,10166,1976,0.9625467386,0.02352551366,0.0002333264975,0.3439450031,0.2806726153,0.002783716405,0.01383120845,0.008260847508,8.193124469e-05,0.1065419992,0.03076925352,0.000305170049,0.1971584202,0.1622364936,0.001609064668,0.9613171947,0.01707952097,0.0003842219889,0.3200610236,0.1866361852,0.004198579479,0.01422007002,0.005931124361,0.0001334269505,0.1083015179,0.02155223477,0.0004848404426,0.1864477591,0.1044397025,0.002349482182,,,,,,,,,,,,
llava_1_5_7b,hmid_cos,mixed,17,10166,1976,0.9640027129,0.02360756469,0.0002341402812,0.3504834482,0.3016458442,0.002991729293,0.01338128604,0.008538282953,8.468285477e-05,0.1046834147,0.03377581969,0.0003349892302,0.1836667568,0.1720014985,0.001705914175,0.9621663067,0.01657226509,0.0003728107285,0.3421360451,0.2142676021,0.00482017759,0.01413636093,0.00601433821,0.0001352989345,0.1080139673,0.02340677512,0.0005265603003,0.1694885761,0.1061862241,0.002388772044,,,,,,,,,,,,
llava_1_5_7b,hmid_cos,mixed,18,10166,1976,0.9620183544,0.023800656,0.0002360553646,0.4059735508,0.3088681159,0.003063359922,0.01402287831,0.008359962046,8.291426459e-05,0.1071913481,0.03323934628,0.0003296684766,0.222269698,0.1985468428,0.001969191411,0.9614499069,0.01602798668,0.0003605666066,0.3951390653,0.2076260288,0.004670768334,0.01427897584,0.005644066242,0.0001269692728,0.1085679992,0.02205904874,0.000496241762,0.2054247143,0.1266326815,0.002848736849,,,,,,,,,,,,
llava_1_5_7b,hmid_cos,mixed,19,10166,1976,0.9519125575,0.03024875479,0.0003000077326,0.2503342067,0.309339595,0.003068036061,0.01715087515,0.01026856827,0.0001018438579,0.1178571496,0.03661637575,0.0003631619199,0.1647464588,0.1800080594,0.0017853234,0.9513919337,0.02092099592,0.0004706400534,0.2344650844,0.1987066754,0.004470117993,0.01735784042,0.006934408827,0.0001559969015,0.1189041415,0.02402073265,0.0005403719278,0.1558337877,0.1074524697,0.002417257585,,,,,,,,,,,,
llava_1_5_7b,hmid_cos,mixed,20,10166,1976,0.9567565658,0.03279267155,0.000325238348,0.5869455746,0.3021875719,0.002997102158,0.01556442778,0.01154094498,0.0001144633146,0.1117014357,0.03955587866,0.0003923159664,0.3984882205,0.2254790445,0.002236305506,0.9526789317,0.02721964692,0.0006123349064,0.5286968044,0.2649522497,0.005960382643,0.01709709152,0.009949152503,0.0002238167668,0.1168420617,0.03211280404,0.0007224116799,0.3602352181,0.1696042103,0.003815427091,,,,,,,,,,,,
llava_1_5_7b,hmid_cos,mixed,21,10166,1976,0.9255358763,0.064164814,0.0006363878611,0.3102810984,0.3459562349,0.003431200601,0.02546988821,0.02175788933,0.0002157951654,0.1390634353,0.05871463499,0.0005823328807,0.2046373943,0.2091107298,0.002073964246,0.9132569886,0.05457377995,0.001227695221,0.2912395152,0.2409983421,0.005421514015,0.02950496228,0.01835594936,0.0004129366031,0.1500507285,0.04579904442,0.001030298213,0.192636415,0.1389775827,0.00312644853,,,,,,,,,,,,
llava_1_5_7b,hmid_cos,mixed,22,10166,1976,0.9266751035,0.06461332967,0.0006408362481,0.4325927425,0.328889039,0.003261927823,0.02452753007,0.02305317185,0.0002286418024,0.1360778641,0.05972657713,0.0005923693423,0.2999766378,0.245802063,0.002437869594,0.921017938,0.05333798191,0.00119989463,0.417525678,0.2371119991,0.005334086596,0.02655815174,0.02013940729,0.000453057386,0.1416843246,0.04767267682,0.001072447567,0.2861153594,0.1762057372,0.003963935458,,,,,,,,,,,,
llava_1_5_7b,hmid_cos,mixed,23,10166,1976,0.8992338646,0.08520846115,0.0008450991588,0.3898091545,0.3548453274,0.003519362792,0.03334032959,0.02936398348,0.0002912325537,0.1567930801,0.07054004131,0.0006996174883,0.2664857122,0.2576258287,0.002555137931,0.8953581086,0.06954703636,0.001564534549,0.3791020932,0.2498690065,0.005621069045,0.03472616731,0.02467839273,0.0005551666907,0.1598523187,0.05430938614,0.001221747401,0.2583272719,0.1713724909,0.003855206443,,,,,,,,,,,,
llava_1_5_7b,hmid_cos,mixed,24,10166,1976,0.8961207909,0.08396011075,0.0008327179955,0.3620569771,0.342905878,0.003400947102,0.03202454122,0.02687831254,0.0002665796214,0.1525312731,0.06559442015,0.0006505667224,0.2474608991,0.2575615122,0.002554500038,0.892579579,0.06757453624,0.001520161061,0.3412138796,0.2431166576,0.005469167776,0.03341538651,0.02203025358,0.0004955939843,0.1562243518,0.05042852017,0.001134443194,0.2388524041,0.1681422681,0.003782539145,,,,,,,,,,,,
llava_1_5_7b,hmid_cos,mixed,25,10166,1976,0.9334566379,0.05393190102,0.0005348976331,0.3341446969,0.3473240912,0.003444767026,0.02255509113,0.01797846843,0.0001783107961,0.1305035317,0.05191523027,0.0005148962537,0.2174773756,0.2311481402,0.002292531706,0.9310634191,0.04542541654,0.001021893057,0.3252498436,0.2385351833,0.005366102638,0.02336466925,0.01540678261,0.0003465919604,0.1325878828,0.0404564184,0.0009101101587,0.2146519199,0.152719991,0.00343559862,,,,,,,,,,,,
llava_1_5_7b,hmid_cos,mixed,26,10166,1976,0.8532255316,0.1446349548,0.001434492267,0.2770180239,0.5892094271,0.005843790446,0.06125917281,0.06824474738,0.0006768527189,0.2103175424,0.1212281033,0.001202342663,0.2976342711,0.2883305084,0.002859667536,0.8668896331,0.08649533459,0.001945804542,0.2663358217,0.3716878499,0.008361513485,0.0539749251,0.03982307601,0.0008958624481,0.1980000371,0.07469316312,0.001680302143,0.2774421035,0.1900959144,0.004276409768,,,,,,,,,,,,
llava_1_5_7b,hmid_cos,mixed,27,10166,1976,0.969525965,0.01887304549,0.0001871832287,0.4877031997,0.2604473505,0.002583121839,0.01138768549,0.00698472399,6.927462705e-05,0.09481809413,0.03121356942,0.0003095767826,0.2317006443,0.2014608645,0.001998092734,0.9698811961,0.01307023119,0.0002940287512,0.4766700622,0.1876535635,0.004221466487,0.01131479942,0.004813622272,0.0001082875525,0.09486382076,0.02087282393,0.0004695563733,0.2224415509,0.1251940995,0.002816374416,,,,,,,,,,,,
llava_1_5_7b,hmid_cos,mixed,28,10166,1976,0.9619397267,0.02743437168,0.0002720946267,0.3153705746,0.340868148,0.003380736857,0.01452741621,0.01123496212,0.0001114285707,0.1071074442,0.04169912688,0.0004135727436,0.2022735097,0.1926060054,0.001910270071,0.9625494004,0.01869701258,0.0004206091829,0.3070405239,0.232596018,0.005232494799,0.01434577691,0.007715925925,0.0001735779598,0.1064000849,0.02816153267,0.0006335236282,0.1951469372,0.1182860231,0.00266096989,,,,,,,,,,,,
llava_1_5_7b,hmid_cos,mixed,29,10166,1976,0.9675458769,0.02482434656,0.0002462083473,0.7060640421,0.2196082479,0.002178078832,0.01401964045,0.01141099143,0.0001131744328,0.1037021627,0.04304018113,0.0004268733454,0.3278606384,0.204558119,0.002028811364,0.9697404009,0.01531196366,0.0003444589072,0.7429962307,0.1575739291,0.00354479312,0.01324547079,0.006976143436,0.000156935766,0.1008496173,0.02691639371,0.000605512903,0.3528762025,0.1479195427,0.003327607431,,,,,,,,,,,,
llava_1_5_7b,hmid_cos,mixed,30,10166,1976,0.9426655433,0.04980278357,0.0004939449667,0.2379675302,0.4502544737,0.004465632542,0.02162995527,0.02009492348,0.0001993018381,0.1274666014,0.05941231402,0.0005892524747,0.2195768985,0.2232683874,0.002214380166,0.9469729465,0.03035099146,0.0006827778322,0.2409899033,0.2796911251,0.006291949319,0.01997788163,0.01199169874,0.0002697660167,0.1230377789,0.03727529992,0.0008385475153,0.2144311255,0.1357682536,0.003054251258,,,,,,,,,,,,
llava_1_5_7b,hmid_cos,mixed,31,10166,1976,0.9782654097,0.01473544714,0.0001461464485,0.9337020608,0.04387310865,0.0004351343366,0.007179407168,0.004665805691,4.62755507e-05,0.07597437489,0.02490004215,0.0002469590977,0.7450539789,0.1194452343,0.001184660134,0.9777736451,0.01018135675,0.0002290404482,0.9342349181,0.02942107553,0.0006618583843,0.007264958596,0.003193378311,7.183844136e-05,0.07662263326,0.01668709845,0.0003753940268,0.7462986107,0.08936270132,0.002010309006,,,,,,,,,,,,
llava_1_5_7b,hmid_cos,mixed,32,10166,1976,0.8971912887,0.1229314933,0.001219236919,0.5624116653,0.4374264621,0.004338404076,0.04640247971,0.0588889328,0.0005840615697,0.1742970918,0.1122736961,0.00111353268,0.4274757771,0.2672223826,0.002650316737,0.8949095596,0.08880732529,0.001997815232,0.5644712738,0.3027586631,0.006810878119,0.04820302648,0.04335016093,0.0009752079744,0.1775499316,0.08110834216,0.001824618418,0.4270109766,0.1819044111,0.004092133188,,,,,,,,,,,,
llava_1_5_7b,hmid_cos,hall_hall,1,2082,859,0.9646301303,0.04155495843,0.0009107149998,0.7280397972,0.3300915962,0.007234259865,0.01090590832,0.01289565554,0.0002826201103,0.07499565877,0.05430493524,0.001190142427,0.5674981988,0.3553920725,0.007788742991,0.9616837102,0.03758962155,0.001282541337,0.6968341259,0.3024253442,0.01031861959,0.01191846695,0.01180979424,0.0004029449797,0.08001931928,0.04845011928,0.001653096737,0.5204116775,0.3201589771,0.01092368333,,,,,,,,,,,,
llava_1_5_7b,hmid_cos,hall_hall,2,2082,859,0.9786058047,0.0167276154,0.0003666010226,0.691082385,0.2472906681,0.005419601638,0.007977058502,0.006141433375,0.0001345951411,0.07689916039,0.03304814182,0.0007242803172,0.4162764169,0.2631573385,0.005767334261,0.9771390415,0.01497242936,0.0005108526974,0.6640544662,0.2288918381,0.007809688734,0.008540093694,0.005511188734,0.000188039333,0.08020525401,0.02898969788,0.0009891157275,0.3908824283,0.2328553885,0.007944923328,,,,,,,,,,,,
llava_1_5_7b,hmid_cos,hall_hall,3,2082,859,0.9740658389,0.01405843984,0.0003081035938,0.5411836615,0.2466465864,0.005405485997,0.009399801366,0.005011305025,0.0001098273426,0.0866794319,0.02692561577,0.0005900995474,0.3096481748,0.2266620018,0.004967505508,0.9732056201,0.01260746341,0.0004301611004,0.5287246276,0.2259701009,0.007710000349,0.009777791571,0.004487523766,0.000153112335,0.08877890157,0.02358242679,0.0008046220186,0.2971500984,0.1968745981,0.006717274602,,,,,,,,,,,,
llava_1_5_7b,hmid_cos,hall_hall,4,2082,859,0.9719689534,0.01774515952,0.0003889014345,0.4096968287,0.3408293401,0.007469587364,0.01021915909,0.006380213613,0.0001398282289,0.09174683114,0.03284450205,0.000719817365,0.2532720941,0.2410407081,0.005282628035,0.9712533834,0.01540950842,0.0005257656425,0.3770771129,0.3093246512,0.0105540209,0.01047719928,0.005545331729,0.000189204277,0.09316879477,0.02883187985,0.0009837310458,0.2332092965,0.2017341248,0.006883079513,,,,,,,,,,,,
llava_1_5_7b,hmid_cos,hall_hall,5,2082,859,0.9719421379,0.01962813896,0.0004301686549,0.6087782088,0.2632743168,0.005769897948,0.009824761633,0.006676176206,0.0001463145204,0.08827739357,0.03018279651,0.0006614836486,0.4583183237,0.2047962537,0.004488297598,0.9712974804,0.01768927824,0.0006035503848,0.5886900075,0.2338288326,0.007978136812,0.01010542521,0.006044832892,0.0002062470367,0.08974976582,0.02667217388,0.0009100428288,0.4311393023,0.1854013029,0.006325810821,,,,,,,,,,,,
llava_1_5_7b,hmid_cos,hall_hall,6,2082,859,0.9735879586,0.01541007093,0.000337725828,0.4935829383,0.2338010629,0.005123964577,0.009390341318,0.005444418741,0.0001193194266,0.08814534997,0.02711632999,0.0005942792244,0.3373709174,0.1897567671,0.004158693465,0.972025114,0.01506207721,0.0005139114425,0.4710123753,0.2215092643,0.007557798568,0.009918225239,0.005329063736,0.0001818253083,0.09051403425,0.02539871895,0.0008665931073,0.3173448847,0.1652139558,0.005637027427,,,,,,,,,,,,
llava_1_5_7b,hmid_cos,hall_hall,7,2082,859,0.9736311952,0.01528080327,0.0003348928087,0.6157234778,0.2107119689,0.00461794592,0.009441146284,0.005354708079,0.0001173533352,0.08738831223,0.02597482296,0.0005692620516,0.3990153698,0.2175317611,0.004767407916,0.9738357642,0.01310466241,0.0004471253115,0.6130522442,0.1876614113,0.006402924727,0.009479700734,0.004672860145,0.0001594359307,0.0875592031,0.02266988506,0.0007734864966,0.3784089334,0.1884634081,0.006430288504,,,,,,,,,,,,
llava_1_5_7b,hmid_cos,hall_hall,8,2082,859,0.9707412597,0.01781192205,0.0003903645967,0.6489082836,0.2144352508,0.004699545056,0.01095597686,0.006616459273,0.000145005769,0.09589243819,0.03073774226,0.0006736457934,0.3504893132,0.21154243,0.004636146236,0.9699586814,0.01613842985,0.0005506361207,0.620252897,0.2073395405,0.007074333831,0.0112328675,0.005967295349,0.0002036014899,0.0970185523,0.0271056568,0.0009248330753,0.3200775057,0.1898457117,0.006477452093,,,,,,,,,,,,
llava_1_5_7b,hmid_cos,hall_hall,9,2082,859,0.9710874098,0.01997841572,0.000437845291,0.6759099833,0.246046245,0.005392328965,0.01096967348,0.007425886446,0.0001627451074,0.09511462072,0.03292752049,0.0007216367902,0.3854616955,0.2357857513,0.005167460842,0.9706146705,0.01736400826,0.0005924523165,0.6659560057,0.2202740716,0.007515654335,0.01116997859,0.006470428967,0.0002207681874,0.09621725423,0.02872110527,0.0009799514658,0.3655378624,0.2074884115,0.007079413243,,,,,,,,,,,,
llava_1_5_7b,hmid_cos,hall_hall,10,2082,859,0.9670197859,0.02141698832,0.000469372928,0.6271927983,0.2786511008,0.006106894262,0.01231898144,0.007890527658,0.0001729281454,0.1016930676,0.03368463425,0.0007382296322,0.3932817003,0.2199890814,0.004821262343,0.9671975917,0.01854150656,0.0006326280398,0.6266315198,0.2465877181,0.008413464368,0.01230079442,0.006831186865,0.000233077088,0.1016404976,0.02892561337,0.0009869291921,0.3905052941,0.2003986071,0.006837512237,,,,,,,,,,,,
llava_1_5_7b,hmid_cos,hall_hall,11,2082,859,0.9754107643,0.01908401889,0.0004182437648,0.7831342545,0.190824359,0.004182090721,0.009819321955,0.007360296826,0.0001613076508,0.08899785509,0.03178126219,0.0006965154889,0.533801633,0.2438251487,0.005343651603,0.975219512,0.01628576911,0.0005556632713,0.7786402272,0.1729103057,0.005899623497,0.009954365288,0.006293828669,0.000214742663,0.08957466206,0.02804781815,0.0009569792056,0.5196459754,0.2209563503,0.007538933383,,,,,,,,,,,,
llava_1_5_7b,hmid_cos,hall_hall,12,2082,859,0.9723547396,0.0213564906,0.0004680470652,0.700792335,0.2283723903,0.00500499024,0.01043134192,0.008061038759,0.0001766650525,0.09180984437,0.03481542685,0.0007630119883,0.4349033381,0.2319137091,0.005082601487,0.9709710554,0.02018002594,0.0006885335998,0.6691097679,0.2171415463,0.00740877395,0.01094751847,0.00768500104,0.0002622088518,0.09429212417,0.03262388331,0.001113112534,0.4117055408,0.2059678948,0.007027533882,,,,,,,,,,,,
llava_1_5_7b,hmid_cos,hall_hall,13,2082,859,0.9711249689,0.01995123641,0.0004372496314,0.6396317135,0.2669455948,0.005850357371,0.0110070389,0.007565077445,0.0001657956057,0.09460794022,0.03329803004,0.0007297568465,0.3600804515,0.2377832528,0.005211237917,0.9713260518,0.0163955997,0.0005594106428,0.6267197205,0.2376217126,0.00810754821,0.01095699346,0.006235296269,0.0002127455633,0.09451412255,0.02834358189,0.0009670705342,0.3478187885,0.2088483466,0.00712581363,,,,,,,,,,,,
llava_1_5_7b,hmid_cos,hall_hall,14,2082,859,0.9726758891,0.02018000759,0.0004422633616,0.56203167,0.2577375229,0.005648554035,0.01004455587,0.00735293862,0.0001611463889,0.09045894364,0.03257851051,0.0007139879165,0.3774465658,0.2079267502,0.004556905299,0.971627761,0.01848720131,0.0006307751687,0.5441916439,0.2408123484,0.008216411296,0.01042641304,0.006709819801,0.0002289360972,0.09232697,0.02949158231,0.001006239803,0.3616268917,0.1880245065,0.006415313373,,,,,,,,,,,,
llava_1_5_7b,hmid_cos,hall_hall,15,2082,859,0.9754628392,0.01855630126,0.0004066783492,0.7067763634,0.2447137586,0.005363126304,0.009379305315,0.00693800096,0.0001520526498,0.08639856907,0.03335828915,0.0007310774801,0.405184318,0.2744088784,0.006013922071,0.9753361003,0.01598177153,0.0005452910078,0.6881904428,0.2268975451,0.007741644335,0.009450841877,0.005983287032,0.0002041471191,0.08667605206,0.02906750828,0.0009917705841,0.3916001441,0.2388134931,0.008148211235,,,,,,,,,,,,
llava_1_5_7b,hmid_cos,hall_hall,16,2082,859,0.9738300596,0.01819020109,0.0003986549285,0.5084640236,0.2889954911,0.006333601057,0.009752217146,0.006761325916,0.0001481806543,0.08839200719,0.03134246143,0.0006868987681,0.3056706292,0.2032974058,0.004455448974,0.9732129429,0.01669503709,0.0005696273145,0.4930657179,0.2643942603,0.009021015749,0.009942890867,0.006198792684,0.000211500077,0.08909344339,0.02863279368,0.0009769383134,0.3028441848,0.184085702,0.006280923098,,,,,,,,,,,,
llava_1_5_7b,hmid_cos,hall_hall,17,2082,859,0.9769066229,0.02111295238,0.0004627097018,0.5361320615,0.2926395171,0.006413463226,0.008520743428,0.007494744462,0.0001642541939,0.08082892066,0.03327336382,0.0007292162636,0.3143611912,0.2135037285,0.00467912989,0.9759246381,0.01865266818,0.0006364208254,0.5234830168,0.2679520049,0.009142404426,0.008904655078,0.006784904806,0.0002314979646,0.08280179867,0.03067139597,0.001046494526,0.3086983411,0.1903573255,0.00649490813,,,,,,,,,,,,
llava_1_5_7b,hmid_cos,hall_hall,18,2082,859,0.9734391009,0.02078876829,0.0004556049103,0.5701130339,0.3121013291,0.006839986672,0.009779185773,0.007601352992,0.0001665906176,0.0872250417,0.03579207056,0.0007844160302,0.3519152257,0.2500242695,0.005479511018,0.9725147045,0.01952594194,0.0006662165416,0.5473532672,0.2873226112,0.009803320987,0.01014102921,0.007165179157,0.000244472758,0.08907469491,0.03268377152,0.001115155894,0.3334343298,0.218199678,0.007444876938,,,,,,,,,,,,
llava_1_5_7b,hmid_cos,hall_hall,19,2082,859,0.969349778,0.02390930957,0.0005239944324,0.4763216228,0.3343468694,0.007327518078,0.01101717319,0.008421517425,0.0001845652728,0.09199990515,0.03839446799,0.0008414499552,0.3103236071,0.2373560533,0.005201875449,0.9692554111,0.02119279167,0.0007230887205,0.4690429945,0.2959571269,0.01009792686,0.01105055794,0.007462574189,0.0002546197455,0.09222583678,0.033933615,0.001157800003,0.303404949,0.2107256322,0.007189865788,,,,,,,,,,,,
llava_1_5_7b,hmid_cos,hall_hall,20,2082,859,0.9745661517,0.0199614314,0.000437473064,0.7752064261,0.1862800131,0.004082497216,0.009327800671,0.007122409286,0.0001560941273,0.08572450705,0.03338224804,0.0007316025612,0.5710104467,0.2046742985,0.004485624838,0.9736279255,0.01899516312,0.0006481066021,0.7617385201,0.1832414154,0.006252116413,0.009614646519,0.006765857797,0.000230848089,0.08686466309,0.03069585663,0.001047329113,0.5563572329,0.1926774396,0.006574069402,,,,,,,,,,,,
llava_1_5_7b,hmid_cos,hall_hall,21,2082,859,0.9637693596,0.04037207956,0.0008847911251,0.5526340059,0.3223301877,0.007064161484,0.01256391503,0.01343183946,0.0002943710724,0.09441427266,0.04799807612,0.001051921829,0.3661443324,0.2578623169,0.00565128901,0.9610030371,0.03982834565,0.001358925617,0.5491578016,0.2973693305,0.01014611063,0.01349892188,0.01341225111,0.0004576201025,0.0977829116,0.04535855729,0.001547614003,0.3587296968,0.2293172026,0.007824201982,,,,,,,,,,,,
llava_1_5_7b,hmid_cos,hall_hall,22,2082,859,0.9599410719,0.04387289351,0.0009615146714,0.6334443158,0.3122655084,0.006843584813,0.01345035777,0.01556235236,0.0003410632151,0.09655482227,0.05242181734,0.001148872172,0.4541306436,0.2653917782,0.005816304055,0.9598264051,0.03913165534,0.001335154851,0.6165920488,0.292333815,0.009974301051,0.01330792467,0.01284383268,0.0004382259158,0.09634041506,0.04505538899,0.001537270034,0.4444890238,0.2390392575,0.008155914218,,,,,,,,,,,,
llava_1_5_7b,hmid_cos,hall_hall,23,2082,859,0.9445698491,0.06376779969,0.001397529774,0.6118937475,0.3428012878,0.007512804405,0.0182296814,0.02122525088,0.0004651708264,0.1105623854,0.06389399092,0.001400295371,0.43940622,0.2877263165,0.006305785932,0.945191626,0.05949262391,0.002029862133,0.5968726414,0.3138470613,0.01070832354,0.01789563062,0.01954493004,0.0006668644073,0.1089984569,0.05600401676,0.001910832393,0.4345208645,0.25702231,0.00876948805,,,,,,,,,,,,
llava_1_5_7b,hmid_cos,hall_hall,24,2082,859,0.9410059198,0.06443081076,0.00141206027,0.5994181252,0.3389616396,0.007428654995,0.01787037598,0.01962308953,0.0004300579919,0.1078697992,0.06017582147,0.00131880828,0.4355037224,0.2914882458,0.00638823206,0.9370563674,0.06489258613,0.002214106466,0.5821653255,0.3152839586,0.01075734985,0.01905138874,0.0202294948,0.0006902214554,0.1110663493,0.05796854828,0.001977861344,0.4291942112,0.2654704464,0.009057734745,,,,,,,,,,,,
llava_1_5_7b,hmid_cos,hall_hall,25,2082,859,0.9592885948,0.04009719416,0.0008787667597,0.5700034932,0.3566941065,0.00781727826,0.01389689249,0.01391884863,0.0003050443247,0.09778846508,0.05210137649,0.001141849418,0.3995707253,0.2859172837,0.00626613932,0.9606041934,0.03358258559,0.001145823034,0.5704832196,0.3076524379,0.01049696572,0.01340702324,0.01133178294,0.0003866354445,0.09660666778,0.04313398528,0.001471712586,0.3995916833,0.2498623394,0.008525193005,,,,,,,,,,,,
llava_1_5_7b,hmid_cos,hall_hall,26,2082,859,0.9043451645,0.1309878181,0.002870718085,0.6064668633,0.5333718702,0.01168933338,0.04035738139,0.061308002,0.001343621054,0.1582436708,0.1166810887,0.002557172998,0.5236851585,0.3199569767,0.007012150391,0.9084751558,0.1047982062,0.003575668654,0.5725344239,0.4836534091,0.01650204137,0.03796693583,0.04835579849,0.001649878553,0.1555643621,0.09599659629,0.003275361598,0.4889505031,0.2923079548,0.009973418715,,,,,,,,,,,,
llava_1_5_7b,hmid_cos,hall_hall,27,2082,859,0.9792300329,0.01785206744,0.0003912444196,0.6371940976,0.2631283272,0.005766698453,0.007705263773,0.006668534103,0.0001461470367,0.07471294032,0.03517053075,0.0007707944158,0.3899345581,0.2545882233,0.005579534248,0.9797598101,0.01466958296,0.0005005197116,0.6300836014,0.2320180442,0.00791635351,0.007558693504,0.005556948828,0.0001896006473,0.07430789202,0.02962094147,0.001010653481,0.3757062822,0.2257638301,0.007702962479,,,,,,,,,,,,
llava_1_5_7b,hmid_cos,hall_hall,28,2082,859,0.9721346771,0.02769261257,0.0006069089851,0.4990997585,0.3668076868,0.008038926641,0.01058682223,0.01122846051,0.0002460820032,0.08659243114,0.04711481022,0.001032564247,0.3357648895,0.2541884517,0.005570772888,0.9722400352,0.02477701146,0.0008453807217,0.4887625217,0.3235880591,0.0110406821,0.01063258815,0.01021602018,0.0003485661104,0.08687980496,0.04148749629,0.001415535106,0.3241805948,0.2187273576,0.007462881134,,,,,,,,,,,,
llava_1_5_7b,hmid_cos,hall_hall,29,2082,859,0.977342048,0.02289544279,0.0005017746128,0.7408958125,0.2150558126,0.004713145235,0.009495217213,0.01018227065,0.0002231537934,0.08171918078,0.04408487046,0.0009661603406,0.4059498079,0.2304024804,0.005049481526,0.9777817314,0.01823750668,0.0006222556979,0.7685783535,0.1761856675,0.006011377401,0.009438378689,0.008168398668,0.000278702166,0.08202317711,0.03659782808,0.00124870178,0.4224052747,0.1978396413,0.00675020145,,,,,,,,,,,,
llava_1_5_7b,hmid_cos,hall_hall,30,2082,859,0.9608539794,0.04912855492,0.001076697308,0.520222432,0.4684342796,0.01026616656,0.01456203484,0.01971017081,0.000431966458,0.09705372494,0.06246246701,0.001368922212,0.4065652017,0.2915882731,0.006390424251,0.9607239185,0.04266631308,0.001455755816,0.4853678229,0.4125127083,0.01407475198,0.01463794109,0.01702758387,0.0005809736644,0.0978696372,0.05443432262,0.00185727512,0.3824765092,0.2531234198,0.008636459631,,,,,,,,,,,,
llava_1_5_7b,hmid_cos,hall_hall,31,2082,859,0.9848743902,0.01296613316,0.0002841646918,0.9550223031,0.03949877477,0.0008656518502,0.00502850787,0.004181736096,9.164657916e-05,0.06138716169,0.02646718214,0.0005800525542,0.8006274015,0.116162713,0.002545812321,0.9842494307,0.01180390974,0.0004027442031,0.953857151,0.03413920273,0.001164814566,0.005209361976,0.003801662007,0.0001297110338,0.06273640766,0.02383789508,0.0008133384841,0.7976547342,0.1043549438,0.003560544735,,,,,,,,,,,,
llava_1_5_7b,hmid_cos,hall_hall,32,2082,859,0.9238156387,0.1094165285,0.002397963505,0.6455455375,0.4297297615,0.009417921577,0.0335439041,0.05046203109,0.001105921661,0.1400290635,0.1056969475,0.002316445477,0.5030919789,0.2819570855,0.006179347947,0.91941115,0.1058417938,0.003611275403,0.6411125439,0.3785295549,0.01291526174,0.03526313308,0.04954676938,0.001690513956,0.1432088588,0.09925323993,0.003386476845,0.5023057681,0.2473901454,0.008440842833,,,,,,,,,,,,
llava_1_5_7b,hpre_cos,all,1,26782,3457,0.9557076032,0.04122259271,0.000251891667,0.5810347454,0.3674329919,0.002245208338,0.01397630931,0.01267755347,7.74665024e-05,0.08968992885,0.05052413383,0.0003087289629,0.4211282298,0.3530710056,0.002157449067,0.952710448,0.02975263205,0.0005060293438,0.548840005,0.2622311715,0.004459997603,0.01483263062,0.00899639121,0.000153009587,0.09221945707,0.03563659943,0.0006061031843,0.3901547241,0.2526624402,0.004297253722,0.01483263062,0.00899639121,0.000153009587,0.01926086975,0.004958641777,8.433600902e-05,0.8280785015,0.4941674137,0.008404742535,0.05555555556,2.055484225e-08,3.495943928e-10
llava_1_5_7b,hpre_cos,all,2,26782,3457,0.9673192131,0.02519202758,0.0001539365044,0.5343147147,0.301812445,0.001844232371,0.01208937376,0.008937628359,5.461359799e-05,0.09641342651,0.03965856893,0.0002423346612,0.2849838511,0.2574926381,0.001573415101,0.9651567841,0.02091676972,0.0003557500135,0.5054736343,0.2305170554,0.003920607564,0.01279079597,0.007238512714,0.0001231117917,0.09903098938,0.03151626991,0.0005360250937,0.2765331352,0.189062222,0.003215548526,0.01279079597,0.007238512714,0.0001231117917,0.0133203211,0.003442499654,5.854963816e-05,0.9588652775,0.4444257958,0.007558742818,0.05555555556,2.055484225e-08,3.495943928e-10
llava_1_5_7b,hpre_cos,all,3,26782,3457,0.9692525112,0.01701757163,0.0001039862902,0.3720544191,0.2920897887,0.00178482184,0.01113923658,0.006085308365,3.718442649e-05,0.09490116459,0.02905991211,0.0001775713079,0.2184081193,0.1955087143,0.001194660809,0.9690492466,0.01405842574,0.0002391040879,0.3641019476,0.2279857527,0.00387755546,0.01128362853,0.005062749011,8.610665288e-05,0.09488325995,0.02380649945,0.0004048982045,0.2155309897,0.1354205588,0.002303217288,0.01128362853,0.005062749011,8.610665288e-05,0.008991929763,0.00218470981,3.715729317e-05,1.2642475,0.4494639668,0.00764443145,0.05555555556,2.055484225e-08,3.495943928e-10
llava_1_5_7b,hpre_cos,all,4,26782,3457,0.9619811311,0.02236951968,0.0001366895004,0.1979320299,0.3415969587,0.002087336621,0.01356845059,0.007726137536,4.721075351e-05,0.1061704458,0.03374331942,0.0002061893836,0.1504870342,0.1952861141,0.001193300605,0.9599443269,0.01776199317,0.0003020939368,0.1694684713,0.2297176865,0.00390701199,0.01425226558,0.005989053158,0.0001018611273,0.1086122669,0.02490817702,0.0004236354099,0.1350654381,0.1265518637,0.002152379541,0.01425226558,0.005989053158,0.0001018611273,0.008639756818,0.002614517232,4.446740837e-05,1.653553393,0.4489687521,0.007636008897,0.05555555556,2.055484225e-08,3.495943928e-10
llava_1_5_7b,hpre_cos,all,5,26782,3457,0.9566345921,0.03461461865,0.0002115134789,0.3966726964,0.3099708213,0.00189408433,0.01484288422,0.01118810429,6.836518657e-05,0.1069546366,0.03948779466,0.0002412911408,0.3078921944,0.2138391658,0.001306669484,0.953357285,0.02837512393,0.0004826008441,0.3593027399,0.2165866135,0.003683680212,0.01585509943,0.00893243891,0.0001519218936,0.1097405471,0.03046206223,0.0005180952507,0.2855842353,0.1487648238,0.002530175012,0.01585509943,0.00893243891,0.0001519218936,0.01165037484,0.004150480523,7.059089536e-05,1.331564482,0.4272890726,0.007267283402,0.05555555556,2.055484225e-08,3.495943928e-10
llava_1_5_7b,hpre_cos,all,6,26782,3457,0.9627426413,0.02151466337,0.0001314658799,0.3110954339,0.2715235477,0.001659151319,0.01301606685,0.007284781146,4.451383443e-05,0.1031968973,0.03056165842,0.0001867477657,0.1898838306,0.1755418602,0.001072652856,0.9600015722,0.01810989411,0.0003080109961,0.2709183063,0.1925293212,0.003274516551,0.01386881246,0.006051092565,0.0001029162864,0.1061695193,0.02414910142,0.0004107251394,0.1815637566,0.1227938466,0.002088463619,0.01386881246,0.006051092565,0.0001029162864,0.009478705246,0.003029319616,5.152231961e-05,1.465056305,0.3786730147,0.00644042708,0.05555555556,2.055484225e-08,3.495943928e-10
llava_1_5_7b,hpre_cos,all,7,26782,3457,0.9671734817,0.01839691274,0.0001124147879,0.3623143916,0.2620109757,0.001601024514,0.01174198518,0.006458113467,3.946246124e-05,0.09820017769,0.02900356747,0.0001772270126,0.226456902,0.1883487355,0.001150909582,0.9673177338,0.0138106049,0.0002348891797,0.3706594555,0.1874334523,0.003187846598,0.01177509053,0.004871407523,8.285233886e-05,0.09801777319,0.0221533514,0.0003767816525,0.23155334,0.1387793912,0.002360343923,0.01177509053,0.004871407523,8.285233886e-05,0.009320098434,0.002457925959,4.1804122e-05,1.265201188,0.3679637486,0.006258285115,0.05555555556,2.055484225e-08,3.495943928e-10
llava_1_5_7b,hpre_cos,all,8,26782,3457,0.9599079751,0.02339644206,0.0001429645348,0.3388669745,0.2849020401,0.001740900926,0.01448152075,0.008212737614,5.018413526e-05,0.1098981506,0.03305155775,0.0002019623568,0.2163369987,0.1869572332,0.001142406773,0.9577948192,0.01896814083,0.0003226079575,0.3079523894,0.2023633572,0.003441772705,0.0151183143,0.006431001245,0.0001093777295,0.1117622015,0.0253532898,0.0004312058369,0.2007847297,0.1343960498,0.002285792557,0.0151183143,0.006431001245,0.0001093777295,0.01091550423,0.003145433642,5.34971736e-05,1.387476121,0.3965637865,0.006744711269,0.05555555556,2.055484225e-08,3.495943928e-10
llava_1_5_7b,hpre_cos,all,9,26782,3457,0.9587297974,0.02581208312,0.000157725369,0.3872421394,0.3161492334,0.00193183767,0.01511766039,0.009202184198,5.623017295e-05,0.1123991873,0.03671881,0.0002243711919,0.2089019677,0.2088329353,0.001276078789,0.9572354829,0.01853600515,0.0003152582436,0.3850728501,0.221158187,0.003761433007,0.01571762807,0.006530828754,0.0001110755843,0.1150068652,0.02646882548,0.0004501787394,0.1971303859,0.152341173,0.002591001149,0.01571762807,0.006530828754,0.0001110755843,0.01302331437,0.003627057735,6.168858078e-05,1.237192298,0.4222082366,0.007180869126,0.05555555556,2.055484225e-08,3.495943928e-10
llava_1_5_7b,hpre_cos,all,10,26782,3457,0.9648509112,0.01915687529,0.0001170585578,0.3831263,0.2977668857,0.001819511881,0.01293619291,0.00700647636,4.281324618e-05,0.1045623488,0.03022120363,0.0001846674084,0.2266027556,0.1904263198,0.001163604712,0.9647927365,0.01449546055,0.0002465371258,0.3689425036,0.2137175105,0.003634882838,0.01298214316,0.005322911607,9.053146838e-05,0.1043732998,0.02318116512,0.0003942625902,0.2200194531,0.1342288613,0.002282949035,0.01298214316,0.005322911607,9.053146838e-05,0.0104942664,0.00253631207,4.313730397e-05,1.256105783,0.4173970138,0.007099040403,0.05555555556,2.055484225e-08,3.495943928e-10
llava_1_5_7b,hpre_cos,all,11,26782,3457,0.9661597961,0.02244018051,0.0001371212751,0.4732360752,0.3169044453,0.00193645241,0.01277938082,0.008233609616,5.031167414e-05,0.1027050398,0.03370789761,0.0002059729377,0.2539497144,0.2464240098,0.001505779975,0.9654401453,0.01664881862,0.0002831611922,0.4715439161,0.2495303331,0.004243983206,0.01315508939,0.006095793445,0.0001036765538,0.1041994997,0.02586747583,0.0004399510537,0.2454401358,0.1912443403,0.003252661743,0.01315508939,0.006095793445,0.0001036765538,0.01312338559,0.004003519337,6.809139641e-05,1.068455927,0.4706586312,0.008004907865,0.05555555556,2.055484225e-08,3.495943928e-10
llava_1_5_7b,hpre_cos,all,12,26782,3457,0.956793788,0.03347771329,0.0002045663908,0.3245349649,0.32811898,0.0020049791,0.01579242936,0.01240591961,7.580667704e-05,0.1129229176,0.04259478141,0.0002602764598,0.2013280842,0.1928928345,0.001178676411,0.9529570993,0.02773034864,0.0004716345802,0.2986153604,0.2334223803,0.003970020997,0.01730539224,0.01058061405,0.0001799538667,0.1183449152,0.03500737855,0.0005954014679,0.1981154764,0.1339241166,0.002277765972,0.01730539224,0.01058061405,0.0001799538667,0.01191099874,0.004832052924,8.218300036e-05,1.431123103,0.4590977271,0.007808281338,0.05555555556,2.055484225e-08,3.495943928e-10
llava_1_5_7b,hpre_cos,all,13,26782,3457,0.9635974964,0.02051771098,0.0001253739778,0.3904693174,0.3115468307,0.001903714574,0.01367285124,0.007672644904,4.688388547e-05,0.1073558889,0.03216611349,0.0001965518279,0.2165820327,0.2086934486,0.001275226452,0.9637580015,0.01469860157,0.0002499921249,0.3900034753,0.2186771325,0.003719235517,0.01365614123,0.00547065208,9.304422136e-05,0.106926328,0.02354694154,0.0004004836735,0.2103907727,0.1445621947,0.00245869718,0.01365614123,0.00547065208,9.304422136e-05,0.01171001782,0.003597282179,6.118216156e-05,1.214355093,0.420770675,0.007156419244,0.05555555556,2.055484225e-08,3.495943928e-10
llava_1_5_7b,hpre_cos,all,14,26782,3457,0.9607623491,0.02665844575,0.0001628970887,0.3380332175,0.3042896567,0.001859369434,0.01427391479,0.009872677026,6.032723588e-05,0.1088288705,0.03712003664,0.0002268228972,0.2382827085,0.1836878468,0.001122429108,0.9579844501,0.02263531853,0.0003849788941,0.3277773507,0.2260641189,0.003844872534,0.01532337905,0.008487421452,0.0001443530879,0.1127013559,0.03078007773,0.0005235040218,0.238546154,0.1354842962,0.002304301326,0.01532337905,0.008487421452,0.0001443530879,0.011132569,0.003867861121,6.578413708e-05,1.372757504,0.4476068498,0.007612845818,0.05555555556,2.055484225e-08,3.495943928e-10
llava_1_5_7b,hpre_cos,all,15,26782,3457,0.9616233529,0.02941871173,0.0001797637619,0.5248228711,0.3430693707,0.002096333831,0.01430115976,0.01041605971,6.364758916e-05,0.1084458371,0.04021428068,0.0002457303515,0.3073449518,0.2802212842,0.001712299052,0.9612592269,0.02192748562,0.0003729401534,0.5096376777,0.258041606,0.004388741955,0.01437170356,0.007353212795,0.0001250625975,0.1080761704,0.02865353794,0.0004873360777,0.3006187406,0.2040600864,0.003470630478,0.01437170356,0.007353212795,0.0001250625975,0.01561119514,0.006219027731,0.0001057725084,1.001825393,0.4836931328,0.008226597169,0.05555555556,2.055484225e-08,3.495943928e-10
llava_1_5_7b,hpre_cos,all,16,26782,3457,0.9604411269,0.02765799667,0.0001690048691,0.3334840128,0.2928051415,0.001789193021,0.01433776013,0.009495350171,5.802157085e-05,0.1079130809,0.03454341247,0.0002110783718,0.2027037749,0.1735283956,0.001060349531,0.9578593044,0.02395434743,0.0004074127859,0.3086483702,0.2136459332,0.003633665459,0.01517858257,0.00791681943,0.0001346483543,0.1111333392,0.02800379941,0.0004762853995,0.1964436302,0.1253594188,0.002132098577,0.01517858257,0.00791681943,0.0001346483543,0.01108551379,0.004901562431,8.336521006e-05,1.388490409,0.4200308084,0.007143835679,0.05555555556,2.055484225e-08,3.495943928e-10
llava_1_5_7b,hpre_cos,all,17,26782,3457,0.9602050087,0.02953633932,0.0001804825281,0.2963875581,0.3274751778,0.002001045132,0.01456063193,0.01053352341,6.436535395e-05,0.1085358497,0.03925353228,0.0002398596748,0.17579321,0.1824942446,0.001115135572,0.9576914598,0.02231080331,0.0003794595766,0.2898759986,0.2311877258,0.00393201425,0.01554432131,0.007850783887,0.0001335252294,0.1127395049,0.02920961729,0.0004967938112,0.1601554325,0.1191397333,0.002026314881,0.01554432131,0.007850783887,0.0001335252294,0.01086178054,0.003477029806,5.913692302e-05,1.432288941,0.4554976341,0.00774705137,0.05555555556,2.055484225e-08,3.495943928e-10
llava_1_5_7b,hpre_cos,all,18,26782,3457,0.9601243617,0.02530287398,0.000154613834,0.3241186764,0.3246263,0.001983636993,0.01449237967,0.008975299397,5.484378779e-05,0.1089298713,0.03558399556,0.0002174368804,0.2045695336,0.1983098749,0.00121177737,0.9593853728,0.01719358214,0.0002924264674,0.2971915129,0.2201779603,0.003744761424,0.01481051759,0.006090999487,0.0001035950187,0.1106027997,0.02479944441,0.0004217860981,0.1839493795,0.1322655802,0.002249557776,0.01481051759,0.006090999487,0.0001035950187,0.01055931156,0.002699248379,4.590850596e-05,1.407634151,0.4321145409,0.007349354412,0.05555555556,2.055484225e-08,3.495943928e-10
llava_1_5_7b,hpre_cos,all,19,26782,3457,0.9502039817,0.03328685849,0.0002034001678,0.2659187368,0.3184266362,0.001945753795,0.01755423165,0.01115160282,6.814214341e-05,0.1183143621,0.03907137413,0.000238746593,0.1822982787,0.1938072345,0.001184263875,0.9492208688,0.02591974345,0.0004408400154,0.2550938386,0.2137114252,0.00363477934,0.01782013567,0.00818302535,0.000139175954,0.1189180238,0.02791037203,0.0004746963972,0.1726834802,0.1255039366,0.002134556519,0.01782013567,0.00818302535,0.000139175954,0.0119157467,0.003975498777,6.761482595e-05,1.492623931,0.4190058171,0.007126402744,0.05555555556,2.055484225e-08,3.495943928e-10
llava_1_5_7b,hpre_cos,all,20,26782,3457,0.9545494256,0.03335623466,0.0002038240926,0.574084749,0.3078289923,0.001880996631,0.0161095103,0.01160720153,7.092609051e-05,0.1133638432,0.0406836482,0.0002485984333,0.391026389,0.2297653187,0.001403986633,0.9501779927,0.02834414805,0.00048207401,0.492227081,0.2835602523,0.004822760157,0.01773058486,0.01019554173,0.0001734046011,0.1184566257,0.0340043021,0.0005783412591,0.3414597773,0.1783653067,0.003033616621,0.01773058486,0.01019554173,0.0001734046011,0.01836960821,0.005699810865,9.694172761e-05,1.018976929,0.5510304743,0.009371862928,0.05555555556,2.055484225e-08,3.495943928e-10
llava_1_5_7b,hpre_cos,all,21,26782,3457,0.9247130765,0.06240314237,0.0003813159369,0.3718895189,0.3337358321,0.002039301014,0.02536331955,0.02097865407,0.0001281905819,0.1382730432,0.05778584765,0.0003531018439,0.2396082257,0.2189871988,0.001338126666,0.9092711372,0.05427239972,0.0009230587321,0.3594321982,0.2286558548,0.003888952479,0.03003955309,0.01750093411,0.0002976538744,0.1508824757,0.0444385699,0.0007558060857,0.234206675,0.1548951292,0.002634438542,0.03003955309,0.01750093411,0.0002976538744,0.02352835914,0.01063677516,0.0001809090486,1.300834903,0.4627807117,0.007870921117,0.05555555556,2.055484225e-08,3.495943928e-10
llava_1_5_7b,hpre_cos,all,22,26782,3457,0.9202882746,0.07148471329,0.0004368090994,0.444311851,0.3341971387,0.002042119838,0.02650322841,0.02529728344,0.0001545796729,0.1406214385,0.06352410609,0.0003881656133,0.3125315044,0.2542590479,0.001553656168,0.912564549,0.0598204212,0.001017418843,0.430560216,0.2451017362,0.004168662138,0.02912830438,0.02213414724,0.0003764550305,0.147193207,0.05120572942,0.0008709011565,0.305053193,0.1905836403,0.003241424634,0.02912830438,0.02213414724,0.0003764550305,0.02832252282,0.02305856473,0.0003921774168,1.174977107,0.4742162377,0.008065415227,0.05555555556,2.055484225e-08,3.495943928e-10
llava_1_5_7b,hpre_cos,all,23,26782,3457,0.8971063882,0.0887049844,0.0005420339897,0.408364237,0.3531949149,0.002158206217,0.03358359745,0.03032675829,0.0001853124027,0.1566220257,0.07202873561,0.0004401333612,0.2758592525,0.2666698203,0.001629492498,0.8885523562,0.07725781646,0.001313992056,0.3861813777,0.2565017158,0.004362551679,0.03651307087,0.02770737818,0.0004712439012,0.1623027716,0.0585287653,0.0009954505084,0.2628973364,0.1835484522,0.003121770963,0.03651307087,0.02770737818,0.0004712439012,0.03120025525,0.01859247769,0.0003162187222,1.212255377,0.488419167,0.008306977016,0.05555555556,2.055484225e-08,3.495943928e-10
llava_1_5_7b,hpre_cos,all,24,26782,3457,0.8908601834,0.09205876139,0.0005625273265,0.3622621612,0.3491431206,0.002133447629,0.03348812978,0.02943261388,0.0001798487113,0.1543694132,0.06967869694,0.0004257733921,0.250714099,0.2662644152,0.00162701526,0.8881108982,0.0775196138,0.001318444675,0.3518808127,0.248947974,0.004234078508,0.03493548733,0.02629817466,0.0004472763299,0.1576134637,0.0575785671,0.0009792896468,0.2489135434,0.1841289796,0.003131644508,0.03493548733,0.02629817466,0.0004472763299,0.02775833516,0.01712931678,0.0002913334496,1.28584328,0.4817087068,0.00819284628,0.05555555556,2.055484225e-08,3.495943928e-10
llava_1_5_7b,hpre_cos,all,25,26782,3457,0.9355789727,0.05140288678,0.0003140986044,0.3745341644,0.3312721992,0.002024246924,0.02156347225,0.01672929342,0.0001022247591,0.1273256886,0.04989445461,0.0003048812925,0.2310238686,0.2379226885,0.001453832442,0.9316530451,0.04625540275,0.0007867065697,0.3545787535,0.2386705851,0.004059281861,0.02281278311,0.01519445181,0.0002584254887,0.1300857956,0.04139671118,0.0007040705024,0.2251232535,0.1641809641,0.002792370954,0.02281278311,0.01519445181,0.0002584254887,0.01801574348,0.00927674309,0.0001577777795,1.275046528,0.4646290799,0.00790235795,0.05555555556,2.055484225e-08,3.495943928e-10
llava_1_5_7b,hpre_cos,all,26,26782,3457,0.8641073211,0.1395519505,0.0008527356271,0.2674417902,0.5752241665,0.003514921422,0.05710717427,0.06648673026,0.0004062688011,0.201583321,0.1198536995,0.00073236898,0.2769490703,0.2864638566,0.001750444444,0.8827507156,0.07789313634,0.001324797504,0.2527845839,0.3500893955,0.005954280172,0.04729026939,0.03593421971,0.0006111650757,0.1836499677,0.07077476576,0.001203729076,0.2513183137,0.1882187715,0.003201203217,0.04729026939,0.03593421971,0.0006111650757,0.03392062002,0.02319663447,0.0003945256911,1.513169577,0.6946404475,0.01181436484,0.05555555556,2.055484225e-08,3.495943928e-10
llava_1_5_7b,hpre_cos,all,27,26782,3457,0.9678690731,0.01969103769,0.0001203225703,0.5018046893,0.2616803383,0.001599004146,0.0119757894,0.00727968778,4.448271129e-05,0.09733669381,0.03240439866,0.0001980078753,0.2401356321,0.207421066,0.001267451527,0.968402841,0.01379177828,0.0002345689787,0.4885297318,0.1947285431,0.003311920665,0.01184072197,0.005143384883,8.747809852e-05,0.09665162476,0.02222374969,0.0003779789786,0.2317666173,0.1382916255,0.00235204806,0.01184072197,0.005143384883,8.747809852e-05,0.01208416937,0.003623677034,6.16310822e-05,1.012176608,0.3757893444,0.006391381947,0.05555555556,2.055484225e-08,3.495943928e-10
llava_1_5_7b,hpre_cos,all,28,26782,3457,0.9611414265,0.02913989469,0.0001780600435,0.3572891127,0.3435654469,0.002099365117,0.01492453099,0.01199390221,7.328903455e-05,0.1079789539,0.04356219471,0.0002661878626,0.2160196214,0.2010361774,0.001228436508,0.9627723559,0.01936102563,0.000329290097,0.3543841358,0.2335905121,0.003972880563,0.01428769111,0.007828677871,0.0001331492528,0.1050298344,0.02924097794,0.0004973271896,0.2130945144,0.1347493795,0.002291801949,0.01428769111,0.007828677871,0.0001331492528,0.01107080237,0.004307714483,7.326511247e-05,1.300434087,0.4651504235,0.007911224903,0.05555555556,2.055484225e-08,3.495943928e-10
llava_1_5_7b,hpre_cos,all,29,26782,3457,0.9671809304,0.0258047142,0.000157680341,0.7402799437,0.2107638171,0.00128787749,0.01425250301,0.01173782053,7.172424112e-05,0.1045905593,0.04424945432,0.0002703873794,0.3690176705,0.2134620426,0.001304365063,0.970317628,0.01613900888,0.0002744904067,0.7809107819,0.1473490464,0.002506095633,0.01308573196,0.007132401303,0.000121307061,0.09971679512,0.02845618599,0.0004839795384,0.3977977903,0.1582025986,0.002690691601,0.01308573196,0.007132401303,0.000121307061,0.02943386742,0.011495888,0.0001955207409,0.4984784926,0.2986776472,0.005079875071,0.05555555556,2.055484225e-08,3.495943928e-10
llava_1_5_7b,hpre_cos,all,30,26782,3457,0.9478205016,0.04742111588,0.0002897678954,0.3289940672,0.4212101928,0.002573815247,0.0199744452,0.01934196149,0.0001181895316,0.1219451477,0.05834939915,0.0003565454391,0.2548878444,0.2271573455,0.001388050548,0.9555184662,0.0248356423,0.0004224017477,0.3681628674,0.2316971192,0.003940677953,0.0170146844,0.01006249589,0.0001711417728,0.1124556421,0.03366150882,0.0005725110703,0.2682120231,0.1431172126,0.002434121091,0.0170146844,0.01006249589,0.0001711417728,0.01289637409,0.00495974365,8.435474954e-05,1.293190918,0.4732133867,0.008048358853,0.05555555556,2.055484225e-08,3.495943928e-10
llava_1_5_7b,hpre_cos,all,31,26782,3457,0.9777523766,0.01469060575,8.976730792e-05,0.9326288987,0.0436955524,0.0002670027481,0.007521698953,0.004841146089,2.958194229e-05,0.0777936353,0.02598974673,0.0001588109869,0.7395918901,0.1222278568,0.0007468763264,0.9770512441,0.01090244831,0.0001854275869,0.9344318461,0.02978247951,0.000506536986,0.007604553671,0.00346776746,5.897939011e-05,0.07818052693,0.01854106523,0.0003153443049,0.7469276941,0.09283107351,0.001578860221,0.007604553671,0.00346776746,5.897939011e-05,0.05797327269,0.01356292116,0.0002306766032,0.1369654618,0.06688277652,0.00113753457,0.05555555556,2.055484225e-08,3.495943928e-10
llava_1_5_7b,hpre_cos,all,32,26782,3457,0.8786223154,0.1471981636,0.0008994580004,0.4703800918,0.5203843154,0.003179821163,0.05456062958,0.07042490193,0.000430333096,0.187514021,0.1277229259,0.0007804540812,0.3500777108,0.2822514621,0.001724704504,0.878806,0.1054158213,0.001792900165,0.485924284,0.3501772803,0.005955774907,0.05549676084,0.05084423735,0.0008647529409,0.1881813289,0.09195117933,0.001563895082,0.3606268953,0.188617745,0.003207988913,0.05549676084,0.05084423735,0.0008647529409,0.04924820963,0.02680893457,0.0004559632757,1.129698036,0.687730055,0.01169683367,0.05555555556,2.055484225e-08,3.495943928e-10
llava_1_5_7b,hpre_cos,real_real,1,14534,3090,0.9525497923,0.0417968251,0.0003466975047,0.5433424875,0.3709016897,0.003076565984,0.01501919276,0.01280055492,0.0001061784104,0.09382983904,0.05004001661,0.0004150733663,0.3852324721,0.3465645029,0.002874693188,0.9496818324,0.03461764412,0.0006227565,0.5211580892,0.2968094486,0.005339474077,0.01577496024,0.01044338927,0.0001878720726,0.09513484423,0.04033616643,0.0007256302522,0.3724304031,0.278299487,0.005006487844,,,,,,,,,,,,
llava_1_5_7b,hpre_cos,real_real,2,14534,3090,0.9655003027,0.02560376009,0.0002123788042,0.4962405959,0.303270952,0.002515580599,0.01272036401,0.009056173033,7.511940406e-05,0.09946937513,0.04003423921,0.0003320771567,0.2591961091,0.2539323571,0.002106325405,0.9635402942,0.02365316147,0.0004255101821,0.4813855353,0.2519538746,0.00453254163,0.01331085122,0.008169404516,0.0001469640668,0.1012219876,0.03540331974,0.0006368904659,0.2606171823,0.2043008095,0.003675283524,,,,,,,,,,,,
llava_1_5_7b,hpre_cos,real_real,3,14534,3090,0.9682941762,0.01755353618,0.0001456035759,0.3442215611,0.2955096758,0.002451202142,0.01149004277,0.006276034985,5.205863517e-05,0.09633850384,0.02983348567,0.0002474636534,0.2051869754,0.19061853,0.001581148055,0.9684932169,0.01578949046,0.0002840461293,0.3462101045,0.2501068248,0.004499314,0.01146184642,0.005655217161,0.0001017349198,0.0955747683,0.02636700197,0.0004743310032,0.2102579365,0.1498681913,0.002696064179,,,,,,,,,,,,
llava_1_5_7b,hpre_cos,real_real,4,14534,3090,0.9594812417,0.02301964375,0.0001909440018,0.1586689281,0.3336212932,0.00276733148,0.01440948991,0.007910640613,6.561740886e-05,0.109570607,0.03384687241,0.0002807540089,0.1307688007,0.1882974399,0.00156189501,0.9577564536,0.0203377679,0.0003658676804,0.1491433241,0.253283725,0.004556465066,0.01498023956,0.006885506234,0.00012386729,0.1113226306,0.02815761703,0.0005065433965,0.1250840364,0.1403583086,0.002524985488,,,,,,,,,,,,
llava_1_5_7b,hpre_cos,real_real,5,14534,3090,0.9528801455,0.03642685859,0.0003021545523,0.3459606891,0.3074090066,0.002549905053,0.01612288378,0.0118278279,9.810980643e-05,0.1115271669,0.04111415277,0.0003410348547,0.2750468728,0.2073224889,0.001719704533,0.9498313243,0.03282724941,0.0005905480707,0.3209369709,0.2333577713,0.004198005745,0.01701634044,0.01038094021,0.000186748641,0.11359542,0.03441776675,0.0006191607923,0.2635927949,0.1567325729,0.002819551446,,,,,,,,,,,,
llava_1_5_7b,hpre_cos,real_real,6,14534,3090,0.9599095421,0.02262448047,0.0001876661901,0.2806495059,0.2744854436,0.002276809738,0.01393872506,0.007616360959,6.317640953e-05,0.1066623107,0.03133986377,0.0002599588017,0.1774330879,0.178296292,0.001478937202,0.9577017684,0.01983617282,0.0003568442011,0.2520166283,0.2096371376,0.003771281767,0.01459415139,0.006572474958,0.0001182359922,0.1087419415,0.02599682347,0.0004676716514,0.1721718244,0.1342212744,0.002414582887,,,,,,,,,,,,
llava_1_5_7b,hpre_cos,real_real,7,14534,3090,0.9657768108,0.0190520197,0.0001580332399,0.346527132,0.2651401264,0.002199291932,0.01226988828,0.006684052489,5.544307047e-05,0.1004475338,0.03000777678,0.0002489093683,0.2158645246,0.1889803724,0.001567559818,0.9661319475,0.01560842951,0.0002807889208,0.3601529833,0.2087043483,0.00375450129,0.01219780297,0.005497392634,9.889572451e-05,0.09972790667,0.0247036134,0.0004444073596,0.2260092239,0.1539135236,0.002768837963,,,,,,,,,,,,
llava_1_5_7b,hpre_cos,real_real,8,14534,3090,0.9574620371,0.02419270927,0.0002006743794,0.3031084318,0.2836844817,0.002353114183,0.01529046721,0.008407246329,6.97366682e-05,0.1127890767,0.03351246641,0.0002779801684,0.1980399408,0.1865285432,0.001547222315,0.9555868487,0.02174519446,0.0003911866777,0.2882679902,0.2241855976,0.004033002293,0.01586459409,0.007418693478,0.0001334590988,0.1141827488,0.02882110274,0.0005184792185,0.1929408342,0.1488413487,0.002677591723,,,,,,,,,,,,
llava_1_5_7b,hpre_cos,real_real,9,14534,3090,0.9570939747,0.02617477687,0.0002171152906,0.3765018248,0.3154124203,0.002616291999,0.01573599639,0.009295577247,7.7105221e-05,0.1147381551,0.03698370951,0.0003067735354,0.1952619719,0.2131506359,0.001768048014,0.9561471647,0.02086472752,0.000375347457,0.3863901998,0.2475841277,0.004453931767,0.01613680423,0.007316633856,0.0001316230901,0.1163643805,0.02933570405,0.0005277366744,0.1923302897,0.1737310835,0.003125347326,,,,,,,,,,,,
llava_1_5_7b,hpre_cos,real_real,10,14534,3090,0.9639667397,0.01925810362,0.0001597426708,0.3561497394,0.2940849875,0.002439384597,0.01327354005,0.007032228966,5.833113471e-05,0.1056749784,0.03044354545,0.0002525239948,0.2061480838,0.1863538902,0.001545773598,0.9642118061,0.01589998452,0.0002860338698,0.3521878822,0.2298589602,0.004135063642,0.01320162931,0.005828539549,0.0001048529148,0.1050816536,0.02541357403,0.0004571792454,0.2071599694,0.1424306045,0.002562265198,,,,,,,,,,,,
llava_1_5_7b,hpre_cos,real_real,11,14534,3090,0.9642676234,0.02371132321,0.0001966813645,0.4554343822,0.3246255126,0.002692713021,0.01351422982,0.008666768257,7.188935815e-05,0.1056642898,0.03506486425,0.0002908570426,0.2428336143,0.2549267505,0.002114573729,0.9641346337,0.01927927354,0.000346825823,0.4613563583,0.2768328202,0.00498010314,0.01364467814,0.007014607671,0.0001261897692,0.1060673783,0.02926973278,0.0005265498797,0.2422493434,0.2136897043,0.003844185696,,,,,,,,,,,,
llava_1_5_7b,hpre_cos,real_real,12,14534,3090,0.9542275258,0.03408181864,0.0002827028476,0.3064477981,0.3206503001,0.002659739314,0.01670339803,0.0126229721,0.0001047053913,0.1164084635,0.04292181659,0.0003560291165,0.1910283645,0.1886603765,0.001564905507,0.9521057661,0.02944404205,0.0005296856282,0.2989717142,0.258513372,0.004650544163,0.0176018356,0.01116712997,0.000200891856,0.1196123193,0.03729911494,0.0006709950046,0.1982618502,0.1486991986,0.002675034504,,,,,,,,,,,,
llava_1_5_7b,hpre_cos,real_real,13,14534,3090,0.9624059642,0.02076943152,0.0001722788769,0.3582715687,0.3112079092,0.0025814163,0.01411615416,0.007771456406,6.44628997e-05,0.1093159957,0.03261495323,0.0002705354503,0.1998353,0.2044668386,0.001696017403,0.9627051667,0.01707413269,0.0003071562895,0.3740988379,0.2422001471,0.004357076275,0.01403772163,0.006349754363,0.0001142293447,0.1084928987,0.02683761298,0.0004827970925,0.2031403385,0.1575104498,0.002833545117,,,,,,,,,,,,
llava_1_5_7b,hpre_cos,real_real,14,14534,3090,0.9584823449,0.02746015344,0.000227777269,0.3313079424,0.3045555513,0.00252623613,0.01507348366,0.01016426601,8.43108455e-05,0.1120115412,0.03771801352,0.0003128644613,0.2358994427,0.1863364782,0.001545629169,0.9560628814,0.02505394636,0.0004507096987,0.3300724564,0.2528408855,0.004548498575,0.01600645824,0.009377840227,0.0001687033045,0.1152466702,0.03394048185,0.0006105746427,0.2413895952,0.1516546545,0.002728201883,,,,,,,,,,,,
llava_1_5_7b,hpre_cos,real_real,15,14534,3090,0.9610256237,0.02864667076,0.000237619227,0.4650004848,0.341565844,0.002833230168,0.01444584324,0.01011755374,8.392337524e-05,0.1090453798,0.0387104246,0.0003210963412,0.2704090409,0.2684703428,0.002226915507,0.9610635107,0.02428094175,0.0004368036788,0.4776488407,0.2710355944,0.004875813547,0.01433665097,0.008066240947,0.0001451081987,0.1077599903,0.03079231294,0.0005539404406,0.2803247322,0.2150248976,0.003868205249,,,,,,,,,,,,
llava_1_5_7b,hpre_cos,real_real,16,14534,3090,0.9573996107,0.02973732559,0.000246666022,0.3249395024,0.289088896,0.002397942874,0.01536067156,0.0100996264,8.377467103e-05,0.111774576,0.03579869216,0.0002969440194,0.1987602346,0.1740364579,0.001443602607,0.9558311649,0.02743948642,0.0004936245363,0.3089489013,0.2352094425,0.004231316513,0.01583363452,0.008894428822,0.0001600069417,0.1134701367,0.0307935265,0.000553962272,0.1968629604,0.1393613596,0.002507050806,,,,,,,,,,,,
llava_1_5_7b,hpre_cos,real_real,17,14534,3090,0.9562238944,0.03150006369,0.0002612876326,0.2673937155,0.3284396107,0.002724350311,0.01601142711,0.01120247327,9.292259687e-05,0.114387086,0.04042216641,0.0003352949463,0.1560134856,0.1779717734,0.001476245375,0.9549981198,0.02536746599,0.0004563497816,0.2773800943,0.2547061701,0.00458205424,0.01652847229,0.008939829363,0.0001608236778,0.1166984108,0.0324562644,0.0005838742103,0.148607724,0.1297677908,0.002334466636,,,,,,,,,,,,
llava_1_5_7b,hpre_cos,real_real,18,14534,3090,0.9573526614,0.02647292631,0.0002195883891,0.2988270658,0.3191039031,0.002646912216,0.01548375342,0.009340824791,7.748054163e-05,0.1129054311,0.03585087338,0.0002973768537,0.1875279517,0.1911428413,0.001585497128,0.9576675659,0.01945494762,0.000349986124,0.2848893115,0.2418416986,0.004350627942,0.01541560539,0.006848136246,0.00012319502,0.1129840775,0.02728610249,0.0004908652255,0.1769093129,0.1435946063,0.002583205088,,,,,,,,,,,,
llava_1_5_7b,hpre_cos,real_real,19,14534,3090,0.9467454211,0.03445360149,0.0002857867228,0.246871485,0.3114144722,0.002583129704,0.01870327111,0.01149240192,9.53275054e-05,0.1223573806,0.03900863388,0.0003235699362,0.170000086,0.1887421836,0.001565584083,0.9462433919,0.03018262981,0.0005429725037,0.2496136188,0.2358640429,0.004243092491,0.01875581346,0.009484142569,0.0001706156378,0.1219039237,0.03144872848,0.0005657490734,0.1665520898,0.1390778796,0.002501951121,,,,,,,,,,,,
llava_1_5_7b,hpre_cos,real_real,20,14534,3090,0.9516085022,0.03388339003,0.0002810569164,0.5422881291,0.3131437915,0.002597474111,0.01702871858,0.01172276146,9.723829826e-05,0.1168692324,0.04052362666,0.0003361365417,0.3619723579,0.2257493155,0.001872551903,0.9482689683,0.03084152412,0.0005548257286,0.4701022726,0.3035573746,0.005460866358,0.01830514672,0.01104156106,0.0001986329254,0.1205834502,0.03697572006,0.0006651772702,0.3226150826,0.1911076117,0.003437943582,,,,,,,,,,,,
llava_1_5_7b,hpre_cos,real_real,21,14534,3090,0.9162876052,0.06426991273,0.0005331079172,0.3445460817,0.332026057,0.00275409927,0.02803267095,0.02169040606,0.0001799182029,0.1464612202,0.05757148819,0.000477545633,0.2227169912,0.2121038639,0.001759365219,0.9043774886,0.05852340307,0.001052810802,0.3509916087,0.2527118213,0.004546176765,0.0315358289,0.01899634084,0.0003417359857,0.1554079089,0.04781137527,0.000860106038,0.2296459313,0.1727796204,0.003108230916,,,,,,,,,,,,
llava_1_5_7b,hpre_cos,real_real,22,14534,3090,0.9113843948,0.07664821268,0.000635783795,0.4177594004,0.3359122679,0.002786334723,0.02932523326,0.02703715985,0.0002242686097,0.1487281358,0.06479453021,0.0005374595293,0.298371491,0.2535615867,0.002103249928,0.9065487864,0.06788655467,0.001221249864,0.4169177731,0.2714740867,0.004883701835,0.03111694556,0.0253894209,0.000456744741,0.152413803,0.05725188046,0.001029936658,0.3000674298,0.2094751931,0.003768368455,,,,,,,,,,,,
llava_1_5_7b,hpre_cos,real_real,23,14534,3090,0.8887890197,0.09264695301,0.0007684906055,0.3839254402,0.3502792093,0.002905506041,0.03612074893,0.03178217132,0.000263627667,0.1631268412,0.0723208493,0.000599889057,0.2558999587,0.2614338895,0.002168549332,0.8820071215,0.08500586485,0.001529218877,0.3719927326,0.2836955784,0.005103561203,0.03864260269,0.03036390507,0.0005462335675,0.1676218567,0.06411463672,0.001153394686,0.2518482319,0.2051677959,0.003690880236,,,,,,,,,,,,
llava_1_5_7b,hpre_cos,real_real,24,14534,3090,0.8823011171,0.09697975327,0.0008044304415,0.328390816,0.3420526188,0.002837267882,0.0360083844,0.03104645866,0.0002575250566,0.1604630419,0.07052315367,0.0005849774796,0.2274236274,0.2576944065,0.002137530961,0.8828143681,0.08604587136,0.001547928146,0.3413981917,0.2731929282,0.004914623052,0.0366120173,0.02940443562,0.0005289731256,0.1613595314,0.06357947501,0.001143767357,0.2391179544,0.2049887234,0.003687658799,,,,,,,,,,,,
llava_1_5_7b,hpre_cos,real_real,25,14534,3090,0.9339122093,0.05107291973,0.0004236411208,0.3566316301,0.3175066581,0.002633663343,0.02198382725,0.01626177812,0.000134888664,0.1291972536,0.04792764232,0.0003975515835,0.2125339721,0.2269011205,0.001882105928,0.9288651566,0.05245605366,0.0009436618006,0.3429793166,0.2664398022,0.004793137225,0.02364081768,0.01720496673,0.0003095099375,0.1326396156,0.04625616204,0.0008321284221,0.211227502,0.1798365028,0.00323518119,,,,,,,,,,,,
llava_1_5_7b,hpre_cos,real_real,26,14534,3090,0.8684304922,0.1325939112,0.001099843781,0.2124531939,0.5517438218,0.004576620493,0.05473145327,0.06285789416,0.000521395465,0.1985380605,0.1152401027,0.0009558969119,0.2306230219,0.2614385228,0.002168587765,0.883532222,0.08844026512,0.001591002258,0.2201384524,0.385422828,0.006933590586,0.04695394939,0.04074001188,0.0007328952578,0.1834779679,0.07980189069,0.001435601625,0.2259879941,0.1962207484,0.003529926707,,,,,,,,,,,,
llava_1_5_7b,hpre_cos,real_real,27,14534,3090,0.967073228,0.0191351549,0.0001587228322,0.500333612,0.254892301,0.002114287976,0.01228893286,0.007054188943,5.851328895e-05,0.09908716573,0.03099456019,0.0002570945676,0.2239189143,0.1975407331,0.001638566544,0.9675079349,0.01554175132,0.0002795894088,0.4935405474,0.2121389416,0.003816288144,0.0121561197,0.00577914816,0.000103964385,0.09809708327,0.02475872211,0.0004453987416,0.2234723908,0.1527205232,0.002747376401,,,,,,,,,,,,
llava_1_5_7b,hpre_cos,real_real,28,14534,3090,0.9607611763,0.02892333114,0.0002399140774,0.3644867739,0.3352326196,0.002780697157,0.01511577433,0.01192460788,9.891257975e-05,0.1089260416,0.04230951797,0.0003509502043,0.207928392,0.192415281,0.001596051797,0.9623453244,0.02197136623,0.0003952554105,0.362762529,0.2600491883,0.004678172836,0.01443731785,0.00889704855,0.0001600540694,0.1056300319,0.03233205004,0.0005816396475,0.2100121038,0.1494858993,0.002689186911,,,,,,,,,,,,
llava_1_5_7b,hpre_cos,real_real,29,14534,3090,0.9672010168,0.02517983178,0.0002088623915,0.7617227441,0.2024190646,0.001679031468,0.01433257208,0.01135281432,9.416965011e-05,0.1053798479,0.04272992122,0.0003544373772,0.3812224783,0.2150448314,0.001783760041,0.96957443,0.01882286365,0.0003386152058,0.7872169866,0.1613644896,0.002902877632,0.01343473984,0.008288147344,0.0001491001991,0.1012272677,0.03232635022,0.0005815371102,0.4004093386,0.1760091966,0.003166329601,,,,,,,,,,,,
llava_1_5_7b,hpre_cos,real_real,30,14534,3090,0.9525704644,0.04119240567,0.0003416839491,0.3635012535,0.3768324452,0.003125760585,0.01834671459,0.0169403456,0.000140517265,0.1175972432,0.05298028181,0.0004394623625,0.2560827198,0.2093297387,0.001736354326,0.9585639831,0.0265924714,0.0004783871012,0.4047711641,0.2513737492,0.004522105425,0.01599871087,0.01092828453,0.0001965951294,0.1094171645,0.03640976924,0.0006549960586,0.2768370752,0.1591583637,0.002863190377,,,,,,,,,,,,
llava_1_5_7b,hpre_cos,real_real,31,14534,3090,0.9765962711,0.01478786005,0.000122662766,0.9283718538,0.04439282898,0.0003682309123,0.007885458745,0.004854716786,4.026904416e-05,0.07998543764,0.02561691983,0.000212487962,0.7291566327,0.1230408544,0.001020602811,0.9763776745,0.01191863077,0.0002144110314,0.9319287871,0.03305147422,0.0005945817784,0.007823572738,0.003753021772,6.751524441e-05,0.07950510328,0.01997250567,0.0003592967702,0.7408712501,0.1001177735,0.001801075603,,,,,,,,,,,,
llava_1_5_7b,hpre_cos,real_real,32,14534,3090,0.8681133192,0.1555590017,0.001290335273,0.4463413145,0.524534493,0.004350923771,0.05913776074,0.07421576615,0.0006156070676,0.1960348566,0.1317082102,0.001092497043,0.341726727,0.2835558098,0.002352046871,0.8706867329,0.1193958859,0.002147880536,0.4638416976,0.3908819907,0.007031798572,0.05900129369,0.05769591828,0.001037924707,0.1947919069,0.1024282112,0.001842639381,0.3539911613,0.2121723673,0.003816889457,,,,,,,,,,,,
llava_1_5_7b,hpre_cos,mixed,1,10166,1976,0.9578450797,0.04052556936,0.0004019333774,0.6085286738,0.3597871871,0.003568376251,0.01327487413,0.01249389965,0.0001239147373,0.08733023365,0.05012749639,0.0004971654747,0.4447914617,0.3527422357,0.003498504287,0.9552984688,0.02617444528,0.0005888219839,0.5780710965,0.2344472628,0.00527414052,0.01405065173,0.007937320713,0.000178558471,0.09086031295,0.03158840385,0.0007106147399,0.4026540218,0.2326895052,0.005234597893,,,,,,,,,,,,
llava_1_5_7b,hpre_cos,mixed,2,10166,1976,0.9677334565,0.02541257602,0.0002520424185,0.5559219689,0.2975212868,0.002950821853,0.01197307687,0.009019224514,8.945284244e-05,0.09565310019,0.03916646835,0.0003884537875,0.2970194767,0.2535485222,0.002514699127,0.9656616282,0.01891548242,0.0004255238943,0.5260868044,0.2125024166,0.004780467864,0.01269167104,0.006535518311,0.0001470234352,0.09891141159,0.02696652136,0.0006066405779,0.2806826637,0.1709498165,0.003845697933,,,,,,,,,,,,
llava_1_5_7b,hpre_cos,mixed,3,10166,1976,0.9696369143,0.01664727313,0.0001651079755,0.3895343694,0.2859780952,0.002836336256,0.01099240901,0.005945387404,5.896646678e-05,0.09452041274,0.02810720912,0.0002787678414,0.2244491442,0.1941164049,0.001925250242,0.9688458797,0.01232417463,0.0002772454155,0.3791784728,0.2061198943,0.004636886239,0.0113419903,0.004426785153,9.958524006e-05,0.09600660597,0.02034181342,0.0004576107272,0.2137049251,0.1182890698,0.002661038429,,,,,,,,,,,,
llava_1_5_7b,hpre_cos,mixed,4,10166,1976,0.9635056702,0.02156594685,0.0002138914762,0.2211542446,0.339070397,0.003362906727,0.01306113344,0.007476935439,7.415638969e-05,0.1043077449,0.03285076749,0.0003258145447,0.1590165749,0.191318392,0.001897499497,0.9619212928,0.01543382258,0.0003472002534,0.191901077,0.212585955,0.004782347151,0.0136028645,0.005219269643,0.0001174130215,0.1066125879,0.02159596626,0.0004858242291,0.1412392444,0.1117486335,0.002513904358,,,,,,,,,,,,
llava_1_5_7b,hpre_cos,mixed,5,10166,1976,0.9588642623,0.03313510652,0.0003286346246,0.4307201119,0.3007164071,0.002982511117,0.01404291648,0.01055971487,0.0001047314554,0.1043235996,0.03717465555,0.0003686989497,0.3279774493,0.2099561086,0.002082348729,0.9570421016,0.02466088759,0.0005547728941,0.4080153227,0.1981841058,0.004458362236,0.0145993223,0.007576492483,0.0001704412563,0.1060773374,0.02572580049,0.0005787292422,0.3072662504,0.1402344152,0.003154722314,,,,,,,,,,,,
llava_1_5_7b,hpre_cos,mixed,6,10166,1976,0.9646837255,0.01999597963,0.0001983205111,0.3307739821,0.2622562335,0.002601062375,0.01239313416,0.006821412068,6.765489627e-05,0.1010827781,0.029058345,0.0002882012254,0.1957351712,0.1683086674,0.001669288604,0.9632808678,0.01525107951,0.0003430892536,0.3048679592,0.1800805525,0.004051103551,0.01282012745,0.005146600408,0.0001157782498,0.1026849226,0.02088514978,0.0004698336563,0.1886135913,0.1112755497,0.002503261835,,,,,,,,,,,,
llava_1_5_7b,hpre_cos,mixed,7,10166,1976,0.9677548611,0.01774717764,0.0001760168496,0.3641675569,0.253926604,0.002518448949,0.01150375528,0.006216723138,6.165757981e-05,0.09729206101,0.02761389223,0.000273875115,0.2275200423,0.1812504585,0.001797645539,0.9677767668,0.01231654522,0.0002770737838,0.3602574663,0.1726417255,0.003883759226,0.01156109472,0.004356876223,9.801256432e-05,0.0975324559,0.01937294243,0.0004358149436,0.2226924872,0.1189842469,0.002676677178,,,,,,,,,,,,
llava_1_5_7b,hpre_cos,mixed,8,10166,1976,0.9611901901,0.02236343795,0.0002218010083,0.3569546167,0.278133101,0.002758529452,0.01407962107,0.007940534265,7.875437177e-05,0.1087801919,0.03192823199,0.0003166648198,0.2226109089,0.1802177677,0.001787403291,0.9593911081,0.01643292671,0.0003696761634,0.3238445245,0.1904010483,0.00428327408,0.01464576712,0.005703543618,0.0001283072796,0.1110870026,0.02228605903,0.0005013485999,0.2011722701,0.1169844215,0.002631688979,,,,,,,,,,,,
llava_1_5_7b,hpre_cos,mixed,9,10166,1976,0.9585258523,0.02555280239,0.0002534331863,0.3738281936,0.3144999527,0.003119216588,0.01515644376,0.009129373089,9.054529812e-05,0.1129842478,0.03604405847,0.0003574856661,0.2067492131,0.195799952,0.001941947695,0.9568542669,0.01757793546,0.0003954343528,0.3575281885,0.2104670413,0.004734679933,0.01576154501,0.006181274384,0.0001390543412,0.1158910835,0.02435652511,0.0005479259363,0.1896561827,0.1269639587,0.002856189281,,,,,,,,,,,,
llava_1_5_7b,hpre_cos,mixed,10,10166,1976,0.96480589,0.01894248193,0.0001878719006,0.3927967112,0.2941049435,0.002916938494,0.01293936519,0.006940179161,6.883283059e-05,0.1051146854,0.02941825407,0.0002917708105,0.2346823972,0.1854848767,0.00183964258,0.9644622987,0.01365336267,0.0003071469141,0.3787127307,0.2096040736,0.004715266558,0.01307151484,0.005031316802,0.0001131848224,0.1056804174,0.02106006649,0.0004737685938,0.2266872296,0.1236854013,0.002782434646,,,,,,,,,,,,
llava_1_5_7b,hpre_cos,mixed,11,10166,1976,0.9667353209,0.0210163594,0.0002084406573,0.4699137054,0.3100239668,0.003074823674,0.0125399619,0.007732130763,7.668742183e-05,0.1021163827,0.03155398807,0.0003129530614,0.2510390026,0.2341710894,0.002322513375,0.9654459425,0.01524009956,0.0003428422479,0.4530370725,0.2370489287,0.00533266776,0.01307314671,0.005578212516,0.0001254878232,0.1045536381,0.02270161951,0.0005106970747,0.2319685626,0.1703112865,0.003831333521,,,,,,,,,,,,
llava_1_5_7b,hpre_cos,mixed,12,10166,1976,0.9570394737,0.03352428991,0.000332494553,0.3072820409,0.3309902172,0.003282767349,0.01573375237,0.0124600591,0.0001235791062,0.1129577733,0.04195490504,0.0004161095562,0.1906631173,0.1845737294,0.001830605803,0.9541738053,0.02666313062,0.0005998154805,0.2743712391,0.2221938356,0.004998486643,0.01684331038,0.01015234257,0.0002283877435,0.1169022118,0.03252431206,0.0007316689906,0.1767604367,0.1151220665,0.002589793322,,,,,,,,,,,,
llava_1_5_7b,hpre_cos,mixed,13,10166,1976,0.9635115949,0.01981417801,0.0001965173992,0.4009727706,0.3018839547,0.002994090877,0.01371715305,0.007392008096,7.331407867e-05,0.1077409859,0.03046308639,0.0003021334775,0.219085063,0.2038460756,0.002021749304,0.9634276984,0.01251700243,0.000281583282,0.3862346044,0.2053997778,0.00462068645,0.01377091424,0.004661519292,0.0001048658342,0.1080845971,0.01968948848,0.0004429359838,0.2051408005,0.133341325,0.002999654918,,,,,,,,,,,,
llava_1_5_7b,hpre_cos,mixed,14,10166,1976,0.9614119482,0.02598129399,0.0002576829742,0.3237602807,0.2997883429,0.002973306559,0.01406536539,0.009659743572,9.580552279e-05,0.1083703584,0.03589221526,0.0003559796822,0.2276552971,0.1740435496,0.001726167277,0.9600559865,0.01966695362,0.0004424290382,0.3083617738,0.2074933485,0.004667783551,0.01459458977,0.007442328479,0.0001674230943,0.110613485,0.02641664513,0.0005942705272,0.2199259821,0.1186597969,0.002669378331,,,,,,,,,,,,
llava_1_5_7b,hpre_cos,mixed,15,10166,1976,0.9601397738,0.03070938258,0.0003045762479,0.5660728846,0.3316681646,0.003289491245,0.01492271855,0.01085791744,0.0001076890343,0.1113352357,0.04115319826,0.0004081582129,0.3276177946,0.2807497844,0.002784481769,0.9598365541,0.02161678528,0.0004862925751,0.5494047923,0.2383245142,0.005361363412,0.01500350889,0.007383321172,0.0001660956622,0.1115753457,0.02793563549,0.0006284418308,0.3174974496,0.2003739892,0.004507625991,,,,,,,,,,,,
llava_1_5_7b,hpre_cos,mixed,16,10166,1976,0.9620433852,0.02504493066,0.0002483961047,0.3145829953,0.2883021736,0.002859386511,0.01383583276,0.008714203413,8.642763728e-05,0.1064898506,0.03173840685,0.0003147821304,0.1887326628,0.1592403781,0.001579349137,0.9608759986,0.01809921692,0.0004071611336,0.2912782853,0.1937024845,0.004357543398,0.01420201368,0.006296940566,0.000141656375,0.1081530697,0.0224738644,0.0005055734813,0.1779229496,0.1020091847,0.0022948051,,,,,,,,,,,,
llava_1_5_7b,hpre_cos,mixed,17,10166,1976,0.9626762522,0.02618767456,0.0002597298607,0.2969614604,0.3156062357,0.003130188724,0.01366861467,0.009384726372,9.307789691e-05,0.1056225968,0.03566065776,0.0003536830905,0.1762308184,0.1695832884,0.00168193032,0.9607223662,0.01848930726,0.0004159366309,0.2851235437,0.2191350011,0.004929674907,0.01442888593,0.006602893362,0.0001485391086,0.1088879644,0.02466536896,0.0005548737071,0.1623053496,0.1026791807,0.002309877373,,,,,,,,,,,,
llava_1_5_7b,hpre_cos,mixed,18,10166,1976,0.9614678629,0.02340475412,0.0002321288021,0.3227713339,0.3188798623,0.003162656615,0.01402305174,0.008333115249,8.264799754e-05,0.107566154,0.03342518572,0.0003315116358,0.2023380632,0.1885044046,0.001869590315,0.9607905014,0.01623193922,0.0003651547359,0.3045095311,0.2099525506,0.004723105918,0.01429035965,0.005750141837,0.0001293555561,0.108948165,0.02250283954,0.0005062253081,0.1849581112,0.1207267934,0.002715877614,,,,,,,,,,,,
llava_1_5_7b,hpre_cos,mixed,19,10166,1976,0.9512396722,0.03175867498,0.0003149831501,0.2496737891,0.3095564821,0.003070187151,0.01725395081,0.01064961638,0.0001056231004,0.1179516238,0.03715984414,0.0003685520499,0.1718534822,0.1800254013,0.001785495398,0.9506493765,0.02201872112,0.0004953345492,0.2338324405,0.1960581013,0.004410535502,0.0174602521,0.007186165744,0.0001616604411,0.11900412,0.02435368554,0.0005478620572,0.1630140672,0.1079217612,0.002427814796,,,,,,,,,,,,
llava_1_5_7b,hpre_cos,mixed,20,10166,1976,0.9548838954,0.03332056502,0.0003304740056,0.5794053532,0.304527043,0.003020305078,0.01611979534,0.01171123214,0.0001161522259,0.1137794635,0.04010949172,0.0003978067114,0.396782166,0.2243601643,0.00222520843,0.9507923848,0.02749282536,0.0006184803459,0.5207682726,0.2676491739,0.00602105282,0.01768094858,0.0100634889,0.0002263888857,0.1190668073,0.03236717162,0.0007281339492,0.3611072497,0.168468832,0.003789885548,,,,,,,,,,,,
llava_1_5_7b,hpre_cos,mixed,21,10166,1976,0.92841974,0.06019986985,0.0005970634686,0.3661545984,0.3259646111,0.003232923291,0.02428901477,0.02020454442,0.0002003890607,0.1359218492,0.05569240694,0.0005523583646,0.2325306168,0.2089136345,0.002072009451,0.9166459437,0.05080047536,0.001142810721,0.345411939,0.2293263473,0.005158940079,0.02807928796,0.01680825437,0.0003781195583,0.146455148,0.04276047927,0.0009619424584,0.2190251558,0.1397390076,0.003143577593,,,,,,,,,,,,
llava_1_5_7b,hpre_cos,mixed,22,10166,1976,0.9251001034,0.06491810761,0.0006438590416,0.4421817369,0.3236741891,0.003210206841,0.02507573953,0.02330301512,0.0002311197528,0.1377972054,0.05985016657,0.0005935951047,0.3033580071,0.2439354451,0.002419356443,0.9194722071,0.05352051886,0.001204000993,0.4283872582,0.232266414,0.005225080007,0.02710474153,0.02036890437,0.0004582201668,0.1433374771,0.04767273811,0.001072448945,0.289856993,0.1749490986,0.003935666038,,,,,,,,,,,,
llava_1_5_7b,hpre_cos,mixed,23,10166,1976,0.8991297812,0.08419500952,0.000835047726,0.3999119428,0.3469031176,0.003440591802,0.03316386249,0.02886511402,0.0002862847568,0.1568647392,0.06986803685,0.0006929525351,0.2699500787,0.2578794649,0.002557653499,0.8947676242,0.06859252523,0.001543061806,0.390072797,0.2467806539,0.00555159327,0.03472502112,0.02431534383,0.0005469995196,0.1604213065,0.05373797679,0.00120889294,0.2615852654,0.1714911387,0.00385787555,,,,,,,,,,,,
llava_1_5_7b,hpre_cos,mixed,24,10166,1976,0.8931267255,0.08603622323,0.0008533089191,0.3620687586,0.3424350331,0.003396277254,0.03299530235,0.02767260409,0.0002744574203,0.1548993285,0.06672851,0.0006618146474,0.2464188225,0.2582135544,0.002560967005,0.8899001596,0.06882016638,0.001548182835,0.3418155568,0.2428532752,0.005463242708,0.03432556915,0.02257474577,0.0005078429151,0.1584678528,0.05107108865,0.001148898455,0.2380169688,0.1679925966,0.003779172126,,,,,,,,,,,,
llava_1_5_7b,hpre_cos,mixed,25,10166,1976,0.9330974567,0.05289743397,0.0005246377689,0.356806463,0.3337871285,0.003310507169,0.02255249511,0.01759460099,0.0001745035915,0.1306640853,0.05058478641,0.0005017008859,0.2225063939,0.229508913,0.002276273819,0.9305032208,0.04477583551,0.00100728004,0.3491045513,0.2308544492,0.005193316355,0.0234143003,0.01514552582,0.0003407147111,0.1329028643,0.03947264025,0.0008879790229,0.2202265075,0.1514292416,0.003406561841,,,,,,,,,,,,
llava_1_5_7b,hpre_cos,mixed,26,10166,1976,0.8499885233,0.1482317964,0.001470165811,0.2765543588,0.5917017169,0.005868509024,0.06365242105,0.07117733878,0.0007059382169,0.2143257494,0.1242067049,0.001231884492,0.2935428143,0.2867860679,0.002844349745,0.8638040234,0.08838817777,0.001988386063,0.2656847939,0.3736214137,0.00840501106,0.05609924832,0.04150275936,0.0009336487113,0.2019191239,0.07643787881,0.001719551378,0.2736944713,0.1892483343,0.004257342553,,,,,,,,,,,,
llava_1_5_7b,hpre_cos,mixed,27,10166,1976,0.9670124309,0.02009132577,0.000199266156,0.4777134591,0.2630018283,0.002608457198,0.01228546868,0.007433186308,7.372248497e-05,0.09884712026,0.03223048985,0.0003196626191,0.2335235097,0.1998917833,0.001982530556,0.967288643,0.01391792023,0.0003130984177,0.4665890058,0.1888091177,0.004247461908,0.01224500852,0.005132983088,0.0001154719137,0.09905930914,0.02155799682,0.0004849700661,0.2261304999,0.124280484,0.002795821665,,,,,,,,,,,,
llava_1_5_7b,hpre_cos,mixed,28,10166,1976,0.9597581264,0.02906205194,0.0002882379909,0.3178567487,0.3418207967,0.003390185245,0.01540822545,0.01197157521,0.0001187343135,0.1104581001,0.04328404376,0.0004292919797,0.2033248082,0.1931780559,0.001915943679,0.9604194268,0.01973852505,0.0004440391136,0.3091388778,0.2332821991,0.005247931172,0.01520513963,0.008191490201,0.000184276284,0.1097072993,0.02912344759,0.0006551629272,0.1965328143,0.1182998274,0.002661280432,,,,,,,,,,,,
llava_1_5_7b,hpre_cos,mixed,29,10166,1976,0.9653838399,0.02658478931,0.0002636684524,0.7089966786,0.2179818439,0.002161948126,0.01497932583,0.01226116661,0.0001216064866,0.1075318112,0.04501633793,0.0004464729066,0.3412754525,0.204133226,0.002024597267,0.9677746254,0.01632906696,0.0003673397279,0.7460221446,0.156220088,0.003514337024,0.01414093757,0.007464831234,0.0001679293177,0.104523248,0.02806893223,0.0006314404827,0.3667962854,0.1469334398,0.003305423996,,,,,,,,,,,,
llava_1_5_7b,hpre_cos,mixed,30,10166,1976,0.9388828732,0.05298889249,0.0005255448563,0.2405819709,0.450185007,0.00446494357,0.02319136849,0.02158676663,0.0002140979672,0.132459836,0.0621172971,0.000616080549,0.2222235884,0.2242255716,0.002223873537,0.9434814865,0.03225640723,0.0007256421863,0.2456146372,0.2800353682,0.006299693434,0.02139735647,0.01285306524,0.0002891433722,0.1277691164,0.03885513964,0.0008740876899,0.2178770406,0.1366675037,0.003074480846,,,,,,,,,,,,
llava_1_5_7b,hpre_cos,mixed,31,10166,1976,0.9779807505,0.01445144465,0.0001433297064,0.9341089439,0.04210388666,0.0004175871588,0.007473134057,0.004780744594,4.741551696e-05,0.07775869962,0.02526002901,0.0002505294542,0.742410363,0.1185892028,0.001176169998,0.9774335364,0.01008998061,0.0002269848448,0.9343147894,0.02850360651,0.000641218943,0.007589505971,0.003344208532,7.523152761e-05,0.07855530323,0.0171648692,0.0003861419881,0.743912602,0.08940432265,0.002011245322,,,,,,,,,,,,
llava_1_5_7b,hpre_cos,mixed,32,10166,1976,0.8861709851,0.1375994022,0.001364713521,0.4809093014,0.515795822,0.005115672897,0.05153601053,0.06654839544,0.0006600282677,0.1834067993,0.1226871293,0.001216813311,0.3454253148,0.2745287051,0.002722780984,0.8840929,0.09904102041,0.002228033088,0.490258585,0.3479010325,0.007826403731,0.05355524139,0.04910403444,0.001104647479,0.1866988052,0.08848231365,0.00199050375,0.346500903,0.1781038015,0.004006634435,,,,,,,,,,,,
llava_1_5_7b,hpre_cos,hall_hall,1,2082,859,0.96731473,0.03767736477,0.0008257339809,0.709908905,0.3379040348,0.007405476618,0.01012113262,0.01169192309,0.0002562392102,0.0723120263,0.05139171678,0.001126296575,0.5561659462,0.3573861109,0.00783244417,0.9646542892,0.0339375022,0.001157932632,0.6771333414,0.3092320793,0.01055086239,0.01104822811,0.01065865712,0.0003636686879,0.07706434803,0.04571384577,0.00155973629,0.5107591538,0.320432801,0.01093302608,,,,,,,,,,,,
llava_1_5_7b,hpre_cos,hall_hall,2,2082,859,0.9779939704,0.01722565588,0.0003775160361,0.6945980464,0.2438633601,0.005344489041,0.008252419747,0.006350447191,0.0001391758705,0.07879302315,0.03429337183,0.0007515706741,0.4062349904,0.2624245829,0.00575127525,0.9764470681,0.01550270447,0.0005289454506,0.6673962558,0.227230914,0.007753018735,0.008848365631,0.005724433733,0.0001953151585,0.08232928687,0.03032339021,0.001034620723,0.381083174,0.2330031098,0.007949963514,,,,,,,,,,,,
llava_1_5_7b,hpre_cos,hall_hall,3,2082,859,0.9740654791,0.01382234294,0.0003029293139,0.4809985036,0.2642810235,0.005791960847,0.009407263474,0.00498580272,0.0001092684362,0.08672654154,0.02666772238,0.0005844475774,0.2812049712,0.2207998406,0.004839030873,0.9731351992,0.01252876964,0.0004274761035,0.4691324325,0.2399117449,0.008185683103,0.009802269303,0.004516384493,0.0001540970503,0.08884130887,0.02338610723,0.0007979236817,0.2664014427,0.1857256574,0.006336877654,,,,,,,,,,,,
llava_1_5_7b,hpre_cos,hall_hall,4,2082,859,0.971988301,0.01766523629,0.0003871498437,0.3586298624,0.3515294209,0.00770408944,0.01017446431,0.006355040016,0.0001392765264,0.09152984767,0.0326958749,0.0007165600646,0.2464877522,0.2282455247,0.005002209865,0.9711642522,0.01543303399,0.0005265683246,0.3228996843,0.3169720568,0.01081494701,0.01046468891,0.0055602625,0.0001897137083,0.0930879693,0.0288350441,0.0009838390086,0.2224705846,0.1952328303,0.006661258208,,,,,,,,,,,,
llava_1_5_7b,hpre_cos,hall_hall,5,2082,859,0.9719565429,0.02079017023,0.0004556356351,0.5844355628,0.2755533879,0.006039005044,0.009813565593,0.007024730436,0.0001539534058,0.08788161444,0.0311081913,0.0006817645235,0.4391060279,0.2150486841,0.004712989007,0.9713143031,0.01860924129,0.000634939119,0.5679467818,0.2425547497,0.008275861262,0.01008462576,0.006313065874,0.000215399028,0.08931862363,0.02732245957,0.0009322302903,0.413506673,0.1910214332,0.006517567195,,,,,,,,,,,,
llava_1_5_7b,hpre_cos,hall_hall,6,2082,859,0.9730419692,0.01576601313,0.0003455266276,0.4275454806,0.2544246919,0.005575950308,0.009616844594,0.005580310248,0.0001222976135,0.08932841355,0.02716912673,0.0005954363132,0.2482288665,0.1775703877,0.003891617792,0.971403437,0.01526605533,0.0005208710862,0.3984069397,0.2390809122,0.008157335455,0.0101720557,0.00540796406,0.0001845173526,0.09177758731,0.02516058942,0.0008584682328,0.2323886787,0.1502593781,0.005126783822,,,,,,,,,,,,
llava_1_5_7b,hpre_cos,hall_hall,7,2082,859,0.9740845825,0.014801749,0.0003243938955,0.4634732538,0.2560752371,0.005612123519,0.009220035801,0.005231510215,0.0001146533411,0.08694601878,0.02542579259,0.0005572295478,0.2952089337,0.2028340801,0.004445294765,0.9740511515,0.01288116265,0.0004394995981,0.44841347,0.2269563629,0.007743651173,0.009274332268,0.004558096434,0.0001555202434,0.08730061977,0.02216419806,0.0007562326788,0.2827729156,0.173389663,0.005915978956,,,,,,,,,,,,
llava_1_5_7b,hpre_cos,hall_hall,8,2082,859,0.9707217436,0.01863795256,0.0004084678123,0.5001713393,0.2610322214,0.005720760373,0.01079683508,0.006890026854,0.0001510012533,0.09517598321,0.03089376185,0.0006770651055,0.3134305956,0.1903418626,0.004171516371,0.9694574844,0.01744026105,0.0005950540282,0.4613728651,0.2433623377,0.00830341581,0.01122651664,0.006442712121,0.0002198225008,0.09701248744,0.02787924776,0.0009512276582,0.2846937538,0.1662776561,0.005673320415,,,,,,,,,,,,
llava_1_5_7b,hpre_cos,hall_hall,9,2082,859,0.9711449527,0.02066824186,0.0004529634632,0.5277156773,0.2948726407,0.006462404176,0.01061181638,0.007498439198,0.0001643351675,0.09321461339,0.03232546818,0.0007084422621,0.3146313641,0.2101962048,0.004606642477,0.9705627164,0.01810990903,0.0006179021223,0.5125203991,0.2611435103,0.008910101589,0.01082596041,0.006567808016,0.0002240907177,0.09451332949,0.02835042828,0.0009673041302,0.3000098744,0.1875746329,0.006399963886,,,,,,,,,,,,
llava_1_5_7b,hpre_cos,hall_hall,10,2082,859,0.9712429542,0.01826835675,0.0004003677815,0.5242252105,0.2984925757,0.00654173837,0.0105657545,0.006686778389,0.0001465468769,0.09409836607,0.03056520583,0.0006698644993,0.3299411623,0.2053322825,0.004500045162,0.9715154051,0.01559003515,0.0005319251351,0.5168018737,0.2614216286,0.008919590864,0.01048069032,0.005738520895,0.0001957958062,0.09390576657,0.02583321456,0.0008814179063,0.3173064264,0.1795513154,0.006126211824,,,,,,,,,,,,
llava_1_5_7b,hpre_cos,hall_hall,11,2082,859,0.9765584766,0.01617948797,0.0003545883075,0.6137283982,0.2549281929,0.005586984992,0.008818591873,0.006007947116,0.0001316696674,0.08492144183,0.0281593622,0.0006171382312,0.3457612872,0.2245870084,0.004922030127,0.9758865351,0.01467722573,0.0005007804794,0.6046717287,0.2356825666,0.008041385401,0.009099825355,0.00544417685,0.000185752917,0.08618182375,0.02561756499,0.000874060038,0.3337466739,0.2000274364,0.006824848057,,,,,,,,,,,,
llava_1_5_7b,hpre_cos,hall_hall,12,2082,859,0.9735086838,0.0222655259,0.0004879694068,0.5350403005,0.2903234917,0.006362705407,0.009719658769,0.008174996437,0.0001791625394,0.08842086793,0.0346340776,0.0007590375532,0.325303194,0.2172242519,0.00476066857,0.9719835424,0.0219084269,0.0007475058795,0.5010161582,0.2695358626,0.009196444954,0.01029993648,0.008164756597,0.0002785779001,0.09107010525,0.03334969754,0.001137876996,0.3070394354,0.1912427127,0.006525117152,,,,,,,,,,,,
llava_1_5_7b,hpre_cos,hall_hall,13,2082,859,0.9723347699,0.02002683991,0.0004389065516,0.5639486512,0.2994891017,0.006563578151,0.01036193054,0.007521299994,0.0001648361828,0.09179244629,0.03291951512,0.0007214613452,0.32126561,0.2293576755,0.005026583668,0.9726424921,0.01591512975,0.0005430172197,0.5482993022,0.2614558255,0.008920757648,0.0102650142,0.0060077213,0.0002049808055,0.09171866046,0.02760877742,0.0009419993293,0.3055885858,0.1954946652,0.006670191899,,,,,,,,,,,,
llava_1_5_7b,hpre_cos,hall_hall,14,2082,859,0.9735067093,0.01953467129,0.0004281202252,0.4546729025,0.2998504724,0.006571497921,0.009710600371,0.007180914682,0.0001573763267,0.08885014652,0.032147635,0.0007045448849,0.3068113593,0.196193437,0.004299758986,0.9723975864,0.01821304107,0.000621420942,0.442878742,0.2796385483,0.009541144141,0.01013828202,0.006711711865,0.0002290006537,0.09097463419,0.02935834337,0.001001693749,0.3028199318,0.1794398146,0.006122407466,,,,,,,,,,,,
llava_1_5_7b,hpre_cos,hall_hall,15,2082,859,0.9730400014,0.02562487414,0.0005615926025,0.7410144783,0.2872410521,0.006295150917,0.01025620478,0.00933193369,0.0002045178797,0.09015218663,0.04118681864,0.0009026468789,0.466198367,0.2922275662,0.006404434943,0.9731679313,0.02202833818,0.0007515971996,0.7222196472,0.2723016946,0.009290813923,0.01022813171,0.008052310983,0.0002747413053,0.09007654998,0.0360083152,0.00122858786,0.4496971839,0.2651761384,0.009047693083,,,,,,,,,,,,
llava_1_5_7b,hpre_cos,hall_hall,16,2082,859,0.9738497911,0.01865242533,0.0004087849963,0.4854214081,0.2972368066,0.00651421704,0.00964784606,0.006818584638,0.0001494355317,0.0879061593,0.03116728859,0.0006830596947,0.2984510086,0.204691056,0.004485992095,0.9732380383,0.01692183027,0.000577365398,0.4704650635,0.2693914043,0.009191516101,0.009830809179,0.006163818148,0.0002103067612,0.08862474781,0.02829756272,0.0009655003805,0.2892746272,0.1824233356,0.006224203888,,,,,,,,,,,,
llava_1_5_7b,hpre_cos,hall_hall,17,2082,859,0.9759297223,0.02365910374,0.0005185109424,0.4959851652,0.3073717184,0.00673633292,0.008788485091,0.008328708776,0.0001825312862,0.0819144575,0.03488823711,0.0007646076919,0.3117345101,0.2137817406,0.004685222779,0.974868923,0.0207251929,0.0007071344564,0.4880989995,0.2790789527,0.009522050987,0.00920508279,0.007506904667,0.0002561322819,0.08402430085,0.03231502809,0.00110257453,0.3031014399,0.1883904242,0.006427798326,,,,,,,,,,,,
llava_1_5_7b,hpre_cos,hall_hall,18,2082,859,0.972912959,0.0210542372,0.0004614229047,0.5072528512,0.3321779822,0.007279984926,0.009863446751,0.007667741304,0.0001680455783,0.08783609756,0.03601908469,0.0007893912529,0.3344290346,0.2417857927,0.005298957248,0.9719953792,0.0200449119,0.0006839235682,0.4845546302,0.3051343377,0.01041104925,0.01023200655,0.007316427674,0.0002496332908,0.08967063958,0.03301233,0.001126366164,0.3206431205,0.2127907808,0.007260327748,,,,,,,,,,,,
llava_1_5_7b,hpre_cos,hall_hall,19,2082,859,0.9692903845,0.0242779146,0.0005320727495,0.4782044696,0.3326197086,0.007289665764,0.01099924386,0.008449365411,0.000185175587,0.09186208914,0.03819910855,0.0008371684739,0.3191492555,0.2365776187,0.005184815342,0.969128138,0.02159276879,0.0007367357637,0.4691532698,0.2954943763,0.01008213801,0.01105657956,0.007521894723,0.000256643736,0.09218603354,0.03392554746,0.001157524742,0.3096996438,0.2092866856,0.007140769561,,,,,,,,,,,,
llava_1_5_7b,hpre_cos,hall_hall,20,2082,859,0.9734462372,0.02143759516,0.0004698245458,0.7700707289,0.1898670976,0.004161111461,0.0096424926,0.007512327883,0.0001646395507,0.08686407268,0.03442169554,0.0007543830058,0.5657420749,0.2025110866,0.004438216068,0.9722918505,0.02032168589,0.0006933669747,0.7560150638,0.1868921655,0.006376678397,0.01001095305,0.007116737983,0.0002428199664,0.08842355341,0.03173163416,0.001082669386,0.5510681717,0.1931567532,0.006590423372,,,,,,,,,,,,
llava_1_5_7b,hpre_cos,hall_hall,21,2082,859,0.9654305888,0.03666513028,0.0008035499342,0.5907707475,0.3019334956,0.006617149283,0.01197476487,0.01222361222,0.0002678916649,0.09259353967,0.04574517952,0.001002547535,0.3920809318,0.2535413935,0.005556592013,0.9628835848,0.03604155073,0.001229721842,0.5855352943,0.2820089499,0.0096220212,0.01284529528,0.0121889675,0.0004158822042,0.09584462341,0.0431930724,0.001473728612,0.3801998448,0.2275632928,0.007764359354,,,,,,,,,,,,
llava_1_5_7b,hpre_cos,hall_hall,22,2082,859,0.958949147,0.04456806478,0.000976749987,0.6400698041,0.3070799745,0.006729939085,0.01377356156,0.01582411786,0.0003468000459,0.09782048539,0.05276398452,0.00115637108,0.45617195,0.2642952954,0.005792273629,0.958784473,0.03974033174,0.001355922621,0.6248088494,0.2865847948,0.009778147013,0.01364448795,0.01304839386,0.0004452054531,0.09766016329,0.04539774745,0.001548951154,0.4468133281,0.2368432031,0.008080985806,,,,,,,,,,,,
llava_1_5_7b,hpre_cos,hall_hall,23,2082,859,0.945288338,0.0621836301,0.001362811246,0.6202371932,0.3335794057,0.007310698407,0.01792176555,0.02051082584,0.0004495135467,0.1100281665,0.06267721866,0.001373628692,0.4440441883,0.2859409243,0.006266657425,0.9453790971,0.058836697,0.002007482196,0.6053652937,0.3071066697,0.01047834435,0.01775124896,0.01923624712,0.0006563322819,0.1089086776,0.05540310405,0.001890329516,0.4398028231,0.2554933399,0.008717320263,,,,,,,,,,,,
llava_1_5_7b,hpre_cos,hall_hall,24,2082,859,0.9395421245,0.06570975158,0.00144008943,0.5996551788,0.3383930931,0.007416194779,0.0183011476,0.02000284476,0.0004383806758,0.1092436116,0.06083302684,0.001333211538,0.4342729347,0.2921654761,0.006403074182,0.9355900552,0.06606329055,0.002254050386,0.5829719288,0.3149169296,0.01074482698,0.01947521653,0.02057681265,0.0007020717877,0.1123809333,0.05853773579,0.001997281771,0.4277910014,0.2661493253,0.009080897794,,,,,,,,,,,,
llava_1_5_7b,hpre_cos,hall_hall,25,2082,859,0.9593310536,0.03880194168,0.0008503801146,0.5860688644,0.3398591811,0.007448325441,0.01379985748,0.01328380706,0.0002911268066,0.09795995019,0.05054700813,0.00110778401,0.4016870797,0.282432684,0.006189771124,0.9603821841,0.0329550961,0.001124413369,0.5855124841,0.2942243658,0.01003880581,0.01340204415,0.01099832845,0.000375258124,0.09704532534,0.04205638147,0.001434945218,0.4025259507,0.2473801865,0.00844050304,,,,,,,,,,,,
llava_1_5_7b,hpre_cos,hall_hall,26,2082,859,0.9028675172,0.1338238072,0.002932871387,0.6068106118,0.5341595035,0.01170659509,0.04173241448,0.06374395121,0.001397007113,0.1606228454,0.1192786645,0.002614101252,0.5193173631,0.3192017992,0.006995599983,0.9066830015,0.1075214981,0.003668586172,0.5728545882,0.4841998825,0.0165206868,0.03939565157,0.05046010234,0.001721676474,0.1582819231,0.09839258794,0.003357111778,0.485616754,0.2917566224,0.009954607496,,,,,,,,,,,,
llava_1_5_7b,hpre_cos,hall_hall,27,2082,859,0.9776075159,0.01892511307,0.000414761198,0.6297067474,0.26538026,0.005816051623,0.008277697839,0.007053404751,0.0001545818297,0.07774190314,0.03624211219,0.0007942791052,0.3856268012,0.2505187052,0.005490347029,0.9780419272,0.01570117469,0.0005357171671,0.6231986943,0.2337096357,0.007974069867,0.00817103202,0.00594686962,0.000202904573,0.07752790487,0.0307395395,0.001048819553,0.3738401865,0.218889566,0.007468415614,,,,,,,,,,,,
llava_1_5_7b,hpre_cos,hall_hall,28,2082,859,0.9705502574,0.02934227212,0.0006430627861,0.4995843113,0.3678013473,0.008060703622,0.01122771614,0.01196282096,0.0002621761854,0.08926234808,0.04880516621,0.001069609948,0.334489073,0.2529578524,0.005543803174,0.9706849593,0.02620889317,0.0008942358951,0.4898701143,0.3241157392,0.01105868631,0.01126864421,0.0108746951,0.0003710398086,0.0895167032,0.04291003465,0.001464071489,0.3237062753,0.2173108285,0.007414549787,,,,,,,,,,,,
llava_1_5_7b,hpre_cos,hall_hall,29,2082,859,0.9758155542,0.02447489543,0.000536389765,0.7433423891,0.2131315643,0.00467097357,0.01014462379,0.01091490941,0.0002392102435,0.08471914413,0.04590044052,0.001005950223,0.4192783381,0.2292921279,0.005025147132,0.9763069093,0.01949669744,0.0006652187323,0.7711773612,0.1742016334,0.005943683032,0.01008115886,0.008753680486,0.0002986717239,0.08503151471,0.03806613567,0.001298799788,0.4351434739,0.1971541373,0.006726812357,,,,,,,,,,,,
llava_1_5_7b,hpre_cos,hall_hall,30,2082,859,0.9583027164,0.05212462061,0.001142358834,0.5198057507,0.4676086886,0.01024807298,0.01562967788,0.02112501981,0.0004629741706,0.1009557741,0.06520950328,0.00142912603,0.4060398655,0.2904781984,0.006366095947,0.9581037582,0.04514097636,0.001540190238,0.4864029157,0.4114452835,0.01403833191,0.01572657314,0.01821770541,0.0006215800874,0.1018505058,0.056737186,0.001935847805,0.3833702326,0.2524239922,0.008612595472,,,,,,,,,,,,
llava_1_5_7b,hpre_cos,hall_hall,31,2082,859,0.9847077986,0.01311691397,0.0002874691915,0.9551196538,0.03880603712,0.0008504698697,0.005219501985,0.004375024454,9.58826707e-05,0.06266371263,0.02702920988,0.0005923699073,0.7986761527,0.1164030409,0.002551079326,0.9840939095,0.01181445325,0.0004031039431,0.953867039,0.0335568122,0.001144943657,0.005406377388,0.003978545512,0.0001357462211,0.06404053758,0.0243155302,0.0008296351841,0.7958523893,0.1038925336,0.003544767502,,,,,,,,,,,,
llava_1_5_7b,hpre_cos,hall_hall,32,2082,859,0.9151247046,0.12239626,0.002682426216,0.5867776155,0.4958493662,0.01086699331,0.03737727375,0.05694236504,0.001247944118,0.1480866401,0.1145567621,0.002510616434,0.4310908982,0.2973765933,0.006517280592,0.910941436,0.1172382774,0.004000118403,0.5805672042,0.4377075647,0.01493438938,0.03911220171,0.05566730752,0.001899344022,0.1508738989,0.1073226298,0.003661800873,0.4323533386,0.2624182096,0.00895359377,,,,,,,,,,,,
