model,source_mode,label,layer,n_samples,n_tokens,n_visual_mean,n_visual_min,n_visual_max,token_mean,token_std,max_row_sum_error,p50_mean,p50_std,p50_sem,p90_mean,p90_std,p90_sem,p99_mean,p99_std,p99_sem,pmax_mean,pmax_std,pmax_sem,relative_p50_mean,relative_p50_std,relative_p50_sem,relative_p90_mean,relative_p90_std,relative_p90_sem,relative_p99_mean,relative_p99_std,relative_p99_sem,relative_pmax_mean,relative_pmax_std,relative_pmax_sem,top1_mass_mean,top1_mass_std,top1_mass_sem,top5_mass_mean,top5_mass_std,top5_mass_sem,top10_mass_mean,top10_mass_std,top10_mass_sem,top32_mass_mean,top32_mass_std,top32_mass_sem,normalized_entropy_mean,normalized_entropy_std,normalized_entropy_sem,effective_token_fraction_mean,effective_token_fraction_std,effective_token_fraction_sem,mass_above_uniform_mean,mass_above_uniform_std,mass_above_uniform_sem,fraction_above_uniform_mean,fraction_above_uniform_std,fraction_above_uniform_sem
llava_1_5_7b,hmid_cos,hall,1,3487,2008512,576,576,576,0.001736111111,0.0007011880508,1.555890776e-07,0.001594607382,9.959006239e-05,1.686514311e-06,0.002475303691,0.0001375737375,2.329751298e-06,0.004374351034,0.001374656838,2.327921455e-05,0.005109584793,0.00166700895,2.823007019e-05,0.9184938518,0.05736387593,0.0009714322431,1.425774926,0.07924247282,0.001341936748,2.519626195,0.7918023386,0.01340882758,2.943120841,0.9601971555,0.01626052043,0.005109584793,0.00166700895,2.823007019e-05,0.0239815203,0.007761202913,0.0001314325894,0.04525973245,0.01423255949,0.0002410221932,0.1147027022,0.02468914331,0.0004180998839,0.9891005599,0.004590801812,7.774322827e-05,0.9334637523,0.02716896399,0.0004600945665,0.5588518834,0.04478013188,0.0007583320207,0.4198775014,0.05505146252,0.0009322725295
llava_1_5_7b,hmid_cos,hall,2,3487,2008512,576,576,576,0.001736111111,0.0004763708157,1.632724889e-07,0.001724766408,6.94147148e-05,1.175507948e-06,0.002324487472,0.0001350625668,2.287225716e-06,0.002918269517,0.0003484318564,5.900541661e-06,0.003326883057,0.0005006339737,8.478018197e-06,0.9934654513,0.03998287573,0.0006770925782,1.338904784,0.07779603846,0.001317442012,1.680923242,0.2006967493,0.003398711997,1.916284641,0.2883651688,0.004883338481,0.003326883057,0.0005006339737,8.478018197e-06,0.01563972924,0.002116577465,3.584331709e-05,0.03003873225,0.003731701547,6.319473964e-05,0.08780992596,0.00842353898,0.0001426489621,0.9939656562,0.002030499664,3.438562703e-05,0.9624512495,0.01238087848,0.0002096647822,0.5941524941,0.05771254391,0.0009773367832,0.4884944675,0.05894818196,0.0009982617753
llava_1_5_7b,hmid_cos,hall,3,3487,2008512,576,576,576,0.001736111111,0.0004314285835,1.566368155e-07,0.001690626871,8.112276897e-05,1.373778744e-06,0.002263003964,0.0001900477679,3.218376137e-06,0.002910069676,0.0004732078832,8.013569306e-06,0.003469052879,0.000665977982,1.127804693e-05,0.9738010778,0.04672671493,0.0007912965565,1.303490283,0.1094675143,0.001853784655,1.676200133,0.2725677407,0.00461581592,1.998174459,0.3836033176,0.006496155032,0.003469052879,0.000665977982,1.127804693e-05,0.01619990854,0.002998448852,5.077742476e-05,0.03029343249,0.004647140496,7.869729935e-05,0.0842839884,0.006859521202,0.0001161630026,0.9952992267,0.001854242258,3.140078467e-05,0.9706304893,0.01138053523,0.0001927244052,0.5539454588,0.06662564241,0.001128276223,0.4573271158,0.07121561306,0.001206005376
llava_1_5_7b,hmid_cos,hall,4,3487,2008512,576,576,576,0.001736111111,0.0003844173591,1.504085958e-07,0.001690276635,6.131488775e-05,1.038340906e-06,0.002234573058,0.0001574186784,2.665816724e-06,0.002679269198,0.0002709830638,4.588980107e-06,0.003086391805,0.0004266299191,7.22479178e-06,0.973599342,0.03531737534,0.0005980843621,1.287114082,0.09067315873,0.001535510433,1.543259058,0.1560862448,0.002643252542,1.77776168,0.2457388334,0.004161480065,0.003086391805,0.0004266299191,7.22479178e-06,0.01445672477,0.001723181713,2.918133145e-05,0.02767515173,0.002906643414,4.922273967e-05,0.08126406535,0.006162693593,0.0001043625307,0.9962170985,0.001518583079,2.571654272e-05,0.9762875323,0.009371076585,0.0001586950986,0.5444498969,0.05291600843,0.000896109545,0.4570891287,0.0581550879,0.000984831073
llava_1_5_7b,hmid_cos,hall,5,3487,2008512,576,576,576,0.001736111111,0.0004767523772,1.426669769e-07,0.001670973708,6.227941554e-05,1.054674764e-06,0.002240814351,0.0001255378916,2.125929492e-06,0.003430336816,0.0006304044746,1.067562508e-05,0.004721148246,0.001028491376,1.741705329e-05,0.9624808556,0.03587294335,0.0006074926642,1.290709066,0.07230982557,0.001224535388,1.975874006,0.3631129774,0.006149160048,2.71938139,0.5924110324,0.0100322227,0.004721148246,0.001028491376,1.741705329e-05,0.02077356375,0.004192477287,7.099777602e-05,0.0372472223,0.006746394084,0.0001142472441,0.09524367462,0.01028720322,0.000174209304,0.9947283959,0.001952128304,3.30584422e-05,0.9671221215,0.0118679413,0.0002009784146,0.5257585031,0.06119347121,0.00103628477,0.4307990194,0.0607397116,0.001028600549
llava_1_5_7b,hmid_cos,hall,6,3487,2008512,576,576,576,0.001736111111,0.000406747596,1.494190656e-07,0.001685764883,5.958885416e-05,1.00911128e-06,0.002230421803,0.0001297719189,2.197630899e-06,0.002963749083,0.0003686368607,6.242704605e-06,0.003502052138,0.0005517252354,9.343226451e-06,0.9710005723,0.03432318,0.0005812480972,1.284722959,0.07474862527,0.001265835398,1.707119472,0.2123348318,0.003595797852,2.017182032,0.3177937356,0.005381698436,0.003502052138,0.0005517252354,9.343226451e-06,0.0162055012,0.002219092246,3.757936023e-05,0.03073252553,0.003838091111,6.499640054e-05,0.08697172384,0.007705615353,0.0001304912383,0.9958787718,0.001756708254,2.974908881e-05,0.9742054872,0.01078028355,0.0001825594045,0.537223517,0.05400417688,0.0009145372036,0.4488740919,0.05606341695,0.0009494095368
llava_1_5_7b,hmid_cos,hall,7,3487,2008512,576,576,576,0.001736111111,0.0004697541125,1.614680514e-07,0.001696634683,6.71164446e-05,1.136587744e-06,0.002282657666,0.0001462918472,2.477388687e-06,0.003043063016,0.0004444855337,7.527168833e-06,0.003712917437,0.000724512057,1.226929598e-05,0.9772615773,0.03865907209,0.0006546745404,1.314810816,0.084264104,0.001426975884,1.752804297,0.2560236674,0.004335649248,2.138640444,0.4173189448,0.007067114487,0.003712917437,0.000724512057,1.226929598e-05,0.01697768634,0.002940250484,4.979186076e-05,0.03188880546,0.004926267091,8.34241866e-05,0.0892204203,0.009157820741,0.0001550837038,0.9944305178,0.002097097059,3.551342489e-05,0.9653041211,0.01272646757,0.0002155171828,0.5728539034,0.05046713443,0.000854638931,0.4673713675,0.05109351949,0.000865246489
llava_1_5_7b,hmid_cos,hall,8,3487,2008512,576,576,576,0.001736111111,0.0005075681452,1.45053491e-07,0.001694015906,7.599365553e-05,1.286919443e-06,0.002378679669,0.0001867841976,3.163108996e-06,0.002987212575,0.0003223306332,5.458528821e-06,0.003569620317,0.0006083200486,1.030163495e-05,0.9757531621,0.04377234558,0.000741265599,1.370119489,0.1075876978,0.001821950782,1.720634443,0.1856624447,0.003144112601,2.056101303,0.350392348,0.005933741733,0.003569620317,0.0006083200486,1.030163495e-05,0.0163558225,0.002222487152,3.763685149e-05,0.03106787183,0.003641020932,6.165910293e-05,0.08968051476,0.007905957235,0.0001338839408,0.9933522646,0.002679490655,4.537600668e-05,0.9587647091,0.016187053,0.0002741206891,0.5863972098,0.05061511614,0.0008571449367,0.4702839714,0.05292402503,0.0008962453026
llava_1_5_7b,hmid_cos,hall,9,3487,2008512,576,576,576,0.001736111111,0.0005472791891,1.51747372e-07,0.001669942853,8.364062003e-05,1.416417454e-06,0.002469403819,0.0002238096205,3.790118399e-06,0.003052041614,0.0003583070351,6.067773509e-06,0.003604137806,0.0006454067759,1.092968252e-05,0.9618870836,0.04817699713,0.0008158564537,1.4223766,0.1289143414,0.002183108198,1.75797597,0.2063848522,0.003495037541,2.075983376,0.3717543029,0.00629549713,0.003604137806,0.0006454067759,1.092968252e-05,0.01660267208,0.002340124096,3.962898188e-05,0.0316512907,0.003971506918,6.725573911e-05,0.09220499839,0.00945395221,0.0001600985612,0.992334515,0.003252855627,5.508569263e-05,0.9526470698,0.01945029287,0.0003293822344,0.5852745342,0.04431964524,0.0007505338802,0.4590458011,0.05019118263,0.0008499658073
llava_1_5_7b,hmid_cos,hall,10,3487,2008512,576,576,576,0.001736111111,0.0005521955783,1.551234163e-07,0.001663570212,7.620925268e-05,1.290570486e-06,0.002446573431,0.0002288053725,3.874719283e-06,0.003185693065,0.0004149058987,7.026250603e-06,0.004012339286,0.0008164440247,1.38261238e-05,0.9582164421,0.04389652954,0.0007433686002,1.409226296,0.1317918945,0.002231838307,1.834959205,0.2389857977,0.004047120347,2.311107429,0.4702717582,0.007963847308,0.004012339286,0.0008164440247,1.38261238e-05,0.01795400364,0.002882305842,4.881059349e-05,0.03358780309,0.004699801755,7.958909482e-05,0.09495250379,0.01047965028,0.0001774683111,0.9923204451,0.003611492601,6.115905352e-05,0.9526086109,0.02156569649,0.0003652056729,0.5751387891,0.04419710717,0.0007484587514,0.4516278718,0.04614151876,0.0007813865143
llava_1_5_7b,hmid_cos,hall,11,3487,2008512,576,576,576,0.001736111111,0.0006194506077,1.476728357e-07,0.001595261487,0.0001027707366,1.740377642e-06,0.00266157191,0.0003197724462,5.415207038e-06,0.003113466096,0.000426528296,7.223070836e-06,0.003592922491,0.000622418167,1.054038044e-05,0.9188706167,0.05919594426,0.001002457522,1.53306542,0.184188929,0.003119159254,1.793356471,0.2456802985,0.004160488802,2.069523355,0.3585128642,0.006071259136,0.003592922491,0.000622418167,1.054038044e-05,0.01670862853,0.002466335966,4.17663249e-05,0.0321105228,0.004465985414,7.562951696e-05,0.09570285198,0.0124275882,0.000210455791,0.9904135348,0.004461882203,7.556003088e-05,0.9412609684,0.02627660278,0.0004449828182,0.5589586511,0.04369908098,0.0007400248949,0.4159596756,0.05659328356,0.0009583825969
llava_1_5_7b,hmid_cos,hall,12,3487,2008512,576,576,576,0.001736111111,0.0005418707864,1.665903255e-07,0.001661583166,7.979039021e-05,1.35121549e-06,0.002451622686,0.0002510992652,4.252256641e-06,0.003125703131,0.0003801438038,6.437569672e-06,0.003783971651,0.0006494915486,1.099885636e-05,0.9570719034,0.04595926476,0.0007783001223,1.412134667,0.1446331767,0.002449299825,1.800405003,0.218962831,0.003708040131,2.179567671,0.374107132,0.006335341266,0.003783971651,0.0006494915486,1.099885636e-05,0.01732401788,0.002462795713,4.170637226e-05,0.0326923054,0.004142778117,7.015614223e-05,0.09375924074,0.01039018631,0.0001759532777,0.9925656524,0.003830109069,6.486122814e-05,0.9541240275,0.02272667125,0.0003848662747,0.5718103286,0.04095527685,0.0006935597675,0.450727205,0.04564999872,0.0007730628367
llava_1_5_7b,hmid_cos,hall,13,3487,2008512,576,576,576,0.001736111111,0.0005140322785,1.481967047e-07,0.00167500476,7.606018924e-05,1.288046162e-06,0.002417459431,0.0002340510708,3.963552897e-06,0.002955132982,0.0003346981598,5.667967494e-06,0.003458382625,0.0005516190749,9.34142867e-06,0.9648027416,0.043810669,0.0007419145894,1.392456632,0.1348134168,0.002283006469,1.702156598,0.19278614,0.003264749277,1.992028392,0.3177325872,0.005380662914,0.003458382625,0.0005516190749,9.34142867e-06,0.01602572545,0.002091379599,3.541660221e-05,0.03060774322,0.003616872012,6.125015149e-05,0.0896595308,0.009398888138,0.0001591660751,0.9932212443,0.003353933683,5.679740547e-05,0.9580440958,0.02013989472,0.0003410603413,0.578499091,0.03991724009,0.0006759810673,0.460950196,0.0470845461,0.0007973562715
llava_1_5_7b,hmid_cos,hall,14,3487,2008512,576,576,576,0.001736111111,0.0004424642297,1.701409929e-07,0.001679270364,6.34241678e-05,1.074060645e-06,0.002307361802,0.0001845746607,3.125691451e-06,0.002936699054,0.000304243608,5.15223293e-06,0.003494280265,0.0005282230032,8.94522639e-06,0.9672597298,0.03653232065,0.0006186589315,1.329040398,0.1063150045,0.001800398276,1.691538655,0.1752443182,0.002967686168,2.012705433,0.3042564498,0.005152450401,0.003494280265,0.0005282230032,8.94522639e-06,0.01606551643,0.001922276511,3.255291509e-05,0.03052414957,0.003295670135,5.581073767e-05,0.08802891226,0.008003753068,0.0001355400706,0.995071183,0.002321399959,3.931189678e-05,0.9692613539,0.01397153231,0.0002366018116,0.5477308493,0.04859172391,0.0008228796709,0.449513869,0.05028686227,0.0008515861005
llava_1_5_7b,hmid_cos,hall,15,3487,2008512,576,576,576,0.001736111111,0.0005256536554,1.45402737e-07,0.001658657363,7.990634897e-05,1.353179201e-06,0.002480144971,0.0002749816109,4.656693759e-06,0.002916992046,0.0003439999586,5.825489404e-06,0.003297256677,0.0004517941956,7.650937837e-06,0.955386641,0.04602605701,0.0007794312199,1.428563503,0.1583894079,0.002682255605,1.680187418,0.1981439762,0.003355481897,1.899219846,0.2602334567,0.004406940194,0.003297256677,0.0004517941956,7.650937837e-06,0.01551589273,0.001863191889,3.155234277e-05,0.02995706499,0.003482285161,5.897098182e-05,0.08961313504,0.01030956759,0.0001745880349,0.992955461,0.003352874872,5.677947496e-05,0.9564269281,0.02010949214,0.0003405454868,0.5683413616,0.03933263314,0.0006660810033,0.4480192302,0.05244302438,0.0008880997662
llava_1_5_7b,hmid_cos,hall,16,3487,2008512,576,576,576,0.001736111111,0.0004081353046,1.726439223e-07,0.00169535834,5.06610638e-05,8.579230403e-07,0.002264348123,0.0001271403924,2.153067145e-06,0.002798905945,0.0002680265592,4.538912989e-06,0.003291754487,0.000491239521,8.318927234e-06,0.9765264037,0.02918077275,0.0004941636712,1.304264519,0.07323286601,0.001240166675,1.612169824,0.1543832981,0.002614413881,1.896050584,0.2829539641,0.004791702087,0.003291754487,0.000491239521,8.318927234e-06,0.01518518536,0.001777790191,3.010610222e-05,0.02899723253,0.002988851514,5.061489802e-05,0.08473042621,0.006840308394,0.000115837642,0.9957369554,0.001784462544,3.021909561e-05,0.9733295243,0.01090743216,0.0001847126109,0.5529543591,0.04723465221,0.0007998982531,0.4614042635,0.04545530549,0.0007697657916
llava_1_5_7b,hmid_cos,hall,17,3487,2008512,576,576,576,0.001736111111,0.0003914989864,1.527951099e-07,0.00171340016,5.176009423e-05,8.765346417e-07,0.002225130071,0.0001339974067,2.269187695e-06,0.002716738907,0.0002948461786,4.993091557e-06,0.003190449135,0.0005135129655,8.696118312e-06,0.986918492,0.02981381427,0.0005048839536,1.281674921,0.07718250628,0.001307052112,1.564841611,0.1698313989,0.002876020737,1.837698702,0.2957834681,0.005008964148,0.003190449135,0.0005135129655,8.696118312e-06,0.01471531447,0.00191637198,3.245292444e-05,0.0281217613,0.003244886486,5.49507387e-05,0.08237866493,0.007231975621,0.0001224703559,0.9960496857,0.001917494842,3.247193962e-05,0.9752756199,0.01169993259,0.0001981332603,0.5648125905,0.04716998709,0.0007988031775,0.4770541575,0.04662931083,0.0007896470605
llava_1_5_7b,hmid_cos,hall,18,3487,2008512,576,576,576,0.001736111111,0.0004377692313,1.462758519e-07,0.00170115928,5.590964101e-05,9.468054084e-07,0.002293036428,0.0001433297764,2.427227309e-06,0.002849741812,0.0003147808767,5.330676984e-06,0.003359159491,0.0005630696366,9.535338942e-06,0.9798677451,0.03220395322,0.0005453599152,1.320788982,0.08255795121,0.00139808293,1.641451284,0.181313785,0.003070469943,1.934875867,0.3243281107,0.005492355231,0.003359159491,0.0005630696366,9.535338942e-06,0.01548110543,0.002054064798,3.47846923e-05,0.02954056407,0.003498097275,5.923875307e-05,0.08608777518,0.007890318116,0.0001336190991,0.9950771221,0.001957307894,3.314615631e-05,0.9692686702,0.0119513506,0.0002023909147,0.5673355006,0.04687029017,0.0007937279407,0.4687778813,0.04825853986,0.0008172373442
llava_1_5_7b,hmid_cos,hall,19,3487,2008512,576,576,576,0.001736111111,0.0004209030192,1.508742571e-07,0.001682908921,5.504303423e-05,9.321298001e-07,0.002269938492,0.0001351166572,2.288141714e-06,0.002893508634,0.0003875243559,6.562556106e-06,0.003539141253,0.0007183131732,1.216432059e-05,0.9693555383,0.03170478772,0.0005369067649,1.307484572,0.07782719457,0.001317969627,1.666660973,0.223214029,0.003780032317,2.038545362,0.4137483878,0.007006648659,0.003539141253,0.0007183131732,1.216432059e-05,0.01596643167,0.002590024306,4.386093304e-05,0.030206848,0.004308912876,7.296956198e-05,0.08681813937,0.008889728569,0.0001505436797,0.9955709416,0.00187659426,3.177930608e-05,0.9723094594,0.01142969748,0.0001935569465,0.5411690445,0.04860670442,0.0008231333594,0.4482965499,0.04993168434,0.000845571317
llava_1_5_7b,hmid_cos,hall,20,3487,2008512,576,576,576,0.001736111111,0.0006077494843,1.31665729e-07,0.001627817819,7.907537533e-05,1.339107025e-06,0.002509658386,0.0002085157097,3.531122684e-06,0.003567879033,0.0005889787958,9.974099264e-06,0.004600264167,0.001138761374,1.928442766e-05,0.9376230638,0.04554741619,0.0007713256463,1.44556323,0.1201050488,0.002033926666,2.055098323,0.3392517864,0.005745081176,2.64975216,0.6559265512,0.01110783033,0.004600264167,0.001138761374,1.928442766e-05,0.0202955471,0.003995396222,6.766029405e-05,0.03776710209,0.006675824765,0.0001130521835,0.1044534424,0.01482467363,0.0002510493881,0.991111073,0.004017413847,6.803315294e-05,0.9453725863,0.02380285006,0.0004030908938,0.5541535104,0.04113929228,0.0006966759887,0.4245859621,0.04672915236,0.0007913378334
llava_1_5_7b,hmid_cos,hall,21,3487,2008512,576,576,576,0.001736111111,0.0005341685792,1.55181624e-07,0.001642297064,9.056703398e-05,1.533713257e-06,0.002392420181,0.0002303372738,3.900661364e-06,0.003297599851,0.0008115085893,1.374254435e-05,0.004044001251,0.001376486848,2.331020498e-05,0.945963109,0.05216661157,0.0008834188358,1.378034024,0.1326742697,0.002246780946,1.899417514,0.4674289474,0.007915705546,2.329344721,0.7928564245,0.01342667807,0.004044001251,0.001376486848,2.331020498e-05,0.01833775932,0.00532844097,9.0234826e-05,0.03451583963,0.009079185373,0.0001537520481,0.09704056299,0.01964604396,0.0003326971938,0.9933176532,0.005078006005,8.599381898e-05,0.9588921531,0.02894869561,0.000490233546,0.5376287071,0.04729922008,0.0008009916818,0.4269573694,0.05370537767,0.0009094771691
llava_1_5_7b,hmid_cos,hall,22,3487,2008512,576,576,576,0.001736111111,0.0006548322269,1.475564204e-07,0.001592874547,0.0001293359849,2.190248547e-06,0.002459719085,0.000343116307,5.810525149e-06,0.003782121878,0.001305126093,2.210174169e-05,0.005098358269,0.002371604564,4.016208989e-05,0.9174957391,0.0744975273,0.001261583163,1.416798193,0.1976349928,0.003346862486,2.178502202,0.7517526297,0.01273060321,2.936654363,1.366044229,0.02313336377,0.005098358269,0.002371604564,4.016208989e-05,0.02212347426,0.008969560622,0.0001518956007,0.04052386193,0.0148626568,0.0002516926166,0.108380216,0.03118088278,0.000528034663,0.9908918703,0.009485781658,0.000160637579,0.9453272165,0.05055090214,0.0008560575006,0.5217696123,0.05244412513,0.000888118407,0.3983949312,0.06076151009,0.001028969697
llava_1_5_7b,hmid_cos,hall,23,3487,2008512,576,576,576,0.001736111111,0.0007258276271,1.583248377e-07,0.001570543231,0.000147114244,2.491315617e-06,0.002535359269,0.000363913521,6.162716905e-06,0.004074987083,0.001420930025,2.406283081e-05,0.005534871207,0.002658902263,4.502735123e-05,0.9046329013,0.08473780452,0.001434997796,1.460366939,0.2096141881,0.003549724937,2.34719256,0.8184556941,0.01386019054,3.188085815,1.531527704,0.02593575431,0.005534871207,0.002658902263,4.502735123e-05,0.02394508333,0.009762239043,0.0001653192644,0.04376160241,0.01618792999,0.0002741355406,0.1157298301,0.03351250561,0.0005675196796,0.9890068021,0.009775457286,0.0001655431096,0.9341864938,0.05236190375,0.0008867260238,0.521592291,0.05928769616,0.0010040113,0.3865045367,0.07336969336,0.001242483787
llava_1_5_7b,hmid_cos,hall,24,3487,2008512,576,576,576,0.001736111111,0.0007467209615,1.660082489e-07,0.001544768411,0.0001317228728,2.230669453e-06,0.002506637567,0.0003403643745,5.763922371e-06,0.004309094614,0.001554773764,2.632941621e-05,0.006083859228,0.002929259843,4.960573904e-05,0.8897866048,0.07587237472,0.001284865605,1.443823238,0.1960498797,0.003320019286,2.482038498,0.8955496879,0.01516574373,3.504302916,1.68725367,0.02857290569,0.006083859228,0.002929259843,4.960573904e-05,0.02592317552,0.01082897108,0.0001833839067,0.04675846892,0.01772076504,0.0003000934343,0.1200273259,0.03461141382,0.0005861292113,0.988916646,0.009289909416,0.000157320568,0.9335115599,0.05073007855,0.000859091775,0.4974478496,0.05678167666,0.0009615729521,0.3633311626,0.067798652,0.001148140629
llava_1_5_7b,hmid_cos,hall,25,3487,2008512,576,576,576,0.001736111111,0.000571829855,1.416774467e-07,0.001619583505,0.00011097281,1.879276182e-06,0.002420534796,0.0002669699424,4.521019645e-06,0.003507099735,0.0008517604909,1.442419277e-05,0.00449133733,0.001505950215,2.550261069e-05,0.9328800988,0.06392033856,0.001082463081,1.394228043,0.1537746868,0.002604107315,2.020089447,0.4906140428,0.008308335033,2.587010302,0.867427324,0.01468950376,0.00449133733,0.001505950215,2.550261069e-05,0.01994919012,0.005740599749,9.721455533e-05,0.03708808904,0.009541703308,0.0001615845878,0.1018792616,0.02018996225,0.0003419082131,0.9924915297,0.005212258619,8.826732851e-05,0.9539020568,0.03008197614,0.000509425158,0.5255654311,0.06396472233,0.0010832147,0.4098870208,0.06839451451,0.001158231301
llava_1_5_7b,hmid_cos,hall,26,3487,2008512,576,576,576,0.001736111111,0.001078078359,1.487787813e-07,0.001474346893,0.0002049954801,3.471509131e-06,0.002910708684,0.0005591616511,9.469158911e-06,0.005090858826,0.002276653696,3.855413831e-05,0.007312319787,0.004596914173,7.784673845e-05,0.8492238104,0.1180773966,0.001999589259,1.676568202,0.322077111,0.005454235533,2.932334684,1.311352529,0.02220718367,4.211896197,2.647822564,0.04483972135,0.007312319787,0.004596914173,7.784673845e-05,0.03091062775,0.01674205909,0.0002835194754,0.05547943557,0.02698229054,0.0004569333329,0.1413350894,0.05348212246,0.0009056964395,0.9764289737,0.02124403401,0.000359758459,0.8681786273,0.1057163361,0.001790260086,0.5931107828,0.07551287765,0.001278777679,0.3933255066,0.05771703745,0.0009774128794
llava_1_5_7b,hmid_cos,hall,27,3487,2008512,576,576,576,0.001736111111,0.0004084827947,1.608277671e-07,0.00172573539,5.601522861e-05,9.485934883e-07,0.002221599168,0.0001344959587,2.277630455e-06,0.002760248775,0.0003194754201,5.410177031e-06,0.003239255215,0.0005452329075,9.233281707e-06,0.9940235846,0.03226477168,0.0005463898493,1.279641121,0.07746967221,0.001311915142,1.589903295,0.184017842,0.00311626197,1.865811004,0.3140541547,0.005318370263,0.003239255215,0.0005452329075,9.233281707e-06,0.01498081239,0.00205992358,3.488390822e-05,0.0285864505,0.003512149096,5.947671455e-05,0.08313083544,0.007713849341,0.0001306306773,0.9956613239,0.002003331812,3.392555129e-05,0.9728778267,0.01222462841,0.0002070187554,0.5795349562,0.05629606892,0.0009533493965,0.4880229742,0.05528408611,0.0009362119086
llava_1_5_7b,hmid_cos,hall,28,3487,2008512,576,576,576,0.001736111111,0.00040054007,1.406297088e-07,0.001699640631,5.721793004e-05,9.689607129e-07,0.002234694013,0.0001500482863,2.541002346e-06,0.002761504128,0.0002955832609,5.005573725e-06,0.003198861469,0.000483260011,8.18379771e-06,0.9789930034,0.0329575277,0.0005581213707,1.287183751,0.08642781291,0.001463617351,1.590626378,0.1702559583,0.002883210466,1.842544206,0.2783577663,0.004713867481,0.003198861469,0.000483260011,8.18379771e-06,0.0148913375,0.001874594088,3.174543405e-05,0.02851652374,0.003216267153,5.446608277e-05,0.08345309139,0.007507817763,0.0001271416223,0.9958494112,0.002817858028,4.771919785e-05,0.9741166849,0.01697361442,0.000287440764,0.5484956164,0.06377876318,0.001080065563,0.4603168913,0.05472104437,0.0009266770421
llava_1_5_7b,hmid_cos,hall,29,3487,2008512,576,576,576,0.001736111111,0.0005542173335,1.386506483e-07,0.001718865921,8.017150656e-05,1.357669529e-06,0.002397054228,0.0002708641921,4.586967066e-06,0.002883786069,0.0003780928929,6.40283839e-06,0.00327340236,0.0004984948719,8.44179344e-06,0.9900667706,0.04617878778,0.000782017649,1.380703235,0.1560177746,0.00264209303,1.661060776,0.2177815063,0.003688034913,1.88547976,0.2871330462,0.004862473021,0.00327340236,0.0004984948719,8.44179344e-06,0.01538715957,0.002151607022,3.643652738e-05,0.02963699448,0.003958970157,6.704343451e-05,0.08765421108,0.01068915663,0.0001810162099,0.9916565314,0.005967119105,0.0001010505619,0.9490192307,0.03501646652,0.0005929886023,0.6181455658,0.05242237191,0.0008877500257,0.4925591682,0.04429212058,0.000750067762
llava_1_5_7b,hmid_cos,hall,30,3487,2008512,576,576,576,0.001736111111,0.0004905311024,1.495936885e-07,0.001662562241,7.167049351e-05,1.213708578e-06,0.002335267183,0.0001974125566,3.343095626e-06,0.003158408699,0.0005849548883,9.905956143e-06,0.003881875,0.0009878673465,1.672910306e-05,0.957635851,0.04128220426,0.0006990961407,1.345113897,0.1137096326,0.00192562308,1.819243411,0.3369340156,0.005705830739,2.23596,0.5690115916,0.009635963361,0.003881875,0.0009878673465,1.672910306e-05,0.01776024944,0.003985701823,6.749612363e-05,0.03324666017,0.006618996824,0.000112089827,0.09332559176,0.01431373001,0.0002423967807,0.9941423531,0.003749618887,6.349816198e-05,0.9637218632,0.02241751279,0.0003796308109,0.5404235953,0.06008859747,0.001017574215,0.4366550959,0.05619195773,0.0009515863189
llava_1_5_7b,hmid_cos,hall,31,3487,2008512,576,576,576,0.001736111111,0.001120642985,1.545995474e-07,0.001468917183,0.0001048648675,1.775840837e-06,0.002960777033,0.0002581042398,4.370882834e-06,0.00594162884,0.001259881547,2.133554502e-05,0.009235263968,0.002445684897,4.141660803e-05,0.8460962974,0.06040216367,0.001022884322,1.705407571,0.1486680421,0.002517628512,3.422378212,0.7256917714,0.01228927393,5.319512046,1.4087145,0.02385596623,0.009235263968,0.002445684897,4.141660803e-05,0.03850910987,0.008632742232,0.0001461917281,0.06685022867,0.01351043335,0.0002287933017,0.1591324731,0.02435039564,0.0004123633397,0.9745091617,0.007887442833,0.0001335704075,0.8514779894,0.04194291673,0.0007102850185,0.5980828399,0.03734337671,0.0006323938125,0.3795635774,0.03821083116,0.0006470837756
llava_1_5_7b,hmid_cos,hall,32,3487,2008512,576,576,576,0.001736111111,0.0008694878786,1.528533176e-07,0.001584065952,0.0001596573308,2.703727328e-06,0.002776018461,0.0005054838301,8.560148402e-06,0.00396977003,0.001191979163,2.018564773e-05,0.005452311779,0.003209090778,5.434455399e-05,0.9124219883,0.09196262255,0.001557346941,1.598986633,0.2911586861,0.00493064548,2.286587537,0.686579998,0.01162693309,3.140531585,1.848436288,0.0313024631,0.005452311779,0.003209090778,5.434455399e-05,0.02361700563,0.01074742794,0.0001820030091,0.04295299146,0.01586087699,0.0002685970405,0.1156074026,0.02958019499,0.0005009277129,0.9819134381,0.01509298539,0.000255593131,0.8952721223,0.07882808202,0.00133491922,0.6170751514,0.06886920894,0.001166270044,0.436261272,0.05034302142,0.0008525371312
llava_1_5_7b,hmid_cos,real,1,11976,6898176,576,576,576,0.001736111111,0.0006733481068,1.566950232e-07,0.001600328619,0.0001088404723,9.945680967e-07,0.002438704409,0.0001476524651,1.349226332e-06,0.004185032485,0.001445344282,1.320734173e-05,0.00489340461,0.001737335089,1.587551043e-05,0.9217892845,0.06269211205,0.0005728712237,1.40469374,0.08504781991,0.0007771543672,2.410578711,0.8325183065,0.007607428837,2.818601056,1.000705011,0.009144294006,0.00489340461,0.001737335089,1.587551043e-05,0.02290415018,0.008113627688,7.41411267e-05,0.04331226637,0.01495882504,0.0001366915251,0.1114106165,0.02645225387,0.0002417167734,0.9899916141,0.004818058565,4.402670473e-05,0.9388048867,0.02855777388,0.000260956703,0.5532733771,0.05124880549,0.0004683039852,0.4211671317,0.06238554392,0.0005700698496
llava_1_5_7b,hmid_cos,real,2,11976,6898176,576,576,576,0.001736111111,0.0004514321013,1.497101039e-07,0.001722335349,8.146671664e-05,7.444307765e-07,0.00227894257,0.0001539662452,1.406920718e-06,0.002864811464,0.0004813156529,4.398191065e-06,0.003308864183,0.0007782939262,7.11193449e-06,0.9920651609,0.04692482878,0.0004287921273,1.31267092,0.08868455726,0.0008103863338,1.650131403,0.2772378161,0.002533358054,1.905905769,0.4482973015,0.004096474266,0.003308864183,0.0007782939262,7.11193449e-06,0.01544472571,0.003133365541,2.863222968e-05,0.02956934905,0.005332999604,4.873215958e-05,0.08611873501,0.01137857085,0.0001039756932,0.9947107166,0.002355326681,2.152262596e-05,0.9670470883,0.014307805,0.0001307426005,0.5884898184,0.06348150985,0.0005800846238,0.4892897775,0.06786558118,0.0006201456175
llava_1_5_7b,hmid_cos,real,3,11976,6898176,576,576,576,0.001736111111,0.0004122808457,1.602456905e-07,0.001706118061,7.745076743e-05,7.077336282e-07,0.002224749895,0.0001660175804,1.517044032e-06,0.002836056716,0.0004459372593,4.074908551e-06,0.003353069201,0.0006610692908,6.040753154e-06,0.9827240034,0.04461164204,0.0004076545698,1.281455939,0.0956261263,0.0008738173624,1.633568669,0.2568598614,0.002347147325,1.93136786,0.3807759115,0.003479473817,0.003353069201,0.0006610692908,6.040753154e-06,0.01564137375,0.002872102777,2.62448493e-05,0.02946393911,0.004580762855,4.185833172e-05,0.08320137985,0.0078441457,7.167864025e-05,0.9956790103,0.001770450182,1.617811123e-05,0.9729703959,0.01088245769,9.94422847e-05,0.5637567466,0.06495909275,0.0005935865572,0.4713631545,0.06899316531,0.0006304493141
llava_1_5_7b,hmid_cos,real,4,11976,6898176,576,576,576,0.001736111111,0.0004091455879,1.630396582e-07,0.001684566051,7.099930282e-05,6.487811012e-07,0.002252924608,0.0001741824795,1.591653669e-06,0.002793096929,0.0004543930944,4.152176718e-06,0.003244235859,0.0007628567574,6.97087193e-06,0.9703100455,0.04089559842,0.0003736979143,1.297684574,0.1003291082,0.0009167925133,1.608823831,0.2617304224,0.00239165379,1.868679855,0.4394054922,0.004015222232,0.003244235859,0.0007628567574,6.97087193e-06,0.01512964187,0.003028731973,2.767610366e-05,0.02889370452,0.005069565428,4.632493715e-05,0.08412025654,0.01052810451,9.620425788e-05,0.9958043221,0.002142432651,1.957723188e-05,0.9737737885,0.01309488352,0.0001196591039,0.5399537145,0.06354937731,0.0005807047865,0.4501761045,0.06822737022,0.0006234515921
llava_1_5_7b,hmid_cos,real,5,11976,6898176,576,576,576,0.001736111111,0.0004898003346,1.540174708e-07,0.001669772694,8.241224471e-05,7.530708718e-07,0.002266617187,0.0001762566264,1.610606916e-06,0.003383014454,0.0007427309374,6.786965172e-06,0.004424679171,0.001219501261,1.114362169e-05,0.9617890716,0.04746945295,0.0004337688221,1.3055715,0.1015238168,0.0009277095837,1.948616325,0.42781302,0.003909291939,2.548615203,0.7024327262,0.006418726093,0.004424679171,0.001219501261,1.114362169e-05,0.01976988285,0.004882030746,4.461127303e-05,0.03611136923,0.008026213769,7.334235127e-05,0.09538202933,0.01515681216,0.000138500702,0.9944323621,0.003320363735,3.034099146e-05,0.9654397924,0.01961526487,0.0001792413818,0.5320632375,0.06866053295,0.0006274097689,0.434451368,0.07093066299,0.0006481538806
llava_1_5_7b,hmid_cos,real,6,11976,6898176,576,576,576,0.001736111111,0.0004227205385,1.491280273e-07,0.001688340981,6.780476465e-05,6.195898851e-07,0.002233254805,0.0001470814013,1.344008035e-06,0.003035306843,0.000478712351,4.374402479e-06,0.003581051752,0.0007054974405,6.446730998e-06,0.972484405,0.03905554444,0.0003568837738,1.286354768,0.08471888712,0.0007741486281,1.748336742,0.2757383142,0.002519655828,2.062685809,0.4063665257,0.003713317055,0.003581051752,0.0007054974405,6.446730998e-06,0.01658439068,0.00292540789,2.673194351e-05,0.03146968749,0.005094495471,4.655274418e-05,0.08876940886,0.01071520656,9.79139687e-05,0.9956091906,0.002118822351,1.936148446e-05,0.9725646894,0.01290503304,0.0001179242783,0.5396868648,0.06231519913,0.0005694270494,0.4498326804,0.06371635355,0.0005822305907
llava_1_5_7b,hmid_cos,real,7,11976,6898176,576,576,576,0.001736111111,0.0005020048129,1.753214747e-07,0.001684430883,8.748164912e-05,7.993943376e-07,0.002351231921,0.0002043695269,1.867498433e-06,0.002980442444,0.0003683263184,3.365711281e-06,0.003600605562,0.000626231516,5.722410734e-06,0.9702321888,0.05038942989,0.0004604511385,1.354309587,0.1177168475,0.001075679097,1.716734848,0.2121559594,0.001938649698,2.073948804,0.3607093532,0.003296108583,0.003600605562,0.000626231516,5.722410734e-06,0.01650931766,0.002417381128,2.208967029e-05,0.03114436629,0.004041690493,3.693236841e-05,0.08870449697,0.008402210065,7.677814967e-05,0.9935391087,0.002823092015,2.579699622e-05,0.9599188217,0.01700063399,0.0001553492725,0.5805212945,0.05168411702,0.0004722817975,0.4648280937,0.05550192979,0.0005071684045
llava_1_5_7b,hmid_cos,real,8,11976,6898176,576,576,576,0.001736111111,0.000502714743,1.65309757e-07,0.001681656177,8.552860581e-05,7.815477174e-07,0.002359041789,0.0002176571773,1.988919012e-06,0.003025819399,0.0004186478081,3.825541592e-06,0.003613387427,0.0007185663193,6.566152475e-06,0.968633958,0.04926447695,0.0004501714852,1.35880807,0.1253705341,0.001145617351,1.742871974,0.2411411374,0.002203511957,2.081311158,0.4138941999,0.003782103826,0.003613387427,0.0007185663193,6.566152475e-06,0.01661090953,0.002777978687,2.538475732e-05,0.03146790287,0.004608493365,4.2111729e-05,0.08989056198,0.009493056425,8.674614196e-05,0.9935746681,0.003103151633,2.835613947e-05,0.9601679404,0.01872604894,0.0001711158584,0.5735261388,0.05816756806,0.0005315266117,0.4603586513,0.06028565841,0.0005508814072
llava_1_5_7b,hmid_cos,real,9,11976,6898176,576,576,576,0.001736111111,0.0005919066201,1.619919203e-07,0.001618109001,0.0001267995447,1.158675438e-06,0.002573422476,0.0003486527846,3.185937447e-06,0.003028515994,0.0004099208444,3.745795892e-06,0.003451047566,0.0005992075984,5.475470182e-06,0.9320307847,0.07303653777,0.0006673970521,1.482291346,0.2008240039,0.001835099969,1.744425213,0.2361144064,0.002157578434,1.987803398,0.3451435767,0.003153870825,0.003451047566,0.0005992075984,5.475470182e-06,0.01617207919,0.002397166372,2.190495085e-05,0.03115009197,0.004303623462,3.932587304e-05,0.09269627265,0.01186816873,0.000108449566,0.9911971191,0.004880914326,4.460107136e-05,0.946033989,0.0288151357,0.0002633084372,0.568641582,0.0503542638,0.0004601297959,0.4326780007,0.06679140839,0.0006103299858
llava_1_5_7b,hmid_cos,real,10,11976,6898176,576,576,576,0.001736111111,0.0005153384752,1.62050128e-07,0.001677301276,7.588529164e-05,6.934285425e-07,0.002404946035,0.0002136453895,1.952259889e-06,0.003023687732,0.0003757922275,3.433933651e-06,0.003666641172,0.0007220202257,6.597713759e-06,0.9661255352,0.04370992799,0.0003994148405,1.385248916,0.1230597443,0.001124501696,1.741644133,0.216456323,0.001977945783,2.111985315,0.41588365,0.003800283125,0.003666641172,0.0007220202257,6.597713759e-06,0.01672848513,0.002581887331,2.359290358e-05,0.03160538462,0.004250261081,3.883825552e-05,0.09087740244,0.009548920229,8.725661711e-05,0.9932360549,0.003084590671,2.818653216e-05,0.9581012075,0.01854185329,0.000169432706,0.5757649978,0.04720586315,0.0004313601776,0.4589194303,0.05058535557,0.0004622414782
llava_1_5_7b,hmid_cos,real,11,11976,6898176,576,576,576,0.001736111111,0.0006569190729,1.657172106e-07,0.001572169717,0.0001282990386,1.17237759e-06,0.002725056365,0.0003802507259,3.474674749e-06,0.003172738702,0.0004647102394,4.246453259e-06,0.003530684746,0.0005951809105,5.438674905e-06,0.9055697568,0.07390024625,0.0006752894921,1.569632466,0.2190244181,0.002001412655,1.827497493,0.2676730979,0.002445957077,2.033674414,0.3428242045,0.003132676745,0.003530684746,0.0005951809105,5.438674905e-06,0.01675592167,0.002547861476,2.328198036e-05,0.03245735698,0.004757358211,4.34720339e-05,0.09741913782,0.01384432373,0.0001265073774,0.9892737018,0.005576837398,5.09603132e-05,0.9346751812,0.03259780303,0.0002978738904,0.5581171065,0.05029024178,0.0004595447722,0.4077221283,0.06515985761,0.0005954211167
llava_1_5_7b,hmid_cos,real,12,11976,6898176,576,576,576,0.001736111111,0.0005218995718,1.668813638e-07,0.001673478349,8.48014091e-05,7.749027018e-07,0.002408664879,0.0002360755531,2.157223398e-06,0.00306318068,0.0004195753882,3.834017681e-06,0.003759988619,0.0008809260261,8.0497714e-06,0.9639235292,0.04884561164,0.0004463439562,1.38739097,0.1359795186,0.001242560677,1.764392072,0.2416754236,0.002208394184,2.165753444,0.507413391,0.004636668326,0.003759988619,0.0008809260261,8.0497714e-06,0.01703084106,0.002992981232,2.734941869e-05,0.03210186128,0.004851925485,4.433617562e-05,0.09201324189,0.01090290585,9.962913691e-05,0.9931069449,0.003419456097,3.124648276e-05,0.9573556881,0.02035845823,0.0001860325725,0.5723297646,0.04890599681,0.0004468957469,0.4561994359,0.05559357498,0.0005080058446
llava_1_5_7b,hmid_cos,real,13,11976,6898176,576,576,576,0.001736111111,0.0005292266696,1.516309567e-07,0.001670144798,8.80635102e-05,8.047112979e-07,0.002441773255,0.0002647530601,2.419274205e-06,0.002950438661,0.0003422764125,3.127671103e-06,0.003416054684,0.0005292442713,4.836155673e-06,0.9620034036,0.05072458187,0.0004635137076,1.406461395,0.1524977626,0.001393501942,1.699452669,0.1971512136,0.001801538556,1.967647498,0.3048447003,0.002785625668,0.003416054684,0.0005292442713,4.836155673e-06,0.01595395646,0.002088663613,1.908589839e-05,0.03052705359,0.003641061642,3.327148138e-05,0.08988397127,0.009845189401,8.996388087e-05,0.9927983307,0.003775379866,3.449886139e-05,0.9555293479,0.02256338741,0.0002061808883,0.5804080139,0.04355409692,0.0003979908793,0.4596471589,0.05167962024,0.0004722407065
llava_1_5_7b,hmid_cos,real,14,11976,6898176,576,576,576,0.001736111111,0.0004805310688,1.686858013e-07,0.001664882836,7.617213812e-05,6.960497031e-07,0.002356075613,0.0002139548593,1.955087778e-06,0.003061112605,0.0004128618107,3.772670006e-06,0.003720722368,0.0007611176078,6.954979839e-06,0.9589725137,0.04387515156,0.000400924629,1.357099553,0.123237999,0.00112613056,1.76320086,0.237808403,0.002173057923,2.143136084,0.4384037421,0.004006068387,0.003720722368,0.0007611176078,6.954979839e-06,0.01692518195,0.002758808475,2.520958276e-05,0.03197020199,0.00461796989,4.219832409e-05,0.09129588952,0.01051265826,9.606311229e-05,0.9942673616,0.002880937153,2.632557651e-05,0.9643781751,0.01732677547,0.0001583295049,0.5474452181,0.05052056111,0.0004616493961,0.4421923998,0.05429661769,0.0004961544412
llava_1_5_7b,hmid_cos,real,15,11976,6898176,576,576,576,0.001736111111,0.0004988876419,1.598964445e-07,0.001686655088,7.559123511e-05,6.907414976e-07,0.00239661598,0.000227121606,2.075403557e-06,0.002903643418,0.0004551355312,4.158960995e-06,0.003353274496,0.0008341030997,7.621910442e-06,0.9715133308,0.04354055142,0.0003978671026,1.380450804,0.130822045,0.001195432449,1.672498609,0.262158066,0.002395561533,1.93148611,0.4804433854,0.004390220414,0.003353274496,0.0008341030997,7.621910442e-06,0.01562525553,0.00311415344,2.845667236e-05,0.02996684399,0.005159467707,4.714645085e-05,0.088330063,0.01115948087,0.0001019736814,0.993613563,0.003118687726,2.8498106e-05,0.9604069011,0.01877962455,0.0001716054245,0.5775737419,0.04631665151,0.0004232346936,0.465514797,0.05399884512,0.0004934334396
llava_1_5_7b,hmid_cos,real,16,11976,6898176,576,576,576,0.001736111111,0.0004541010734,1.568114385e-07,0.001686574758,7.160058656e-05,6.542755428e-07,0.002298203325,0.0001605957608,1.467500249e-06,0.00294199081,0.0005690515306,5.199908506e-06,0.003548868408,0.001028817752,9.401184064e-06,0.9714670608,0.04124193786,0.0003768627127,1.323765115,0.09250315823,0.0008452801432,1.694586706,0.3277736816,0.002995147299,2.044148203,0.5925990253,0.005415082021,0.003548868408,0.001028817752,9.401184064e-06,0.0161806785,0.00389867466,3.562551093e-05,0.03065899465,0.006499417663,5.939071485e-05,0.08812047107,0.0132350477,0.0001209399034,0.9948634331,0.0032114627,2.934586995e-05,0.9680746011,0.01894476488,0.0001731144523,0.5571093397,0.05111419503,0.0004670739348,0.458818969,0.05291367446,0.000483517311
llava_1_5_7b,hmid_cos,real,17,11976,6898176,576,576,576,0.001736111111,0.0004524867467,1.447624527e-07,0.001696712156,7.128376709e-05,6.513804935e-07,0.002306387805,0.0001864717372,1.703951084e-06,0.002812819428,0.0004068981708,3.718175148e-06,0.003282261312,0.0007236263843,6.612390598e-06,0.977306202,0.04105944984,0.0003751951642,1.328479376,0.1074077206,0.0009814758242,1.620183991,0.2343733464,0.002141668886,1.890582515,0.4168087973,0.003808736984,0.003282261312,0.0007236263843,6.612390598e-06,0.01520945522,0.002754605214,2.517117398e-05,0.02909085371,0.004601062356,4.204382555e-05,0.08523653016,0.009678948536,8.84447965e-05,0.9947322233,0.002767970386,2.529330294e-05,0.9672199162,0.01675894977,0.000153140798,0.5707671121,0.05064648414,0.0004628000621,0.4692025834,0.05415045675,0.0004948188442
llava_1_5_7b,hmid_cos,real,18,11976,6898176,576,576,576,0.001736111111,0.0004648179835,1.525040716e-07,0.001697011115,6.427365186e-05,5.873231e-07,0.002317818154,0.0001622537078,1.482650322e-06,0.00291973567,0.0004729530423,4.32177477e-06,0.003442478014,0.0007665701217,7.004804102e-06,0.9774784024,0.03702162347,0.0003382981056,1.335063257,0.09345813568,0.0008540065856,1.681767746,0.2724209524,0.002489342267,1.982867336,0.4415443901,0.004034767163,0.003442478014,0.0007665701217,7.004804102e-06,0.01587671151,0.00304047835,2.778344031e-05,0.03026517315,0.005212322933,4.762943406e-05,0.0877620168,0.01084457022,9.909607464e-05,0.9944911378,0.002494034201,2.279011471e-05,0.9657109909,0.01506150899,0.0001376298357,0.5689689983,0.0535982956,0.0004897732775,0.4655788719,0.0549044928,0.0005017091138
llava_1_5_7b,hmid_cos,real,19,11976,6898176,576,576,576,0.001736111111,0.0004739050175,1.61526259e-07,0.001683418597,7.242006877e-05,6.617638498e-07,0.002304131292,0.0001738419393,1.588541863e-06,0.003059474765,0.0006610610481,6.040677833e-06,0.003721609421,0.001122921557,1.026109068e-05,0.9696491119,0.04171395961,0.0003811759775,1.327179624,0.100132957,0.0009150001131,1.762257465,0.3807711637,0.003479430432,2.143647027,0.6468028171,0.005910388232,0.003721609421,0.001122921557,1.026109068e-05,0.01692463061,0.004360718867,3.984760239e-05,0.03194686644,0.007371770755,6.736214805e-05,0.09058313775,0.01507537948,0.0001377565823,0.994515503,0.003079808638,2.814283465e-05,0.9659222874,0.01841185017,0.0001682447567,0.5544652317,0.05539587752,0.0005061993145,0.4532189379,0.06127968103,0.0005599646385
llava_1_5_7b,hmid_cos,real,20,11976,6898176,576,576,576,0.001736111111,0.000577433916,1.527369022e-07,0.001628716588,8.812963266e-05,8.053155151e-07,0.002462470517,0.0002269165133,2.073529451e-06,0.003462941159,0.0006885325974,6.291708778e-06,0.004359865684,0.001150179497,1.051016969e-05,0.9381407548,0.05076266841,0.0004638617367,1.418383018,0.1307039117,0.001194352964,1.994654108,0.3965947761,0.003624024256,2.511282634,0.6625033903,0.006053857742,0.004359865684,0.001150179497,1.051016969e-05,0.01949310234,0.00443191422,4.049817497e-05,0.03645310313,0.007598939155,6.94379792e-05,0.1014256577,0.0167030009,0.0001526295455,0.9920250916,0.004219134828,3.855382843e-05,0.9509110744,0.02499108039,0.0002283647869,0.5442880213,0.04801288294,0.0004387346048,0.4224497896,0.05548655818,0.000507027941
llava_1_5_7b,hmid_cos,real,21,11976,6898176,576,576,576,0.001736111111,0.0007186509135,1.591397449e-07,0.001573718929,0.0001320140212,1.20632455e-06,0.002543016194,0.00032039331,2.927706558e-06,0.004044949321,0.001396193927,1.275821307e-05,0.005412314849,0.002592735546,2.369203296e-05,0.9064621029,0.07604007619,0.0006948429408,1.464777328,0.1845465465,0.001686358977,2.329890809,0.8042077019,0.00734873073,3.117493353,1.493415674,0.01364661098,0.005412314849,0.002592735546,2.369203296e-05,0.02362406689,0.009756414359,8.91526677e-05,0.04328523142,0.01602037081,0.0001463917729,0.1149114735,0.03187540151,0.0002912726924,0.9890574666,0.008786744828,8.029197131e-05,0.9342028424,0.04884386682,0.0004463280123,0.5323382035,0.05320151656,0.0004861475694,0.3949836884,0.06426284351,0.0005872243349
llava_1_5_7b,hmid_cos,real,22,11976,6898176,576,576,576,0.001736111111,0.0008753067588,1.573353074e-07,0.001534855007,0.0001889258185,1.726376115e-06,0.002571433515,0.0004404379586,4.024656756e-06,0.004534225912,0.002353709601,2.150784932e-05,0.006376452821,0.004168576592,3.809183477e-05,0.884076484,0.1088212715,0.0009943926425,1.481145705,0.2536922641,0.002318202291,2.611714125,1.35573673,0.01238852121,3.672836825,2.401100117,0.02194089683,0.006376452821,0.004168576592,3.809183477e-05,0.02729300036,0.01631135767,0.0001490507677,0.04919384402,0.02692261092,0.0002460148264,0.1256471244,0.05255844496,0.0004802712766,0.9859746946,0.01731496471,0.00015822158,0.9196024729,0.08454316628,0.0007725429172,0.519138128,0.06163203618,0.0005631844076,0.3734240762,0.07692361871,0.0007029166213
llava_1_5_7b,hmid_cos,real,23,11976,6898176,576,576,576,0.001736111111,0.0008801861979,1.540174708e-07,0.00152641586,0.0001916275247,1.751063906e-06,0.002665236159,0.0004550464349,4.158146847e-06,0.004652911955,0.001840193412,1.681541453e-05,0.006428772811,0.003352081852,3.063082691e-05,0.8792155355,0.1103774542,0.00100861281,1.535176028,0.2621067465,0.002395092584,2.680077286,1.059951406,0.009685678771,3.702973139,1.930799147,0.0176433563,0.006428772811,0.003352081852,3.063082691e-05,0.0276521493,0.01269907999,0.0001160423099,0.05020702234,0.02097500428,0.0001916664789,0.1301422772,0.04318725287,0.0003946387128,0.9846734624,0.0139019316,0.0001270337895,0.9104621121,0.07197692277,0.0006577144474,0.5305637607,0.06892300502,0.0006298081998,0.3727827472,0.0825912779,0.0007547068506
llava_1_5_7b,hmid_cos,real,24,11976,6898176,576,576,576,0.001736111111,0.0008423479354,1.521548256e-07,0.001524231657,0.0001671024431,1.526957346e-06,0.002558650662,0.000415723573,3.798820365e-06,0.004618731284,0.001936935821,1.769943232e-05,0.00650401523,0.003485013791,3.184553926e-05,0.8779574345,0.09625100721,0.0008795274315,1.473782781,0.239456778,0.00218812053,2.66038922,1.115675033,0.01019487302,3.746312773,2.007367944,0.01834303061,0.00650401523,0.003485013791,3.184553926e-05,0.02782771129,0.01332061224,0.0001217217794,0.05014853757,0.02204923299,0.0002014826215,0.1275575084,0.04408716947,0.0004028620172,0.9865467829,0.01319589475,0.0001205821295,0.9210079389,0.06822317054,0.000623413216,0.5034242178,0.06536737,0.0005973173342,0.3583911167,0.07781808721,0.0007110901419
llava_1_5_7b,hmid_cos,real,25,11976,6898176,576,576,576,0.001736111111,0.0005914175106,1.559383236e-07,0.001635362855,0.0001198187037,1.094885547e-06,0.002404829581,0.0002724664506,2.489758023e-06,0.003562989424,0.001061522969,9.700039488e-06,0.004487419086,0.001749703687,1.598853284e-05,0.9419690042,0.06901557332,0.0006306540752,1.385181839,0.1569406755,0.001434100621,2.052281908,0.6114372303,0.005587222745,2.584753394,1.007829324,0.009209394914,0.004487419086,0.001749703687,1.598853284e-05,0.02011811647,0.006911766063,6.315869339e-05,0.03754363864,0.01179817694,0.0001078099914,0.1030313599,0.02490944635,0.0002276188271,0.9921362643,0.006256250733,5.716869151e-05,0.9519558101,0.03484929206,0.0003184476633,0.5338574895,0.07506226155,0.0006859078156,0.4179038053,0.08257992447,0.0007546031046
llava_1_5_7b,hmid_cos,real,26,11976,6898176,576,576,576,0.001736111111,0.0007896859554,1.508742571e-07,0.001579587982,0.0001645639396,1.503760878e-06,0.002607936647,0.0004658362725,4.256742783e-06,0.003965636846,0.001594278406,1.456827967e-05,0.00532450251,0.003066208034,2.801855435e-05,0.9098426774,0.09478882919,0.0008661662656,1.502171508,0.268321693,0.002451883843,2.284206823,0.9183043619,0.00839132909,3.066913446,1.766135828,0.0161386873,0.00532450251,0.003066208034,2.801855435e-05,0.02325492714,0.01160499311,0.0001060447063,0.0425412088,0.01880383763,0.0001718266799,0.1135925922,0.03828343506,0.0003498283528,0.9862894873,0.01404877268,0.0001283756015,0.9199512604,0.07426774616,0.0006786476517,0.5702539517,0.07653008635,0.000699320581,0.4190754194,0.06872134673,0.0006279654762
llava_1_5_7b,hmid_cos,real,27,11976,6898176,576,576,576,0.001736111111,0.0004442783915,1.466250978e-07,0.00173320585,6.51960436e-05,5.95751779e-07,0.002261911547,0.0001556190097,1.422023435e-06,0.002799763035,0.0003508437986,3.205958608e-06,0.003273334617,0.0005808662221,5.307869405e-06,0.9983265695,0.03755292112,0.0003431530247,1.302861051,0.08963654957,0.0008190854984,1.612663508,0.202086028,0.001846632158,1.885440739,0.3345789439,0.003057332777,0.003273334617,0.0005808662221,5.307869405e-06,0.0151701642,0.002246541379,2.0528562e-05,0.02897513588,0.003847150451,3.515469035e-05,0.08444650726,0.008607082714,7.865024556e-05,0.9948144947,0.002419330163,2.210748029e-05,0.9676911805,0.01471922319,0.0001345020789,0.5953982301,0.06016378458,0.0005497677422,0.4954042924,0.05938526152,0.000542653714
llava_1_5_7b,hmid_cos,real,28,11976,6898176,576,576,576,0.001736111111,0.0004222141708,1.551088644e-07,0.001717150903,6.739461338e-05,6.158419836e-07,0.002243036933,0.0001584395111,1.447796758e-06,0.002789685678,0.0003236333777,2.957313816e-06,0.003261254203,0.000548835363,5.015176164e-06,0.98907892,0.03881929731,0.0003547249825,1.291989273,0.09126115839,0.0008339309329,1.606858951,0.1864128256,0.001703412758,1.878482421,0.3161291691,0.002888741471,0.003261254203,0.000548835363,5.015176164e-06,0.01511347217,0.002092700491,1.912278678e-05,0.02886921436,0.003554927453,3.248439993e-05,0.08415036799,0.008135328427,7.433942483e-05,0.9953413889,0.002890628667,2.641413613e-05,0.9709850529,0.01747417227,0.000159676395,0.5687840473,0.07300154659,0.0006670773078,0.4759120382,0.06499877928,0.0005939492068
llava_1_5_7b,hmid_cos,real,29,11976,6898176,576,576,576,0.001736111111,0.0006624654925,1.681328285e-07,0.001706942818,0.0001040461118,9.507579409e-07,0.002547416099,0.0003014817395,2.754895431e-06,0.003104192076,0.0004409673256,4.029494034e-06,0.003546122139,0.000600802932,5.490048104e-06,0.9831990632,0.05993056037,0.000547636574,1.467311673,0.173653482,0.001586819768,1.788014636,0.2539971796,0.002320988563,2.042566352,0.3460624889,0.003162267708,0.003546122139,0.000600802932,5.490048104e-06,0.01662353381,0.002547462664,2.327833607e-05,0.03195373451,0.004646771074,4.246150503e-05,0.09407067479,0.01229147473,0.0001123176735,0.9879981978,0.00696582605,6.365268553e-05,0.9274466609,0.0401258578,0.0003666641386,0.6437022565,0.0513137571,0.0004688975034,0.4901395673,0.04950744178,0.0004523916619
llava_1_5_7b,hmid_cos,real,30,11976,6898176,576,576,576,0.001736111111,0.0004496393187,1.629232429e-07,0.001708902702,7.402577119e-05,6.764365204e-07,0.002269199201,0.0001699786945,1.553240106e-06,0.002927966024,0.0004046417716,3.697556507e-06,0.003503392993,0.0006857959552,6.266701747e-06,0.9843279564,0.04263884421,0.0003896274357,1.30705874,0.09790772805,0.0008946663008,1.68650843,0.2330736604,0.002129792548,2.017954364,0.3950184702,0.003609620206,0.003503392993,0.0006857959552,6.266701747e-06,0.01612796552,0.00267473615,2.444134232e-05,0.03052302734,0.004476923586,4.090946388e-05,0.08738414452,0.009815905238,8.969628653e-05,0.9947823961,0.003229075829,2.950681611e-05,0.9675811718,0.01945213535,0.0001777507284,0.5666801053,0.07476801927,0.0006832190732,0.4694841071,0.0672352152,0.0006143854266
llava_1_5_7b,hmid_cos,real,31,11976,6898176,576,576,576,0.001736111111,0.001111486393,1.636799425e-07,0.001474527673,0.0001096687999,1.002137232e-06,0.002933213483,0.0002575010757,2.353006647e-06,0.005796565836,0.001346030893,1.229983071e-05,0.009520374509,0.002599755818,2.375618316e-05,0.8493279397,0.06316922876,0.0005772310455,1.689530966,0.1483206196,0.001355331829,3.338821921,0.7753137946,0.007084702489,5.483735717,1.497459351,0.0136835615,0.009520374509,0.002599755818,2.375618316e-05,0.03900112879,0.009295849021,8.494408994e-05,0.06663697188,0.0144184325,0.0001317534981,0.1569270586,0.02552187007,0.0002332150642,0.9751543714,0.008090707528,7.393168568e-05,0.8550330753,0.04322307073,0.000394966011,0.5987509612,0.03805916456,0.0003477790023,0.3835350098,0.03916488162,0.0003578828807
llava_1_5_7b,hmid_cos,real,32,11976,6898176,576,576,576,0.001736111111,0.00100259597,1.455773599e-07,0.001540922901,0.0001844402355,1.685387523e-06,0.002927600402,0.0005057981395,4.621908398e-06,0.004429117425,0.00141300029,1.291178713e-05,0.006306776626,0.00424372991,3.877857465e-05,0.887571591,0.1062375756,0.000970783213,1.686297831,0.2913397284,0.002662219237,2.551171637,0.8138881672,0.007437189386,3.632703337,2.444388428,0.022336459,0.006306776626,0.00424372991,3.877857465e-05,0.02688739705,0.0139484372,0.0001274587508,0.04840046662,0.01978859064,0.000180825207,0.127479591,0.03360045433,0.0003070359693,0.9767779879,0.0171520838,0.0001567331984,0.8675943157,0.08625192135,0.0007881572676,0.6346019557,0.07313928795,0.000668335968,0.4266204573,0.05467856574,0.0004996446258
llava_1_5_7b,hpre_cos,hall,1,3487,2008512,576,576,576,0.001736111111,0.0006429938282,1.373991836e-07,0.001616152889,0.0001054654856,1.786012043e-06,0.0024075768,0.0001214187223,2.056173154e-06,0.004157842186,0.001247028698,2.111788761e-05,0.004832577515,0.001503002929,2.545269967e-05,0.9309040643,0.0607481197,0.001028742937,1.386764237,0.06993718402,0.001184355737,2.394917099,0.71828853,0.01216390327,2.783564649,0.8657296869,0.01466075501,0.004832577515,0.001503002929,2.545269967e-05,0.02272435907,0.007019439056,0.0001188711417,0.042960599,0.01288446041,0.0002181927228,0.1096629292,0.02199525681,0.0003724800898,0.9907049815,0.003628658152,6.144974464e-05,0.9428814136,0.02168381243,0.0003672059149,0.5518042816,0.0587246108,0.0009944756952,0.4251689808,0.07039245651,0.001192065578
llava_1_5_7b,hpre_cos,hall,2,3487,2008512,576,576,576,0.001736111111,0.0004869524239,1.499429345e-07,0.001725645601,7.043690762e-05,1.192818338e-06,0.002340283715,0.000141161639,2.390510846e-06,0.002899538652,0.0003352421478,5.677179694e-06,0.003293378274,0.0004862018588,8.23361662e-06,0.9939718662,0.04057165879,0.0006870633628,1.34800342,0.08130910406,0.001376934247,1.670134263,0.1930994772,0.003270055504,1.896985886,0.2800522707,0.004742563173,0.003293378274,0.0004862018588,8.23361662e-06,0.01549925457,0.002036346825,3.448464616e-05,0.02981241302,0.003585566681,6.072000935e-05,0.0875246987,0.008145597692,0.0001379421475,0.9936855738,0.002074766633,3.513526886e-05,0.9607429075,0.01262920949,0.0002138701596,0.5993455845,0.05505176554,0.000932277661,0.4894344669,0.05578596908,0.000944711078
llava_1_5_7b,hpre_cos,hall,3,3487,2008512,576,576,576,0.001736111111,0.0004041712654,1.423759386e-07,0.001705498345,7.217070191e-05,1.222179389e-06,0.002217473268,0.0001551483426,2.627369578e-06,0.002837834166,0.0004078645755,6.907008862e-06,0.003331825753,0.0006028764243,1.020944955e-05,0.9823670469,0.0415703243,0.0007039753281,1.277264602,0.08936544535,0.001513364877,1.63459248,0.2349299955,0.003978437104,1.919131634,0.3472568204,0.005880642939,0.003331825753,0.0006028764243,1.020944955e-05,0.01563095483,0.002648274968,4.484738262e-05,0.02944295432,0.00412732656,6.989447685e-05,0.08287754375,0.006419748695,0.0001087156468,0.9958358285,0.001564580348,2.649548644e-05,0.9739273013,0.009647744238,0.0001633803447,0.5594802283,0.06619020012,0.001120902197,0.4691219171,0.06773681031,0.001147093367
llava_1_5_7b,hpre_cos,hall,4,3487,2008512,576,576,576,0.001736111111,0.000364311776,1.322478056e-07,0.00169215039,5.72646167e-05,9.697513312e-07,0.002199483671,0.000132871538,2.250121598e-06,0.002670093935,0.0002759545225,4.673169594e-06,0.003050579144,0.0004180723653,7.079873334e-06,0.9746786246,0.03298441922,0.0005585767667,1.266902595,0.07653400587,0.00129607004,1.537974107,0.158949805,0.002691745686,1.757133587,0.2408096824,0.00407800704,0.003050579144,0.0004180723653,7.079873334e-06,0.0143514585,0.001729807902,2.929354308e-05,0.02752175299,0.002957742703,5.008808385e-05,0.08063403018,0.006188634505,0.0001048018287,0.9966137726,0.001278019833,2.164270898e-05,0.9787389125,0.007908326481,0.000133924063,0.5377057629,0.05463272487,0.0009251813898,0.4551130389,0.05821873468,0.0009859089034
llava_1_5_7b,hpre_cos,hall,5,3487,2008512,576,576,576,0.001736111111,0.0004627610985,1.371372491e-07,0.001665688804,6.291542338e-05,1.06544528e-06,0.002240929714,0.0001288643553,2.182261706e-06,0.003351237273,0.0005857700946,9.919761307e-06,0.004568298796,0.0009820976289,1.66313954e-05,0.9594367512,0.03623928387,0.0006136964813,1.290775515,0.07422586868,0.001256982743,1.93031267,0.3374035745,0.005713782513,2.631340106,0.5656882343,0.009579683753,0.004568298796,0.0009820976289,1.66313954e-05,0.02017297532,0.003953005655,6.694242828e-05,0.03630016859,0.006293713197,0.0001065812906,0.09403603393,0.009941244929,0.000168350651,0.9950030134,0.001918256572,3.248483918e-05,0.9688089332,0.0116284729,0.0001969231216,0.5192710918,0.05935566127,0.00100516226,0.4262150288,0.05941941752,0.001006241944
llava_1_5_7b,hpre_cos,hall,6,3487,2008512,576,576,576,0.001736111111,0.0003838037908,1.385924406e-07,0.001679205656,5.405385736e-05,9.153785208e-07,0.002230575521,0.000124640735,2.110736536e-06,0.002825747368,0.0003472230384,5.880070856e-06,0.003228675204,0.0005146701133,8.715714105e-06,0.9672224581,0.03113502184,0.000527258028,1.2848115,0.07179306338,0.001215784245,1.627630484,0.2000004701,0.003386920813,1.859716917,0.2964499853,0.005020251325,0.003228675204,0.0005146701133,8.715714105e-06,0.01516773216,0.002112416156,3.577284713e-05,0.02908098094,0.003693948353,6.255540575e-05,0.08447577581,0.008084670954,0.0001369103798,0.9963168917,0.00164615417,2.787690357e-05,0.9769147621,0.01012016454,0.0001713805766,0.5274787941,0.05150381553,0.0008721946736,0.442521628,0.05116471751,0.0008664521964
llava_1_5_7b,hpre_cos,hall,7,3487,2008512,576,576,576,0.001736111111,0.0003848860364,1.383014023e-07,0.001694434892,6.026085337e-05,1.020491294e-06,0.00221424399,0.000113529238,1.922568176e-06,0.002837257806,0.0003294861787,5.579704866e-06,0.003319480203,0.0005274672838,8.932428611e-06,0.9759944979,0.03471025154,0.0005878029851,1.275404538,0.06539284108,0.001107399269,1.634260496,0.1897840389,0.003213910003,1.912020597,0.3038211554,0.00514507888,0.003319480203,0.0005274672838,8.932428611e-06,0.01542697427,0.002110789221,3.57452957e-05,0.02939471145,0.003603303051,6.102036706e-05,0.0847486174,0.007661438755,0.0001297431269,0.9962771607,0.001386327605,2.347685391e-05,0.976652714,0.008541221315,0.0001446418612,0.5386212823,0.05925017403,0.001003375879,0.4542556878,0.06087602542,0.001030908964
llava_1_5_7b,hpre_cos,hall,8,3487,2008512,576,576,576,0.001736111111,0.0004217870309,1.502339728e-07,0.00168935103,6.237765808e-05,1.056338459e-06,0.00227519373,0.0001341313768,2.271456419e-06,0.002862822144,0.0003083384383,5.221577096e-06,0.003357585035,0.0005174895001,8.763459192e-06,0.9730661935,0.03592953106,0.0006084509524,1.310511588,0.07725967303,0.001308358897,1.648985555,0.1776029404,0.003007628407,1.93396898,0.2980739521,0.005047752495,0.003357585035,0.0005174895001,8.763459192e-06,0.01555003623,0.002003395549,3.392663065e-05,0.02965636286,0.003388404991,5.738116205e-05,0.08608889209,0.007675237483,0.0001299768023,0.9954848666,0.001820271838,3.08255104e-05,0.9717737854,0.01112607887,0.0001884152975,0.5505591989,0.05699498108,0.0009651851694,0.4560580171,0.055935344,0.0009472406772
llava_1_5_7b,hpre_cos,hall,9,3487,2008512,576,576,576,0.001736111111,0.0004390932157,1.487205736e-07,0.001693242352,5.975569298e-05,1.011936622e-06,0.002304674443,0.0001505187798,2.548969949e-06,0.002874471364,0.000319719472,5.414309943e-06,0.003353220166,0.0005682465493,9.623007703e-06,0.9753075945,0.03441927916,0.0005828754946,1.327492479,0.08669881719,0.001468206691,1.655695506,0.1841584159,0.003118642527,1.931454816,0.3273100124,0.005542852437,0.003353220166,0.0005682465493,9.623007703e-06,0.01556329746,0.002106988485,3.568093188e-05,0.0297358525,0.003561901393,6.031924801e-05,0.08665888781,0.008034812804,0.0001360660537,0.9950895133,0.00190983669,3.234225215e-05,0.9693414986,0.01167636025,0.0001977340729,0.5615901695,0.04533838453,0.0007677857862,0.4627460528,0.04931388026,0.000835109074
llava_1_5_7b,hpre_cos,hall,10,3487,2008512,576,576,576,0.001736111111,0.0004374389914,1.490116119e-07,0.001686347107,5.345195786e-05,9.051856151e-07,0.002302561116,0.0001413992136,2.394534068e-06,0.002897637794,0.0002891939395,4.897373351e-06,0.003425404471,0.0005021451368,8.503609086e-06,0.9713359338,0.03078832773,0.0005213869143,1.326275203,0.08144594703,0.001379251623,1.669039369,0.1665757091,0.00282088705,1.973032975,0.2892355988,0.004898078834,0.003425404471,0.0005021451368,8.503609086e-06,0.01580376135,0.001870663815,3.167887658e-05,0.03008211718,0.003172906705,5.373179248e-05,0.08719942092,0.007318366028,0.0001239333398,0.9951366608,0.00188874745,3.198511506e-05,0.9696304915,0.01155673442,0.0001957082616,0.5545050147,0.04353091937,0.0007371771513,0.456217339,0.0440299012,0.0007456271912
llava_1_5_7b,hpre_cos,hall,11,3487,2008512,576,576,576,0.001736111111,0.000445474308,1.590815373e-07,0.001689126424,6.983873626e-05,1.182688567e-06,0.002327965762,0.0001948124285,3.299063588e-06,0.002754523387,0.000261150795,4.422474919e-06,0.003172432885,0.0004477257789,7.582040973e-06,0.9729368203,0.04022711209,0.0006812286146,1.340908279,0.1122119588,0.001900260627,1.586605471,0.1504228579,0.002547345553,1.827321342,0.2578900487,0.004367255601,0.003172432885,0.0004477257789,7.582040973e-06,0.0147812188,0.001641031255,2.779014923e-05,0.02839729927,0.002830934328,4.794063928e-05,0.08419443496,0.007254899955,0.0001228585695,0.9948863871,0.002230401368,3.777087528e-05,0.9681164633,0.01358854092,0.0002301160195,0.567531085,0.04361039919,0.0007385231074,0.4644971003,0.05189101428,0.0008787517158
llava_1_5_7b,hpre_cos,hall,12,3487,2008512,576,576,576,0.001736111111,0.0004174252788,1.44878868e-07,0.001685370291,6.023715566e-05,1.020089983e-06,0.002282105588,0.00018807724,3.185006106e-06,0.002796171118,0.0002964355325,5.020006573e-06,0.003276336822,0.000511515962,8.662299927e-06,0.9707732874,0.03469660166,0.0005875718304,1.314492819,0.1083324902,0.001834563517,1.610594564,0.1707468667,0.002891523786,1.88717001,0.2946331941,0.004989484758,0.003276336822,0.000511515962,8.662299927e-06,0.01523292684,0.001927184549,3.263603058e-05,0.0290283304,0.003246014263,5.496983712e-05,0.08484133561,0.008114135433,0.0001374093479,0.9955793447,0.002540721084,4.302600446e-05,0.972417443,0.0152967174,0.0002590432438,0.5482625869,0.04090145015,0.0006926482358,0.4553027316,0.04426383966,0.0007495888369
llava_1_5_7b,hpre_cos,hall,13,3487,2008512,576,576,576,0.001736111111,0.0004482596305,1.500011422e-07,0.001692202426,6.135350191e-05,1.03899482e-06,0.002320744713,0.0001886618607,3.194906403e-06,0.002824987764,0.0002863306478,4.848884754e-06,0.003307510343,0.0005078213665,8.599733563e-06,0.9747085974,0.0353396171,0.0005984610166,1.336748955,0.1086692318,0.001840266088,1.627192952,0.1649264531,0.002792957618,1.905125958,0.2925051071,0.004953446532,0.003307510343,0.0005078213665,8.599733563e-06,0.01528907493,0.001826414483,3.092953342e-05,0.02923620457,0.003120193984,5.283912552e-05,0.08579793861,0.00786425458,0.0001331777245,0.9948385212,0.002508951663,4.248800315e-05,0.9678473601,0.01523717557,0.0002580349289,0.5680157988,0.04116234257,0.0006970663352,0.4662312199,0.04539031624,0.0007686652271
llava_1_5_7b,hpre_cos,hall,14,3487,2008512,576,576,576,0.001736111111,0.0003955859533,1.465668902e-07,0.001687858758,5.522209092e-05,9.351620472e-07,0.002247052038,0.0001604822562,2.71769708e-06,0.002793176154,0.000285559912,4.835832678e-06,0.003265830138,0.0004803545426,8.134594869e-06,0.9722066444,0.03180792437,0.0005386533392,1.294301974,0.09243777958,0.001565393518,1.608869464,0.1644825093,0.002785439623,1.88111816,0.2766842166,0.004685526644,0.003265830138,0.0004803545426,8.134594869e-06,0.01513158752,0.001786685872,3.025674671e-05,0.0289083385,0.00309516721,5.241530801e-05,0.08432982819,0.007508920429,0.0001271602955,0.9960484547,0.00198623543,3.363603152e-05,0.9752730844,0.01209001066,0.0002047390624,0.5413349956,0.04873097439,0.0008252378171,0.4533495443,0.04935200867,0.000835754762
llava_1_5_7b,hpre_cos,hall,15,3487,2008512,576,576,576,0.001736111111,0.0006026623953,1.409789547e-07,0.001590276419,0.0001103545607,1.8688064e-06,0.002676071308,0.0004174476054,7.069293298e-06,0.003021273058,0.0004629891921,7.840520223e-06,0.003307636604,0.0005004322137,8.474601479e-06,0.9159992172,0.06356422698,0.001076432486,1.541417074,0.2404498207,0.004071912939,1.740253281,0.2666817746,0.004516139649,1.905198684,0.2882489551,0.004881370452,0.003307636604,0.0005004322137,8.474601479e-06,0.01580882327,0.002317518037,3.924615811e-05,0.03081525369,0.004575689342,7.748730518e-05,0.0940175488,0.01452193127,0.0002459225782,0.9910932643,0.005266548585,8.918670543e-05,0.945482884,0.03103220387,0.0005255168505,0.539742669,0.04169680226,0.0007061171772,0.4050356682,0.06459363296,0.001093865028
llava_1_5_7b,hpre_cos,hall,16,3487,2008512,576,576,576,0.001736111111,0.0003987427333,1.54657755e-07,0.001693467752,5.122361343e-05,8.674495731e-07,0.002250811436,0.0001288280752,2.181647317e-06,0.002786215662,0.000283112582,4.794388211e-06,0.003279785065,0.0005153913647,8.727928184e-06,0.9754374254,0.02950480133,0.0004996509541,1.296467387,0.07420497131,0.001256628855,1.604860221,0.1630728472,0.00276156761,1.889156197,0.2968654261,0.005027286634,0.003279785065,0.0005153913647,8.727928184e-06,0.01512959014,0.001885458652,3.19294207e-05,0.0288722836,0.003168106553,5.365050399e-05,0.08426730109,0.007193362903,0.0001218164663,0.9959524665,0.001824625394,3.089923599e-05,0.9746663956,0.0111302687,0.0001884862505,0.5485837469,0.04687577525,0.000793820828,0.4593913305,0.04543302892,0.0007693885477
llava_1_5_7b,hpre_cos,hall,17,3487,2008512,576,576,576,0.001736111111,0.0003825214119,1.346925274e-07,0.001708291039,5.116329098e-05,8.664280387e-07,0.002210946114,0.0001294138007,2.191566324e-06,0.002727440529,0.0003241871538,5.489968187e-06,0.003247557815,0.000585327202,9.912261114e-06,0.9839756387,0.0294700556,0.0004990625503,1.273504962,0.07454234922,0.001262342203,1.571005745,0.1867318006,0.003162221676,1.870593302,0.3371484684,0.005709462402,0.003247557815,0.000585327202,9.912261114e-06,0.01486287377,0.00213484571,3.615268186e-05,0.02831671503,0.0036090342,6.111742156e-05,0.08252496299,0.007900984972,0.0001337997377,0.996269199,0.001973007503,3.341202235e-05,0.9766411442,0.01196434756,0.0002026110125,0.5555796126,0.04878965727,0.0008262315862,0.4706638546,0.04772438914,0.0008081917346
llava_1_5_7b,hpre_cos,hall,18,3487,2008512,576,576,576,0.001736111111,0.0004103561687,1.356238499e-07,0.001692802962,5.354227944e-05,9.067151717e-07,0.00226091018,0.0001328787707,2.250244081e-06,0.002819063767,0.0003318230937,5.619279502e-06,0.003313665257,0.0005569445258,9.431612859e-06,0.975054506,0.03084035296,0.0005222679389,1.302284264,0.07653817193,0.001296140591,1.62378073,0.1911301019,0.003236704993,1.908671188,0.3208000468,0.005432609007,0.003313665257,0.0005569445258,9.431612859e-06,0.01529896898,0.002106619235,3.567467879e-05,0.02920242875,0.003631814069,6.150318873e-05,0.08507793615,0.008207922392,0.0001389975892,0.9957240853,0.001785930856,3.024396084e-05,0.9732501402,0.01094999001,0.0001854333095,0.5501122744,0.04691188318,0.0007944323001,0.4586016912,0.04847818542,0.0008209569462
llava_1_5_7b,hpre_cos,hall,19,3487,2008512,576,576,576,0.001736111111,0.0004216127724,1.691514626e-07,0.001681742642,5.45791096e-05,9.242734386e-07,0.002267313039,0.0001331752009,2.255263997e-06,0.002912495413,0.000403699369,6.836472905e-06,0.003599000941,0.000755166351,1.27884131e-05,0.9686837618,0.03143756713,0.0005323815006,1.305972311,0.07670891572,0.001299032062,1.677597358,0.2325308366,0.003937808393,2.073024542,0.4349758182,0.007366125943,0.003599000941,0.000755166351,1.27884131e-05,0.01615129077,0.002715753787,4.599010701e-05,0.03047721373,0.004507037735,7.632472013e-05,0.08721836068,0.009195686053,0.0001557249364,0.9955771413,0.001938469891,3.282714293e-05,0.9723522781,0.01178637312,0.0001995970929,0.5395769724,0.04874013585,0.0008253929625,0.4470398982,0.0497803683,0.0008430088457
llava_1_5_7b,hpre_cos,hall,20,3487,2008512,576,576,576,0.001736111111,0.0006164866444,1.469161361e-07,0.001616276408,8.076847886e-05,1.367778995e-06,0.002522379048,0.0002092885782,3.544210875e-06,0.003622107126,0.000611133035,1.034927165e-05,0.004687305636,0.001176345333,1.992089562e-05,0.9309752113,0.04652264383,0.0007878407013,1.452890332,0.120550221,0.002041465464,2.086333705,0.3520126281,0.005961180471,2.699888046,0.6775749116,0.01147443588,0.004687305636,0.001176345333,1.992089562e-05,0.02065550521,0.004152474834,7.032035191e-05,0.03837905408,0.006932119533,0.0001173924237,0.1057481708,0.0151947415,0.0002573163263,0.9909380127,0.004084413475,6.916776245e-05,0.9443432567,0.02414537723,0.0004088914422,0.5488512178,0.03972801085,0.0006727765526,0.4177829159,0.04540575417,0.0007689266616
llava_1_5_7b,hpre_cos,hall,21,3487,2008512,576,576,576,0.001736111111,0.0005468651692,1.371954568e-07,0.001637312076,8.318656578e-05,1.408728244e-06,0.002410203163,0.0002126606557,3.601315538e-06,0.003361804264,0.0007560955418,1.280414854e-05,0.004237124364,0.001345175102,2.277995421e-05,0.9430917556,0.04791546189,0.0008114274683,1.388277022,0.1224925377,0.00207435775,1.936399256,0.4355110321,0.007375189557,2.440583633,0.7748208589,0.01312125362,0.004237124364,0.001345175102,2.277995421e-05,0.01894866998,0.005042239394,8.538812702e-05,0.03542203861,0.008521937683,0.0001443153013,0.09867997491,0.01823317588,0.0003087708886,0.9929701055,0.004767400282,8.073384642e-05,0.9567205321,0.02720687296,0.0004607365384,0.5391417446,0.04815913328,0.0008155539371,0.4246317672,0.04973825851,0.0008422957347
llava_1_5_7b,hpre_cos,hall,22,3487,2008512,576,576,576,0.001736111111,0.0006692589311,1.533189788e-07,0.001588892007,0.0001294051154,2.191419242e-06,0.00247800125,0.0003425564298,5.801043872e-06,0.003843240117,0.001307614493,2.214388165e-05,0.00521087973,0.002388490547,4.044804665e-05,0.915201796,0.07453734647,0.001262257483,1.42732872,0.1973125035,0.00334140127,2.213706307,0.7531859477,0.01275487583,3.001466724,1.375770555,0.02329807487,0.00521087973,0.002388490547,4.044804665e-05,0.02256248866,0.009014676299,0.000152659615,0.04124786975,0.01490943691,0.0002524848174,0.1098924021,0.03120356487,0.0005284187743,0.9904880668,0.009582489183,0.0001622752788,0.9429360608,0.0509369144,0.0008625944499,0.5241638153,0.0523266152,0.0008861284275,0.3975281203,0.06003669883,0.001016695334
llava_1_5_7b,hpre_cos,hall,23,3487,2008512,576,576,576,0.001736111111,0.0007308607925,1.374864951e-07,0.001562998024,0.0001432101246,2.425201057e-06,0.002549809451,0.0003660431159,6.198780667e-06,0.004109275965,0.001400632671,2.371910397e-05,0.005582164658,0.002590092186,4.386208255e-05,0.9002868621,0.08248903177,0.001396915809,1.468690244,0.2108408347,0.003570497664,2.366942956,0.8067644186,0.01366220389,3.215326843,1.491893099,0.02526455955,0.005582164658,0.002590092186,4.386208255e-05,0.02414368575,0.009517478423,0.0001611743499,0.04412714577,0.01584122327,0.0002682642134,0.1166627299,0.03293278877,0.0005577024275,0.988841694,0.009632654525,0.000163124807,0.9331641955,0.05181376188,0.00087744348,0.5194786143,0.05585305162,0.0009458470916,0.3826564143,0.06916414852,0.001171264717
llava_1_5_7b,hpre_cos,hall,24,3487,2008512,576,576,576,0.001736111111,0.0007581787844,1.409789547e-07,0.001542777956,0.0001335648769,2.26186299e-06,0.002514605726,0.0003464157171,5.86639922e-06,0.004352240278,0.001596847714,2.704192022e-05,0.006153780273,0.002982190492,5.050209652e-05,0.8886401024,0.07693336909,0.001302833082,1.448412898,0.199535453,0.003379045951,2.5068904,0.9197842831,0.01557614604,3.544577437,1.717741724,0.0290892076,0.006153780273,0.002982190492,5.050209652e-05,0.02621970173,0.01108572247,0.0001877318796,0.04725337319,0.01815222619,0.0003074000408,0.1210055704,0.0353131106,0.0005980121407,0.9886295481,0.009545512015,0.0001616490866,0.9318923858,0.05191591098,0.0008791733305,0.4986747495,0.05699620203,0.0009652058458,0.3629303684,0.06820803135,0.00115507329
llava_1_5_7b,hpre_cos,hall,25,3487,2008512,576,576,576,0.001736111111,0.00058372174,1.512817107e-07,0.001610027114,0.0001045495858,1.770501678e-06,0.002444122394,0.000263729072,4.466136916e-06,0.00356201728,0.0008401672807,1.42278668e-05,0.004572217988,0.001477487271,2.502060313e-05,0.9273756175,0.06022056141,0.001019808967,1.407814499,0.1519079454,0.002572494863,2.051721953,0.4839363537,0.008195251278,2.633597561,0.8510326681,0.0144118674,0.004572217988,0.001477487271,2.502060313e-05,0.02027779222,0.005635905063,9.544159644e-05,0.03768250114,0.009380797709,0.0001588597216,0.1033418963,0.01987066,0.0003365009687,0.9921945322,0.005212582662,8.827281604e-05,0.952102988,0.03001889335,0.0005083568784,0.5244135738,0.05720951186,0.0009688181547,0.4056465682,0.06192747756,0.001048714848
llava_1_5_7b,hpre_cos,hall,26,3487,2008512,576,576,576,0.001736111111,0.001084408267,1.487787813e-07,0.001473344361,0.0002046912676,3.466357424e-06,0.002939816042,0.0005709652738,9.669048118e-06,0.005079140733,0.002231644345,3.779192455e-05,0.007230312613,0.004422044349,7.488539417e-05,0.8486463517,0.1179021701,0.001996621876,1.69333404,0.3288759977,0.005569371716,2.925585062,1.285427142,0.02176814854,4.164660065,2.547097545,0.04313398704,0.007230312613,0.004422044349,7.488539417e-05,0.03069322159,0.01624165404,0.000275045334,0.05523556364,0.02631632942,0.0004456555715,0.1415008704,0.05272566445,0.0008928861527,0.975786477,0.02146918116,0.0003635712279,0.8648124864,0.1067396848,0.001807590051,0.5990870077,0.07604899231,0.001287856547,0.3955326132,0.05624011565,0.0009524018523
llava_1_5_7b,hpre_cos,hall,27,3487,2008512,576,576,576,0.001736111111,0.0004220460754,1.526786946e-07,0.001717848394,5.66565717e-05,9.594543541e-07,0.002242470821,0.0001399618139,2.370192332e-06,0.002813322092,0.000336107702,5.691837476e-06,0.003336760224,0.0005856408968,9.917573399e-06,0.9894806747,0.0326341853,0.000552645708,1.291663193,0.08061800483,0.001365230783,1.620473525,0.1935980363,0.003278498386,1.921973889,0.3373291566,0.005712522278,0.003336760224,0.0005856408968,9.917573399e-06,0.01535155367,0.002191917449,3.711916689e-05,0.02920867295,0.00370812561,6.279549141e-05,0.08449810255,0.00804662753,0.000136266131,0.9953983773,0.002128465775,3.604464044e-05,0.9712631462,0.01294472721,0.0002192133148,0.5756574708,0.05481712746,0.0009283041674,0.4810725552,0.05365332729,0.0009085957186
llava_1_5_7b,hpre_cos,hall,28,3487,2008512,576,576,576,0.001736111111,0.0004126544409,1.500593498e-07,0.001697240525,5.864814309e-05,9.931807477e-07,0.00225135737,0.0001544030386,2.614748179e-06,0.0027946655,0.0003030505222,5.132028541e-06,0.003243711056,0.0004873678023,8.253361365e-06,0.9776105427,0.03378133042,0.0005720721107,1.296781845,0.08893615024,0.001506094951,1.609727328,0.1745571008,0.00295604844,1.868377568,0.2807238541,0.004753936146,0.003243711056,0.0004873678023,8.253361365e-06,0.01508531855,0.001903813002,3.224024361e-05,0.02887213751,0.003281968987,5.55787147e-05,0.08437081866,0.007706462241,0.00013050558,0.9955989275,0.002987170152,5.058642489e-05,0.9725858327,0.01794316452,0.0003038596725,0.5502648293,0.06401206275,0.00108401639,0.4592658645,0.05426046853,0.000918877391
llava_1_5_7b,hpre_cos,hall,29,3487,2008512,576,576,576,0.001736111111,0.0005775592031,1.452863216e-07,0.001707845306,8.714967877e-05,1.475841835e-06,0.002430192912,0.0002875935062,4.870270711e-06,0.002959272419,0.0004081252302,6.911422936e-06,0.003388572557,0.0005498636371,9.311701096e-06,0.9837188961,0.05019821497,0.0008500848971,1.399791117,0.1656538596,0.002805275929,1.704540913,0.2350801326,0.003980979611,1.951817793,0.316721455,0.005363539831,0.003388572557,0.0005498636371,9.311701096e-06,0.0158633787,0.002350794907,3.980968741e-05,0.03047396428,0.004298220167,7.278848561e-05,0.08964522201,0.01147323587,0.00019429425,0.9910017855,0.006462977291,0.0001094477042,0.9451921995,0.03768705739,0.0006382138951,0.617941585,0.0529885698,0.0008973383401,0.4870351783,0.04468981386,0.0007568025245
llava_1_5_7b,hpre_cos,hall,30,3487,2008512,576,576,576,0.001736111111,0.0005078943053,1.575681381e-07,0.001656918782,7.442484426e-05,1.260352307e-06,0.002363211163,0.0002064292862,3.495790011e-06,0.003213231957,0.0005902476394,9.995586578e-06,0.003910131246,0.0009350717181,1.58350321e-05,0.9543852184,0.04286871029,0.0007259629291,1.36120963,0.1189032688,0.002013575047,1.850821607,0.3399826403,0.005757457869,2.252235598,0.5386013096,0.009120978487,0.003910131246,0.0009350717181,1.58350321e-05,0.01793818498,0.00383058544,6.486929527e-05,0.03369272996,0.006514420278,0.0001103188688,0.0947752528,0.01451354172,0.0002457805049,0.9937139958,0.00399736863,6.769369592e-05,0.9611378621,0.02380029999,0.0004030477095,0.5429541105,0.05958572615,0.001009058308,0.4349259551,0.05491280039,0.0009299243468
llava_1_5_7b,hpre_cos,hall,31,3487,2008512,576,576,576,0.001736111111,0.001148815382,1.594889909e-07,0.001454666183,0.0001100044336,1.862877149e-06,0.003046442013,0.0002651595246,4.490361007e-06,0.005985800899,0.001200950968,2.033758133e-05,0.008921476875,0.002423480716,4.104058992e-05,0.8378877216,0.06336255375,0.001073017238,1.754750599,0.1527318862,0.00258644794,3.447821318,0.6917477573,0.01171444685,5.13877068,1.395924893,0.02363937979,0.008921476875,0.002423480716,4.104058992e-05,0.03769520077,0.008542571998,0.0001446647344,0.0663533622,0.01334003372,0.0002259076583,0.1611737174,0.02432572982,0.0004119456347,0.9726541915,0.008155227174,0.0001381052186,0.8415695139,0.0428517521,0.0007256757495,0.6107530802,0.03727005573,0.0006311521536,0.3813718813,0.03763430173,0.000637320501
llava_1_5_7b,hpre_cos,hall,32,3487,2008512,576,576,576,0.001736111111,0.0008722417373,1.39552867e-07,0.001568531899,0.0001843460617,3.121820227e-06,0.002788984494,0.0006163764073,1.043806588e-05,0.003761907519,0.001323712781,2.241649915e-05,0.005229501667,0.003417851961,5.787983365e-05,0.9034743738,0.1061833315,0.001798168451,1.606455068,0.3550328106,0.006012325945,2.166858731,0.7624585618,0.01291190351,3.01219296,1.968682729,0.03333878418,0.005229501667,0.003417851961,5.787983365e-05,0.02251353221,0.01165038392,0.0001972941751,0.04087971933,0.01736770999,0.0002941146008,0.1113852576,0.03295054181,0.0005580030676,0.9820134328,0.01705159127,0.0002887612681,0.8968751284,0.08818675885,0.001493404334,0.6105746219,0.06967391431,0.001179897379,0.4324320691,0.05513087038,0.000933617267
llava_1_5_7b,hpre_cos,real,1,11976,6898176,576,576,576,0.001736111111,0.0006175818725,1.680455171e-07,0.001621876796,0.0001091275232,9.971911251e-07,0.00237312186,0.0001307414079,1.194695599e-06,0.003987993598,0.001301710771,1.189484e-05,0.004648192935,0.001559514788,1.425061488e-05,0.9342010344,0.06285745335,0.000574382088,1.366918191,0.07530705097,0.000688144665,2.297084312,0.7497854039,0.00685142784,2.677359131,0.898280518,0.008208354174,0.004648192935,0.001559514788,1.425061488e-05,0.02179015507,0.007304480066,6.674725571e-05,0.04124893515,0.0134656835,0.0001230474191,0.1067796073,0.0234530143,0.000214310167,0.9914530381,0.003778429632,3.45267297e-05,0.9473959098,0.02261701069,0.00020667089,0.5455738256,0.06596718047,0.0006027983133,0.4252914104,0.07761103396,0.0007091981199
llava_1_5_7b,hpre_cos,real,2,11976,6898176,576,576,576,0.001736111111,0.0004646872092,1.638254616e-07,0.001717429572,8.354897689e-05,7.63458162e-07,0.00230260096,0.0001601460913,1.463391236e-06,0.002858944131,0.0004796822522,4.383265292e-06,0.003287518935,0.0007856294854,7.178965742e-06,0.9892394334,0.04812421069,0.0004397519013,1.326298153,0.09224414861,0.0008429133518,1.64675182,0.2762969773,0.002524760808,1.893610907,0.4525225836,0.004135084267,0.003287518935,0.0007856294854,7.178965742e-06,0.01537310333,0.003146342832,2.875081425e-05,0.02947548914,0.005332763386,4.873000106e-05,0.08617468529,0.01127799363,0.0001030566335,0.9943885753,0.002337636062,2.13609717e-05,0.9650675063,0.01418914693,0.0001296583206,0.58789691,0.06164470389,0.0005633001633,0.4840686871,0.06558805702,0.0005993339395
llava_1_5_7b,hpre_cos,real,3,11976,6898176,576,576,576,0.001736111111,0.0003898826561,1.566950232e-07,0.001717913864,7.26072906e-05,6.634746551e-07,0.002191938071,0.0001434432644,1.31076328e-06,0.002783883748,0.0003945900227,3.605705116e-06,0.003259213489,0.0006130611814,5.602062169e-06,0.9895183857,0.04182179938,0.0003821614013,1.262556329,0.08262332032,0.0007549996494,1.603517039,0.2272838531,0.002076886147,1.87730697,0.3531232405,0.003226787809,0.003259213489,0.0006130611814,5.602062169e-06,0.0152552716,0.002592419342,2.368914353e-05,0.02887432374,0.004161827209,3.80301599e-05,0.08229502157,0.007621422715,6.964343065e-05,0.9961173738,0.001582072514,1.445674404e-05,0.9756727701,0.00975604686,8.914930955e-05,0.5667228558,0.06739687973,0.0006158626932,0.480044,0.06980147301,0.00063783551
llava_1_5_7b,hpre_cos,real,4,11976,6898176,576,576,576,0.001736111111,0.0003941288403,1.585576683e-07,0.001684134481,6.757197576e-05,6.174626947e-07,0.002227950716,0.0001579309069,1.443149209e-06,0.002778118311,0.0004753615824,4.343783652e-06,0.003213408325,0.0007839994959,7.16407114e-06,0.9700614613,0.03892145804,0.0003556585122,1.283299612,0.09096820237,0.0008312539442,1.600196147,0.2738082715,0.002502019383,1.850923195,0.4515837096,0.004126504976,0.003213408325,0.0007839994959,7.16407114e-06,0.0150207052,0.003145104661,2.873950002e-05,0.02871090046,0.005294218504,4.837778365e-05,0.08353743832,0.011024513,0.0001007403651,0.9961293969,0.002041423428,1.865422457e-05,0.9757795496,0.01248448753,0.0001140813958,0.5326313486,0.06362188249,0.0005813673282,0.4466885159,0.06762305076,0.0006179294105
llava_1_5_7b,hpre_cos,real,5,11976,6898176,576,576,576,0.001736111111,0.0004829475494,1.623411663e-07,0.001660503293,8.414408101e-05,7.688961352e-07,0.002270743848,0.0001842678755,1.683812523e-06,0.003333476674,0.0007532801783,6.883362571e-06,0.004315811765,0.001246701463,1.139217311e-05,0.9564498969,0.04846699066,0.0004428841739,1.307948456,0.1061382963,0.0009698760132,1.920082564,0.4338893827,0.003964816841,2.485907576,0.7181000428,0.006561891709,0.004315811765,0.001246701463,1.139217311e-05,0.01936507392,0.004984930211,4.555155309e-05,0.03550243689,0.008213746193,7.505599476e-05,0.09473526392,0.01592727895,0.0001455411133,0.994608289,0.003523589757,3.219804071e-05,0.9665459221,0.02077320479,0.000189822465,0.5227206703,0.06712317421,0.0006133616127,0.4265276792,0.06992561249,0.0006389698782
llava_1_5_7b,hpre_cos,real,6,11976,6898176,576,576,576,0.001736111111,0.000420824364,1.514563337e-07,0.001669691928,7.060120623e-05,6.451433535e-07,0.002252828214,0.0001623332683,1.483377335e-06,0.003006640142,0.0005367169569,4.904439966e-06,0.003486448959,0.0007748297178,7.080279067e-06,0.9617425507,0.04066629479,0.0003716025716,1.297629051,0.09350396257,0.0008544253449,1.731824722,0.3091489672,0.002824957421,2.008194601,0.4463019174,0.004078240743,0.003486448959,0.0007748297178,7.080279067e-06,0.01628773502,0.003295587294,3.011458801e-05,0.03106239141,0.00577175458,5.27414375e-05,0.08860646684,0.01240354259,0.000113341733,0.9957005186,0.002392660591,2.186377769e-05,0.9731531237,0.01451742121,0.0001326580424,0.5220587625,0.06223671105,0.000568709837,0.4329732961,0.06471629152,0.0005913678756
llava_1_5_7b,hpre_cos,real,7,11976,6898176,576,576,576,0.001736111111,0.000405821483,1.613516361e-07,0.001702483993,6.915732128e-05,6.31949347e-07,0.002224964755,0.0001478529551,1.35105838e-06,0.00285781783,0.0003761327502,3.437045297e-06,0.003364060593,0.0005963555571,5.449408651e-06,0.98063078,0.03983461706,0.0003640028239,1.281579699,0.08516330214,0.0007782096267,1.64610307,0.2166524641,0.001979738091,1.937698901,0.3435008009,0.003138859383,0.003364060593,0.0005963555571,5.449408651e-06,0.01560218635,0.002387551397,2.181709063e-05,0.02965394591,0.004084870881,3.732694439e-05,0.0851362047,0.008815118058,8.055124168e-05,0.9958460958,0.001883738361,1.721332182e-05,0.9740120739,0.01151987024,0.0001052668661,0.5541192538,0.06224920503,0.0005688240051,0.4649253658,0.06436750022,0.0005881806724
llava_1_5_7b,hpre_cos,real,8,11976,6898176,576,576,576,0.001736111111,0.0004421379468,1.590233296e-07,0.001687209625,7.028956239e-05,6.422955983e-07,0.002271545229,0.0001420940479,1.29843434e-06,0.002991167153,0.000483962377,4.422376438e-06,0.003552803426,0.0008118607775,7.4186634e-06,0.9718327441,0.04048678793,0.0003699622646,1.308410052,0.0818461716,0.0007478981796,1.72291228,0.2787623292,0.002547288828,2.046414774,0.4676318079,0.004273150118,0.003552803426,0.0008118607775,7.4186634e-06,0.01639152038,0.00322082369,2.943140929e-05,0.03108198245,0.005392646186,4.927720121e-05,0.08859775821,0.01101452978,0.0001006491398,0.9951412731,0.002345716292,2.143480765e-05,0.9696959781,0.01422229875,0.0001299612571,0.549082562,0.06516294186,0.0005954493002,0.4526583549,0.06506151375,0.0005945224652
llava_1_5_7b,hpre_cos,real,9,11976,6898176,576,576,576,0.001736111111,0.0004778199665,1.595471986e-07,0.001671019337,8.64875169e-05,7.903101048e-07,0.002357854271,0.0002197985992,2.008487007e-06,0.002880354396,0.0004109400476,3.75510922e-06,0.003344529246,0.0006982985034,6.380948178e-06,0.9625071379,0.04981680973,0.0004552186204,1.35812406,0.1266039932,0.001156888516,1.659084132,0.2367014674,0.002162942911,1.926448846,0.4022199379,0.003675426151,0.003344529246,0.0006982985034,6.380948178e-06,0.01555226896,0.00272967112,2.494332993e-05,0.02976175821,0.004588923658,4.193290393e-05,0.08710610749,0.009784383073,8.940824166e-05,0.994215677,0.002788631705,2.548210301e-05,0.964052196,0.01690486247,0.0001544741266,0.5614877405,0.05040224896,0.0004605682772,0.4528352133,0.05945205186,0.0005432640341
llava_1_5_7b,hpre_cos,real,10,11976,6898176,576,576,576,0.001736111111,0.0004191072997,1.554144546e-07,0.001698884445,6.001711371e-05,5.484274856e-07,0.002271891383,0.0001474454992,1.347335108e-06,0.002811321483,0.0003062045008,2.798051323e-06,0.003277526778,0.0005085910964,4.647430023e-06,0.9785574405,0.0345698575,0.0003158942317,1.308609436,0.08492860756,0.0007760650224,1.619321174,0.1763737925,0.001611677562,1.887855424,0.2929484715,0.002676919693,0.003277526778,0.0005085910964,4.647430023e-06,0.01523827473,0.001959387395,1.790459147e-05,0.02910482118,0.003348333068,3.059657107e-05,0.08493003914,0.007714497068,7.049393028e-05,0.9955113693,0.001848035137,1.688707105e-05,0.9719395406,0.01130889136,0.0001033389723,0.5602817454,0.05018482494,0.0004585814888,0.4659175121,0.05236627427,0.0004785152493
llava_1_5_7b,hpre_cos,real,11,11976,6898176,576,576,576,0.001736111111,0.0004707364794,1.416774467e-07,0.001665881057,8.686659091e-05,7.937740269e-07,0.002382177572,0.0002397035546,2.190375538e-06,0.002767810446,0.0003092091934,2.825507759e-06,0.003105240714,0.0004722409845,4.315268091e-06,0.9595474891,0.05003515636,0.0004572138395,1.372134281,0.1380692474,0.00126165631,1.594258817,0.1781044954,0.001627492469,1.788618651,0.272010807,0.00248559442,0.003105240714,0.0004722409845,4.315268091e-06,0.01466869919,0.001859068931,1.698789623e-05,0.02836775156,0.003281305574,2.998408378e-05,0.08494540578,0.008539457575,7.803229706e-05,0.9943333836,0.002809056292,2.566873986e-05,0.9647758404,0.01702537351,0.0001555753385,0.5580728913,0.04911267151,0.0004487843097,0.449533036,0.06077391231,0.000555342999
llava_1_5_7b,hpre_cos,real,12,11976,6898176,576,576,576,0.001736111111,0.0004682720457,1.641456038e-07,0.001671148788,7.610725827e-05,6.954568407e-07,0.00232971255,0.0002059784954,1.882200948e-06,0.002972273486,0.0005490440509,5.017083123e-06,0.003579022373,0.001073911714,9.813246001e-06,0.9625817019,0.04383778077,0.0004005831402,1.341914429,0.1186436133,0.001084147746,1.712029528,0.3162493733,0.002889839879,2.061516887,0.6185731473,0.005652429696,0.003579022373,0.001073911714,9.813246001e-06,0.01637754814,0.003890570288,3.555145439e-05,0.031007899,0.006397445309,5.84589066e-05,0.08919427549,0.01360858599,0.0001243532409,0.9945840262,0.003701668629,3.382529903e-05,0.9664219335,0.02189535322,0.000200076491,0.5500197703,0.05115512466,0.0004674479437,0.4485424843,0.0536581928,0.0004903206092
llava_1_5_7b,hpre_cos,real,13,11976,6898176,576,576,576,0.001736111111,0.0004429712693,1.642620191e-07,0.001690406646,6.905661861e-05,6.310291409e-07,0.002317166312,0.0001968055699,1.798380115e-06,0.002786713231,0.0002852990668,2.607020567e-06,0.003200008343,0.0004641463838,4.24130083e-06,0.9736742284,0.03977661232,0.0003634727852,1.334687796,0.1133600083,0.001035866946,1.605146821,0.1643322625,0.001501643847,1.843204805,0.2673483171,0.002442989278,0.003200008343,0.0004641463838,4.24130083e-06,0.01497665757,0.001774173466,1.621213405e-05,0.02874728028,0.003072014055,2.80716089e-05,0.08492520552,0.007851960231,7.175004828e-05,0.9949545417,0.002505348589,2.289350391e-05,0.9685609715,0.01521652892,0.000139046385,0.5653103702,0.04615588511,0.000421765634,0.4645716491,0.05099853184,0.0004660170217
llava_1_5_7b,hpre_cos,real,14,11976,6898176,576,576,576,0.001736111111,0.0004529728454,1.481967047e-07,0.001666483468,7.133082672e-05,6.518105174e-07,0.002312098568,0.0001969659477,1.799845624e-06,0.002996193398,0.0004614293644,4.21647311e-06,0.003649524307,0.0008907487484,8.13952998e-06,0.9598944773,0.04108655619,0.000375442858,1.331768775,0.1134523859,0.001036711079,1.725807397,0.2657833139,0.002428688511,2.102126001,0.5130712791,0.004688369268,0.003649524307,0.0008907487484,8.13952998e-06,0.01656765652,0.003186339154,2.911629471e-05,0.03129635988,0.005279156711,4.824015122e-05,0.08940257594,0.0114334466,0.0001044771397,0.994942738,0.002882154678,2.633670207e-05,0.9685270111,0.0174003265,0.0001590016034,0.5386058716,0.05202640645,0.0004754095875,0.4403340825,0.0543317642,0.0004964756048
llava_1_5_7b,hpre_cos,real,15,11976,6898176,576,576,576,0.001736111111,0.0005050049192,1.560547389e-07,0.001652973395,9.680246768e-05,8.845665955e-07,0.002431990319,0.0003188654038,2.913744777e-06,0.002894480404,0.0005637531925,5.151493078e-06,0.00329787225,0.0009779375337,8.936248171e-06,0.9521126753,0.05575822138,0.000509510359,1.400826424,0.1836664726,0.001678316992,1.667220713,0.3247218389,0.002967260013,1.899574416,0.5632920194,0.005147278946,0.00329787225,0.0009779375337,8.936248171e-06,0.01546775772,0.003770852226,3.445748849e-05,0.02978039356,0.006324924196,5.779621943e-05,0.08843627841,0.01404153318,0.000128309448,0.9936759728,0.004140433263,3.783466521e-05,0.9609287082,0.02473587481,0.0002260327561,0.5525306856,0.04815120211,0.0004399985449,0.441295786,0.06409510245,0.0005856915419
llava_1_5_7b,hpre_cos,real,16,11976,6898176,576,576,576,0.001736111111,0.0004554262203,1.571024768e-07,0.00167848986,7.235288739e-05,6.611499563e-07,0.00229553338,0.0001726380801,1.577541177e-06,0.002971134011,0.000636618026,5.817321122e-06,0.003613214109,0.001185888155,1.083647012e-05,0.9668101596,0.04167526314,0.0003808223748,1.322227227,0.09943953415,0.0009086637179,1.71137319,0.366691983,0.003350776966,2.081211327,0.6830715774,0.006241806787,0.003613214109,0.001185888155,1.083647012e-05,0.01641614091,0.004434862058,4.052511187e-05,0.03102151223,0.00733818211,6.705522e-05,0.08868093744,0.01480364894,0.0001352735489,0.9949285292,0.003736717842,3.414557355e-05,0.9685428372,0.02183653709,0.000199539038,0.548983553,0.05052134916,0.0004616565972,0.4516746166,0.05233548387,0.0004782338911
llava_1_5_7b,hpre_cos,real,17,11976,6898176,576,576,576,0.001736111111,0.0004405118232,1.498847269e-07,0.001691551501,7.09007303e-05,6.478803601e-07,0.002283471521,0.0001791263349,1.636829887e-06,0.002837213024,0.0004905531595,4.48260203e-06,0.003348946935,0.0008651054229,7.905205074e-06,0.9743336648,0.04083882066,0.0003731790874,1.315279596,0.1031767689,0.0009428140149,1.634234702,0.2825586199,0.00258197877,1.928993435,0.4983007236,0.004553398123,0.003348946935,0.0008651054229,7.905205074e-06,0.01542919723,0.00332397648,3.037400418e-05,0.02941397667,0.005557243743,5.078126928e-05,0.08551736033,0.01144120883,0.0001045480698,0.9951024474,0.00284425154,2.599034882e-05,0.9695063714,0.01716985659,0.0001568956035,0.5603541772,0.05196390546,0.0004748384627,0.4628230709,0.05465086927,0.0004993915396
llava_1_5_7b,hpre_cos,real,18,11976,6898176,576,576,576,0.001736111111,0.0004344010179,1.456937753e-07,0.001690520296,6.305382286e-05,5.761764835e-07,0.002281438886,0.0001529136287,1.397302064e-06,0.002890881185,0.000467806815,4.274749307e-06,0.003405450925,0.0007502162911,6.855365224e-06,0.9737396903,0.03631900197,0.0003318776545,1.314108799,0.08807825011,0.000804845989,1.665147563,0.2694567254,0.002462255601,1.961539733,0.4321245837,0.003948690369,0.003405450925,0.0007502162911,6.855365224e-06,0.01572669812,0.003008925762,2.749511744e-05,0.02997000898,0.005145754726,4.702114366e-05,0.08677347249,0.01084897317,9.913630813e-05,0.9952544917,0.002249929638,2.055952341e-05,0.9703855957,0.01366705197,0.0001248874943,0.5533697764,0.05274692071,0.00048199354,0.4577396981,0.05561744204,0.0005082239382
llava_1_5_7b,hpre_cos,real,19,11976,6898176,576,576,576,0.001736111111,0.0004813828667,1.582084224e-07,0.001677960378,7.550111067e-05,6.899179538e-07,0.002304617944,0.0001775218387,1.622168238e-06,0.003115164,0.0007253272066,6.62793246e-06,0.003835329821,0.001226546208,1.120799737e-05,0.9665051776,0.04348863975,0.0003973927414,1.327459936,0.1022525791,0.0009343689052,1.794334464,0.417788471,0.003817689097,2.209149977,0.7064906157,0.006455806486,0.003835329821,0.001226546208,1.120799737e-05,0.01734328397,0.004789661418,4.376721581e-05,0.03262236386,0.008094366416,7.396512006e-05,0.09180474993,0.0164225514,0.0001500668395,0.9944222332,0.003378658457,3.087367998e-05,0.9653860977,0.02009387872,0.0001836148841,0.5491927592,0.05652954932,0.0005165586393,0.4479614611,0.06312054816,0.0005767862094
llava_1_5_7b,hpre_cos,real,20,11976,6898176,576,576,576,0.001736111111,0.0005883627185,1.568696462e-07,0.001618643639,9.04523245e-05,8.265399287e-07,0.002474109846,0.0002311709054,2.112405455e-06,0.00352568418,0.000708963159,6.47840022e-06,0.004467990983,0.001185007604,1.082842377e-05,0.932338736,0.05210053891,0.000476086999,1.425087272,0.1331544415,0.001216745542,2.030794088,0.4083627796,0.003731558526,2.573562806,0.6825643798,0.00623717209,0.004467990983,0.001185007604,1.082842377e-05,0.01992730781,0.004570300694,4.176273005e-05,0.03717820384,0.007819955773,7.145759629e-05,0.1028824068,0.01704731393,0.0001557758268,0.9917900245,0.004365108703,3.988771606e-05,0.9495148824,0.02579729984,0.0002357319006,0.5408787669,0.04732563997,0.0004324546805,0.4171298326,0.05434892685,0.0004966324345
llava_1_5_7b,hpre_cos,real,21,11976,6898176,576,576,576,0.001736111111,0.0007265802287,1.579755917e-07,0.00157309335,0.0001224123408,1.118585818e-06,0.002550381785,0.0002949347711,2.695070205e-06,0.004118392205,0.001317721264,1.204114151e-05,0.0056570236,0.002528630394,2.310624959e-05,0.9061017696,0.07050950828,0.0006443054313,1.469019908,0.1698824282,0.001552360438,2.37219391,0.7590074481,0.006935697512,3.258445594,1.456491107,0.01330919976,0.0056570236,0.002528630394,2.310624959e-05,0.02438342981,0.009364492445,8.557134336e-05,0.04437879046,0.01525250818,0.000139375158,0.116571994,0.0300494608,0.0002745875169,0.9887708568,0.008097085213,7.398996402e-05,0.9323006266,0.04534300646,0.0004143376694,0.5340363257,0.05357123197,0.000489525974,0.3940530076,0.06132379526,0.0005603677478
llava_1_5_7b,hpre_cos,real,22,11976,6898176,576,576,576,0.001736111111,0.0008883819267,1.58790499e-07,0.001529479003,0.0001889261674,1.726379303e-06,0.00258951421,0.0004393652865,4.014854837e-06,0.004594991586,0.002363441673,2.159677955e-05,0.00647935376,0.004157223408,3.798809106e-05,0.8809799055,0.1088214724,0.0009943944786,1.491560185,0.253074405,0.002312556386,2.646715154,1.361342403,0.01243974502,3.732107766,2.394560683,0.02188114045,0.00647935376,0.004157223408,3.798809106e-05,0.02770177807,0.01630119422,0.0001489578956,0.04988871932,0.02695164955,0.0002462801771,0.1271714413,0.05268599793,0.0004814368366,0.9855290964,0.01751668198,0.0001600648425,0.917107091,0.08509149374,0.0007775534521,0.520969208,0.06094644358,0.0005569195641,0.372167947,0.07524220145,0.0006875520797
llava_1_5_7b,hpre_cos,real,23,11976,6898176,576,576,576,0.001736111111,0.0008940164101,1.539010555e-07,0.001508731168,0.0001868654478,1.707548753e-06,0.00268852754,0.0004626786111,4.22788854e-06,0.004736684571,0.001827378732,1.669831589e-05,0.006540278398,0.003260175001,2.979099573e-05,0.8690291526,0.1076344979,0.0009835480815,1.548591863,0.26650288,0.002435263799,2.728330313,1.05257015,0.00961822995,3.767200357,1.877860801,0.01715961354,0.006540278398,0.003260175001,2.979099573e-05,0.028147542,0.01243667685,0.0001136445089,0.0511100434,0.02071689819,0.0001893079437,0.1322943716,0.04320184336,0.0003947720385,0.984250725,0.01407423522,0.0001286082745,0.9081091879,0.07292662723,0.0006663927059,0.5242699558,0.06427413151,0.000587327483,0.3636352566,0.07560866358,0.0006909007563
llava_1_5_7b,hpre_cos,real,24,11976,6898176,576,576,576,0.001736111111,0.0008564216559,1.653679647e-07,0.00151974914,0.0001691526302,1.545691652e-06,0.002573193801,0.000423753002,3.872192097e-06,0.004676793752,0.001968522811,1.798806955e-05,0.006565474018,0.003474131919,3.174610232e-05,0.8753755048,0.09743191499,0.0008903183917,1.48215963,0.2440817292,0.002230382648,2.693833201,1.133869139,0.01036112806,3.781713034,2.001099985,0.01828575494,0.006565474018,0.003474131919,3.174610232e-05,0.02813100068,0.01339988301,0.0001224461439,0.05073033718,0.02228660046,0.0002036516503,0.1289695429,0.04476966868,0.0004090985938,0.9861196235,0.01351000751,0.0001234524453,0.9186484737,0.06952366293,0.0006352969227,0.5049343287,0.06551352931,0.0005986529163,0.3573467827,0.07794981352,0.0007122938373
llava_1_5_7b,hpre_cos,real,25,11976,6898176,576,576,576,0.001736111111,0.0006059384056,1.58092007e-07,0.001616051896,0.0001111448836,1.015625465e-06,0.002440309126,0.0002706301023,2.472977745e-06,0.003642887799,0.001032367341,9.433619679e-06,0.004592412801,0.001657813271,1.514885184e-05,0.9308458918,0.06401945294,0.000585000268,1.405618057,0.1558829389,0.001424435181,2.098303372,0.5946435884,0.005433764935,2.645229773,0.9549004441,0.008725738662,0.004592412801,0.001657813271,1.514885184e-05,0.02058036862,0.006629217194,6.057680371e-05,0.03839009134,0.01138037944,0.0001039922198,0.1052149099,0.02430994886,0.0002221407079,0.9917644024,0.006220614196,5.684305011e-05,0.9497014743,0.03464874718,0.0003166151139,0.525206361,0.06502876726,0.0005942232326,0.4055886658,0.07212409715,0.0006590593049
llava_1_5_7b,hpre_cos,real,26,11976,6898176,576,576,576,0.001736111111,0.0008012844452,1.697335392e-07,0.001575162635,0.0001652877198,1.510374674e-06,0.002632453651,0.0004814699525,4.399601032e-06,0.003985607505,0.001579568996,1.443386726e-05,0.005328886919,0.002992034933,2.734077155e-05,0.9072936778,0.09520572662,0.0008699758125,1.516293303,0.2773266926,0.002534170195,2.295709923,0.9098317418,0.008313907544,3.069438866,1.723412121,0.01574828441,0.005328886919,0.002992034933,2.734077155e-05,0.02331315145,0.01138262483,0.0001040127379,0.04270487467,0.01853256761,0.0001693478547,0.1143138528,0.03812837131,0.0003484114033,0.9857729132,0.01443146235,0.000131872563,0.9171269049,0.07614666712,0.0006958169529,0.5732540636,0.07690020577,0.0007027026774,0.4186656009,0.06689377543,0.0006112654007
llava_1_5_7b,hpre_cos,real,27,11976,6898176,576,576,576,0.001736111111,0.0004606474277,1.567532308e-07,0.001723704043,6.684251812e-05,6.10797019e-07,0.002286386858,0.0001630277828,1.489723705e-06,0.002873367138,0.0003699840339,3.38085924e-06,0.00339791642,0.0006275158427,5.73414672e-06,0.9928535289,0.03850129044,0.0003518190829,1.31695883,0.09390400288,0.0008580808539,1.655059471,0.2131108035,0.001947374922,1.957199858,0.3614491254,0.003302868511,0.00339791642,0.0006275158427,5.73414672e-06,0.01566303337,0.002398502141,2.191715691e-05,0.02981877786,0.004081943241,3.730019206e-05,0.08633209073,0.009080603906,8.2977212e-05,0.9944729732,0.002588036962,2.3649098e-05,0.9656091181,0.0156969357,0.0001434362709,0.5910574644,0.06004533041,0.0005486853256,0.4876144071,0.05882900373,0.0005375707127
llava_1_5_7b,hpre_cos,real,28,11976,6898176,576,576,576,0.001736111111,0.0004357761198,1.640291885e-07,0.001714556479,6.932213576e-05,6.334553973e-07,0.002261325425,0.0001648305114,1.506196771e-06,0.002828517527,0.0003330769825,3.043608076e-06,0.003314317071,0.0005616525899,5.132298083e-06,0.9875845319,0.0399295502,0.0003648703088,1.302523445,0.09494237455,0.0008675693403,1.629226095,0.1918523419,0.001753118252,1.909046633,0.3235118918,0.002956203696,0.003314317071,0.0005616525899,5.132298083e-06,0.01534219051,0.002148952659,1.963681075e-05,0.02928809538,0.003659779975,3.344252672e-05,0.08521887349,0.008413252364,7.687905256e-05,0.9950442652,0.003086198708,2.820122617e-05,0.9691754796,0.01860464287,0.0001700064678,0.5700818477,0.0735918395,0.0006724713169,0.4741823056,0.06497148281,0.0005936997758
llava_1_5_7b,hpre_cos,real,29,11976,6898176,576,576,576,0.001736111111,0.0006913819156,1.655425876e-07,0.001690947722,0.0001135527924,1.037628579e-06,0.002589458586,0.0003224504504,2.946504402e-06,0.003197617166,0.0004780067012,4.367954356e-06,0.00369096634,0.0006664561613,6.089977578e-06,0.973985888,0.0654064084,0.0005976740613,1.491528145,0.1857314595,0.001697186536,1.841827488,0.2753318599,0.002515941709,2.125996612,0.3838787489,0.003507827085,0.00369096634,0.0006664561613,6.089977578e-06,0.01721936499,0.002792673532,2.551903662e-05,0.03299670649,0.005065323594,4.62861759e-05,0.09654350639,0.0132692079,0.0001212520542,0.9870351209,0.007604976978,6.949315194e-05,0.9219558283,0.04345509657,0.0003970862288,0.6440563224,0.05205772537,0.0004756957751,0.4837702024,0.0501966891,0.0004586899017
llava_1_5_7b,hpre_cos,real,30,11976,6898176,576,576,576,0.001736111111,0.000467437393,1.494772732e-07,0.001704397475,7.536889052e-05,6.887097457e-07,0.002292785087,0.0001735387682,1.585771531e-06,0.002996111676,0.0004182731453,3.822117979e-06,0.003600684217,0.0006969949418,6.369036426e-06,0.9817329459,0.04341248094,0.0003966968135,1.32064421,0.0999583305,0.000913404402,1.725760325,0.2409253317,0.002201539956,2.073994109,0.4014690865,0.003668564981,0.003600684217,0.0006969949418,6.369036426e-06,0.01653520635,0.002715425756,2.481315791e-05,0.03125385492,0.004583822531,4.188629059e-05,0.08910265943,0.01012571189,9.252725379e-05,0.9943821351,0.003483412271,3.18309048e-05,0.9651552033,0.02089284327,0.0001909157037,0.5673158663,0.07455780744,0.0006812981888,0.4662454249,0.06579576665,0.0006012319593
llava_1_5_7b,hpre_cos,real,31,11976,6898176,576,576,576,0.001736111111,0.001144256445,1.529697329e-07,0.001456219095,0.0001161274211,1.061155154e-06,0.003018256665,0.000270022162,2.467422477e-06,0.005931780691,0.001356512468,1.239560978e-05,0.009121732201,0.002577108156,2.354923219e-05,0.838782199,0.06688939453,0.0006112253687,1.738515839,0.1555327653,0.001421235347,3.416705678,0.7813511815,0.007139871236,5.254117748,1.484414298,0.01356435774,0.009121732201,0.002577108156,2.354923219e-05,0.03828658485,0.009420596987,8.608401835e-05,0.06662456423,0.01479724323,0.0001352150145,0.1599332623,0.02629270176,0.0002402588099,0.9731960007,0.008603701432,7.86193479e-05,0.8445984925,0.04531480934,0.0004140800083,0.609694303,0.03836413368,0.0003505657648,0.3833437999,0.03877471425,0.0003543175892
llava_1_5_7b,hpre_cos,real,32,11976,6898176,576,576,576,0.001736111111,0.0009902504516,1.551234163e-07,0.001537597852,0.0002128385932,1.944887504e-06,0.002901729392,0.0006376600118,5.826842634e-06,0.004109152736,0.001636819252,1.495701161e-05,0.005992730989,0.004574152145,4.179792403e-05,0.8856563627,0.1225950297,0.001120255202,1.67139613,0.3672921668,0.003356261357,2.366871976,0.9428078893,0.00861523869,3.45181305,2.634711636,0.02407560424,0.005992730989,0.004574152145,4.179792403e-05,0.02528453206,0.01534645402,0.0001402336212,0.04527030326,0.02219251483,0.0002027919098,0.1202985126,0.03855673136,0.0003523256938,0.977625511,0.0198794199,0.0001816551912,0.8738968604,0.0994720405,0.000908960756,0.6283958905,0.0762101645,0.0006963971825,0.4278677436,0.05914453629,0.0005404540025
