model,scope,metric,label,layer,n_total,n_valid,n_undefined,mean,q25,median,q75
llava_1_5_7b,all,amp_mean,REAL,1,1503,1503,0,1.485081544495152,1.0579688245903427,1.3923132395860123,1.9832492342475527
llava_1_5_7b,all,amp_mean,REAL,2,1503,1503,0,0.8049836646208246,0.6749729943825062,0.768972809625851,0.8813308363934305
llava_1_5_7b,all,amp_mean,REAL,3,1503,1503,0,0.5539705036907583,0.5030283634695287,0.5459794015422957,0.5862449316782135
llava_1_5_7b,all,amp_mean,REAL,4,1503,1503,0,0.7403403293115265,0.6978128771211326,0.7339495061266739,0.7734577497282491
llava_1_5_7b,all,amp_mean,REAL,5,1503,1503,0,0.7428877604647008,0.7087005199621279,0.7442559107475479,0.7786146326274771
llava_1_5_7b,all,amp_mean,REAL,6,1503,1503,0,0.7308391394895088,0.6918064472144896,0.7373186006607699,0.7741349587903864
llava_1_5_7b,all,amp_mean,REAL,7,1503,1503,0,0.6987663632887042,0.662718484403112,0.7013445198498771,0.7343910032309826
llava_1_5_7b,all,amp_mean,REAL,8,1503,1503,0,0.7021358518824521,0.6714394129918075,0.6991753441125007,0.732181806503386
llava_1_5_7b,all,amp_mean,REAL,9,1503,1503,0,0.6181071608553094,0.5988998584589831,0.6185165570506083,0.6384301603084221
llava_1_5_7b,all,amp_mean,REAL,10,1503,1503,0,0.6153237445663885,0.589207813567808,0.6141636445759096,0.6408410138529457
llava_1_5_7b,all,amp_mean,REAL,11,1503,1503,0,0.6159296470753787,0.5979089718323103,0.6171503647196256,0.6359268238329764
llava_1_5_7b,all,amp_mean,REAL,12,1503,1503,0,0.5722040363518028,0.5533064083369035,0.5724713974890734,0.5916179650051427
llava_1_5_7b,all,amp_mean,REAL,13,1503,1503,0,0.5483683058577129,0.5245920803235495,0.5485680961333053,0.5747111361345796
llava_1_5_7b,all,amp_mean,REAL,14,1503,1503,0,0.5131089418774692,0.49499926031525066,0.5168118006483685,0.5345158210784484
llava_1_5_7b,all,amp_mean,REAL,15,1503,1503,0,0.4801949227341109,0.46298076852170866,0.47991838135671877,0.4974145972070393
llava_1_5_7b,all,amp_mean,REAL,16,1503,1503,0,0.4589060567216958,0.4403430911979291,0.45776039201375834,0.4769222604882581
llava_1_5_7b,all,amp_mean,REAL,17,1503,1503,0,0.4573158795392276,0.4373824772330026,0.4553302470794239,0.47467976196204714
llava_1_5_7b,all,amp_mean,REAL,18,1503,1503,0,0.402212669449895,0.3849249645996019,0.39967821721478114,0.4178523474266538
llava_1_5_7b,all,amp_mean,REAL,19,1503,1503,0,0.43391097328183753,0.41665832692418403,0.4316639018539441,0.4494182792582666
llava_1_5_7b,all,amp_mean,REAL,20,1503,1503,0,0.35276204741743633,0.3341768258748197,0.3492389645406019,0.3662335770377671
llava_1_5_7b,all,amp_mean,REAL,21,1503,1503,0,0.3679778536595394,0.34678924576567166,0.36517049315824923,0.3875721451025484
llava_1_5_7b,all,amp_mean,REAL,22,1503,1503,0,0.29771910396299844,0.2784324978017345,0.2940247381971912,0.3139219232203482
llava_1_5_7b,all,amp_mean,REAL,23,1503,1503,0,0.25976001842984625,0.244672765186589,0.2580961295760144,0.2742099100647829
llava_1_5_7b,all,amp_mean,REAL,24,1503,1503,0,0.25892893367432857,0.24207274800541556,0.2573208204186312,0.27487881174089235
llava_1_5_7b,all,amp_mean,REAL,25,1503,1503,0,0.23964650319520228,0.22504667509077836,0.23857858765936774,0.2528055638311608
llava_1_5_7b,all,amp_mean,REAL,26,1503,1503,0,0.26620763709410045,0.2487501619522876,0.2639743363975024,0.2807158286158239
llava_1_5_7b,all,amp_mean,REAL,27,1503,1503,0,0.23955596667689943,0.22679434369391688,0.2380733696867162,0.24955913743527885
llava_1_5_7b,all,amp_mean,REAL,28,1503,1503,0,0.24118972183564644,0.22745033030608608,0.2406891425615216,0.25347055043203476
llava_1_5_7b,all,amp_mean,REAL,29,1503,1503,0,0.24350056895719466,0.22641783945826927,0.2407286880533825,0.25786869509975097
llava_1_5_7b,all,amp_mean,REAL,30,1503,1503,0,0.23045781857196226,0.2175221238342549,0.22908591240231313,0.24119678566523742
llava_1_5_7b,all,amp_mean,REAL,31,1503,1503,0,0.36537939831427324,0.34553968777251653,0.36101072092780745,0.37992795984121475
llava_1_5_7b,all,amp_mean,REAL,32,1503,1503,0,1.5324512385900226,1.4201061577613918,1.5319125800343198,1.6423683941331557
llava_1_5_7b,all,amp_mean,HALL,1,450,450,0,1.3743062509880515,1.0402776490126056,1.4088861179076653,1.5922581925406305
llava_1_5_7b,all,amp_mean,HALL,2,450,450,0,0.8837196300218225,0.740569404870553,0.8309968758444332,1.0167182966501813
llava_1_5_7b,all,amp_mean,HALL,3,450,450,0,0.5599958526534954,0.5230698209801006,0.5562824899563491,0.5875213095090812
llava_1_5_7b,all,amp_mean,HALL,4,450,450,0,0.7302368516222882,0.6862779143088582,0.7284410072842304,0.7685414079049802
llava_1_5_7b,all,amp_mean,HALL,5,450,450,0,0.7217103743136891,0.6921421182089191,0.7216764625407248,0.7479582570869476
llava_1_5_7b,all,amp_mean,HALL,6,450,450,0,0.7077686260667035,0.6734577696247648,0.7099662285883569,0.7429449926506172
llava_1_5_7b,all,amp_mean,HALL,7,450,450,0,0.6688544465375463,0.6378248585558708,0.6632539215270192,0.6989173454820077
llava_1_5_7b,all,amp_mean,HALL,8,450,450,0,0.7140792339483457,0.6806505888229251,0.7160274563395939,0.7503121651105962
llava_1_5_7b,all,amp_mean,HALL,9,450,450,0,0.6193505117376038,0.6010105700978352,0.6183391125592355,0.6385138299930185
llava_1_5_7b,all,amp_mean,HALL,10,450,450,0,0.6194549849029702,0.598264302291088,0.6197189202557065,0.6408199002476911
llava_1_5_7b,all,amp_mean,HALL,11,450,450,0,0.6235976213577693,0.6059402737866567,0.6239588231264936,0.6421024817159836
llava_1_5_7b,all,amp_mean,HALL,12,450,450,0,0.5812610865676368,0.561102396211419,0.5806517792946214,0.6042736563067851
llava_1_5_7b,all,amp_mean,HALL,13,450,450,0,0.5715055554391912,0.5522324306968787,0.5741927187565445,0.5957628473072087
llava_1_5_7b,all,amp_mean,HALL,14,450,450,0,0.5174069228093273,0.49833188545684826,0.5195449115240367,0.5369287379075633
llava_1_5_7b,all,amp_mean,HALL,15,450,450,0,0.47725212379766796,0.460493818671435,0.4761684504811981,0.4929100481587686
llava_1_5_7b,all,amp_mean,HALL,16,450,450,0,0.4656912969991238,0.44872991113199945,0.4652254211577759,0.4814476761592551
llava_1_5_7b,all,amp_mean,HALL,17,450,450,0,0.44903815205603875,0.4323460507062515,0.44542456345322634,0.4620547359108518
llava_1_5_7b,all,amp_mean,HALL,18,450,450,0,0.4003223770394792,0.38409807292961323,0.39640497849871126,0.41258323224786525
llava_1_5_7b,all,amp_mean,HALL,19,450,450,0,0.42831664561119764,0.4121826794974893,0.4266385813937556,0.4420421119429281
llava_1_5_7b,all,amp_mean,HALL,20,450,450,0,0.34511419119835285,0.32918180972186,0.342101540185778,0.35740731892969296
llava_1_5_7b,all,amp_mean,HALL,21,450,450,0,0.3607889462991551,0.3455895062798207,0.3579110887212369,0.3735804248735917
llava_1_5_7b,all,amp_mean,HALL,22,450,450,0,0.293680142346516,0.2807861248301846,0.28986448444276236,0.30182828554247687
llava_1_5_7b,all,amp_mean,HALL,23,450,450,0,0.2588048706070143,0.24951684698743512,0.2569319849284887,0.267109858414322
llava_1_5_7b,all,amp_mean,HALL,24,450,450,0,0.25598337447603375,0.2425401245594095,0.25366842720591654,0.2657260778064709
llava_1_5_7b,all,amp_mean,HALL,25,450,450,0,0.2391438460638337,0.229090051532081,0.23788255598572622,0.24703740503355615
llava_1_5_7b,all,amp_mean,HALL,26,450,450,0,0.2631498418362241,0.2502131059974946,0.2608222622467731,0.2733074098664949
llava_1_5_7b,all,amp_mean,HALL,27,450,450,0,0.24073352015067137,0.23081180122260844,0.239245956974882,0.2496654690433564
llava_1_5_7b,all,amp_mean,HALL,28,450,450,0,0.24073317261777283,0.23089155593600696,0.23991009704881233,0.2494727960885394
llava_1_5_7b,all,amp_mean,HALL,29,450,450,0,0.24089490978670172,0.2270740334377006,0.23979096633578484,0.25320037434693365
llava_1_5_7b,all,amp_mean,HALL,30,450,450,0,0.23043907803965713,0.22133880292845193,0.22967337616205719,0.23741354251161284
llava_1_5_7b,all,amp_mean,HALL,31,450,450,0,0.36853632005218984,0.3522523082940491,0.3657793451214392,0.38008544611703227
llava_1_5_7b,all,amp_mean,HALL,32,450,450,0,1.4510099010074726,1.3471104178472262,1.437402230258917,1.5374032816079388
llava_1_5_7b,all,amp_median,REAL,1,1503,1503,0,1.4524671890208674,1.042794722297318,1.3870926238197585,1.9306874408716137
llava_1_5_7b,all,amp_median,REAL,2,1503,1503,0,0.7904843011666975,0.669111924328213,0.7602922627382496,0.8632036609026901
llava_1_5_7b,all,amp_median,REAL,3,1503,1503,0,0.5470710832019258,0.49507510246651965,0.5391243507667242,0.5812068898681563
llava_1_5_7b,all,amp_median,REAL,4,1503,1503,0,0.7403245791233877,0.6960150609205215,0.7347805676248464,0.7751233300119587
llava_1_5_7b,all,amp_median,REAL,5,1503,1503,0,0.7403404195322263,0.7029960938740818,0.7392877809038401,0.7755979469854315
llava_1_5_7b,all,amp_median,REAL,6,1503,1503,0,0.732511363892569,0.6911865166356502,0.734807151123963,0.7762560563863916
llava_1_5_7b,all,amp_median,REAL,7,1503,1503,0,0.6959834393888854,0.658060828394589,0.6987362068146671,0.7333399148168918
llava_1_5_7b,all,amp_median,REAL,8,1503,1503,0,0.6982964451782764,0.6650095270871375,0.6952719821999387,0.7300741868825946
llava_1_5_7b,all,amp_median,REAL,9,1503,1503,0,0.6162636037367262,0.5953728433563814,0.6170514505424121,0.6377892416342354
llava_1_5_7b,all,amp_median,REAL,10,1503,1503,0,0.6113121004744695,0.584715953183096,0.6099184849632977,0.6365308159855206
llava_1_5_7b,all,amp_median,REAL,11,1503,1503,0,0.614046157583558,0.5966063826790571,0.6159155900930156,0.6341756760504068
llava_1_5_7b,all,amp_median,REAL,12,1503,1503,0,0.5722283331806106,0.5529310769147935,0.5721909855849332,0.5916472135806202
llava_1_5_7b,all,amp_median,REAL,13,1503,1503,0,0.5442493786260937,0.519104498484373,0.5442383715243462,0.5711122682006531
llava_1_5_7b,all,amp_median,REAL,14,1503,1503,0,0.5126894211144695,0.49324027016710115,0.5162538281648935,0.5339663728442932
llava_1_5_7b,all,amp_median,REAL,15,1503,1503,0,0.47743234726417266,0.4609528563276798,0.477576991250215,0.49372099920682805
llava_1_5_7b,all,amp_median,REAL,16,1503,1503,0,0.45682084570510095,0.4377997066734499,0.4555908083462028,0.47516105384256424
llava_1_5_7b,all,amp_median,REAL,17,1503,1503,0,0.4545420955793632,0.434856900694648,0.4522255644108048,0.4720330310907316
llava_1_5_7b,all,amp_median,REAL,18,1503,1503,0,0.39627618693936745,0.38031179751050165,0.39382110789133173,0.41176756707596507
llava_1_5_7b,all,amp_median,REAL,19,1503,1503,0,0.42829148665494304,0.410859325774368,0.42562519116258796,0.44317211531511524
llava_1_5_7b,all,amp_median,REAL,20,1503,1503,0,0.3473429045957973,0.3275897549124726,0.34418579436505625,0.3621533402737288
llava_1_5_7b,all,amp_median,REAL,21,1503,1503,0,0.36477465043159735,0.3438323597463901,0.3631228952455191,0.38540114160331485
llava_1_5_7b,all,amp_median,REAL,22,1503,1503,0,0.2885613803069118,0.27054111399860215,0.28567111393448463,0.3045520518971572
llava_1_5_7b,all,amp_median,REAL,23,1503,1503,0,0.2583505621674718,0.24440805017209447,0.2582148117506551,0.27232056147789896
llava_1_5_7b,all,amp_median,REAL,24,1503,1503,0,0.25226153944896607,0.2352606541086946,0.25124468989547966,0.2687155909051721
llava_1_5_7b,all,amp_median,REAL,25,1503,1503,0,0.2362308822427289,0.22168703492926145,0.23598525426069172,0.2504235410401901
llava_1_5_7b,all,amp_median,REAL,26,1503,1503,0,0.25047054713266503,0.23432692843103997,0.24828998881763045,0.26412539408023206
llava_1_5_7b,all,amp_median,REAL,27,1503,1503,0,0.22789204339146793,0.21498165480378112,0.22591139692031506,0.23877118594219776
llava_1_5_7b,all,amp_median,REAL,28,1503,1503,0,0.23227567111178865,0.21867249598580418,0.23051698636263696,0.24406248252371535
llava_1_5_7b,all,amp_median,REAL,29,1503,1503,0,0.2306992380136763,0.21412686925681101,0.227064372963373,0.24304016465368208
llava_1_5_7b,all,amp_median,REAL,30,1503,1503,0,0.21935905534053518,0.20772366045482027,0.21779115513944655,0.22864283650001577
llava_1_5_7b,all,amp_median,REAL,31,1503,1503,0,0.34239083696986555,0.3171786600263896,0.3371173067573233,0.36093521605343215
llava_1_5_7b,all,amp_median,REAL,32,1503,1503,0,1.595992708493363,1.469111276890223,1.6166135344250632,1.7448772203597396
llava_1_5_7b,all,amp_median,HALL,1,450,450,0,1.3539386880971713,1.0304640873799071,1.4066121599759582,1.574757535403327
llava_1_5_7b,all,amp_median,HALL,2,450,450,0,0.8521076056991193,0.7298842455032685,0.8095782918127041,0.9583197811538118
llava_1_5_7b,all,amp_median,HALL,3,450,450,0,0.5525343154855994,0.51468682785301,0.5490810632546324,0.5787544575701977
llava_1_5_7b,all,amp_median,HALL,4,450,450,0,0.7280295896015014,0.6815718751937118,0.7247727112475261,0.7683008361496731
llava_1_5_7b,all,amp_median,HALL,5,450,450,0,0.7189575422693573,0.6894884351087723,0.7188830272615729,0.745788512281828
llava_1_5_7b,all,amp_median,HALL,6,450,450,0,0.7120746525443672,0.6759296335642393,0.7155767529080038,0.7494850143225062
llava_1_5_7b,all,amp_median,HALL,7,450,450,0,0.6674632777713145,0.6349865856394098,0.6629171431706904,0.6962864672276441
llava_1_5_7b,all,amp_median,HALL,8,450,450,0,0.7174756254833627,0.6802703150466957,0.720818597225795,0.7574927496283314
llava_1_5_7b,all,amp_median,HALL,9,450,450,0,0.617864168659915,0.5981871142538371,0.6182066271575603,0.6387221586527372
llava_1_5_7b,all,amp_median,HALL,10,450,450,0,0.6157461804970474,0.5943805219551651,0.6159188309855089,0.6383122403196755
llava_1_5_7b,all,amp_median,HALL,11,450,450,0,0.6216392628773109,0.605194723550149,0.6226670065443446,0.6397471078838092
llava_1_5_7b,all,amp_median,HALL,12,450,450,0,0.5806251475753041,0.5595745302735267,0.5799308662036414,0.6043651415982974
llava_1_5_7b,all,amp_median,HALL,13,450,450,0,0.5706677950195418,0.5508341247168618,0.5731427682101811,0.5963894664133376
llava_1_5_7b,all,amp_median,HALL,14,450,450,0,0.5157291008936223,0.49718901311620156,0.5168542037429407,0.535116909817337
llava_1_5_7b,all,amp_median,HALL,15,450,450,0,0.4761649312126311,0.4604690196707736,0.4755319976690844,0.48941221970787807
llava_1_5_7b,all,amp_median,HALL,16,450,450,0,0.46382179916414285,0.44730885360638983,0.4631589449689473,0.47987203822129954
llava_1_5_7b,all,amp_median,HALL,17,450,450,0,0.4469676557725268,0.4302410240457574,0.44374526368431855,0.45964706560971286
llava_1_5_7b,all,amp_median,HALL,18,450,450,0,0.3967776657930942,0.3798203713440788,0.3935087208213932,0.41017656788480156
llava_1_5_7b,all,amp_median,HALL,19,450,450,0,0.4224407985627671,0.40614378494189596,0.4214678859558386,0.4360037134836592
llava_1_5_7b,all,amp_median,HALL,20,450,450,0,0.33733414664613126,0.32110237494767,0.3332156393678547,0.3497689953934716
llava_1_5_7b,all,amp_median,HALL,21,450,450,0,0.35806609206654105,0.3428714552065454,0.3553379004768302,0.37117755856701495
llava_1_5_7b,all,amp_median,HALL,22,450,450,0,0.28627406746139084,0.27434560016172077,0.28378781613874515,0.2951371570354532
llava_1_5_7b,all,amp_median,HALL,23,450,450,0,0.2565387977052606,0.2471437153914318,0.2543054211362027,0.26420911567129335
llava_1_5_7b,all,amp_median,HALL,24,450,450,0,0.24584815866251358,0.23269494437006139,0.2418812078909658,0.25475203298070903
llava_1_5_7b,all,amp_median,HALL,25,450,450,0,0.2346429506801809,0.22509285851470068,0.23355520188154105,0.24308504073565557
llava_1_5_7b,all,amp_median,HALL,26,450,450,0,0.2485892090209728,0.2352967448639075,0.24592368683009408,0.2593709025294153
llava_1_5_7b,all,amp_median,HALL,27,450,450,0,0.22789084094821369,0.21879189760318232,0.22685647223465205,0.23412125254146168
llava_1_5_7b,all,amp_median,HALL,28,450,450,0,0.23090920116982727,0.22048629475858328,0.22962691377176866,0.23913358250875122
llava_1_5_7b,all,amp_median,HALL,29,450,450,0,0.2237253376029432,0.21296591753069327,0.2217536053961947,0.2305342136347675
llava_1_5_7b,all,amp_median,HALL,30,450,450,0,0.219844879520341,0.21213436714102588,0.21887064002248333,0.22588933881554635
llava_1_5_7b,all,amp_median,HALL,31,450,450,0,0.3439461436889073,0.32353450431751646,0.3399803595141156,0.35853694642730427
llava_1_5_7b,all,amp_median,HALL,32,450,450,0,1.4891758344772523,1.351669326033631,1.5047582773447243,1.6212281923701362
llava_1_5_7b,all,amp_fraction_gt1,REAL,1,1503,1503,0,0.8018673301545057,0.6154513888888888,1.0,1.0
llava_1_5_7b,all,amp_fraction_gt1,REAL,2,1503,1503,0,0.13750392733052413,0.0,0.012152777777777778,0.20399305555555555
llava_1_5_7b,all,amp_fraction_gt1,REAL,3,1503,1503,0,0.00028415391439343536,0.0,0.0,0.0
llava_1_5_7b,all,amp_fraction_gt1,REAL,4,1503,1503,0,0.013574816952246873,0.0,0.0,0.005208333333333333
llava_1_5_7b,all,amp_fraction_gt1,REAL,5,1503,1503,0,0.009231544961606577,0.0,0.0,0.001736111111111111
llava_1_5_7b,all,amp_fraction_gt1,REAL,6,1503,1503,0,0.00527763916611222,0.0,0.0,0.0
llava_1_5_7b,all,amp_fraction_gt1,REAL,7,1503,1503,0,0.005878289716862571,0.0,0.0,0.0
llava_1_5_7b,all,amp_fraction_gt1,REAL,8,1503,1503,0,0.005549087011162859,0.0,0.0,0.001736111111111111
llava_1_5_7b,all,amp_fraction_gt1,REAL,9,1503,1503,0,3.811820802838767e-05,0.0,0.0,0.0
llava_1_5_7b,all,amp_fraction_gt1,REAL,10,1503,1503,0,1.9636652620684558e-05,0.0,0.0,0.0
llava_1_5_7b,all,amp_fraction_gt1,REAL,11,1503,1503,0,9.240777703851555e-06,0.0,0.0,0.0
llava_1_5_7b,all,amp_fraction_gt1,REAL,12,1503,1503,0,0.0,0.0,0.0,0.0
llava_1_5_7b,all,amp_fraction_gt1,REAL,13,1503,1503,0,0.00010280365195534857,0.0,0.0,0.0
llava_1_5_7b,all,amp_fraction_gt1,REAL,14,1503,1503,0,0.0,0.0,0.0,0.0
llava_1_5_7b,all,amp_fraction_gt1,REAL,15,1503,1503,0,1.6171360981740225e-05,0.0,0.0,0.0
llava_1_5_7b,all,amp_fraction_gt1,REAL,16,1503,1503,0,9.240777703851557e-06,0.0,0.0,0.0
llava_1_5_7b,all,amp_fraction_gt1,REAL,17,1503,1503,0,2.1946847046647446e-05,0.0,0.0,0.0
llava_1_5_7b,all,amp_fraction_gt1,REAL,18,1503,1503,0,2.4257041472610338e-05,0.0,0.0,0.0
llava_1_5_7b,all,amp_fraction_gt1,REAL,19,1503,1503,0,2.3101944259628888e-06,0.0,0.0,0.0
llava_1_5_7b,all,amp_fraction_gt1,REAL,20,1503,1503,0,5.7754860649072225e-06,0.0,0.0,0.0
llava_1_5_7b,all,amp_fraction_gt1,REAL,21,1503,1503,0,0.00022986434538330746,0.0,0.0,0.0
llava_1_5_7b,all,amp_fraction_gt1,REAL,22,1503,1503,0,1.1550972129814444e-06,0.0,0.0,0.0
llava_1_5_7b,all,amp_fraction_gt1,REAL,23,1503,1503,0,8.3166999334664e-05,0.0,0.0,0.0
llava_1_5_7b,all,amp_fraction_gt1,REAL,24,1503,1503,0,0.00011319952687218157,0.0,0.0,0.0
llava_1_5_7b,all,amp_fraction_gt1,REAL,25,1503,1503,0,6.122015228801656e-05,0.0,0.0,0.0
llava_1_5_7b,all,amp_fraction_gt1,REAL,26,1503,1503,0,0.0005174835514156872,0.0,0.0,0.0
llava_1_5_7b,all,amp_fraction_gt1,REAL,27,1503,1503,0,3.003252753751756e-05,0.0,0.0,0.0
llava_1_5_7b,all,amp_fraction_gt1,REAL,28,1503,1503,0,0.0,0.0,0.0,0.0
llava_1_5_7b,all,amp_fraction_gt1,REAL,29,1503,1503,0,0.0,0.0,0.0,0.0
llava_1_5_7b,all,amp_fraction_gt1,REAL,30,1503,1503,0,0.0,0.0,0.0,0.0
llava_1_5_7b,all,amp_fraction_gt1,REAL,31,1503,1503,0,0.0,0.0,0.0,0.0
llava_1_5_7b,all,amp_fraction_gt1,REAL,32,1503,1503,0,0.7536616581651512,0.6822916666666666,0.7621527777777778,0.8315972222222222
llava_1_5_7b,all,amp_fraction_gt1,HALL,1,450,450,0,0.8044405864197531,0.6115451388888888,1.0,1.0
llava_1_5_7b,all,amp_fraction_gt1,HALL,2,450,450,0,0.22958333333333333,0.003472222222222222,0.11979166666666666,0.4236111111111111
llava_1_5_7b,all,amp_fraction_gt1,HALL,3,450,450,0,5.015432098765432e-05,0.0,0.0,0.0
llava_1_5_7b,all,amp_fraction_gt1,HALL,4,450,450,0,0.008268022007514761,0.0,0.0,0.003038194444444444
llava_1_5_7b,all,amp_fraction_gt1,HALL,5,450,450,0,0.002361184916800859,0.0,0.0,0.0
llava_1_5_7b,all,amp_fraction_gt1,HALL,6,450,450,0,0.002534722222222222,0.0,0.0,0.0
llava_1_5_7b,all,amp_fraction_gt1,HALL,7,450,450,0,0.003097993827160494,0.0,0.0,0.0
llava_1_5_7b,all,amp_fraction_gt1,HALL,8,450,450,0,0.0039544753086419755,0.0,0.0,0.001736111111111111
llava_1_5_7b,all,amp_fraction_gt1,HALL,9,450,450,0,3.858024691358025e-06,0.0,0.0,0.0
llava_1_5_7b,all,amp_fraction_gt1,HALL,10,450,450,0,0.0,0.0,0.0,0.0
llava_1_5_7b,all,amp_fraction_gt1,HALL,11,450,450,0,0.0,0.0,0.0,0.0
llava_1_5_7b,all,amp_fraction_gt1,HALL,12,450,450,0,2.3148148148148147e-05,0.0,0.0,0.0
llava_1_5_7b,all,amp_fraction_gt1,HALL,13,450,450,0,5.0154320987654325e-05,0.0,0.0,0.0
llava_1_5_7b,all,amp_fraction_gt1,HALL,14,450,450,0,0.0,0.0,0.0,0.0
llava_1_5_7b,all,amp_fraction_gt1,HALL,15,450,450,0,0.0,0.0,0.0,0.0
llava_1_5_7b,all,amp_fraction_gt1,HALL,16,450,450,0,0.0,0.0,0.0,0.0
llava_1_5_7b,all,amp_fraction_gt1,HALL,17,450,450,0,7.71604938271605e-06,0.0,0.0,0.0
llava_1_5_7b,all,amp_fraction_gt1,HALL,18,450,450,0,0.0,0.0,0.0,0.0
llava_1_5_7b,all,amp_fraction_gt1,HALL,19,450,450,0,0.0,0.0,0.0,0.0
llava_1_5_7b,all,amp_fraction_gt1,HALL,20,450,450,0,0.0,0.0,0.0,0.0
llava_1_5_7b,all,amp_fraction_gt1,HALL,21,450,450,0,3.08641975308642e-05,0.0,0.0,0.0
llava_1_5_7b,all,amp_fraction_gt1,HALL,22,450,450,0,0.0,0.0,0.0,0.0
llava_1_5_7b,all,amp_fraction_gt1,HALL,23,450,450,0,3.08641975308642e-05,0.0,0.0,0.0
llava_1_5_7b,all,amp_fraction_gt1,HALL,24,450,450,0,1.1574074074074073e-05,0.0,0.0,0.0
llava_1_5_7b,all,amp_fraction_gt1,HALL,25,450,450,0,3.858024691358025e-06,0.0,0.0,0.0
llava_1_5_7b,all,amp_fraction_gt1,HALL,26,450,450,0,0.00010416666666666667,0.0,0.0,0.0
llava_1_5_7b,all,amp_fraction_gt1,HALL,27,450,450,0,1.1574074074074073e-05,0.0,0.0,0.0
llava_1_5_7b,all,amp_fraction_gt1,HALL,28,450,450,0,0.0,0.0,0.0,0.0
llava_1_5_7b,all,amp_fraction_gt1,HALL,29,450,450,0,0.0,0.0,0.0,0.0
llava_1_5_7b,all,amp_fraction_gt1,HALL,30,450,450,0,0.0,0.0,0.0,0.0
llava_1_5_7b,all,amp_fraction_gt1,HALL,31,450,450,0,0.0,0.0,0.0,0.0
llava_1_5_7b,all,amp_fraction_gt1,HALL,32,450,450,0,0.7078086419753087,0.6388888888888888,0.6979166666666666,0.7760416666666666
llava_1_5_7b,all,gross_gain,REAL,1,1503,1503,0,1.4947714016082556,1.0593347277441558,1.4004773177852154,1.993718023327392
llava_1_5_7b,all,gross_gain,REAL,2,1503,1503,0,0.7761384290614325,0.6586508776691158,0.7459337112565063,0.8514741703695584
llava_1_5_7b,all,gross_gain,REAL,3,1503,1503,0,0.5769473116575052,0.5332235207140796,0.5694496733991281,0.6086495439097401
llava_1_5_7b,all,gross_gain,REAL,4,1503,1503,0,0.7177176699236557,0.6805440226414774,0.7074827195541044,0.7453291220869886
llava_1_5_7b,all,gross_gain,REAL,5,1503,1503,0,0.7495799536042849,0.7072409964761519,0.748332173404041,0.7894799696808739
llava_1_5_7b,all,gross_gain,REAL,6,1503,1503,0,0.7320322450800714,0.6814722339890312,0.7339798083795935,0.7828596007413509
llava_1_5_7b,all,gross_gain,REAL,7,1503,1503,0,0.7366343065355498,0.6826335918314554,0.7395573690160843,0.7833196506475575
llava_1_5_7b,all,gross_gain,REAL,8,1503,1503,0,0.7204520477123619,0.6789038264489861,0.7226733014931647,0.7550590079341342
llava_1_5_7b,all,gross_gain,REAL,9,1503,1503,0,0.6379537682595946,0.6121577719818142,0.640329280481899,0.6650745824034874
llava_1_5_7b,all,gross_gain,REAL,10,1503,1503,0,0.646855934874886,0.6171991334255116,0.6493591138230574,0.6754530944830186
llava_1_5_7b,all,gross_gain,REAL,11,1503,1503,0,0.6483524440039514,0.6241723382854544,0.648056714116801,0.6740430415598772
llava_1_5_7b,all,gross_gain,REAL,12,1503,1503,0,0.5966784430131801,0.566169617793459,0.596984667054693,0.6253351860488487
llava_1_5_7b,all,gross_gain,REAL,13,1503,1503,0,0.5957468236542027,0.5623385348611543,0.5971322040675584,0.6265390389403291
llava_1_5_7b,all,gross_gain,REAL,14,1503,1503,0,0.5313293535158349,0.5014955108830262,0.535719970087946,0.5601957442322667
llava_1_5_7b,all,gross_gain,REAL,15,1503,1503,0,0.5020872687177352,0.47505763911812215,0.5043396262635295,0.5262507267367881
llava_1_5_7b,all,gross_gain,REAL,16,1503,1503,0,0.45721713088914523,0.43656625424250556,0.4554129395984198,0.47574917760385593
llava_1_5_7b,all,gross_gain,REAL,17,1503,1503,0,0.4780256642021215,0.45041973245528244,0.47367138007211357,0.5014848646020527
llava_1_5_7b,all,gross_gain,REAL,18,1503,1503,0,0.43184815909959245,0.4058347750303314,0.42469766975096046,0.4502881875331486
llava_1_5_7b,all,gross_gain,REAL,19,1503,1503,0,0.41763408282013464,0.38504403778591323,0.4150413637577927,0.44426687833478834
llava_1_5_7b,all,gross_gain,REAL,20,1503,1503,0,0.3283474726306398,0.30690438417923327,0.3243615053762466,0.3443094480055864
llava_1_5_7b,all,gross_gain,REAL,21,1503,1503,0,0.36446699439132607,0.33224361235860134,0.3560828029176848,0.3869950831458919
llava_1_5_7b,all,gross_gain,REAL,22,1503,1503,0,0.2889519486657019,0.26718344226108204,0.2845517892885491,0.30669317755981484
llava_1_5_7b,all,gross_gain,REAL,23,1503,1503,0,0.2752650201116492,0.2524637785228667,0.2684904313647229,0.29005291698713787
llava_1_5_7b,all,gross_gain,REAL,24,1503,1503,0,0.24937210911135876,0.22853922143844618,0.24678509966736698,0.2644459514496338
llava_1_5_7b,all,gross_gain,REAL,25,1503,1503,0,0.2515599067038708,0.23065105870240293,0.24680774200874678,0.2655745532715902
llava_1_5_7b,all,gross_gain,REAL,26,1503,1503,0,0.25467582903836744,0.2255909677248567,0.24137385237084288,0.26037868905691114
llava_1_5_7b,all,gross_gain,REAL,27,1503,1503,0,0.2278470622085196,0.21081130192328607,0.2240792952756009,0.23823694319174332
llava_1_5_7b,all,gross_gain,REAL,28,1503,1503,0,0.22237733705935478,0.20905548494661652,0.22107119749925777,0.23233566878359524
llava_1_5_7b,all,gross_gain,REAL,29,1503,1503,0,0.21712847030436186,0.19392445817489395,0.20448911572720607,0.21991431987285534
llava_1_5_7b,all,gross_gain,REAL,30,1503,1503,0,0.21638838254308554,0.20167638883328493,0.21203672844431415,0.2259656453171599
llava_1_5_7b,all,gross_gain,REAL,31,1503,1503,0,0.2980558632525964,0.28033463073598863,0.29552827760181577,0.3115373093464509
llava_1_5_7b,all,gross_gain,REAL,32,1503,1503,0,1.3255177116737706,1.148287206404813,1.3151507052489224,1.496969275346863
llava_1_5_7b,all,gross_gain,HALL,1,450,450,0,1.386111232739897,1.0484397604775837,1.420345558846403,1.6095194711452185
llava_1_5_7b,all,gross_gain,HALL,2,450,450,0,0.8435540544016822,0.7252416845707395,0.8059452189654708,0.9516233275456998
llava_1_5_7b,all,gross_gain,HALL,3,450,450,0,0.5948211975939545,0.5551712388590396,0.5957520166561994,0.6271990388528887
llava_1_5_7b,all,gross_gain,HALL,4,450,450,0,0.7027572938485622,0.6687218120048933,0.6986666523174743,0.7279485892843535
llava_1_5_7b,all,gross_gain,HALL,5,450,450,0,0.7200153766832911,0.6863404710956457,0.7184730920589234,0.7480385802744459
llava_1_5_7b,all,gross_gain,HALL,6,450,450,0,0.69255737550857,0.6599407236516366,0.6905721793302779,0.7218137216787505
llava_1_5_7b,all,gross_gain,HALL,7,450,450,0,0.6871601021509074,0.6443373006959596,0.6768895980707321,0.7157482416097589
llava_1_5_7b,all,gross_gain,HALL,8,450,450,0,0.7038137177417998,0.6715345774044487,0.7025975107876148,0.737455638513173
llava_1_5_7b,all,gross_gain,HALL,9,450,450,0,0.6352076984197521,0.6129573203587555,0.6376984127662402,0.6565583101923308
llava_1_5_7b,all,gross_gain,HALL,10,450,450,0,0.6359844429389678,0.6091758378307955,0.6356218635657502,0.6608791326404438
llava_1_5_7b,all,gross_gain,HALL,11,450,450,0,0.6475647246540709,0.6245061743056772,0.6482763371132552,0.6714910637287178
llava_1_5_7b,all,gross_gain,HALL,12,450,450,0,0.5810147550523314,0.5489298680996613,0.576350631914321,0.6057090458185946
llava_1_5_7b,all,gross_gain,HALL,13,450,450,0,0.603652323909275,0.5756256416175426,0.6049484693200947,0.63166254105331
llava_1_5_7b,all,gross_gain,HALL,14,450,450,0,0.5334175422371177,0.507184221902305,0.5343132644284947,0.5599507425131512
llava_1_5_7b,all,gross_gain,HALL,15,450,450,0,0.47269591174712167,0.44458019137688753,0.46626948843702953,0.49642741288559855
llava_1_5_7b,all,gross_gain,HALL,16,450,450,0,0.4604316584595882,0.4423002666160042,0.46014712523466295,0.47571418960421774
llava_1_5_7b,all,gross_gain,HALL,17,450,450,0,0.4586351612533745,0.43757937323831486,0.45224816421954395,0.4722879119179466
llava_1_5_7b,all,gross_gain,HALL,18,450,450,0,0.426102152272781,0.40306878351286257,0.4203134210053767,0.4408962915727762
llava_1_5_7b,all,gross_gain,HALL,19,450,450,0,0.38636923519589433,0.3675512130420261,0.38297777614574113,0.40223923012637325
llava_1_5_7b,all,gross_gain,HALL,20,450,450,0,0.3175190054816963,0.301714683869274,0.31297533095048014,0.3286606060744077
llava_1_5_7b,all,gross_gain,HALL,21,450,450,0,0.3519362922826981,0.3299079349967194,0.3442292229700701,0.3703226474934337
llava_1_5_7b,all,gross_gain,HALL,22,450,450,0,0.27917462262679066,0.26482956578236744,0.2752798838147783,0.2890108134959083
llava_1_5_7b,all,gross_gain,HALL,23,450,450,0,0.2623602724242183,0.24571224858412907,0.25602224785609473,0.27196019243799846
llava_1_5_7b,all,gross_gain,HALL,24,450,450,0,0.23989697060325565,0.22590226270095565,0.23408726936587326,0.2480079483280483
llava_1_5_7b,all,gross_gain,HALL,25,450,450,0,0.2464790466133967,0.23183792291610983,0.2408652563734756,0.25475611080404925
llava_1_5_7b,all,gross_gain,HALL,26,450,450,0,0.2430557339271186,0.2222603924729293,0.23309603972576426,0.24838308417091304
llava_1_5_7b,all,gross_gain,HALL,27,450,450,0,0.22636663105556248,0.21462164573783402,0.22206998534611505,0.2326794137790373
llava_1_5_7b,all,gross_gain,HALL,28,450,450,0,0.2246555609618756,0.21522276751172298,0.22313561106527996,0.23236497701693962
llava_1_5_7b,all,gross_gain,HALL,29,450,450,0,0.20299160374880038,0.192705676060702,0.2006507655984392,0.2106031379987252
llava_1_5_7b,all,gross_gain,HALL,30,450,450,0,0.21658916246289006,0.20584714450099817,0.2138283849018301,0.22291136433560146
llava_1_5_7b,all,gross_gain,HALL,31,450,450,0,0.3053130010447871,0.2901534977258099,0.30335974347185607,0.3160728885762422
llava_1_5_7b,all,gross_gain,HALL,32,450,450,0,1.2555939833159626,1.1294875260284145,1.2509203525944663,1.3795799737879038
llava_1_5_7b,all,cancellation,REAL,1,1503,1503,0,0.6741801370161746,0.6202860724714923,0.6807387109150943,0.7317478706139893
llava_1_5_7b,all,cancellation,REAL,2,1503,1503,0,0.6408355222210912,0.6073331764188538,0.6355545961389673,0.6679881678918909
llava_1_5_7b,all,cancellation,REAL,3,1503,1503,0,0.4795358833304525,0.4532002394170564,0.4773338284469354,0.5027771701394688
llava_1_5_7b,all,cancellation,REAL,4,1503,1503,0,0.5473110611559772,0.5207196899354758,0.5450643115994595,0.5728159195462481
llava_1_5_7b,all,cancellation,REAL,5,1503,1503,0,0.5285789682850246,0.49770985375206334,0.522414514705205,0.5542251784112406
llava_1_5_7b,all,cancellation,REAL,6,1503,1503,0,0.5383617925882672,0.49032041724928255,0.5321344060931035,0.5790428311680103
llava_1_5_7b,all,cancellation,REAL,7,1503,1503,0,0.5856948121756546,0.5505322001237141,0.5821508283921094,0.6164965478143508
llava_1_5_7b,all,cancellation,REAL,8,1503,1503,0,0.5203940145249655,0.47785177627772735,0.5184521022568845,0.561177721984427
llava_1_5_7b,all,cancellation,REAL,9,1503,1503,0,0.4789420702453516,0.44562007062178305,0.4819894775195859,0.512999277211386
llava_1_5_7b,all,cancellation,REAL,10,1503,1503,0,0.5097653050747923,0.4616771781531269,0.5117474557522462,0.5548162715898941
llava_1_5_7b,all,cancellation,REAL,11,1503,1503,0,0.5184121411335136,0.47543693033517476,0.5173470912845041,0.5601146025076253
llava_1_5_7b,all,cancellation,REAL,12,1503,1503,0,0.4781916367143275,0.43254301290427477,0.46870662899447174,0.516404030769435
llava_1_5_7b,all,cancellation,REAL,13,1503,1503,0,0.5096317952794378,0.453215453655721,0.5079541863756946,0.5608986045396839
llava_1_5_7b,all,cancellation,REAL,14,1503,1503,0,0.42709267544360957,0.3866235941109812,0.4178136496510534,0.4575645370263481
llava_1_5_7b,all,cancellation,REAL,15,1503,1503,0,0.5136660629451161,0.4582718150485098,0.5035614879820292,0.5626307190351136
llava_1_5_7b,all,cancellation,REAL,16,1503,1503,0,0.43290473393788187,0.39093985678885224,0.43028503740617874,0.46738562932002903
llava_1_5_7b,all,cancellation,REAL,17,1503,1503,0,0.4901985751314425,0.4346149484201651,0.4828036946791189,0.5352726407494556
llava_1_5_7b,all,cancellation,REAL,18,1503,1503,0,0.5112714179515978,0.4565776454812319,0.49837984049287143,0.5551760868436091
llava_1_5_7b,all,cancellation,REAL,19,1503,1503,0,0.5509650837148063,0.49632760858036806,0.5473202335996362,0.5984702616671913
llava_1_5_7b,all,cancellation,REAL,20,1503,1503,0,0.45472460535978687,0.39616619443014445,0.4411526741416466,0.5046820099007072
llava_1_5_7b,all,cancellation,REAL,21,1503,1503,0,0.48221035119717937,0.4309803755524403,0.4690031045713115,0.5253588543415332
llava_1_5_7b,all,cancellation,REAL,22,1503,1503,0,0.4522526422936852,0.3908475919920199,0.4400396861679766,0.49975238887010864
llava_1_5_7b,all,cancellation,REAL,23,1503,1503,0,0.4180368568172981,0.3633128728521156,0.4045700428045235,0.45817241743021286
llava_1_5_7b,all,cancellation,REAL,24,1503,1503,0,0.44351561297728365,0.38999720346356304,0.43316862452435667,0.48453259735706217
llava_1_5_7b,all,cancellation,REAL,25,1503,1503,0,0.42792734795028836,0.35368803505587804,0.408863356086568,0.4870126309920459
llava_1_5_7b,all,cancellation,REAL,26,1503,1503,0,0.46055016447914227,0.3997588762497022,0.443929579927892,0.5023245316111127
llava_1_5_7b,all,cancellation,REAL,27,1503,1503,0,0.40499167913268963,0.35306282611535034,0.39590323368169206,0.44444298546992217
llava_1_5_7b,all,cancellation,REAL,28,1503,1503,0,0.4697861497265778,0.4211105869654689,0.4584596136466634,0.504899680178784
llava_1_5_7b,all,cancellation,REAL,29,1503,1503,0,0.4895157448086097,0.4119338444510515,0.4608252233756814,0.5416365392952809
llava_1_5_7b,all,cancellation,REAL,30,1503,1503,0,0.3934971052965027,0.3488630760256276,0.3799001004706726,0.4283153647461204
llava_1_5_7b,all,cancellation,REAL,31,1503,1503,0,0.5721979694793912,0.5203025089690783,0.5649940124640183,0.6148445706825625
llava_1_5_7b,all,cancellation,REAL,32,1503,1503,0,0.6940286433321063,0.6587299098129569,0.6933793674186629,0.729493304587095
llava_1_5_7b,all,cancellation,HALL,1,450,450,0,0.7484188271181298,0.7079969016264158,0.7622576299638952,0.795681145234386
llava_1_5_7b,all,cancellation,HALL,2,450,450,0,0.6505970822867799,0.6014428754685708,0.642189242019078,0.6924140209098919
llava_1_5_7b,all,cancellation,HALL,3,450,450,0,0.4810046252759614,0.45097800599358895,0.4762304006058249,0.5054899367569481
llava_1_5_7b,all,cancellation,HALL,4,450,450,0,0.5430647956447656,0.5206755839212968,0.5414793182173019,0.564922196215186
llava_1_5_7b,all,cancellation,HALL,5,450,450,0,0.5325289709900825,0.5051546698850802,0.5329183645113322,0.5583942450622572
llava_1_5_7b,all,cancellation,HALL,6,450,450,0,0.5001533580291626,0.4685846047840699,0.4889298599209474,0.5217558649173217
llava_1_5_7b,all,cancellation,HALL,7,450,450,0,0.5513397814339405,0.526423193503152,0.5476274284955867,0.571741483379879
llava_1_5_7b,all,cancellation,HALL,8,450,450,0,0.5046066342361254,0.4720722118653286,0.5065765844953674,0.5327178048216068
llava_1_5_7b,all,cancellation,HALL,9,450,450,0,0.47095752663325696,0.44652366331031396,0.4703552593942252,0.49643632153227013
llava_1_5_7b,all,cancellation,HALL,10,450,450,0,0.4778468994496538,0.43954340008305903,0.47312527995691667,0.5112580814170669
llava_1_5_7b,all,cancellation,HALL,11,450,450,0,0.4933382034612652,0.4523003241945332,0.4849280997388239,0.5308424832559178
llava_1_5_7b,all,cancellation,HALL,12,450,450,0,0.4790060548329782,0.4356765237855659,0.470818125221595,0.5174101230105925
llava_1_5_7b,all,cancellation,HALL,13,450,450,0,0.494116892877752,0.4323432165477362,0.4899817226074669,0.5552027750256286
llava_1_5_7b,all,cancellation,HALL,14,450,450,0,0.433894788140483,0.39814288360997147,0.4269510584747333,0.46286567826147607
llava_1_5_7b,all,cancellation,HALL,15,450,450,0,0.4985747676745651,0.4478567029609336,0.4885839375350051,0.5448143095241184
llava_1_5_7b,all,cancellation,HALL,16,450,450,0,0.4046041641253332,0.35258414503336355,0.38956088997251337,0.44842150915905116
llava_1_5_7b,all,cancellation,HALL,17,450,450,0,0.42796712308925594,0.3962591001522994,0.4190660439462548,0.4515930413200846
llava_1_5_7b,all,cancellation,HALL,18,450,450,0,0.4964971711219535,0.4565263071251019,0.48898815877105656,0.5289783732682068
llava_1_5_7b,all,cancellation,HALL,19,450,450,0,0.527501525308256,0.4839625828345126,0.5197793161502005,0.5621830876093694
llava_1_5_7b,all,cancellation,HALL,20,450,450,0,0.4203456979534183,0.38179900998555316,0.41064269691284666,0.45011651007823017
llava_1_5_7b,all,cancellation,HALL,21,450,450,0,0.44779822428591576,0.4026683007301796,0.4385226218862238,0.48090490432017263
llava_1_5_7b,all,cancellation,HALL,22,450,450,0,0.3977213583168088,0.35408829692193855,0.38961469753914646,0.4324465951479998
llava_1_5_7b,all,cancellation,HALL,23,450,450,0,0.38325113782907894,0.34333551790700134,0.3737146499493278,0.4107922723275451
llava_1_5_7b,all,cancellation,HALL,24,450,450,0,0.4213624655483221,0.3798323605630322,0.4075810004930339,0.4576729624798077
llava_1_5_7b,all,cancellation,HALL,25,450,450,0,0.3803889522653906,0.32570886434871593,0.36237623045964124,0.4171248016757783
llava_1_5_7b,all,cancellation,HALL,26,450,450,0,0.4219569022534331,0.36807898534916833,0.40522208260764236,0.45541204086595166
llava_1_5_7b,all,cancellation,HALL,27,450,450,0,0.3782564080110412,0.3319495443543718,0.3608529544279608,0.40059737256151573
llava_1_5_7b,all,cancellation,HALL,28,450,450,0,0.47764276714595644,0.43336834919133266,0.4685180004746839,0.5086035712810858
llava_1_5_7b,all,cancellation,HALL,29,450,450,0,0.4304466033175477,0.383719168577497,0.4189792476738824,0.4643857526864632
llava_1_5_7b,all,cancellation,HALL,30,450,450,0,0.36286765506066004,0.3242287640186158,0.35196234111381464,0.3843801576785912
llava_1_5_7b,all,cancellation,HALL,31,450,450,0,0.5605678788251143,0.517755707642716,0.5509441418217744,0.5896962568321176
llava_1_5_7b,all,cancellation,HALL,32,450,450,0,0.7232384051924058,0.6819404767396104,0.7250128607834859,0.7670160166017684
llava_1_5_7b,all,closure,REAL,1,1503,1503,0,1.2142781528638295e-05,1.3165157497496693e-06,2.4107441731757717e-06,1.6798198885226157e-05
llava_1_5_7b,all,closure,REAL,2,1503,1503,0,2.9248600997756124e-05,5.190805723032099e-06,1.3589317859441508e-05,3.5253746318630874e-05
llava_1_5_7b,all,closure,REAL,3,1503,1503,0,4.582450191003386e-06,3.5433145058050286e-06,4.283620000933297e-06,5.286766963763512e-06
llava_1_5_7b,all,closure,REAL,4,1503,1503,0,6.147910775763228e-06,3.949244728573831e-06,5.7385618674743455e-06,7.68280688134837e-06
llava_1_5_7b,all,closure,REAL,5,1503,1503,0,7.946416237000333e-06,5.197382051846944e-06,7.076283054630039e-06,1.0008423942053923e-05
llava_1_5_7b,all,closure,REAL,6,1503,1503,0,7.543058881705715e-06,3.757760396183585e-06,6.029008545738179e-06,1.0174633644055575e-05
llava_1_5_7b,all,closure,REAL,7,1503,1503,0,5.6854202798259175e-06,2.1080330725453678e-06,3.884943453158485e-06,8.065230304055149e-06
llava_1_5_7b,all,closure,REAL,8,1503,1503,0,7.468337265820224e-06,2.5262548888349556e-06,5.0770554480550345e-06,9.853136361925863e-06
llava_1_5_7b,all,closure,REAL,9,1503,1503,0,7.448022138783577e-06,3.049355768780515e-06,5.0631169870030135e-06,9.28455210669199e-06
llava_1_5_7b,all,closure,REAL,10,1503,1503,0,5.9943171661269535e-06,2.304533495589567e-06,3.6734163586515933e-06,7.31912768969778e-06
llava_1_5_7b,all,closure,REAL,11,1503,1503,0,4.491762068069489e-06,1.8607742617859913e-06,2.6317120500607416e-06,4.6883751565474086e-06
llava_1_5_7b,all,closure,REAL,12,1503,1503,0,3.0485941661695685e-06,1.7628597674956836e-06,2.2887129489390645e-06,3.1400984425999923e-06
llava_1_5_7b,all,closure,REAL,13,1503,1503,0,5.380062915824149e-06,2.214121877841535e-06,3.1972240321920253e-06,5.3379299060907215e-06
llava_1_5_7b,all,closure,REAL,14,1503,1503,0,6.063632180625994e-06,3.226601052119804e-06,4.260502464603633e-06,6.563519718838506e-06
llava_1_5_7b,all,closure,REAL,15,1503,1503,0,4.15094232195609e-06,1.7998624457504775e-06,2.295261992912856e-06,3.5612408737506485e-06
llava_1_5_7b,all,closure,REAL,16,1503,1503,0,6.414685407839392e-06,2.952660793198447e-06,3.842470050585689e-06,6.48688069304626e-06
llava_1_5_7b,all,closure,REAL,17,1503,1503,0,6.782332625180369e-06,2.40300357745582e-06,3.985207968071336e-06,7.819296115485486e-06
llava_1_5_7b,all,closure,REAL,18,1503,1503,0,4.710312353769478e-06,2.492132466613839e-06,3.2223422294919146e-06,4.767398422700353e-06
llava_1_5_7b,all,closure,REAL,19,1503,1503,0,6.572912491635651e-06,2.8990756391067407e-06,3.852623194688931e-06,5.972634880890837e-06
llava_1_5_7b,all,closure,REAL,20,1503,1503,0,6.518587939833148e-06,3.072829144912248e-06,4.229430942359613e-06,6.470440894190688e-06
llava_1_5_7b,all,closure,REAL,21,1503,1503,0,5.272029528105491e-06,2.5388682161064935e-06,3.329115088490653e-06,4.8782194426166825e-06
llava_1_5_7b,all,closure,REAL,22,1503,1503,0,9.351151515013312e-06,4.223851192364236e-06,5.764050456491532e-06,9.056059752765577e-06
llava_1_5_7b,all,closure,REAL,23,1503,1503,0,1.0357591872904443e-05,5.108974164613755e-06,6.608743660763139e-06,1.0111350547958864e-05
llava_1_5_7b,all,closure,REAL,24,1503,1503,0,2.174486897148149e-05,9.751960533321835e-06,1.3280147868499625e-05,2.1259194909362122e-05
llava_1_5_7b,all,closure,REAL,25,1503,1503,0,9.501339872935064e-06,5.087679710413795e-06,6.8517479121510405e-06,9.836377103056293e-06
llava_1_5_7b,all,closure,REAL,26,1503,1503,0,1.5611951040014116e-05,8.573031209380133e-06,1.1596277545322664e-05,1.7362902326567564e-05
llava_1_5_7b,all,closure,REAL,27,1503,1503,0,1.1362297144244906e-05,6.482676326413639e-06,8.84607925399905e-06,1.363607816529111e-05
llava_1_5_7b,all,closure,REAL,28,1503,1503,0,7.281823063347066e-05,5.222166328167077e-05,6.936001591384411e-05,8.998325574793853e-05
llava_1_5_7b,all,closure,REAL,29,1503,1503,0,2.270628391378803e-05,1.1627772437350359e-05,1.7148304323200136e-05,2.8377267881296575e-05
llava_1_5_7b,all,closure,REAL,30,1503,1503,0,1.7369542589743578e-05,1.0526519872655626e-05,1.4743351130164228e-05,2.133995894837426e-05
llava_1_5_7b,all,closure,REAL,31,1503,1503,0,2.9763343481609772e-05,2.0573368601617403e-05,2.7959878934780136e-05,3.690119228849653e-05
llava_1_5_7b,all,closure,REAL,32,1503,1503,0,4.2856914280267266e-06,3.686914737954794e-06,4.276053005014546e-06,4.896133759757504e-06
llava_1_5_7b,all,closure,HALL,1,450,450,0,2.4641430852372854e-06,1.0486135408882546e-06,1.1891349345205526e-06,1.4317274121822265e-06
llava_1_5_7b,all,closure,HALL,2,450,450,0,1.1026723084341939e-05,3.3931710277101956e-06,5.897540404475876e-06,1.3140802593625267e-05
llava_1_5_7b,all,closure,HALL,3,450,450,0,4.152516963434512e-06,3.2620745855638233e-06,3.795562065533886e-06,4.710337975666334e-06
llava_1_5_7b,all,closure,HALL,4,450,450,0,7.6032822188507355e-06,5.414790280156012e-06,7.095467708495562e-06,8.920508435039665e-06
llava_1_5_7b,all,closure,HALL,5,450,450,0,9.661866968397387e-06,6.8405508955038385e-06,9.14632664716919e-06,1.154957021753944e-05
llava_1_5_7b,all,closure,HALL,6,450,450,0,1.100125848147905e-05,7.628087018929364e-06,1.018765624394291e-05,1.3798827694699867e-05
llava_1_5_7b,all,closure,HALL,7,450,450,0,1.0213146800752939e-05,7.328087917812809e-06,9.703020623419434e-06,1.2670357136812527e-05
llava_1_5_7b,all,closure,HALL,8,450,450,0,1.1777075710344636e-05,8.0821212122828e-06,1.0850199487322243e-05,1.4400350210053148e-05
llava_1_5_7b,all,closure,HALL,9,450,450,0,1.2241255554828159e-05,8.260479262389708e-06,1.095249308491475e-05,1.4523577647196362e-05
llava_1_5_7b,all,closure,HALL,10,450,450,0,9.768196331252612e-06,5.64137030778511e-06,8.283891475002747e-06,1.206967772304779e-05
llava_1_5_7b,all,closure,HALL,11,450,450,0,7.3315913237416275e-06,4.085547288923408e-06,6.136527872513398e-06,9.15777923182759e-06
llava_1_5_7b,all,closure,HALL,12,450,450,0,3.6653484913687055e-06,2.3500302290813124e-06,2.9430115091599873e-06,3.7686696146010945e-06
llava_1_5_7b,all,closure,HALL,13,450,450,0,7.527125785347582e-06,3.865539497382997e-06,5.715907036574208e-06,8.012933903955854e-06
llava_1_5_7b,all,closure,HALL,14,450,450,0,6.006935179054078e-06,3.4711238185991533e-06,4.3922202621615725e-06,6.037676598680264e-06
llava_1_5_7b,all,closure,HALL,15,450,450,0,5.090953946920409e-06,2.515577136819047e-06,3.482456122583244e-06,5.124746053297713e-06
llava_1_5_7b,all,closure,HALL,16,450,450,0,8.180266800587157e-06,4.230573722452391e-06,6.174055897645303e-06,8.887232525012223e-06
llava_1_5_7b,all,closure,HALL,17,450,450,0,1.0302528978122104e-05,6.166535968077369e-06,8.012852049432695e-06,1.1134424084957573e-05
llava_1_5_7b,all,closure,HALL,18,450,450,0,5.4751216665257135e-06,3.1205237291942467e-06,4.037341795992688e-06,5.249408900454e-06
llava_1_5_7b,all,closure,HALL,19,450,450,0,7.614717390727795e-06,4.117205889997422e-06,5.139274662724347e-06,6.542459232150577e-06
llava_1_5_7b,all,closure,HALL,20,450,450,0,7.429463770576048e-06,3.830790319625521e-06,4.694356903200969e-06,6.377299541782122e-06
llava_1_5_7b,all,closure,HALL,21,450,450,0,5.509623553684327e-06,2.635710359299992e-06,3.2797740914247697e-06,4.401871024128923e-06
llava_1_5_7b,all,closure,HALL,22,450,450,0,1.0032463009742464e-05,3.982920588896377e-06,5.05353273183573e-06,7.050721478663036e-06
llava_1_5_7b,all,closure,HALL,23,450,450,0,9.937971770139282e-06,4.735530751531769e-06,5.772373697254807e-06,7.723048383923015e-06
llava_1_5_7b,all,closure,HALL,24,450,450,0,1.996282193835618e-05,9.115469310927438e-06,1.194221567857312e-05,1.6152661373780575e-05
llava_1_5_7b,all,closure,HALL,25,450,450,0,9.937057557433744e-06,5.031869363847363e-06,6.230527560546761e-06,8.375692004847224e-06
llava_1_5_7b,all,closure,HALL,26,450,450,0,1.4939931858811583e-05,8.714979003343615e-06,1.1576885299291462e-05,1.5940694083838025e-05
llava_1_5_7b,all,closure,HALL,27,450,450,0,1.0969485829516795e-05,6.66719563469087e-06,8.419547157245688e-06,1.1561970268303412e-05
llava_1_5_7b,all,closure,HALL,28,450,450,0,8.247458697143075e-05,6.469053732871544e-05,7.922566510387696e-05,9.942606266122311e-05
llava_1_5_7b,all,closure,HALL,29,450,450,0,2.4712303743904662e-05,1.3881181075703353e-05,1.9640004211396445e-05,2.807775172186666e-05
llava_1_5_7b,all,closure,HALL,30,450,450,0,1.90062973292192e-05,1.2330842992014368e-05,1.615855853742687e-05,2.2438859559770208e-05
llava_1_5_7b,all,closure,HALL,31,450,450,0,3.491779955665051e-05,2.6680256723921048e-05,3.296165778010618e-05,4.068619182362454e-05
llava_1_5_7b,all,closure,HALL,32,450,450,0,5.018292478982605e-06,4.366648795439687e-06,4.924252834825893e-06,5.591139597527217e-06
llava_1_5_7b,all,rotation_mean,REAL,1,1503,1503,0,-0.0762137947573078,-0.18783995509147644,-0.10148179531097412,0.047589829191565514
llava_1_5_7b,all,rotation_mean,REAL,2,1503,1503,0,-0.13703156478023895,-0.1667085886001587,-0.13954001665115356,-0.10930990800261497
llava_1_5_7b,all,rotation_mean,REAL,3,1503,1503,0,-0.18859869685874173,-0.20761456340551376,-0.18936766684055328,-0.17114007472991943
llava_1_5_7b,all,rotation_mean,REAL,4,1503,1503,0,-0.29837914183983705,-0.33063405752182007,-0.2987992465496063,-0.26591429114341736
llava_1_5_7b,all,rotation_mean,REAL,5,1503,1503,0,-0.29702219601004265,-0.3124457746744156,-0.2980378568172455,-0.28104715049266815
llava_1_5_7b,all,rotation_mean,REAL,6,1503,1503,0,-0.35809694259307895,-0.3772837817668915,-0.36096251010894775,-0.34233489632606506
llava_1_5_7b,all,rotation_mean,REAL,7,1503,1503,0,-0.392422895846332,-0.41783423721790314,-0.3969074785709381,-0.3739349842071533
llava_1_5_7b,all,rotation_mean,REAL,8,1503,1503,0,-0.3975747036521465,-0.4279852956533432,-0.40410372614860535,-0.3770418167114258
llava_1_5_7b,all,rotation_mean,REAL,9,1503,1503,0,-0.4018634231742509,-0.4343518614768982,-0.4147694408893585,-0.38225461542606354
llava_1_5_7b,all,rotation_mean,REAL,10,1503,1503,0,-0.4065664539675037,-0.4254891276359558,-0.4128234088420868,-0.39457868039608
llava_1_5_7b,all,rotation_mean,REAL,11,1503,1503,0,-0.44415900878563613,-0.46351027488708496,-0.4506767988204956,-0.4311804324388504
llava_1_5_7b,all,rotation_mean,REAL,12,1503,1503,0,-0.38034227303045237,-0.4023193120956421,-0.3858675956726074,-0.366910383105278
llava_1_5_7b,all,rotation_mean,REAL,13,1503,1503,0,-0.4334452980491057,-0.45114198327064514,-0.434685617685318,-0.4190831035375595
llava_1_5_7b,all,rotation_mean,REAL,14,1503,1503,0,-0.41590451974116877,-0.4368976205587387,-0.4205074906349182,-0.3993120789527893
llava_1_5_7b,all,rotation_mean,REAL,15,1503,1503,0,-0.359054722105037,-0.3829001486301422,-0.36109092831611633,-0.33757682144641876
llava_1_5_7b,all,rotation_mean,REAL,16,1503,1503,0,-0.3542544712880732,-0.37998753786087036,-0.3571636974811554,-0.3312404006719589
llava_1_5_7b,all,rotation_mean,REAL,17,1503,1503,0,-0.3054748866075051,-0.32174980640411377,-0.30627208948135376,-0.28881119191646576
llava_1_5_7b,all,rotation_mean,REAL,18,1503,1503,0,-0.2626475100507755,-0.2779792845249176,-0.26280874013900757,-0.24802904576063156
llava_1_5_7b,all,rotation_mean,REAL,19,1503,1503,0,-0.18436122469539573,-0.2053096741437912,-0.18779513239860535,-0.16564689576625824
llava_1_5_7b,all,rotation_mean,REAL,20,1503,1503,0,-0.1696594591517093,-0.1846543326973915,-0.1707170158624649,-0.15548552572727203
llava_1_5_7b,all,rotation_mean,REAL,21,1503,1503,0,-0.12335163474588574,-0.13957146555185318,-0.12558656930923462,-0.10791387036442757
llava_1_5_7b,all,rotation_mean,REAL,22,1503,1503,0,-0.098577715910064,-0.1069871261715889,-0.09884176403284073,-0.08994529396295547
llava_1_5_7b,all,rotation_mean,REAL,23,1503,1503,0,-0.02100204004847126,-0.03791785426437855,-0.024898502975702286,-0.006812681443989277
llava_1_5_7b,all,rotation_mean,REAL,24,1503,1503,0,-0.05967985722879214,-0.067060437053442,-0.057596299797296524,-0.05046859383583069
llava_1_5_7b,all,rotation_mean,REAL,25,1503,1503,0,-0.018274911368872108,-0.0252830870449543,-0.017932064831256866,-0.010282245930284262
llava_1_5_7b,all,rotation_mean,REAL,26,1503,1503,0,0.026102977610437086,0.011771237943321466,0.023839592933654785,0.03689507953822613
llava_1_5_7b,all,rotation_mean,REAL,27,1503,1503,0,0.01443435371848517,0.005494344513863325,0.014263404533267021,0.022620417177677155
llava_1_5_7b,all,rotation_mean,REAL,28,1503,1503,0,-0.000454599300906934,-0.010028380900621414,0.0001935029576998204,0.009536686819046736
llava_1_5_7b,all,rotation_mean,REAL,29,1503,1503,0,0.006513636559410143,-0.009744470473378897,0.007536051794886589,0.02327638305723667
llava_1_5_7b,all,rotation_mean,REAL,30,1503,1503,0,0.023215189253896196,0.008238762617111206,0.023711727932095528,0.03866414912045002
llava_1_5_7b,all,rotation_mean,REAL,31,1503,1503,0,-0.0028601529743412543,-0.01637899409979582,0.00015037527191452682,0.014811655972152948
llava_1_5_7b,all,rotation_mean,REAL,32,1503,1503,0,0.07182257505970188,0.02625034935772419,0.06641573458909988,0.11892852187156677
llava_1_5_7b,all,rotation_mean,HALL,1,450,450,0,-0.11771869059149645,-0.22789641097187996,-0.1706443727016449,0.023746351711452007
llava_1_5_7b,all,rotation_mean,HALL,2,450,450,0,-0.12488867169453038,-0.1476629078388214,-0.12662342190742493,-0.10443740151822567
llava_1_5_7b,all,rotation_mean,HALL,3,450,450,0,-0.2004020819067955,-0.2165222391486168,-0.20202665030956268,-0.18301978707313538
llava_1_5_7b,all,rotation_mean,HALL,4,450,450,0,-0.30344719068871606,-0.3279477283358574,-0.2998541295528412,-0.27797361463308334
llava_1_5_7b,all,rotation_mean,HALL,5,450,450,0,-0.2982406182421578,-0.3127667084336281,-0.2996668070554733,-0.2842872142791748
llava_1_5_7b,all,rotation_mean,HALL,6,450,450,0,-0.369458299279213,-0.38721830397844315,-0.37035898864269257,-0.3538005128502846
llava_1_5_7b,all,rotation_mean,HALL,7,450,450,0,-0.3998118129703734,-0.4178082048892975,-0.4030718207359314,-0.38647738844156265
llava_1_5_7b,all,rotation_mean,HALL,8,450,450,0,-0.41041823287804924,-0.4317745193839073,-0.41444768011569977,-0.3972586542367935
llava_1_5_7b,all,rotation_mean,HALL,9,450,450,0,-0.4274808382987976,-0.4492259919643402,-0.4353663921356201,-0.419672392308712
llava_1_5_7b,all,rotation_mean,HALL,10,450,450,0,-0.4112058679262797,-0.4268174469470978,-0.4151413142681122,-0.4031030014157295
llava_1_5_7b,all,rotation_mean,HALL,11,450,450,0,-0.45125741203625996,-0.4663274586200714,-0.4541795998811722,-0.4436897933483124
llava_1_5_7b,all,rotation_mean,HALL,12,450,450,0,-0.37584518916077087,-0.3940861374139786,-0.3809394836425781,-0.3665434420108795
llava_1_5_7b,all,rotation_mean,HALL,13,450,450,0,-0.4299370551771588,-0.4436700642108917,-0.4304223656654358,-0.4187559559941292
llava_1_5_7b,all,rotation_mean,HALL,14,450,450,0,-0.41643820802370707,-0.4338006228208542,-0.42260338366031647,-0.4061940610408783
llava_1_5_7b,all,rotation_mean,HALL,15,450,450,0,-0.3435418076647653,-0.3612673431634903,-0.34098322689533234,-0.3254476860165596
llava_1_5_7b,all,rotation_mean,HALL,16,450,450,0,-0.3311638222800361,-0.35386576503515244,-0.3352961987257004,-0.3106152191758156
llava_1_5_7b,all,rotation_mean,HALL,17,450,450,0,-0.31031913452678256,-0.3279077634215355,-0.31166931986808777,-0.29390622675418854
llava_1_5_7b,all,rotation_mean,HALL,18,450,450,0,-0.2624496793746948,-0.27960485219955444,-0.26095475256443024,-0.24619659036397934
llava_1_5_7b,all,rotation_mean,HALL,19,450,450,0,-0.17888810510436695,-0.1973363198339939,-0.18231996893882751,-0.16325632110238075
llava_1_5_7b,all,rotation_mean,HALL,20,450,450,0,-0.17984424436257945,-0.19779843091964722,-0.18377723544836044,-0.1678585410118103
llava_1_5_7b,all,rotation_mean,HALL,21,450,450,0,-0.13219824013610681,-0.14830148592591286,-0.1335163339972496,-0.11935923993587494
llava_1_5_7b,all,rotation_mean,HALL,22,450,450,0,-0.10163009131120311,-0.10873988643288612,-0.1019868552684784,-0.09563126973807812
llava_1_5_7b,all,rotation_mean,HALL,23,450,450,0,-0.03834912585166522,-0.05223101284354925,-0.04196367971599102,-0.029533642809838057
llava_1_5_7b,all,rotation_mean,HALL,24,450,450,0,-0.06498539106920362,-0.07363937981426716,-0.06406184285879135,-0.05645131412893534
llava_1_5_7b,all,rotation_mean,HALL,25,450,450,0,-0.01794165827146369,-0.023523208219558,-0.01686669047921896,-0.011885024141520262
llava_1_5_7b,all,rotation_mean,HALL,26,450,450,0,0.02431603327923868,0.011692829430103302,0.022098878398537636,0.03595663420855999
llava_1_5_7b,all,rotation_mean,HALL,27,450,450,0,0.009813398645734802,0.002248874108772725,0.009015862364321947,0.01769981114193797
llava_1_5_7b,all,rotation_mean,HALL,28,450,450,0,0.00919535331757389,0.0022698744433000684,0.010657506994903088,0.01912115514278412
llava_1_5_7b,all,rotation_mean,HALL,29,450,450,0,0.018130145618989547,0.006365484558045864,0.019859283231198788,0.032198648899793625
llava_1_5_7b,all,rotation_mean,HALL,30,450,450,0,0.027097620687147557,0.015844070352613926,0.029034815728664398,0.03945509251207113
llava_1_5_7b,all,rotation_mean,HALL,31,450,450,0,0.003185596870583443,-0.006278675049543381,0.0052390138152986765,0.016448398120701313
llava_1_5_7b,all,rotation_mean,HALL,32,450,450,0,0.048346884361494126,0.016113498713821173,0.040404828265309334,0.07067835330963135
llava_1_5_7b,all,rotation_median,REAL,1,1503,1503,0,-0.06653003830080685,-0.1738678589463234,-0.07333149015903473,0.05463697202503681
llava_1_5_7b,all,rotation_median,REAL,2,1503,1503,0,-0.1332345327556986,-0.16173118352890015,-0.13618579506874084,-0.10846260190010071
llava_1_5_7b,all,rotation_median,REAL,3,1503,1503,0,-0.17330612950101346,-0.18984203040599823,-0.17439192533493042,-0.15680032968521118
llava_1_5_7b,all,rotation_median,REAL,4,1503,1503,0,-0.290150808915248,-0.32256007194519043,-0.28984835743904114,-0.25859755277633667
llava_1_5_7b,all,rotation_median,REAL,5,1503,1503,0,-0.2954757818561828,-0.3116590082645416,-0.2959745526313782,-0.2799570709466934
llava_1_5_7b,all,rotation_median,REAL,6,1503,1503,0,-0.358017192093912,-0.37723374366760254,-0.3607468605041504,-0.3425077944993973
llava_1_5_7b,all,rotation_median,REAL,7,1503,1503,0,-0.39404976276739073,-0.42025570571422577,-0.39736881852149963,-0.3740641623735428
llava_1_5_7b,all,rotation_median,REAL,8,1503,1503,0,-0.4016424430681719,-0.433612123131752,-0.4081951975822449,-0.3803073614835739
llava_1_5_7b,all,rotation_median,REAL,9,1503,1503,0,-0.4035477157600388,-0.4350188076496124,-0.4170365333557129,-0.38339318335056305
llava_1_5_7b,all,rotation_median,REAL,10,1503,1503,0,-0.4128919459348984,-0.4296470880508423,-0.4190351366996765,-0.4028118848800659
llava_1_5_7b,all,rotation_median,REAL,11,1503,1503,0,-0.4466622526337921,-0.4654737412929535,-0.45246621966362,-0.43348777294158936
llava_1_5_7b,all,rotation_median,REAL,12,1503,1503,0,-0.3845914121040565,-0.4072522819042206,-0.39055871963500977,-0.3711659014225006
llava_1_5_7b,all,rotation_median,REAL,13,1503,1503,0,-0.43818288369331054,-0.4555218815803528,-0.43997591733932495,-0.42343762516975403
llava_1_5_7b,all,rotation_median,REAL,14,1503,1503,0,-0.4180013340707628,-0.43821981549263,-0.42307358980178833,-0.4013562500476837
llava_1_5_7b,all,rotation_median,REAL,15,1503,1503,0,-0.3693763723947648,-0.3938842862844467,-0.3711875379085541,-0.34838125109672546
llava_1_5_7b,all,rotation_median,REAL,16,1503,1503,0,-0.36031038307659796,-0.3854212164878845,-0.3644423484802246,-0.3376090079545975
llava_1_5_7b,all,rotation_median,REAL,17,1503,1503,0,-0.310666437743508,-0.3277071565389633,-0.3112480640411377,-0.2939874678850174
llava_1_5_7b,all,rotation_median,REAL,18,1503,1503,0,-0.2647455141136667,-0.28045080602169037,-0.2647250294685364,-0.2495100498199463
llava_1_5_7b,all,rotation_median,REAL,19,1503,1503,0,-0.18925435500528046,-0.20895127207040787,-0.1916305422782898,-0.17025325447320938
llava_1_5_7b,all,rotation_median,REAL,20,1503,1503,0,-0.17392598208553062,-0.18912146985530853,-0.17491358518600464,-0.16036752611398697
llava_1_5_7b,all,rotation_median,REAL,21,1503,1503,0,-0.13066243441157038,-0.1445600986480713,-0.13205167651176453,-0.11677857860922813
llava_1_5_7b,all,rotation_median,REAL,22,1503,1503,0,-0.09903405287011179,-0.10767862200737,-0.09964565932750702,-0.0907539427280426
llava_1_5_7b,all,rotation_median,REAL,23,1503,1503,0,-0.03405732433298716,-0.04817747697234154,-0.037822529673576355,-0.02396658342331648
llava_1_5_7b,all,rotation_median,REAL,24,1503,1503,0,-0.05343236891411528,-0.058941617608070374,-0.05245187133550644,-0.04609237611293793
llava_1_5_7b,all,rotation_median,REAL,25,1503,1503,0,-0.014189971765200756,-0.0201359074562788,-0.013978634029626846,-0.007684710901230574
llava_1_5_7b,all,rotation_median,REAL,26,1503,1503,0,0.01306537958795961,0.0009892823291011155,0.009590521454811096,0.020585796795785427
llava_1_5_7b,all,rotation_median,REAL,27,1503,1503,0,0.01576710162509495,0.00735590816475451,0.01544371247291565,0.02295130118727684
llava_1_5_7b,all,rotation_median,REAL,28,1503,1503,0,0.002581176822542333,-0.0061893281526863575,0.002838192507624626,0.012620631605386734
llava_1_5_7b,all,rotation_median,REAL,29,1503,1503,0,0.009094515977693297,-0.009086363017559052,0.009538007900118828,0.02615075372159481
llava_1_5_7b,all,rotation_median,REAL,30,1503,1503,0,0.02921986220981906,0.013800986111164093,0.030255209654569626,0.045459311455488205
llava_1_5_7b,all,rotation_median,REAL,31,1503,1503,0,0.0012599202967533505,-0.013050335925072432,0.005579296033829451,0.019375868141651154
llava_1_5_7b,all,rotation_median,REAL,32,1503,1503,0,0.07720379312586803,0.02943170629441738,0.07047733664512634,0.12362006306648254
llava_1_5_7b,all,rotation_median,HALL,1,450,450,0,-0.10930395146133379,-0.21780624985694885,-0.1594378426671028,0.031381153501570225
llava_1_5_7b,all,rotation_median,HALL,2,450,450,0,-0.11998637919624647,-0.14282068982720375,-0.12115561589598656,-0.09819958359003067
llava_1_5_7b,all,rotation_median,HALL,3,450,450,0,-0.18362952267130217,-0.20072763040661812,-0.18352589756250381,-0.16680186986923218
llava_1_5_7b,all,rotation_median,HALL,4,450,450,0,-0.2958029164208306,-0.31922508031129837,-0.2903801202774048,-0.2708653137087822
llava_1_5_7b,all,rotation_median,HALL,5,450,450,0,-0.2964631085925632,-0.31107500940561295,-0.2968485653400421,-0.2815438210964203
llava_1_5_7b,all,rotation_median,HALL,6,450,450,0,-0.3682585002316369,-0.38534483313560486,-0.36906901001930237,-0.35351894795894623
llava_1_5_7b,all,rotation_median,HALL,7,450,450,0,-0.3993647658824921,-0.4186094403266907,-0.40148478746414185,-0.38393130898475647
llava_1_5_7b,all,rotation_median,HALL,8,450,450,0,-0.41877402093675403,-0.4395182579755783,-0.42471033334732056,-0.4066045731306076
llava_1_5_7b,all,rotation_median,HALL,9,450,450,0,-0.42700295196639165,-0.44776417315006256,-0.43438999354839325,-0.41872186958789825
llava_1_5_7b,all,rotation_median,HALL,10,450,450,0,-0.41761767327785493,-0.4316839575767517,-0.4209253787994385,-0.41046755015850067
llava_1_5_7b,all,rotation_median,HALL,11,450,450,0,-0.4530731104479896,-0.46816951036453247,-0.4556290954351425,-0.4447937086224556
llava_1_5_7b,all,rotation_median,HALL,12,450,450,0,-0.3860928950375981,-0.4049141854047775,-0.3925304710865021,-0.37699730694293976
llava_1_5_7b,all,rotation_median,HALL,13,450,450,0,-0.43726232177681396,-0.44948286563158035,-0.43817955255508423,-0.42602917551994324
llava_1_5_7b,all,rotation_median,HALL,14,450,450,0,-0.41934005902873145,-0.4365384578704834,-0.42454150319099426,-0.40905097126960754
llava_1_5_7b,all,rotation_median,HALL,15,450,450,0,-0.3562313632832633,-0.374191552400589,-0.3548315316438675,-0.3388366177678108
llava_1_5_7b,all,rotation_median,HALL,16,450,450,0,-0.34119379765457575,-0.36465834081172943,-0.3456212133169174,-0.3184005171060562
llava_1_5_7b,all,rotation_median,HALL,17,450,450,0,-0.31566036194562913,-0.33451810479164124,-0.31703871488571167,-0.29926420748233795
llava_1_5_7b,all,rotation_median,HALL,18,450,450,0,-0.26541417039102977,-0.28334053605794907,-0.26382505893707275,-0.24811621010303497
llava_1_5_7b,all,rotation_median,HALL,19,450,450,0,-0.18465688346160783,-0.20211151242256165,-0.1884371042251587,-0.1685623899102211
llava_1_5_7b,all,rotation_median,HALL,20,450,450,0,-0.18491519065366852,-0.20083239674568176,-0.18875878304243088,-0.17365258559584618
llava_1_5_7b,all,rotation_median,HALL,21,450,450,0,-0.13923479207687908,-0.1532161794602871,-0.14055854827165604,-0.12766676023602486
llava_1_5_7b,all,rotation_median,HALL,22,450,450,0,-0.10195775171120962,-0.10894440673291683,-0.10208962857723236,-0.09643426723778248
llava_1_5_7b,all,rotation_median,HALL,23,450,450,0,-0.04929303974146024,-0.0590515211224556,-0.052499379962682724,-0.04249130003154278
llava_1_5_7b,all,rotation_median,HALL,24,450,450,0,-0.05543877677785026,-0.06117699854075909,-0.055516308173537254,-0.04953972157090902
llava_1_5_7b,all,rotation_median,HALL,25,450,450,0,-0.015083851995441364,-0.02042457601055503,-0.014724969863891602,-0.009608040563762188
llava_1_5_7b,all,rotation_median,HALL,26,450,450,0,0.012363846771954236,0.0012239026837050915,0.009294860064983368,0.0205167718231678
llava_1_5_7b,all,rotation_median,HALL,27,450,450,0,0.011997263492541809,0.005247824126854539,0.011765326373279095,0.018197062890976667
llava_1_5_7b,all,rotation_median,HALL,28,450,450,0,0.011901169913221061,0.005027016974054277,0.013468726072460413,0.02089453488588333
llava_1_5_7b,all,rotation_median,HALL,29,450,450,0,0.022008922894019633,0.009917357936501503,0.02403602935373783,0.037421662360429764
llava_1_5_7b,all,rotation_median,HALL,30,450,450,0,0.032687144820423175,0.021220140624791384,0.0339895598590374,0.04529706947505474
llava_1_5_7b,all,rotation_median,HALL,31,450,450,0,0.009780226940064394,0.0005135494866408408,0.013321443926542997,0.02307615987956524
llava_1_5_7b,all,rotation_median,HALL,32,450,450,0,0.04818035637558852,0.01621317956596613,0.036174288019537926,0.0713670551776886
llava_1_5_7b,all,input_cancellation,REAL,1,1503,1503,0,0.6827685986053761,0.6556576788425446,0.6896355152130127,0.7082924544811249
llava_1_5_7b,all,input_cancellation,REAL,2,1503,1503,0,0.567379114136883,0.5466790199279785,0.5663797855377197,0.5859887003898621
llava_1_5_7b,all,input_cancellation,REAL,3,1503,1503,0,0.5310205116481362,0.505095362663269,0.5285344123840332,0.5561613142490387
llava_1_5_7b,all,input_cancellation,REAL,4,1503,1503,0,0.5536771700609071,0.5299064517021179,0.5530452132225037,0.5778184533119202
llava_1_5_7b,all,input_cancellation,REAL,5,1503,1503,0,0.53286810870656,0.5094950795173645,0.5301018357276917,0.5539544224739075
llava_1_5_7b,all,input_cancellation,REAL,6,1503,1503,0,0.5031710048556248,0.47088952362537384,0.49598807096481323,0.5279968082904816
llava_1_5_7b,all,input_cancellation,REAL,7,1503,1503,0,0.5390699460398571,0.507368803024292,0.5317166447639465,0.5640717446804047
llava_1_5_7b,all,input_cancellation,REAL,8,1503,1503,0,0.47088961145597064,0.432385191321373,0.46522268652915955,0.5036294460296631
llava_1_5_7b,all,input_cancellation,REAL,9,1503,1503,0,0.43972221542340634,0.4085198789834976,0.43859007954597473,0.4677111953496933
llava_1_5_7b,all,input_cancellation,REAL,10,1503,1503,0,0.4679422643846143,0.42761512100696564,0.4689532518386841,0.5043224096298218
llava_1_5_7b,all,input_cancellation,REAL,11,1503,1503,0,0.45989876765452936,0.419406995177269,0.45603758096694946,0.49485860764980316
llava_1_5_7b,all,input_cancellation,REAL,12,1503,1503,0,0.4363237246424852,0.39437030255794525,0.4249999225139618,0.46500061452388763
llava_1_5_7b,all,input_cancellation,REAL,13,1503,1503,0,0.46950350502531923,0.4245623052120209,0.46325188875198364,0.5083537697792053
llava_1_5_7b,all,input_cancellation,REAL,14,1503,1503,0,0.3957913333149807,0.3592029958963394,0.388225793838501,0.42233023047447205
llava_1_5_7b,all,input_cancellation,REAL,15,1503,1503,0,0.47119351356963834,0.41404643654823303,0.459006667137146,0.5186962783336639
llava_1_5_7b,all,input_cancellation,REAL,16,1503,1503,0,0.41566184928475897,0.3726448118686676,0.40922003984451294,0.4514809250831604
llava_1_5_7b,all,input_cancellation,REAL,17,1503,1503,0,0.4185349332715223,0.3710356801748276,0.40845218300819397,0.45735687017440796
llava_1_5_7b,all,input_cancellation,REAL,18,1503,1503,0,0.45689758424432136,0.4029155969619751,0.4448031783103943,0.5019400119781494
llava_1_5_7b,all,input_cancellation,REAL,19,1503,1503,0,0.48716232712000745,0.4329284131526947,0.47861775755882263,0.5337958335876465
llava_1_5_7b,all,input_cancellation,REAL,20,1503,1503,0,0.42970821661942815,0.3669828027486801,0.41299813985824585,0.482451856136322
llava_1_5_7b,all,input_cancellation,REAL,21,1503,1503,0,0.4072275842854125,0.36550234258174896,0.4008810818195343,0.4424470216035843
llava_1_5_7b,all,input_cancellation,REAL,22,1503,1503,0,0.41581519587549143,0.3560749292373657,0.40111619234085083,0.46059444546699524
llava_1_5_7b,all,input_cancellation,REAL,23,1503,1503,0,0.3935367130908027,0.34543122351169586,0.38336506485939026,0.43113724887371063
llava_1_5_7b,all,input_cancellation,REAL,24,1503,1503,0,0.4220808112296119,0.37109188735485077,0.41156354546546936,0.46055862307548523
llava_1_5_7b,all,input_cancellation,REAL,25,1503,1503,0,0.4039665886900541,0.34458479285240173,0.3908274173736572,0.455878347158432
llava_1_5_7b,all,input_cancellation,REAL,26,1503,1503,0,0.3884173988780417,0.341578409075737,0.3749537467956543,0.42454761266708374
llava_1_5_7b,all,input_cancellation,REAL,27,1503,1503,0,0.4082402544900408,0.3575707674026489,0.4007132649421692,0.4547489583492279
llava_1_5_7b,all,input_cancellation,REAL,28,1503,1503,0,0.3999344936744896,0.3661357909440994,0.38729244470596313,0.4159718155860901
llava_1_5_7b,all,input_cancellation,REAL,29,1503,1503,0,0.4721336624500201,0.3954244554042816,0.45654284954071045,0.5394681692123413
llava_1_5_7b,all,input_cancellation,REAL,30,1503,1503,0,0.3822934024546516,0.3395809084177017,0.37181180715560913,0.41836535930633545
llava_1_5_7b,all,input_cancellation,REAL,31,1503,1503,0,0.4191203418368113,0.37745150923728943,0.41078436374664307,0.4496880769729614
llava_1_5_7b,all,input_cancellation,REAL,32,1503,1503,0,0.49015912736802597,0.4577479809522629,0.49124467372894287,0.5246926546096802
llava_1_5_7b,all,input_cancellation,HALL,1,450,450,0,0.7134827576743232,0.6944651901721954,0.7226012349128723,0.7412966638803482
llava_1_5_7b,all,input_cancellation,HALL,2,450,450,0,0.5584637706809573,0.5423306971788406,0.5584872663021088,0.5741940587759018
llava_1_5_7b,all,input_cancellation,HALL,3,450,450,0,0.5381093470917808,0.5093883126974106,0.5340628623962402,0.5637409687042236
llava_1_5_7b,all,input_cancellation,HALL,4,450,450,0,0.5676185146305296,0.5390042364597321,0.5645822882652283,0.5954077392816544
llava_1_5_7b,all,input_cancellation,HALL,5,450,450,0,0.5514489224221971,0.5275417268276215,0.5503535866737366,0.5744160115718842
llava_1_5_7b,all,input_cancellation,HALL,6,450,450,0,0.4845289011134042,0.46219953894615173,0.4806359261274338,0.499259352684021
llava_1_5_7b,all,input_cancellation,HALL,7,450,450,0,0.5231944845782386,0.5044275969266891,0.522024393081665,0.5413035899400711
llava_1_5_7b,all,input_cancellation,HALL,8,450,450,0,0.4475460066397985,0.4243142530322075,0.44422802329063416,0.46628325432538986
llava_1_5_7b,all,input_cancellation,HALL,9,450,450,0,0.42444481836424935,0.39813201129436493,0.4206390082836151,0.44547539949417114
llava_1_5_7b,all,input_cancellation,HALL,10,450,450,0,0.4464743514855703,0.41211672127246857,0.4427420645952225,0.4749632030725479
llava_1_5_7b,all,input_cancellation,HALL,11,450,450,0,0.441206704709265,0.3973066061735153,0.4320737421512604,0.479104220867157
llava_1_5_7b,all,input_cancellation,HALL,12,450,450,0,0.44574711329407163,0.405301108956337,0.44050028920173645,0.48426590859889984
llava_1_5_7b,all,input_cancellation,HALL,13,450,450,0,0.4653183259566625,0.411503866314888,0.45660239458084106,0.5183279663324356
llava_1_5_7b,all,input_cancellation,HALL,14,450,450,0,0.4009955137968063,0.3653746321797371,0.39328838884830475,0.4267125055193901
llava_1_5_7b,all,input_cancellation,HALL,15,450,450,0,0.458720738225513,0.4060424640774727,0.4469706267118454,0.5078237354755402
llava_1_5_7b,all,input_cancellation,HALL,16,450,450,0,0.40405456225077313,0.3522239550948143,0.3929709792137146,0.4461655616760254
llava_1_5_7b,all,input_cancellation,HALL,17,450,450,0,0.3663073280784819,0.33681558072566986,0.3565388470888138,0.3871810659766197
llava_1_5_7b,all,input_cancellation,HALL,18,450,450,0,0.43150671276781294,0.3920430392026901,0.4215144068002701,0.4614488109946251
llava_1_5_7b,all,input_cancellation,HALL,19,450,450,0,0.47184236221843295,0.4199662357568741,0.46000175178050995,0.5110633671283722
llava_1_5_7b,all,input_cancellation,HALL,20,450,450,0,0.38964805960655213,0.345404788851738,0.3790610581636429,0.4168369472026825
llava_1_5_7b,all,input_cancellation,HALL,21,450,450,0,0.37294114457236394,0.3319195508956909,0.36242327094078064,0.4053327292203903
llava_1_5_7b,all,input_cancellation,HALL,22,450,450,0,0.36475026104185315,0.3239777833223343,0.3577183336019516,0.3937643691897392
llava_1_5_7b,all,input_cancellation,HALL,23,450,450,0,0.36515888803535035,0.3300912007689476,0.3599923104047775,0.3941778168082237
llava_1_5_7b,all,input_cancellation,HALL,24,450,450,0,0.40546087589528823,0.36619848012924194,0.39414338767528534,0.4389059618115425
llava_1_5_7b,all,input_cancellation,HALL,25,450,450,0,0.3622064936823315,0.32025033980607986,0.3523545116186142,0.39203018695116043
llava_1_5_7b,all,input_cancellation,HALL,26,450,450,0,0.3690979039006763,0.3291306793689728,0.36017245054244995,0.4022056311368942
llava_1_5_7b,all,input_cancellation,HALL,27,450,450,0,0.37445373389456005,0.33050844818353653,0.3594122529029846,0.40000496059656143
llava_1_5_7b,all,input_cancellation,HALL,28,450,450,0,0.3922967335250643,0.36469654738903046,0.38586050271987915,0.40502338111400604
llava_1_5_7b,all,input_cancellation,HALL,29,450,450,0,0.4153956005970637,0.3638429492712021,0.40216144919395447,0.4578554481267929
llava_1_5_7b,all,input_cancellation,HALL,30,450,450,0,0.3498480835888121,0.3187524527311325,0.3431568890810013,0.3731832578778267
llava_1_5_7b,all,input_cancellation,HALL,31,450,450,0,0.3855621830622355,0.3553457334637642,0.37858299911022186,0.4056508466601372
llava_1_5_7b,all,input_cancellation,HALL,32,450,450,0,0.47855491942829553,0.45205550640821457,0.4805760532617569,0.5065971314907074
llava_1_5_7b,all,cancellation_change,REAL,1,1503,1503,0,-0.00858846158920149,-0.04326417528371512,-0.0060782032939064035,0.02843600839306365
llava_1_5_7b,all,cancellation_change,REAL,2,1503,1503,0,0.0734564080842081,0.04329098648457619,0.06094969089222224,0.0889216300470746
llava_1_5_7b,all,cancellation_change,REAL,3,1503,1503,0,-0.05148462831768378,-0.06432868195087502,-0.052216976161249096,-0.040071028910599854
llava_1_5_7b,all,cancellation_change,REAL,4,1503,1503,0,-0.006366108904930004,-0.029875132013698208,-0.0051786835023839295,0.018218153025219508
llava_1_5_7b,all,cancellation_change,REAL,5,1503,1503,0,-0.004289140421535287,-0.02400200882636358,-0.007646230090272099,0.011169849831721756
llava_1_5_7b,all,cancellation_change,REAL,6,1503,1503,0,0.03519078773264233,0.01844027910677351,0.038544345671703506,0.05352639901916731
llava_1_5_7b,all,cancellation_change,REAL,7,1503,1503,0,0.046624866135797416,0.03182278311678022,0.04863949780536736,0.06386973881505953
llava_1_5_7b,all,cancellation_change,REAL,8,1503,1503,0,0.04950440306899482,0.03615904292965727,0.05085876470923201,0.06437035830127236
llava_1_5_7b,all,cancellation_change,REAL,9,1503,1503,0,0.03921985482194533,0.024769176784453173,0.04059665323330536,0.0549081755983834
llava_1_5_7b,all,cancellation_change,REAL,10,1503,1503,0,0.04182304069017802,0.029543567999866016,0.04143528508973893,0.053453389860197986
llava_1_5_7b,all,cancellation_change,REAL,11,1503,1503,0,0.0585133734789843,0.04631573191798366,0.05929879446427988,0.07154512429461224
llava_1_5_7b,all,cancellation_change,REAL,12,1503,1503,0,0.04186791207184229,0.02468122768811498,0.04109031471012292,0.05782743214991862
llava_1_5_7b,all,cancellation_change,REAL,13,1503,1503,0,0.0401282902541185,0.022275851561214977,0.038060108205808074,0.05645423577233605
llava_1_5_7b,all,cancellation_change,REAL,14,1503,1503,0,0.031301342128628895,0.015785990396581295,0.032068972782215155,0.04751723657704676
llava_1_5_7b,all,cancellation_change,REAL,15,1503,1503,0,0.04247254937547775,0.025639556862021212,0.043155644127843173,0.058323702969761054
llava_1_5_7b,all,cancellation_change,REAL,16,1503,1503,0,0.01724288465312289,-0.001362062182435675,0.01424219539762367,0.03369058039766576
llava_1_5_7b,all,cancellation_change,REAL,17,1503,1503,0,0.07166364185992022,0.05395431054835917,0.07024917213639048,0.08725341438373388
llava_1_5_7b,all,cancellation_change,REAL,18,1503,1503,0,0.05437383370727644,0.03980117541187228,0.052949429286707816,0.06773375156956288
llava_1_5_7b,all,cancellation_change,REAL,19,1503,1503,0,0.06380275659479889,0.04499938477657453,0.06361483515815902,0.08313060567948755
llava_1_5_7b,all,cancellation_change,REAL,20,1503,1503,0,0.02501638874035879,0.00939170514459886,0.0238612072439105,0.03902960048218762
llava_1_5_7b,all,cancellation_change,REAL,21,1503,1503,0,0.07498276691176689,0.05223107185273812,0.0730268078558336,0.0934734673439842
llava_1_5_7b,all,cancellation_change,REAL,22,1503,1503,0,0.03643744641819381,0.018470200983970703,0.03207205082800274,0.049505351044826396
llava_1_5_7b,all,cancellation_change,REAL,23,1503,1503,0,0.024500143726495432,0.0036360879165531768,0.01743498966807494,0.03507472995910599
llava_1_5_7b,all,cancellation_change,REAL,24,1503,1503,0,0.021434801747671702,0.0025509248026002185,0.01523284976710293,0.03176088940300492
llava_1_5_7b,all,cancellation_change,REAL,25,1503,1503,0,0.023960759260234298,-0.0009075177876863294,0.012249188231363284,0.033640845991790624
llava_1_5_7b,all,cancellation_change,REAL,26,1503,1503,0,0.07213276560110063,0.03373117404435444,0.05734865476270423,0.09243127662360742
llava_1_5_7b,all,cancellation_change,REAL,27,1503,1503,0,-0.003248575357351169,-0.020881510069429426,-0.0062590233880092105,0.010307408384957861
llava_1_5_7b,all,cancellation_change,REAL,28,1503,1503,0,0.06985165605208822,0.026087345058557282,0.06347380307093409,0.10834884045002466
llava_1_5_7b,all,cancellation_change,REAL,29,1503,1503,0,0.017382082358589585,-0.009901061647352272,0.006721697533773552,0.031152075048358485
llava_1_5_7b,all,cancellation_change,REAL,30,1503,1503,0,0.011203702841851095,-0.00646422107369482,0.004615842978201945,0.020439127404566465
llava_1_5_7b,all,cancellation_change,REAL,31,1503,1503,0,0.15307762764257984,0.0958236498474867,0.1534101222144335,0.21139337920913776
llava_1_5_7b,all,cancellation_change,REAL,32,1503,1503,0,0.20386951596408034,0.1630317980351188,0.2002777254855238,0.24592925542487554
llava_1_5_7b,all,cancellation_change,HALL,1,450,450,0,0.03493606944380662,0.01755869535818208,0.04194502442816561,0.058581908975772784
llava_1_5_7b,all,cancellation_change,HALL,2,450,450,0,0.09213331160582246,0.04743111595356245,0.0761043447917375,0.1385389285740171
llava_1_5_7b,all,cancellation_change,HALL,3,450,450,0,-0.05710472181581941,-0.0708779960214977,-0.05865016565539932,-0.04569212351586614
llava_1_5_7b,all,cancellation_change,HALL,4,450,450,0,-0.024553718985764,-0.04718321512236606,-0.02271477145077963,-0.003310206981370495
llava_1_5_7b,all,cancellation_change,HALL,5,450,450,0,-0.0189199514321146,-0.0326006938947145,-0.02014203079918761,-0.0062317882411887515
llava_1_5_7b,all,cancellation_change,HALL,6,450,450,0,0.01562445691575838,-0.004999397504300049,0.016156924192779837,0.03449781366300153
llava_1_5_7b,all,cancellation_change,HALL,7,450,450,0,0.0281452968557018,0.01041600539640336,0.029305183533743617,0.04586651763907465
llava_1_5_7b,all,cancellation_change,HALL,8,450,450,0,0.0570606275963268,0.04099665189349877,0.05796368930607665,0.07445727141242617
llava_1_5_7b,all,cancellation_change,HALL,9,450,450,0,0.04651270826900761,0.035106088199898924,0.04812880398367106,0.06030490224385934
llava_1_5_7b,all,cancellation_change,HALL,10,450,450,0,0.031372547964083564,0.0232170204489017,0.030487608634923113,0.04008307816642394
llava_1_5_7b,all,cancellation_change,HALL,11,450,450,0,0.052131498752000294,0.040394058400269425,0.052349667527427285,0.06359411664107475
llava_1_5_7b,all,cancellation_change,HALL,12,450,450,0,0.03325894153890662,0.019186329783796266,0.03244317065986557,0.047696741025347406
llava_1_5_7b,all,cancellation_change,HALL,13,450,450,0,0.028798566921089494,0.016267123343705323,0.026833285170024396,0.04007010677334023
llava_1_5_7b,all,cancellation_change,HALL,14,450,450,0,0.03289927434367664,0.01696160114612391,0.03454815764298297,0.05213093981689727
llava_1_5_7b,all,cancellation_change,HALL,15,450,450,0,0.039854029449052,0.021545586694225044,0.0413933695216569,0.05600300056468249
llava_1_5_7b,all,cancellation_change,HALL,16,450,450,0,0.0005496018745600764,-0.014269463352351866,-0.0014842370491049972,0.0124681263707897
llava_1_5_7b,all,cancellation_change,HALL,17,450,450,0,0.061659795010774114,0.04907779697316235,0.06211409796942058,0.07220456677943062
llava_1_5_7b,all,cancellation_change,HALL,18,450,450,0,0.0649904583541406,0.05131915023744364,0.06605330407442081,0.07753943603329816
llava_1_5_7b,all,cancellation_change,HALL,19,450,450,0,0.05565916308982308,0.03803062259353082,0.057213193053179456,0.07345067168026362
llava_1_5_7b,all,cancellation_change,HALL,20,450,450,0,0.030697638346866167,0.01793311013197582,0.030277147399081272,0.04165169480485871
llava_1_5_7b,all,cancellation_change,HALL,21,450,450,0,0.07485707971355182,0.05981324419218105,0.07384512500958224,0.08950196334786283
llava_1_5_7b,all,cancellation_change,HALL,22,450,450,0,0.03297109727495573,0.016732729975055413,0.02846252957080897,0.045135337595953146
llava_1_5_7b,all,cancellation_change,HALL,23,450,450,0,0.01809224979372852,0.0009207362553505793,0.013392356495195629,0.028386942427094178
llava_1_5_7b,all,cancellation_change,HALL,24,450,450,0,0.015901589653033735,0.0007107343888981821,0.011958931253320398,0.025785112917636882
llava_1_5_7b,all,cancellation_change,HALL,25,450,450,0,0.01818245858305917,-0.0032562148884273806,0.006430611278306297,0.02464384640232853
llava_1_5_7b,all,cancellation_change,HALL,26,450,450,0,0.05285899835275672,0.01875573233029483,0.03774141157377903,0.06763740675676728
llava_1_5_7b,all,cancellation_change,HALL,27,450,450,0,0.003802674116481136,-0.01065690366374454,0.0002596550183994739,0.012581742703481821
llava_1_5_7b,all,cancellation_change,HALL,28,450,450,0,0.08534603362089209,0.05189255962398105,0.08222279246297343,0.11773069835901878
llava_1_5_7b,all,cancellation_change,HALL,29,450,450,0,0.01505100272048397,-0.0023893848703618603,0.01183875348614799,0.025747368936737805
llava_1_5_7b,all,cancellation_change,HALL,30,450,450,0,0.013019571471847971,-0.0033404383709361024,0.004912616495709898,0.020253157072357614
llava_1_5_7b,all,cancellation_change,HALL,31,450,450,0,0.17500569576287886,0.13620666165636794,0.17766152906097582,0.2117713560142543
llava_1_5_7b,all,cancellation_change,HALL,32,450,450,0,0.24468348576411011,0.2010179498359559,0.2510286220124611,0.29210529415531616
llava_1_5_7b,train,amp_mean,REAL,1,1211,1211,0,1.4893625401736563,1.0619897000383078,1.4217566829111532,1.9780563870355716
llava_1_5_7b,train,amp_mean,REAL,2,1211,1211,0,0.8068633393508999,0.6734568445816665,0.7672166285241677,0.8849204950954094
llava_1_5_7b,train,amp_mean,REAL,3,1211,1211,0,0.5536293484890855,0.5024261702062152,0.5449897552486244,0.5874078047531384
llava_1_5_7b,train,amp_mean,REAL,4,1211,1211,0,0.7397440346303191,0.6969568543273604,0.7335611325190011,0.7739713811402754
llava_1_5_7b,train,amp_mean,REAL,5,1211,1211,0,0.7416560930435311,0.706109011972756,0.7441474326038953,0.7773785323856635
llava_1_5_7b,train,amp_mean,REAL,6,1211,1211,0,0.7289371463443588,0.6890494153754866,0.7346890252291086,0.769150112119066
llava_1_5_7b,train,amp_mean,REAL,7,1211,1211,0,0.6967568974524786,0.6614760361134224,0.6992090556136112,0.7325444091636895
llava_1_5_7b,train,amp_mean,REAL,8,1211,1211,0,0.7009021250745495,0.6700554540194907,0.6988212473286457,0.7306954467643217
llava_1_5_7b,train,amp_mean,REAL,9,1211,1211,0,0.6172854341349854,0.59766066422242,0.6177031352466119,0.637953407536392
llava_1_5_7b,train,amp_mean,REAL,10,1211,1211,0,0.6145138797086821,0.5891869228717957,0.6139725541612276,0.6397346728778415
llava_1_5_7b,train,amp_mean,REAL,11,1211,1211,0,0.6155486423103772,0.5982462471066265,0.6167052072802177,0.634763227285855
llava_1_5_7b,train,amp_mean,REAL,12,1211,1211,0,0.5713256413598042,0.5527648687942235,0.5716020974934877,0.5902068203109919
llava_1_5_7b,train,amp_mean,REAL,13,1211,1211,0,0.5480505929264116,0.523493432207797,0.5484609349398488,0.5740985554627236
llava_1_5_7b,train,amp_mean,REAL,14,1211,1211,0,0.5125397599971058,0.4949489491603971,0.5161896543427796,0.5335592728720024
llava_1_5_7b,train,amp_mean,REAL,15,1211,1211,0,0.4794737368041258,0.46215756843828415,0.47895554936813745,0.49698416694809855
llava_1_5_7b,train,amp_mean,REAL,16,1211,1211,0,0.4583103668004726,0.43980378491170036,0.4570412021152188,0.47610530838193377
llava_1_5_7b,train,amp_mean,REAL,17,1211,1211,0,0.457070936892207,0.43722904317478106,0.45509482003495944,0.474517137221831
llava_1_5_7b,train,amp_mean,REAL,18,1211,1211,0,0.40213136022250184,0.3851099977896908,0.3999407501631132,0.4174643157009262
llava_1_5_7b,train,amp_mean,REAL,19,1211,1211,0,0.4336427736535555,0.4165196525682441,0.43135770045903027,0.4485667072967541
llava_1_5_7b,train,amp_mean,REAL,20,1211,1211,0,0.3521696106872518,0.3336690200354677,0.3486972325387001,0.3660199667118708
llava_1_5_7b,train,amp_mean,REAL,21,1211,1211,0,0.36779035028745266,0.34743048328150183,0.3649844127470911,0.3872183244769066
llava_1_5_7b,train,amp_mean,REAL,22,1211,1211,0,0.2975745439617953,0.2784324978017345,0.2936179095170222,0.31359576573440195
llava_1_5_7b,train,amp_mean,REAL,23,1211,1211,0,0.25948030434394653,0.24471179704351245,0.2581578887763027,0.2733522952227556
llava_1_5_7b,train,amp_mean,REAL,24,1211,1211,0,0.2590387770206037,0.24242720444985644,0.2574847549008487,0.27506218512709923
llava_1_5_7b,train,amp_mean,REAL,25,1211,1211,0,0.23979473608395643,0.22569929736271077,0.2384375619865617,0.2526678706323421
llava_1_5_7b,train,amp_mean,REAL,26,1211,1211,0,0.2661923390917021,0.2492831651064402,0.2640660294084594,0.2802592722224622
llava_1_5_7b,train,amp_mean,REAL,27,1211,1211,0,0.239491860164001,0.22649811904921527,0.23814000589602521,0.2495958154278411
llava_1_5_7b,train,amp_mean,REAL,28,1211,1211,0,0.24128597107462169,0.2276826560038993,0.24079166456157905,0.253271050977262
llava_1_5_7b,train,amp_mean,REAL,29,1211,1211,0,0.24346448889140754,0.2261501472704649,0.2410200535824712,0.2577363563404187
llava_1_5_7b,train,amp_mean,REAL,30,1211,1211,0,0.2304373177556578,0.21734151946367958,0.22913901395175332,0.24119678566523742
llava_1_5_7b,train,amp_mean,REAL,31,1211,1211,0,0.3649881000574711,0.3455255859638368,0.36026248604889655,0.37908436076420626
llava_1_5_7b,train,amp_mean,REAL,32,1211,1211,0,1.533394912120942,1.4201061577613918,1.533826998162049,1.6450948627694935
llava_1_5_7b,train,amp_mean,HALL,1,375,375,0,1.3867719455681,1.0419707646732381,1.4290433057475325,1.6000739450103052
llava_1_5_7b,train,amp_mean,HALL,2,375,375,0,0.8789111043967766,0.7372112507620718,0.8234205407066264,1.0030689621505018
llava_1_5_7b,train,amp_mean,HALL,3,375,375,0,0.5600451642759403,0.5232959964243943,0.5562652743888024,0.5881158986326847
llava_1_5_7b,train,amp_mean,HALL,4,375,375,0,0.7303623191037051,0.6862830693275606,0.7291227406400369,0.7681544943844086
llava_1_5_7b,train,amp_mean,HALL,5,375,375,0,0.7218983971821956,0.6928057135527702,0.7215619315665979,0.7475020775645217
llava_1_5_7b,train,amp_mean,HALL,6,375,375,0,0.7083598629667651,0.6740936265007687,0.7105345182898009,0.7421612614443427
llava_1_5_7b,train,amp_mean,HALL,7,375,375,0,0.6677539903120887,0.6374857519463636,0.6615002838293005,0.6974965064250054
llava_1_5_7b,train,amp_mean,HALL,8,375,375,0,0.7130380171616983,0.6796966604080381,0.7154803719536079,0.7485603490846755
llava_1_5_7b,train,amp_mean,HALL,9,375,375,0,0.6183586156559358,0.6012270197526326,0.6179960312870573,0.6372015848526693
llava_1_5_7b,train,amp_mean,HALL,10,375,375,0,0.6191572414069911,0.5988443319076902,0.619744746943081,0.6406684277856611
llava_1_5_7b,train,amp_mean,HALL,11,375,375,0,0.6225972156947069,0.605668160565198,0.6226176634016406,0.6397149456092566
llava_1_5_7b,train,amp_mean,HALL,12,375,375,0,0.5801119552026003,0.5593076094032711,0.5794289619052488,0.6037107029197346
llava_1_5_7b,train,amp_mean,HALL,13,375,375,0,0.5718841711956099,0.5525385674303194,0.5749537824545938,0.5949829078720552
llava_1_5_7b,train,amp_mean,HALL,14,375,375,0,0.5169548703640668,0.49710516335114024,0.5194511784723663,0.5359697351875389
llava_1_5_7b,train,amp_mean,HALL,15,375,375,0,0.4770636657214996,0.4592090366976399,0.476160824980128,0.49335070798970215
llava_1_5_7b,train,amp_mean,HALL,16,375,375,0,0.46584400051697217,0.45005868230317214,0.4653323459713399,0.4802714272961317
llava_1_5_7b,train,amp_mean,HALL,17,375,375,0,0.4492852053501939,0.4323506482692848,0.44529930162247783,0.4618094807236935
llava_1_5_7b,train,amp_mean,HALL,18,375,375,0,0.400268916973089,0.3832039294958561,0.3956562829696211,0.41283919164060423
llava_1_5_7b,train,amp_mean,HALL,19,375,375,0,0.42847767065314124,0.4116609685940275,0.42663787449210616,0.44202607804074745
llava_1_5_7b,train,amp_mean,HALL,20,375,375,0,0.3448929418895427,0.32918848124742583,0.34161353463843436,0.3563031801166586
llava_1_5_7b,train,amp_mean,HALL,21,375,375,0,0.36131258188417503,0.3458185961889672,0.3586850665130577,0.3735564113205646
llava_1_5_7b,train,amp_mean,HALL,22,375,375,0,0.2936313120468699,0.280337220176209,0.2897097811489882,0.3016707157682827
llava_1_5_7b,train,amp_mean,HALL,23,375,375,0,0.25896241159855526,0.24976207641370068,0.25686493953849604,0.26700807711760854
llava_1_5_7b,train,amp_mean,HALL,24,375,375,0,0.25603343442071924,0.24270035276262994,0.2536903051946775,0.2654197555446919
llava_1_5_7b,train,amp_mean,HALL,25,375,375,0,0.23940523251541065,0.22979159822452352,0.23828599836499198,0.24703380393295846
llava_1_5_7b,train,amp_mean,HALL,26,375,375,0,0.2635249795522912,0.2507650584807131,0.26164053434720747,0.27387930382098746
llava_1_5_7b,train,amp_mean,HALL,27,375,375,0,0.2410661845836148,0.23145099519237175,0.23961670261080284,0.24983436524807648
llava_1_5_7b,train,amp_mean,HALL,28,375,375,0,0.2408937394671207,0.23094739247185309,0.2399917047070636,0.24999925933969336
llava_1_5_7b,train,amp_mean,HALL,29,375,375,0,0.24123301168327613,0.22699529986969336,0.24028142620519055,0.25377172119772257
llava_1_5_7b,train,amp_mean,HALL,30,375,375,0,0.230781775516206,0.22211671273999872,0.23002723291125016,0.23776326387159058
llava_1_5_7b,train,amp_mean,HALL,31,375,375,0,0.36725041670443526,0.35243620576597545,0.3648272308661228,0.37824643166147953
llava_1_5_7b,train,amp_mean,HALL,32,375,375,0,1.446280979871028,1.3455075663183633,1.4276887631450597,1.535993002864251
llava_1_5_7b,train,amp_median,REAL,1,1211,1211,0,1.4566165098681942,1.0464865479682934,1.40602959396232,1.9256878797994879
llava_1_5_7b,train,amp_median,REAL,2,1211,1211,0,0.7914353463680902,0.6668675314343366,0.758462967592292,0.8632036609026901
llava_1_5_7b,train,amp_median,REAL,3,1211,1211,0,0.5467579859810877,0.49456429667349083,0.5383673120710344,0.5819332941683746
llava_1_5_7b,train,amp_median,REAL,4,1211,1211,0,0.7397145409094247,0.6947938113392744,0.7347805676248464,0.7751233300119587
llava_1_5_7b,train,amp_median,REAL,5,1211,1211,0,0.7390870552678019,0.7013493985675057,0.7380539307367918,0.7746048154537541
llava_1_5_7b,train,amp_median,REAL,6,1211,1211,0,0.7309525328461922,0.6882310716531004,0.7339144148638455,0.7728991269190336
llava_1_5_7b,train,amp_median,REAL,7,1211,1211,0,0.6941956742657592,0.6559208346483121,0.6969367761033769,0.7328853266561062
llava_1_5_7b,train,amp_median,REAL,8,1211,1211,0,0.6970770106021392,0.6635985198287274,0.6949656192264504,0.7283822485560922
llava_1_5_7b,train,amp_median,REAL,9,1211,1211,0,0.6153691318990432,0.5942734012669686,0.6160279066713005,0.6367518144616391
llava_1_5_7b,train,amp_median,REAL,10,1211,1211,0,0.610502136558965,0.5846088159776617,0.6091142856667597,0.6351254072471845
llava_1_5_7b,train,amp_median,REAL,11,1211,1211,0,0.6137984947831248,0.5970219077528378,0.6153276012729614,0.6328564557828846
llava_1_5_7b,train,amp_median,REAL,12,1211,1211,0,0.5713509736808708,0.5521285035571638,0.5715893263334386,0.5906577963020119
llava_1_5_7b,train,amp_median,REAL,13,1211,1211,0,0.5440094436187505,0.518089798666585,0.543628029071827,0.5699920062322702
llava_1_5_7b,train,amp_median,REAL,14,1211,1211,0,0.5121121596876635,0.49311531162065475,0.5154933903380312,0.5330661418134723
llava_1_5_7b,train,amp_median,REAL,15,1211,1211,0,0.4766885904880393,0.45995569860712665,0.4768179395757701,0.4929643650414116
llava_1_5_7b,train,amp_median,REAL,16,1211,1211,0,0.45630088387618034,0.4377997066734499,0.4551574162708339,0.47439933574481613
llava_1_5_7b,train,amp_median,REAL,17,1211,1211,0,0.4543130047510612,0.4351369525132041,0.45183886130834755,0.4718132065203183
llava_1_5_7b,train,amp_median,REAL,18,1211,1211,0,0.3960450313911957,0.3802355725949435,0.39382110789133173,0.41176756707596507
llava_1_5_7b,train,amp_median,REAL,19,1211,1211,0,0.4280625057260591,0.4107432321681793,0.425244786328825,0.44325612862066344
llava_1_5_7b,train,amp_median,REAL,20,1211,1211,0,0.3467751054692202,0.3267819318804619,0.3438989349230913,0.3613449355324347
llava_1_5_7b,train,amp_median,REAL,21,1211,1211,0,0.3645335907581257,0.34434823795514113,0.36297404556267515,0.3844722164384282
llava_1_5_7b,train,amp_median,REAL,22,1211,1211,0,0.2883060478415339,0.2705741558638176,0.28550406489875474,0.3044951455746361
llava_1_5_7b,train,amp_median,REAL,23,1211,1211,0,0.25813519054011425,0.24460599830652263,0.2582109129957304,0.2717397183179583
llava_1_5_7b,train,amp_median,REAL,24,1211,1211,0,0.2522720927839183,0.2355893518699006,0.2508850641004021,0.26860005802730946
llava_1_5_7b,train,amp_median,REAL,25,1211,1211,0,0.23626439847134262,0.22221140032910014,0.23580530364860255,0.25010011908650576
llava_1_5_7b,train,amp_median,REAL,26,1211,1211,0,0.2506392500842334,0.2346516163992113,0.24841184537579825,0.2637264102927267
llava_1_5_7b,train,amp_median,REAL,27,1211,1211,0,0.2277696979672391,0.21497436779352647,0.2254575906641309,0.2386796707195314
llava_1_5_7b,train,amp_median,REAL,28,1211,1211,0,0.23229609929606315,0.21892531724776768,0.23057200121517607,0.2436351527942314
llava_1_5_7b,train,amp_median,REAL,29,1211,1211,0,0.23041717247765878,0.21387519625387175,0.2270400912386668,0.24247842586354076
llava_1_5_7b,train,amp_median,REAL,30,1211,1211,0,0.21922710515105961,0.20770099059734462,0.21756928770871464,0.22859602957395525
llava_1_5_7b,train,amp_median,REAL,31,1211,1211,0,0.34144001761639836,0.31605163134908204,0.33544336703670685,0.3599247767034062
llava_1_5_7b,train,amp_median,REAL,32,1211,1211,0,1.5962365702632573,1.4661698528886649,1.6197826967914715,1.747117041024763
llava_1_5_7b,train,amp_median,HALL,1,375,375,0,1.3658313131480209,1.0312220522104125,1.4250889041204435,1.5777511530443198
llava_1_5_7b,train,amp_median,HALL,2,375,375,0,0.8468659861937673,0.7267221820531449,0.806972691672176,0.9422297181069907
llava_1_5_7b,train,amp_median,HALL,3,375,375,0,0.5524382395570923,0.5149835325586236,0.5482982494727487,0.5791825008030972
llava_1_5_7b,train,amp_median,HALL,4,375,375,0,0.7283557556453658,0.6827455281432082,0.725639854935032,0.7691965505958054
llava_1_5_7b,train,amp_median,HALL,5,375,375,0,0.718981350288638,0.6895795314863998,0.7184065922992303,0.7454042520400217
llava_1_5_7b,train,amp_median,HALL,6,375,375,0,0.7130511574704917,0.6778737466971703,0.7164128881445757,0.7491473254140464
llava_1_5_7b,train,amp_median,HALL,7,375,375,0,0.6664604745506745,0.6345757475271702,0.661251876146381,0.696270606547802
llava_1_5_7b,train,amp_median,HALL,8,375,375,0,0.7162439592774312,0.6802125614437798,0.7200077306863442,0.7568392013458296
llava_1_5_7b,train,amp_median,HALL,9,375,375,0,0.6169963263476008,0.5984012484634789,0.6178034857128314,0.6375739857875107
llava_1_5_7b,train,amp_median,HALL,10,375,375,0,0.6154236646329893,0.5944045294018272,0.615830154138088,0.6382221082510808
llava_1_5_7b,train,amp_median,HALL,11,375,375,0,0.6207060328614036,0.6046503992379857,0.6213373083168703,0.6377597259020049
llava_1_5_7b,train,amp_median,HALL,12,375,375,0,0.5794287126953481,0.5579818739393893,0.57921712739659,0.6014742001791245
llava_1_5_7b,train,amp_median,HALL,13,375,375,0,0.5712257918598346,0.5517161559054673,0.57342097656644,0.5959825771603993
llava_1_5_7b,train,amp_median,HALL,14,375,375,0,0.5152767644707074,0.49567547086931507,0.5166773910092277,0.5354572381867374
llava_1_5_7b,train,amp_median,HALL,15,375,375,0,0.47603921994970155,0.45954949693130465,0.47580525093141274,0.4905236266628655
llava_1_5_7b,train,amp_median,HALL,16,375,375,0,0.46392158972721625,0.44790830523635006,0.4635489262565259,0.4785428838960549
llava_1_5_7b,train,amp_median,HALL,17,375,375,0,0.44722280028363065,0.4301183078837242,0.44367211334223366,0.45943302189425783
llava_1_5_7b,train,amp_median,HALL,18,375,375,0,0.39662935216808776,0.37942309660322937,0.3921676221009641,0.4100804056717823
llava_1_5_7b,train,amp_median,HALL,19,375,375,0,0.42274768866715673,0.40506311392597816,0.421809434077682,0.4358812875182131
llava_1_5_7b,train,amp_median,HALL,20,375,375,0,0.33706368632882205,0.32162887026327824,0.3335621462957161,0.34803717797635464
llava_1_5_7b,train,amp_median,HALL,21,375,375,0,0.35861373941894686,0.34348732349454353,0.3557319621755377,0.3716165876668043
llava_1_5_7b,train,amp_median,HALL,22,375,375,0,0.2861921798695095,0.2741066061206568,0.2836750960568438,0.2948834371147271
llava_1_5_7b,train,amp_median,HALL,23,375,375,0,0.2567708445128711,0.24812003433783703,0.2545524049207628,0.2641624452501893
llava_1_5_7b,train,amp_median,HALL,24,375,375,0,0.24580856608012142,0.23316211945198895,0.24187632706155437,0.2547005922069731
llava_1_5_7b,train,amp_median,HALL,25,375,375,0,0.23484518467155877,0.2256118704180558,0.23400167834777452,0.24307847411724537
llava_1_5_7b,train,amp_median,HALL,26,375,375,0,0.24918618738443585,0.23551618422385517,0.24673823197539999,0.26003498070246733
llava_1_5_7b,train,amp_median,HALL,27,375,375,0,0.2279507078182005,0.2188747074583888,0.22703330596585053,0.23398596963437807
llava_1_5_7b,train,amp_median,HALL,28,375,375,0,0.23071612579125678,0.22063761552806205,0.2295909455699599,0.23893807842359138
llava_1_5_7b,train,amp_median,HALL,29,375,375,0,0.22353213598498603,0.21289106943083652,0.22169429776213484,0.23055830033180036
llava_1_5_7b,train,amp_median,HALL,30,375,375,0,0.21991257763639552,0.21223785402441056,0.21895978671633515,0.22576441712031403
llava_1_5_7b,train,amp_median,HALL,31,375,375,0,0.34156724806796246,0.32164454057577235,0.338285861562551,0.35547066440702957
llava_1_5_7b,train,amp_median,HALL,32,375,375,0,1.4846447810852246,1.3481192983682537,1.4988173316890663,1.6179056116312904
llava_1_5_7b,train,amp_fraction_gt1,REAL,1,1211,1211,0,0.8059354642627764,0.6232638888888888,1.0,1.0
llava_1_5_7b,train,amp_fraction_gt1,REAL,2,1211,1211,0,0.1401676759335719,0.0,0.012152777777777778,0.2126736111111111
llava_1_5_7b,train,amp_fraction_gt1,REAL,3,1211,1211,0,0.0003125286723552619,0.0,0.0,0.0
llava_1_5_7b,train,amp_fraction_gt1,REAL,4,1211,1211,0,0.01341737075998197,0.0,0.0,0.005208333333333333
llava_1_5_7b,train,amp_fraction_gt1,REAL,5,1211,1211,0,0.008848298806831101,0.0,0.0,0.001736111111111111
llava_1_5_7b,train,amp_fraction_gt1,REAL,6,1211,1211,0,0.005199731626754748,0.0,0.0,0.0
llava_1_5_7b,train,amp_fraction_gt1,REAL,7,1211,1211,0,0.00594808009909166,0.0,0.0,0.0
llava_1_5_7b,train,amp_fraction_gt1,REAL,8,1211,1211,0,0.005388969171483624,0.0,0.0,0.001736111111111111
llava_1_5_7b,train,amp_fraction_gt1,REAL,9,1211,1211,0,4.444215065602349e-05,0.0,0.0,0.0
llava_1_5_7b,train,amp_fraction_gt1,REAL,10,1211,1211,0,2.867235526195064e-06,0.0,0.0,0.0
llava_1_5_7b,train,amp_fraction_gt1,REAL,11,1211,1211,0,1.0035324341682723e-05,0.0,0.0,0.0
llava_1_5_7b,train,amp_fraction_gt1,REAL,12,1211,1211,0,0.0,0.0,0.0,0.0
llava_1_5_7b,train,amp_fraction_gt1,REAL,13,1211,1211,0,9.605239012753464e-05,0.0,0.0,0.0
llava_1_5_7b,train,amp_fraction_gt1,REAL,14,1211,1211,0,0.0,0.0,0.0,0.0
llava_1_5_7b,train,amp_fraction_gt1,REAL,15,1211,1211,0,1.5769795394072852e-05,0.0,0.0,0.0
llava_1_5_7b,train,amp_fraction_gt1,REAL,16,1211,1211,0,7.1680888154876595e-06,0.0,0.0,0.0
llava_1_5_7b,train,amp_fraction_gt1,REAL,17,1211,1211,0,2.7238737498853107e-05,0.0,0.0,0.0
llava_1_5_7b,train,amp_fraction_gt1,REAL,18,1211,1211,0,3.0105973025048173e-05,0.0,0.0,0.0
llava_1_5_7b,train,amp_fraction_gt1,REAL,19,1211,1211,0,0.0,0.0,0.0,0.0
llava_1_5_7b,train,amp_fraction_gt1,REAL,20,1211,1211,0,7.1680888154876595e-06,0.0,0.0,0.0
llava_1_5_7b,train,amp_fraction_gt1,REAL,21,1211,1211,0,0.00027812184604092123,0.0,0.0,0.0
llava_1_5_7b,train,amp_fraction_gt1,REAL,22,1211,1211,0,1.433617763097532e-06,0.0,0.0,0.0
llava_1_5_7b,train,amp_fraction_gt1,REAL,23,1211,1211,0,7.454812368107164e-05,0.0,0.0,0.0
llava_1_5_7b,train,amp_fraction_gt1,REAL,24,1211,1211,0,6.451279933938893e-05,0.0,0.0,0.0
llava_1_5_7b,train,amp_fraction_gt1,REAL,25,1211,1211,0,6.7380034865584e-05,0.0,0.0,0.0
llava_1_5_7b,train,amp_fraction_gt1,REAL,26,1211,1211,0,0.0004859964216900634,0.0,0.0,0.0
llava_1_5_7b,train,amp_fraction_gt1,REAL,27,1211,1211,0,1.2902559867877786e-05,0.0,0.0,0.0
llava_1_5_7b,train,amp_fraction_gt1,REAL,28,1211,1211,0,0.0,0.0,0.0,0.0
llava_1_5_7b,train,amp_fraction_gt1,REAL,29,1211,1211,0,0.0,0.0,0.0,0.0
llava_1_5_7b,train,amp_fraction_gt1,REAL,30,1211,1211,0,0.0,0.0,0.0,0.0
llava_1_5_7b,train,amp_fraction_gt1,REAL,31,1211,1211,0,0.0,0.0,0.0,0.0
llava_1_5_7b,train,amp_fraction_gt1,REAL,32,1211,1211,0,0.7535582392880081,0.6805555555555556,0.7638888888888888,0.8315972222222222
llava_1_5_7b,train,amp_fraction_gt1,HALL,1,375,375,0,0.8114444444444443,0.6232638888888888,1.0,1.0
llava_1_5_7b,train,amp_fraction_gt1,HALL,2,375,375,0,0.21952314814814816,0.0026041666666666665,0.11458333333333333,0.4071180555555556
llava_1_5_7b,train,amp_fraction_gt1,HALL,3,375,375,0,4.1666666666666665e-05,0.0,0.0,0.0
llava_1_5_7b,train,amp_fraction_gt1,HALL,4,375,375,0,0.007694774557165862,0.0,0.0,0.003472222222222222
llava_1_5_7b,train,amp_fraction_gt1,HALL,5,375,375,0,0.0024399033816425116,0.0,0.0,0.0
llava_1_5_7b,train,amp_fraction_gt1,HALL,6,375,375,0,0.0025416666666666665,0.0,0.0,0.0
llava_1_5_7b,train,amp_fraction_gt1,HALL,7,375,375,0,0.0026296296296296293,0.0,0.0,0.0
llava_1_5_7b,train,amp_fraction_gt1,HALL,8,375,375,0,0.0038009259259259255,0.0,0.0,0.0
llava_1_5_7b,train,amp_fraction_gt1,HALL,9,375,375,0,4.6296296296296296e-06,0.0,0.0,0.0
llava_1_5_7b,train,amp_fraction_gt1,HALL,10,375,375,0,0.0,0.0,0.0,0.0
llava_1_5_7b,train,amp_fraction_gt1,HALL,11,375,375,0,0.0,0.0,0.0,0.0
llava_1_5_7b,train,amp_fraction_gt1,HALL,12,375,375,0,1.8518518518518518e-05,0.0,0.0,0.0
llava_1_5_7b,train,amp_fraction_gt1,HALL,13,375,375,0,5.5555555555555565e-05,0.0,0.0,0.0
llava_1_5_7b,train,amp_fraction_gt1,HALL,14,375,375,0,0.0,0.0,0.0,0.0
llava_1_5_7b,train,amp_fraction_gt1,HALL,15,375,375,0,0.0,0.0,0.0,0.0
llava_1_5_7b,train,amp_fraction_gt1,HALL,16,375,375,0,0.0,0.0,0.0,0.0
llava_1_5_7b,train,amp_fraction_gt1,HALL,17,375,375,0,9.259259259259259e-06,0.0,0.0,0.0
llava_1_5_7b,train,amp_fraction_gt1,HALL,18,375,375,0,0.0,0.0,0.0,0.0
llava_1_5_7b,train,amp_fraction_gt1,HALL,19,375,375,0,0.0,0.0,0.0,0.0
llava_1_5_7b,train,amp_fraction_gt1,HALL,20,375,375,0,0.0,0.0,0.0,0.0
llava_1_5_7b,train,amp_fraction_gt1,HALL,21,375,375,0,2.7777777777777776e-05,0.0,0.0,0.0
llava_1_5_7b,train,amp_fraction_gt1,HALL,22,375,375,0,0.0,0.0,0.0,0.0
llava_1_5_7b,train,amp_fraction_gt1,HALL,23,375,375,0,3.7037037037037037e-05,0.0,0.0,0.0
llava_1_5_7b,train,amp_fraction_gt1,HALL,24,375,375,0,1.3888888888888888e-05,0.0,0.0,0.0
llava_1_5_7b,train,amp_fraction_gt1,HALL,25,375,375,0,0.0,0.0,0.0,0.0
llava_1_5_7b,train,amp_fraction_gt1,HALL,26,375,375,0,2.7777777777777776e-05,0.0,0.0,0.0
llava_1_5_7b,train,amp_fraction_gt1,HALL,27,375,375,0,1.3888888888888888e-05,0.0,0.0,0.0
llava_1_5_7b,train,amp_fraction_gt1,HALL,28,375,375,0,0.0,0.0,0.0,0.0
llava_1_5_7b,train,amp_fraction_gt1,HALL,29,375,375,0,0.0,0.0,0.0,0.0
llava_1_5_7b,train,amp_fraction_gt1,HALL,30,375,375,0,0.0,0.0,0.0,0.0
llava_1_5_7b,train,amp_fraction_gt1,HALL,31,375,375,0,0.0,0.0,0.0,0.0
llava_1_5_7b,train,amp_fraction_gt1,HALL,32,375,375,0,0.7045509259259259,0.6328125,0.6961805555555556,0.7725694444444444
llava_1_5_7b,train,gross_gain,REAL,1,1211,1211,0,1.4990934602542108,1.0620959701982886,1.4379431430150564,1.993067780385282
llava_1_5_7b,train,gross_gain,REAL,2,1211,1211,0,0.777409110197404,0.6570867765362545,0.74504405369781,0.8527012276879715
llava_1_5_7b,train,gross_gain,REAL,3,1211,1211,0,0.5768764786921701,0.5321848196317441,0.568403148940009,0.6094353751143817
llava_1_5_7b,train,gross_gain,REAL,4,1211,1211,0,0.7172106559795762,0.680247793255033,0.7074827195541044,0.7453291220869886
llava_1_5_7b,train,gross_gain,REAL,5,1211,1211,0,0.7482772838590016,0.7056756231984711,0.7475970320766067,0.7888642369619443
llava_1_5_7b,train,gross_gain,REAL,6,1211,1211,0,0.7294604695037706,0.6797409307306125,0.7294652966843708,0.7796104376386027
llava_1_5_7b,train,gross_gain,REAL,7,1211,1211,0,0.7343860663758994,0.6800402874425227,0.7354707565333217,0.7811108056566938
llava_1_5_7b,train,gross_gain,REAL,8,1211,1211,0,0.7187573461153357,0.6758711916739655,0.7216755040021465,0.7527223871612474
llava_1_5_7b,train,gross_gain,REAL,9,1211,1211,0,0.6378809676653306,0.611923966146619,0.640246454517019,0.6653593649868592
llava_1_5_7b,train,gross_gain,REAL,10,1211,1211,0,0.6457238227639122,0.6169806961961716,0.6476827663625968,0.674350968183958
llava_1_5_7b,train,gross_gain,REAL,11,1211,1211,0,0.6474128587749254,0.6236179368222279,0.6469887210951795,0.6733495100880171
llava_1_5_7b,train,gross_gain,REAL,12,1211,1211,0,0.5947007750980163,0.5647838174023176,0.5952137795925682,0.623919944331465
llava_1_5_7b,train,gross_gain,REAL,13,1211,1211,0,0.5952453026567255,0.5611428174502009,0.5967887122930298,0.6262360130640059
llava_1_5_7b,train,gross_gain,REAL,14,1211,1211,0,0.530040217257189,0.5005592955516793,0.5348604762169348,0.5591961461374975
llava_1_5_7b,train,gross_gain,REAL,15,1211,1211,0,0.5007786229083684,0.473262967021339,0.5033398021751573,0.5246701443498064
llava_1_5_7b,train,gross_gain,REAL,16,1211,1211,0,0.4564335445730511,0.4361475990005177,0.4545398784785149,0.47457933884051157
llava_1_5_7b,train,gross_gain,REAL,17,1211,1211,0,0.4780144364063557,0.45081544870579915,0.4737055062304999,0.500719238027103
llava_1_5_7b,train,gross_gain,REAL,18,1211,1211,0,0.43200979434405423,0.40612679003122903,0.42521888873537206,0.44956820043526896
llava_1_5_7b,train,gross_gain,REAL,19,1211,1211,0,0.417010119988689,0.3833253436498959,0.4156583915417792,0.44426687833478834
llava_1_5_7b,train,gross_gain,REAL,20,1211,1211,0,0.3275022236349928,0.30631233885690445,0.32368338745527747,0.3428604206020181
llava_1_5_7b,train,gross_gain,REAL,21,1211,1211,0,0.3650804855326243,0.332466126954866,0.35575619006699954,0.3881544469892861
llava_1_5_7b,train,gross_gain,REAL,22,1211,1211,0,0.2883938688388663,0.26666303745757924,0.2842840620935122,0.3055676368009126
llava_1_5_7b,train,gross_gain,REAL,23,1211,1211,0,0.2751304018915246,0.2526188950388726,0.2684904313647229,0.2889962241985117
llava_1_5_7b,train,gross_gain,REAL,24,1211,1211,0,0.24958250896260706,0.2289480493443622,0.24697036361615596,0.2644596427659177
llava_1_5_7b,train,gross_gain,REAL,25,1211,1211,0,0.25168653779110584,0.23061165248386956,0.2470762984309691,0.2653325491736991
llava_1_5_7b,train,gross_gain,REAL,26,1211,1211,0,0.253953815275587,0.22583410605178125,0.24153685087126253,0.2603902214233526
llava_1_5_7b,train,gross_gain,REAL,27,1211,1211,0,0.22737328607635776,0.21097630793994887,0.22356325015246256,0.23831120417441262
llava_1_5_7b,train,gross_gain,REAL,28,1211,1211,0,0.22241235556424827,0.2089475367181171,0.22122645700829827,0.23243599748112986
llava_1_5_7b,train,gross_gain,REAL,29,1211,1211,0,0.21643583726545856,0.1938622735050634,0.204246354656878,0.21958478624935296
llava_1_5_7b,train,gross_gain,REAL,30,1211,1211,0,0.21639340535513832,0.20179582418745579,0.21237583594325005,0.22636922298030937
llava_1_5_7b,train,gross_gain,REAL,31,1211,1211,0,0.2980231679860485,0.28024949743443506,0.2956419028932457,0.31138345833552683
llava_1_5_7b,train,gross_gain,REAL,32,1211,1211,0,1.32395740592066,1.1478603230769493,1.3138247714960076,1.4911282407051678
llava_1_5_7b,train,gross_gain,HALL,1,375,375,0,1.3988153852472223,1.0489185028845887,1.4426138422827095,1.6148458997483233
llava_1_5_7b,train,gross_gain,HALL,2,375,375,0,0.8390446921432471,0.7200272866143418,0.803147388974582,0.9393282040285638
llava_1_5_7b,train,gross_gain,HALL,3,375,375,0,0.5950441056792237,0.5583419766127047,0.5957752064213091,0.6269177908672803
llava_1_5_7b,train,gross_gain,HALL,4,375,375,0,0.7033383786786845,0.670241271404203,0.6988734077384223,0.7272897302556656
llava_1_5_7b,train,gross_gain,HALL,5,375,375,0,0.7206426044702152,0.688745925031673,0.7183978518388304,0.7478516098939025
llava_1_5_7b,train,gross_gain,HALL,6,375,375,0,0.6928928634911102,0.6622691136302041,0.6915499877039206,0.7210518544355596
llava_1_5_7b,train,gross_gain,HALL,7,375,375,0,0.6865027137944517,0.6445540421725106,0.6755590301956977,0.7138317995474697
llava_1_5_7b,train,gross_gain,HALL,8,375,375,0,0.7031025094961142,0.671655419463381,0.7025359249829575,0.7373982219330233
llava_1_5_7b,train,gross_gain,HALL,9,375,375,0,0.6344683721510697,0.612513350973393,0.6365698629575252,0.6555973049925965
llava_1_5_7b,train,gross_gain,HALL,10,375,375,0,0.636162695191175,0.609589708231328,0.6373357250281839,0.6593801384737139
llava_1_5_7b,train,gross_gain,HALL,11,375,375,0,0.6473141479922604,0.6248975767886065,0.6469241555322849,0.6714033609649082
llava_1_5_7b,train,gross_gain,HALL,12,375,375,0,0.5787394983262624,0.5486566267159434,0.575400547545178,0.6035111969004883
llava_1_5_7b,train,gross_gain,HALL,13,375,375,0,0.6039404374635209,0.5765326763885981,0.6048363704713566,0.6309679801313524
llava_1_5_7b,train,gross_gain,HALL,14,375,375,0,0.5325431422152147,0.5069094003497824,0.5336891590954925,0.5583003677315921
llava_1_5_7b,train,gross_gain,HALL,15,375,375,0,0.4717275603919763,0.4441124449082736,0.46550267214499047,0.49663700333664673
llava_1_5_7b,train,gross_gain,HALL,16,375,375,0,0.46034834405799513,0.4424548766009646,0.4602772744014802,0.475661704261569
llava_1_5_7b,train,gross_gain,HALL,17,375,375,0,0.4585130344246062,0.4375693969086786,0.4518414220478598,0.4728056838023737
llava_1_5_7b,train,gross_gain,HALL,18,375,375,0,0.42585290795556024,0.40316138949190267,0.42007807215284987,0.43983215387885355
llava_1_5_7b,train,gross_gain,HALL,19,375,375,0,0.3867186138962935,0.36831197096085244,0.38312809609000154,0.4015225100032459
llava_1_5_7b,train,gross_gain,HALL,20,375,375,0,0.31728349741113426,0.3014769395443825,0.3130020725546118,0.32782232194407906
llava_1_5_7b,train,gross_gain,HALL,21,375,375,0,0.35170866269818657,0.32998565470148244,0.3442921075188531,0.37072106178933917
llava_1_5_7b,train,gross_gain,HALL,22,375,375,0,0.27902157718469894,0.26468463489407534,0.2751376899021742,0.28807795642411255
llava_1_5_7b,train,gross_gain,HALL,23,375,375,0,0.2627587678453002,0.24620541225728682,0.2567662849539181,0.27205140296771435
llava_1_5_7b,train,gross_gain,HALL,24,375,375,0,0.23969761798377295,0.22587538360063525,0.23422851732164632,0.24821468351465042
llava_1_5_7b,train,gross_gain,HALL,25,375,375,0,0.24548764823973185,0.2324622464651718,0.240887952298532,0.25456199048365546
llava_1_5_7b,train,gross_gain,HALL,26,375,375,0,0.24334171688503275,0.22261847076439528,0.23404742375616922,0.2501354551135222
llava_1_5_7b,train,gross_gain,HALL,27,375,375,0,0.22689920645234588,0.2147362973422372,0.22233880484451846,0.23282061461112213
llava_1_5_7b,train,gross_gain,HALL,28,375,375,0,0.2247516269694739,0.215105813873821,0.2236524226185651,0.2324100253230877
llava_1_5_7b,train,gross_gain,HALL,29,375,375,0,0.20304501327535449,0.1927700637037102,0.20074862197866378,0.2108397058860133
llava_1_5_7b,train,gross_gain,HALL,30,375,375,0,0.21711460029752716,0.20616137455594816,0.2143883696416319,0.22352550581976666
llava_1_5_7b,train,gross_gain,HALL,31,375,375,0,0.3039011718092354,0.289582437698473,0.3025723815957505,0.31462930781769066
llava_1_5_7b,train,gross_gain,HALL,32,375,375,0,1.24754650659089,1.1289669697056688,1.2459444813830316,1.3653564787334416
llava_1_5_7b,train,cancellation,REAL,1,1211,1211,0,0.6745415974125908,0.6209939287325972,0.6809904491501817,0.7319361871376534
llava_1_5_7b,train,cancellation,REAL,2,1211,1211,0,0.642191695724492,0.6083763505462436,0.6367904296570193,0.6698803001233167
llava_1_5_7b,train,cancellation,REAL,3,1211,1211,0,0.4804111808096351,0.4530870869014769,0.4773458276274798,0.5040505411303449
llava_1_5_7b,train,cancellation,REAL,4,1211,1211,0,0.5473573946279865,0.5204553342076219,0.544915393058492,0.5728771756507466
llava_1_5_7b,train,cancellation,REAL,5,1211,1211,0,0.5286195291750466,0.49727974635359085,0.5220386248600807,0.5547606156198257
llava_1_5_7b,train,cancellation,REAL,6,1211,1211,0,0.5378793315365266,0.48890968612736235,0.5301335142244681,0.5787960420218565
llava_1_5_7b,train,cancellation,REAL,7,1211,1211,0,0.5852565018018567,0.550576676863939,0.5816208870519535,0.6153611985962626
llava_1_5_7b,train,cancellation,REAL,8,1211,1211,0,0.5211091109460486,0.47785177627772735,0.520131714874062,0.5621149528747801
llava_1_5_7b,train,cancellation,REAL,9,1211,1211,0,0.4795760210679022,0.4465058894258667,0.48324235060280996,0.5136991981081551
llava_1_5_7b,train,cancellation,REAL,10,1211,1211,0,0.5094925177965158,0.4621844007750051,0.5117344990615607,0.5546288361591287
llava_1_5_7b,train,cancellation,REAL,11,1211,1211,0,0.5191042954281059,0.47560663182843405,0.5185887434774837,0.5622800316548504
llava_1_5_7b,train,cancellation,REAL,12,1211,1211,0,0.4776552727415403,0.4320956029292606,0.4685623806576558,0.5150053738628029
llava_1_5_7b,train,cancellation,REAL,13,1211,1211,0,0.5100327918953401,0.4531095497099101,0.5066552328231135,0.561084963520899
llava_1_5_7b,train,cancellation,REAL,14,1211,1211,0,0.4267049299384621,0.38751472375361984,0.4176541388456494,0.45752059081147367
llava_1_5_7b,train,cancellation,REAL,15,1211,1211,0,0.5137422840600342,0.458775077699651,0.5039692607710088,0.562375654630076
llava_1_5_7b,train,cancellation,REAL,16,1211,1211,0,0.4328932243533935,0.3887415885986233,0.4289631985264774,0.46965700624961415
llava_1_5_7b,train,cancellation,REAL,17,1211,1211,0,0.4903971544414911,0.4358843615620941,0.482955915602661,0.5352726407494556
llava_1_5_7b,train,cancellation,REAL,18,1211,1211,0,0.5112721857128649,0.4572262713731756,0.49787096671301856,0.5536260458540871
llava_1_5_7b,train,cancellation,REAL,19,1211,1211,0,0.5523827075066402,0.4965852282949672,0.5473811042272922,0.6005381933578777
llava_1_5_7b,train,cancellation,REAL,20,1211,1211,0,0.453409968136417,0.3947861468272308,0.439270755957289,0.5001448011043196
llava_1_5_7b,train,cancellation,REAL,21,1211,1211,0,0.48208297528361166,0.43015033498040545,0.46877376734607634,0.5259233041170536
llava_1_5_7b,train,cancellation,REAL,22,1211,1211,0,0.44952732220829106,0.3880937485714474,0.43487619896447127,0.49779917242743354
llava_1_5_7b,train,cancellation,REAL,23,1211,1211,0,0.4159587789831691,0.36273650344766506,0.4022103737316725,0.45350807220173406
llava_1_5_7b,train,cancellation,REAL,24,1211,1211,0,0.4429181643955385,0.3895441952770759,0.43316862452435667,0.4837468007000269
llava_1_5_7b,train,cancellation,REAL,25,1211,1211,0,0.42628123260434125,0.34931708323558336,0.40568496341943727,0.48610372432000304
llava_1_5_7b,train,cancellation,REAL,26,1211,1211,0,0.4579894497407768,0.39781298120724184,0.4424979318350074,0.4979741310664749
llava_1_5_7b,train,cancellation,REAL,27,1211,1211,0,0.4031765698019825,0.35105452630758716,0.39322742901681296,0.44152488019915936
llava_1_5_7b,train,cancellation,REAL,28,1211,1211,0,0.4699906996952339,0.4217282266093343,0.4592131882150825,0.505403678631976
llava_1_5_7b,train,cancellation,REAL,29,1211,1211,0,0.4860322032073193,0.4097495827191223,0.4555446343161946,0.540119349093655
llava_1_5_7b,train,cancellation,REAL,30,1211,1211,0,0.3917803802992442,0.3471767004818756,0.37747247978639503,0.42520557402021947
llava_1_5_7b,train,cancellation,REAL,31,1211,1211,0,0.5711833082027249,0.518766231817789,0.5637647883461635,0.6146125363817558
llava_1_5_7b,train,cancellation,REAL,32,1211,1211,0,0.6939741705302755,0.6590962105962311,0.693150421374493,0.729392512309057
llava_1_5_7b,train,cancellation,HALL,1,375,375,0,0.7493957558797256,0.7117248308450714,0.7651819365174357,0.7956420370292263
llava_1_5_7b,train,cancellation,HALL,2,375,375,0,0.6499488432749744,0.6025329843589611,0.6398916274475301,0.691041542587843
llava_1_5_7b,train,cancellation,HALL,3,375,375,0,0.48253895447378964,0.4516564424325599,0.4773589875148142,0.5060683984162262
llava_1_5_7b,train,cancellation,HALL,4,375,375,0,0.5432990724099852,0.5208120985558418,0.5413141254207235,0.5640658806961387
llava_1_5_7b,train,cancellation,HALL,5,375,375,0,0.5332199453713802,0.5067630022925196,0.534770368595107,0.5584520623462219
llava_1_5_7b,train,cancellation,HALL,6,375,375,0,0.5018585416184066,0.46952336445034615,0.490677634863142,0.5221260685945275
llava_1_5_7b,train,cancellation,HALL,7,375,375,0,0.55293241320778,0.5274536052901745,0.5481312584866189,0.5724938913359657
llava_1_5_7b,train,cancellation,HALL,8,375,375,0,0.5067764735660999,0.47563357562409664,0.5092073116301594,0.5370900538049701
llava_1_5_7b,train,cancellation,HALL,9,375,375,0,0.47232289317567333,0.44909920096282574,0.47182415840796516,0.49666206312430305
llava_1_5_7b,train,cancellation,HALL,10,375,375,0,0.48090679336457376,0.4462621927851911,0.48008802321567945,0.5143864125674192
llava_1_5_7b,train,cancellation,HALL,11,375,375,0,0.4932680338681889,0.45159602201672056,0.48493878316361655,0.533488018076961
llava_1_5_7b,train,cancellation,HALL,12,375,375,0,0.4767809123418386,0.43531720412106173,0.46984977891772367,0.5138278436989203
llava_1_5_7b,train,cancellation,HALL,13,375,375,0,0.49498609827177387,0.4326218761145134,0.4924564712926752,0.5557161000862707
llava_1_5_7b,train,cancellation,HALL,14,375,375,0,0.43402706128791535,0.3986824563978995,0.42761693890577557,0.4617714139514857
llava_1_5_7b,train,cancellation,HALL,15,375,375,0,0.4974029448664688,0.44787594507852796,0.48836947146677595,0.5429106079526231
llava_1_5_7b,train,cancellation,HALL,16,375,375,0,0.4040239599080565,0.3556229358336375,0.3900790289305445,0.44637120761412674
llava_1_5_7b,train,cancellation,HALL,17,375,375,0,0.4285845345704175,0.39719479801366886,0.41992535009787946,0.4534934320404338
llava_1_5_7b,train,cancellation,HALL,18,375,375,0,0.49727987722707795,0.4569838678414878,0.4888833215023696,0.5298747455884361
llava_1_5_7b,train,cancellation,HALL,19,375,375,0,0.5283759701186344,0.48590600682279084,0.5224667557848505,0.5621810102243419
llava_1_5_7b,train,cancellation,HALL,20,375,375,0,0.4199817705636555,0.38211739759002,0.4104289333660389,0.45075999395149735
llava_1_5_7b,train,cancellation,HALL,21,375,375,0,0.4477267238080776,0.4038412719720618,0.4385137585017159,0.478573946095752
llava_1_5_7b,train,cancellation,HALL,22,375,375,0,0.3972430150799105,0.3521907978617424,0.3894000054935054,0.42944619100936615
llava_1_5_7b,train,cancellation,HALL,23,375,375,0,0.3847519512028398,0.34441926096512804,0.3741003182317543,0.40936213821881706
llava_1_5_7b,train,cancellation,HALL,24,375,375,0,0.421908294861637,0.3810997527491805,0.40750286437799227,0.4578623439711825
llava_1_5_7b,train,cancellation,HALL,25,375,375,0,0.3779256528690436,0.3261941097630847,0.3618526357494156,0.41186649524968244
llava_1_5_7b,train,cancellation,HALL,26,375,375,0,0.4193794576732979,0.36717721086323474,0.4053530694408274,0.4520409936471305
llava_1_5_7b,train,cancellation,HALL,27,375,375,0,0.3785905700613457,0.33200136741721953,0.36101630221106573,0.39952876517901337
llava_1_5_7b,train,cancellation,HALL,28,375,375,0,0.47676632153573384,0.4335264030714315,0.4685980624726865,0.5069483369061643
llava_1_5_7b,train,cancellation,HALL,29,375,375,0,0.4299904065880411,0.3844681436746159,0.41899367739356863,0.46395319236884003
llava_1_5_7b,train,cancellation,HALL,30,375,375,0,0.3614926226610631,0.3225348170909531,0.34960667815917684,0.3849649970483147
llava_1_5_7b,train,cancellation,HALL,31,375,375,0,0.5573180535188047,0.5170790319477464,0.5484008352149113,0.5844744494237866
llava_1_5_7b,train,cancellation,HALL,32,375,375,0,0.7238246530713596,0.6819810304868525,0.7258475090083489,0.7681998556982
llava_1_5_7b,train,closure,REAL,1,1211,1211,0,1.1990972272251774e-05,1.312929100549809e-06,2.400603079877328e-06,1.6798198885226157e-05
llava_1_5_7b,train,closure,REAL,2,1211,1211,0,2.8853873856517227e-05,5.0991427542612655e-06,1.3405795471044257e-05,3.5447948903311044e-05
llava_1_5_7b,train,closure,REAL,3,1211,1211,0,4.569053458689907e-06,3.525428951434151e-06,4.240589532855665e-06,5.282406846163212e-06
llava_1_5_7b,train,closure,REAL,4,1211,1211,0,6.189461733299736e-06,3.9833071241446305e-06,5.778861122962553e-06,7.84333178671659e-06
llava_1_5_7b,train,closure,REAL,5,1211,1211,0,7.96640116028968e-06,5.1778790748358006e-06,7.076976999087492e-06,1.0048584954347461e-05
llava_1_5_7b,train,closure,REAL,6,1211,1211,0,7.665198764637455e-06,3.7747548731204006e-06,6.375212706188904e-06,1.0531893622101052e-05
llava_1_5_7b,train,closure,REAL,7,1211,1211,0,5.7585068499451555e-06,2.164590569009306e-06,4.045960849907715e-06,8.14768873169669e-06
llava_1_5_7b,train,closure,REAL,8,1211,1211,0,7.5823374388227e-06,2.5267637511205976e-06,5.277546733850613e-06,9.982499705074588e-06
llava_1_5_7b,train,closure,REAL,9,1211,1211,0,7.5477179053667574e-06,3.090108180003881e-06,5.1002248255827e-06,9.404732736584265e-06
llava_1_5_7b,train,closure,REAL,10,1211,1211,0,6.088496949242442e-06,2.320182602488785e-06,3.760572099054116e-06,7.496060334233334e-06
llava_1_5_7b,train,closure,REAL,11,1211,1211,0,4.493703505983022e-06,1.8436716118230834e-06,2.678686314538936e-06,4.721019649878144e-06
llava_1_5_7b,train,closure,REAL,12,1211,1211,0,3.100061100979569e-06,1.7848290667643596e-06,2.3254428924701642e-06,3.202231368959474e-06
llava_1_5_7b,train,closure,REAL,13,1211,1211,0,5.4819203672313635e-06,2.2167009774420876e-06,3.2325849588232813e-06,5.431274303191458e-06
llava_1_5_7b,train,closure,REAL,14,1211,1211,0,6.1155644197476075e-06,3.2517425552214263e-06,4.277367679605959e-06,6.605175258300733e-06
llava_1_5_7b,train,closure,REAL,15,1211,1211,0,4.2539318886619635e-06,1.8032051798400062e-06,2.326239382455242e-06,3.645133574536885e-06
llava_1_5_7b,train,closure,REAL,16,1211,1211,0,6.505527671443454e-06,2.976165319523716e-06,3.882226337736938e-06,6.7590428898256505e-06
llava_1_5_7b,train,closure,REAL,17,1211,1211,0,6.869348587208826e-06,2.389850806139293e-06,4.160345724812942e-06,7.901247954578139e-06
llava_1_5_7b,train,closure,REAL,18,1211,1211,0,4.74442387925311e-06,2.4973513745862874e-06,3.234228415749385e-06,4.811115786651499e-06
llava_1_5_7b,train,closure,REAL,19,1211,1211,0,6.595876487681095e-06,2.9338115155042033e-06,3.913163709512446e-06,6.036910008333507e-06
llava_1_5_7b,train,closure,REAL,20,1211,1211,0,6.487230174928357e-06,3.091279381806089e-06,4.282186637283303e-06,6.480457614088664e-06
llava_1_5_7b,train,closure,REAL,21,1211,1211,0,5.290134785843813e-06,2.522431941542891e-06,3.35741538037837e-06,4.871419832852553e-06
llava_1_5_7b,train,closure,REAL,22,1211,1211,0,9.524358744440747e-06,4.249970515957102e-06,5.892707122256979e-06,9.150632649834733e-06
llava_1_5_7b,train,closure,REAL,23,1211,1211,0,1.0454067818940437e-05,5.156261750016711e-06,6.7766800384561066e-06,1.0154355550184846e-05
llava_1_5_7b,train,closure,REAL,24,1211,1211,0,2.194402387768394e-05,9.810572919377591e-06,1.3504298294719774e-05,2.1544671653828118e-05
llava_1_5_7b,train,closure,REAL,25,1211,1211,0,9.67145312587018e-06,5.13979944116727e-06,6.904355814185692e-06,9.947039416147163e-06
llava_1_5_7b,train,closure,REAL,26,1211,1211,0,1.5811432300962292e-05,8.68007555254735e-06,1.1721072951331735e-05,1.7730373656377196e-05
llava_1_5_7b,train,closure,REAL,27,1211,1211,0,1.1404884535287913e-05,6.540979939018143e-06,8.961827006714884e-06,1.3592157756647794e-05
llava_1_5_7b,train,closure,REAL,28,1211,1211,0,7.312881658585253e-05,5.175071055418812e-05,6.963624036870897e-05,9.085505735129118e-05
llava_1_5_7b,train,closure,REAL,29,1211,1211,0,2.311124397667606e-05,1.1861753591801971e-05,1.772020732460078e-05,2.8995025786571205e-05
llava_1_5_7b,train,closure,REAL,30,1211,1211,0,1.7565019775746926e-05,1.0757001746242167e-05,1.487967438151827e-05,2.1982014914101455e-05
llava_1_5_7b,train,closure,REAL,31,1211,1211,0,3.003681650128938e-05,2.0752926502609625e-05,2.8265123546589166e-05,3.729161835508421e-05
llava_1_5_7b,train,closure,REAL,32,1211,1211,0,4.309565151127457e-06,3.7031725241831737e-06,4.285106570023345e-06,4.896133759757504e-06
llava_1_5_7b,train,closure,HALL,1,375,375,0,2.5527716294770166e-06,1.0506516900932183e-06,1.1821992984550889e-06,1.4089312116993824e-06
llava_1_5_7b,train,closure,HALL,2,375,375,0,1.0676016902228487e-05,3.288111088295409e-06,5.470806627272395e-06,1.2605156371137127e-05
llava_1_5_7b,train,closure,HALL,3,375,375,0,4.14160008555579e-06,3.248018629165017e-06,3.796485543716699e-06,4.6927252697059885e-06
llava_1_5_7b,train,closure,HALL,4,375,375,0,7.586640127556166e-06,5.381174332796945e-06,7.05711318005342e-06,8.860026355250739e-06
llava_1_5_7b,train,closure,HALL,5,375,375,0,9.617836493513702e-06,6.8453011863311986e-06,9.212123586621601e-06,1.1453184015408624e-05
llava_1_5_7b,train,closure,HALL,6,375,375,0,1.0932456314549199e-05,7.68689051255933e-06,1.0160047168028541e-05,1.3682436474482529e-05
llava_1_5_7b,train,closure,HALL,7,375,375,0,1.0031166657427094e-05,7.356501555477735e-06,9.679134564066771e-06,1.2417092875693925e-05
llava_1_5_7b,train,closure,HALL,8,375,375,0,1.1517874853780086e-05,7.964296855789144e-06,1.07654059320339e-05,1.4112764802121092e-05
llava_1_5_7b,train,closure,HALL,9,375,375,0,1.1984820947570067e-05,8.18534772406565e-06,1.0829732673300896e-05,1.4079461379878921e-05
llava_1_5_7b,train,closure,HALL,10,375,375,0,9.458860456106777e-06,5.564492767007323e-06,8.133529263432138e-06,1.1925349554076092e-05
llava_1_5_7b,train,closure,HALL,11,375,375,0,7.270600856827514e-06,4.154105909037753e-06,6.113969448051648e-06,8.975980563263875e-06
llava_1_5_7b,train,closure,HALL,12,375,375,0,3.607499554467116e-06,2.3674227804804104e-06,2.941748562079738e-06,3.71279554656212e-06
llava_1_5_7b,train,closure,HALL,13,375,375,0,7.374346698573693e-06,3.992275878772489e-06,5.717415660910774e-06,7.829385140212253e-06
llava_1_5_7b,train,closure,HALL,14,375,375,0,5.750063128289184e-06,3.419128347559308e-06,4.319737399782753e-06,5.878929414393497e-06
llava_1_5_7b,train,closure,HALL,15,375,375,0,4.948136832657231e-06,2.5119351221292163e-06,3.452242481216672e-06,4.95693916491291e-06
llava_1_5_7b,train,closure,HALL,16,375,375,0,7.890979163979258e-06,4.274042112228926e-06,6.122742888692301e-06,8.770655767875724e-06
llava_1_5_7b,train,closure,HALL,17,375,375,0,9.713863689285062e-06,5.984158406135975e-06,7.839983481972013e-06,1.056152814271627e-05
llava_1_5_7b,train,closure,HALL,18,375,375,0,5.161299436319193e-06,3.079133762184938e-06,3.941276645491598e-06,5.143209364177892e-06
llava_1_5_7b,train,closure,HALL,19,375,375,0,7.213595389960877e-06,4.103792434761999e-06,5.11467078467831e-06,6.384015705407364e-06
llava_1_5_7b,train,closure,HALL,20,375,375,0,7.0919474304294755e-06,3.822395683528157e-06,4.6695822675246745e-06,6.308397814791533e-06
llava_1_5_7b,train,closure,HALL,21,375,375,0,5.106126903228869e-06,2.6321254154026974e-06,3.242869297537254e-06,4.324035899117007e-06
llava_1_5_7b,train,closure,HALL,22,375,375,0,9.447350101254415e-06,3.9765463952790014e-06,4.970539976056898e-06,6.655105380559689e-06
llava_1_5_7b,train,closure,HALL,23,375,375,0,9.351270608628207e-06,4.6856798689987045e-06,5.682682512997417e-06,7.545082098658895e-06
llava_1_5_7b,train,closure,HALL,24,375,375,0,1.939197243215555e-05,9.060408046934754e-06,1.1719706890289672e-05,1.5493782484554686e-05
llava_1_5_7b,train,closure,HALL,25,375,375,0,9.553375534172421e-06,5.017341663915431e-06,6.202988970471779e-06,8.222075393859996e-06
llava_1_5_7b,train,closure,HALL,26,375,375,0,1.4612603167734051e-05,8.523050837538904e-06,1.157044607680291e-05,1.5734286535007413e-05
llava_1_5_7b,train,closure,HALL,27,375,375,0,1.0640194730816195e-05,6.593773832719307e-06,8.273406820080709e-06,1.1446489224908873e-05
llava_1_5_7b,train,closure,HALL,28,375,375,0,8.191862131207018e-05,6.426529216696508e-05,7.789513620082289e-05,9.852496441453695e-05
llava_1_5_7b,train,closure,HALL,29,375,375,0,2.389802163694791e-05,1.3699026112590218e-05,1.967133539437782e-05,2.797279285005061e-05
llava_1_5_7b,train,closure,HALL,30,375,375,0,1.861093341964685e-05,1.2207861345814308e-05,1.5860323401284404e-05,2.235595093225129e-05
llava_1_5_7b,train,closure,HALL,31,375,375,0,3.495711712215174e-05,2.6757902560348157e-05,3.293897316325456e-05,4.059369348397013e-05
llava_1_5_7b,train,closure,HALL,32,375,375,0,5.004624578456666e-06,4.352463747636648e-06,4.865695245825918e-06,5.59721752324549e-06
llava_1_5_7b,train,rotation_mean,REAL,1,1211,1211,0,-0.07856104006539165,-0.18898921459913254,-0.10905849933624268,0.044864749535918236
llava_1_5_7b,train,rotation_mean,REAL,2,1211,1211,0,-0.13671840271588745,-0.1663135215640068,-0.1399354338645935,-0.10856172814965248
llava_1_5_7b,train,rotation_mean,REAL,3,1211,1211,0,-0.18791218460664386,-0.20658855885267258,-0.18827012181282043,-0.17081448435783386
llava_1_5_7b,train,rotation_mean,REAL,4,1211,1211,0,-0.29894174076770574,-0.33058780431747437,-0.2990211248397827,-0.26762041449546814
llava_1_5_7b,train,rotation_mean,REAL,5,1211,1211,0,-0.29711948775684016,-0.3122985064983368,-0.2985156774520874,-0.28146691620349884
llava_1_5_7b,train,rotation_mean,REAL,6,1211,1211,0,-0.3581197364432668,-0.37706010043621063,-0.36056458950042725,-0.34129171073436737
llava_1_5_7b,train,rotation_mean,REAL,7,1211,1211,0,-0.3929776422353346,-0.4187874346971512,-0.3978518545627594,-0.3753783702850342
llava_1_5_7b,train,rotation_mean,REAL,8,1211,1211,0,-0.3979323645399977,-0.42855747044086456,-0.40430158376693726,-0.37739624083042145
llava_1_5_7b,train,rotation_mean,REAL,9,1211,1211,0,-0.4025028866248914,-0.43474453687667847,-0.41571393609046936,-0.38291555643081665
llava_1_5_7b,train,rotation_mean,REAL,10,1211,1211,0,-0.40626500412809463,-0.42528413236141205,-0.41259992122650146,-0.3942754566669464
llava_1_5_7b,train,rotation_mean,REAL,11,1211,1211,0,-0.44429611815193487,-0.4635353237390518,-0.4507971405982971,-0.43121956288814545
llava_1_5_7b,train,rotation_mean,REAL,12,1211,1211,0,-0.37987792203979587,-0.40238724648952484,-0.385006844997406,-0.3661504536867142
llava_1_5_7b,train,rotation_mean,REAL,13,1211,1211,0,-0.4334672054508124,-0.45146267116069794,-0.4344061613082886,-0.4190831035375595
llava_1_5_7b,train,rotation_mean,REAL,14,1211,1211,0,-0.4164523421290687,-0.4372374415397644,-0.4216291606426239,-0.40015432238578796
llava_1_5_7b,train,rotation_mean,REAL,15,1211,1211,0,-0.35915451339952814,-0.3828059285879135,-0.3615358769893646,-0.33803124725818634
llava_1_5_7b,train,rotation_mean,REAL,16,1211,1211,0,-0.35494043048652707,-0.3801460564136505,-0.35901379585266113,-0.3327895551919937
llava_1_5_7b,train,rotation_mean,REAL,17,1211,1211,0,-0.3057492301667849,-0.32199230790138245,-0.306652307510376,-0.28906020522117615
llava_1_5_7b,train,rotation_mean,REAL,18,1211,1211,0,-0.26279988167553675,-0.27808748185634613,-0.26303255558013916,-0.24822330474853516
llava_1_5_7b,train,rotation_mean,REAL,19,1211,1211,0,-0.18448574118728386,-0.20566119998693466,-0.18810389935970306,-0.16588450223207474
llava_1_5_7b,train,rotation_mean,REAL,20,1211,1211,0,-0.17003615260198035,-0.18497397005558014,-0.1716308444738388,-0.15498679131269455
llava_1_5_7b,train,rotation_mean,REAL,21,1211,1211,0,-0.1232378799514422,-0.1399947851896286,-0.12558656930923462,-0.10786774754524231
llava_1_5_7b,train,rotation_mean,REAL,22,1211,1211,0,-0.09844335539591008,-0.10714618116617203,-0.09878989309072495,-0.0897592157125473
llava_1_5_7b,train,rotation_mean,REAL,23,1211,1211,0,-0.021216884924614092,-0.03839043341577053,-0.024908358231186867,-0.007110201520845294
llava_1_5_7b,train,rotation_mean,REAL,24,1211,1211,0,-0.059665800931765045,-0.0672202967107296,-0.057597849518060684,-0.050281232222914696
llava_1_5_7b,train,rotation_mean,REAL,25,1211,1211,0,-0.018595785951301885,-0.02570642251521349,-0.01816210150718689,-0.010296185035258532
llava_1_5_7b,train,rotation_mean,REAL,26,1211,1211,0,0.026054599024377553,0.011808736249804497,0.0238316860049963,0.0366005003452301
llava_1_5_7b,train,rotation_mean,REAL,27,1211,1211,0,0.014371636268603001,0.00513114919885993,0.014021260663866997,0.022947183810174465
llava_1_5_7b,train,rotation_mean,REAL,28,1211,1211,0,-6.79235994806706e-05,-0.009730350226163864,0.0006025497568771243,0.010138921905308962
llava_1_5_7b,train,rotation_mean,REAL,29,1211,1211,0,0.006773768077555037,-0.008851992432028055,0.007708291057497263,0.022869466803967953
llava_1_5_7b,train,rotation_mean,REAL,30,1211,1211,0,0.023040862230010214,0.008166290819644928,0.023561395704746246,0.03835166059434414
llava_1_5_7b,train,rotation_mean,REAL,31,1211,1211,0,-0.003047842831213016,-0.016163740307092667,-1.2991328731004614e-05,0.01458337064832449
llava_1_5_7b,train,rotation_mean,REAL,32,1211,1211,0,0.07140486345094903,0.02553521655499935,0.06471549719572067,0.11999522894620895
llava_1_5_7b,train,rotation_mean,HALL,1,375,375,0,-0.12120239426027304,-0.22779912501573563,-0.17291538417339325,0.018096981570124626
llava_1_5_7b,train,rotation_mean,HALL,2,375,375,0,-0.12593279456098874,-0.15049945563077927,-0.12702028453350067,-0.10511888563632965
llava_1_5_7b,train,rotation_mean,HALL,3,375,375,0,-0.19990401820341747,-0.21536186337471008,-0.2016001045703888,-0.1827791929244995
llava_1_5_7b,train,rotation_mean,HALL,4,375,375,0,-0.30447923568884533,-0.33054886758327484,-0.2999478578567505,-0.27793025970458984
llava_1_5_7b,train,rotation_mean,HALL,5,375,375,0,-0.29900342694918314,-0.3131258487701416,-0.30004915595054626,-0.28488513827323914
llava_1_5_7b,train,rotation_mean,HALL,6,375,375,0,-0.36938034160931904,-0.3870782405138016,-0.3700515925884247,-0.3538987934589386
llava_1_5_7b,train,rotation_mean,HALL,7,375,375,0,-0.3996668639977773,-0.4184088706970215,-0.4027669131755829,-0.386257067322731
llava_1_5_7b,train,rotation_mean,HALL,8,375,375,0,-0.4105058439572652,-0.43256138265132904,-0.4140484035015106,-0.3967030793428421
llava_1_5_7b,train,rotation_mean,HALL,9,375,375,0,-0.42772719462712605,-0.4501403123140335,-0.43565335869789124,-0.41854457557201385
llava_1_5_7b,train,rotation_mean,HALL,10,375,375,0,-0.4110124981403351,-0.4267150014638901,-0.4149869382381439,-0.4027760624885559
llava_1_5_7b,train,rotation_mean,HALL,11,375,375,0,-0.4512830413977305,-0.4662339985370636,-0.4543033242225647,-0.4443904012441635
llava_1_5_7b,train,rotation_mean,HALL,12,375,375,0,-0.3760498841603597,-0.39413174986839294,-0.3818487226963043,-0.3664507418870926
llava_1_5_7b,train,rotation_mean,HALL,13,375,375,0,-0.42928154826164244,-0.44252073764801025,-0.43016940355300903,-0.418393075466156
llava_1_5_7b,train,rotation_mean,HALL,14,375,375,0,-0.41720387220382693,-0.434280201792717,-0.4227374792098999,-0.4071953445672989
llava_1_5_7b,train,rotation_mean,HALL,15,375,375,0,-0.3436985650062561,-0.36316074430942535,-0.3409859836101532,-0.3246660530567169
llava_1_5_7b,train,rotation_mean,HALL,16,375,375,0,-0.3315634133815765,-0.35404248535633087,-0.336437851190567,-0.31010836362838745
llava_1_5_7b,train,rotation_mean,HALL,17,375,375,0,-0.3103485219081243,-0.32809291779994965,-0.3118075728416443,-0.29546914994716644
llava_1_5_7b,train,rotation_mean,HALL,18,375,375,0,-0.26290192834536236,-0.2800532728433609,-0.26137107610702515,-0.24635887145996094
llava_1_5_7b,train,rotation_mean,HALL,19,375,375,0,-0.1796590994000435,-0.1981339305639267,-0.18334142863750458,-0.16364094614982605
llava_1_5_7b,train,rotation_mean,HALL,20,375,375,0,-0.18039555778106053,-0.19796863943338394,-0.18363457918167114,-0.16853422671556473
llava_1_5_7b,train,rotation_mean,HALL,21,375,375,0,-0.1323847399453322,-0.14889369159936905,-0.13379979133605957,-0.11943387985229492
llava_1_5_7b,train,rotation_mean,HALL,22,375,375,0,-0.10161345103383064,-0.10895111411809921,-0.10156366229057312,-0.0957937054336071
llava_1_5_7b,train,rotation_mean,HALL,23,375,375,0,-0.038291570523996295,-0.051583221182227135,-0.041853539645671844,-0.02993614599108696
llava_1_5_7b,train,rotation_mean,HALL,24,375,375,0,-0.06480746666838726,-0.07405570149421692,-0.06414023041725159,-0.05646193213760853
llava_1_5_7b,train,rotation_mean,HALL,25,375,375,0,-0.017944703927884498,-0.023342134431004524,-0.016871819272637367,-0.011865382548421621
llava_1_5_7b,train,rotation_mean,HALL,26,375,375,0,0.024096625397137056,0.011353561654686928,0.022231794893741608,0.03634105436503887
llava_1_5_7b,train,rotation_mean,HALL,27,375,375,0,0.009852714225630431,0.00227122416254133,0.008769743144512177,0.018278869800269604
llava_1_5_7b,train,rotation_mean,HALL,28,375,375,0,0.009819762665384283,0.0025223050033673644,0.011591757647693157,0.019510972313582897
llava_1_5_7b,train,rotation_mean,HALL,29,375,375,0,0.018031565237091852,0.006253979168832302,0.019818386062979698,0.03213533014059067
llava_1_5_7b,train,rotation_mean,HALL,30,375,375,0,0.027134430467349983,0.015585167333483696,0.029114775359630585,0.03958586044609547
llava_1_5_7b,train,rotation_mean,HALL,31,375,375,0,0.0034866848910945314,-0.005644286051392555,0.00532276276499033,0.016817281022667885
llava_1_5_7b,train,rotation_mean,HALL,32,375,375,0,0.046986637816919634,0.015470097307115793,0.0397978350520134,0.06817994639277458
llava_1_5_7b,train,rotation_median,REAL,1,1211,1211,0,-0.06847556663516942,-0.17532038688659668,-0.0814451053738594,0.05260014533996582
llava_1_5_7b,train,rotation_median,REAL,2,1211,1211,0,-0.1327569634491358,-0.16123530268669128,-0.1360432207584381,-0.10773411393165588
llava_1_5_7b,train,rotation_median,REAL,3,1211,1211,0,-0.17275490093757848,-0.18958190828561783,-0.17351706326007843,-0.15635889023542404
llava_1_5_7b,train,rotation_median,REAL,4,1211,1211,0,-0.29075638863737185,-0.32265356183052063,-0.29049381613731384,-0.25982512533664703
llava_1_5_7b,train,rotation_median,REAL,5,1211,1211,0,-0.2955292590657706,-0.31163832545280457,-0.2961617410182953,-0.28001566231250763
llava_1_5_7b,train,rotation_median,REAL,6,1211,1211,0,-0.3579848453488653,-0.37703104317188263,-0.36010318994522095,-0.3411370664834976
llava_1_5_7b,train,rotation_median,REAL,7,1211,1211,0,-0.3947125269695317,-0.4210466146469116,-0.3983369767665863,-0.3747471272945404
llava_1_5_7b,train,rotation_median,REAL,8,1211,1211,0,-0.4020471719180524,-0.43492865562438965,-0.4081093966960907,-0.38097482919692993
llava_1_5_7b,train,rotation_median,REAL,9,1211,1211,0,-0.4040974326167197,-0.43530476093292236,-0.4181109070777893,-0.38378024101257324
llava_1_5_7b,train,rotation_median,REAL,10,1211,1211,0,-0.4125285933669395,-0.42960652709007263,-0.4184330701828003,-0.40176212787628174
llava_1_5_7b,train,rotation_median,REAL,11,1211,1211,0,-0.4467091285227548,-0.4654954671859741,-0.4523477256298065,-0.4332684427499771
llava_1_5_7b,train,rotation_median,REAL,12,1211,1211,0,-0.3841416725287449,-0.40705396234989166,-0.3899758756160736,-0.3703348934650421
llava_1_5_7b,train,rotation_median,REAL,13,1211,1211,0,-0.43828893052360224,-0.45549777150154114,-0.43985962867736816,-0.42339301109313965
llava_1_5_7b,train,rotation_median,REAL,14,1211,1211,0,-0.4185813760629476,-0.43849194049835205,-0.4240165948867798,-0.402348592877388
llava_1_5_7b,train,rotation_median,REAL,15,1211,1211,0,-0.3694582650919378,-0.3939584493637085,-0.3714334964752197,-0.34838125109672546
llava_1_5_7b,train,rotation_median,REAL,16,1211,1211,0,-0.36098032600371727,-0.3861805945634842,-0.36528700590133667,-0.3390929847955704
llava_1_5_7b,train,rotation_median,REAL,17,1211,1211,0,-0.3110296660149816,-0.328059121966362,-0.31170615553855896,-0.2944927215576172
llava_1_5_7b,train,rotation_median,REAL,18,1211,1211,0,-0.2649997931979689,-0.2807539403438568,-0.26525288820266724,-0.2500930279493332
llava_1_5_7b,train,rotation_median,REAL,19,1211,1211,0,-0.18945493669080696,-0.20937062054872513,-0.1918828934431076,-0.17026830464601517
llava_1_5_7b,train,rotation_median,REAL,20,1211,1211,0,-0.17425583485086332,-0.18943552672863007,-0.17586055397987366,-0.1602088361978531
llava_1_5_7b,train,rotation_median,REAL,21,1211,1211,0,-0.13056825048310958,-0.1447305977344513,-0.13202929496765137,-0.11677669733762741
llava_1_5_7b,train,rotation_median,REAL,22,1211,1211,0,-0.09900071843843337,-0.10787686705589294,-0.09963516891002655,-0.09056053310632706
llava_1_5_7b,train,rotation_median,REAL,23,1211,1211,0,-0.03432398416951267,-0.048470690846443176,-0.038174234330654144,-0.023944918997585773
llava_1_5_7b,train,rotation_median,REAL,24,1211,1211,0,-0.053313132202826456,-0.059053681790828705,-0.0524248331785202,-0.04591328650712967
llava_1_5_7b,train,rotation_median,REAL,25,1211,1211,0,-0.014622101318904247,-0.020496410317718983,-0.0144369937479496,-0.008065280504524708
llava_1_5_7b,train,rotation_median,REAL,26,1211,1211,0,0.01321764726141176,0.0010699311969801784,0.009485656395554543,0.02066229097545147
llava_1_5_7b,train,rotation_median,REAL,27,1211,1211,0,0.015614693801499008,0.007189656607806683,0.015285907313227654,0.023045331239700317
llava_1_5_7b,train,rotation_median,REAL,28,1211,1211,0,0.002985125256101758,-0.005803985986858606,0.0033082307782024145,0.013150067068636417
llava_1_5_7b,train,rotation_median,REAL,29,1211,1211,0,0.009453893314743814,-0.00837324419990182,0.00988899264484644,0.026113473810255527
llava_1_5_7b,train,rotation_median,REAL,30,1211,1211,0,0.029018761678915695,0.013727101497352123,0.030200965702533722,0.04527556896209717
llava_1_5_7b,train,rotation_median,REAL,31,1211,1211,0,0.0011866643609764868,-0.012635169550776482,0.00560720032081008,0.019033418968319893
llava_1_5_7b,train,rotation_median,REAL,32,1211,1211,0,0.07667031957348337,0.029096480458974838,0.06903611123561859,0.12422560155391693
llava_1_5_7b,train,rotation_median,HALL,1,375,375,0,-0.11243947302208593,-0.2177799493074417,-0.1606985181570053,0.029584839940071106
llava_1_5_7b,train,rotation_median,HALL,2,375,375,0,-0.12075535400708516,-0.1450481191277504,-0.12177644670009613,-0.09900612756609917
llava_1_5_7b,train,rotation_median,HALL,3,375,375,0,-0.18321849354108175,-0.19969099014997482,-0.18294385075569153,-0.16680870950222015
llava_1_5_7b,train,rotation_median,HALL,4,375,375,0,-0.29695048062006635,-0.3217574656009674,-0.2905808091163635,-0.27013689279556274
llava_1_5_7b,train,rotation_median,HALL,5,375,375,0,-0.29718789172172544,-0.3112289607524872,-0.29779356718063354,-0.2817879468202591
llava_1_5_7b,train,rotation_median,HALL,6,375,375,0,-0.3681830156644185,-0.3856692910194397,-0.36819759011268616,-0.3534693270921707
llava_1_5_7b,train,rotation_median,HALL,7,375,375,0,-0.39932228938738507,-0.41856974363327026,-0.4014696478843689,-0.38394850492477417
llava_1_5_7b,train,rotation_median,HALL,8,375,375,0,-0.4190146571795146,-0.4411868155002594,-0.42445313930511475,-0.40683120489120483
llava_1_5_7b,train,rotation_median,HALL,9,375,375,0,-0.42723638852437335,-0.4484045058488846,-0.43479448556900024,-0.4177309274673462
llava_1_5_7b,train,rotation_median,HALL,10,375,375,0,-0.41738948957125344,-0.43160146474838257,-0.42059582471847534,-0.41046854853630066
llava_1_5_7b,train,rotation_median,HALL,11,375,375,0,-0.45311291138331095,-0.467816561460495,-0.45586472749710083,-0.4450359493494034
llava_1_5_7b,train,rotation_median,HALL,12,375,375,0,-0.3866563269694646,-0.40561431646347046,-0.39280325174331665,-0.3770191967487335
llava_1_5_7b,train,rotation_median,HALL,13,375,375,0,-0.4366483081181844,-0.44922152161598206,-0.4381905198097229,-0.42567184567451477
llava_1_5_7b,train,rotation_median,HALL,14,375,375,0,-0.4201111919085185,-0.43715882301330566,-0.42490333318710327,-0.4099847376346588
llava_1_5_7b,train,rotation_median,HALL,15,375,375,0,-0.35648405798276267,-0.3745203912258148,-0.35507699847221375,-0.33822356164455414
llava_1_5_7b,train,rotation_median,HALL,16,375,375,0,-0.3420169026851654,-0.3654065877199173,-0.3466792702674866,-0.31883686780929565
llava_1_5_7b,train,rotation_median,HALL,17,375,375,0,-0.31581516818205513,-0.33459022641181946,-0.31805577874183655,-0.3009447902441025
llava_1_5_7b,train,rotation_median,HALL,18,375,375,0,-0.2659208297332128,-0.2835143506526947,-0.26487696170806885,-0.2481263279914856
llava_1_5_7b,train,rotation_median,HALL,19,375,375,0,-0.18513488207260767,-0.20254793763160706,-0.18865986168384552,-0.16866519302129745
llava_1_5_7b,train,rotation_median,HALL,20,375,375,0,-0.18573405943314233,-0.20109517127275467,-0.18982475996017456,-0.17457255721092224
llava_1_5_7b,train,rotation_median,HALL,21,375,375,0,-0.13939288131395977,-0.15335430204868317,-0.140306293964386,-0.1275622695684433
llava_1_5_7b,train,rotation_median,HALL,22,375,375,0,-0.10202145044008891,-0.10904913768172264,-0.10200969874858856,-0.09651640802621841
llava_1_5_7b,train,rotation_median,HALL,23,375,375,0,-0.04933123634165774,-0.05896826460957527,-0.05205719918012619,-0.042777109891176224
llava_1_5_7b,train,rotation_median,HALL,24,375,375,0,-0.055233644256989164,-0.06123778969049454,-0.05553707480430603,-0.04981600493192673
llava_1_5_7b,train,rotation_median,HALL,25,375,375,0,-0.015297475462255534,-0.020604542456567287,-0.014812525361776352,-0.009878848679363728
llava_1_5_7b,train,rotation_median,HALL,26,375,375,0,0.012272201952320757,0.0010785445920191705,0.009667988866567612,0.02057342231273651
llava_1_5_7b,train,rotation_median,HALL,27,375,375,0,0.011996569320641963,0.005130826495587826,0.011718491092324257,0.018193786032497883
llava_1_5_7b,train,rotation_median,HALL,28,375,375,0,0.01257549462041546,0.006214724853634834,0.014204317703843117,0.021846899762749672
llava_1_5_7b,train,rotation_median,HALL,29,375,375,0,0.02232342103899767,0.009798314422369003,0.02441585063934326,0.03778180107474327
llava_1_5_7b,train,rotation_median,HALL,30,375,375,0,0.033139454705951116,0.021424748934805393,0.03437614068388939,0.04578303173184395
llava_1_5_7b,train,rotation_median,HALL,31,375,375,0,0.01003045121471708,0.0005856166826561093,0.01372790802270174,0.023917919024825096
llava_1_5_7b,train,rotation_median,HALL,32,375,375,0,0.046556779270332,0.015975940972566605,0.03416701406240463,0.0668952539563179
llava_1_5_7b,train,input_cancellation,REAL,1,1211,1211,0,0.683333986411894,0.657579243183136,0.6897618174552917,0.7086002826690674
llava_1_5_7b,train,input_cancellation,REAL,2,1211,1211,0,0.5674415216969617,0.546808272600174,0.5667876601219177,0.5858007371425629
llava_1_5_7b,train,input_cancellation,REAL,3,1211,1211,0,0.5319614182760851,0.5055474638938904,0.5286821722984314,0.5575239658355713
llava_1_5_7b,train,input_cancellation,REAL,4,1211,1211,0,0.554581755478455,0.5302413702011108,0.5532923936843872,0.5787897706031799
llava_1_5_7b,train,input_cancellation,REAL,5,1211,1211,0,0.5336591242562632,0.5102618336677551,0.5302292704582214,0.554492712020874
llava_1_5_7b,train,input_cancellation,REAL,6,1211,1211,0,0.5033388913514494,0.4718191623687744,0.495646208524704,0.5278741121292114
llava_1_5_7b,train,input_cancellation,REAL,7,1211,1211,0,0.539281208809499,0.5075176954269409,0.5316129326820374,0.5634130537509918
llava_1_5_7b,train,input_cancellation,REAL,8,1211,1211,0,0.4708491955583101,0.4318573921918869,0.4654620885848999,0.5034615993499756
llava_1_5_7b,train,input_cancellation,REAL,9,1211,1211,0,0.44015421845714087,0.4096446931362152,0.4391527473926544,0.4685283303260803
llava_1_5_7b,train,input_cancellation,REAL,10,1211,1211,0,0.46767755639051034,0.42704252898693085,0.469251424074173,0.5045622885227203
llava_1_5_7b,train,input_cancellation,REAL,11,1211,1211,0,0.46060081895573096,0.420241579413414,0.456701397895813,0.49684886634349823
llava_1_5_7b,train,input_cancellation,REAL,12,1211,1211,0,0.43590641243215633,0.3942333310842514,0.4249999225139618,0.4628191292285919
llava_1_5_7b,train,input_cancellation,REAL,13,1211,1211,0,0.4699388690274378,0.4252690225839615,0.46325188875198364,0.5082575082778931
llava_1_5_7b,train,input_cancellation,REAL,14,1211,1211,0,0.3956171005447476,0.35922323167324066,0.38835006952285767,0.4218195974826813
llava_1_5_7b,train,input_cancellation,REAL,15,1211,1211,0,0.4709110701999617,0.4141637682914734,0.4596986770629883,0.5161338746547699
llava_1_5_7b,train,input_cancellation,REAL,16,1211,1211,0,0.4160834703683656,0.3723040074110031,0.4083346426486969,0.45137152075767517
llava_1_5_7b,train,input_cancellation,REAL,17,1211,1211,0,0.41826003127901346,0.3710012584924698,0.4076208472251892,0.45697107911109924
llava_1_5_7b,train,input_cancellation,REAL,18,1211,1211,0,0.45633368438969557,0.4031019061803818,0.44411081075668335,0.499610498547554
llava_1_5_7b,train,input_cancellation,REAL,19,1211,1211,0,0.4884104833535967,0.4337606132030487,0.4803600013256073,0.5341555178165436
llava_1_5_7b,train,input_cancellation,REAL,20,1211,1211,0,0.4283452169595918,0.3665919601917267,0.410942405462265,0.4766601473093033
llava_1_5_7b,train,input_cancellation,REAL,21,1211,1211,0,0.40612285918287755,0.3642745465040207,0.39887645840644836,0.44144129753112793
llava_1_5_7b,train,input_cancellation,REAL,22,1211,1211,0,0.4133936185958856,0.35380719602108,0.39774689078330994,0.4548976868391037
llava_1_5_7b,train,input_cancellation,REAL,23,1211,1211,0,0.3910021519090005,0.3443452715873718,0.37995007634162903,0.4267550855875015
llava_1_5_7b,train,input_cancellation,REAL,24,1211,1211,0,0.4206508281406147,0.3693697601556778,0.409531831741333,0.4593014121055603
llava_1_5_7b,train,input_cancellation,REAL,25,1211,1211,0,0.40152692465030093,0.34073828160762787,0.3873503804206848,0.4550165683031082
llava_1_5_7b,train,input_cancellation,REAL,26,1211,1211,0,0.38639174732760295,0.3406926840543747,0.37276777625083923,0.4220026582479477
llava_1_5_7b,train,input_cancellation,REAL,27,1211,1211,0,0.40653318558026696,0.3541751056909561,0.39730578660964966,0.45350033044815063
llava_1_5_7b,train,input_cancellation,REAL,28,1211,1211,0,0.3994203890580761,0.366050586104393,0.3865336775779724,0.41495481133461
llava_1_5_7b,train,input_cancellation,REAL,29,1211,1211,0,0.46813806111314493,0.3901693820953369,0.4496820271015167,0.5377684831619263
llava_1_5_7b,train,input_cancellation,REAL,30,1211,1211,0,0.38024386293527807,0.3377505838871002,0.3687902092933655,0.41669610142707825
llava_1_5_7b,train,input_cancellation,REAL,31,1211,1211,0,0.4172851768876776,0.3761320263147354,0.4099838137626648,0.44742563366889954
llava_1_5_7b,train,input_cancellation,REAL,32,1211,1211,0,0.48935204933833526,0.4575507491827011,0.49098947644233704,0.5234194993972778
llava_1_5_7b,train,input_cancellation,HALL,1,375,375,0,0.7142167658805847,0.6947148144245148,0.723800003528595,0.7410669326782227
llava_1_5_7b,train,input_cancellation,HALL,2,375,375,0,0.558666381518046,0.5424745976924896,0.5587186217308044,0.5741564333438873
llava_1_5_7b,train,input_cancellation,HALL,3,375,375,0,0.5396685312589009,0.5100819170475006,0.5348044633865356,0.564111202955246
llava_1_5_7b,train,input_cancellation,HALL,4,375,375,0,0.5685947794119517,0.5401200652122498,0.5667111873626709,0.596145898103714
llava_1_5_7b,train,input_cancellation,HALL,5,375,375,0,0.5526481221516927,0.5285517871379852,0.5510876178741455,0.5761276185512543
llava_1_5_7b,train,input_cancellation,HALL,6,375,375,0,0.48655745037396747,0.4641229212284088,0.4815433919429779,0.5011856853961945
llava_1_5_7b,train,input_cancellation,HALL,7,375,375,0,0.5241411611239115,0.5040434300899506,0.5226093530654907,0.5438894629478455
llava_1_5_7b,train,input_cancellation,HALL,8,375,375,0,0.4490503024260203,0.42841437458992004,0.4467848241329193,0.46735212206840515
llava_1_5_7b,train,input_cancellation,HALL,9,375,375,0,0.4257453962167104,0.4017043262720108,0.4218253791332245,0.4447745382785797
llava_1_5_7b,train,input_cancellation,HALL,10,375,375,0,0.4486299383640289,0.41664569079875946,0.446897953748703,0.4781621992588043
llava_1_5_7b,train,input_cancellation,HALL,11,375,375,0,0.44038497471809385,0.39691826701164246,0.43089061975479126,0.47882023453712463
llava_1_5_7b,train,input_cancellation,HALL,12,375,375,0,0.44353585108121235,0.401485413312912,0.4396810233592987,0.4819900244474411
llava_1_5_7b,train,input_cancellation,HALL,13,375,375,0,0.46575951647758485,0.4119551330804825,0.4586867094039917,0.517247885465622
llava_1_5_7b,train,input_cancellation,HALL,14,375,375,0,0.4019293104012807,0.36600254476070404,0.394351065158844,0.4261946976184845
llava_1_5_7b,train,input_cancellation,HALL,15,375,375,0,0.45649592725435895,0.40608055889606476,0.44472771883010864,0.5040651261806488
llava_1_5_7b,train,input_cancellation,HALL,16,375,375,0,0.4037932926019033,0.3529304563999176,0.3933202922344208,0.44598206877708435
llava_1_5_7b,train,input_cancellation,HALL,17,375,375,0,0.36742045505841575,0.3377512991428375,0.35752546787261963,0.3886546939611435
llava_1_5_7b,train,input_cancellation,HALL,18,375,375,0,0.4316519796848297,0.39279910922050476,0.42221227288246155,0.46143870055675507
llava_1_5_7b,train,input_cancellation,HALL,19,375,375,0,0.4716861996650696,0.4211375415325165,0.46192577481269836,0.5105852782726288
llava_1_5_7b,train,input_cancellation,HALL,20,375,375,0,0.3888695353666941,0.3449995517730713,0.3790038526058197,0.4149734079837799
llava_1_5_7b,train,input_cancellation,HALL,21,375,375,0,0.3728113674322764,0.3323556035757065,0.361549437046051,0.4046305865049362
llava_1_5_7b,train,input_cancellation,HALL,22,375,375,0,0.3648615408738454,0.3228062391281128,0.35742443799972534,0.394295796751976
llava_1_5_7b,train,input_cancellation,HALL,23,375,375,0,0.36708558026949567,0.33212000131607056,0.36011046171188354,0.39452463388442993
llava_1_5_7b,train,input_cancellation,HALL,24,375,375,0,0.40663496367136637,0.36807583272457123,0.39407241344451904,0.44162189960479736
llava_1_5_7b,train,input_cancellation,HALL,25,375,375,0,0.36112636351585387,0.32073351740837097,0.3522304594516754,0.38657885789871216
llava_1_5_7b,train,input_cancellation,HALL,26,375,375,0,0.3669504686991374,0.32776688039302826,0.3590242862701416,0.4016921669244766
llava_1_5_7b,train,input_cancellation,HALL,27,375,375,0,0.3744039454460144,0.33082354068756104,0.359500527381897,0.39821603894233704
llava_1_5_7b,train,input_cancellation,HALL,28,375,375,0,0.3927775765260061,0.36556220054626465,0.3863695561885834,0.4043075293302536
llava_1_5_7b,train,input_cancellation,HALL,29,375,375,0,0.41603586554527283,0.36520810425281525,0.40503033995628357,0.45775648951530457
llava_1_5_7b,train,input_cancellation,HALL,30,375,375,0,0.34818250902493797,0.3174140006303787,0.34262436628341675,0.3681176006793976
llava_1_5_7b,train,input_cancellation,HALL,31,375,375,0,0.38448422312736513,0.3553706109523773,0.3768111765384674,0.4028216749429703
llava_1_5_7b,train,input_cancellation,HALL,32,375,375,0,0.4790131383736928,0.4521046131849289,0.48064151406288147,0.5068192183971405
llava_1_5_7b,train,cancellation_change,REAL,1,1211,1211,0,-0.008792388999303184,-0.043095300718828056,-0.005887609660297777,0.027773543452617344
llava_1_5_7b,train,cancellation_change,REAL,2,1211,1211,0,0.07475017402753029,0.0430042904905078,0.061885994509349285,0.0907364709203084
llava_1_5_7b,train,cancellation_change,REAL,3,1211,1211,0,-0.05155023746645004,-0.06434609700814731,-0.05207585245622248,-0.03979621217435053
llava_1_5_7b,train,cancellation_change,REAL,4,1211,1211,0,-0.007224360850468417,-0.030989159220222495,-0.005782327287120359,0.01746691463754807
llava_1_5_7b,train,cancellation_change,REAL,5,1211,1211,0,-0.005039595081216579,-0.025424668079231022,-0.008015613572474045,0.011138029739253597
llava_1_5_7b,train,cancellation_change,REAL,6,1211,1211,0,0.03454044018507707,0.01720461913039248,0.037870268116120154,0.05333787424235903
llava_1_5_7b,train,cancellation_change,REAL,7,1211,1211,0,0.04597529299235768,0.031035415841784986,0.04804403948039826,0.06327216705560545
llava_1_5_7b,train,cancellation_change,REAL,8,1211,1211,0,0.05025991538773845,0.03678281901425079,0.05148579912228135,0.06522097284975042
llava_1_5_7b,train,cancellation_change,REAL,9,1211,1211,0,0.03942180261076135,0.025153949775051337,0.04102087771582641,0.05480962580498833
llava_1_5_7b,train,cancellation_change,REAL,10,1211,1211,0,0.04181496140600542,0.029543567999866016,0.04144786399603029,0.05319837783670289
llava_1_5_7b,train,cancellation_change,REAL,11,1211,1211,0,0.058503476472375034,0.04575122070962906,0.05926266733872493,0.07170181739175574
llava_1_5_7b,train,cancellation_change,REAL,12,1211,1211,0,0.04174886030938397,0.024734367322729656,0.04102594648480451,0.057577904454351625
llava_1_5_7b,train,cancellation_change,REAL,13,1211,1211,0,0.04009392286790227,0.02205726648558909,0.03808285810850898,0.05645423577233605
llava_1_5_7b,train,cancellation_change,REAL,14,1211,1211,0,0.031087829393714492,0.015452839088195086,0.03197865883025586,0.04702809299108046
llava_1_5_7b,train,cancellation_change,REAL,15,1211,1211,0,0.04283121386007246,0.02606055380166883,0.043371553602023605,0.05850061741979873
llava_1_5_7b,train,cancellation_change,REAL,16,1211,1211,0,0.016809753985027844,-0.001467862247625712,0.014253451936289574,0.03379840298790199
llava_1_5_7b,train,cancellation_change,REAL,17,1211,1211,0,0.07213712316247772,0.054425077982541314,0.07084299237420005,0.08788865078907376
llava_1_5_7b,train,cancellation_change,REAL,18,1211,1211,0,0.05493850132316935,0.03998093230618832,0.05374660643651524,0.06800669906038442
llava_1_5_7b,train,cancellation_change,REAL,19,1211,1211,0,0.06397222415304345,0.04513818324270624,0.06395957195745428,0.08344275950567809
llava_1_5_7b,train,cancellation_change,REAL,20,1211,1211,0,0.02506475117682521,0.00945288111174139,0.023871761742354614,0.03870087459981841
llava_1_5_7b,train,cancellation_change,REAL,21,1211,1211,0,0.07596011610073412,0.05331554808828959,0.07326192584665536,0.09488086300389448
llava_1_5_7b,train,cancellation_change,REAL,22,1211,1211,0,0.03613370361240548,0.018031772016478015,0.031106798312677375,0.049177588533658306
llava_1_5_7b,train,cancellation_change,REAL,23,1211,1211,0,0.024956627074168576,0.003570834873421719,0.017400100697111398,0.035683785903783516
llava_1_5_7b,train,cancellation_change,REAL,24,1211,1211,0,0.022267336254923803,0.003216477343240931,0.015670730482248374,0.031959714802036465
llava_1_5_7b,train,cancellation_change,REAL,25,1211,1211,0,0.024754307954040402,-0.001061866251656135,0.012032520263266955,0.03429732393850765
llava_1_5_7b,train,cancellation_change,REAL,26,1211,1211,0,0.07159770241317386,0.033680355829643266,0.05788240761414737,0.09126055385274184
llava_1_5_7b,train,cancellation_change,REAL,27,1211,1211,0,-0.0033566157782844615,-0.020633859594016313,-0.0056452972985197025,0.010521053881403397
llava_1_5_7b,train,cancellation_change,REAL,28,1211,1211,0,0.0705703106371578,0.027147605781049966,0.06417697998806243,0.10966175998748304
llava_1_5_7b,train,cancellation_change,REAL,29,1211,1211,0,0.01789414209417449,-0.00948113400884873,0.00730087626232262,0.03121164195623899
llava_1_5_7b,train,cancellation_change,REAL,30,1211,1211,0,0.011536517363966183,-0.005767660716896356,0.0056181825459100665,0.020994231647211703
llava_1_5_7b,train,cancellation_change,REAL,31,1211,1211,0,0.1538981313150473,0.09676654004454485,0.15558891383857076,0.2126979364156923
llava_1_5_7b,train,cancellation_change,REAL,32,1211,1211,0,0.20462212119194034,0.1641418473025646,0.20171447942473897,0.24611528544767658
llava_1_5_7b,train,cancellation_change,HALL,1,375,375,0,0.035178989999140826,0.01843453856875593,0.04243824530666607,0.05754181263728719
llava_1_5_7b,train,cancellation_change,HALL,2,375,375,0,0.09128246175692835,0.04866274887561001,0.0739808446661182,0.13342875639651453
llava_1_5_7b,train,cancellation_change,HALL,3,375,375,0,-0.05712957678511132,-0.07062873692950644,-0.05889839563294602,-0.045512562130501893
llava_1_5_7b,train,cancellation_change,HALL,4,375,375,0,-0.02529570700196645,-0.04854393286330966,-0.022917664377515468,-0.003747971119271387
llava_1_5_7b,train,cancellation_change,HALL,5,375,375,0,-0.019428176780312542,-0.033357299560705045,-0.02033285601058188,-0.006660995717060525
llava_1_5_7b,train,cancellation_change,HALL,6,375,375,0,0.015301091244439045,-0.005083727160504453,0.015298485160344544,0.03415966255442429
llava_1_5_7b,train,cancellation_change,HALL,7,375,375,0,0.02879125208386848,0.011404991139511711,0.029646075500115887,0.0458608798609314
llava_1_5_7b,train,cancellation_change,HALL,8,375,375,0,0.05772617114007962,0.04134353299907709,0.05929172618918266,0.07545184677861685
llava_1_5_7b,train,cancellation_change,HALL,9,375,375,0,0.04657749695896289,0.03511898103784089,0.048106274078798195,0.060713726254389394
llava_1_5_7b,train,cancellation_change,HALL,10,375,375,0,0.03227685500054491,0.02351580114372165,0.031395920209734585,0.04178744505682508
llava_1_5_7b,train,cancellation_change,HALL,11,375,375,0,0.052883059150095016,0.041395997468063744,0.053577837748253754,0.06370694945954242
llava_1_5_7b,train,cancellation_change,HALL,12,375,375,0,0.03324506126062626,0.01913251803803076,0.03264884278990626,0.047985294885843105
llava_1_5_7b,train,cancellation_change,HALL,13,375,375,0,0.02922658179418902,0.015976185368687695,0.027735293564128127,0.040825254026764124
llava_1_5_7b,train,cancellation_change,HALL,14,375,375,0,0.0320977508866346,0.01590341513649804,0.03390895761562629,0.05129949716072785
llava_1_5_7b,train,cancellation_change,HALL,15,375,375,0,0.040907017612109874,0.02305451788726004,0.04251678663131564,0.05659769788855834
llava_1_5_7b,train,cancellation_change,HALL,16,375,375,0,0.00023066730615324953,-0.014656076519259181,-0.0020059764687417325,0.012590541825706403
llava_1_5_7b,train,cancellation_change,HALL,17,375,375,0,0.061164079512001764,0.04877915975670824,0.06160784134809205,0.07189096320592966
llava_1_5_7b,train,cancellation_change,HALL,18,375,375,0,0.06562789754224826,0.053509585242896396,0.06687406824608139,0.07803848988233456
llava_1_5_7b,train,cancellation_change,HALL,19,375,375,0,0.05668977045356482,0.038856673122074165,0.05832473757756884,0.07407652210192722
llava_1_5_7b,train,cancellation_change,HALL,20,375,375,0,0.031112235196961355,0.01847695787625933,0.030695016587990398,0.041172510500153525
llava_1_5_7b,train,cancellation_change,HALL,21,375,375,0,0.07491535637580127,0.05947863930194186,0.07399389466542239,0.0894985215925824
llava_1_5_7b,train,cancellation_change,HALL,22,375,375,0,0.032381474206065054,0.016562125827245228,0.027116386349826826,0.04442848751532444
llava_1_5_7b,train,cancellation_change,HALL,23,375,375,0,0.017666370933344156,0.001303255339697884,0.013611089817327116,0.02827534762101727
llava_1_5_7b,train,cancellation_change,HALL,24,375,375,0,0.015273331190270656,0.0004046468845700091,0.011288791260118558,0.025017329439929126
llava_1_5_7b,train,cancellation_change,HALL,25,375,375,0,0.016799289353189705,-0.00322670261710975,0.006121689027519472,0.023519553801078175
llava_1_5_7b,train,cancellation_change,HALL,26,375,375,0,0.052428988974160526,0.020971237631353085,0.037913589178909024,0.06725626826410142
llava_1_5_7b,train,cancellation_change,HALL,27,375,375,0,0.00418662461533131,-0.011009576968054602,0.0002829003629243876,0.012532117016301497
llava_1_5_7b,train,cancellation_change,HALL,28,375,375,0,0.08398874500972778,0.051075106507208534,0.07939737090322802,0.11511000535218013
llava_1_5_7b,train,cancellation_change,HALL,29,375,375,0,0.013954541042768293,-0.003143586108204449,0.010767234438185835,0.024428378405069395
llava_1_5_7b,train,cancellation_change,HALL,30,375,375,0,0.013310113636125174,-0.0032760961580630132,0.0047758220810642515,0.01959105998576624
llava_1_5_7b,train,cancellation_change,HALL,31,375,375,0,0.17283383039143962,0.1350758568580536,0.17589322731349943,0.2083191806251644
llava_1_5_7b,train,cancellation_change,HALL,32,375,375,0,0.2448115146976667,0.20383706801182433,0.2502604016584048,0.29289171839307004
llava_1_5_7b,test,amp_mean,REAL,1,292,292,0,1.4673271411846425,1.0461033257634433,1.316956924963303,2.0023900740798837
llava_1_5_7b,test,amp_mean,REAL,2,292,292,0,0.7971881642847932,0.6849029893614531,0.776924047809411,0.8712984691136719
llava_1_5_7b,test,amp_mean,REAL,3,292,292,0,0.5553853631059147,0.5073452249650631,0.5492966008836233,0.582018892831914
llava_1_5_7b,test,amp_mean,REAL,4,292,292,0,0.7428133185544794,0.7002346793404417,0.7356339496943753,0.7701945104954706
llava_1_5_7b,test,amp_mean,REAL,5,292,292,0,0.7479958058312642,0.716426858945141,0.7447331924186784,0.7839909842460349
llava_1_5_7b,test,amp_mean,REAL,6,292,292,0,0.7387272001017576,0.7007711014087391,0.7447035151164914,0.7820579604897856
llava_1_5_7b,test,amp_mean,REAL,7,292,292,0,0.7071001411231885,0.6707988993977022,0.7094895326914799,0.7401001130302912
llava_1_5_7b,test,amp_mean,REAL,8,292,292,0,0.7072524380618008,0.6767889266044499,0.7019965943615731,0.7407882317904828
llava_1_5_7b,test,amp_mean,REAL,9,292,292,0,0.6215150754385712,0.6036782073251044,0.6237735287336907,0.6410934877126333
llava_1_5_7b,test,amp_mean,REAL,10,292,292,0,0.6186824649180409,0.5892244046557961,0.6173634058385011,0.6455229019197724
llava_1_5_7b,test,amp_mean,REAL,11,292,292,0,0.6175097730014631,0.5964701703710049,0.6188127755730096,0.6390717420396891
llava_1_5_7b,test,amp_mean,REAL,12,292,292,0,0.5758469690069751,0.5572009841273906,0.5751678167674155,0.5983679153495277
llava_1_5_7b,test,amp_mean,REAL,13,292,292,0,0.5496859440762268,0.5266397492904855,0.5506361286958998,0.5768218539653942
llava_1_5_7b,test,amp_mean,REAL,14,292,292,0,0.5154694872785659,0.49533910583109,0.5199896641874976,0.5382038958273414
llava_1_5_7b,test,amp_mean,REAL,15,292,292,0,0.48318586849168593,0.466968229996044,0.4835388499449075,0.500940977842069
llava_1_5_7b,test,amp_mean,REAL,16,292,292,0,0.46137653786759086,0.44105370942620026,0.46077501616664995,0.4790921899915891
llava_1_5_7b,test,amp_mean,REAL,17,292,292,0,0.4583317204486181,0.43784608493184995,0.4556558997745521,0.47778584174874744
llava_1_5_7b,test,amp_mean,REAL,18,292,292,0,0.40254987997857006,0.38426574907357003,0.39893065030973096,0.4204806775700933
llava_1_5_7b,test,amp_mean,REAL,19,292,292,0,0.4350232669457059,0.417395532073702,0.4324827613598905,0.4504391782814786
llava_1_5_7b,test,amp_mean,REAL,20,292,292,0,0.35521903673337274,0.33571586993591546,0.3515846832334507,0.3675102021188474
llava_1_5_7b,test,amp_mean,REAL,21,292,292,0,0.3687554789458307,0.3436656815078394,0.3662526231971508,0.3900637359707333
llava_1_5_7b,test,amp_mean,REAL,22,292,292,0,0.29831863191319363,0.2784338830611041,0.29532014112093097,0.31442086744862496
llava_1_5_7b,test,amp_mean,REAL,23,292,292,0,0.2609200655463689,0.2446631265130852,0.25780236504202986,0.27679943188918626
llava_1_5_7b,test,amp_mean,REAL,24,292,292,0,0.25847338472796166,0.24124784628293128,0.2569989025819528,0.2743981061620629
llava_1_5_7b,test,amp_mean,REAL,25,292,292,0,0.23903174282437598,0.22398965734523302,0.23894784758289755,0.25314602682662257
llava_1_5_7b,test,amp_mean,REAL,26,292,292,0,0.26627108189171844,0.24751756327429583,0.26358969506432567,0.2820246428592129
llava_1_5_7b,test,amp_mean,REAL,27,292,292,0,0.23982183307114635,0.22750928642584947,0.23800357882192888,0.24888646820423208
llava_1_5_7b,test,amp_mean,REAL,28,292,292,0,0.24079055119044454,0.22636989925678386,0.24001419466919416,0.25385207094319484
llava_1_5_7b,test,amp_mean,REAL,29,292,292,0,0.24365020238071555,0.22792491551915106,0.23959019592227415,0.2581191384911685
llava_1_5_7b,test,amp_mean,REAL,30,292,292,0,0.230542840793006,0.21853778832878124,0.22881529390936267,0.24121762378819234
llava_1_5_7b,test,amp_mean,REAL,31,292,292,0,0.36700221402998334,0.3456068256994299,0.3643233761035293,0.38422029397374513
llava_1_5_7b,test,amp_mean,REAL,32,292,292,0,1.5285375788436393,1.4202011194851247,1.5246854725716212,1.6361324694819337
llava_1_5_7b,test,amp_mean,HALL,1,75,75,0,1.3119777780878088,1.0385378550593296,1.3569989340591624,1.5386306568270673
llava_1_5_7b,test,amp_mean,HALL,2,75,75,0,0.9077622581470536,0.7599318708015912,0.8555234624810522,1.049616699863569
llava_1_5_7b,test,amp_mean,HALL,3,75,75,0,0.5597492945412708,0.515655684360687,0.5570472706136838,0.5840059015657004
llava_1_5_7b,test,amp_mean,HALL,4,75,75,0,0.7296095142152036,0.6856781707044737,0.72318546506995,0.7731889451988574
llava_1_5_7b,test,amp_mean,HALL,5,75,75,0,0.7207702599711555,0.6847509152991436,0.7219190692630212,0.7492671646758993
llava_1_5_7b,test,amp_mean,HALL,6,75,75,0,0.7048124415663959,0.6702673268808099,0.7080823059387279,0.7466112925191002
llava_1_5_7b,test,amp_mean,HALL,7,75,75,0,0.6743567276648347,0.6450324138993461,0.6726073503190566,0.7017668740049756
llava_1_5_7b,test,amp_mean,HALL,8,75,75,0,0.7192853178815828,0.6859047169937835,0.7191774082197168,0.7594979080131703
llava_1_5_7b,test,amp_mean,HALL,9,75,75,0,0.6243099921459443,0.6006594950293527,0.6227711123140991,0.6451978754651546
llava_1_5_7b,test,amp_mean,HALL,10,75,75,0,0.6209437023828662,0.5973217904533301,0.6189633860540753,0.6419843242096542
llava_1_5_7b,test,amp_mean,HALL,11,75,75,0,0.6285996496730815,0.60975039841582,0.6338993000776897,0.6496015178348644
llava_1_5_7b,test,amp_mean,HALL,12,75,75,0,0.5870067433928197,0.5697065047582128,0.5915572771195075,0.6060058644847073
llava_1_5_7b,test,amp_mean,HALL,13,75,75,0,0.5696124766570986,0.5474206390711358,0.5707436768928632,0.5990442509066067
llava_1_5_7b,test,amp_mean,HALL,14,75,75,0,0.5196671850356298,0.5035013460245684,0.5234624211043883,0.5374043819095177
llava_1_5_7b,test,amp_mean,HALL,15,75,75,0,0.4781944141785097,0.46352234946505955,0.4761760759822682,0.48892344065648674
llava_1_5_7b,test,amp_mean,HALL,16,75,75,0,0.46492777940988217,0.44378456132198163,0.4616968071809745,0.4849487512558789
llava_1_5_7b,test,amp_mean,HALL,17,75,75,0,0.44780288558526327,0.43242241806648163,0.4469265574259753,0.46470153857178575
llava_1_5_7b,test,amp_mean,HALL,18,75,75,0,0.40058967737143014,0.38598879754395465,0.40092759328151595,0.41173696437735285
llava_1_5_7b,test,amp_mean,HALL,19,75,75,0,0.4275115204014793,0.41673380395068715,0.4268717649881387,0.4423901612630352
llava_1_5_7b,test,amp_mean,HALL,20,75,75,0,0.3462204377424039,0.3284863596681069,0.3432959848570168,0.3604846816897626
llava_1_5_7b,test,amp_mean,HALL,21,75,75,0,0.35817076837405537,0.3426634203387795,0.3544549096252645,0.3738505614824804
llava_1_5_7b,test,amp_mean,HALL,22,75,75,0,0.29392429384474666,0.28262631739698696,0.29161440045121395,0.3024268127348828
llava_1_5_7b,test,amp_mean,HALL,23,75,75,0,0.2580171656493095,0.2476050967662139,0.25788948573360204,0.2674607806175329
llava_1_5_7b,test,amp_mean,HALL,24,75,75,0,0.25573307475260637,0.2396566954367844,0.2533301125657744,0.2673923715770091
llava_1_5_7b,test,amp_mean,HALL,25,75,75,0,0.237836913805949,0.22471523340121471,0.2341440044046645,0.24742487827223233
llava_1_5_7b,test,amp_mean,HALL,26,75,75,0,0.2612741532558883,0.24991561971008225,0.25520436540003827,0.2660901874769598
llava_1_5_7b,test,amp_mean,HALL,27,75,75,0,0.23907019798595408,0.22935087153064088,0.2351818599843611,0.2484819281411566
llava_1_5_7b,test,amp_mean,HALL,28,75,75,0,0.2399303383710333,0.23057013789935807,0.23816358992120806,0.2474423315632528
llava_1_5_7b,test,amp_mean,HALL,29,75,75,0,0.23920440030382992,0.22723918408375715,0.23738999569519892,0.250171746535499
llava_1_5_7b,test,amp_mean,HALL,30,75,75,0,0.22872559065691273,0.21921787616368077,0.22621262126070268,0.23598112575053037
llava_1_5_7b,test,amp_mean,HALL,31,75,75,0,0.3749658367909624,0.3517804725372614,0.3704264657768419,0.38833653455230865
llava_1_5_7b,test,amp_mean,HALL,32,75,75,0,1.4746545066896957,1.3674136990625603,1.4607930098342696,1.559988278476657
llava_1_5_7b,test,amp_median,REAL,1,292,292,0,1.4352588755067828,1.0314369898150848,1.2962613471834055,1.9457717818174403
llava_1_5_7b,test,amp_median,REAL,2,292,292,0,0.7865400691842098,0.677705960717178,0.7712485758241863,0.8630227132836904
llava_1_5_7b,test,amp_median,REAL,3,292,292,0,0.5483695788677987,0.49774355766711437,0.5415693432027548,0.5775023374379691
llava_1_5_7b,test,amp_median,REAL,4,292,292,0,0.7428545663737615,0.6988323829949615,0.7349045075052483,0.774296786275672
llava_1_5_7b,test,amp_median,REAL,5,292,292,0,0.7455384473548895,0.7103400440643289,0.7427859934432788,0.7827217595460932
llava_1_5_7b,test,amp_median,REAL,6,292,292,0,0.7389762419650426,0.7001111304798691,0.7414532197452457,0.7828479103205772
llava_1_5_7b,test,amp_median,REAL,7,292,292,0,0.7033977666632208,0.6681074993762248,0.7046245175587627,0.7357552429826183
llava_1_5_7b,test,amp_median,REAL,8,292,292,0,0.7033537577525982,0.6699844281825821,0.6981847280014527,0.7362921045186891
llava_1_5_7b,test,amp_median,REAL,9,292,292,0,0.619973211255336,0.6007376155563316,0.6218449283938283,0.64047490589697
llava_1_5_7b,test,amp_median,REAL,10,292,292,0,0.6146712316445928,0.5860813048291715,0.6140505429269467,0.6422640725118304
llava_1_5_7b,test,amp_median,REAL,11,292,292,0,0.6150732796771357,0.592914226450441,0.6183545555731604,0.6362941481870257
llava_1_5_7b,test,amp_median,REAL,12,292,292,0,0.5758669713798735,0.557787987089014,0.5742348628471179,0.5970754103958913
llava_1_5_7b,test,amp_median,REAL,13,292,292,0,0.5452444515503841,0.5218209960791373,0.5463723567186232,0.5729128257257883
llava_1_5_7b,test,amp_median,REAL,14,292,292,0,0.5150834744975585,0.4938085952315983,0.5190850249684094,0.5375530340197157
llava_1_5_7b,test,amp_median,REAL,15,292,292,0,0.4805169001953286,0.4648212235464603,0.4808297245910437,0.49770097515679823
llava_1_5_7b,test,amp_median,REAL,16,292,292,0,0.4589772627421652,0.4381456901024158,0.45894910155309593,0.47785181745455374
llava_1_5_7b,test,amp_median,REAL,17,292,292,0,0.4554921948707113,0.4340939235234587,0.45283747483617853,0.47363790884074164
llava_1_5_7b,test,amp_median,REAL,18,292,292,0,0.39723484916140844,0.38064235528745355,0.3940989303511224,0.4110603428952829
llava_1_5_7b,test,amp_median,REAL,19,292,292,0,0.4292411301648007,0.4110521989520424,0.4273743879018906,0.44185558729545954
llava_1_5_7b,test,amp_median,REAL,20,292,292,0,0.3496977153570469,0.3304924804017165,0.3472010811581732,0.36366880168010707
llava_1_5_7b,test,amp_median,REAL,21,292,292,0,0.36577438763904296,0.342480031146461,0.3636810835484252,0.387016049909857
llava_1_5_7b,test,amp_median,REAL,22,292,292,0,0.289620310497229,0.27047486816190236,0.2866413670490035,0.30469167999773694
llava_1_5_7b,test,amp_median,REAL,23,292,292,0,0.2592437643617527,0.24322281612321103,0.2582696007057993,0.27565715584275485
llava_1_5_7b,test,amp_median,REAL,24,292,292,0,0.2522177720221606,0.2340446058938308,0.2520952452961215,0.26920684129718736
llava_1_5_7b,test,amp_median,REAL,25,292,292,0,0.23609188171926598,0.22043409514505546,0.2361490212191406,0.2521981031480207
llava_1_5_7b,test,amp_median,REAL,26,292,292,0,0.2497708920835238,0.23358877763515423,0.2470926404497807,0.2653581206256157
llava_1_5_7b,test,amp_median,REAL,27,292,292,0,0.22839944170907445,0.21546143816125954,0.22797666792629978,0.23936574829252283
llava_1_5_7b,test,amp_median,REAL,28,292,292,0,0.23219095011467783,0.21768317171555562,0.2299673058496326,0.245072366764532
llava_1_5_7b,test,amp_median,REAL,29,292,292,0,0.2318690372058585,0.21555335932949474,0.22771538914327608,0.24553750287514697
llava_1_5_7b,test,amp_median,REAL,30,292,292,0,0.21990628711949042,0.20796430846953307,0.21951785757389805,0.2286995552732877
llava_1_5_7b,test,amp_median,REAL,31,292,292,0,0.3463341323022243,0.32174795183383065,0.3406418994073387,0.3671843212056937
llava_1_5_7b,test,amp_median,REAL,32,292,292,0,1.5949813502627412,1.4842402689753595,1.6067710069933252,1.7308595354683973
llava_1_5_7b,test,amp_median,HALL,1,75,75,0,1.294475562842922,1.0296809854742897,1.353280926061385,1.5176747359426426
llava_1_5_7b,test,amp_median,HALL,2,75,75,0,0.8783157032258783,0.7525155479923227,0.8270915892068118,0.9991398410522494
llava_1_5_7b,test,amp_median,HALL,3,75,75,0,0.5530146951281348,0.5069792069174159,0.5519518095786191,0.5763797956805297
llava_1_5_7b,test,amp_median,HALL,4,75,75,0,0.7263987593821799,0.6757327512054194,0.7228445109198467,0.7630581617963688
llava_1_5_7b,test,amp_median,HALL,5,75,75,0,0.718838502172954,0.684616675190848,0.7193594622239157,0.7475145419551895
llava_1_5_7b,test,amp_median,HALL,6,75,75,0,0.7071921279137451,0.6733501326451172,0.713730419898453,0.7517727725458216
llava_1_5_7b,test,amp_median,HALL,7,75,75,0,0.6724772938745159,0.6432635183215534,0.6693557577846686,0.6960869105164553
llava_1_5_7b,test,amp_median,HALL,8,75,75,0,0.7236339565130206,0.685434469997197,0.7246783585665575,0.7697303363295827
llava_1_5_7b,test,amp_median,HALL,9,75,75,0,0.6222033802214857,0.5980093235167236,0.6211867824230233,0.6422041521470296
llava_1_5_7b,test,amp_median,HALL,10,75,75,0,0.6173587598173382,0.5949248134567271,0.61616202821047,0.6388120725751741
llava_1_5_7b,test,amp_median,HALL,11,75,75,0,0.6263054129568468,0.6081021544486136,0.6306369533887026,0.648419823243536
llava_1_5_7b,test,amp_median,HALL,12,75,75,0,0.586607321975084,0.5684130158327221,0.5920929136787376,0.6059547940930027
llava_1_5_7b,test,amp_median,HALL,13,75,75,0,0.5678778108180776,0.5458787697479672,0.570250634298779,0.5977852634356413
llava_1_5_7b,test,amp_median,HALL,14,75,75,0,0.5179907830081969,0.5023654170887373,0.5225062419290584,0.5347194988043797
llava_1_5_7b,test,amp_median,HALL,15,75,75,0,0.4767934875272785,0.4631870502258152,0.4748141155832492,0.4867266079566259
llava_1_5_7b,test,amp_median,HALL,16,75,75,0,0.4633228463487761,0.44314911871983487,0.4590216913142431,0.4824833542237432
llava_1_5_7b,test,amp_median,HALL,17,75,75,0,0.44569193321700745,0.4315861112243236,0.44521637729815844,0.4600738379884324
llava_1_5_7b,test,amp_median,HALL,18,75,75,0,0.3975192339181265,0.3842578698010572,0.3959793833979415,0.41018774910144457
llava_1_5_7b,test,amp_median,HALL,19,75,75,0,0.42090634804081867,0.40893620088635213,0.4204653069451294,0.43588428285165504
llava_1_5_7b,test,amp_median,HALL,20,75,75,0,0.33868644823267746,0.3200917934492902,0.3322336855512924,0.3548652433502768
llava_1_5_7b,test,amp_median,HALL,21,75,75,0,0.3553278553045119,0.34035470783219607,0.35128104758619394,0.3671790765066715
llava_1_5_7b,test,amp_median,HALL,22,75,75,0,0.28668350542079757,0.27671540785467263,0.285752030065933,0.2963179317181185
llava_1_5_7b,test,amp_median,HALL,23,75,75,0,0.2553785636672084,0.2458992371682709,0.2534241909352455,0.2658360950726528
llava_1_5_7b,test,amp_median,HALL,24,75,75,0,0.2460461215744746,0.23120961283112917,0.24232006418898566,0.2562413527541165
llava_1_5_7b,test,amp_median,HALL,25,75,75,0,0.2336317807232915,0.2210567777655358,0.23093174823969814,0.24308005668973354
llava_1_5_7b,test,amp_median,HALL,26,75,75,0,0.24560431720365766,0.23415872876699995,0.24183970688596285,0.2537355201993639
llava_1_5_7b,test,amp_median,HALL,27,75,75,0,0.22759150659827956,0.21819113517762004,0.22434043390239744,0.23550564506449972
llava_1_5_7b,test,amp_median,HALL,28,75,75,0,0.23187457806267966,0.220507551968768,0.23038333640957143,0.23917413071067312
llava_1_5_7b,test,amp_median,HALL,29,75,75,0,0.2246913456927291,0.21358589816513862,0.22273577239393258,0.23015279030591748
llava_1_5_7b,test,amp_median,HALL,30,75,75,0,0.21950638894006866,0.21211346273110537,0.21850403029563614,0.2270688644269975
llava_1_5_7b,test,amp_median,HALL,31,75,75,0,0.3558406217936318,0.33293394666643283,0.34981106593843037,0.3716593186183826
llava_1_5_7b,test,amp_median,HALL,32,75,75,0,1.5118311014373937,1.4076553369317122,1.5171111446918772,1.6291652797293383
llava_1_5_7b,test,amp_fraction_gt1,REAL,1,292,292,0,0.7849957191780822,0.5828993055555556,0.9904513888888888,1.0
llava_1_5_7b,test,amp_fraction_gt1,REAL,2,292,292,0,0.1264566685692542,0.0,0.010416666666666666,0.1853298611111111
llava_1_5_7b,test,amp_fraction_gt1,REAL,3,292,292,0,0.0001664764079147641,0.0,0.0,0.0
llava_1_5_7b,test,amp_fraction_gt1,REAL,4,292,292,0,0.014227787290715374,0.0,0.0,0.005208333333333333
llava_1_5_7b,test,amp_fraction_gt1,REAL,5,292,292,0,0.010820966514459665,0.0,0.0,0.001736111111111111
llava_1_5_7b,test,amp_fraction_gt1,REAL,6,292,292,0,0.005600742009132419,0.0,0.0,0.001736111111111111
llava_1_5_7b,test,amp_fraction_gt1,REAL,7,292,292,0,0.005588850837138508,0.0,0.0,0.0
llava_1_5_7b,test,amp_fraction_gt1,REAL,8,292,292,0,0.006213137366818873,0.0,0.0,0.001736111111111111
llava_1_5_7b,test,amp_fraction_gt1,REAL,9,292,292,0,1.189117199391172e-05,0.0,0.0,0.0
llava_1_5_7b,test,amp_fraction_gt1,REAL,10,292,292,0,8.918378995433791e-05,0.0,0.0,0.0
llava_1_5_7b,test,amp_fraction_gt1,REAL,11,292,292,0,5.94558599695586e-06,0.0,0.0,0.0
llava_1_5_7b,test,amp_fraction_gt1,REAL,12,292,292,0,0.0,0.0,0.0,0.0
llava_1_5_7b,test,amp_fraction_gt1,REAL,13,292,292,0,0.0001308028919330289,0.0,0.0,0.0
llava_1_5_7b,test,amp_fraction_gt1,REAL,14,292,292,0,0.0,0.0,0.0,0.0
llava_1_5_7b,test,amp_fraction_gt1,REAL,15,292,292,0,1.783675799086758e-05,0.0,0.0,0.0
llava_1_5_7b,test,amp_fraction_gt1,REAL,16,292,292,0,1.783675799086758e-05,0.0,0.0,0.0
llava_1_5_7b,test,amp_fraction_gt1,REAL,17,292,292,0,0.0,0.0,0.0,0.0
llava_1_5_7b,test,amp_fraction_gt1,REAL,18,292,292,0,0.0,0.0,0.0,0.0
llava_1_5_7b,test,amp_fraction_gt1,REAL,19,292,292,0,1.189117199391172e-05,0.0,0.0,0.0
llava_1_5_7b,test,amp_fraction_gt1,REAL,20,292,292,0,0.0,0.0,0.0,0.0
llava_1_5_7b,test,amp_fraction_gt1,REAL,21,292,292,0,2.97279299847793e-05,0.0,0.0,0.0
llava_1_5_7b,test,amp_fraction_gt1,REAL,22,292,292,0,0.0,0.0,0.0,0.0
llava_1_5_7b,test,amp_fraction_gt1,REAL,23,292,292,0,0.0001189117199391172,0.0,0.0,0.0
llava_1_5_7b,test,amp_fraction_gt1,REAL,24,292,292,0,0.00031511605783866056,0.0,0.0,0.0
llava_1_5_7b,test,amp_fraction_gt1,REAL,25,292,292,0,3.567351598173516e-05,0.0,0.0,0.0
llava_1_5_7b,test,amp_fraction_gt1,REAL,26,292,292,0,0.0006480688736681887,0.0,0.0,0.0
llava_1_5_7b,test,amp_fraction_gt1,REAL,27,292,292,0,0.00010107496194824963,0.0,0.0,0.0
llava_1_5_7b,test,amp_fraction_gt1,REAL,28,292,292,0,0.0,0.0,0.0,0.0
llava_1_5_7b,test,amp_fraction_gt1,REAL,29,292,292,0,0.0,0.0,0.0,0.0
llava_1_5_7b,test,amp_fraction_gt1,REAL,30,292,292,0,0.0,0.0,0.0,0.0
llava_1_5_7b,test,amp_fraction_gt1,REAL,31,292,292,0,0.0,0.0,0.0,0.0
llava_1_5_7b,test,amp_fraction_gt1,REAL,32,292,292,0,0.7540905631659057,0.6875,0.7604166666666666,0.8250868055555556
llava_1_5_7b,test,amp_fraction_gt1,HALL,1,75,75,0,0.7694212962962963,0.5963541666666667,1.0,1.0
llava_1_5_7b,test,amp_fraction_gt1,HALL,2,75,75,0,0.27988425925925925,0.017361111111111112,0.1753472222222222,0.4991319444444444
llava_1_5_7b,test,amp_fraction_gt1,HALL,3,75,75,0,9.259259259259259e-05,0.0,0.0,0.0
llava_1_5_7b,test,amp_fraction_gt1,HALL,4,75,75,0,0.01113425925925926,0.0,0.0,0.001736111111111111
llava_1_5_7b,test,amp_fraction_gt1,HALL,5,75,75,0,0.0019675925925925924,0.0,0.0,0.0
llava_1_5_7b,test,amp_fraction_gt1,HALL,6,75,75,0,0.0025,0.0,0.0,0.0
llava_1_5_7b,test,amp_fraction_gt1,HALL,7,75,75,0,0.005439814814814815,0.0,0.0,0.0
llava_1_5_7b,test,amp_fraction_gt1,HALL,8,75,75,0,0.004722222222222221,0.0,0.0,0.003472222222222222
llava_1_5_7b,test,amp_fraction_gt1,HALL,9,75,75,0,0.0,0.0,0.0,0.0
llava_1_5_7b,test,amp_fraction_gt1,HALL,10,75,75,0,0.0,0.0,0.0,0.0
llava_1_5_7b,test,amp_fraction_gt1,HALL,11,75,75,0,0.0,0.0,0.0,0.0
llava_1_5_7b,test,amp_fraction_gt1,HALL,12,75,75,0,4.6296296296296294e-05,0.0,0.0,0.0
llava_1_5_7b,test,amp_fraction_gt1,HALL,13,75,75,0,2.3148148148148147e-05,0.0,0.0,0.0
llava_1_5_7b,test,amp_fraction_gt1,HALL,14,75,75,0,0.0,0.0,0.0,0.0
llava_1_5_7b,test,amp_fraction_gt1,HALL,15,75,75,0,0.0,0.0,0.0,0.0
llava_1_5_7b,test,amp_fraction_gt1,HALL,16,75,75,0,0.0,0.0,0.0,0.0
llava_1_5_7b,test,amp_fraction_gt1,HALL,17,75,75,0,0.0,0.0,0.0,0.0
llava_1_5_7b,test,amp_fraction_gt1,HALL,18,75,75,0,0.0,0.0,0.0,0.0
llava_1_5_7b,test,amp_fraction_gt1,HALL,19,75,75,0,0.0,0.0,0.0,0.0
llava_1_5_7b,test,amp_fraction_gt1,HALL,20,75,75,0,0.0,0.0,0.0,0.0
llava_1_5_7b,test,amp_fraction_gt1,HALL,21,75,75,0,4.6296296296296294e-05,0.0,0.0,0.0
llava_1_5_7b,test,amp_fraction_gt1,HALL,22,75,75,0,0.0,0.0,0.0,0.0
llava_1_5_7b,test,amp_fraction_gt1,HALL,23,75,75,0,0.0,0.0,0.0,0.0
llava_1_5_7b,test,amp_fraction_gt1,HALL,24,75,75,0,0.0,0.0,0.0,0.0
llava_1_5_7b,test,amp_fraction_gt1,HALL,25,75,75,0,2.3148148148148147e-05,0.0,0.0,0.0
llava_1_5_7b,test,amp_fraction_gt1,HALL,26,75,75,0,0.00048611111111111115,0.0,0.0,0.0
llava_1_5_7b,test,amp_fraction_gt1,HALL,27,75,75,0,0.0,0.0,0.0,0.0
llava_1_5_7b,test,amp_fraction_gt1,HALL,28,75,75,0,0.0,0.0,0.0,0.0
llava_1_5_7b,test,amp_fraction_gt1,HALL,29,75,75,0,0.0,0.0,0.0,0.0
llava_1_5_7b,test,amp_fraction_gt1,HALL,30,75,75,0,0.0,0.0,0.0,0.0
llava_1_5_7b,test,amp_fraction_gt1,HALL,31,75,75,0,0.0,0.0,0.0,0.0
llava_1_5_7b,test,amp_fraction_gt1,HALL,32,75,75,0,0.7240972222222223,0.6440972222222222,0.7204861111111112,0.8038194444444444
llava_1_5_7b,test,gross_gain,REAL,1,292,292,0,1.4768466994841056,1.0545805622772526,1.328282699019054,1.9977591784993156
llava_1_5_7b,test,gross_gain,REAL,2,292,292,0,0.7708685836653315,0.6663381282097828,0.7476985325653238,0.8459319665991363
llava_1_5_7b,test,gross_gain,REAL,3,292,292,0,0.577241074400728,0.5401741031744994,0.5732605613944282,0.6071346399023496
llava_1_5_7b,test,gross_gain,REAL,4,292,292,0,0.719820388712288,0.6811833726966573,0.7076937708905496,0.7458082095401326
llava_1_5_7b,test,gross_gain,REAL,5,292,292,0,0.7549824640890036,0.7141759834623609,0.7545892976677846,0.7908682937007314
llava_1_5_7b,test,gross_gain,REAL,6,292,292,0,0.7426980677612364,0.6962195854788213,0.7505662201189547,0.7884438842704445
llava_1_5_7b,test,gross_gain,REAL,7,292,292,0,0.7459583436360181,0.6986444335415044,0.7532300640042485,0.7934985699883583
llava_1_5_7b,test,gross_gain,REAL,8,292,292,0,0.7274804163219466,0.693529835161672,0.728774298685853,0.7605514469798718
llava_1_5_7b,test,gross_gain,REAL,9,292,292,0,0.6382556912721077,0.6142830230073024,0.6416765108081535,0.6632633967007635
llava_1_5_7b,test,gross_gain,REAL,10,292,292,0,0.6515510984584113,0.6196050915273875,0.6554123743411266,0.6795007840947057
llava_1_5_7b,test,gross_gain,REAL,11,292,292,0,0.6522491484983027,0.6263751279997136,0.6526966226838807,0.6798963503356283
llava_1_5_7b,test,gross_gain,REAL,12,292,292,0,0.6048803465928485,0.5726955690936685,0.6069601443937669,0.6332204705437152
llava_1_5_7b,test,gross_gain,REAL,13,292,292,0,0.5978267617636029,0.5674176928395986,0.6003795146638224,0.6286352987211097
llava_1_5_7b,test,gross_gain,REAL,14,292,292,0,0.5366757371090547,0.5064129621188413,0.5388292065867754,0.5635332241472755
llava_1_5_7b,test,gross_gain,REAL,15,292,292,0,0.5075145634956226,0.4844840328842518,0.5071787941025055,0.5318544805444604
llava_1_5_7b,test,gross_gain,REAL,16,292,292,0,0.46046686728911096,0.4387679208822078,0.45954523420225823,0.48033296079789267
llava_1_5_7b,test,gross_gain,REAL,17,292,292,0,0.4780722287934657,0.44832946456372175,0.47336974492115935,0.50321319656597
llava_1_5_7b,test,gross_gain,REAL,18,292,292,0,0.4311778156713624,0.40502387682299573,0.4230984895243459,0.45503292176597
llava_1_5_7b,test,gross_gain,REAL,19,292,292,0,0.420221819083425,0.3891884715102038,0.41364292923807927,0.44427956984788675
llava_1_5_7b,test,gross_gain,REAL,20,292,292,0,0.33185294021190176,0.31146366926566027,0.3279707002957379,0.34781049687062005
llava_1_5_7b,test,gross_gain,REAL,21,292,292,0,0.3619226869525854,0.3312410081133997,0.3578513532709074,0.38425561137346353
llava_1_5_7b,test,gross_gain,REAL,22,292,292,0,0.29126645096124243,0.2687189961619072,0.2858614267338526,0.3118090515897542
llava_1_5_7b,test,gross_gain,REAL,23,292,292,0,0.2758233169081247,0.251266023684916,0.268620975891242,0.29318538105665265
llava_1_5_7b,test,gross_gain,REAL,24,292,292,0,0.2484995261666271,0.22663974225209343,0.24676117524180444,0.264090636717218
llava_1_5_7b,test,gross_gain,REAL,25,292,292,0,0.2510347346263312,0.23075650104572332,0.24608259612859923,0.2668189890284064
llava_1_5_7b,test,gross_gain,REAL,26,292,292,0,0.257670208034008,0.2249324767184451,0.24104512285775992,0.2600421936685857
llava_1_5_7b,test,gross_gain,REAL,27,292,292,0,0.22981193514019102,0.21015550012852507,0.225518946669261,0.23764237130038993
llava_1_5_7b,test,gross_gain,REAL,28,292,292,0,0.22223210620515604,0.20949370626500036,0.2204981594412239,0.23127322513720708
llava_1_5_7b,test,gross_gain,REAL,29,292,292,0,0.22000099979104645,0.1942179972740622,0.20574299279022518,0.22159213015527904
llava_1_5_7b,test,gross_gain,REAL,30,292,292,0,0.2163675516341954,0.20070986647472666,0.2103350788187962,0.22465982567429718
llava_1_5_7b,test,gross_gain,REAL,31,292,292,0,0.2981914590326978,0.281626987150402,0.29466870708535864,0.3117493211000933
llava_1_5_7b,test,gross_gain,REAL,32,292,292,0,1.3319887057388955,1.1563004527802383,1.3180563891471562,1.5209017250570924
llava_1_5_7b,test,gross_gain,HALL,1,75,75,0,1.3225904702032711,1.039530313658786,1.3726089344719477,1.5609485346365526
llava_1_5_7b,test,gross_gain,HALL,2,75,75,0,0.8661008656938574,0.7443657602439723,0.8174067371492713,0.9769743640024611
llava_1_5_7b,test,gross_gain,HALL,3,75,75,0,0.5937066571676085,0.5517614859900678,0.5935184020476266,0.6308772373930835
llava_1_5_7b,test,gross_gain,HALL,4,75,75,0,0.6998518696979507,0.6668202106832707,0.6951873100772797,0.733927386566444
llava_1_5_7b,test,gross_gain,HALL,5,75,75,0,0.7168792377486701,0.6809113548618689,0.7204338236927065,0.7497812503374195
llava_1_5_7b,test,gross_gain,HALL,6,75,75,0,0.6908799355958679,0.6519736215203014,0.68529521352389,0.7245264511496976
llava_1_5_7b,test,gross_gain,HALL,7,75,75,0,0.6904470439331867,0.6447674007825543,0.6846966803496629,0.7212623960293743
llava_1_5_7b,test,gross_gain,HALL,8,75,75,0,0.707369758970228,0.6712973205344173,0.7035720670648519,0.7360347807551537
llava_1_5_7b,test,gross_gain,HALL,9,75,75,0,0.6389043297631646,0.6156317934090357,0.642860643882312,0.6601251163715662
llava_1_5_7b,test,gross_gain,HALL,10,75,75,0,0.6350931816779316,0.609314655858292,0.6323307010030986,0.6621991121672564
llava_1_5_7b,test,gross_gain,HALL,11,75,75,0,0.6488176079631232,0.6197875325529596,0.6536341225792968,0.6728142710445633
llava_1_5_7b,test,gross_gain,HALL,12,75,75,0,0.592391038682677,0.5570247424351209,0.5902948974971711,0.6223565297348335
llava_1_5_7b,test,gross_gain,HALL,13,75,75,0,0.6022117561380469,0.5693921142982639,0.6054010368768445,0.6392175815754477
llava_1_5_7b,test,gross_gain,HALL,14,75,75,0,0.5377895423466328,0.5093364321789504,0.5361550169839967,0.5653998559295499
llava_1_5_7b,test,gross_gain,HALL,15,75,75,0,0.4775376685228486,0.4471022029588692,0.4676651325724959,0.493091475405269
llava_1_5_7b,test,gross_gain,HALL,16,75,75,0,0.4608482304675542,0.4415280264337427,0.4560667441652478,0.47631823057257233
llava_1_5_7b,test,gross_gain,HALL,17,75,75,0,0.45924579539721605,0.4381797859736475,0.45576617079441134,0.4714173616014794
llava_1_5_7b,test,gross_gain,HALL,18,75,75,0,0.427348373858885,0.40295574069547735,0.4211227247725205,0.4435070088606531
llava_1_5_7b,test,gross_gain,HALL,19,75,75,0,0.3846223416938987,0.3645107912876508,0.3825773848721467,0.4043271361002593
llava_1_5_7b,test,gross_gain,HALL,20,75,75,0,0.3186965458345067,0.301875465436407,0.312679270932381,0.33254451879504854
llava_1_5_7b,test,gross_gain,HALL,21,75,75,0,0.3530744402052557,0.32972823800792106,0.34416633842128713,0.3679376162910748
llava_1_5_7b,test,gross_gain,HALL,22,75,75,0,0.2799398498372494,0.26505462713115846,0.2767029411331986,0.29275191872225026
llava_1_5_7b,test,gross_gain,HALL,23,75,75,0,0.26036779531880827,0.24294247333649377,0.25409167067606236,0.27046680595108724
llava_1_5_7b,test,gross_gain,HALL,24,75,75,0,0.24089373370066913,0.22593491857027706,0.23386033606340026,0.24686317581200817
llava_1_5_7b,test,gross_gain,HALL,25,75,75,0,0.2514360384817211,0.2278582370954339,0.23777789817811348,0.2605338484377868
llava_1_5_7b,test,gross_gain,HALL,26,75,75,0,0.24162581913754783,0.21901864208668753,0.23022210323830894,0.24155833686270461
llava_1_5_7b,test,gross_gain,HALL,27,75,75,0,0.2237037540716454,0.2133612998449931,0.2217736055412265,0.2308635263834682
llava_1_5_7b,test,gross_gain,HALL,28,75,75,0,0.22417523092388425,0.21582415201538127,0.22017759967690873,0.231319746093614
llava_1_5_7b,test,gross_gain,HALL,29,75,75,0,0.20272455611602982,0.1928042627270981,0.2001444491374901,0.2077169848398396
llava_1_5_7b,test,gross_gain,HALL,30,75,75,0,0.2139619732897046,0.20380120362935555,0.2117129391430165,0.2214053707091186
llava_1_5_7b,test,gross_gain,HALL,31,75,75,0,0.31237214722254564,0.2970682640822485,0.3080930322419794,0.32325505981282565
llava_1_5_7b,test,gross_gain,HALL,32,75,75,0,1.295831366941325,1.1423775657540194,1.3172666399389172,1.4112727776047067
llava_1_5_7b,test,cancellation,REAL,1,292,292,0,0.6726810666735035,0.6191409176848868,0.6753627974611067,0.7306169486961878
llava_1_5_7b,test,cancellation,REAL,2,292,292,0,0.6352111177258227,0.605252651255876,0.6319877309179784,0.6636341600415964
llava_1_5_7b,test,cancellation,REAL,3,292,292,0,0.47590579686712986,0.4537758754225716,0.47700937583689246,0.49976882779456766
llava_1_5_7b,test,cancellation,REAL,4,292,292,0,0.5471189041881573,0.5235038397927534,0.5454591548429297,0.5726604400093612
llava_1_5_7b,test,cancellation,REAL,5,292,292,0,0.5284107517171598,0.5002111739085044,0.5249986586196309,0.5510324353073959
llava_1_5_7b,test,cancellation,REAL,6,292,292,0,0.5403626841418905,0.4951777084971596,0.5391128171372871,0.5819294018978509
llava_1_5_7b,test,cancellation,REAL,7,292,292,0,0.5875125993765767,0.5505191619259356,0.5842104206048078,0.6224929333243053
llava_1_5_7b,test,cancellation,REAL,8,292,292,0,0.5174283235457474,0.47819281566541805,0.5122424838677195,0.5592728896994626
llava_1_5_7b,test,cancellation,REAL,9,292,292,0,0.47631291118333535,0.44212398995992624,0.47654729587031264,0.510985091936414
llava_1_5_7b,test,cancellation,REAL,10,292,292,0,0.5108966249172336,0.46107386257880884,0.5127865782212034,0.5554416904380246
llava_1_5_7b,test,cancellation,REAL,11,292,292,0,0.5155415971240914,0.4722377131126173,0.5133778538015887,0.5562259902281274
llava_1_5_7b,test,cancellation,REAL,12,292,292,0,0.4804160777110579,0.433850760871772,0.46940942227371796,0.5202376640390838
llava_1_5_7b,test,cancellation,REAL,13,292,292,0,0.5079687579443085,0.45618855840401606,0.5131644586953286,0.5571150153506164
llava_1_5_7b,test,cancellation,REAL,14,292,292,0,0.428700756973519,0.3855074044796282,0.4193571906986984,0.45787085202822775
llava_1_5_7b,test,cancellation,REAL,15,292,292,0,0.5133499541431783,0.4571528800531425,0.5022102844709286,0.5641647822196693
llava_1_5_7b,test,cancellation,REAL,16,292,292,0,0.4329524671804005,0.40088280843387836,0.43330873526281743,0.4651657101361912
llava_1_5_7b,test,cancellation,REAL,17,292,292,0,0.48937501504764497,0.4297921079573982,0.4815686749650419,0.5351222530014116
llava_1_5_7b,test,cancellation,REAL,18,292,292,0,0.5112682338457949,0.44834726825511473,0.5007837779917717,0.5612351393975314
llava_1_5_7b,test,cancellation,REAL,19,292,292,0,0.5450858288794956,0.49479624725390414,0.5463630787829024,0.5909860054139786
llava_1_5_7b,test,cancellation,REAL,20,292,292,0,0.4601767480909544,0.4003506065394416,0.4526998680734795,0.512758284220479
llava_1_5_7b,test,cancellation,REAL,21,292,292,0,0.4827386122633796,0.435358556933205,0.4710870193404119,0.5223856617395243
llava_1_5_7b,test,cancellation,REAL,22,292,292,0,0.4635552540177002,0.40314253010038004,0.4519514103240867,0.5103122046532035
llava_1_5_7b,test,cancellation,REAL,23,292,292,0,0.42665518646500444,0.36932106222139627,0.4149670929172662,0.4735495344434064
llava_1_5_7b,test,cancellation,REAL,24,292,292,0,0.44599338774609626,0.39373332629899244,0.43351823052343447,0.48714144369452106
llava_1_5_7b,test,cancellation,REAL,25,292,292,0,0.4347542167309112,0.3706424197433681,0.42053372045127246,0.4890959545636726
llava_1_5_7b,test,cancellation,REAL,26,292,292,0,0.47117011498654165,0.4104734622352718,0.451406956199375,0.5110688328797426
llava_1_5_7b,test,cancellation,REAL,27,292,292,0,0.41251940995284825,0.36315339038958194,0.4083413507736485,0.44914305267551063
llava_1_5_7b,test,cancellation,REAL,28,292,292,0,0.46893782776752807,0.4184255851524242,0.45376124798882733,0.49886135203455917
llava_1_5_7b,test,cancellation,REAL,29,292,292,0,0.5039628985043718,0.43342569880722703,0.4773152259617462,0.5470881138817165
llava_1_5_7b,test,cancellation,REAL,30,292,292,0,0.40061681067896837,0.3551035021378628,0.3861743775239095,0.43357338746662627
llava_1_5_7b,test,cancellation,REAL,31,292,292,0,0.5764060338836474,0.5258579365478547,0.5713614028592162,0.619173669700577
llava_1_5_7b,test,cancellation,REAL,32,292,292,0,0.6942545562191508,0.6564783726723776,0.6962412402820521,0.7300416987068296
llava_1_5_7b,test,cancellation,HALL,1,75,75,0,0.7435341833101511,0.7051566051897551,0.7539879524709218,0.7964270496940112
llava_1_5_7b,test,cancellation,HALL,2,75,75,0,0.653838277345807,0.5991952239773192,0.651419232908138,0.6944763593185048
llava_1_5_7b,test,cancellation,HALL,3,75,75,0,0.47333297928681994,0.4473585046728,0.47102460290544057,0.4995268357847804
llava_1_5_7b,test,cancellation,HALL,4,75,75,0,0.5418934118186673,0.5210518652656356,0.5418349158154732,0.5676826072169154
llava_1_5_7b,test,cancellation,HALL,5,75,75,0,0.5290740990835943,0.5019419072330598,0.5272071973626448,0.5565938923651064
llava_1_5_7b,test,cancellation,HALL,6,75,75,0,0.49162744008294257,0.46258504132786116,0.48270116189613754,0.5181476923798882
llava_1_5_7b,test,cancellation,HALL,7,75,75,0,0.5433766225647423,0.5172542818152936,0.5438543696170037,0.5649200922504456
llava_1_5_7b,test,cancellation,HALL,8,75,75,0,0.4937574375862521,0.4581701292772721,0.48815621121290537,0.5211380443126647
llava_1_5_7b,test,cancellation,HALL,9,75,75,0,0.4641306939211752,0.42637908155648996,0.4590787720556228,0.4946399975679841
llava_1_5_7b,test,cancellation,HALL,10,75,75,0,0.46254742987505393,0.41681202311826016,0.4515720894431937,0.491463466920718
llava_1_5_7b,test,cancellation,HALL,11,75,75,0,0.49368905142664704,0.45639189761171106,0.4847320409281896,0.5203385243093095
llava_1_5_7b,test,cancellation,HALL,12,75,75,0,0.4901317672886763,0.4410540003423684,0.47489139147465853,0.5281616862627695
llava_1_5_7b,test,cancellation,HALL,13,75,75,0,0.48977086590764257,0.4322076111250934,0.4820833024073285,0.5518291489140158
llava_1_5_7b,test,cancellation,HALL,14,75,75,0,0.43323342240332124,0.39763224374430645,0.42054977996521015,0.46784749732869646
llava_1_5_7b,test,cancellation,HALL,15,75,75,0,0.5044338817150462,0.4488368853029212,0.49484239795952584,0.5556070210849388
llava_1_5_7b,test,cancellation,HALL,16,75,75,0,0.40750518521171647,0.34666994872474627,0.3840441584565131,0.4698915549895807
llava_1_5_7b,test,cancellation,HALL,17,75,75,0,0.4248800656834485,0.3889810070995282,0.41276881464177956,0.4489790604217212
llava_1_5_7b,test,cancellation,HALL,18,75,75,0,0.4925836405963314,0.4552354101170925,0.49168731520049686,0.5209519322229376
llava_1_5_7b,test,cancellation,HALL,19,75,75,0,0.5231293012563641,0.4735741010465064,0.5094356044366579,0.5606259174737398
llava_1_5_7b,test,cancellation,HALL,20,75,75,0,0.42216533490223235,0.37750658985746377,0.4140816435268993,0.43942672146298406
llava_1_5_7b,test,cancellation,HALL,21,75,75,0,0.4481557266751062,0.39864341932569813,0.43987244826722216,0.48619688028553987
llava_1_5_7b,test,cancellation,HALL,22,75,75,0,0.400113074501301,0.35983363282326963,0.39394523353873057,0.4366724651971787
llava_1_5_7b,test,cancellation,HALL,23,75,75,0,0.3757470709602744,0.3226712665730021,0.3700897748420021,0.4147057286513432
llava_1_5_7b,test,cancellation,HALL,24,75,75,0,0.4186333189817468,0.3674986545152638,0.4128292592062532,0.44981584016090576
llava_1_5_7b,test,cancellation,HALL,25,75,75,0,0.3927054492471261,0.325003731412245,0.37224172743376255,0.4402793193641966
llava_1_5_7b,test,cancellation,HALL,26,75,75,0,0.43484412515410864,0.37027318998451964,0.4040113685104794,0.48427541295512333
llava_1_5_7b,test,cancellation,HALL,27,75,75,0,0.3765855977595187,0.33275047255364754,0.3600510817876275,0.40415415004837424
llava_1_5_7b,test,cancellation,HALL,28,75,75,0,0.482024995197069,0.43351970681985785,0.4684379384766813,0.5129973721877857
llava_1_5_7b,test,cancellation,HALL,29,75,75,0,0.4327275869650805,0.3833682596671948,0.41763587647714806,0.4677098206362561
llava_1_5_7b,test,cancellation,HALL,30,75,75,0,0.36974281705864476,0.33298456210355837,0.36180944315310554,0.38390338759948106
llava_1_5_7b,test,cancellation,HALL,31,75,75,0,0.5768170053566626,0.522135715811396,0.55961487608875,0.6024956735214388
llava_1_5_7b,test,cancellation,HALL,32,75,75,0,0.7203071657976363,0.6811871723377623,0.7234907804091373,0.7589125347238519
llava_1_5_7b,test,closure,REAL,1,292,292,0,1.2772374026871435e-05,1.3718274090024352e-06,2.429504661449755e-06,1.646796272325446e-05
llava_1_5_7b,test,closure,REAL,2,292,292,0,3.088563718967497e-05,5.50111792563257e-06,1.3665981896338053e-05,3.4139541639888193e-05
llava_1_5_7b,test,closure,REAL,3,292,292,0,4.638009926728121e-06,3.5965193205811374e-06,4.39829295828531e-06,5.3522518328463775e-06
llava_1_5_7b,test,closure,REAL,4,292,292,0,5.975588140226548e-06,3.897476290148916e-06,5.454971642393502e-06,7.257298648255528e-06
llava_1_5_7b,test,closure,REAL,5,292,292,0,7.863533558564036e-06,5.341769565347931e-06,7.037359864625614e-06,9.698617532194476e-06
llava_1_5_7b,test,closure,REAL,6,292,292,0,7.0365129973552405e-06,3.614882757574378e-06,5.596656819761847e-06,9.024708560900763e-06
llava_1_5_7b,test,closure,REAL,7,292,292,0,5.382311251009487e-06,1.8983574534559011e-06,3.5298141938255867e-06,7.562711971331737e-06
llava_1_5_7b,test,closure,REAL,8,292,292,0,6.9955488771010505e-06,2.521049168535683e-06,4.4068153783882735e-06,9.444318493478931e-06
llava_1_5_7b,test,closure,REAL,9,292,292,0,7.034557846549906e-06,2.91907031169103e-06,4.9657919589662924e-06,8.520353958374471e-06
llava_1_5_7b,test,closure,REAL,10,292,292,0,5.603729093000728e-06,2.247746863304201e-06,3.3766483511499246e-06,6.45366355911392e-06
llava_1_5_7b,test,closure,REAL,11,292,292,0,4.483710419736308e-06,1.936671310431848e-06,2.509053729227162e-06,4.505138008426002e-06
llava_1_5_7b,test,closure,REAL,12,292,292,0,2.8351473920089143e-06,1.674701877618645e-06,2.150006366719026e-06,2.815614550399914e-06
llava_1_5_7b,test,closure,REAL,13,292,292,0,4.957633553994913e-06,2.1994118810653163e-06,3.0543477578248712e-06,4.9918724016606575e-06
llava_1_5_7b,test,closure,REAL,14,292,292,0,5.84825566837848e-06,3.1442192494068877e-06,4.207341817163979e-06,6.303221994130581e-06
llava_1_5_7b,test,closure,REAL,15,292,292,0,3.723817783323172e-06,1.7970603209960245e-06,2.213902916992083e-06,3.076043526561989e-06
llava_1_5_7b,test,closure,REAL,16,292,292,0,6.03793889679652e-06,2.8086940346838674e-06,3.675331754493527e-06,5.708448952645995e-06
llava_1_5_7b,test,closure,REAL,17,292,292,0,6.421454782658245e-06,2.4411809818047914e-06,3.492525593173923e-06,7.556468972325092e-06
llava_1_5_7b,test,closure,REAL,18,292,292,0,4.568842979246605e-06,2.452982528211578e-06,3.1916233638185076e-06,4.637329197976214e-06
llava_1_5_7b,test,closure,REAL,19,292,292,0,6.477674823104717e-06,2.7369871986593353e-06,3.7340344078984344e-06,5.8546556829242036e-06
llava_1_5_7b,test,closure,REAL,20,292,292,0,6.648636752503354e-06,3.0123393912617757e-06,3.957866283599287e-06,6.1426254660545965e-06
llava_1_5_7b,test,closure,REAL,21,292,292,0,5.196942311937314e-06,2.605599604521558e-06,3.1673797593612107e-06,4.89697572447767e-06
llava_1_5_7b,test,closure,REAL,22,292,292,0,8.63281605324405e-06,4.1083690121013205e-06,5.524888592844945e-06,8.748152140469756e-06
llava_1_5_7b,test,closure,REAL,23,292,292,0,9.957481014515445e-06,4.9329923967889044e-06,6.2967767462396296e-06,9.928916369972285e-06
llava_1_5_7b,test,closure,REAL,24,292,292,0,2.091892174062133e-05,9.540101245875121e-06,1.264135471501504e-05,2.023191518674139e-05
llava_1_5_7b,test,closure,REAL,25,292,292,0,8.795835936961003e-06,4.9880385404321714e-06,6.574994131369749e-06,8.96793926585815e-06
llava_1_5_7b,test,closure,REAL,26,292,292,0,1.4784650331081787e-05,7.98476867203135e-06,1.1219071438972605e-05,1.562369925522944e-05
llava_1_5_7b,test,closure,REAL,27,292,292,0,1.118567614920011e-05,6.268917331908597e-06,8.375797278858954e-06,1.368568132420478e-05
llava_1_5_7b,test,closure,REAL,28,292,292,0,7.153014985150337e-05,5.2888321988575626e-05,6.763832789147273e-05,8.682472980581224e-05
llava_1_5_7b,test,closure,REAL,29,292,292,0,2.1026809132427057e-05,1.0532120541029144e-05,1.530529607407516e-05,2.5336456474178704e-05
llava_1_5_7b,test,closure,REAL,30,292,292,0,1.655884782176394e-05,9.862565093499143e-06,1.4265299796534237e-05,1.954566232598154e-05
llava_1_5_7b,test,closure,REAL,31,292,292,0,2.8629179691089207e-05,1.995846696445369e-05,2.6044110200018622e-05,3.464917881501606e-05
llava_1_5_7b,test,closure,REAL,32,292,292,0,4.186680884619245e-06,3.559186154689087e-06,4.2364554246887565e-06,4.882395728600386e-06
llava_1_5_7b,test,closure,HALL,1,75,75,0,2.0210003640386275e-06,1.042377220983326e-06,1.2107001339245471e-06,1.5208243553388456e-06
llava_1_5_7b,test,closure,HALL,2,75,75,0,1.2780253994909192e-05,4.056024181409157e-06,8.03394868853502e-06,1.4416179510590155e-05
llava_1_5_7b,test,closure,HALL,3,75,75,0,4.207101352828128e-06,3.328052343931631e-06,3.7767481444461737e-06,4.769377710545086e-06
llava_1_5_7b,test,closure,HALL,4,75,75,0,7.686492675323583e-06,5.736045750381891e-06,7.221969099191483e-06,9.024880000652047e-06
llava_1_5_7b,test,closure,HALL,5,75,75,0,9.882019342815814e-06,6.732871042913757e-06,9.107953701459337e-06,1.2336979125393555e-05
llava_1_5_7b,test,closure,HALL,6,75,75,0,1.13452693161283e-05,7.55060955270892e-06,1.0841566108865663e-05,1.4722036212333478e-05
llava_1_5_7b,test,closure,HALL,7,75,75,0,1.1123047517382171e-05,6.8800757162534865e-06,9.96783455775585e-06,1.4391833246918395e-05
llava_1_5_7b,test,closure,HALL,8,75,75,0,1.3073079993167387e-05,8.390703442273661e-06,1.3209923963586334e-05,1.6492439499415923e-05
llava_1_5_7b,test,closure,HALL,9,75,75,0,1.352342859111862e-05,8.334192898473702e-06,1.1869229638250545e-05,1.559635757075739e-05
llava_1_5_7b,test,closure,HALL,10,75,75,0,1.131487570698179e-05,6.357778829624294e-06,9.028091881191358e-06,1.443850715077133e-05
llava_1_5_7b,test,closure,HALL,11,75,75,0,7.636543658312197e-06,4.031272510474082e-06,6.375466455210699e-06,9.705526736070169e-06
llava_1_5_7b,test,closure,HALL,12,75,75,0,3.9545931758766526e-06,2.2704632556269644e-06,2.9442744562402368e-06,4.072710680702585e-06
llava_1_5_7b,test,closure,HALL,13,75,75,0,8.291021219217024e-06,3.73975842649088e-06,5.700760993931908e-06,9.278007382818032e-06
llava_1_5_7b,test,closure,HALL,14,75,75,0,7.291295432878542e-06,3.7548487625826965e-06,4.7276075747504365e-06,7.489160680052009e-06
llava_1_5_7b,test,closure,HALL,15,75,75,0,5.805039518236299e-06,2.5158739163089194e-06,3.6375445233716164e-06,6.0745478549506515e-06
llava_1_5_7b,test,closure,HALL,16,75,75,0,9.626704983626647e-06,4.035648316857987e-06,6.603164820262464e-06,9.885209692583885e-06
llava_1_5_7b,test,closure,HALL,17,75,75,0,1.324585542230731e-05,7.277348458956112e-06,8.944623004936147e-06,1.3024377494730288e-05
llava_1_5_7b,test,closure,HALL,18,75,75,0,7.044232817558319e-06,3.6355397696752334e-06,4.452916527952766e-06,6.235398132048431e-06
llava_1_5_7b,test,closure,HALL,19,75,75,0,9.620327394562386e-06,4.275733317626873e-06,5.4849492698849645e-06,8.397747478738893e-06
llava_1_5_7b,test,closure,HALL,20,75,75,0,9.117045471308907e-06,3.861691993733984e-06,4.993136371922446e-06,7.827671197446762e-06
llava_1_5_7b,test,closure,HALL,21,75,75,0,7.527106805961618e-06,2.689425514290633e-06,3.4880786188296042e-06,4.873444368058699e-06
llava_1_5_7b,test,closure,HALL,22,75,75,0,1.2958027552182709e-05,4.350941708253231e-06,5.784222139482154e-06,7.917375114629976e-06
llava_1_5_7b,test,closure,HALL,23,75,75,0,1.2871477577694653e-05,4.926404471916612e-06,6.63319860905176e-06,9.45647070693667e-06
llava_1_5_7b,test,closure,HALL,24,75,75,0,2.2817069469359314e-05,9.53718972596107e-06,1.3010254406253807e-05,1.7408908206562046e-05
llava_1_5_7b,test,closure,HALL,25,75,75,0,1.185546767374035e-05,5.147244337422308e-06,6.668673449894413e-06,9.557364137435798e-06
llava_1_5_7b,test,closure,HALL,26,75,75,0,1.6576575314199243e-05,9.615029739507008e-06,1.1741155503841583e-05,1.711553159111645e-05
llava_1_5_7b,test,closure,HALL,27,75,75,0,1.2615941323019797e-05,7.2240566169057274e-06,9.60200577537762e-06,1.2474887171265436e-05
llava_1_5_7b,test,closure,HALL,28,75,75,0,8.525441526823367e-05,6.704466795781627e-05,8.412876195507124e-05,0.00010017838576459326
llava_1_5_7b,test,closure,HALL,29,75,75,0,2.878371427868842e-05,1.5961370991135482e-05,1.9199766029487364e-05,3.004543304996332e-05
llava_1_5_7b,test,closure,HALL,30,75,75,0,2.098311687708095e-05,1.280556261917809e-05,1.7325637600151822e-05,2.375644453422865e-05
llava_1_5_7b,test,closure,HALL,31,75,75,0,3.4721211729144364e-05,2.6026085834018886e-05,3.38731479132548e-05,4.126235035073478e-05
llava_1_5_7b,test,closure,HALL,32,75,75,0,5.086631981612299e-06,4.636192898033187e-06,5.121987669554073e-06,5.535051059268881e-06
llava_1_5_7b,test,rotation_mean,REAL,1,292,292,0,-0.06647915753782312,-0.1818467378616333,-0.0005339438066584989,0.055801897309720516
llava_1_5_7b,test,rotation_mean,REAL,2,292,292,0,-0.13833032936903916,-0.1675320714712143,-0.13908552378416061,-0.11155858635902405
llava_1_5_7b,test,rotation_mean,REAL,3,292,292,0,-0.19144584184946262,-0.20805390179157257,-0.19383493065834045,-0.174497589468956
llava_1_5_7b,test,rotation_mean,REAL,4,292,292,0,-0.2960458976561076,-0.33074988424777985,-0.29690060019493103,-0.26266881823539734
llava_1_5_7b,test,rotation_mean,REAL,5,292,292,0,-0.2966187018135639,-0.3131971135735512,-0.2960626184940338,-0.2789897695183754
llava_1_5_7b,test,rotation_mean,REAL,6,292,292,0,-0.3580024105637041,-0.37863461673259735,-0.3613523542881012,-0.3437299132347107
llava_1_5_7b,test,rotation_mean,REAL,7,292,292,0,-0.3901222181850917,-0.4148737043142319,-0.3943111300468445,-0.3710807338356972
llava_1_5_7b,test,rotation_mean,REAL,8,292,292,0,-0.39609139086040734,-0.42623916268348694,-0.4035138636827469,-0.37538130581378937
llava_1_5_7b,test,rotation_mean,REAL,9,292,292,0,-0.39921140180875175,-0.4310692623257637,-0.4107557386159897,-0.37623223662376404
llava_1_5_7b,test,rotation_mean,REAL,10,292,292,0,-0.4078166449110802,-0.42600351572036743,-0.41387833654880524,-0.3970218375325203
llava_1_5_7b,test,rotation_mean,REAL,11,292,292,0,-0.44359038055759586,-0.463371641933918,-0.45024342834949493,-0.42942027002573013
llava_1_5_7b,test,rotation_mean,REAL,12,292,292,0,-0.382268057447182,-0.40158865600824356,-0.3881208896636963,-0.36984336376190186
llava_1_5_7b,test,rotation_mean,REAL,13,292,292,0,-0.43335444235230147,-0.4497353434562683,-0.4354632794857025,-0.41936764121055603
llava_1_5_7b,test,rotation_mean,REAL,14,292,292,0,-0.41363255771463864,-0.43531349301338196,-0.41799476742744446,-0.3950391411781311
llava_1_5_7b,test,rotation_mean,REAL,15,292,292,0,-0.3586408616337058,-0.38338804244995117,-0.35978153347969055,-0.33627723157405853
llava_1_5_7b,test,rotation_mean,REAL,16,292,292,0,-0.3514096199547591,-0.37775663286447525,-0.35052330791950226,-0.32640695571899414
llava_1_5_7b,test,rotation_mean,REAL,17,292,292,0,-0.3043371124626839,-0.32048700749874115,-0.3042462170124054,-0.2881125286221504
llava_1_5_7b,test,rotation_mean,REAL,18,292,292,0,-0.26201558526452273,-0.2765064984560013,-0.2609047293663025,-0.24641289189457893
llava_1_5_7b,test,rotation_mean,REAL,19,292,292,0,-0.18384482239513364,-0.20389673858880997,-0.18590115755796432,-0.16480199620127678
llava_1_5_7b,test,rotation_mean,REAL,20,292,292,0,-0.16809721336993452,-0.18221160396933556,-0.16763736307621002,-0.15645337104797363
llava_1_5_7b,test,rotation_mean,REAL,21,292,292,0,-0.1238234054858554,-0.1380092389881611,-0.1256103590130806,-0.10819649510085583
llava_1_5_7b,test,rotation_mean,REAL,22,292,292,0,-0.09913494393280516,-0.1064152717590332,-0.09928776696324348,-0.09063624776899815
llava_1_5_7b,test,rotation_mean,REAL,23,292,292,0,-0.020111022428577537,-0.03667829930782318,-0.024520029313862324,-0.006171987392008305
llava_1_5_7b,test,rotation_mean,REAL,24,292,292,0,-0.059738152351051774,-0.06641515158116817,-0.05741448700428009,-0.05135189462453127
llava_1_5_7b,test,rotation_mean,REAL,25,292,292,0,-0.016944160960233542,-0.023868706077337265,-0.016774900257587433,-0.010297800181433558
llava_1_5_7b,test,rotation_mean,REAL,26,292,292,0,0.026303616198512753,0.011562519939616323,0.024250559508800507,0.03849712386727333
llava_1_5_7b,test,rotation_mean,REAL,27,292,292,0,0.014694459306866359,0.008705577347427607,0.015092299319803715,0.021811140701174736
llava_1_5_7b,test,rotation_mean,REAL,28,292,292,0,-0.0020582440763425676,-0.010973563883453608,-0.0018506593187339604,0.007208382012322545
llava_1_5_7b,test,rotation_mean,REAL,29,292,292,0,0.005434803448199639,-0.011323491111397743,0.006122018676251173,0.024034864269196987
llava_1_5_7b,test,rotation_mean,REAL,30,292,292,0,0.023938168794738385,0.009159520734101534,0.0241262661293149,0.0397698599845171
llava_1_5_7b,test,rotation_mean,REAL,31,292,292,0,-0.002081754287109393,-0.016922293696552515,0.0002509985206415877,0.015592641662806273
llava_1_5_7b,test,rotation_mean,REAL,32,292,292,0,0.07355493382065978,0.029406799003481865,0.07086411118507385,0.11824954114854336
llava_1_5_7b,test,rotation_mean,HALL,1,75,75,0,-0.10030017224761346,-0.22524042427539825,-0.15747731924057007,0.030731589533388615
llava_1_5_7b,test,rotation_mean,HALL,2,75,75,0,-0.11966805736223857,-0.140872523188591,-0.12166084349155426,-0.09863929077982903
llava_1_5_7b,test,rotation_mean,HALL,3,75,75,0,-0.2028924004236857,-0.22186854481697083,-0.20570676028728485,-0.1841227188706398
llava_1_5_7b,test,rotation_mean,HALL,4,75,75,0,-0.29828696568806967,-0.3177821785211563,-0.29755958914756775,-0.2801491320133209
llava_1_5_7b,test,rotation_mean,HALL,5,75,75,0,-0.29442657470703126,-0.31131574511528015,-0.29626908898353577,-0.27612854540348053
llava_1_5_7b,test,rotation_mean,HALL,6,75,75,0,-0.36984808762868243,-0.38913463056087494,-0.37302878499031067,-0.3526534289121628
llava_1_5_7b,test,rotation_mean,HALL,7,75,75,0,-0.4005365578333537,-0.41657790541648865,-0.4037158787250519,-0.38687998056411743
llava_1_5_7b,test,rotation_mean,HALL,8,75,75,0,-0.4099801774819692,-0.42521239817142487,-0.41571903228759766,-0.3996555954217911
llava_1_5_7b,test,rotation_mean,HALL,9,75,75,0,-0.42624905665715535,-0.4444034844636917,-0.4342123568058014,-0.42214855551719666
llava_1_5_7b,test,rotation_mean,HALL,10,75,75,0,-0.4121727168560028,-0.42683765292167664,-0.41661083698272705,-0.4051966220140457
llava_1_5_7b,test,rotation_mean,HALL,11,75,75,0,-0.4511292652289073,-0.46745753288269043,-0.45299530029296875,-0.4420339912176132
llava_1_5_7b,test,rotation_mean,HALL,12,75,75,0,-0.37482171416282656,-0.3915097564458847,-0.38069847226142883,-0.3669341951608658
llava_1_5_7b,test,rotation_mean,HALL,13,75,75,0,-0.4332145897547404,-0.4478289484977722,-0.4306277632713318,-0.4201400578022003
llava_1_5_7b,test,rotation_mean,HALL,14,75,75,0,-0.4126098871231079,-0.426841601729393,-0.4224924147129059,-0.39917799830436707
llava_1_5_7b,test,rotation_mean,HALL,15,75,75,0,-0.342758020957311,-0.355476513504982,-0.34019169211387634,-0.32805873453617096
llava_1_5_7b,test,rotation_mean,HALL,16,75,75,0,-0.3291658667723338,-0.3519849181175232,-0.3267894983291626,-0.3127794861793518
llava_1_5_7b,test,rotation_mean,HALL,17,75,75,0,-0.310172197620074,-0.32597312331199646,-0.31153106689453125,-0.2909143716096878
llava_1_5_7b,test,rotation_mean,HALL,18,75,75,0,-0.2601884345213572,-0.2752736806869507,-0.2539328634738922,-0.24457217007875443
llava_1_5_7b,test,rotation_mean,HALL,19,75,75,0,-0.1750331336259842,-0.19464951008558273,-0.17608924210071564,-0.16239333897829056
llava_1_5_7b,test,rotation_mean,HALL,20,75,75,0,-0.17708767727017402,-0.1961865797638893,-0.18417909741401672,-0.16171904653310776
llava_1_5_7b,test,rotation_mean,HALL,21,75,75,0,-0.13126574108997982,-0.14490974694490433,-0.13144242763519287,-0.1198863834142685
llava_1_5_7b,test,rotation_mean,HALL,22,75,75,0,-0.10171329269806544,-0.10711103305220604,-0.10245005041360855,-0.09503541886806488
llava_1_5_7b,test,rotation_mean,HALL,23,75,75,0,-0.03863690249000987,-0.05309028550982475,-0.04398869350552559,-0.02868195530027151
llava_1_5_7b,test,rotation_mean,HALL,24,75,75,0,-0.06587501307328542,-0.07106070965528488,-0.0629693940281868,-0.055669259279966354
llava_1_5_7b,test,rotation_mean,HALL,25,75,75,0,-0.01792642998935965,-0.025416351854801178,-0.016772910952568054,-0.011942981276661158
llava_1_5_7b,test,rotation_mean,HALL,26,75,75,0,0.025413072689746817,0.013207926880568266,0.020726749673485756,0.03374611772596836
llava_1_5_7b,test,rotation_mean,HALL,27,75,75,0,0.009616820746256659,0.002166918129660189,0.009896776638925076,0.016884407959878445
llava_1_5_7b,test,rotation_mean,HALL,28,75,75,0,0.006073306578521927,0.000588273600442335,0.006123906932771206,0.013687311206012964
llava_1_5_7b,test,rotation_mean,HALL,29,75,75,0,0.018623047528478008,0.006769125582650304,0.019900180399417877,0.03291279636323452
llava_1_5_7b,test,rotation_mean,HALL,30,75,75,0,0.026913571786135435,0.01720323972404003,0.026969946920871735,0.03756502456963062
llava_1_5_7b,test,rotation_mean,HALL,31,75,75,0,0.0016801567680280035,-0.006634334102272987,0.004864471033215523,0.012357519008219242
llava_1_5_7b,test,rotation_mean,HALL,32,75,75,0,0.05514811708436658,0.023085604421794415,0.05016979202628136,0.08212774991989136
llava_1_5_7b,test,rotation_median,REAL,1,292,292,0,-0.05846142592781689,-0.1653757207095623,0.006411928217858076,0.06113701593130827
llava_1_5_7b,test,rotation_median,REAL,2,292,292,0,-0.1352151369688752,-0.16538402438163757,-0.13662223517894745,-0.11141798458993435
llava_1_5_7b,test,rotation_median,REAL,3,292,292,0,-0.17559221782402634,-0.19066135585308075,-0.17737770080566406,-0.1603526696562767
llava_1_5_7b,test,rotation_median,REAL,4,292,292,0,-0.2876393121909605,-0.3215749114751816,-0.2880548685789108,-0.2549898400902748
llava_1_5_7b,test,rotation_median,REAL,5,292,292,0,-0.29525399794929647,-0.3118792846798897,-0.29403072595596313,-0.279058538377285
llava_1_5_7b,test,rotation_median,REAL,6,292,292,0,-0.3581513424646364,-0.3777788132429123,-0.3624608814716339,-0.3444298058748245
llava_1_5_7b,test,rotation_median,REAL,7,292,292,0,-0.39130110712084054,-0.4165693074464798,-0.39564916491508484,-0.3723686933517456
llava_1_5_7b,test,rotation_median,REAL,8,292,292,0,-0.39996392718733176,-0.4316170662641525,-0.4089907556772232,-0.37785007059574127
llava_1_5_7b,test,rotation_median,REAL,9,292,292,0,-0.4012678968783927,-0.4322942867875099,-0.4127158224582672,-0.3821958899497986
llava_1_5_7b,test,rotation_median,REAL,10,292,292,0,-0.4143988636054405,-0.4302873834967613,-0.4209081530570984,-0.4053262174129486
llava_1_5_7b,test,rotation_median,REAL,11,292,292,0,-0.44646784612169005,-0.465456023812294,-0.4526762515306473,-0.4339788258075714
llava_1_5_7b,test,rotation_median,REAL,12,292,292,0,-0.38645659917837955,-0.4078359603881836,-0.39223021268844604,-0.37424712628126144
llava_1_5_7b,test,rotation_median,REAL,13,292,292,0,-0.43774307988686106,-0.45630602538585663,-0.4400651454925537,-0.4237906187772751
llava_1_5_7b,test,rotation_median,REAL,14,292,292,0,-0.4155957489593388,-0.43655887991189957,-0.41992470622062683,-0.39667022228240967
llava_1_5_7b,test,rotation_median,REAL,15,292,292,0,-0.3690367420650508,-0.3932307958602905,-0.36970964074134827,-0.34850307554006577
llava_1_5_7b,test,rotation_median,REAL,16,292,292,0,-0.35753195538912735,-0.3816309943795204,-0.3592110425233841,-0.3323823809623718
llava_1_5_7b,test,rotation_median,REAL,17,292,292,0,-0.3091600355628419,-0.3268991708755493,-0.30829666554927826,-0.2932128831744194
llava_1_5_7b,test,rotation_median,REAL,18,292,292,0,-0.26369095256883807,-0.2791031002998352,-0.26238206028938293,-0.2474493533372879
llava_1_5_7b,test,rotation_median,REAL,19,292,292,0,-0.18842249054921,-0.20803281292319298,-0.1893806830048561,-0.16979975625872612
llava_1_5_7b,test,rotation_median,REAL,20,292,292,0,-0.17255799681560635,-0.18585354462265968,-0.17172618955373764,-0.16085129231214523
llava_1_5_7b,test,rotation_median,REAL,21,292,292,0,-0.13105303967652254,-0.14378750324249268,-0.1322915256023407,-0.11709987744688988
llava_1_5_7b,test,rotation_median,REAL,22,292,292,0,-0.0991722994343671,-0.10611323267221451,-0.09973990172147751,-0.09173741191625595
llava_1_5_7b,test,rotation_median,REAL,23,292,292,0,-0.03295141658630088,-0.04664701782166958,-0.03669806197285652,-0.024066186510026455
llava_1_5_7b,test,rotation_median,REAL,24,292,292,0,-0.05392687459004252,-0.05856833700090647,-0.05259355716407299,-0.04664076119661331
llava_1_5_7b,test,rotation_median,REAL,25,292,292,0,-0.012397818033916761,-0.018449903931468725,-0.011793547309935093,-0.006566736847162247
llava_1_5_7b,test,rotation_median,REAL,26,292,292,0,0.012433885914841285,0.0006211560394149274,0.00987527146935463,0.019698732066899538
llava_1_5_7b,test,rotation_median,REAL,27,292,292,0,0.01639917653733703,0.009639090625569224,0.016207360662519932,0.022525333799421787
llava_1_5_7b,test,rotation_median,REAL,28,292,292,0,0.0009058975313078694,-0.007490224204957485,0.0007235143566504121,0.010360811371356249
llava_1_5_7b,test,rotation_median,REAL,29,292,292,0,0.00760408462437762,-0.01174074481241405,0.008311880752444267,0.026505989488214254
llava_1_5_7b,test,rotation_median,REAL,30,292,292,0,0.030053878452709386,0.014439274789765477,0.030385038815438747,0.04735942650586367
llava_1_5_7b,test,rotation_median,REAL,31,292,292,0,0.0015637317290334255,-0.014265262288972735,0.004868114599958062,0.020550286397337914
llava_1_5_7b,test,rotation_median,REAL,32,292,292,0,0.07941624679688798,0.032654859125614166,0.0760217197239399,0.11908475682139397
llava_1_5_7b,test,rotation_median,HALL,1,75,75,0,-0.09362634365757307,-0.2169310674071312,-0.15220123529434204,0.042748257517814636
llava_1_5_7b,test,rotation_median,HALL,2,75,75,0,-0.11614150514205297,-0.1388813555240631,-0.11884865164756775,-0.09355763345956802
llava_1_5_7b,test,rotation_median,HALL,3,75,75,0,-0.18568466832240424,-0.2044035792350769,-0.18517890572547913,-0.16655801236629486
llava_1_5_7b,test,rotation_median,HALL,4,75,75,0,-0.2900650954246521,-0.3142186850309372,-0.28878527879714966,-0.27375781536102295
llava_1_5_7b,test,rotation_median,HALL,5,75,75,0,-0.2928391929467519,-0.3091300427913666,-0.29514408111572266,-0.2742886245250702
llava_1_5_7b,test,rotation_median,HALL,6,75,75,0,-0.3686359230677287,-0.3840712010860443,-0.37087368965148926,-0.35384315252304077
llava_1_5_7b,test,rotation_median,HALL,7,75,75,0,-0.39957714835802716,-0.4180890917778015,-0.40163910388946533,-0.3836345076560974
llava_1_5_7b,test,rotation_median,HALL,8,75,75,0,-0.4175708397229512,-0.4364757388830185,-0.42488646507263184,-0.406216561794281
llava_1_5_7b,test,rotation_median,HALL,9,75,75,0,-0.42583576917648314,-0.44220583140850067,-0.4333326816558838,-0.42188888788223267
llava_1_5_7b,test,rotation_median,HALL,10,75,75,0,-0.4187585918108622,-0.4319450855255127,-0.4221845865249634,-0.41055068373680115
llava_1_5_7b,test,rotation_median,HALL,11,75,75,0,-0.45287410577138265,-0.47090932726860046,-0.45440828800201416,-0.44253452122211456
llava_1_5_7b,test,rotation_median,HALL,12,75,75,0,-0.38327573537826537,-0.4015887528657913,-0.3900493383407593,-0.3774183690547943
llava_1_5_7b,test,rotation_median,HALL,13,75,75,0,-0.44033239006996155,-0.4565812200307846,-0.43816858530044556,-0.4290910065174103
llava_1_5_7b,test,rotation_median,HALL,14,75,75,0,-0.41548439462979636,-0.43243566155433655,-0.4236341118812561,-0.40274813771247864
llava_1_5_7b,test,rotation_median,HALL,15,75,75,0,-0.3549678897857666,-0.3692788630723953,-0.35259243845939636,-0.3419812023639679
llava_1_5_7b,test,rotation_median,HALL,16,75,75,0,-0.3370782725016276,-0.3601398915052414,-0.3363128900527954,-0.3180104196071625
llava_1_5_7b,test,rotation_median,HALL,17,75,75,0,-0.3148863307634989,-0.3322484791278839,-0.3165174126625061,-0.29304060339927673
llava_1_5_7b,test,rotation_median,HALL,18,75,75,0,-0.26288087368011476,-0.2822372764348984,-0.25798869132995605,-0.24811750650405884
llava_1_5_7b,test,rotation_median,HALL,19,75,75,0,-0.1822668904066086,-0.20039848238229752,-0.18481966853141785,-0.16746889799833298
llava_1_5_7b,test,rotation_median,HALL,20,75,75,0,-0.18082084675629934,-0.20006229728460312,-0.18484023213386536,-0.16564533859491348
llava_1_5_7b,test,rotation_median,HALL,21,75,75,0,-0.13844434589147567,-0.15033431351184845,-0.1408165544271469,-0.12811993062496185
llava_1_5_7b,test,rotation_median,HALL,22,75,75,0,-0.10163925806681315,-0.10783474147319794,-0.102557472884655,-0.09470667317509651
llava_1_5_7b,test,rotation_median,HALL,23,75,75,0,-0.049102056740472716,-0.059673456475138664,-0.05315845459699631,-0.04147794842720032
llava_1_5_7b,test,rotation_median,HALL,24,75,75,0,-0.056464439382155736,-0.059807922691106796,-0.05517950654029846,-0.04873545840382576
llava_1_5_7b,test,rotation_median,HALL,25,75,75,0,-0.014015734661370516,-0.019954781979322433,-0.014595139771699905,-0.008881048765033484
llava_1_5_7b,test,rotation_median,HALL,26,75,75,0,0.01282207087012163,0.0018980612512677908,0.008251314982771873,0.020156556740403175
llava_1_5_7b,test,rotation_median,HALL,27,75,75,0,0.012000734352041036,0.00695823086425662,0.012162011116743088,0.01796094886958599
llava_1_5_7b,test,rotation_median,HALL,28,75,75,0,0.008529546377249063,0.0029653364326804876,0.008454647846519947,0.01563916029408574
llava_1_5_7b,test,rotation_median,HALL,29,75,75,0,0.02043643216912945,0.011481140274554491,0.021035615354776382,0.03519940935075283
llava_1_5_7b,test,rotation_median,HALL,30,75,75,0,0.030425595392783483,0.018098910339176655,0.030769601464271545,0.042714545503258705
llava_1_5_7b,test,rotation_median,HALL,31,75,75,0,0.00852910556680096,0.0005093140644021332,0.011870261281728745,0.018631795421242714
llava_1_5_7b,test,rotation_median,HALL,32,75,75,0,0.056298241901871125,0.0205074455589056,0.05519070476293564,0.08143933489918709
llava_1_5_7b,test,input_cancellation,REAL,1,292,292,0,0.680423788216016,0.6487767696380615,0.6892130076885223,0.70642951130867
llava_1_5_7b,test,input_cancellation,REAL,2,292,292,0,0.5671202937421733,0.5465071648359299,0.5649251639842987,0.5871034264564514
llava_1_5_7b,test,input_cancellation,REAL,3,292,292,0,0.5271183269685262,0.5024892687797546,0.527703732252121,0.5506364852190018
llava_1_5_7b,test,input_cancellation,REAL,4,292,292,0,0.5499256188942961,0.5272114127874374,0.5521255433559418,0.5697398334741592
llava_1_5_7b,test,input_cancellation,REAL,5,292,292,0,0.5295875613411812,0.5053520053625107,0.5288189947605133,0.5520214438438416
llava_1_5_7b,test,input_cancellation,REAL,6,292,292,0,0.5024747358609553,0.4680725112557411,0.49790553748607635,0.5285336673259735
llava_1_5_7b,test,input_cancellation,REAL,7,292,292,0,0.5381937843479522,0.5072577446699142,0.5331023931503296,0.565886840224266
llava_1_5_7b,test,input_cancellation,REAL,8,292,292,0,0.47105722670277506,0.43294789642095566,0.46370330452919006,0.5050681978464127
llava_1_5_7b,test,input_cancellation,REAL,9,292,292,0,0.43793058640336335,0.40417398512363434,0.4381359815597534,0.46486105769872665
llava_1_5_7b,test,input_cancellation,REAL,10,292,292,0,0.4690400773327645,0.42802295088768005,0.46730460226535797,0.5019623637199402
llava_1_5_7b,test,input_cancellation,REAL,11,292,292,0,0.45698717818276524,0.4162760376930237,0.45205558836460114,0.49077939987182617
llava_1_5_7b,test,input_cancellation,REAL,12,292,292,0,0.43805442699422575,0.3955170214176178,0.42467981576919556,0.4715736582875252
llava_1_5_7b,test,input_cancellation,REAL,13,292,292,0,0.4676979371946152,0.42256634682416916,0.4614775776863098,0.5087042152881622
llava_1_5_7b,test,input_cancellation,REAL,14,292,292,0,0.39651392196139246,0.3590339124202728,0.38526879251003265,0.4294741526246071
llava_1_5_7b,test,input_cancellation,REAL,15,292,292,0,0.4723648797363451,0.4136359170079231,0.45624999701976776,0.5276443362236023
llava_1_5_7b,test,input_cancellation,REAL,16,292,292,0,0.4139132769140479,0.374360091984272,0.41126684844493866,0.45155227929353714
llava_1_5_7b,test,input_cancellation,REAL,17,292,292,0,0.4196750233842902,0.3712974712252617,0.41420599818229675,0.45893627405166626
llava_1_5_7b,test,input_cancellation,REAL,18,292,292,0,0.4592362237099099,0.40267377346754074,0.4456692636013031,0.5156708210706711
llava_1_5_7b,test,input_cancellation,REAL,19,292,292,0,0.4819858983567316,0.4310666546225548,0.47179490327835083,0.5305072218179703
llava_1_5_7b,test,input_cancellation,REAL,20,292,292,0,0.4353609309621053,0.37164655327796936,0.4209563434123993,0.4945632070302963
llava_1_5_7b,test,input_cancellation,REAL,21,292,292,0,0.41180916681681595,0.3706916719675064,0.4060438722372055,0.44488824903964996
llava_1_5_7b,test,input_cancellation,REAL,22,292,292,0,0.42585810712755545,0.36747442930936813,0.41612420976161957,0.4767841398715973
llava_1_5_7b,test,input_cancellation,REAL,23,292,292,0,0.40404819799204394,0.3518165275454521,0.39255601167678833,0.451140820980072
llava_1_5_7b,test,input_cancellation,REAL,24,292,292,0,0.42801132328706243,0.3767072558403015,0.4187203049659729,0.4632983058691025
llava_1_5_7b,test,input_cancellation,REAL,25,292,292,0,0.4140845104439618,0.3585226908326149,0.4053795635700226,0.46438726782798767
llava_1_5_7b,test,input_cancellation,REAL,26,292,292,0,0.39681830308208726,0.3480764627456665,0.38336819410324097,0.4318941906094551
llava_1_5_7b,test,input_cancellation,REAL,27,292,292,0,0.4153199135644795,0.36609888821840286,0.4090021997690201,0.46380503475666046
llava_1_5_7b,test,input_cancellation,REAL,28,292,292,0,0.40206661932680704,0.36688560247421265,0.3898918330669403,0.4190064072608948
llava_1_5_7b,test,input_cancellation,REAL,29,292,292,0,0.4887044611450744,0.4160584285855293,0.4855724424123764,0.5501197427511215
llava_1_5_7b,test,input_cancellation,REAL,30,292,292,0,0.39079337628328636,0.3479878753423691,0.3841525614261627,0.4229291304945946
llava_1_5_7b,test,input_cancellation,REAL,31,292,292,0,0.42673124852654054,0.3858698457479477,0.4181753993034363,0.45965393632650375
llava_1_5_7b,test,input_cancellation,REAL,32,292,292,0,0.4935062900185585,0.46060922741889954,0.49480871856212616,0.5277631431818008
llava_1_5_7b,test,input_cancellation,HALL,1,75,75,0,0.7098127166430156,0.68711918592453,0.7133459448814392,0.7418834567070007
llava_1_5_7b,test,input_cancellation,HALL,2,75,75,0,0.5574507164955139,0.5402626097202301,0.55577552318573,0.5725208222866058
llava_1_5_7b,test,input_cancellation,HALL,3,75,75,0,0.5303134262561798,0.506284236907959,0.5281544327735901,0.5525406002998352
llava_1_5_7b,test,input_cancellation,HALL,4,75,75,0,0.5627371907234192,0.5339515507221222,0.5620130896568298,0.5898950695991516
llava_1_5_7b,test,input_cancellation,HALL,5,75,75,0,0.5454529237747192,0.5179381668567657,0.5460187792778015,0.5658421218395233
llava_1_5_7b,test,input_cancellation,HALL,6,75,75,0,0.47438615481058755,0.45719558000564575,0.4721832871437073,0.48926885426044464
llava_1_5_7b,test,input_cancellation,HALL,7,75,75,0,0.5184611018498738,0.5062628388404846,0.5195167064666748,0.5323359370231628
llava_1_5_7b,test,input_cancellation,HALL,8,75,75,0,0.4400245277086894,0.41371938586235046,0.4341464936733246,0.45776888728141785
llava_1_5_7b,test,input_cancellation,HALL,9,75,75,0,0.41794192910194394,0.3877463936805725,0.4081290662288666,0.44779251515865326
llava_1_5_7b,test,input_cancellation,HALL,10,75,75,0,0.435696417093277,0.39968080818653107,0.42573225498199463,0.4536284804344177
llava_1_5_7b,test,input_cancellation,HALL,11,75,75,0,0.44531535466512046,0.4020351767539978,0.4333982467651367,0.48161981999874115
llava_1_5_7b,test,input_cancellation,HALL,12,75,75,0,0.4568034243583679,0.411128893494606,0.45422857999801636,0.49700827896595
llava_1_5_7b,test,input_cancellation,HALL,13,75,75,0,0.4631123733520508,0.40711864829063416,0.44754984974861145,0.5310584902763367
llava_1_5_7b,test,input_cancellation,HALL,14,75,75,0,0.3963265307744344,0.3603845685720444,0.3835294544696808,0.4293842017650604
llava_1_5_7b,test,input_cancellation,HALL,15,75,75,0,0.4698447930812836,0.4060605764389038,0.46085596084594727,0.5283096432685852
llava_1_5_7b,test,input_cancellation,HALL,16,75,75,0,0.4053609104951223,0.34180113673210144,0.3846290111541748,0.462256520986557
llava_1_5_7b,test,input_cancellation,HALL,17,75,75,0,0.36074169317881266,0.3305419236421585,0.35181596875190735,0.37373611330986023
llava_1_5_7b,test,input_cancellation,HALL,18,75,75,0,0.4307803781827291,0.3895259350538254,0.418178528547287,0.46079546213150024
llava_1_5_7b,test,input_cancellation,HALL,19,75,75,0,0.47262317498524986,0.4148654639720917,0.4511758089065552,0.5300904810428619
llava_1_5_7b,test,input_cancellation,HALL,20,75,75,0,0.3935406808058421,0.3471543490886688,0.3812238872051239,0.42336802184581757
llava_1_5_7b,test,input_cancellation,HALL,21,75,75,0,0.37359003027280174,0.32745347917079926,0.3651643991470337,0.41282129287719727
llava_1_5_7b,test,input_cancellation,HALL,22,75,75,0,0.3641938618818919,0.33155539631843567,0.36096054315567017,0.3924754112958908
llava_1_5_7b,test,input_cancellation,HALL,23,75,75,0,0.355525426864624,0.3231292963027954,0.3581693768501282,0.39123427867889404
llava_1_5_7b,test,input_cancellation,HALL,24,75,75,0,0.39959043701489766,0.35606637597084045,0.39499756693840027,0.431937500834465
llava_1_5_7b,test,input_cancellation,HALL,25,75,75,0,0.36760714451471965,0.31583482027053833,0.3557172417640686,0.4065649062395096
llava_1_5_7b,test,input_cancellation,HALL,26,75,75,0,0.37983507990837095,0.34125788509845734,0.3645866811275482,0.4039842337369919
llava_1_5_7b,test,input_cancellation,HALL,27,75,75,0,0.3747026761372884,0.3303857296705246,0.35630732774734497,0.4056122601032257
llava_1_5_7b,test,input_cancellation,HALL,28,75,75,0,0.3898925185203552,0.36289216578006744,0.3820453882217407,0.4085334837436676
llava_1_5_7b,test,input_cancellation,HALL,29,75,75,0,0.4121942758560181,0.3595208078622818,0.39753201603889465,0.453313410282135
llava_1_5_7b,test,input_cancellation,HALL,30,75,75,0,0.3581759564081828,0.3230673223733902,0.34618306159973145,0.3796086013317108
llava_1_5_7b,test,input_cancellation,HALL,31,75,75,0,0.39095198273658754,0.35434871912002563,0.384986937046051,0.41721032559871674
llava_1_5_7b,test,input_cancellation,HALL,32,75,75,0,0.4762638247013092,0.4523422122001648,0.47950077056884766,0.5052990317344666
llava_1_5_7b,test,cancellation_change,REAL,1,292,292,0,-0.007742721542512622,-0.04338676378798703,-0.0069574821107194484,0.03053101701931607
llava_1_5_7b,test,cancellation_change,REAL,2,292,292,0,0.06809082398364937,0.044154612416559214,0.05893719499028177,0.08497890303495223
llava_1_5_7b,test,cancellation_change,REAL,3,292,292,0,-0.0512125301013963,-0.0641522877293973,-0.05262127410957029,-0.04057548952892098
llava_1_5_7b,test,cancellation_change,REAL,4,292,292,0,-0.0028067147061388376,-0.024829113203081565,-0.0030803135347563515,0.022329881180103706
llava_1_5_7b,test,cancellation_change,REAL,5,292,292,0,-0.0011768096240214396,-0.018923984782376696,-0.00473576852234292,0.011626618901299318
llava_1_5_7b,test,cancellation_change,REAL,6,292,292,0,0.037887948280935196,0.026953419897137176,0.04018009613584189,0.05464452698693556
llava_1_5_7b,test,cancellation_change,REAL,7,292,292,0,0.049318815028624514,0.03495389391103043,0.0512480764386361,0.0659676309808411
llava_1_5_7b,test,cancellation_change,REAL,8,292,292,0,0.04637109684297243,0.033494854962022924,0.048456450873476165,0.06213872706198886
llava_1_5_7b,test,cancellation_change,REAL,9,292,292,0,0.03838232477997204,0.021323089902831063,0.03876780825180298,0.05566146056704796
llava_1_5_7b,test,cancellation_change,REAL,10,292,292,0,0.04185654758446918,0.029773330833413242,0.041146973904086226,0.05426683712294504
llava_1_5_7b,test,cancellation_change,REAL,11,292,292,0,0.05855441894132615,0.04774689355599335,0.059783293109697905,0.06947278853671904
llava_1_5_7b,test,cancellation_change,REAL,12,292,292,0,0.0423616507168321,0.023975415698759495,0.04143331351454321,0.05988986985780903
llava_1_5_7b,test,cancellation_change,REAL,13,292,292,0,0.04027082074969337,0.022391730017281633,0.03784825468899755,0.05650713364928106
llava_1_5_7b,test,cancellation_change,REAL,14,292,292,0,0.03218683501212663,0.016689897784499363,0.0325425682247823,0.04862362162074217
llava_1_5_7b,test,cancellation_change,REAL,15,292,292,0,0.040985074406833265,0.024814250994554907,0.04259914057546124,0.057452537890924235
llava_1_5_7b,test,cancellation_change,REAL,16,292,292,0,0.019039190266352663,-0.00019777751528046728,0.01368230265742812,0.033315130100552176
llava_1_5_7b,test,cancellation_change,REAL,17,292,292,0,0.0696999916633547,0.052668423157921376,0.06609353686275696,0.08471574572676667
llava_1_5_7b,test,cancellation_change,REAL,18,292,292,0,0.052032010135884973,0.03776569002794787,0.05109874818060034,0.06626114466068758
llava_1_5_7b,test,cancellation_change,REAL,19,292,292,0,0.06309993052276403,0.043901641303400726,0.06195833455648267,0.08087678413305516
llava_1_5_7b,test,cancellation_change,REAL,20,292,292,0,0.02481581712884907,0.009171381788538213,0.023827715705073943,0.04044869448161033
llava_1_5_7b,test,cancellation_change,REAL,21,292,292,0,0.07092944544656371,0.049889189931763625,0.0709305542529593,0.09031129313297695
llava_1_5_7b,test,cancellation_change,REAL,22,292,292,0,0.03769714689014477,0.020024093597116266,0.034310403190272676,0.05082663179902286
llava_1_5_7b,test,cancellation_change,REAL,23,292,292,0,0.02260698847296056,0.004371303446590105,0.017659275792860696,0.03209229949305971
llava_1_5_7b,test,cancellation_change,REAL,24,292,292,0,0.01798206445903373,0.0007438209435443738,0.012953666153971644,0.03124525253492967
llava_1_5_7b,test,cancellation_change,REAL,25,292,292,0,0.020669706286949387,0.0011453228379480346,0.012934738118820843,0.031378737159058326
llava_1_5_7b,test,cancellation_change,REAL,26,292,292,0,0.07435181190445447,0.03399423496083992,0.05576866671722236,0.09622037734108521
llava_1_5_7b,test,cancellation_change,REAL,27,292,292,0,-0.0028005036116312493,-0.022471906209346457,-0.007798934181377115,0.008867057474684123
llava_1_5_7b,test,cancellation_change,REAL,28,292,292,0,0.06687120844072092,0.022669270853618625,0.05971293978263095,0.10441357494755617
llava_1_5_7b,test,cancellation_change,REAL,29,292,292,0,0.015258437359297402,-0.012116919572585733,0.002816335774681933,0.030801847457896367
llava_1_5_7b,test,cancellation_change,REAL,30,292,292,0,0.009823434395682019,-0.009998163121814549,0.001340139612070801,0.01868166571106443
llava_1_5_7b,test,cancellation_change,REAL,31,292,292,0,0.14967478535710702,0.09456374045344579,0.14796027380543741,0.20543473161532083
llava_1_5_7b,test,cancellation_change,REAL,32,292,292,0,0.20074826620059233,0.15215711399482454,0.19784722464651106,0.2430991475751855
llava_1_5_7b,test,cancellation_change,HALL,1,75,75,0,0.03372146666713558,0.006902296174118694,0.03647217666164504,0.062221746316698634
llava_1_5_7b,test,cancellation_change,HALL,2,75,75,0,0.09638756085029303,0.04258688489698892,0.09341428833515741,0.15018982629305466
llava_1_5_7b,test,cancellation_change,HALL,3,75,75,0,-0.05698044696935982,-0.07147321363916662,-0.057835861272597155,-0.04639933448129291
llava_1_5_7b,test,cancellation_change,HALL,4,75,75,0,-0.020843778904751763,-0.042547299018314666,-0.019196311488398232,0.0015088058316806707
llava_1_5_7b,test,cancellation_change,HALL,5,75,75,0,-0.016378824691124897,-0.029060867818880565,-0.0197549692407899,-0.004812550462954479
llava_1_5_7b,test,cancellation_change,HALL,6,75,75,0,0.01724128527235504,-0.002963412351301764,0.018744892911739086,0.03556229776160624
llava_1_5_7b,test,cancellation_change,HALL,7,75,75,0,0.02491552071486843,0.004786291900089862,0.024018502561822475,0.04539163304507793
llava_1_5_7b,test,cancellation_change,HALL,8,75,75,0,0.05373290987756268,0.03929355652935765,0.052992218077635767,0.06868752500072461
llava_1_5_7b,test,cancellation_change,HALL,9,75,75,0,0.046188764819231155,0.03454650175347193,0.04847998117419261,0.057267976816722105
llava_1_5_7b,test,cancellation_change,HALL,10,75,75,0,0.026851012781776814,0.019107062288891585,0.028391958843807852,0.03653671463524316
llava_1_5_7b,test,cancellation_change,HALL,11,75,75,0,0.048373696761526634,0.03292452317578143,0.05029095302288367,0.06041895400184272
llava_1_5_7b,test,cancellation_change,HALL,12,75,75,0,0.0333283429303084,0.019801565284411127,0.03176431879199748,0.045351249558302914
llava_1_5_7b,test,cancellation_change,HALL,13,75,75,0,0.02665849255559182,0.01745288433523648,0.025214161823187475,0.03515052296695853
llava_1_5_7b,test,cancellation_change,HALL,14,75,75,0,0.03690689162888685,0.019710479718844348,0.03851740714189611,0.053942812260410256
llava_1_5_7b,test,cancellation_change,HALL,15,75,75,0,0.034589088633762685,0.014020408263440254,0.035884837311767614,0.04939158807817401
llava_1_5_7b,test,cancellation_change,HALL,16,75,75,0,0.002144274716594211,-0.011003537136073466,0.000123491787115515,0.01154681689502085
llava_1_5_7b,test,cancellation_change,HALL,17,75,75,0,0.06413837250463583,0.05035325743669952,0.06253699660132545,0.07630002194482088
llava_1_5_7b,test,cancellation_change,HALL,18,75,75,0,0.06180326241360233,0.04694373541924898,0.061602416474143884,0.07572918531211126
llava_1_5_7b,test,cancellation_change,HALL,19,75,75,0,0.05050612627111437,0.029917952990893504,0.048056498715447815,0.07190372851942967
llava_1_5_7b,test,cancellation_change,HALL,20,75,75,0,0.028624654096390197,0.01258498960032467,0.028265325003168584,0.04333993975342859
llava_1_5_7b,test,cancellation_change,HALL,21,75,75,0,0.07456569640230461,0.05986020815408957,0.07184805051911425,0.08986837134304773
llava_1_5_7b,test,cancellation_change,HALL,22,75,75,0,0.03591921261940912,0.020701929691736787,0.033946450620789825,0.05156673794978828
llava_1_5_7b,test,cancellation_change,HALL,23,75,75,0,0.020221644095650363,0.00029848550767852533,0.01244685849904792,0.031899412810141026
llava_1_5_7b,test,cancellation_change,HALL,24,75,75,0,0.019042881966849143,0.0035214123273390185,0.015110232038985483,0.028943002771117693
llava_1_5_7b,test,cancellation_change,HALL,25,75,75,0,0.02509830473240647,-0.003970882254169528,0.008184358458832086,0.03536284871536749
llava_1_5_7b,test,cancellation_change,HALL,26,75,75,0,0.055009045245737645,0.01014260149635493,0.03627294269499576,0.07572735205710196
llava_1_5_7b,test,cancellation_change,HALL,27,75,75,0,0.0018829216222302691,-0.009258913275999758,-0.00013091481788729542,0.012416982698442991
llava_1_5_7b,test,cancellation_change,HALL,28,75,75,0,0.09213247667671376,0.05970833320141328,0.09636682098359745,0.12921558837415112
llava_1_5_7b,test,cancellation_change,HALL,29,75,75,0,0.020533311109062355,0.0045475175998426765,0.013963346642595409,0.03224868963867472
llava_1_5_7b,test,cancellation_change,HALL,30,75,75,0,0.011566860650461967,-0.003933337815820642,0.0086557940707091,0.02195330106113158
llava_1_5_7b,test,cancellation_change,HALL,31,75,75,0,0.18586502262007498,0.1402493261443409,0.19183942645708696,0.22137321990879782
llava_1_5_7b,test,cancellation_change,HALL,32,75,75,0,0.24404334109632722,0.19527778137345603,0.2545830642993583,0.29016517523047847
