model,split,metric,region,label,n,layer,mean,median,q25,q75
minigpt4_7b,train,raw_attention,BOS,0,1308,1,0.010741853024183975,0.010016687214374542,0.008410394191741943,0.012779653072357178
minigpt4_7b,train,raw_attention,BOS,0,1308,2,0.013884043058989975,0.01324017345905304,0.010901302099227905,0.016076967120170593
minigpt4_7b,train,raw_attention,BOS,0,1308,3,0.046092784989180915,0.04519873857498169,0.040997281670570374,0.05035242438316345
minigpt4_7b,train,raw_attention,BOS,0,1308,4,0.707334742998129,0.7093505859375,0.6902408599853516,0.7250728607177734
minigpt4_7b,train,raw_attention,BOS,0,1308,5,0.7462209222513602,0.7475166320800781,0.728888988494873,0.763089656829834
minigpt4_7b,train,raw_attention,BOS,0,1308,6,0.7627956484435895,0.7645301818847656,0.7475948333740234,0.7788143157958984
minigpt4_7b,train,raw_attention,BOS,0,1308,7,0.7073389561533563,0.7097835540771484,0.685915470123291,0.7297706604003906
minigpt4_7b,train,raw_attention,BOS,0,1308,8,0.7183690566899944,0.7192573547363281,0.6960582733154297,0.7425670623779297
minigpt4_7b,train,raw_attention,BOS,0,1308,9,0.6470899630668331,0.6474580764770508,0.6284819394350052,0.6684722900390625
minigpt4_7b,train,raw_attention,BOS,0,1308,10,0.6213596075864378,0.619755744934082,0.5876865386962891,0.6557822227478027
minigpt4_7b,train,raw_attention,BOS,0,1308,11,0.595730647444725,0.5924234390258789,0.5654363632202148,0.622011661529541
minigpt4_7b,train,raw_attention,BOS,0,1308,12,0.5469376797522973,0.5446968078613281,0.5144229233264923,0.5774296522140503
minigpt4_7b,train,raw_attention,BOS,0,1308,13,0.5151582416773571,0.5098390579223633,0.473583459854126,0.5523848533630371
minigpt4_7b,train,raw_attention,BOS,0,1308,14,0.6122334469850275,0.6116847991943359,0.5648818016052246,0.6602795124053955
minigpt4_7b,train,raw_attention,BOS,0,1308,15,0.5820983752653869,0.5803236961364746,0.5375325679779053,0.6244010925292969
minigpt4_7b,train,raw_attention,BOS,0,1308,16,0.5370032314769354,0.5358524322509766,0.48130691051483154,0.5884017497301102
minigpt4_7b,train,raw_attention,BOS,0,1308,17,0.575917903254156,0.570405125617981,0.5380198955535889,0.6107661724090576
minigpt4_7b,train,raw_attention,BOS,0,1308,18,0.6176001487886504,0.6167879104614258,0.5825687944889069,0.6533061265945435
minigpt4_7b,train,raw_attention,BOS,0,1308,19,0.7007166708645836,0.7051486968994141,0.6607474684715271,0.7432177066802979
minigpt4_7b,train,raw_attention,BOS,0,1308,20,0.6237452967998085,0.625209242105484,0.5725441575050354,0.6756566762924194
minigpt4_7b,train,raw_attention,BOS,0,1308,21,0.6740752798063675,0.6753215789794922,0.6471900939941406,0.7012233734130859
minigpt4_7b,train,raw_attention,BOS,0,1308,22,0.7339288007228746,0.7385725975036621,0.6979084014892578,0.7743778228759766
minigpt4_7b,train,raw_attention,BOS,0,1308,23,0.8287582897811855,0.8319759368896484,0.8072166442871094,0.852177619934082
minigpt4_7b,train,raw_attention,BOS,0,1308,24,0.6932182166189957,0.6928985118865967,0.650225818157196,0.7382636070251465
minigpt4_7b,train,raw_attention,BOS,0,1308,25,0.8039283068901902,0.8073768615722656,0.7728414535522461,0.839447021484375
minigpt4_7b,train,raw_attention,BOS,0,1308,26,0.8090087213191782,0.8102188110351562,0.7860457897186279,0.8325787782669067
minigpt4_7b,train,raw_attention,BOS,0,1308,27,0.8377188780894702,0.8378028869628906,0.8183221817016602,0.8581507205963135
minigpt4_7b,train,raw_attention,BOS,0,1308,28,0.8633417493979866,0.8652706146240234,0.846959114074707,0.8840198516845703
minigpt4_7b,train,raw_attention,BOS,0,1308,29,0.7848899538546162,0.7864322662353516,0.7613601684570312,0.8115425109863281
minigpt4_7b,train,raw_attention,BOS,0,1308,30,0.7744077001598633,0.7744078636169434,0.749007523059845,0.7994771003723145
minigpt4_7b,train,raw_attention,BOS,0,1308,31,0.7187327488755596,0.7189245223999023,0.6921987533569336,0.7465229034423828
minigpt4_7b,train,raw_attention,BOS,0,1308,32,0.24047141582548437,0.23956669867038727,0.20422082021832466,0.2778141498565674
minigpt4_7b,train,raw_attention,BOS,1,7420,1,0.01522310706824466,0.015963752754032612,0.012987405061721802,0.01795513927936554
minigpt4_7b,train,raw_attention,BOS,1,7420,2,0.01895695603917029,0.020306333899497986,0.01625482738018036,0.021842151880264282
minigpt4_7b,train,raw_attention,BOS,1,7420,3,0.05391547162828821,0.055055975914001465,0.04886507987976074,0.058284759521484375
minigpt4_7b,train,raw_attention,BOS,1,7420,4,0.7014647090531424,0.7051773071289062,0.6866226196289062,0.71807861328125
minigpt4_7b,train,raw_attention,BOS,1,7420,5,0.7483807597198897,0.7500114440917969,0.7294025421142578,0.77099609375
minigpt4_7b,train,raw_attention,BOS,1,7420,6,0.7635984752698729,0.7658405303955078,0.7514629364013672,0.7781391143798828
minigpt4_7b,train,raw_attention,BOS,1,7420,7,0.7067897758072599,0.7087993621826172,0.6875309944152832,0.7252750396728516
minigpt4_7b,train,raw_attention,BOS,1,7420,8,0.7113616654333078,0.7111873626708984,0.6918354034423828,0.7318840026855469
minigpt4_7b,train,raw_attention,BOS,1,7420,9,0.6439769665828612,0.6435871124267578,0.6249597072601318,0.6629722118377686
minigpt4_7b,train,raw_attention,BOS,1,7420,10,0.5790816240836025,0.5727949142456055,0.540377140045166,0.6106062531471252
minigpt4_7b,train,raw_attention,BOS,1,7420,11,0.5632891975483805,0.5621411800384521,0.5256003737449646,0.5952333211898804
minigpt4_7b,train,raw_attention,BOS,1,7420,12,0.5379037018453657,0.5341711044311523,0.5090614557266235,0.5628039836883545
minigpt4_7b,train,raw_attention,BOS,1,7420,13,0.5039236424144388,0.49329209327697754,0.4697476625442505,0.5325953960418701
minigpt4_7b,train,raw_attention,BOS,1,7420,14,0.5416022875880938,0.5411882400512695,0.4904754161834717,0.5887899398803711
minigpt4_7b,train,raw_attention,BOS,1,7420,15,0.5831390724068061,0.579289436340332,0.5490660667419434,0.6149482727050781
minigpt4_7b,train,raw_attention,BOS,1,7420,16,0.4785319465310426,0.4684354066848755,0.43391960859298706,0.5127718448638916
minigpt4_7b,train,raw_attention,BOS,1,7420,17,0.5588151397570125,0.5524129867553711,0.5234599113464355,0.5883505344390869
minigpt4_7b,train,raw_attention,BOS,1,7420,18,0.5892224203463835,0.5848109722137451,0.5567764639854431,0.6172394752502441
minigpt4_7b,train,raw_attention,BOS,1,7420,19,0.6336917133665471,0.6376864910125732,0.594619870185852,0.6766244173049927
minigpt4_7b,train,raw_attention,BOS,1,7420,20,0.5611278185224277,0.5538269281387329,0.5137172341346741,0.600661039352417
minigpt4_7b,train,raw_attention,BOS,1,7420,21,0.6403505826333784,0.6396465301513672,0.6086499691009521,0.6682639122009277
minigpt4_7b,train,raw_attention,BOS,1,7420,22,0.6644360167077288,0.6618423461914062,0.6098697185516357,0.7136623859405518
minigpt4_7b,train,raw_attention,BOS,1,7420,23,0.8184888951219317,0.8180904388427734,0.7968664169311523,0.8402633666992188
minigpt4_7b,train,raw_attention,BOS,1,7420,24,0.6323860367273063,0.6284561157226562,0.582389235496521,0.6760983467102051
minigpt4_7b,train,raw_attention,BOS,1,7420,25,0.7585060607551565,0.7591196298599243,0.7161097526550293,0.8003311157226562
minigpt4_7b,train,raw_attention,BOS,1,7420,26,0.8070347929980877,0.8081088066101074,0.7891845703125,0.8263893127441406
minigpt4_7b,train,raw_attention,BOS,1,7420,27,0.8313911901651367,0.8310232162475586,0.8136496543884277,0.8498473167419434
minigpt4_7b,train,raw_attention,BOS,1,7420,28,0.8581286047587818,0.8597002029418945,0.8431692123413086,0.8756828308105469
minigpt4_7b,train,raw_attention,BOS,1,7420,29,0.7570568495040956,0.7562563419342041,0.7239360809326172,0.7862355709075928
minigpt4_7b,train,raw_attention,BOS,1,7420,30,0.7731620184896448,0.7725124359130859,0.7526226043701172,0.7939624786376953
minigpt4_7b,train,raw_attention,BOS,1,7420,31,0.7461734153029089,0.7504773139953613,0.7285680770874023,0.7685902118682861
minigpt4_7b,train,raw_attention,BOS,1,7420,32,0.2612185786696618,0.26087117195129395,0.23183319717645645,0.2919473722577095
minigpt4_7b,train,raw_attention,visual,0,1308,1,0.11781224979953527,0.10933727398514748,0.08870824612677097,0.14047904685139656
minigpt4_7b,train,raw_attention,visual,0,1308,2,0.1914350506920789,0.18674695491790771,0.16775955259799957,0.21149596944451332
minigpt4_7b,train,raw_attention,visual,0,1308,3,0.1661814409920473,0.1603211835026741,0.14469368755817413,0.1862834021449089
minigpt4_7b,train,raw_attention,visual,0,1308,4,0.16688133724922433,0.16775382310152054,0.15508608892560005,0.18021677434444427
minigpt4_7b,train,raw_attention,visual,0,1308,5,0.10073850213034528,0.09935152530670166,0.08904091268777847,0.11129812896251678
minigpt4_7b,train,raw_attention,visual,0,1308,6,0.11799570009545267,0.11641119047999382,0.10365927033126354,0.12944195047020912
minigpt4_7b,train,raw_attention,visual,0,1308,7,0.11876043409895186,0.11457451060414314,0.0982973575592041,0.13334594666957855
minigpt4_7b,train,raw_attention,visual,0,1308,8,0.10047408122432615,0.09683770686388016,0.08309257961809635,0.11490434408187866
minigpt4_7b,train,raw_attention,visual,0,1308,9,0.1054913256380035,0.09728742018342018,0.07973197288811207,0.12211047485470772
minigpt4_7b,train,raw_attention,visual,0,1308,10,0.15161054061344093,0.1386353224515915,0.10708289965987206,0.18054090812802315
minigpt4_7b,train,raw_attention,visual,0,1308,11,0.13745266599124953,0.12616147100925446,0.0996916014701128,0.1607992947101593
minigpt4_7b,train,raw_attention,visual,0,1308,12,0.10899713732706616,0.10029250383377075,0.07949180155992508,0.13019226863980293
minigpt4_7b,train,raw_attention,visual,0,1308,13,0.1904055379154531,0.1819479987025261,0.13175064697861671,0.24070966988801956
minigpt4_7b,train,raw_attention,visual,0,1308,14,0.17498460592024187,0.16388268768787384,0.12338951416313648,0.21997994929552078
minigpt4_7b,train,raw_attention,visual,0,1308,15,0.14636797931284531,0.13987432420253754,0.10811561346054077,0.17998268827795982
minigpt4_7b,train,raw_attention,visual,0,1308,16,0.20029459929162072,0.18821876496076584,0.12484837882220745,0.26404811441898346
minigpt4_7b,train,raw_attention,visual,0,1308,17,0.1575532595310873,0.15118342638015747,0.11976785399019718,0.1867688037455082
minigpt4_7b,train,raw_attention,visual,0,1308,18,0.16194401186426663,0.15358853340148926,0.11277669854462147,0.20168181136250496
minigpt4_7b,train,raw_attention,visual,0,1308,19,0.15489191165199612,0.14439675956964493,0.10011045821011066,0.2024826481938362
minigpt4_7b,train,raw_attention,visual,0,1308,20,0.19523960889661712,0.1859060600399971,0.1316300705075264,0.25123415887355804
minigpt4_7b,train,raw_attention,visual,0,1308,21,0.12801388138193148,0.1210084967315197,0.09308565221726894,0.15619563311338425
minigpt4_7b,train,raw_attention,visual,0,1308,22,0.14229898723497394,0.1308157816529274,0.09602175652980804,0.17704809829592705
minigpt4_7b,train,raw_attention,visual,0,1308,23,0.08263813679473936,0.0793074518442154,0.06609431095421314,0.09503478370606899
minigpt4_7b,train,raw_attention,visual,0,1308,24,0.17663120066843904,0.16861960291862488,0.12375164218246937,0.2203119993209839
minigpt4_7b,train,raw_attention,visual,0,1308,25,0.10905520402077323,0.0994146540760994,0.07317665591835976,0.13691885769367218
minigpt4_7b,train,raw_attention,visual,0,1308,26,0.06256835588000555,0.06040795519948006,0.047684842720627785,0.07430977933108807
minigpt4_7b,train,raw_attention,visual,0,1308,27,0.060916157736975576,0.05947889946401119,0.047800421714782715,0.0716144721955061
minigpt4_7b,train,raw_attention,visual,0,1308,28,0.06548045579463653,0.06327052786946297,0.05496988818049431,0.07401913031935692
minigpt4_7b,train,raw_attention,visual,0,1308,29,0.1052736258561458,0.10115804895758629,0.0819382406771183,0.12441673502326012
minigpt4_7b,train,raw_attention,visual,0,1308,30,0.07943721003659548,0.07689649611711502,0.0661535244435072,0.08942740224301815
minigpt4_7b,train,raw_attention,visual,0,1308,31,0.09929279631020826,0.09722856059670448,0.0845561996102333,0.11194828152656555
minigpt4_7b,train,raw_attention,visual,0,1308,32,0.3772821339923854,0.37265631556510925,0.3344093933701515,0.41704533249139786
minigpt4_7b,train,raw_attention,visual,1,7420,1,0.17384510759033284,0.18273872882127762,0.14219462126493454,0.20776356756687164
minigpt4_7b,train,raw_attention,visual,1,7420,2,0.2358626462760158,0.2447245717048645,0.21142373234033585,0.26392892748117447
minigpt4_7b,train,raw_attention,visual,1,7420,3,0.20563536434763205,0.21446486562490463,0.18474788591265678,0.23039234057068825
minigpt4_7b,train,raw_attention,visual,1,7420,4,0.18301774428660336,0.18469464033842087,0.17311233282089233,0.19418980181217194
minigpt4_7b,train,raw_attention,visual,1,7420,5,0.11660965478293739,0.11423224955797195,0.10497375577688217,0.1268647089600563
minigpt4_7b,train,raw_attention,visual,1,7420,6,0.14218380473242856,0.14196091890335083,0.12262246757745743,0.16136107593774796
minigpt4_7b,train,raw_attention,visual,1,7420,7,0.16303862869849986,0.16784390062093735,0.13132335990667343,0.19127235561609268
minigpt4_7b,train,raw_attention,visual,1,7420,8,0.1348803886762165,0.1360069215297699,0.11093959212303162,0.15709994733333588
minigpt4_7b,train,raw_attention,visual,1,7420,9,0.1543171154771934,0.15845894813537598,0.11710157617926598,0.1853458136320114
minigpt4_7b,train,raw_attention,visual,1,7420,10,0.2353078131626719,0.25669077038764954,0.17275912314653397,0.29166752099990845
minigpt4_7b,train,raw_attention,visual,1,7420,11,0.2281457636816643,0.24147142469882965,0.166631817817688,0.2952641025185585
minigpt4_7b,train,raw_attention,visual,1,7420,12,0.18363293341217898,0.18183784186840057,0.13119352981448174,0.24111494421958923
minigpt4_7b,train,raw_attention,visual,1,7420,13,0.2897867684262601,0.30118389427661896,0.24219193682074547,0.35496318340301514
minigpt4_7b,train,raw_attention,visual,1,7420,14,0.283091840618905,0.2862374484539032,0.22664323449134827,0.3444776013493538
minigpt4_7b,train,raw_attention,visual,1,7420,15,0.22294008898676806,0.22197794169187546,0.1773075871169567,0.2708205282688141
minigpt4_7b,train,raw_attention,visual,1,7420,16,0.3227397631050522,0.33714503049850464,0.2639658823609352,0.3919132575392723
minigpt4_7b,train,raw_attention,visual,1,7420,17,0.23111518744801013,0.22882091999053955,0.1788836196064949,0.2859371528029442
minigpt4_7b,train,raw_attention,visual,1,7420,18,0.24888295779090044,0.2588653862476349,0.20285733044147491,0.302135668694973
minigpt4_7b,train,raw_attention,visual,1,7420,19,0.24602506188399628,0.2539120465517044,0.19717422127723694,0.29853229969739914
minigpt4_7b,train,raw_attention,visual,1,7420,20,0.29086077584812264,0.3050171732902527,0.24157026410102844,0.3504100814461708
minigpt4_7b,train,raw_attention,visual,1,7420,21,0.18650007486102393,0.18886123597621918,0.14419928938150406,0.22748801112174988
minigpt4_7b,train,raw_attention,visual,1,7420,22,0.2262954060623367,0.22768623381853104,0.16643622145056725,0.2847822308540344
minigpt4_7b,train,raw_attention,visual,1,7420,23,0.10673244798209548,0.10548962280154228,0.08677319437265396,0.1252531297504902
minigpt4_7b,train,raw_attention,visual,1,7420,24,0.2606963001984872,0.26514869928359985,0.21012632176280022,0.31602657586336136
minigpt4_7b,train,raw_attention,visual,1,7420,25,0.17317854444925596,0.171868696808815,0.12910233810544014,0.21840661019086838
minigpt4_7b,train,raw_attention,visual,1,7420,26,0.08893991014581284,0.08816853538155556,0.07178348489105701,0.10703270323574543
minigpt4_7b,train,raw_attention,visual,1,7420,27,0.08361270737073653,0.08293762430548668,0.06765991076827049,0.0985858328640461
minigpt4_7b,train,raw_attention,visual,1,7420,28,0.08247636840440273,0.08134208619594574,0.06808891333639622,0.0952873807400465
minigpt4_7b,train,raw_attention,visual,1,7420,29,0.14527801707979401,0.1460322067141533,0.1166146770119667,0.1740380972623825
minigpt4_7b,train,raw_attention,visual,1,7420,30,0.1034935464088446,0.10173442959785461,0.08668197505176067,0.11897093802690506
minigpt4_7b,train,raw_attention,visual,1,7420,31,0.11492691031152588,0.11407686024904251,0.10041829757392406,0.1281961239874363
minigpt4_7b,train,raw_attention,visual,1,7420,32,0.44715728044831204,0.44899024069309235,0.4011514410376549,0.49394824355840683
minigpt4_7b,train,raw_attention,prompt,0,1308,1,0.28463565127565227,0.2531254142522812,0.1991063915193081,0.34829816222190857
minigpt4_7b,train,raw_attention,prompt,0,1308,2,0.2841663889883126,0.26998870074748993,0.21939736977219582,0.33496566116809845
minigpt4_7b,train,raw_attention,prompt,0,1308,3,0.31870072252980064,0.30612654983997345,0.26609954982995987,0.3605910614132881
minigpt4_7b,train,raw_attention,prompt,0,1308,4,0.01524881884848716,0.014652765356004238,0.012309346813708544,0.017437384463846684
minigpt4_7b,train,raw_attention,prompt,0,1308,5,0.0111537182344756,0.010450526140630245,0.008337767329066992,0.013268212787806988
minigpt4_7b,train,raw_attention,prompt,0,1308,6,0.013573347636433005,0.012721195816993713,0.010381801053881645,0.015754600521177053
minigpt4_7b,train,raw_attention,prompt,0,1308,7,0.013399960893271804,0.012413369491696358,0.009903910104185343,0.015866981353610754
minigpt4_7b,train,raw_attention,prompt,0,1308,8,0.01836319217481152,0.017063258215785027,0.013289345894008875,0.021628471091389656
minigpt4_7b,train,raw_attention,prompt,0,1308,9,0.021968700940114095,0.020180619321763515,0.015854282770305872,0.025706284679472446
minigpt4_7b,train,raw_attention,prompt,0,1308,10,0.022772155045631372,0.019001837819814682,0.014745827298611403,0.02592751430347562
minigpt4_7b,train,raw_attention,prompt,0,1308,11,0.025862662590162927,0.022860920056700706,0.01728670857846737,0.03091825172305107
minigpt4_7b,train,raw_attention,prompt,0,1308,12,0.02804700562741824,0.0250992588698864,0.018756947945803404,0.033559584990143776
minigpt4_7b,train,raw_attention,prompt,0,1308,13,0.032874957179872814,0.02954927273094654,0.020934291183948517,0.04093731753528118
minigpt4_7b,train,raw_attention,prompt,0,1308,14,0.025204762984465934,0.02211177535355091,0.01712581655010581,0.030776137951761484
minigpt4_7b,train,raw_attention,prompt,0,1308,15,0.02243006889585873,0.020106644369661808,0.01571896206587553,0.026504958514124155
minigpt4_7b,train,raw_attention,prompt,0,1308,16,0.019372043231166102,0.017209341749548912,0.012662951368838549,0.023797248490154743
minigpt4_7b,train,raw_attention,prompt,0,1308,17,0.022502249760399443,0.02049209550023079,0.01631657825782895,0.026391108520329
minigpt4_7b,train,raw_attention,prompt,0,1308,18,0.01906403708513769,0.0167482765391469,0.013258641585707664,0.02203882671892643
minigpt4_7b,train,raw_attention,prompt,0,1308,19,0.01794097631377957,0.016158527694642544,0.012551865540444851,0.02104194276034832
minigpt4_7b,train,raw_attention,prompt,0,1308,20,0.01659790702756574,0.014527667313814163,0.011362170334905386,0.019517261069267988
minigpt4_7b,train,raw_attention,prompt,0,1308,21,0.014949593708682407,0.013580490835011005,0.011147032491862774,0.017014252487570047
minigpt4_7b,train,raw_attention,prompt,0,1308,22,0.013815459540392918,0.01242162100970745,0.009879565797746181,0.01575777493417263
minigpt4_7b,train,raw_attention,prompt,0,1308,23,0.015970833610959738,0.015433934517204762,0.012669821735471487,0.018301193602383137
minigpt4_7b,train,raw_attention,prompt,0,1308,24,0.020127638814179085,0.018908895552158356,0.015427895821630955,0.023007788695394993
minigpt4_7b,train,raw_attention,prompt,0,1308,25,0.01158900941445831,0.010715327225625515,0.008839027024805546,0.01339181512594223
minigpt4_7b,train,raw_attention,prompt,0,1308,26,0.0118187632118366,0.011074518784880638,0.009059316478669643,0.013870714232325554
minigpt4_7b,train,raw_attention,prompt,0,1308,27,0.010335367984659628,0.009789574891328812,0.00800967775285244,0.012066067662090063
minigpt4_7b,train,raw_attention,prompt,0,1308,28,0.012980038805691018,0.012416369281709194,0.0100251454859972,0.01511343801394105
minigpt4_7b,train,raw_attention,prompt,0,1308,29,0.019944192575353455,0.01897740364074707,0.015689466148614883,0.02317202929407358
minigpt4_7b,train,raw_attention,prompt,0,1308,30,0.01624269999808629,0.014534538611769676,0.011998853646218777,0.018462305888533592
minigpt4_7b,train,raw_attention,prompt,0,1308,31,0.018721998195001564,0.018118602223694324,0.01593909692019224,0.020858677104115486
minigpt4_7b,train,raw_attention,prompt,0,1308,32,0.06200641786269502,0.06006632745265961,0.051249909214675426,0.0700340811163187
minigpt4_7b,train,raw_attention,prompt,1,7420,1,0.4645396859980015,0.5033626556396484,0.3564661592245102,0.5859802961349487
minigpt4_7b,train,raw_attention,prompt,1,7420,2,0.40561262509532053,0.43131738901138306,0.3358898237347603,0.4914780557155609
minigpt4_7b,train,raw_attention,prompt,1,7420,3,0.41267823684568994,0.4344860017299652,0.3567306324839592,0.47959819436073303
minigpt4_7b,train,raw_attention,prompt,1,7420,4,0.021907939160157326,0.020693277940154076,0.017015626188367605,0.028526698239147663
minigpt4_7b,train,raw_attention,prompt,1,7420,5,0.017224755646746276,0.016708094626665115,0.012818180490285158,0.02239218633621931
minigpt4_7b,train,raw_attention,prompt,1,7420,6,0.02050552272019441,0.0183047903701663,0.013844524510204792,0.02595065301284194
minigpt4_7b,train,raw_attention,prompt,1,7420,7,0.02190559004631767,0.019831478595733643,0.014218136202543974,0.0274485656991601
minigpt4_7b,train,raw_attention,prompt,1,7420,8,0.031969388831416874,0.0273295845836401,0.02029584487900138,0.041457729414105415
minigpt4_7b,train,raw_attention,prompt,1,7420,9,0.037483966850105806,0.03327552601695061,0.023799700662493706,0.04762341361492872
minigpt4_7b,train,raw_attention,prompt,1,7420,10,0.050847995144407944,0.03919936716556549,0.025448661763221025,0.06404134444892406
minigpt4_7b,train,raw_attention,prompt,1,7420,11,0.048449489266945506,0.04120432399213314,0.028931203298270702,0.05929229035973549
minigpt4_7b,train,raw_attention,prompt,1,7420,12,0.05052548200845959,0.0457436703145504,0.03301351983100176,0.06760429590940475
minigpt4_7b,train,raw_attention,prompt,1,7420,13,0.05168566829060528,0.04466818831861019,0.03373338747769594,0.07030264101922512
minigpt4_7b,train,raw_attention,prompt,1,7420,14,0.04424892929746616,0.03906596079468727,0.02634643390774727,0.05725429579615593
minigpt4_7b,train,raw_attention,prompt,1,7420,15,0.03502979136355763,0.030722775496542454,0.022341649513691664,0.04699746519327164
minigpt4_7b,train,raw_attention,prompt,1,7420,16,0.03272930823512516,0.028915464878082275,0.020139276515692472,0.04230370931327343
minigpt4_7b,train,raw_attention,prompt,1,7420,17,0.037312522019206915,0.03469296172261238,0.025421477388590574,0.049134320579469204
minigpt4_7b,train,raw_attention,prompt,1,7420,18,0.034515884043422915,0.029138775542378426,0.019805643241852522,0.047854081727564335
minigpt4_7b,train,raw_attention,prompt,1,7420,19,0.029863939438808478,0.024781142361462116,0.01749145472422242,0.03677629865705967
minigpt4_7b,train,raw_attention,prompt,1,7420,20,0.029906386688020273,0.024734324775636196,0.017582050058990717,0.03892249707132578
minigpt4_7b,train,raw_attention,prompt,1,7420,21,0.02776585793715081,0.023762628436088562,0.016870951279997826,0.03710370697081089
minigpt4_7b,train,raw_attention,prompt,1,7420,22,0.024464337345754924,0.01991245523095131,0.01391941262409091,0.032523331232368946
minigpt4_7b,train,raw_attention,prompt,1,7420,23,0.022129860082063874,0.020708383060991764,0.01608022442087531,0.028116906993091106
minigpt4_7b,train,raw_attention,prompt,1,7420,24,0.03227634615091622,0.028583494015038013,0.021722950972616673,0.04173782281577587
minigpt4_7b,train,raw_attention,prompt,1,7420,25,0.019685770323715924,0.016893316991627216,0.011971080210059881,0.026175579987466335
minigpt4_7b,train,raw_attention,prompt,1,7420,26,0.018670152395592145,0.01758297998458147,0.013198882341384888,0.023368552792817354
minigpt4_7b,train,raw_attention,prompt,1,7420,27,0.016599601701484376,0.015226352028548717,0.011341495905071497,0.021692908834666014
minigpt4_7b,train,raw_attention,prompt,1,7420,28,0.019006360104342677,0.018901973962783813,0.014827140141278505,0.022779300343245268
minigpt4_7b,train,raw_attention,prompt,1,7420,29,0.03010225253822307,0.02749585174024105,0.020916597452014685,0.03791287913918495
minigpt4_7b,train,raw_attention,prompt,1,7420,30,0.029050251519724204,0.02779305074363947,0.01945064915344119,0.038664727471768856
minigpt4_7b,train,raw_attention,prompt,1,7420,31,0.024263294332603,0.02305660769343376,0.019315225537866354,0.028734697960317135
minigpt4_7b,train,raw_attention,prompt,1,7420,32,0.09018262623435243,0.08909616619348526,0.07184415496885777,0.10817489586770535
minigpt4_7b,train,raw_attention,generated_text,0,1308,1,0.5868102998475598,0.6290978491306305,0.4975237101316452,0.7013278305530548
minigpt4_7b,train,raw_attention,generated_text,0,1308,2,0.5105144356687864,0.5288799703121185,0.4393124580383301,0.6015050113201141
minigpt4_7b,train,raw_attention,generated_text,0,1308,3,0.4690247796567026,0.48955748975276947,0.40464121848344803,0.5457251667976379
minigpt4_7b,train,raw_attention,generated_text,0,1308,4,0.1105348056136696,0.10882851481437683,0.09772640466690063,0.12178947031497955
minigpt4_7b,train,raw_attention,generated_text,0,1308,5,0.14188746511024802,0.14369317144155502,0.12128851749002934,0.16113518923521042
minigpt4_7b,train,raw_attention,generated_text,0,1308,6,0.10563443024110174,0.10626035183668137,0.08940810523927212,0.1219912488013506
minigpt4_7b,train,raw_attention,generated_text,0,1308,7,0.16050004211200306,0.16098271310329437,0.1301613226532936,0.19070927053689957
minigpt4_7b,train,raw_attention,generated_text,0,1308,8,0.16279303726515182,0.16254200786352158,0.1321062408387661,0.18991225212812424
minigpt4_7b,train,raw_attention,generated_text,0,1308,9,0.22545009975062416,0.228279210627079,0.19848032295703888,0.25451307743787766
minigpt4_7b,train,raw_attention,generated_text,0,1308,10,0.20425773665753252,0.20681695640087128,0.17717760801315308,0.23604372888803482
minigpt4_7b,train,raw_attention,generated_text,0,1308,11,0.24095468129108258,0.24630337953567505,0.20294125750660896,0.28419359028339386
minigpt4_7b,train,raw_attention,generated_text,0,1308,12,0.31601877840925063,0.3199741989374161,0.2781757637858391,0.3585079237818718
minigpt4_7b,train,raw_attention,generated_text,0,1308,13,0.26156150251171273,0.27164754271507263,0.22131458669900894,0.3116942271590233
minigpt4_7b,train,raw_attention,generated_text,0,1308,14,0.1875767404504052,0.18787357956171036,0.1423557922244072,0.22723083943128586
minigpt4_7b,train,raw_attention,generated_text,0,1308,15,0.2491030293696244,0.254554346203804,0.20681358501315117,0.2966042682528496
minigpt4_7b,train,raw_attention,generated_text,0,1308,16,0.24333063393990745,0.24751564115285873,0.20772486925125122,0.28215838968753815
minigpt4_7b,train,raw_attention,generated_text,0,1308,17,0.24402773419583063,0.24574781954288483,0.21116193383932114,0.27911506593227386
minigpt4_7b,train,raw_attention,generated_text,0,1308,18,0.20139171968894906,0.2068379670381546,0.1685345396399498,0.23522445559501648
minigpt4_7b,train,raw_attention,generated_text,0,1308,19,0.12644920911389299,0.1259269416332245,0.10107393749058247,0.14808950945734978
minigpt4_7b,train,raw_attention,generated_text,0,1308,20,0.16441673977408752,0.16271564364433289,0.1370174065232277,0.1884249933063984
minigpt4_7b,train,raw_attention,generated_text,0,1308,21,0.18296170759866362,0.18321150541305542,0.16090167313814163,0.20689376816153526
minigpt4_7b,train,raw_attention,generated_text,0,1308,22,0.10995636231889692,0.107832420617342,0.0866019893437624,0.13187535852193832
minigpt4_7b,train,raw_attention,generated_text,0,1308,23,0.07263214920792695,0.0693976953625679,0.056359490379691124,0.08428994007408619
minigpt4_7b,train,raw_attention,generated_text,0,1308,24,0.11002340301193457,0.10587503015995026,0.08169848099350929,0.13634373992681503
minigpt4_7b,train,raw_attention,generated_text,0,1308,25,0.07542683522356532,0.07315101847052574,0.05120551399886608,0.09555198438465595
minigpt4_7b,train,raw_attention,generated_text,0,1308,26,0.11660367466611873,0.11328773200511932,0.09215465560555458,0.14018315821886063
minigpt4_7b,train,raw_attention,generated_text,0,1308,27,0.09102976731158542,0.08906730264425278,0.07269107364118099,0.10691073723137379
minigpt4_7b,train,raw_attention,generated_text,0,1308,28,0.0581970086893699,0.054470594972372055,0.039787109941244125,0.07145167142152786
minigpt4_7b,train,raw_attention,generated_text,0,1308,29,0.08989238029556627,0.08924272656440735,0.0722823366522789,0.10584430955350399
minigpt4_7b,train,raw_attention,generated_text,0,1308,30,0.1299130588112006,0.12923913449048996,0.10401206463575363,0.1562095656991005
minigpt4_7b,train,raw_attention,generated_text,0,1308,31,0.16325129168136587,0.16321691125631332,0.13387228548526764,0.19244696199893951
minigpt4_7b,train,raw_attention,generated_text,0,1308,32,0.3202403157903878,0.3142073005437851,0.25330497324466705,0.36961139738559723
minigpt4_7b,train,raw_attention,generated_text,1,7420,1,0.3463919778537718,0.29236312210559845,0.16634078696370125,0.48765673488378525
minigpt4_7b,train,raw_attention,generated_text,1,7420,2,0.3395678727091805,0.3018643409013748,0.21421801298856735,0.4361913651227951
minigpt4_7b,train,raw_attention,generated_text,1,7420,3,0.32777098693917545,0.29448240995407104,0.22956936061382294,0.409162275493145
minigpt4_7b,train,raw_attention,generated_text,1,7420,4,0.09360963788255044,0.09184644371271133,0.07634983211755753,0.10900205932557583
minigpt4_7b,train,raw_attention,generated_text,1,7420,5,0.11778457573994071,0.1156127043068409,0.09066110290586948,0.1405802108347416
minigpt4_7b,train,raw_attention,generated_text,1,7420,6,0.0737124593479112,0.07270276546478271,0.04450887255370617,0.09398392215371132
minigpt4_7b,train,raw_attention,generated_text,1,7420,7,0.10826648431114672,0.10063837096095085,0.06607400067150593,0.14045783504843712
minigpt4_7b,train,raw_attention,generated_text,1,7420,8,0.12178810056740784,0.11499976366758347,0.08884932659566402,0.1454402580857277
minigpt4_7b,train,raw_attention,generated_text,1,7420,9,0.16422207588455426,0.1552160158753395,0.1228511743247509,0.19731419906020164
minigpt4_7b,train,raw_attention,generated_text,1,7420,10,0.13476266266471854,0.1310403198003769,0.07178069092333317,0.18461161479353905
minigpt4_7b,train,raw_attention,generated_text,1,7420,11,0.1601152627103814,0.14925998449325562,0.09347758442163467,0.21284662187099457
minigpt4_7b,train,raw_attention,generated_text,1,7420,12,0.2279381136357222,0.22427697479724884,0.1550757847726345,0.28557516634464264
minigpt4_7b,train,raw_attention,generated_text,1,7420,13,0.15460346977143596,0.1343209519982338,0.0711413100361824,0.22023510560393333
minigpt4_7b,train,raw_attention,generated_text,1,7420,14,0.1310570123447281,0.10999415069818497,0.08682777173817158,0.15936414152383804
minigpt4_7b,train,raw_attention,generated_text,1,7420,15,0.15889101174542042,0.13903234153985977,0.0863904096186161,0.219816155731678
minigpt4_7b,train,raw_attention,generated_text,1,7420,16,0.16599905060508824,0.14339178800582886,0.10423757694661617,0.21797975897789001
minigpt4_7b,train,raw_attention,generated_text,1,7420,17,0.17275745449361776,0.1690746620297432,0.11126796156167984,0.2226674221456051
minigpt4_7b,train,raw_attention,generated_text,1,7420,18,0.12737886638423263,0.11210674047470093,0.0717066340148449,0.17620908468961716
minigpt4_7b,train,raw_attention,generated_text,1,7420,19,0.09041949219780791,0.07488399371504784,0.05776962172240019,0.11055970191955566
minigpt4_7b,train,raw_attention,generated_text,1,7420,20,0.11810509784152164,0.10552690178155899,0.0868512075394392,0.14281278476119041
minigpt4_7b,train,raw_attention,generated_text,1,7420,21,0.1453840063006248,0.1388024389743805,0.11519630998373032,0.17217804491519928
minigpt4_7b,train,raw_attention,generated_text,1,7420,22,0.08480378063621546,0.07378977537155151,0.05993586126714945,0.09895195811986923
minigpt4_7b,train,raw_attention,generated_text,1,7420,23,0.052648663051888304,0.04655010253190994,0.03514140751212835,0.06425186432898045
minigpt4_7b,train,raw_attention,generated_text,1,7420,24,0.07464152177986551,0.062114814296364784,0.04567026812583208,0.09269019588828087
minigpt4_7b,train,raw_attention,generated_text,1,7420,25,0.048629445799769494,0.038085274398326874,0.02718717511743307,0.06335135363042355
minigpt4_7b,train,raw_attention,generated_text,1,7420,26,0.08535480617327149,0.07960104942321777,0.06093667633831501,0.10393645986914635
minigpt4_7b,train,raw_attention,generated_text,1,7420,27,0.0683960019997409,0.06225517392158508,0.05056392587721348,0.08262613229453564
minigpt4_7b,train,raw_attention,generated_text,1,7420,28,0.04038851546108562,0.035171136260032654,0.025012240279465914,0.050274619832634926
minigpt4_7b,train,raw_attention,generated_text,1,7420,29,0.0675626293766109,0.06282196938991547,0.05030082631856203,0.08062021993100643
minigpt4_7b,train,raw_attention,generated_text,1,7420,30,0.0942939331514053,0.0868740901350975,0.07249600812792778,0.11123783141374588
minigpt4_7b,train,raw_attention,generated_text,1,7420,31,0.11463601150903902,0.105046346783638,0.08476429618895054,0.13720518723130226
minigpt4_7b,train,raw_attention,generated_text,1,7420,32,0.20144127236423146,0.17059719562530518,0.13297543674707413,0.25068993866443634
minigpt4_7b,train,attention_x_gate,BOS,0,1308,1,0.005096268995532578,0.004699987825006247,0.003284391073975712,0.006750909029506147
minigpt4_7b,train,attention_x_gate,BOS,0,1308,2,0.009040591086149654,0.009210734628140926,0.006105243694037199,0.012334651546552777
minigpt4_7b,train,attention_x_gate,BOS,0,1308,3,0.025622962471949267,0.026282213628292084,0.009142834693193436,0.03959942515939474
minigpt4_7b,train,attention_x_gate,BOS,0,1308,4,0.4964765005718557,0.6947250366210938,1.1654859743970292e-08,0.7189388275146484
minigpt4_7b,train,attention_x_gate,BOS,0,1308,5,0.524457207325492,0.7325625717639923,2.373590405113646e-06,0.7563896030187607
minigpt4_7b,train,attention_x_gate,BOS,0,1308,6,0.5345321616202979,0.7485542297363281,0.00010174634735449217,0.770772710442543
minigpt4_7b,train,attention_x_gate,BOS,0,1308,7,0.4960693965547274,0.6887855529785156,0.0003239104407839477,0.7189538329839706
minigpt4_7b,train,attention_x_gate,BOS,0,1308,8,0.5018805120374108,0.6968955993652344,0.0008137759868986905,0.7271127700805664
minigpt4_7b,train,attention_x_gate,BOS,0,1308,9,0.4492420653644085,0.6235754787921906,0.0014010937011335045,0.6540512293577194
minigpt4_7b,train,attention_x_gate,BOS,0,1308,10,0.4306814722362967,0.5814113616943359,0.003039485716726631,0.6317114233970642
minigpt4_7b,train,attention_x_gate,BOS,0,1308,11,0.4104215208285248,0.5579604506492615,0.004354142001830041,0.6001719236373901
minigpt4_7b,train,attention_x_gate,BOS,0,1308,12,0.37720111947987994,0.505830854177475,0.005650861421599984,0.5551423579454422
minigpt4_7b,train,attention_x_gate,BOS,0,1308,13,0.3545511511282955,0.4636649191379547,0.008863622788339853,0.5209448933601379
minigpt4_7b,train,attention_x_gate,BOS,0,1308,14,0.41672353640801935,0.5433077812194824,0.015760699519887567,0.6283738017082214
minigpt4_7b,train,attention_x_gate,BOS,0,1308,15,0.3950427277397828,0.5182073414325714,0.019650683738291264,0.5897948145866394
minigpt4_7b,train,attention_x_gate,BOS,0,1308,16,0.36323220546854296,0.4681534171104431,0.027556471060961485,0.5564742684364319
minigpt4_7b,train,attention_x_gate,BOS,0,1308,17,0.38780511008185703,0.5228005647659302,0.04100882448256016,0.5829534530639648
minigpt4_7b,train,attention_x_gate,BOS,0,1308,18,0.4156866329373173,0.5602721273899078,0.06406015157699585,0.6268739104270935
minigpt4_7b,train,attention_x_gate,BOS,0,1308,19,0.46895089484433605,0.6380331814289093,0.09122046828269958,0.7169104516506195
minigpt4_7b,train,attention_x_gate,BOS,0,1308,20,0.41501018889014546,0.5396367311477661,0.096939317882061,0.6454210728406906
minigpt4_7b,train,attention_x_gate,BOS,0,1308,21,0.4458803625748541,0.6128988564014435,0.1355425976216793,0.6773895174264908
minigpt4_7b,train,attention_x_gate,BOS,0,1308,22,0.4788837013180472,0.6380098462104797,0.16482071951031685,0.7318113595247269
minigpt4_7b,train,attention_x_gate,BOS,0,1308,23,0.5403922455336586,0.7316347360610962,0.1916143000125885,0.8121175318956375
minigpt4_7b,train,attention_x_gate,BOS,0,1308,24,0.4508617741299305,0.5868152976036072,0.16028163582086563,0.6799897402524948
minigpt4_7b,train,attention_x_gate,BOS,0,1308,25,0.5180982324678206,0.6767652034759521,0.20911817252635956,0.7814954668283463
minigpt4_7b,train,attention_x_gate,BOS,0,1308,26,0.5151697227845234,0.6521635055541992,0.21368930861353874,0.788544774055481
minigpt4_7b,train,attention_x_gate,BOS,0,1308,27,0.5303533849261821,0.6675605773925781,0.220983374863863,0.8120729327201843
minigpt4_7b,train,attention_x_gate,BOS,0,1308,28,0.5432478799050352,0.6635531187057495,0.2370533049106598,0.8397179245948792
minigpt4_7b,train,attention_x_gate,BOS,0,1308,29,0.4940584918879413,0.5978685915470123,0.21698805689811707,0.7512338757514954
minigpt4_7b,train,attention_x_gate,BOS,0,1308,30,0.4782413247520783,0.5567363202571869,0.22406909987330437,0.7327410727739334
minigpt4_7b,train,attention_x_gate,BOS,0,1308,31,0.4418493910270293,0.4901869297027588,0.21852728724479675,0.6759202480316162
minigpt4_7b,train,attention_x_gate,BOS,0,1308,32,0.08076817337145875,0.07065670564770699,0.04126507416367531,0.10672655142843723
minigpt4_7b,train,attention_x_gate,BOS,1,7420,1,0.007831902825681497,0.00746550690382719,0.005503485328517854,0.010183518752455711
minigpt4_7b,train,attention_x_gate,BOS,1,7420,2,0.012700733052543859,0.013179798610508442,0.00809948518872261,0.01737301144748926
minigpt4_7b,train,attention_x_gate,BOS,1,7420,3,0.03297349493801363,0.03697008825838566,0.016022265423089266,0.048195467330515385
minigpt4_7b,train,attention_x_gate,BOS,1,7420,4,0.4438481077201816,0.6792526245117188,2.2241006814027742e-08,0.7096443176269531
minigpt4_7b,train,attention_x_gate,BOS,1,7420,5,0.473900977961125,0.723607063293457,2.9462968882398854e-06,0.7569656372070312
minigpt4_7b,train,attention_x_gate,BOS,1,7420,6,0.48505802230426615,0.7439181208610535,6.247565943340305e-05,0.76983642578125
minigpt4_7b,train,attention_x_gate,BOS,1,7420,7,0.4476997293894294,0.6779632568359375,0.00020414654136402532,0.7112655639648438
minigpt4_7b,train,attention_x_gate,BOS,1,7420,8,0.44980642298351964,0.6786455512046814,0.0006699623190797865,0.7129611968994141
minigpt4_7b,train,attention_x_gate,BOS,1,7420,9,0.4057379144864398,0.6079139709472656,0.0013622531841974705,0.6454437971115112
minigpt4_7b,train,attention_x_gate,BOS,1,7420,10,0.36512799063482176,0.5241518914699554,0.0026788058457896113,0.5791396647691727
minigpt4_7b,train,attention_x_gate,BOS,1,7420,11,0.3533759782247162,0.5048267841339111,0.003960434929467738,0.5643469095230103
minigpt4_7b,train,attention_x_gate,BOS,1,7420,12,0.3383777840782824,0.49029767513275146,0.005484057939611375,0.536377876996994
minigpt4_7b,train,attention_x_gate,BOS,1,7420,13,0.31637846686590715,0.44946350157260895,0.007531327195465565,0.4957629442214966
minigpt4_7b,train,attention_x_gate,BOS,1,7420,14,0.3392341926761636,0.44676752388477325,0.011770487297326326,0.5442831218242645
minigpt4_7b,train,attention_x_gate,BOS,1,7420,15,0.3661332131591642,0.5152137279510498,0.015032220864668489,0.582663431763649
minigpt4_7b,train,attention_x_gate,BOS,1,7420,16,0.3020801842201994,0.4083974212408066,0.01704826671630144,0.4770536422729492
minigpt4_7b,train,attention_x_gate,BOS,1,7420,17,0.35074983314533803,0.49711331725120544,0.03449369128793478,0.5558485090732574
minigpt4_7b,train,attention_x_gate,BOS,1,7420,18,0.3718527812128024,0.5278111398220062,0.05200821254402399,0.5875053703784943
minigpt4_7b,train,attention_x_gate,BOS,1,7420,19,0.399838253933428,0.5232956409454346,0.07286995276808739,0.6405687779188156
minigpt4_7b,train,attention_x_gate,BOS,1,7420,20,0.35343012167829346,0.4719401150941849,0.07995697483420372,0.5573930442333221
minigpt4_7b,train,attention_x_gate,BOS,1,7420,21,0.40347860032674376,0.5624093115329742,0.11977212131023407,0.6376361846923828
minigpt4_7b,train,attention_x_gate,BOS,1,7420,22,0.4119815247352709,0.531157523393631,0.1406014896929264,0.6512900292873383
minigpt4_7b,train,attention_x_gate,BOS,1,7420,23,0.5075404227264699,0.6799371838569641,0.1820923201739788,0.7993744015693665
minigpt4_7b,train,attention_x_gate,BOS,1,7420,24,0.3898000100496748,0.4965846687555313,0.14975909888744354,0.6082814633846283
minigpt4_7b,train,attention_x_gate,BOS,1,7420,25,0.46325486671246263,0.5849622488021851,0.19867204874753952,0.7308431416749954
minigpt4_7b,train,attention_x_gate,BOS,1,7420,26,0.48755219146051637,0.5987665057182312,0.20974409580230713,0.7735965400934219
minigpt4_7b,train,attention_x_gate,BOS,1,7420,27,0.4983907519501466,0.5933188796043396,0.2126065194606781,0.7979920506477356
minigpt4_7b,train,attention_x_gate,BOS,1,7420,28,0.5096892279037708,0.603422611951828,0.23406964540481567,0.8159592896699905
minigpt4_7b,train,attention_x_gate,BOS,1,7420,29,0.4494885336152283,0.5271347165107727,0.21370722353458405,0.7015030831098557
minigpt4_7b,train,attention_x_gate,BOS,1,7420,30,0.45238453218025493,0.5118829309940338,0.22509384900331497,0.713966891169548
minigpt4_7b,train,attention_x_gate,BOS,1,7420,31,0.43282917962773293,0.47811470925807953,0.22787830606102943,0.6669780611991882
minigpt4_7b,train,attention_x_gate,BOS,1,7420,32,0.08423420501047008,0.08009110018610954,0.04849467519670725,0.11150378361344337
minigpt4_7b,train,attention_x_gate,visual,0,1308,1,0.06584609326385303,0.06199442222714424,0.041212981566786766,0.08434769697487354
minigpt4_7b,train,attention_x_gate,visual,0,1308,2,0.10338982653416784,0.10510408133268356,0.07227911241352558,0.1319376789033413
minigpt4_7b,train,attention_x_gate,visual,0,1308,3,0.0858689686554037,0.08532391488552094,0.05664960015565157,0.10996969416737556
minigpt4_7b,train,attention_x_gate,visual,0,1308,4,0.07446559724669949,0.06450871005654335,0.043994586914777756,0.10670878738164902
minigpt4_7b,train,attention_x_gate,visual,0,1308,5,0.0471349570662387,0.04425337724387646,0.029534295666962862,0.0626935102045536
minigpt4_7b,train,attention_x_gate,visual,0,1308,6,0.056338148371712374,0.05398713797330856,0.03875751327723265,0.0715139638632536
minigpt4_7b,train,attention_x_gate,visual,0,1308,7,0.05996709043054702,0.055548617616295815,0.03938920795917511,0.07592727802693844
minigpt4_7b,train,attention_x_gate,visual,0,1308,8,0.048649522221351,0.04556569084525108,0.033154938369989395,0.06010130327194929
minigpt4_7b,train,attention_x_gate,visual,0,1308,9,0.05653032238363069,0.05151820182800293,0.03438130673021078,0.0694667138159275
minigpt4_7b,train,attention_x_gate,visual,0,1308,10,0.0853068537330853,0.07493314519524574,0.04735759738832712,0.11015036888420582
minigpt4_7b,train,attention_x_gate,visual,0,1308,11,0.0760939356964224,0.06675129011273384,0.04280400089919567,0.09966465085744858
minigpt4_7b,train,attention_x_gate,visual,0,1308,12,0.05614664949745862,0.049639638513326645,0.03381357528269291,0.07129205204546452
minigpt4_7b,train,attention_x_gate,visual,0,1308,13,0.11288427696413779,0.10494440048933029,0.05958718992769718,0.15582984685897827
minigpt4_7b,train,attention_x_gate,visual,0,1308,14,0.10454484944079435,0.09374146535992622,0.05573892220854759,0.14294294640421867
minigpt4_7b,train,attention_x_gate,visual,0,1308,15,0.08128270190365795,0.07560699433088303,0.049270606599748135,0.10795527324080467
minigpt4_7b,train,attention_x_gate,visual,0,1308,16,0.12639394585065977,0.11060723289847374,0.06038054544478655,0.17563315853476524
minigpt4_7b,train,attention_x_gate,visual,0,1308,17,0.08889411110074946,0.08309486880898476,0.057184839621186256,0.11442849785089493
minigpt4_7b,train,attention_x_gate,visual,0,1308,18,0.0971543446898073,0.0845625028014183,0.053733913227915764,0.13138798251748085
minigpt4_7b,train,attention_x_gate,visual,0,1308,19,0.09853412972411443,0.08448813483119011,0.05051337741315365,0.13403838500380516
minigpt4_7b,train,attention_x_gate,visual,0,1308,20,0.12524526221150767,0.10994534194469452,0.06631392613053322,0.17047202959656715
minigpt4_7b,train,attention_x_gate,visual,0,1308,21,0.0781212497804462,0.06949054077267647,0.046915099024772644,0.10331946797668934
minigpt4_7b,train,attention_x_gate,visual,0,1308,22,0.08861273682437017,0.07569289952516556,0.0485154464840889,0.11631582863628864
minigpt4_7b,train,attention_x_gate,visual,0,1308,23,0.04042121625522476,0.03725297190248966,0.027918478474020958,0.049381463788449764
minigpt4_7b,train,attention_x_gate,visual,0,1308,24,0.10639669814728064,0.0953238345682621,0.06336659379303455,0.13717810437083244
minigpt4_7b,train,attention_x_gate,visual,0,1308,25,0.06436864211614207,0.0537503007799387,0.03600642830133438,0.08346511796116829
minigpt4_7b,train,attention_x_gate,visual,0,1308,26,0.031055280308250555,0.028433965519070625,0.02078709565103054,0.03856188338249922
minigpt4_7b,train,attention_x_gate,visual,0,1308,27,0.02944552010339642,0.027115026488900185,0.020423321519047022,0.03610511124134064
minigpt4_7b,train,attention_x_gate,visual,0,1308,28,0.02895928655867821,0.027713939547538757,0.021387013141065836,0.03460702858865261
minigpt4_7b,train,attention_x_gate,visual,0,1308,29,0.05244657575417686,0.04786994308233261,0.03568371757864952,0.06364999897778034
minigpt4_7b,train,attention_x_gate,visual,0,1308,30,0.03701891755935841,0.03420216962695122,0.026441900059580803,0.04477699100971222
minigpt4_7b,train,attention_x_gate,visual,0,1308,31,0.04400275771958976,0.04270632192492485,0.034564169123768806,0.05223494116216898
minigpt4_7b,train,attention_x_gate,visual,0,1308,32,0.15709558892596387,0.15342944115400314,0.12222255766391754,0.18671439960598946
minigpt4_7b,train,attention_x_gate,visual,1,7420,1,0.09897112570206618,0.09784816950559616,0.0650690384209156,0.1321023590862751
minigpt4_7b,train,attention_x_gate,visual,1,7420,2,0.1302165810739235,0.13025176525115967,0.09088997915387154,0.1699068248271942
minigpt4_7b,train,attention_x_gate,visual,1,7420,3,0.11175718875432442,0.11066858842968941,0.07203876040875912,0.14939021319150925
minigpt4_7b,train,attention_x_gate,visual,1,7420,4,0.0920979836604224,0.08629828691482544,0.05048359464854002,0.13087500259280205
minigpt4_7b,train,attention_x_gate,visual,1,7420,5,0.060608779819873025,0.05894438177347183,0.04020819719880819,0.07965582981705666
minigpt4_7b,train,attention_x_gate,visual,1,7420,6,0.07473277700594262,0.07144637405872345,0.051434616558253765,0.09579171612858772
minigpt4_7b,train,attention_x_gate,visual,1,7420,7,0.08928229804389239,0.0862388052046299,0.06067589204758406,0.11635102704167366
minigpt4_7b,train,attention_x_gate,visual,1,7420,8,0.07207277321960838,0.06825707852840424,0.04854756873100996,0.09394762106239796
minigpt4_7b,train,attention_x_gate,visual,1,7420,9,0.08739088876769097,0.08421732857823372,0.05853547342121601,0.1148529164493084
minigpt4_7b,train,attention_x_gate,visual,1,7420,10,0.1388122093439544,0.13561545312404633,0.08961797319352627,0.19058561325073242
minigpt4_7b,train,attention_x_gate,visual,1,7420,11,0.1348804279179074,0.13217740505933762,0.08532526157796383,0.1821545772254467
minigpt4_7b,train,attention_x_gate,visual,1,7420,12,0.10360916354028242,0.09789798781275749,0.06539369001984596,0.13522964715957642
minigpt4_7b,train,attention_x_gate,visual,1,7420,13,0.1819977707690823,0.18686215579509735,0.12813860923051834,0.23748982697725296
minigpt4_7b,train,attention_x_gate,visual,1,7420,14,0.1835557689041783,0.1850476861000061,0.12660790979862213,0.23748787865042686
minigpt4_7b,train,attention_x_gate,visual,1,7420,15,0.13685425920399394,0.13381080329418182,0.09695672243833542,0.172645416110754
minigpt4_7b,train,attention_x_gate,visual,1,7420,16,0.22033755079218037,0.2274506762623787,0.15109403803944588,0.29125890880823135
minigpt4_7b,train,attention_x_gate,visual,1,7420,17,0.14134553653574636,0.13719353079795837,0.09753740578889847,0.1813659369945526
minigpt4_7b,train,attention_x_gate,visual,1,7420,18,0.16629713501296736,0.1701909601688385,0.12128316797316074,0.2144605964422226
minigpt4_7b,train,attention_x_gate,visual,1,7420,19,0.1753592333457661,0.17957621067762375,0.12453383021056652,0.22827314212918282
minigpt4_7b,train,attention_x_gate,visual,1,7420,20,0.2072136181168198,0.21635252982378006,0.15486786514520645,0.26319005340337753
minigpt4_7b,train,attention_x_gate,visual,1,7420,21,0.1258122648988572,0.12477854266762733,0.08919777721166611,0.16023411601781845
minigpt4_7b,train,attention_x_gate,visual,1,7420,22,0.1585746650691985,0.15672051161527634,0.10709664970636368,0.20668599009513855
minigpt4_7b,train,attention_x_gate,visual,1,7420,23,0.05953207086166744,0.05714061297476292,0.04370944947004318,0.07301744818687439
minigpt4_7b,train,attention_x_gate,visual,1,7420,24,0.1705221459620966,0.17163647711277008,0.12929851189255714,0.21210984513163567
minigpt4_7b,train,attention_x_gate,visual,1,7420,25,0.11390746787110108,0.11384493857622147,0.07783300615847111,0.14686769619584084
minigpt4_7b,train,attention_x_gate,visual,1,7420,26,0.04980158474298842,0.04934673383831978,0.036936269141733646,0.061730124056339264
minigpt4_7b,train,attention_x_gate,visual,1,7420,27,0.04520351733627034,0.04352162033319473,0.03307953290641308,0.05571473762392998
minigpt4_7b,train,attention_x_gate,visual,1,7420,28,0.0415299982161354,0.04013052396476269,0.030662821605801582,0.05145001318305731
minigpt4_7b,train,attention_x_gate,visual,1,7420,29,0.08440973605995752,0.08365878462791443,0.061442166566848755,0.10545884072780609
minigpt4_7b,train,attention_x_gate,visual,1,7420,30,0.05652941357208833,0.05559104308485985,0.043173532001674175,0.06862919591367245
minigpt4_7b,train,attention_x_gate,visual,1,7420,31,0.05520400606269002,0.054034581407904625,0.044355922378599644,0.06464524194598198
minigpt4_7b,train,attention_x_gate,visual,1,7420,32,0.21002131859568574,0.20626270025968552,0.16721965000033379,0.2514587938785553
minigpt4_7b,train,attention_x_gate,prompt,0,1308,1,0.13649853567424763,0.12226643785834312,0.09371725842356682,0.16865850239992142
minigpt4_7b,train,attention_x_gate,prompt,0,1308,2,0.15134644319391624,0.14459361881017685,0.11009101010859013,0.1885419301688671
minigpt4_7b,train,attention_x_gate,prompt,0,1308,3,0.17444268752755285,0.1710888147354126,0.13582194596529007,0.21494104713201523
minigpt4_7b,train,attention_x_gate,prompt,0,1308,4,0.007224500394142902,0.006935037672519684,0.005781235755421221,0.008299226872622967
minigpt4_7b,train,attention_x_gate,prompt,0,1308,5,0.005206431710678907,0.004859945038333535,0.0038431304274126887,0.0061845495365560055
minigpt4_7b,train,attention_x_gate,prompt,0,1308,6,0.006264618533308865,0.005896049086004496,0.00471383729018271,0.007266778731718659
minigpt4_7b,train,attention_x_gate,prompt,0,1308,7,0.00616423408912042,0.005644780583679676,0.004456421476788819,0.007269734982401133
minigpt4_7b,train,attention_x_gate,prompt,0,1308,8,0.008417090306354727,0.007867677602916956,0.005871955072507262,0.009996966691687703
minigpt4_7b,train,attention_x_gate,prompt,0,1308,9,0.01002973107769174,0.009049287531524897,0.007008514949120581,0.01177693041972816
minigpt4_7b,train,attention_x_gate,prompt,0,1308,10,0.0104610374272482,0.008478314150124788,0.006404363200999796,0.011882057413458824
minigpt4_7b,train,attention_x_gate,prompt,0,1308,11,0.012035277012069153,0.010188402142375708,0.007616762071847916,0.01464702095836401
minigpt4_7b,train,attention_x_gate,prompt,0,1308,12,0.01247483054806111,0.011205885093659163,0.008080902742221951,0.014896263601258397
minigpt4_7b,train,attention_x_gate,prompt,0,1308,13,0.014660928394988646,0.01288775634020567,0.008850113954395056,0.01811303198337555
minigpt4_7b,train,attention_x_gate,prompt,0,1308,14,0.011036237066473515,0.00946373026818037,0.007108796387910843,0.013482230715453625
minigpt4_7b,train,attention_x_gate,prompt,0,1308,15,0.00980708198725112,0.008666738867759705,0.006491514039225876,0.011712534120306373
minigpt4_7b,train,attention_x_gate,prompt,0,1308,16,0.008438229100797924,0.00746722798794508,0.005227552144788206,0.010370677104219794
minigpt4_7b,train,attention_x_gate,prompt,0,1308,17,0.009582941105663321,0.008627175819128752,0.006641755695454776,0.011341873556375504
minigpt4_7b,train,attention_x_gate,prompt,0,1308,18,0.008046249344956347,0.006956548662856221,0.005397000932134688,0.009462854824960232
minigpt4_7b,train,attention_x_gate,prompt,0,1308,19,0.007550066234725485,0.006671249400824308,0.005142505746334791,0.008938385872170329
minigpt4_7b,train,attention_x_gate,prompt,0,1308,20,0.006944978497626932,0.006090296432375908,0.004601184744387865,0.008344311732798815
minigpt4_7b,train,attention_x_gate,prompt,0,1308,21,0.006308846854938007,0.00563750765286386,0.004482638789340854,0.007332909037359059
minigpt4_7b,train,attention_x_gate,prompt,0,1308,22,0.005850685763315921,0.005215533077716827,0.004017903585918248,0.006819712230935693
minigpt4_7b,train,attention_x_gate,prompt,0,1308,23,0.006824604845434906,0.006370664341375232,0.005162625457160175,0.007909639738500118
minigpt4_7b,train,attention_x_gate,prompt,0,1308,24,0.008617835742028413,0.007939064875245094,0.006275463150814176,0.010068618226796389
minigpt4_7b,train,attention_x_gate,prompt,0,1308,25,0.004920165493460628,0.004465857753530145,0.0035662283771671355,0.00573630805592984
minigpt4_7b,train,attention_x_gate,prompt,0,1308,26,0.005089968519459054,0.004638169193640351,0.0036241099005565047,0.0059715003008022904
minigpt4_7b,train,attention_x_gate,prompt,0,1308,27,0.004429027927321715,0.004043574677780271,0.0032024458050727844,0.0052870940417051315
minigpt4_7b,train,attention_x_gate,prompt,0,1308,28,0.00576474559673148,0.005296147195622325,0.004208045662380755,0.006772232474759221
minigpt4_7b,train,attention_x_gate,prompt,0,1308,29,0.00888290468372678,0.008247246500104666,0.006551835685968399,0.01044237962923944
minigpt4_7b,train,attention_x_gate,prompt,0,1308,30,0.00739149773594516,0.006348453927785158,0.004928749403916299,0.00847118254750967
minigpt4_7b,train,attention_x_gate,prompt,0,1308,31,0.00816022815283912,0.007753903977572918,0.006516893394291401,0.009306292049586773
minigpt4_7b,train,attention_x_gate,prompt,0,1308,32,0.02718324203539742,0.025408214889466763,0.020774039439857006,0.031486205756664276
minigpt4_7b,train,attention_x_gate,prompt,1,7420,1,0.22556349861402958,0.23703301697969437,0.1738709695637226,0.28376204520463943
minigpt4_7b,train,attention_x_gate,prompt,1,7420,2,0.22029960790367903,0.2156357318162918,0.16955287382006645,0.2734639421105385
minigpt4_7b,train,attention_x_gate,prompt,1,7420,3,0.22856216362584633,0.22753411531448364,0.18260908871889114,0.27191927284002304
minigpt4_7b,train,attention_x_gate,prompt,1,7420,4,0.01052603905994164,0.009905440732836723,0.008012623526155949,0.013169766636565328
minigpt4_7b,train,attention_x_gate,prompt,1,7420,5,0.008184918701084521,0.007962463423609734,0.006003458984196186,0.010310956044122577
minigpt4_7b,train,attention_x_gate,prompt,1,7420,6,0.009677025409367669,0.008630824275314808,0.006490740575827658,0.012571673141792417
minigpt4_7b,train,attention_x_gate,prompt,1,7420,7,0.010457677668512164,0.00944631826132536,0.0065814690897241235,0.013431067578494549
minigpt4_7b,train,attention_x_gate,prompt,1,7420,8,0.015382224229739281,0.012960359919816256,0.009314515627920628,0.021215313114225864
minigpt4_7b,train,attention_x_gate,prompt,1,7420,9,0.017977292668745877,0.015580568928271532,0.01093164668418467,0.02387639321386814
minigpt4_7b,train,attention_x_gate,prompt,1,7420,10,0.024697782182840085,0.018517835065722466,0.011743013514205813,0.031979226507246494
minigpt4_7b,train,attention_x_gate,prompt,1,7420,11,0.02319829406560652,0.019458730705082417,0.01344304601661861,0.029944209847599268
minigpt4_7b,train,attention_x_gate,prompt,1,7420,12,0.023831049795858712,0.021102759055793285,0.01489159744232893,0.03345018345862627
minigpt4_7b,train,attention_x_gate,prompt,1,7420,13,0.024178566810369964,0.020495885983109474,0.015138637041673064,0.033055285923182964
minigpt4_7b,train,attention_x_gate,prompt,1,7420,14,0.02020548655349646,0.01761696580797434,0.01152138551697135,0.02745959721505642
minigpt4_7b,train,attention_x_gate,prompt,1,7420,15,0.015971578348577375,0.013713115826249123,0.009833687217906117,0.021982436068356037
minigpt4_7b,train,attention_x_gate,prompt,1,7420,16,0.014727267358753945,0.012855233624577522,0.008785803569480777,0.01934825675562024
minigpt4_7b,train,attention_x_gate,prompt,1,7420,17,0.016528883463335337,0.015441870782524347,0.01084886072203517,0.021825618110597134
minigpt4_7b,train,attention_x_gate,prompt,1,7420,18,0.01546024379654313,0.012856062967330217,0.008440549718216062,0.021496237255632877
minigpt4_7b,train,attention_x_gate,prompt,1,7420,19,0.013268157809588687,0.010925361886620522,0.007509422954171896,0.016934036277234554
minigpt4_7b,train,attention_x_gate,prompt,1,7420,20,0.013735245032025115,0.01087553333491087,0.007589190267026424,0.01748832082375884
minigpt4_7b,train,attention_x_gate,prompt,1,7420,21,0.012997519292738766,0.010599450673907995,0.007296620053239167,0.01713027758523822
minigpt4_7b,train,attention_x_gate,prompt,1,7420,22,0.011344514822278603,0.00882100872695446,0.005997366504743695,0.01511352974921465
minigpt4_7b,train,attention_x_gate,prompt,1,7420,23,0.010662861156523368,0.009773148689419031,0.006958971847780049,0.013877543155103922
minigpt4_7b,train,attention_x_gate,prompt,1,7420,24,0.015387397809889208,0.013190580997616053,0.009550918592140079,0.020430677570402622
minigpt4_7b,train,attention_x_gate,prompt,1,7420,25,0.009428662341903905,0.007773566525429487,0.005283797858282924,0.0128294478636235
minigpt4_7b,train,attention_x_gate,prompt,1,7420,26,0.009304723352779988,0.008520271629095078,0.00593598501291126,0.012198695680126548
minigpt4_7b,train,attention_x_gate,prompt,1,7420,27,0.0081971671562008,0.0072757890447974205,0.0049922451144084334,0.011274047661572695
minigpt4_7b,train,attention_x_gate,prompt,1,7420,28,0.00998240810677138,0.009708813857287169,0.007015801849775016,0.01254388247616589
minigpt4_7b,train,attention_x_gate,prompt,1,7420,29,0.015348185306525415,0.013626363594084978,0.009773937053978443,0.020190624985843897
minigpt4_7b,train,attention_x_gate,prompt,1,7420,30,0.01506342355217132,0.014201185200363398,0.009231526171788573,0.020761884283274412
minigpt4_7b,train,attention_x_gate,prompt,1,7420,31,0.012147475623103948,0.011157987639307976,0.00880297226831317,0.015003998065367341
minigpt4_7b,train,attention_x_gate,prompt,1,7420,32,0.04583934702373278,0.04442492127418518,0.033174220472574234,0.05715695396065712
minigpt4_7b,train,attention_x_gate,generated_text,0,1308,1,0.2900284825616291,0.3065890818834305,0.24251976609230042,0.35036005079746246
minigpt4_7b,train,attention_x_gate,generated_text,0,1308,2,0.2656245898136396,0.26573269069194794,0.21571660786867142,0.31838126480579376
minigpt4_7b,train,attention_x_gate,generated_text,0,1308,3,0.24614148014524115,0.2487325519323349,0.19978640601038933,0.29053428024053574
minigpt4_7b,train,attention_x_gate,generated_text,0,1308,4,0.05836867491945351,0.057370344176888466,0.04963477700948715,0.06593467481434345
minigpt4_7b,train,attention_x_gate,generated_text,0,1308,5,0.07664700803583323,0.07672036066651344,0.06320903450250626,0.08904337137937546
minigpt4_7b,train,attention_x_gate,generated_text,0,1308,6,0.05716766495704765,0.056839313358068466,0.04819635581225157,0.06641977466642857
minigpt4_7b,train,attention_x_gate,generated_text,0,1308,7,0.08907829063149904,0.08777886629104614,0.06986373849213123,0.10726728662848473
minigpt4_7b,train,attention_x_gate,generated_text,0,1308,8,0.09009189138171869,0.08823380619287491,0.07295089401304722,0.1069781705737114
minigpt4_7b,train,attention_x_gate,generated_text,0,1308,9,0.12872877730973725,0.12847141176462173,0.10986611433327198,0.1481168121099472
minigpt4_7b,train,attention_x_gate,generated_text,0,1308,10,0.11587394037019086,0.11517763510346413,0.0977131724357605,0.13421406224370003
minigpt4_7b,train,attention_x_gate,generated_text,0,1308,11,0.13681544157012795,0.13618602603673935,0.11095309071242809,0.1638503223657608
minigpt4_7b,train,attention_x_gate,generated_text,0,1308,12,0.1888940558777353,0.1892147809267044,0.16245562210679054,0.21545786038041115
minigpt4_7b,train,attention_x_gate,generated_text,0,1308,13,0.15320188719893177,0.1568286269903183,0.12218423001468182,0.18705593049526215
minigpt4_7b,train,attention_x_gate,generated_text,0,1308,14,0.11283586388994976,0.10986201837658882,0.0840979814529419,0.13823239877820015
minigpt4_7b,train,attention_x_gate,generated_text,0,1308,15,0.15183872017234745,0.15529009699821472,0.12207930535078049,0.18134434893727303
minigpt4_7b,train,attention_x_gate,generated_text,0,1308,16,0.15469397793008466,0.15649069100618362,0.12600819393992424,0.18206628039479256
minigpt4_7b,train,attention_x_gate,generated_text,0,1308,17,0.16259160806177134,0.16269226372241974,0.14254241064190865,0.18380948156118393
minigpt4_7b,train,attention_x_gate,generated_text,0,1308,18,0.13700157749845393,0.13878104090690613,0.11097422800958157,0.16082464158535004
minigpt4_7b,train,attention_x_gate,generated_text,0,1308,19,0.0903623434472886,0.08781210705637932,0.07057015784084797,0.10815347731113434
minigpt4_7b,train,attention_x_gate,generated_text,0,1308,20,0.11985021483563228,0.11581434309482574,0.09783121012151241,0.13849330693483353
minigpt4_7b,train,attention_x_gate,generated_text,0,1308,21,0.1418868570648339,0.14070509374141693,0.12066705338656902,0.16177963837981224
minigpt4_7b,train,attention_x_gate,generated_text,0,1308,22,0.08550883736034189,0.08358518034219742,0.06709348782896996,0.10036418959498405
minigpt4_7b,train,attention_x_gate,generated_text,0,1308,23,0.05435923037948001,0.05120479874312878,0.042253452353179455,0.06303324177861214
minigpt4_7b,train,attention_x_gate,generated_text,0,1308,24,0.08058914155713554,0.0765228122472763,0.060605322010815144,0.0965875182300806
minigpt4_7b,train,attention_x_gate,generated_text,0,1308,25,0.05518872442082801,0.052383238449692726,0.03834449592977762,0.06782617047429085
minigpt4_7b,train,attention_x_gate,generated_text,0,1308,26,0.09129609545943433,0.08737275004386902,0.07122401520609856,0.10739840753376484
minigpt4_7b,train,attention_x_gate,generated_text,0,1308,27,0.06990562189677986,0.06716194748878479,0.0569873321801424,0.08013330772519112
minigpt4_7b,train,attention_x_gate,generated_text,0,1308,28,0.043642207758005605,0.03990230895578861,0.03024382423609495,0.05194401741027832
minigpt4_7b,train,attention_x_gate,generated_text,0,1308,29,0.06951162150551192,0.067998718470335,0.05579157266765833,0.08054433017969131
minigpt4_7b,train,attention_x_gate,generated_text,0,1308,30,0.09819882570563698,0.09778635576367378,0.0808450561016798,0.11398949474096298
minigpt4_7b,train,attention_x_gate,generated_text,0,1308,31,0.1310999107287929,0.1291501224040985,0.10955978371202946,0.1518787331879139
minigpt4_7b,train,attention_x_gate,generated_text,0,1308,32,0.23388272630398244,0.2344948649406433,0.19850020855665207,0.26611319184303284
minigpt4_7b,train,attention_x_gate,generated_text,1,7420,1,0.17334631732100184,0.1509818658232689,0.0859364066272974,0.24204537644982338
minigpt4_7b,train,attention_x_gate,generated_text,1,7420,2,0.18000510647400933,0.15677638351917267,0.11984981410205364,0.22665748000144958
minigpt4_7b,train,attention_x_gate,generated_text,1,7420,3,0.1727716403031807,0.15480446815490723,0.12062316760420799,0.2094111070036888
minigpt4_7b,train,attention_x_gate,generated_text,1,7420,4,0.05092659498567409,0.05047078616917133,0.04092937055975199,0.05895311385393143
minigpt4_7b,train,attention_x_gate,generated_text,1,7420,5,0.06529425868910117,0.06335046887397766,0.049288515001535416,0.0789506547152996
minigpt4_7b,train,attention_x_gate,generated_text,1,7420,6,0.041356305025563124,0.040487490594387054,0.02710638800635934,0.05272612161934376
minigpt4_7b,train,attention_x_gate,generated_text,1,7420,7,0.06234980668154648,0.05771690420806408,0.0399402417242527,0.07997290045022964
minigpt4_7b,train,attention_x_gate,generated_text,1,7420,8,0.06978888053928986,0.06776651740074158,0.05194015987217426,0.08419882506132126
minigpt4_7b,train,attention_x_gate,generated_text,1,7420,9,0.09845989401530063,0.09653281047940254,0.07603550143539906,0.11625139228999615
minigpt4_7b,train,attention_x_gate,generated_text,1,7420,10,0.07959044635737682,0.07714055851101875,0.04462031368166208,0.10793505981564522
minigpt4_7b,train,attention_x_gate,generated_text,1,7420,11,0.09623036707056098,0.09102170914411545,0.05853091645985842,0.1255994252860546
minigpt4_7b,train,attention_x_gate,generated_text,1,7420,12,0.14698986687127633,0.1457778587937355,0.1054928433150053,0.181137565523386
minigpt4_7b,train,attention_x_gate,generated_text,1,7420,13,0.09607137594311786,0.08588315173983574,0.04892030358314514,0.13315003365278244
minigpt4_7b,train,attention_x_gate,generated_text,1,7420,14,0.08566103946051065,0.07684594765305519,0.05956478789448738,0.10146545432507992
minigpt4_7b,train,attention_x_gate,generated_text,1,7420,15,0.10570189916476044,0.09468700736761093,0.06433239206671715,0.14174845069646835
minigpt4_7b,train,attention_x_gate,generated_text,1,7420,16,0.11406588745742754,0.10537733882665634,0.07519695349037647,0.14325761795043945
minigpt4_7b,train,attention_x_gate,generated_text,1,7420,17,0.12765482522803295,0.12771552801132202,0.09425797127187252,0.15885474160313606
minigpt4_7b,train,attention_x_gate,generated_text,1,7420,18,0.09413280119037512,0.08751058578491211,0.05822059419006109,0.1246896218508482
minigpt4_7b,train,attention_x_gate,generated_text,1,7420,19,0.07025938588909986,0.06185002811253071,0.04580668546259403,0.08617580682039261
minigpt4_7b,train,attention_x_gate,generated_text,1,7420,20,0.09523520550647917,0.08953339233994484,0.07420369237661362,0.11083857715129852
minigpt4_7b,train,attention_x_gate,generated_text,1,7420,21,0.12332350465084986,0.12107593193650246,0.09900093637406826,0.14531289786100388
minigpt4_7b,train,attention_x_gate,generated_text,1,7420,22,0.07238203139292865,0.0660678967833519,0.05326211545616388,0.08429724536836147
minigpt4_7b,train,attention_x_gate,generated_text,1,7420,23,0.04344925357335099,0.04034539684653282,0.031142471823841333,0.05210596974939108
minigpt4_7b,train,attention_x_gate,generated_text,1,7420,24,0.060602549799389116,0.052852654829621315,0.04050395078957081,0.07714291848242283
minigpt4_7b,train,attention_x_gate,generated_text,1,7420,25,0.03860684541315142,0.031258514150977135,0.022525711450725794,0.04892243444919586
minigpt4_7b,train,attention_x_gate,generated_text,1,7420,26,0.07387570675382155,0.06990663707256317,0.054511033929884434,0.08806337043642998
minigpt4_7b,train,attention_x_gate,generated_text,1,7420,27,0.05820386576820215,0.054942840710282326,0.04533950611948967,0.06848970241844654
minigpt4_7b,train,attention_x_gate,generated_text,1,7420,28,0.03411456846815315,0.029990259557962418,0.022755791898816824,0.04218569863587618
minigpt4_7b,train,attention_x_gate,generated_text,1,7420,29,0.05857991951811466,0.05627515912055969,0.04581164103001356,0.06918690353631973
minigpt4_7b,train,attention_x_gate,generated_text,1,7420,30,0.07975009533117282,0.07646439969539642,0.06467128917574883,0.0924106277525425
minigpt4_7b,train,attention_x_gate,generated_text,1,7420,31,0.10159253250767358,0.09513536095619202,0.07992521859705448,0.11835088767111301
minigpt4_7b,train,attention_x_gate,generated_text,1,7420,32,0.16797204326607307,0.15499542653560638,0.12699679657816887,0.20142284780740738
minigpt4_7b,test,raw_attention,BOS,0,368,1,0.010555226289991127,0.009689614176750183,0.008249133825302124,0.012600742280483246
minigpt4_7b,test,raw_attention,BOS,0,368,2,0.013629965970049734,0.01282985508441925,0.010795608162879944,0.016131403855979443
minigpt4_7b,test,raw_attention,BOS,0,368,3,0.04615570924690236,0.045680493116378784,0.04092681407928467,0.05064383149147034
minigpt4_7b,test,raw_attention,BOS,0,368,4,0.7107076852217965,0.7112197875976562,0.6934757232666016,0.7271308898925781
minigpt4_7b,test,raw_attention,BOS,0,368,5,0.7458004847816799,0.745081901550293,0.7301778793334961,0.7636175155639648
minigpt4_7b,test,raw_attention,BOS,0,368,6,0.7639719649501469,0.7670040130615234,0.747589111328125,0.7787265777587891
minigpt4_7b,test,raw_attention,BOS,0,368,7,0.7092727766088818,0.7127506732940674,0.6818976402282715,0.7329530715942383
minigpt4_7b,test,raw_attention,BOS,0,368,8,0.720824570759483,0.7227821350097656,0.6970834732055664,0.7489995956420898
minigpt4_7b,test,raw_attention,BOS,0,368,9,0.6474150181140589,0.648322582244873,0.6261926293373108,0.6692724227905273
minigpt4_7b,test,raw_attention,BOS,0,368,10,0.6266399783932645,0.6275978088378906,0.591094970703125,0.6579275131225586
minigpt4_7b,test,raw_attention,BOS,0,368,11,0.5966324061155319,0.5937764644622803,0.5643575191497803,0.6229424476623535
minigpt4_7b,test,raw_attention,BOS,0,368,12,0.5496155692507392,0.5456688404083252,0.5166592597961426,0.580998420715332
minigpt4_7b,test,raw_attention,BOS,0,368,13,0.5212022399772769,0.5150270462036133,0.47892236709594727,0.552907407283783
minigpt4_7b,test,raw_attention,BOS,0,368,14,0.612248037820277,0.6077120304107666,0.5668740272521973,0.6507949829101562
minigpt4_7b,test,raw_attention,BOS,0,368,15,0.5838162785638934,0.5842142105102539,0.54353928565979,0.624995231628418
minigpt4_7b,test,raw_attention,BOS,0,368,16,0.5403890455870525,0.547982782125473,0.48948535323143005,0.5916102826595306
minigpt4_7b,test,raw_attention,BOS,0,368,17,0.5772333305491053,0.5719646215438843,0.5364168882369995,0.6114273071289062
minigpt4_7b,test,raw_attention,BOS,0,368,18,0.6216698228988958,0.6214776039123535,0.584909200668335,0.6573270112276077
minigpt4_7b,test,raw_attention,BOS,0,368,19,0.7041803250170272,0.7060716152191162,0.6649978756904602,0.7473859786987305
minigpt4_7b,test,raw_attention,BOS,0,368,20,0.626519201890282,0.6286013126373291,0.5713882446289062,0.6857328414916992
minigpt4_7b,test,raw_attention,BOS,0,368,21,0.6758053250934767,0.6786317825317383,0.649790346622467,0.7033219337463379
minigpt4_7b,test,raw_attention,BOS,0,368,22,0.7394664070528486,0.749455451965332,0.7032971382141113,0.7792425155639648
minigpt4_7b,test,raw_attention,BOS,0,368,23,0.8323701236235059,0.8353748321533203,0.8093471527099609,0.8549747467041016
minigpt4_7b,test,raw_attention,BOS,0,368,24,0.6991805811615094,0.699622392654419,0.6580123901367188,0.7490580081939697
minigpt4_7b,test,raw_attention,BOS,0,368,25,0.8050907830829206,0.8108272552490234,0.7746620178222656,0.8414831161499023
minigpt4_7b,test,raw_attention,BOS,0,368,26,0.8060402466875055,0.8078622817993164,0.7844160199165344,0.828948974609375
minigpt4_7b,test,raw_attention,BOS,0,368,27,0.8346363817868026,0.8357448577880859,0.8175694942474365,0.8527431488037109
minigpt4_7b,test,raw_attention,BOS,0,368,28,0.8619650262205497,0.8654208183288574,0.8449053764343262,0.88006591796875
minigpt4_7b,test,raw_attention,BOS,0,368,29,0.7848083472446256,0.7856979370117188,0.7646889686584473,0.8123912811279297
minigpt4_7b,test,raw_attention,BOS,0,368,30,0.7720713192678016,0.7739553451538086,0.7473561763763428,0.7978744506835938
minigpt4_7b,test,raw_attention,BOS,0,368,31,0.7138084608899511,0.7145195007324219,0.6863126754760742,0.7418861389160156
minigpt4_7b,test,raw_attention,BOS,0,368,32,0.24304115152715342,0.23587387055158615,0.20087183266878128,0.2815614715218544
minigpt4_7b,test,raw_attention,BOS,1,1861,1,0.015215525529730198,0.015928208827972412,0.013021856546401978,0.017956525087356567
minigpt4_7b,test,raw_attention,BOS,1,1861,2,0.018975980337639125,0.02031196653842926,0.016402453184127808,0.021783530712127686
minigpt4_7b,test,raw_attention,BOS,1,1861,3,0.05418085070273877,0.05533289909362793,0.0491032600402832,0.058493852615356445
minigpt4_7b,test,raw_attention,BOS,1,1861,4,0.7012458957055127,0.7050323486328125,0.6866302490234375,0.7177886962890625
minigpt4_7b,test,raw_attention,BOS,1,1861,5,0.748484943580525,0.7508430480957031,0.7295074462890625,0.7712821960449219
minigpt4_7b,test,raw_attention,BOS,1,1861,6,0.7640896504569733,0.76531982421875,0.7524871826171875,0.7785243988037109
minigpt4_7b,test,raw_attention,BOS,1,1861,7,0.7068103045177101,0.70904541015625,0.687652587890625,0.7264614105224609
minigpt4_7b,test,raw_attention,BOS,1,1861,8,0.7126974324139775,0.7117462158203125,0.6933479309082031,0.7330474853515625
minigpt4_7b,test,raw_attention,BOS,1,1861,9,0.6435305531277316,0.6423721313476562,0.6256103515625,0.6606359481811523
minigpt4_7b,test,raw_attention,BOS,1,1861,10,0.5785363155273517,0.570490837097168,0.5396032333374023,0.6128253936767578
minigpt4_7b,test,raw_attention,BOS,1,1861,11,0.5648429091901692,0.5634231567382812,0.5265231132507324,0.5980997085571289
minigpt4_7b,test,raw_attention,BOS,1,1861,12,0.5380178796450724,0.5336484909057617,0.50897216796875,0.5619697570800781
minigpt4_7b,test,raw_attention,BOS,1,1861,13,0.5048502717749653,0.49260520935058594,0.47032952308654785,0.5357322692871094
minigpt4_7b,test,raw_attention,BOS,1,1861,14,0.5412526880138219,0.5393986105918884,0.4910917282104492,0.5880575180053711
minigpt4_7b,test,raw_attention,BOS,1,1861,15,0.584849526570216,0.5821690559387207,0.5501899719238281,0.6174411773681641
minigpt4_7b,test,raw_attention,BOS,1,1861,16,0.47886331095162543,0.4688572883605957,0.4344034194946289,0.513514518737793
minigpt4_7b,test,raw_attention,BOS,1,1861,17,0.5596239635663799,0.5526237487792969,0.522831916809082,0.5920219421386719
minigpt4_7b,test,raw_attention,BOS,1,1861,18,0.58999708153944,0.5859787464141846,0.5561225414276123,0.6172078251838684
minigpt4_7b,test,raw_attention,BOS,1,1861,19,0.6343487283512189,0.6380152702331543,0.5956180095672607,0.679713249206543
minigpt4_7b,test,raw_attention,BOS,1,1861,20,0.5624902229325737,0.5555086135864258,0.5137605667114258,0.6028757095336914
minigpt4_7b,test,raw_attention,BOS,1,1861,21,0.6401153086078609,0.6385340690612793,0.6086254119873047,0.6694736480712891
minigpt4_7b,test,raw_attention,BOS,1,1861,22,0.6664999315073771,0.6615142822265625,0.6090660095214844,0.7201995849609375
minigpt4_7b,test,raw_attention,BOS,1,1861,23,0.8189635178787871,0.8185386657714844,0.796722412109375,0.840606689453125
minigpt4_7b,test,raw_attention,BOS,1,1861,24,0.6335474979422671,0.62933349609375,0.585205078125,0.6762914657592773
minigpt4_7b,test,raw_attention,BOS,1,1861,25,0.7605652976971298,0.7621927261352539,0.7158193588256836,0.8052749633789062
minigpt4_7b,test,raw_attention,BOS,1,1861,26,0.8062077703686058,0.8067436218261719,0.7889289855957031,0.8247756958007812
minigpt4_7b,test,raw_attention,BOS,1,1861,27,0.8311594907856962,0.8306350708007812,0.8138179779052734,0.8498687744140625
minigpt4_7b,test,raw_attention,BOS,1,1861,28,0.8576786217031013,0.8594398498535156,0.8423795700073242,0.8749542236328125
minigpt4_7b,test,raw_attention,BOS,1,1861,29,0.756077717223006,0.7545223236083984,0.7234268188476562,0.786376953125
minigpt4_7b,test,raw_attention,BOS,1,1861,30,0.7730464741851872,0.772613525390625,0.7520027160644531,0.7942886352539062
minigpt4_7b,test,raw_attention,BOS,1,1861,31,0.7454388223944781,0.7494106292724609,0.7272739410400391,0.7694168090820312
minigpt4_7b,test,raw_attention,BOS,1,1861,32,0.2604625443540101,0.26095151901245117,0.22994983196258545,0.29425036907196045
minigpt4_7b,test,raw_attention,visual,0,368,1,0.11489839374047259,0.10530254244804382,0.08706497773528099,0.1351037323474884
minigpt4_7b,test,raw_attention,visual,0,368,2,0.18831362344486557,0.1833386942744255,0.16524194926023483,0.20919209718704224
minigpt4_7b,test,raw_attention,visual,0,368,3,0.16340570536482593,0.15891194343566895,0.14239215478301048,0.18137309700250626
minigpt4_7b,test,raw_attention,visual,0,368,4,0.16516084363684058,0.1674388349056244,0.1528126485645771,0.17918504029512405
minigpt4_7b,test,raw_attention,visual,0,368,5,0.1001342722295743,0.09917890280485153,0.0895853266119957,0.11070023849606514
minigpt4_7b,test,raw_attention,visual,0,368,6,0.11585335876873654,0.11632895842194557,0.10271778516471386,0.12788934260606766
minigpt4_7b,test,raw_attention,visual,0,368,7,0.11616377587146733,0.11249198019504547,0.09564660117030144,0.13025761023163795
minigpt4_7b,test,raw_attention,visual,0,368,8,0.09791160266562972,0.09450814127922058,0.08094787411391735,0.11159130744636059
minigpt4_7b,test,raw_attention,visual,0,368,9,0.10297076286667067,0.0953754335641861,0.07768837548792362,0.12056684494018555
minigpt4_7b,test,raw_attention,visual,0,368,10,0.14664478827794286,0.13064303249120712,0.10278230533003807,0.1717914305627346
minigpt4_7b,test,raw_attention,visual,0,368,11,0.13460126402787864,0.12320056557655334,0.09776131063699722,0.15305441245436668
minigpt4_7b,test,raw_attention,visual,0,368,12,0.10640099440174906,0.09842992946505547,0.0778103917837143,0.12877321615815163
minigpt4_7b,test,raw_attention,visual,0,368,13,0.18272255816618385,0.1662481725215912,0.12725326418876648,0.23138558864593506
minigpt4_7b,test,raw_attention,visual,0,368,14,0.16945864202495178,0.157831571996212,0.11817829310894012,0.21631349250674248
minigpt4_7b,test,raw_attention,visual,0,368,15,0.14322117583461755,0.1357949823141098,0.10334242507815361,0.17672040686011314
minigpt4_7b,test,raw_attention,visual,0,368,16,0.19232162777536913,0.1725662425160408,0.11873584799468517,0.2646743282675743
minigpt4_7b,test,raw_attention,visual,0,368,17,0.15477390658191365,0.1493927761912346,0.11554485186934471,0.18804989010095596
minigpt4_7b,test,raw_attention,visual,0,368,18,0.15681420283837486,0.1465231478214264,0.10948334448039532,0.19877924770116806
minigpt4_7b,test,raw_attention,visual,0,368,19,0.14938556415069362,0.1356101855635643,0.09785804711282253,0.1986372508108616
minigpt4_7b,test,raw_attention,visual,0,368,20,0.18969899623492814,0.17182721942663193,0.12513833865523338,0.2517011910676956
minigpt4_7b,test,raw_attention,visual,0,368,21,0.12602935772915574,0.11784413456916809,0.09326380677521229,0.15457206964492798
minigpt4_7b,test,raw_attention,visual,0,368,22,0.13672936649021247,0.12190752476453781,0.09084072709083557,0.1741064228117466
minigpt4_7b,test,raw_attention,visual,0,368,23,0.07992326140241779,0.07692976295948029,0.06319040805101395,0.0939263179898262
minigpt4_7b,test,raw_attention,visual,0,368,24,0.16928686834264384,0.15434329211711884,0.1200677715241909,0.21531777828931808
minigpt4_7b,test,raw_attention,visual,0,368,25,0.10549710785119754,0.09519754350185394,0.07061867415904999,0.13566739484667778
minigpt4_7b,test,raw_attention,visual,0,368,26,0.06156306100361373,0.05950821563601494,0.04570400342345238,0.07421283610165119
minigpt4_7b,test,raw_attention,visual,0,368,27,0.0608447519303097,0.05951840244233608,0.047285597771406174,0.07187513634562492
minigpt4_7b,test,raw_attention,visual,0,368,28,0.06523102306781094,0.06370775029063225,0.055858724750578403,0.07471841759979725
minigpt4_7b,test,raw_attention,visual,0,368,29,0.10263604733526059,0.10073181986808777,0.07927131466567516,0.12214497849345207
minigpt4_7b,test,raw_attention,visual,0,368,30,0.07803805620895456,0.07526713982224464,0.0655890703201294,0.08786597475409508
minigpt4_7b,test,raw_attention,visual,0,368,31,0.09827640444121283,0.09617384523153305,0.0846727304160595,0.11151048541069031
minigpt4_7b,test,raw_attention,visual,0,368,32,0.3743039826336114,0.37044312059879303,0.3336400091648102,0.41027189791202545
minigpt4_7b,test,raw_attention,visual,1,1861,1,0.17339317587668188,0.18235695362091064,0.14206208288669586,0.20769056677818298
minigpt4_7b,test,raw_attention,visual,1,1861,2,0.2354566430545891,0.243391215801239,0.21184271574020386,0.26354971528053284
minigpt4_7b,test,raw_attention,visual,1,1861,3,0.20552532404885376,0.2144084870815277,0.18569765985012054,0.23015417158603668
minigpt4_7b,test,raw_attention,visual,1,1861,4,0.18338620582218135,0.18513241410255432,0.174509197473526,0.19482824206352234
minigpt4_7b,test,raw_attention,visual,1,1861,5,0.11686013591531334,0.11442388594150543,0.10588090121746063,0.1266651153564453
minigpt4_7b,test,raw_attention,visual,1,1861,6,0.14191086161511357,0.1412976086139679,0.12247619777917862,0.161995992064476
minigpt4_7b,test,raw_attention,visual,1,1861,7,0.1632307535602898,0.1678720861673355,0.13188038766384125,0.1913827806711197
minigpt4_7b,test,raw_attention,visual,1,1861,8,0.13491615353573527,0.13690084218978882,0.11019384860992432,0.157504141330719
minigpt4_7b,test,raw_attention,visual,1,1861,9,0.15415557297742347,0.15903091430664062,0.11731959879398346,0.18624745309352875
minigpt4_7b,test,raw_attention,visual,1,1861,10,0.23569733342020696,0.25711095333099365,0.17368192970752716,0.2927337884902954
minigpt4_7b,test,raw_attention,visual,1,1861,11,0.22809346956448617,0.24147017300128937,0.16475561261177063,0.2942574620246887
minigpt4_7b,test,raw_attention,visual,1,1861,12,0.1841074368730788,0.1812720000743866,0.12998011708259583,0.24289639294147491
minigpt4_7b,test,raw_attention,visual,1,1861,13,0.28910633039143796,0.29900118708610535,0.23907840251922607,0.35564669966697693
minigpt4_7b,test,raw_attention,visual,1,1861,14,0.28322032509969164,0.2869082987308502,0.224604532122612,0.3467971086502075
minigpt4_7b,test,raw_attention,visual,1,1861,15,0.222171851167078,0.2200569063425064,0.17576324939727783,0.27272263169288635
minigpt4_7b,test,raw_attention,visual,1,1861,16,0.323168329581266,0.3357529938220978,0.26307737827301025,0.3928978145122528
minigpt4_7b,test,raw_attention,visual,1,1861,17,0.23122891054470202,0.2298606038093567,0.17825454473495483,0.28670817613601685
minigpt4_7b,test,raw_attention,visual,1,1861,18,0.2485552423767253,0.2586352825164795,0.19754819571971893,0.3048807680606842
minigpt4_7b,test,raw_attention,visual,1,1861,19,0.2455472286714542,0.2508181631565094,0.19532431662082672,0.29840371012687683
minigpt4_7b,test,raw_attention,visual,1,1861,20,0.2898030168907832,0.3046838641166687,0.2365451455116272,0.35024380683898926
minigpt4_7b,test,raw_attention,visual,1,1861,21,0.18621988954850258,0.1894666850566864,0.14325006306171417,0.22693416476249695
minigpt4_7b,test,raw_attention,visual,1,1861,22,0.22396698846716448,0.22531944513320923,0.16309158504009247,0.2826213240623474
minigpt4_7b,test,raw_attention,visual,1,1861,23,0.10657918102006353,0.10564564168453217,0.08690711855888367,0.12578311562538147
minigpt4_7b,test,raw_attention,visual,1,1861,24,0.2594084029417727,0.26165130734443665,0.21314506232738495,0.31375935673713684
minigpt4_7b,test,raw_attention,visual,1,1861,25,0.17178687607606274,0.17119728028774261,0.12797562777996063,0.21754509210586548
minigpt4_7b,test,raw_attention,visual,1,1861,26,0.0893663817527216,0.0898585319519043,0.07161948829889297,0.10701373219490051
minigpt4_7b,test,raw_attention,visual,1,1861,27,0.0838996989493374,0.08286282420158386,0.0686182826757431,0.0987689346075058
minigpt4_7b,test,raw_attention,visual,1,1861,28,0.08303586436032225,0.08217907696962357,0.06922828406095505,0.09562455862760544
minigpt4_7b,test,raw_attention,visual,1,1861,29,0.14517231562816924,0.14432768523693085,0.11703847348690033,0.17468133568763733
minigpt4_7b,test,raw_attention,visual,1,1861,30,0.10382079493008206,0.10263674706220627,0.08692130446434021,0.11935672909021378
minigpt4_7b,test,raw_attention,visual,1,1861,31,0.1150389010049623,0.11435691267251968,0.10129988193511963,0.12822234630584717
minigpt4_7b,test,raw_attention,visual,1,1861,32,0.4450501734165656,0.4482044279575348,0.40065693855285645,0.49144941568374634
minigpt4_7b,test,raw_attention,prompt,0,368,1,0.2771675397803926,0.24671871960163116,0.1917591653764248,0.34488364309072495
minigpt4_7b,test,raw_attention,prompt,0,368,2,0.27881166731695767,0.2632024586200714,0.21909859031438828,0.3303780108690262
minigpt4_7b,test,raw_attention,prompt,0,368,3,0.31632945557003433,0.3046240210533142,0.2669018507003784,0.3578754812479019
minigpt4_7b,test,raw_attention,prompt,0,368,4,0.014830468885560074,0.014616107568144798,0.011990190017968416,0.01699133450165391
minigpt4_7b,test,raw_attention,prompt,0,368,5,0.010988900240551195,0.010573014616966248,0.00845028180629015,0.012859944254159927
minigpt4_7b,test,raw_attention,prompt,0,368,6,0.013266266232518397,0.012617441825568676,0.010422004386782646,0.015738132875412703
minigpt4_7b,test,raw_attention,prompt,0,368,7,0.012942257818118062,0.01257386151701212,0.00978019880130887,0.015509568154811859
minigpt4_7b,test,raw_attention,prompt,0,368,8,0.017526548047064116,0.016570381820201874,0.012522602453827858,0.021487453021109104
minigpt4_7b,test,raw_attention,prompt,0,368,9,0.021562719702437196,0.020437770523130894,0.015306924935430288,0.026255713310092688
minigpt4_7b,test,raw_attention,prompt,0,368,10,0.022067648419381483,0.019057086668908596,0.014288012869656086,0.026108304504305124
minigpt4_7b,test,raw_attention,prompt,0,368,11,0.02530738931533921,0.022633332759141922,0.017048633191734552,0.031772783026099205
minigpt4_7b,test,raw_attention,prompt,0,368,12,0.02692333060701418,0.02420327626168728,0.017961811739951372,0.034351157024502754
minigpt4_7b,test,raw_attention,prompt,0,368,13,0.03286775598889622,0.02932349033653736,0.02059657871723175,0.04111379571259022
minigpt4_7b,test,raw_attention,prompt,0,368,14,0.02508592418313998,0.022416243329644203,0.016323948744684458,0.031100659165531397
minigpt4_7b,test,raw_attention,prompt,0,368,15,0.022705530676909762,0.02049527782946825,0.015480688773095608,0.02673084568232298
minigpt4_7b,test,raw_attention,prompt,0,368,16,0.019116067109912958,0.017432648688554764,0.012270660139620304,0.02495952369645238
minigpt4_7b,test,raw_attention,prompt,0,368,17,0.02224287729325664,0.02078709378838539,0.016232730820775032,0.02738223085179925
minigpt4_7b,test,raw_attention,prompt,0,368,18,0.01914847009997491,0.017320438288152218,0.013247424270957708,0.023102631326764822
minigpt4_7b,test,raw_attention,prompt,0,368,19,0.01780943515325856,0.01579070370644331,0.012529377825558186,0.021131528541445732
minigpt4_7b,test,raw_attention,prompt,0,368,20,0.016534689403867917,0.014873731881380081,0.011263338848948479,0.020258517935872078
minigpt4_7b,test,raw_attention,prompt,0,368,21,0.014933470788452289,0.013754806481301785,0.010981439612805843,0.017891258466988802
minigpt4_7b,test,raw_attention,prompt,0,368,22,0.013586594459965178,0.012418199330568314,0.00992895057424903,0.015689419116824865
minigpt4_7b,test,raw_attention,prompt,0,368,23,0.015861633491864348,0.015460964292287827,0.012856418266892433,0.01865583611652255
minigpt4_7b,test,raw_attention,prompt,0,368,24,0.019934387578952894,0.019346224144101143,0.01516397064551711,0.02339686034247279
minigpt4_7b,test,raw_attention,prompt,0,368,25,0.011699138275023712,0.010891513898968697,0.008850621990859509,0.013540165033191442
minigpt4_7b,test,raw_attention,prompt,0,368,26,0.011885930839723544,0.011427500285208225,0.009045866783708334,0.014155886135995388
minigpt4_7b,test,raw_attention,prompt,0,368,27,0.010534345369745532,0.010004408657550812,0.008136500604450703,0.012423843145370483
minigpt4_7b,test,raw_attention,prompt,0,368,28,0.012867194423249559,0.011854187585413456,0.009811961557716131,0.015285219065845013
minigpt4_7b,test,raw_attention,prompt,0,368,29,0.019950562460428995,0.018673548474907875,0.015777844935655594,0.023444654885679483
minigpt4_7b,test,raw_attention,prompt,0,368,30,0.016266785273530884,0.014719520695507526,0.012074253987520933,0.01890832604840398
minigpt4_7b,test,raw_attention,prompt,0,368,31,0.018956837036808873,0.018392587080597878,0.01607185322791338,0.021429982502013445
minigpt4_7b,test,raw_attention,prompt,0,368,32,0.06169597180965154,0.060209598392248154,0.05162885691970587,0.06870958767831326
minigpt4_7b,test,raw_attention,prompt,1,1861,1,0.46319789524314736,0.49484169483184814,0.35818395018577576,0.5889444351196289
minigpt4_7b,test,raw_attention,prompt,1,1861,2,0.40556694575210595,0.42745935916900635,0.336477667093277,0.49492502212524414
minigpt4_7b,test,raw_attention,prompt,1,1861,3,0.4130413867673331,0.43309280276298523,0.35985204577445984,0.4803646206855774
minigpt4_7b,test,raw_attention,prompt,1,1861,4,0.02191623480473072,0.020617634057998657,0.017004335299134254,0.028615450486540794
minigpt4_7b,test,raw_attention,prompt,1,1861,5,0.017243955659688576,0.016571927815675735,0.012845916673541069,0.022527841851115227
minigpt4_7b,test,raw_attention,prompt,1,1861,6,0.02055606038511312,0.01819419115781784,0.013674309477210045,0.02673272229731083
minigpt4_7b,test,raw_attention,prompt,1,1861,7,0.021942069975199846,0.019638165831565857,0.014168228954076767,0.027581633999943733
minigpt4_7b,test,raw_attention,prompt,1,1861,8,0.03168594120755944,0.026789318770170212,0.020121028646826744,0.04206044226884842
minigpt4_7b,test,raw_attention,prompt,1,1861,9,0.037593767036919565,0.03281550854444504,0.024189019575715065,0.04750722274184227
minigpt4_7b,test,raw_attention,prompt,1,1861,10,0.05057245271539637,0.03896324336528778,0.025389203801751137,0.06337201595306396
minigpt4_7b,test,raw_attention,prompt,1,1861,11,0.04845669036575987,0.04111775755882263,0.02895253524184227,0.06015719845890999
minigpt4_7b,test,raw_attention,prompt,1,1861,12,0.0501962595272455,0.04523807018995285,0.03245920687913895,0.06781994551420212
minigpt4_7b,test,raw_attention,prompt,1,1861,13,0.05095118106168198,0.044163256883621216,0.032927416265010834,0.0690637081861496
minigpt4_7b,test,raw_attention,prompt,1,1861,14,0.044014166749329224,0.03864584118127823,0.02632693015038967,0.05645780265331268
minigpt4_7b,test,raw_attention,prompt,1,1861,15,0.034579363686104155,0.03012971021234989,0.021971886977553368,0.04672617465257645
minigpt4_7b,test,raw_attention,prompt,1,1861,16,0.032112189203756976,0.028750482946634293,0.02006266638636589,0.04074762761592865
minigpt4_7b,test,raw_attention,prompt,1,1861,17,0.037259298441296045,0.03441895544528961,0.02622670866549015,0.04880479723215103
minigpt4_7b,test,raw_attention,prompt,1,1861,18,0.03419078382463753,0.029171256348490715,0.02002357877790928,0.04697827622294426
minigpt4_7b,test,raw_attention,prompt,1,1861,19,0.029675058634178027,0.024388067424297333,0.017497247084975243,0.036481790244579315
minigpt4_7b,test,raw_attention,prompt,1,1861,20,0.030151071644466707,0.02502630650997162,0.017393775284290314,0.03918754309415817
minigpt4_7b,test,raw_attention,prompt,1,1861,21,0.027809638665135288,0.023382367566227913,0.016975369304418564,0.03679656609892845
minigpt4_7b,test,raw_attention,prompt,1,1861,22,0.02457514173245635,0.019529763609170914,0.013733787462115288,0.03211706876754761
minigpt4_7b,test,raw_attention,prompt,1,1861,23,0.02216724111072515,0.02056409977376461,0.016185954213142395,0.028086526319384575
minigpt4_7b,test,raw_attention,prompt,1,1861,24,0.03234913326651739,0.028263114392757416,0.02186456322669983,0.04119434580206871
minigpt4_7b,test,raw_attention,prompt,1,1861,25,0.019699844502188837,0.016524463891983032,0.011930171400308609,0.026292745023965836
minigpt4_7b,test,raw_attention,prompt,1,1861,26,0.01881503066161126,0.017562871798872948,0.013474024832248688,0.023927606642246246
minigpt4_7b,test,raw_attention,prompt,1,1861,27,0.016783997584644793,0.015364060178399086,0.01149640791118145,0.022132854908704758
minigpt4_7b,test,raw_attention,prompt,1,1861,28,0.019077900876198515,0.01887226477265358,0.014911746606230736,0.02287961356341839
minigpt4_7b,test,raw_attention,prompt,1,1861,29,0.030380763848147554,0.027449363842606544,0.02136244624853134,0.03823498636484146
minigpt4_7b,test,raw_attention,prompt,1,1861,30,0.02916447778043729,0.02809448353946209,0.019983554258942604,0.03860212862491608
minigpt4_7b,test,raw_attention,prompt,1,1861,31,0.024366781303698116,0.0233271773904562,0.019554920494556427,0.028731217607855797
minigpt4_7b,test,raw_attention,prompt,1,1861,32,0.09003578691729802,0.0888066217303276,0.0722515657544136,0.10769082605838776
minigpt4_7b,test,raw_attention,generated_text,0,368,1,0.5973786621395013,0.6341175138950348,0.5067014694213867,0.710430309176445
minigpt4_7b,test,raw_attention,generated_text,0,368,2,0.5192446937460614,0.5435091257095337,0.4485911726951599,0.6049965769052505
minigpt4_7b,test,raw_attention,generated_text,0,368,3,0.4741095500471799,0.49351559579372406,0.4131559357047081,0.5495813339948654
minigpt4_7b,test,raw_attention,generated_text,0,368,4,0.10929979833409838,0.10831768810749054,0.09874318353831768,0.12016886286437511
minigpt4_7b,test,raw_attention,generated_text,0,368,5,0.1430752793650912,0.14366406202316284,0.1234523095190525,0.1616123430430889
minigpt4_7b,test,raw_attention,generated_text,0,368,6,0.10690686325340168,0.10495506972074509,0.09157384186983109,0.12089550495147705
minigpt4_7b,test,raw_attention,generated_text,0,368,7,0.1616211403971133,0.15748687833547592,0.13299376890063286,0.1888967715203762
minigpt4_7b,test,raw_attention,generated_text,0,368,8,0.16373856756431254,0.15988077968358994,0.13312123343348503,0.1903730444610119
minigpt4_7b,test,raw_attention,generated_text,0,368,9,0.22805223340654504,0.2290583699941635,0.2052542231976986,0.25592099130153656
minigpt4_7b,test,raw_attention,generated_text,0,368,10,0.20464729286892258,0.2088424563407898,0.17643160000443459,0.236001405864954
minigpt4_7b,test,raw_attention,generated_text,0,368,11,0.24345733296207112,0.241901196539402,0.20735609158873558,0.2820352539420128
minigpt4_7b,test,raw_attention,generated_text,0,368,12,0.3170593416561251,0.32249386608600616,0.2809542715549469,0.3580494895577431
minigpt4_7b,test,raw_attention,generated_text,0,368,13,0.2632078588636511,0.2699453979730606,0.21669264882802963,0.31397224962711334
minigpt4_7b,test,raw_attention,generated_text,0,368,14,0.19320606930262368,0.19715820997953415,0.14212839677929878,0.23547858372330666
minigpt4_7b,test,raw_attention,generated_text,0,368,15,0.25025666365399957,0.25690214335918427,0.20496941730380058,0.2944345027208328
minigpt4_7b,test,raw_attention,generated_text,0,368,16,0.24817376883457537,0.2501838207244873,0.21202940493822098,0.28390857577323914
minigpt4_7b,test,raw_attention,generated_text,0,368,17,0.24574983065300013,0.2446550652384758,0.21190661936998367,0.27985431998968124
minigpt4_7b,test,raw_attention,generated_text,0,368,18,0.20236541985777085,0.20481544733047485,0.16915011033415794,0.23870782181620598
minigpt4_7b,test,raw_attention,generated_text,0,368,19,0.12862534611485898,0.12473520264029503,0.10240387357771397,0.15202685073018074
minigpt4_7b,test,raw_attention,generated_text,0,368,20,0.16724927666718545,0.1623488962650299,0.13919619470834732,0.18892157450318336
minigpt4_7b,test,raw_attention,generated_text,0,368,21,0.18323234584101517,0.18275470286607742,0.161606352776289,0.20467247813940048
minigpt4_7b,test,raw_attention,generated_text,0,368,22,0.11021769158137233,0.10956837609410286,0.08415150456130505,0.12939433008432388
minigpt4_7b,test,raw_attention,generated_text,0,368,23,0.07184539359245125,0.06785649806261063,0.05458510108292103,0.08206807263195515
minigpt4_7b,test,raw_attention,generated_text,0,368,24,0.11159796409977032,0.10627248138189316,0.08629433810710907,0.13759416714310646
minigpt4_7b,test,raw_attention,generated_text,0,368,25,0.0777143633964917,0.07745711877942085,0.05575485993176699,0.09746072627604008
minigpt4_7b,test,raw_attention,generated_text,0,368,26,0.12051364999143002,0.11597707122564316,0.09797924384474754,0.14183654263615608
minigpt4_7b,test,raw_attention,generated_text,0,368,27,0.09398446445171114,0.09153968095779419,0.07719629816710949,0.10998071171343327
minigpt4_7b,test,raw_attention,generated_text,0,368,28,0.05993771645665655,0.055857691913843155,0.041733089834451675,0.07320996187627316
minigpt4_7b,test,raw_attention,generated_text,0,368,29,0.09260398829760759,0.09098967537283897,0.07383725605905056,0.11063491925597191
minigpt4_7b,test,raw_attention,generated_text,0,368,30,0.13362377093416516,0.13510064780712128,0.10611183010041714,0.16193674132227898
minigpt4_7b,test,raw_attention,generated_text,0,368,31,0.1689574541726514,0.16801342368125916,0.13850383087992668,0.1965930052101612
minigpt4_7b,test,raw_attention,generated_text,0,368,32,0.3209588202728849,0.3178291916847229,0.25749973207712173,0.36938274651765823
minigpt4_7b,test,raw_attention,generated_text,1,1861,1,0.34819368136098855,0.2991156280040741,0.1643369346857071,0.4889291524887085
minigpt4_7b,test,raw_attention,generated_text,1,1861,2,0.34000051249777485,0.30602556467056274,0.20871403813362122,0.4321814179420471
minigpt4_7b,test,raw_attention,generated_text,1,1861,3,0.3272523071530812,0.29624953866004944,0.2287808060646057,0.40119606256484985
minigpt4_7b,test,raw_attention,generated_text,1,1861,4,0.09345052994223195,0.09238401800394058,0.0765511766076088,0.10832071304321289
minigpt4_7b,test,raw_attention,generated_text,1,1861,5,0.11741142256574756,0.11536922305822372,0.09032334387302399,0.13974270224571228
minigpt4_7b,test,raw_attention,generated_text,1,1861,6,0.0734435999370643,0.0736856609582901,0.044240403920412064,0.09297835826873779
minigpt4_7b,test,raw_attention,generated_text,1,1861,7,0.10801566253260603,0.10009223967790604,0.06597128510475159,0.14042264223098755
minigpt4_7b,test,raw_attention,generated_text,1,1861,8,0.1206995274377151,0.11445410549640656,0.08786437660455704,0.14354175329208374
minigpt4_7b,test,raw_attention,generated_text,1,1861,9,0.16471867324971565,0.15600644052028656,0.1230030283331871,0.19757388532161713
minigpt4_7b,test,raw_attention,generated_text,1,1861,10,0.1351941105064399,0.13439565896987915,0.07160389423370361,0.1853799819946289
minigpt4_7b,test,raw_attention,generated_text,1,1861,11,0.15860715530480446,0.14833489060401917,0.0938258096575737,0.2101708948612213
minigpt4_7b,test,raw_attention,generated_text,1,1861,12,0.22767930648408224,0.2221703976392746,0.15360106527805328,0.28680703043937683
minigpt4_7b,test,raw_attention,generated_text,1,1861,13,0.15509174680482438,0.13584555685520172,0.07040951400995255,0.2214428186416626
minigpt4_7b,test,raw_attention,generated_text,1,1861,14,0.13151315562847415,0.11105868220329285,0.0870165154337883,0.15725094079971313
minigpt4_7b,test,raw_attention,generated_text,1,1861,15,0.15839831393726533,0.1423489898443222,0.0850038006901741,0.21791313588619232
minigpt4_7b,test,raw_attention,generated_text,1,1861,16,0.1658570406170765,0.14343474805355072,0.10463042557239532,0.2194669246673584
minigpt4_7b,test,raw_attention,generated_text,1,1861,17,0.17188795377319696,0.16932149231433868,0.10861329734325409,0.2212531417608261
minigpt4_7b,test,raw_attention,generated_text,1,1861,18,0.12725655079360357,0.1122175082564354,0.07118545472621918,0.17645707726478577
minigpt4_7b,test,raw_attention,generated_text,1,1861,19,0.09042938037393619,0.07448901236057281,0.058959025889635086,0.11263561248779297
minigpt4_7b,test,raw_attention,generated_text,1,1861,20,0.11755433978291688,0.10502883791923523,0.08662514388561249,0.14246034622192383
minigpt4_7b,test,raw_attention,generated_text,1,1861,21,0.14585474557866338,0.13896286487579346,0.11543455719947815,0.1737460047006607
minigpt4_7b,test,raw_attention,generated_text,1,1861,22,0.08495760050966078,0.07436230778694153,0.06074662506580353,0.09996910393238068
minigpt4_7b,test,raw_attention,generated_text,1,1861,23,0.052290711715048774,0.046294864267110825,0.03487008064985275,0.0644272193312645
minigpt4_7b,test,raw_attention,generated_text,1,1861,24,0.07469466980096315,0.06150876730680466,0.04610317200422287,0.09313355386257172
minigpt4_7b,test,raw_attention,generated_text,1,1861,25,0.047947750929773075,0.03782032057642937,0.02717738412320614,0.061817653477191925
minigpt4_7b,test,raw_attention,generated_text,1,1861,26,0.08560955952923026,0.0804239958524704,0.06045430153608322,0.10523524880409241
minigpt4_7b,test,raw_attention,generated_text,1,1861,27,0.06815703912432446,0.06167139858007431,0.050794221460819244,0.08182398974895477
minigpt4_7b,test,raw_attention,generated_text,1,1861,28,0.04020724097473976,0.03528792783617973,0.025237441062927246,0.04983455315232277
minigpt4_7b,test,raw_attention,generated_text,1,1861,29,0.06836943522852348,0.0628824383020401,0.050554029643535614,0.08070697635412216
minigpt4_7b,test,raw_attention,generated_text,1,1861,30,0.09396779800833777,0.08692629635334015,0.07183573395013809,0.11010579019784927
minigpt4_7b,test,raw_attention,generated_text,1,1861,31,0.11515520870373301,0.10592776536941528,0.08426165580749512,0.13643741607666016
minigpt4_7b,test,raw_attention,generated_text,1,1861,32,0.20445161783634366,0.17064329981803894,0.1317288875579834,0.2490813285112381
minigpt4_7b,test,attention_x_gate,BOS,0,368,1,0.004983789022251427,0.00462313462048769,0.003219300997443497,0.0066233600955456495
minigpt4_7b,test,attention_x_gate,BOS,0,368,2,0.009292495603937783,0.00928180105984211,0.006276534171774983,0.012158939614892006
minigpt4_7b,test,attention_x_gate,BOS,0,368,3,0.025377344801449413,0.026203595101833344,0.008563393028452992,0.039835818111896515
minigpt4_7b,test,attention_x_gate,BOS,0,368,4,0.5051838445755067,0.6987190246582031,1.4370269196817276e-08,0.7212944030761719
minigpt4_7b,test,attention_x_gate,BOS,0,368,5,0.5310106890615158,0.7357683181762695,1.8943881912036886e-06,0.7577645629644394
minigpt4_7b,test,attention_x_gate,BOS,0,368,6,0.5428729218990282,0.7548967897891998,9.834696356847417e-05,0.7739067077636719
minigpt4_7b,test,attention_x_gate,BOS,0,368,7,0.5027361588281487,0.6904869079589844,0.0003921121169696562,0.7222212553024292
minigpt4_7b,test,attention_x_gate,BOS,0,368,8,0.5087807291307093,0.6989697813987732,0.0006783134886063635,0.7315540313720703
minigpt4_7b,test,attention_x_gate,BOS,0,368,9,0.45347260648306276,0.6217663586139679,0.0017019409569911659,0.6570096015930176
minigpt4_7b,test,attention_x_gate,BOS,0,368,10,0.4381577620665002,0.587863564491272,0.005313102796208113,0.6365470886230469
minigpt4_7b,test,attention_x_gate,BOS,0,368,11,0.414626841694824,0.5577137768268585,0.005139933084137738,0.5984644442796707
minigpt4_7b,test,attention_x_gate,BOS,0,368,12,0.3824435978288311,0.5067180097103119,0.005615622270852327,0.552642896771431
minigpt4_7b,test,attention_x_gate,BOS,0,368,13,0.3599179478019686,0.4663192629814148,0.009555790340527892,0.526229590177536
minigpt4_7b,test,attention_x_gate,BOS,0,368,14,0.4193082212217158,0.5474744141101837,0.015945750987157226,0.6160589754581451
minigpt4_7b,test,attention_x_gate,BOS,0,368,15,0.39601762766812526,0.5142300128936768,0.019953072536736727,0.58664870262146
minigpt4_7b,test,attention_x_gate,BOS,0,368,16,0.3666937478344343,0.47138790786266327,0.030033063143491745,0.5581146478652954
minigpt4_7b,test,attention_x_gate,BOS,0,368,17,0.38902371148803744,0.5197736024856567,0.044202725403010845,0.5759999454021454
minigpt4_7b,test,attention_x_gate,BOS,0,368,18,0.4209179208732792,0.5585156679153442,0.07051269337534904,0.6318740695714951
minigpt4_7b,test,attention_x_gate,BOS,0,368,19,0.47263107888910544,0.6342917680740356,0.09441844746470451,0.7191300392150879
minigpt4_7b,test,attention_x_gate,BOS,0,368,20,0.41675450647807566,0.5338165462017059,0.09478878602385521,0.6406979411840439
minigpt4_7b,test,attention_x_gate,BOS,0,368,21,0.44843387786605937,0.614334374666214,0.13544152304530144,0.6795051395893097
minigpt4_7b,test,attention_x_gate,BOS,0,368,22,0.4852764311020413,0.6386470794677734,0.17756427824497223,0.7362556606531143
minigpt4_7b,test,attention_x_gate,BOS,0,368,23,0.5484977844039448,0.7323518991470337,0.20728402212262154,0.8187524229288101
minigpt4_7b,test,attention_x_gate,BOS,0,368,24,0.459390060307383,0.5853379666805267,0.17858003824949265,0.6846286356449127
minigpt4_7b,test,attention_x_gate,BOS,0,368,25,0.5230256823996848,0.6676252782344818,0.2262779176235199,0.7776338458061218
minigpt4_7b,test,attention_x_gate,BOS,0,368,26,0.5182981092777361,0.655005693435669,0.2438158541917801,0.7816260904073715
minigpt4_7b,test,attention_x_gate,BOS,0,368,27,0.5330470495644183,0.6724235713481903,0.23641207441687584,0.8086814433336258
minigpt4_7b,test,attention_x_gate,BOS,0,368,28,0.547355008418811,0.6660296320915222,0.2530291751027107,0.8314415514469147
minigpt4_7b,test,attention_x_gate,BOS,0,368,29,0.49881711100922604,0.5982326865196228,0.24307755753397942,0.7542509585618973
minigpt4_7b,test,attention_x_gate,BOS,0,368,30,0.4811466465666508,0.5466533899307251,0.23887043073773384,0.728368490934372
minigpt4_7b,test,attention_x_gate,BOS,0,368,31,0.4412068036344863,0.4891071617603302,0.24559394642710686,0.6614547371864319
minigpt4_7b,test,attention_x_gate,BOS,0,368,32,0.07964690367984788,0.06841602548956871,0.0411315755918622,0.10766402445733547
minigpt4_7b,test,attention_x_gate,BOS,1,1861,1,0.007820728763038156,0.007451621815562248,0.0054101487621665,0.01028016209602356
minigpt4_7b,test,attention_x_gate,BOS,1,1861,2,0.012907472858949845,0.013444820418953896,0.008397222496569157,0.017480479553341866
minigpt4_7b,test,attention_x_gate,BOS,1,1861,3,0.03331399902613697,0.037606097757816315,0.016601532697677612,0.04844394326210022
minigpt4_7b,test,attention_x_gate,BOS,1,1861,4,0.4483991330146125,0.6797599792480469,2.4112287277944233e-08,0.709197998046875
minigpt4_7b,test,attention_x_gate,BOS,1,1861,5,0.47827180949544323,0.7236328125,2.8707402179861674e-06,0.7572135925292969
minigpt4_7b,test,attention_x_gate,BOS,1,1861,6,0.49012868074751437,0.7458343505859375,5.4792453738627955e-05,0.769378662109375
minigpt4_7b,test,attention_x_gate,BOS,1,1861,7,0.45194021172633836,0.677825927734375,0.0002073407085845247,0.7118377685546875
minigpt4_7b,test,attention_x_gate,BOS,1,1861,8,0.4546841012026889,0.6808433532714844,0.0006999604520387948,0.7127761840820312
minigpt4_7b,test,attention_x_gate,BOS,1,1861,9,0.4099214421063894,0.6082267761230469,0.0014084948925301433,0.644706130027771
minigpt4_7b,test,attention_x_gate,BOS,1,1861,10,0.3692524403107795,0.527531087398529,0.0032867519184947014,0.5799150466918945
minigpt4_7b,test,attention_x_gate,BOS,1,1861,11,0.35881993260700284,0.5079762935638428,0.003834189847111702,0.5671215057373047
minigpt4_7b,test,attention_x_gate,BOS,1,1861,12,0.34242128713916536,0.4935302734375,0.005452953744679689,0.5369714498519897
minigpt4_7b,test,attention_x_gate,BOS,1,1861,13,0.3203458225955059,0.45336341857910156,0.007699973881244659,0.4953967332839966
minigpt4_7b,test,attention_x_gate,BOS,1,1861,14,0.34332281554954697,0.4517306685447693,0.012261811643838882,0.5433874130249023
minigpt4_7b,test,attention_x_gate,BOS,1,1861,15,0.3716597549394257,0.5214865803718567,0.013663946650922298,0.5864458084106445
minigpt4_7b,test,attention_x_gate,BOS,1,1861,16,0.30506033646093456,0.41367968916893005,0.016002442687749863,0.4748544692993164
minigpt4_7b,test,attention_x_gate,BOS,1,1861,17,0.3549024720860637,0.500929594039917,0.03355651721358299,0.5555591583251953
minigpt4_7b,test,attention_x_gate,BOS,1,1861,18,0.3761654899572666,0.5329363942146301,0.05473794788122177,0.5897294282913208
minigpt4_7b,test,attention_x_gate,BOS,1,1861,19,0.4046861586015855,0.5294453501701355,0.07523011416196823,0.6404936909675598
minigpt4_7b,test,attention_x_gate,BOS,1,1861,20,0.35765385409730105,0.4765597879886627,0.07857396453619003,0.5588550567626953
minigpt4_7b,test,attention_x_gate,BOS,1,1861,21,0.407483045961177,0.5676791667938232,0.12165208160877228,0.6386498808860779
minigpt4_7b,test,attention_x_gate,BOS,1,1861,22,0.41791690476314075,0.538800835609436,0.1423484832048416,0.655410647392273
minigpt4_7b,test,attention_x_gate,BOS,1,1861,23,0.5131255270462253,0.7101132869720459,0.18243248760700226,0.8031008839607239
minigpt4_7b,test,attention_x_gate,BOS,1,1861,24,0.3944278630185702,0.5065199136734009,0.14583900570869446,0.6128739714622498
minigpt4_7b,test,attention_x_gate,BOS,1,1861,25,0.47024245677650395,0.6065675020217896,0.18863186240196228,0.7348368763923645
minigpt4_7b,test,attention_x_gate,BOS,1,1861,26,0.49329192320919085,0.6478617787361145,0.20564599335193634,0.7767856121063232
minigpt4_7b,test,attention_x_gate,BOS,1,1861,27,0.5040218122878288,0.6406682133674622,0.21208655834197998,0.8010799288749695
minigpt4_7b,test,attention_x_gate,BOS,1,1861,28,0.514494860195155,0.6545839309692383,0.23026616871356964,0.8178015351295471
minigpt4_7b,test,attention_x_gate,BOS,1,1861,29,0.45345762785377824,0.5590851306915283,0.20955020189285278,0.7037254571914673
minigpt4_7b,test,attention_x_gate,BOS,1,1861,30,0.4563114995416366,0.5387693047523499,0.2253849059343338,0.7167552709579468
minigpt4_7b,test,attention_x_gate,BOS,1,1861,31,0.43571394764976157,0.5110924243927002,0.2246543914079666,0.6705639958381653
minigpt4_7b,test,attention_x_gate,BOS,1,1861,32,0.08319392138246341,0.07847238332033157,0.04641084000468254,0.11085882782936096
minigpt4_7b,test,attention_x_gate,visual,0,368,1,0.06325244528757733,0.056613171473145485,0.03836906608194113,0.08133052103221416
minigpt4_7b,test,attention_x_gate,visual,0,368,2,0.09861775992802628,0.09752622619271278,0.06590620055794716,0.12922779098153114
minigpt4_7b,test,attention_x_gate,visual,0,368,3,0.08041809585056794,0.07809413224458694,0.05052757076919079,0.10773657076060772
minigpt4_7b,test,attention_x_gate,visual,0,368,4,0.06857475755437602,0.05698349140584469,0.038029435090720654,0.09976578317582607
minigpt4_7b,test,attention_x_gate,visual,0,368,5,0.0442160691752139,0.04034949466586113,0.02617970062419772,0.058969197794795036
minigpt4_7b,test,attention_x_gate,visual,0,368,6,0.0526851880713366,0.05097322724759579,0.03549034334719181,0.06799689494073391
minigpt4_7b,test,attention_x_gate,visual,0,368,7,0.05701464287298934,0.049809081479907036,0.03631405159831047,0.07386888191103935
minigpt4_7b,test,attention_x_gate,visual,0,368,8,0.04628607606307766,0.04282648116350174,0.029722921084612608,0.05768974218517542
minigpt4_7b,test,attention_x_gate,visual,0,368,9,0.054815566073596965,0.04765659384429455,0.03162655979394913,0.07009788230061531
minigpt4_7b,test,attention_x_gate,visual,0,368,10,0.08183528748518058,0.0689854547381401,0.04250801261514425,0.10796118713915348
minigpt4_7b,test,attention_x_gate,visual,0,368,11,0.07367859341700198,0.06373397633433342,0.04074067994952202,0.09343327954411507
minigpt4_7b,test,attention_x_gate,visual,0,368,12,0.053735979050701564,0.04863337241113186,0.030937417410314083,0.06819324009120464
minigpt4_7b,test,attention_x_gate,visual,0,368,13,0.10686350760363933,0.09480593353509903,0.056945339776575565,0.14116227254271507
minigpt4_7b,test,attention_x_gate,visual,0,368,14,0.09996421136336563,0.08866746351122856,0.05193803086876869,0.13430191949009895
minigpt4_7b,test,attention_x_gate,visual,0,368,15,0.07870640339198239,0.07129829376935959,0.04265342839062214,0.10116896778345108
minigpt4_7b,test,attention_x_gate,visual,0,368,16,0.12003744512533202,0.09212673828005791,0.056107232347130775,0.17138780653476715
minigpt4_7b,test,attention_x_gate,visual,0,368,17,0.08691883554591028,0.08054299652576447,0.05522419046610594,0.11098687723279
minigpt4_7b,test,attention_x_gate,visual,0,368,18,0.09245306714539132,0.07797777280211449,0.05167174991220236,0.1250119637697935
minigpt4_7b,test,attention_x_gate,visual,0,368,19,0.09445442851511357,0.07630270719528198,0.04684595484286547,0.12854933366179466
minigpt4_7b,test,attention_x_gate,visual,0,368,20,0.12005465730275634,0.1028115265071392,0.0603146655485034,0.16265403479337692
minigpt4_7b,test,attention_x_gate,visual,0,368,21,0.07619479311751606,0.06901076063513756,0.04428632743656635,0.09670609049499035
minigpt4_7b,test,attention_x_gate,visual,0,368,22,0.0835484879789874,0.06609026342630386,0.044840214774012566,0.1043600719422102
minigpt4_7b,test,attention_x_gate,visual,0,368,23,0.03793130343926706,0.03514022007584572,0.027362835593521595,0.04562745243310928
minigpt4_7b,test,attention_x_gate,visual,0,368,24,0.10047035933087539,0.08436046540737152,0.059686824679374695,0.129507414996624
minigpt4_7b,test,attention_x_gate,visual,0,368,25,0.06138467232686589,0.048339394852519035,0.03243269585072994,0.07824422791600227
minigpt4_7b,test,attention_x_gate,visual,0,368,26,0.03006311261560768,0.027350736781954765,0.019909088034182787,0.037634069100022316
minigpt4_7b,test,attention_x_gate,visual,0,368,27,0.028914593195583184,0.02650284580886364,0.020914373453706503,0.03482314571738243
minigpt4_7b,test,attention_x_gate,visual,0,368,28,0.028482582412518397,0.026727600023150444,0.0213679987937212,0.033635410480201244
minigpt4_7b,test,attention_x_gate,visual,0,368,29,0.050044741853565465,0.045740701258182526,0.03304830100387335,0.06146606896072626
minigpt4_7b,test,attention_x_gate,visual,0,368,30,0.03563378659664127,0.031898027285933495,0.02538604661822319,0.04317703563719988
minigpt4_7b,test,attention_x_gate,visual,0,368,31,0.04320196542666172,0.04087991453707218,0.03498688247054815,0.05071889329701662
minigpt4_7b,test,attention_x_gate,visual,0,368,32,0.15199210074649233,0.14894632250070572,0.11595926247537136,0.18009312078356743
minigpt4_7b,test,attention_x_gate,visual,1,1861,1,0.09798469980012611,0.09735522419214249,0.06463440507650375,0.12954659759998322
minigpt4_7b,test,attention_x_gate,visual,1,1861,2,0.1284084608117774,0.1289723813533783,0.08925136178731918,0.16567456722259521
minigpt4_7b,test,attention_x_gate,visual,1,1861,3,0.1098764979684388,0.10813216120004654,0.07017218321561813,0.1458028107881546
minigpt4_7b,test,attention_x_gate,visual,1,1861,4,0.09019334869852619,0.08427995443344116,0.0489412285387516,0.1289834827184677
minigpt4_7b,test,attention_x_gate,visual,1,1861,5,0.059782846180711106,0.057615041732788086,0.03903960436582565,0.07814523577690125
minigpt4_7b,test,attention_x_gate,visual,1,1861,6,0.07407812709449192,0.06941353529691696,0.05034296587109566,0.09508151561021805
minigpt4_7b,test,attention_x_gate,visual,1,1861,7,0.08933741632901024,0.08505681902170181,0.06026524677872658,0.11681436002254486
minigpt4_7b,test,attention_x_gate,visual,1,1861,8,0.07198688929399084,0.06734777241945267,0.04850344732403755,0.09408322721719742
minigpt4_7b,test,attention_x_gate,visual,1,1861,9,0.0874355911752154,0.0842103585600853,0.05811266973614693,0.11449229717254639
minigpt4_7b,test,attention_x_gate,visual,1,1861,10,0.1400287605367685,0.1377021223306656,0.09021081775426865,0.1914689838886261
minigpt4_7b,test,attention_x_gate,visual,1,1861,11,0.13578178219383102,0.13469399511814117,0.08635502308607101,0.18411925435066223
minigpt4_7b,test,attention_x_gate,visual,1,1861,12,0.10392496460915605,0.09733747690916061,0.0646379142999649,0.13584020733833313
minigpt4_7b,test,attention_x_gate,visual,1,1861,13,0.182786854202191,0.18603698909282684,0.12890243530273438,0.24070236086845398
minigpt4_7b,test,attention_x_gate,visual,1,1861,14,0.18483014838056402,0.185684934258461,0.12725867331027985,0.24177107214927673
minigpt4_7b,test,attention_x_gate,visual,1,1861,15,0.136760359376765,0.13388165831565857,0.09692931175231934,0.1725422590970993
minigpt4_7b,test,attention_x_gate,visual,1,1861,16,0.22192071305466782,0.22905494272708893,0.15625973045825958,0.29357588291168213
minigpt4_7b,test,attention_x_gate,visual,1,1861,17,0.14169136731955936,0.1363425999879837,0.09664043039083481,0.18370084464550018
minigpt4_7b,test,attention_x_gate,visual,1,1861,18,0.16660359985766104,0.17119254171848297,0.11892251670360565,0.21766053140163422
minigpt4_7b,test,attention_x_gate,visual,1,1861,19,0.17589907967302826,0.1805219203233719,0.12358986586332321,0.2287653535604477
minigpt4_7b,test,attention_x_gate,visual,1,1861,20,0.20686718679299956,0.21496552228927612,0.15360799431800842,0.26571354269981384
minigpt4_7b,test,attention_x_gate,visual,1,1861,21,0.1255481124478745,0.12485489249229431,0.08856756240129471,0.1612488180398941
minigpt4_7b,test,attention_x_gate,visual,1,1861,22,0.15703256553602452,0.1551576852798462,0.1030290350317955,0.20616768300533295
minigpt4_7b,test,attention_x_gate,visual,1,1861,23,0.0592221607864984,0.05770520865917206,0.04348248615860939,0.07320191711187363
minigpt4_7b,test,attention_x_gate,visual,1,1861,24,0.1696902184823727,0.17058584094047546,0.12983787059783936,0.21121354401111603
minigpt4_7b,test,attention_x_gate,visual,1,1861,25,0.11308211529870657,0.11325323581695557,0.07606316357851028,0.14642582833766937
minigpt4_7b,test,attention_x_gate,visual,1,1861,26,0.0498463350124477,0.05009867623448372,0.03699476271867752,0.06162381172180176
minigpt4_7b,test,attention_x_gate,visual,1,1861,27,0.045121584753198114,0.043684281408786774,0.0328795462846756,0.055505186319351196
minigpt4_7b,test,attention_x_gate,visual,1,1861,28,0.041606842507175355,0.04072573408484459,0.030612129718065262,0.051548853516578674
minigpt4_7b,test,attention_x_gate,visual,1,1861,29,0.08422566399084327,0.0833185538649559,0.06116955354809761,0.10558989644050598
minigpt4_7b,test,attention_x_gate,visual,1,1861,30,0.05657731348869863,0.05606266111135483,0.04297199100255966,0.06889042258262634
minigpt4_7b,test,attention_x_gate,visual,1,1861,31,0.055057047025041835,0.05432979390025139,0.04418405145406723,0.06426092982292175
minigpt4_7b,test,attention_x_gate,visual,1,1861,32,0.20784032242928122,0.2040529102087021,0.16490653157234192,0.24917416274547577
minigpt4_7b,test,attention_x_gate,prompt,0,368,1,0.13332503892319358,0.12032268941402435,0.09350120276212692,0.16944274306297302
minigpt4_7b,test,attention_x_gate,prompt,0,368,2,0.15268021617489663,0.14649441093206406,0.11399010568857193,0.1852826029062271
minigpt4_7b,test,attention_x_gate,prompt,0,368,3,0.17943464824929833,0.1723473072052002,0.1427677869796753,0.21634355187416077
minigpt4_7b,test,attention_x_gate,prompt,0,368,4,0.006993658158614341,0.006820004200562835,0.005631690262816846,0.008095984812825918
minigpt4_7b,test,attention_x_gate,prompt,0,368,5,0.005120640752189185,0.004907830152660608,0.0038724300102330744,0.006102107116021216
minigpt4_7b,test,attention_x_gate,prompt,0,368,6,0.0060937027098945055,0.005819645477458835,0.004712149850092828,0.007166041759774089
minigpt4_7b,test,attention_x_gate,prompt,0,368,7,0.005949613503775175,0.005740976193919778,0.004251930047757924,0.007162901456467807
minigpt4_7b,test,attention_x_gate,prompt,0,368,8,0.008018300354824927,0.007759912172332406,0.005589581560343504,0.010062279645353556
minigpt4_7b,test,attention_x_gate,prompt,0,368,9,0.009816482206983694,0.009165850467979908,0.006780050112865865,0.012149618472903967
minigpt4_7b,test,attention_x_gate,prompt,0,368,10,0.010101058556440124,0.0084009924903512,0.006324542337097228,0.011955170193687081
minigpt4_7b,test,attention_x_gate,prompt,0,368,11,0.01176922403480959,0.01043632160872221,0.00755837420001626,0.014604153577238321
minigpt4_7b,test,attention_x_gate,prompt,0,368,12,0.0119563890785566,0.010455173905938864,0.007933200802654028,0.015102597419172525
minigpt4_7b,test,attention_x_gate,prompt,0,368,13,0.014712364253405805,0.012916740030050278,0.00871631084010005,0.018588365986943245
minigpt4_7b,test,attention_x_gate,prompt,0,368,14,0.010867163731587503,0.009488604497164488,0.006914198282174766,0.013651479501277208
minigpt4_7b,test,attention_x_gate,prompt,0,368,15,0.009881717026038805,0.008627986069768667,0.00640774134080857,0.01177825964987278
minigpt4_7b,test,attention_x_gate,prompt,0,368,16,0.00821322296257637,0.007541652070358396,0.004904847708530724,0.010598456487059593
minigpt4_7b,test,attention_x_gate,prompt,0,368,17,0.009451421333600909,0.008752525318413973,0.006315459148027003,0.011903383070603013
minigpt4_7b,test,attention_x_gate,prompt,0,368,18,0.007996958882279654,0.007082941476255655,0.005324544734321535,0.009832388954237103
minigpt4_7b,test,attention_x_gate,prompt,0,368,19,0.007479607270595253,0.00662939203903079,0.0049427932826802135,0.009300904581323266
minigpt4_7b,test,attention_x_gate,prompt,0,368,20,0.006901888428610223,0.005983354756608605,0.004498181049712002,0.008483185200020671
minigpt4_7b,test,attention_x_gate,prompt,0,368,21,0.006281910628034814,0.005581646924838424,0.0043245627311989665,0.007660928298719227
minigpt4_7b,test,attention_x_gate,prompt,0,368,22,0.005760893200678528,0.005186258116737008,0.003979659755714238,0.006829346530139446
minigpt4_7b,test,attention_x_gate,prompt,0,368,23,0.006737573729048524,0.006407167296856642,0.005222606938332319,0.008031855570152402
minigpt4_7b,test,attention_x_gate,prompt,0,368,24,0.008511141525282848,0.007795024663209915,0.006276992266066372,0.010353007819503546
minigpt4_7b,test,attention_x_gate,prompt,0,368,25,0.004955983179768183,0.004542727489024401,0.003636921930592507,0.005757374339736998
minigpt4_7b,test,attention_x_gate,prompt,0,368,26,0.005080641968284592,0.004586251685395837,0.003660732530988753,0.006135999690741301
minigpt4_7b,test,attention_x_gate,prompt,0,368,27,0.004471388078894486,0.004158678464591503,0.0032289284863509238,0.005258582183159888
minigpt4_7b,test,attention_x_gate,prompt,0,368,28,0.005699182947864756,0.005041258409619331,0.00403282861225307,0.006783104036003351
minigpt4_7b,test,attention_x_gate,prompt,0,368,29,0.008800004308400474,0.008216908667236567,0.0065826402278617024,0.010431839618831873
minigpt4_7b,test,attention_x_gate,prompt,0,368,30,0.007292765777294889,0.0062808264046907425,0.0050593900959938765,0.008565706200897694
minigpt4_7b,test,attention_x_gate,prompt,0,368,31,0.008183991364405854,0.007863203529268503,0.006464150384999812,0.009698419133201241
minigpt4_7b,test,attention_x_gate,prompt,0,368,32,0.02687749802134931,0.02542935125529766,0.02096586162224412,0.030460401438176632
minigpt4_7b,test,attention_x_gate,prompt,1,1861,1,0.22548425746486112,0.2356511652469635,0.17379190027713776,0.28534403443336487
minigpt4_7b,test,attention_x_gate,prompt,1,1861,2,0.22214776574804665,0.2194797843694687,0.1718989759683609,0.27479010820388794
minigpt4_7b,test,attention_x_gate,prompt,1,1861,3,0.2305450248244243,0.2318461686372757,0.18416908383369446,0.2746463716030121
minigpt4_7b,test,attention_x_gate,prompt,1,1861,4,0.010536851525038464,0.009998642839491367,0.00801206286996603,0.013224763795733452
minigpt4_7b,test,attention_x_gate,prompt,1,1861,5,0.008187402323079043,0.007965280674397945,0.00596366124227643,0.010349875316023827
minigpt4_7b,test,attention_x_gate,prompt,1,1861,6,0.009677116364022454,0.008660371415317059,0.006365720182657242,0.012569584883749485
minigpt4_7b,test,attention_x_gate,prompt,1,1861,7,0.010450540274738953,0.009231982752680779,0.006565725430846214,0.013426357880234718
minigpt4_7b,test,attention_x_gate,prompt,1,1861,8,0.015234903068482387,0.012769916094839573,0.009206606075167656,0.021240234375
minigpt4_7b,test,attention_x_gate,prompt,1,1861,9,0.01800870600562845,0.0154800396412611,0.011031338013708591,0.023835916072130203
minigpt4_7b,test,attention_x_gate,prompt,1,1861,10,0.024534769313838304,0.018259497359395027,0.011771243996918201,0.03149668127298355
minigpt4_7b,test,attention_x_gate,prompt,1,1861,11,0.023151590556660964,0.019139211624860764,0.013673304580152035,0.030012115836143494
minigpt4_7b,test,attention_x_gate,prompt,1,1861,12,0.023671384118117037,0.020950976759195328,0.014573258347809315,0.033515673130750656
minigpt4_7b,test,attention_x_gate,prompt,1,1861,13,0.02380297515832322,0.020319052040576935,0.014787412248551846,0.03287222608923912
minigpt4_7b,test,attention_x_gate,prompt,1,1861,14,0.01998136769870095,0.01717008464038372,0.01170454639941454,0.026967793703079224
minigpt4_7b,test,attention_x_gate,prompt,1,1861,15,0.015694466631955627,0.01350371353328228,0.009610282257199287,0.021750371903181076
minigpt4_7b,test,attention_x_gate,prompt,1,1861,16,0.014344745187810985,0.012507623061537743,0.008693543262779713,0.018776100128889084
minigpt4_7b,test,attention_x_gate,prompt,1,1861,17,0.016398917338903442,0.015302121639251709,0.011081395670771599,0.021552396938204765
minigpt4_7b,test,attention_x_gate,prompt,1,1861,18,0.015213020508776107,0.012652115896344185,0.00858884584158659,0.020899593830108643
minigpt4_7b,test,attention_x_gate,prompt,1,1861,19,0.013108760821542961,0.0105437021702528,0.007508498150855303,0.016673477366566658
minigpt4_7b,test,attention_x_gate,prompt,1,1861,20,0.013858983424291503,0.010999348014593124,0.007468836847692728,0.017540575936436653
minigpt4_7b,test,attention_x_gate,prompt,1,1861,21,0.01303655646009744,0.010529955849051476,0.00722679914906621,0.01690930314362049
minigpt4_7b,test,attention_x_gate,prompt,1,1861,22,0.011377949530420418,0.008718747645616531,0.005956037435680628,0.015086210332810879
minigpt4_7b,test,attention_x_gate,prompt,1,1861,23,0.010637530941773388,0.009588758461177349,0.0070387921296060085,0.013939735479652882
minigpt4_7b,test,attention_x_gate,prompt,1,1861,24,0.015395392217507716,0.012985982932150364,0.009579318575561047,0.02032436430454254
minigpt4_7b,test,attention_x_gate,prompt,1,1861,25,0.009402013715379859,0.007588984910398722,0.005275536794215441,0.0127562265843153
minigpt4_7b,test,attention_x_gate,prompt,1,1861,26,0.009353708586926296,0.008608161471784115,0.006056945770978928,0.012317818589508533
minigpt4_7b,test,attention_x_gate,prompt,1,1861,27,0.008260367920685786,0.007283050566911697,0.005071958526968956,0.011334728449583054
minigpt4_7b,test,attention_x_gate,prompt,1,1861,28,0.010011890271057018,0.009765122085809708,0.007127363234758377,0.012596698477864265
minigpt4_7b,test,attention_x_gate,prompt,1,1861,29,0.015461074670152173,0.013676920905709267,0.009953400120139122,0.02016255259513855
minigpt4_7b,test,attention_x_gate,prompt,1,1861,30,0.015078562701422238,0.014181705191731453,0.009514029137790203,0.020523404702544212
minigpt4_7b,test,attention_x_gate,prompt,1,1861,31,0.012188530161732599,0.011262034066021442,0.008899323642253876,0.01495757419615984
minigpt4_7b,test,attention_x_gate,prompt,1,1861,32,0.04577500423819852,0.044226888567209244,0.032959628850221634,0.057187266647815704
minigpt4_7b,test,attention_x_gate,generated_text,0,368,1,0.29569862821422843,0.31658703088760376,0.2476847507059574,0.354252852499485
minigpt4_7b,test,attention_x_gate,generated_text,0,368,2,0.272069771186975,0.2777393162250519,0.2197847105562687,0.32802873104810715
minigpt4_7b,test,attention_x_gate,generated_text,0,368,3,0.25030681567833474,0.2533279359340668,0.20398489013314247,0.29896993935108185
minigpt4_7b,test,attention_x_gate,generated_text,0,368,4,0.058038250907607704,0.05846772342920303,0.0510494913905859,0.06422212161123753
minigpt4_7b,test,attention_x_gate,generated_text,0,368,5,0.07761486487098686,0.07636266201734543,0.0646764487028122,0.08916042186319828
minigpt4_7b,test,attention_x_gate,generated_text,0,368,6,0.05815668621748362,0.057026565074920654,0.04912497755140066,0.06675801984965801
minigpt4_7b,test,attention_x_gate,generated_text,0,368,7,0.08997134982770227,0.08684602752327919,0.0712764672935009,0.10717001929879189
minigpt4_7b,test,attention_x_gate,generated_text,0,368,8,0.09160336610638416,0.08882972970604897,0.07357681542634964,0.10839962586760521
minigpt4_7b,test,attention_x_gate,generated_text,0,368,9,0.13025434605736771,0.13099395483732224,0.11140679009258747,0.1469801887869835
minigpt4_7b,test,attention_x_gate,generated_text,0,368,10,0.11688139394391328,0.11521855369210243,0.09851440973579884,0.13374290987849236
minigpt4_7b,test,attention_x_gate,generated_text,0,368,11,0.13995521739327713,0.13809534162282944,0.11266546882688999,0.1664186455309391
minigpt4_7b,test,attention_x_gate,generated_text,0,368,12,0.19073355291038752,0.1872522383928299,0.16421888768672943,0.21665683016180992
minigpt4_7b,test,attention_x_gate,generated_text,0,368,13,0.15490458297300275,0.15592724084854126,0.12506377883255482,0.18864397704601288
minigpt4_7b,test,attention_x_gate,generated_text,0,368,14,0.11618987405571439,0.11821494996547699,0.08547286875545979,0.14504879340529442
minigpt4_7b,test,attention_x_gate,generated_text,0,368,15,0.15198071778792402,0.1536337435245514,0.12402094900608063,0.1779826283454895
minigpt4_7b,test,attention_x_gate,generated_text,0,368,16,0.15728882117115933,0.1590426340699196,0.12900160625576973,0.18266231194138527
minigpt4_7b,test,attention_x_gate,generated_text,0,368,17,0.16263704211451113,0.1606634184718132,0.14504336193203926,0.18304802477359772
minigpt4_7b,test,attention_x_gate,generated_text,0,368,18,0.1365787174512187,0.1380530670285225,0.11355613358318806,0.15998412296175957
minigpt4_7b,test,attention_x_gate,generated_text,0,368,19,0.09066748349805889,0.08773966506123543,0.07280527427792549,0.11100057326257229
minigpt4_7b,test,attention_x_gate,generated_text,0,368,20,0.12010021960241316,0.1160811260342598,0.09717864543199539,0.13699335977435112
minigpt4_7b,test,attention_x_gate,generated_text,0,368,21,0.14071142494314068,0.1402527391910553,0.1218183059245348,0.15722956508398056
minigpt4_7b,test,attention_x_gate,generated_text,0,368,22,0.08456732916301521,0.08292621001601219,0.06582666002213955,0.09923529997467995
minigpt4_7b,test,attention_x_gate,generated_text,0,368,23,0.05289441205905345,0.04982486553490162,0.0409982455894351,0.06079626735299826
minigpt4_7b,test,attention_x_gate,generated_text,0,368,24,0.0805561069915395,0.0761013962328434,0.06125190854072571,0.097292834892869
minigpt4_7b,test,attention_x_gate,generated_text,0,368,25,0.05635501976433696,0.05388048104941845,0.040758077055215836,0.069024458527565
minigpt4_7b,test,attention_x_gate,generated_text,0,368,26,0.09327545073693214,0.08781212568283081,0.07561610639095306,0.10733372531831264
minigpt4_7b,test,attention_x_gate,generated_text,0,368,27,0.0717545140473901,0.0695689283311367,0.05743890628218651,0.0819643996655941
minigpt4_7b,test,attention_x_gate,generated_text,0,368,28,0.04456504530769408,0.04120989702641964,0.031614212319254875,0.05348392575979233
minigpt4_7b,test,attention_x_gate,generated_text,0,368,29,0.070954129894507,0.06821075081825256,0.058537235483527184,0.08142976276576519
minigpt4_7b,test,attention_x_gate,generated_text,0,368,30,0.1003170873787578,0.09953596070408821,0.08094567619264126,0.11936209909617901
minigpt4_7b,test,attention_x_gate,generated_text,0,368,31,0.134651487612206,0.13075802475214005,0.11111359670758247,0.15462231636047363
minigpt4_7b,test,attention_x_gate,generated_text,0,368,32,0.23428102633308456,0.23344049602746964,0.2003338523209095,0.26811229437589645
minigpt4_7b,test,attention_x_gate,generated_text,1,1861,1,0.17513169929353156,0.1534866988658905,0.08524962514638901,0.24222628772258759
minigpt4_7b,test,attention_x_gate,generated_text,1,1861,2,0.18181953767353587,0.1596086472272873,0.11975428462028503,0.2266790270805359
minigpt4_7b,test,attention_x_gate,generated_text,1,1861,3,0.17394064041730348,0.15505753457546234,0.12053504586219788,0.21001917123794556
minigpt4_7b,test,attention_x_gate,generated_text,1,1861,4,0.05110508765302667,0.05107901617884636,0.04106796160340309,0.059386756271123886
minigpt4_7b,test,attention_x_gate,generated_text,1,1861,5,0.06559925162359023,0.063886858522892,0.04982224479317665,0.0790102407336235
minigpt4_7b,test,attention_x_gate,generated_text,1,1861,6,0.04146307113709019,0.041522275656461716,0.027288932353258133,0.05208748206496239
minigpt4_7b,test,attention_x_gate,generated_text,1,1861,7,0.06253634908170004,0.057783592492341995,0.040454864501953125,0.08093081414699554
minigpt4_7b,test,attention_x_gate,generated_text,1,1861,8,0.0696133098163187,0.06738962978124619,0.051886070519685745,0.08301758021116257
minigpt4_7b,test,attention_x_gate,generated_text,1,1861,9,0.09927564686637678,0.09730586409568787,0.07653044909238815,0.1171344518661499
minigpt4_7b,test,attention_x_gate,generated_text,1,1861,10,0.08040731125608815,0.07806169986724854,0.04415174573659897,0.10866604745388031
minigpt4_7b,test,attention_x_gate,generated_text,1,1861,11,0.09591968426924281,0.09000057727098465,0.06065858528017998,0.12524481117725372
minigpt4_7b,test,attention_x_gate,generated_text,1,1861,12,0.14793563735947085,0.14549435675144196,0.10632921755313873,0.18368032574653625
minigpt4_7b,test,attention_x_gate,generated_text,1,1861,13,0.09699781500763915,0.08754315227270126,0.04968767985701561,0.135811448097229
minigpt4_7b,test,attention_x_gate,generated_text,1,1861,14,0.08661450068819176,0.07702212780714035,0.06031055748462677,0.10277802497148514
minigpt4_7b,test,attention_x_gate,generated_text,1,1861,15,0.10643031240642584,0.09601660072803497,0.06501749902963638,0.14249654114246368
minigpt4_7b,test,attention_x_gate,generated_text,1,1861,16,0.11488833600502063,0.10555367171764374,0.07601109147071838,0.14519263803958893
minigpt4_7b,test,attention_x_gate,generated_text,1,1861,17,0.1271857321993005,0.12719663977622986,0.09241874516010284,0.1587541103363037
minigpt4_7b,test,attention_x_gate,generated_text,1,1861,18,0.09441634476052728,0.08669977635145187,0.05852228403091431,0.12749242782592773
minigpt4_7b,test,attention_x_gate,generated_text,1,1861,19,0.07054228247240914,0.06196747347712517,0.04662282392382622,0.08643794804811478
minigpt4_7b,test,attention_x_gate,generated_text,1,1861,20,0.09496675528413759,0.0895874947309494,0.07468366622924805,0.11053641140460968
minigpt4_7b,test,attention_x_gate,generated_text,1,1861,21,0.12405540586750972,0.12114419043064117,0.09995619207620621,0.14757168292999268
minigpt4_7b,test,attention_x_gate,generated_text,1,1861,22,0.07261467708523943,0.06629744917154312,0.05461728200316429,0.08393773436546326
minigpt4_7b,test,attention_x_gate,generated_text,1,1861,23,0.043196707301358266,0.04041758552193642,0.030920306220650673,0.0514434389770031
minigpt4_7b,test,attention_x_gate,generated_text,1,1861,24,0.060652027776377744,0.052455075085163116,0.04104464501142502,0.07742767035961151
minigpt4_7b,test,attention_x_gate,generated_text,1,1861,25,0.03817685837754835,0.03111163340508938,0.02274659462273121,0.048639073967933655
minigpt4_7b,test,attention_x_gate,generated_text,1,1861,26,0.0743099540934439,0.0705113410949707,0.05424635484814644,0.08912600576877594
minigpt4_7b,test,attention_x_gate,generated_text,1,1861,27,0.05810961527234441,0.054619740694761276,0.04533857852220535,0.06701388210058212
minigpt4_7b,test,attention_x_gate,generated_text,1,1861,28,0.0339416842417234,0.030386922881007195,0.022968042641878128,0.0414796844124794
minigpt4_7b,test,attention_x_gate,generated_text,1,1861,29,0.05934878624675416,0.05603882297873497,0.04619361087679863,0.07018338143825531
minigpt4_7b,test,attention_x_gate,generated_text,1,1861,30,0.0796653014617236,0.07586941868066788,0.06414742022752762,0.09113768488168716
minigpt4_7b,test,attention_x_gate,generated_text,1,1861,31,0.1021429041139321,0.09586898237466812,0.07966769486665726,0.11826476454734802
minigpt4_7b,test,attention_x_gate,generated_text,1,1861,32,0.16884867917428023,0.1548604965209961,0.12643659114837646,0.20308463275432587
