model,feature,feature_dim,group,seed,threshold_rule,threshold,optimization_images,config,auc,accuracy,real_aupr,real_precision,real_recall,real_f1,hallucination_aupr,hallucination_precision,hallucination_recall,hallucination_f1
qwen2_5_vl_7b,AE+log1p(raw_S),56,fixed_arch0,43,fixed_0.5,0.5,2560,"{""batch_norm"": false, ""batch_size"": 128, ""dropout"": 0.0, ""hidden_sizes"": [], ""learning_rate"": 0.001, ""standardize"": true, ""weight_decay"": 1e-05}",0.8329646837197981,0.8879907621247113,0.9758556163928591,0.9030339083878643,0.9799870884441575,0.939938080495356,0.36269226144858013,0.39215686274509803,0.1092896174863388,0.17094017094017094
qwen2_5_vl_7b,AE+log1p(raw_S),56,fixed_arch0,43,train_f1,0.4540516436100006,2560,"{""batch_norm"": false, ""batch_size"": 128, ""dropout"": 0.0, ""hidden_sizes"": [], ""learning_rate"": 0.001, ""standardize"": true, ""weight_decay"": 1e-05}",0.8329646837197981,0.8931870669745958,0.9758556163928591,0.9016489988221437,0.9883795997417689,0.9430243301509086,0.36269226144858013,0.47058823529411764,0.08743169398907104,0.14746543778801843
qwen2_5_vl_7b,AE+log1p(raw_S),56,fixed_arch0,44,fixed_0.5,0.5,2560,"{""batch_norm"": false, ""batch_size"": 128, ""dropout"": 0.0, ""hidden_sizes"": [], ""learning_rate"": 0.001, ""standardize"": true, ""weight_decay"": 1e-05}",0.8320121918953529,0.8920323325635104,0.975627198978078,0.9024822695035462,0.9857972885732731,0.9423017587164455,0.359008584748109,0.45,0.09836065573770492,0.16143497757847533
qwen2_5_vl_7b,AE+log1p(raw_S),56,fixed_arch0,44,train_f1,0.529541552066803,2560,"{""batch_norm"": false, ""batch_size"": 128, ""dropout"": 0.0, ""hidden_sizes"": [], ""learning_rate"": 0.001, ""standardize"": true, ""weight_decay"": 1e-05}",0.8320121918953529,0.8885681293302541,0.975627198978078,0.9040524433849821,0.9793415106520336,0.9401921289123024,0.359008584748109,0.4074074074074074,0.12021857923497267,0.18565400843881857
qwen2_5_vl_7b,AE+log1p(raw_S),56,fixed_arch0,45,fixed_0.5,0.5,2560,"{""batch_norm"": false, ""batch_size"": 128, ""dropout"": 0.0, ""hidden_sizes"": [], ""learning_rate"": 0.001, ""standardize"": true, ""weight_decay"": 1e-05}",0.8311937544758295,0.8914549653579676,0.9754156758775423,0.9019492025989368,0.9857972885732731,0.9420111042566317,0.3549717783955862,0.4358974358974359,0.09289617486338798,0.15315315315315314
qwen2_5_vl_7b,AE+log1p(raw_S),56,fixed_arch0,45,train_f1,0.4379875063896179,2560,"{""batch_norm"": false, ""batch_size"": 128, ""dropout"": 0.0, ""hidden_sizes"": [], ""learning_rate"": 0.001, ""standardize"": true, ""weight_decay"": 1e-05}",0.8311937544758295,0.8960739030023095,0.9754156758775423,0.9014662756598241,0.9922530664945126,0.9446834665027658,0.3549717783955862,0.5555555555555556,0.08196721311475409,0.14285714285714285
qwen2_5_vl_7b,AE+log1p(raw_S),56,fixed_arch0,ensemble,fixed_0.5,0.5,2560,"{""batch_norm"": false, ""batch_size"": 128, ""dropout"": 0.0, ""hidden_sizes"": [], ""learning_rate"": 0.001, ""standardize"": true, ""weight_decay"": 1e-05}",0.8325237152825549,0.890877598152425,0.9756855271815963,0.9023668639053254,0.9845061329890252,0.941648656992899,0.3600255724108621,0.42857142857142855,0.09836065573770492,0.16
qwen2_5_vl_7b,AE+log1p(raw_S),56,fixed_arch0,ensemble,train_f1,0.4432426393032074,2560,"{""batch_norm"": false, ""batch_size"": 128, ""dropout"": 0.0, ""hidden_sizes"": [], ""learning_rate"": 0.001, ""standardize"": true, ""weight_decay"": 1e-05}",0.8325237152825549,0.8943418013856813,0.9756855271815963,0.9012925969447708,0.9903163331181407,0.9437096278068287,0.3600255724108621,0.5,0.08196721311475409,0.14084507042253522
qwen2_5_vl_7b,AE+log1p(raw_S),56,fixed_arch1,43,fixed_0.5,0.5,2560,"{""batch_norm"": false, ""batch_size"": 128, ""dropout"": 0.1, ""hidden_sizes"": [128], ""learning_rate"": 0.001, ""standardize"": true, ""weight_decay"": 1e-05}",0.8671344459848942,0.8978060046189377,0.9817873732437881,0.917783191230207,0.972885732730794,0.9445314948292072,0.4386568039727792,0.5333333333333333,0.26229508196721313,0.3516483516483517
qwen2_5_vl_7b,AE+log1p(raw_S),56,fixed_arch1,43,train_f1,0.49872639775276184,2560,"{""batch_norm"": false, ""batch_size"": 128, ""dropout"": 0.1, ""hidden_sizes"": [128], ""learning_rate"": 0.001, ""standardize"": true, ""weight_decay"": 1e-05}",0.8671344459848942,0.8972286374133949,0.9817873732437881,0.9172245891661595,0.972885732730794,0.9442355889724311,0.4386568039727792,0.5280898876404494,0.2568306010928962,0.34558823529411764
qwen2_5_vl_7b,AE+log1p(raw_S),56,fixed_arch1,44,fixed_0.5,0.5,2560,"{""batch_norm"": false, ""batch_size"": 128, ""dropout"": 0.1, ""hidden_sizes"": [128], ""learning_rate"": 0.001, ""standardize"": true, ""weight_decay"": 1e-05}",0.858346826967513,0.8966512702078522,0.9801968912938935,0.9161603888213852,0.973531310522918,0.9439749608763693,0.41448430341848636,0.5232558139534884,0.2459016393442623,0.3345724907063197
qwen2_5_vl_7b,AE+log1p(raw_S),56,fixed_arch1,44,train_f1,0.47877171635627747,2560,"{""batch_norm"": false, ""batch_size"": 128, ""dropout"": 0.1, ""hidden_sizes"": [128], ""learning_rate"": 0.001, ""standardize"": true, ""weight_decay"": 1e-05}",0.858346826967513,0.8978060046189377,0.9801968912938935,0.9142512077294686,0.9774047772756617,0.944773790951638,0.41448430341848636,0.5394736842105263,0.22404371584699453,0.3166023166023166
qwen2_5_vl_7b,AE+log1p(raw_S),56,fixed_arch1,45,fixed_0.5,0.5,2560,"{""batch_norm"": false, ""batch_size"": 128, ""dropout"": 0.1, ""hidden_sizes"": [128], ""learning_rate"": 0.001, ""standardize"": true, ""weight_decay"": 1e-05}",0.8625307355000759,0.9035796766743649,0.9809839412831298,0.9172705314009661,0.9806326662362814,0.9478939157566303,0.4233343158389278,0.6052631578947368,0.25136612021857924,0.3552123552123552
qwen2_5_vl_7b,AE+log1p(raw_S),56,fixed_arch1,45,train_f1,0.5666446685791016,2560,"{""batch_norm"": false, ""batch_size"": 128, ""dropout"": 0.1, ""hidden_sizes"": [128], ""learning_rate"": 0.001, ""standardize"": true, ""weight_decay"": 1e-05}",0.8625307355000759,0.9018475750577367,0.9809839412831298,0.9201706276660573,0.9748224661071659,0.9467084639498433,0.4233343158389278,0.5714285714285714,0.28415300546448086,0.3795620437956204
qwen2_5_vl_7b,AE+log1p(raw_S),56,fixed_arch1,ensemble,fixed_0.5,0.5,2560,"{""batch_norm"": false, ""batch_size"": 128, ""dropout"": 0.1, ""hidden_sizes"": [128], ""learning_rate"": 0.001, ""standardize"": true, ""weight_decay"": 1e-05}",0.8664959236877661,0.8995381062355658,0.9815201007964929,0.9149064574532287,0.9786959328599096,0.9457267623206488,0.43033134855612465,0.56,0.22950819672131148,0.32558139534883723
qwen2_5_vl_7b,AE+log1p(raw_S),56,fixed_arch1,ensemble,train_f1,0.5688642859458923,2560,"{""batch_norm"": false, ""batch_size"": 128, ""dropout"": 0.1, ""hidden_sizes"": [128], ""learning_rate"": 0.001, ""standardize"": true, ""weight_decay"": 1e-05}",0.8664959236877661,0.8983833718244804,0.9815201007964929,0.9209074187614961,0.9696578437701743,0.9446540880503145,0.43033134855612465,0.5346534653465347,0.29508196721311475,0.38028169014084506
qwen2_5_vl_7b,AE+log1p(raw_S),56,fixed_arch2,43,fixed_0.5,0.5,2560,"{""batch_norm"": false, ""batch_size"": 128, ""dropout"": 0.1, ""hidden_sizes"": [256], ""learning_rate"": 0.001, ""standardize"": true, ""weight_decay"": 1e-05}",0.8639453622467519,0.9053117782909931,0.9809589685514225,0.9169175195665262,0.9832149774047773,0.9489096573208723,0.43500143974659755,0.6338028169014085,0.2459016393442623,0.3543307086614173
qwen2_5_vl_7b,AE+log1p(raw_S),56,fixed_arch2,43,train_f1,0.6438159942626953,2560,"{""batch_norm"": false, ""batch_size"": 128, ""dropout"": 0.1, ""hidden_sizes"": [256], ""learning_rate"": 0.001, ""standardize"": true, ""weight_decay"": 1e-05}",0.8639453622467519,0.8995381062355658,0.9809589685514225,0.9251700680272109,0.9657843770174306,0.9450410612760581,0.43500143974659755,0.5391304347826087,0.33879781420765026,0.4161073825503356
qwen2_5_vl_7b,AE+log1p(raw_S),56,fixed_arch2,44,fixed_0.5,0.5,2560,"{""batch_norm"": false, ""batch_size"": 128, ""dropout"": 0.1, ""hidden_sizes"": [256], ""learning_rate"": 0.001, ""standardize"": true, ""weight_decay"": 1e-05}",0.8721015144620009,0.9030023094688222,0.9826673893742954,0.9172205438066465,0.9799870884441575,0.947565543071161,0.45375189031855906,0.5974025974025974,0.25136612021857924,0.35384615384615387
qwen2_5_vl_7b,AE+log1p(raw_S),56,fixed_arch2,44,train_f1,0.6102676391601562,2560,"{""batch_norm"": false, ""batch_size"": 128, ""dropout"": 0.1, ""hidden_sizes"": [256], ""learning_rate"": 0.001, ""standardize"": true, ""weight_decay"": 1e-05}",0.8721015144620009,0.8983833718244804,0.9826673893742954,0.9235040098704503,0.9664299548095545,0.9444794952681388,0.45375189031855906,0.5315315315315315,0.3224043715846995,0.4013605442176871
qwen2_5_vl_7b,AE+log1p(raw_S),56,fixed_arch2,45,fixed_0.5,0.5,2560,"{""batch_norm"": false, ""batch_size"": 128, ""dropout"": 0.1, ""hidden_sizes"": [256], ""learning_rate"": 0.001, ""standardize"": true, ""weight_decay"": 1e-05}",0.8637160586593854,0.9030023094688222,0.9811097599297032,0.9137207908927502,0.9845061329890252,0.9477936606587943,0.4319592778515044,0.6190476190476191,0.21311475409836064,0.3170731707317073
qwen2_5_vl_7b,AE+log1p(raw_S),56,fixed_arch2,45,train_f1,0.6620529890060425,2560,"{""batch_norm"": false, ""batch_size"": 128, ""dropout"": 0.1, ""hidden_sizes"": [256], ""learning_rate"": 0.001, ""standardize"": true, ""weight_decay"": 1e-05}",0.8637160586593854,0.8943418013856813,0.9811097599297032,0.9263420724094882,0.9580374435119432,0.9419231989844494,0.4319592778515044,0.5,0.3551912568306011,0.41533546325878595
qwen2_5_vl_7b,AE+log1p(raw_S),56,fixed_arch2,ensemble,fixed_0.5,0.5,2560,"{""batch_norm"": false, ""batch_size"": 128, ""dropout"": 0.1, ""hidden_sizes"": [256], ""learning_rate"": 0.001, ""standardize"": true, ""weight_decay"": 1e-05}",0.8718686831271365,0.9030023094688222,0.98244670281373,0.9142171565686863,0.9838605551969012,0.9477611940298507,0.4514231875119909,0.6153846153846154,0.2185792349726776,0.3225806451612903
qwen2_5_vl_7b,AE+log1p(raw_S),56,fixed_arch2,ensemble,train_f1,0.6512660384178162,2560,"{""batch_norm"": false, ""batch_size"": 128, ""dropout"": 0.1, ""hidden_sizes"": [256], ""learning_rate"": 0.001, ""standardize"": true, ""weight_decay"": 1e-05}",0.8718686831271365,0.901270207852194,0.98244670281373,0.9279503105590062,0.9644932214331827,0.9458689458689459,0.4514231875119909,0.5491803278688525,0.366120218579235,0.43934426229508194
qwen2_5_vl_7b,AE+log1p(raw_S),56,fixed_arch3,43,fixed_0.5,0.5,2560,"{""batch_norm"": false, ""batch_size"": 128, ""dropout"": 0.1, ""hidden_sizes"": [128, 64], ""learning_rate"": 0.001, ""standardize"": true, ""weight_decay"": 1e-05}",0.8582268835525828,0.9006928406466512,0.9800113235775145,0.9140108238123873,0.9812782440284055,0.9464508094645081,0.4243034860639283,0.5797101449275363,0.2185792349726776,0.31746031746031744
qwen2_5_vl_7b,AE+log1p(raw_S),56,fixed_arch3,43,train_f1,0.5680365562438965,2560,"{""batch_norm"": false, ""batch_size"": 128, ""dropout"": 0.1, ""hidden_sizes"": [128, 64], ""learning_rate"": 0.001, ""standardize"": true, ""weight_decay"": 1e-05}",0.8582268835525828,0.8954965357967667,0.9800113235775145,0.9211822660098522,0.9657843770174306,0.9429561928774031,0.4243034860639283,0.5092592592592593,0.3005464480874317,0.37800687285223367
qwen2_5_vl_7b,AE+log1p(raw_S),56,fixed_arch3,44,fixed_0.5,0.5,2560,"{""batch_norm"": false, ""batch_size"": 128, ""dropout"": 0.1, ""hidden_sizes"": [128, 64], ""learning_rate"": 0.001, ""standardize"": true, ""weight_decay"": 1e-05}",0.8580751904101711,0.8926096997690531,0.9803023031332789,0.9112854556427278,0.9748224661071659,0.941983780411728,0.39780007923735433,0.48,0.19672131147540983,0.27906976744186046
qwen2_5_vl_7b,AE+log1p(raw_S),56,fixed_arch3,44,train_f1,0.6048252582550049,2560,"{""batch_norm"": false, ""batch_size"": 128, ""dropout"": 0.1, ""hidden_sizes"": [128, 64], ""learning_rate"": 0.001, ""standardize"": true, ""weight_decay"": 1e-05}",0.8580751904101711,0.8937644341801386,0.9803023031332789,0.9236499068901304,0.960619754680439,0.9417721518987342,0.39780007923735433,0.49586776859504134,0.32786885245901637,0.39473684210526316
qwen2_5_vl_7b,AE+log1p(raw_S),56,fixed_arch3,45,fixed_0.5,0.5,2560,"{""batch_norm"": false, ""batch_size"": 128, ""dropout"": 0.1, ""hidden_sizes"": [128, 64], ""learning_rate"": 0.001, ""standardize"": true, ""weight_decay"": 1e-05}",0.8587207682022953,0.898960739030023,0.9805612333811594,0.9118705035971223,0.9819238218205294,0.9456014920733603,0.4297149261743508,0.5625,0.19672131147540983,0.291497975708502
qwen2_5_vl_7b,AE+log1p(raw_S),56,fixed_arch3,45,train_f1,0.6264933347702026,2560,"{""batch_norm"": false, ""batch_size"": 128, ""dropout"": 0.1, ""hidden_sizes"": [128, 64], ""learning_rate"": 0.001, ""standardize"": true, ""weight_decay"": 1e-05}",0.8587207682022953,0.8943418013856813,0.9805612333811594,0.9205665024630542,0.9651387992253067,0.9423258745666562,0.4297149261743508,0.5,0.29508196721311475,0.3711340206185567
qwen2_5_vl_7b,AE+log1p(raw_S),56,fixed_arch3,ensemble,fixed_0.5,0.5,2560,"{""batch_norm"": false, ""batch_size"": 128, ""dropout"": 0.1, ""hidden_sizes"": [128, 64], ""learning_rate"": 0.001, ""standardize"": true, ""weight_decay"": 1e-05}",0.8649719367686538,0.9035796766743649,0.9813468712748501,0.9137724550898204,0.9851517107811492,0.9481205343274309,0.4371549882194351,0.6290322580645161,0.21311475409836064,0.3183673469387755
qwen2_5_vl_7b,AE+log1p(raw_S),56,fixed_arch3,ensemble,train_f1,0.632436990737915,2560,"{""batch_norm"": false, ""batch_size"": 128, ""dropout"": 0.1, ""hidden_sizes"": [128, 64], ""learning_rate"": 0.001, ""standardize"": true, ""weight_decay"": 1e-05}",0.8649719367686538,0.8966512702078522,0.9813468712748501,0.924937965260546,0.9625564880568108,0.9433723505219868,0.4371549882194351,0.5166666666666667,0.33879781420765026,0.40924092409240925
qwen2_5_vl_7b,AE+log1p(raw_S),56,fixed_arch4,43,fixed_0.5,0.5,2560,"{""batch_norm"": false, ""batch_size"": 128, ""dropout"": 0.1, ""hidden_sizes"": [256, 128], ""learning_rate"": 0.001, ""standardize"": true, ""weight_decay"": 1e-05}",0.8703129464805427,0.9001154734411085,0.9821782995306098,0.9174757281553398,0.9761136216914138,0.9458867688457929,0.4596230234946786,0.5595238095238095,0.2568306010928962,0.352059925093633
qwen2_5_vl_7b,AE+log1p(raw_S),56,fixed_arch4,43,train_f1,0.6283076405525208,2560,"{""batch_norm"": false, ""batch_size"": 128, ""dropout"": 0.1, ""hidden_sizes"": [256, 128], ""learning_rate"": 0.001, ""standardize"": true, ""weight_decay"": 1e-05}",0.8703129464805427,0.8954965357967667,0.9821782995306098,0.9269662921348315,0.9586830213040671,0.9425579181212314,0.4596230234946786,0.5076923076923077,0.36065573770491804,0.4217252396166134
qwen2_5_vl_7b,AE+log1p(raw_S),56,fixed_arch4,44,fixed_0.5,0.5,2560,"{""batch_norm"": false, ""batch_size"": 128, ""dropout"": 0.1, ""hidden_sizes"": [256, 128], ""learning_rate"": 0.001, ""standardize"": true, ""weight_decay"": 1e-05}",0.8704452370117156,0.9018475750577367,0.9819737559496401,0.917625681405209,0.9780503550677857,0.946875,0.45261624526928634,0.5802469135802469,0.2568306010928962,0.3560606060606061
qwen2_5_vl_7b,AE+log1p(raw_S),56,fixed_arch4,44,train_f1,0.6077711582183838,2560,"{""batch_norm"": false, ""batch_size"": 128, ""dropout"": 0.1, ""hidden_sizes"": [256, 128], ""learning_rate"": 0.001, ""standardize"": true, ""weight_decay"": 1e-05}",0.8704452370117156,0.8972286374133949,0.9819737559496401,0.926571250777847,0.961265332472563,0.9435994930291508,0.45261624526928634,0.52,0.3551912568306011,0.42207792207792205
qwen2_5_vl_7b,AE+log1p(raw_S),56,fixed_arch4,45,fixed_0.5,0.5,2560,"{""batch_norm"": false, ""batch_size"": 128, ""dropout"": 0.1, ""hidden_sizes"": [256, 128], ""learning_rate"": 0.001, ""standardize"": true, ""weight_decay"": 1e-05}",0.8626736092737427,0.9006928406466512,0.980248588061357,0.9145093317278747,0.9806326662362814,0.946417445482866,0.433415929207932,0.5774647887323944,0.22404371584699453,0.3228346456692913
qwen2_5_vl_7b,AE+log1p(raw_S),56,fixed_arch4,45,train_f1,0.6641311049461365,2560,"{""batch_norm"": false, ""batch_size"": 128, ""dropout"": 0.1, ""hidden_sizes"": [256, 128], ""learning_rate"": 0.001, ""standardize"": true, ""weight_decay"": 1e-05}",0.8626736092737427,0.8960739030023095,0.980248588061357,0.925419515226849,0.961265332472563,0.9430018999366688,0.433415929207932,0.5121951219512195,0.3442622950819672,0.4117647058823529
qwen2_5_vl_7b,AE+log1p(raw_S),56,fixed_arch4,ensemble,fixed_0.5,0.5,2560,"{""batch_norm"": false, ""batch_size"": 128, ""dropout"": 0.1, ""hidden_sizes"": [256, 128], ""learning_rate"": 0.001, ""standardize"": true, ""weight_decay"": 1e-05}",0.8750736417290195,0.9035796766743649,0.9825777920173576,0.9157641395908543,0.9825693996126533,0.9479912799750856,0.46010367759283416,0.6142857142857143,0.23497267759562843,0.33992094861660077
qwen2_5_vl_7b,AE+log1p(raw_S),56,fixed_arch4,ensemble,train_f1,0.6738163828849792,2560,"{""batch_norm"": false, ""batch_size"": 128, ""dropout"": 0.1, ""hidden_sizes"": [256, 128], ""learning_rate"": 0.001, ""standardize"": true, ""weight_decay"": 1e-05}",0.8750736417290195,0.8995381062355658,0.9825777920173576,0.9332073093887838,0.9561007101355713,0.9445153061224489,0.46010367759283416,0.5310344827586206,0.4207650273224044,0.4695121951219512
qwen2_5_vl_7b,AE+log1p(raw_S),56,fixed_arch5,43,fixed_0.5,0.5,2560,"{""batch_norm"": false, ""batch_size"": 128, ""dropout"": 0.1, ""hidden_sizes"": [128, 64, 32], ""learning_rate"": 0.001, ""standardize"": true, ""weight_decay"": 1e-05}",0.8626930118849812,0.898960739030023,0.9808217145334424,0.9168689320388349,0.9754680438992899,0.945261182358461,0.4296291263906885,0.5476190476190477,0.25136612021857924,0.3445692883895131
qwen2_5_vl_7b,AE+log1p(raw_S),56,fixed_arch5,43,train_f1,0.5728548765182495,2560,"{""batch_norm"": false, ""batch_size"": 128, ""dropout"": 0.1, ""hidden_sizes"": [128, 64, 32], ""learning_rate"": 0.001, ""standardize"": true, ""weight_decay"": 1e-05}",0.8626930118849812,0.8960739030023095,0.9808217145334424,0.922791846819024,0.9644932214331827,0.9431818181818182,0.4296291263906885,0.5132743362831859,0.31693989071038253,0.3918918918918919
qwen2_5_vl_7b,AE+log1p(raw_S),56,fixed_arch5,44,fixed_0.5,0.5,2560,"{""batch_norm"": false, ""batch_size"": 128, ""dropout"": 0.1, ""hidden_sizes"": [128, 64, 32], ""learning_rate"": 0.001, ""standardize"": true, ""weight_decay"": 1e-05}",0.8561807900037748,0.894919168591224,0.9800027475371962,0.9080597014925373,0.9819238218205294,0.9435483870967742,0.3895584268501608,0.5087719298245614,0.15846994535519127,0.24166666666666667
qwen2_5_vl_7b,AE+log1p(raw_S),56,fixed_arch5,44,train_f1,0.5645119547843933,2560,"{""batch_norm"": false, ""batch_size"": 128, ""dropout"": 0.1, ""hidden_sizes"": [128, 64, 32], ""learning_rate"": 0.001, ""standardize"": true, ""weight_decay"": 1e-05}",0.8561807900037748,0.8972286374133949,0.9800027475371962,0.9172245891661595,0.972885732730794,0.9442355889724311,0.3895584268501608,0.5280898876404494,0.2568306010928962,0.34558823529411764
qwen2_5_vl_7b,AE+log1p(raw_S),56,fixed_arch5,45,fixed_0.5,0.5,2560,"{""batch_norm"": false, ""batch_size"": 128, ""dropout"": 0.1, ""hidden_sizes"": [128, 64, 32], ""learning_rate"": 0.001, ""standardize"": true, ""weight_decay"": 1e-05}",0.8619274906779272,0.8926096997690531,0.9806887923080487,0.9112854556427278,0.9748224661071659,0.941983780411728,0.4127543288357829,0.48,0.19672131147540983,0.27906976744186046
qwen2_5_vl_7b,AE+log1p(raw_S),56,fixed_arch5,45,train_f1,0.5467666387557983,2560,"{""batch_norm"": false, ""batch_size"": 128, ""dropout"": 0.1, ""hidden_sizes"": [128, 64, 32], ""learning_rate"": 0.001, ""standardize"": true, ""weight_decay"": 1e-05}",0.8619274906779272,0.8978060046189377,0.9806887923080487,0.9203431372549019,0.9696578437701743,0.9443571204023892,0.4127543288357829,0.53,0.2896174863387978,0.3745583038869258
qwen2_5_vl_7b,AE+log1p(raw_S),56,fixed_arch5,ensemble,fixed_0.5,0.5,2560,"{""batch_norm"": false, ""batch_size"": 128, ""dropout"": 0.1, ""hidden_sizes"": [128, 64, 32], ""learning_rate"": 0.001, ""standardize"": true, ""weight_decay"": 1e-05}",0.8718157669146672,0.9001154734411085,0.9824137772917934,0.9134615384615384,0.9812782440284055,0.9461562402738873,0.4306993641872997,0.5735294117647058,0.21311475409836064,0.3107569721115538
qwen2_5_vl_7b,AE+log1p(raw_S),56,fixed_arch5,ensemble,train_f1,0.5498673319816589,2560,"{""batch_norm"": false, ""batch_size"": 128, ""dropout"": 0.1, ""hidden_sizes"": [128, 64, 32], ""learning_rate"": 0.001, ""standardize"": true, ""weight_decay"": 1e-05}",0.8718157669146672,0.901270207852194,0.9824137772917934,0.9190997566909975,0.9754680438992899,0.946445349201378,0.4306993641872997,0.5681818181818182,0.273224043715847,0.36900369003690037
qwen2_5_vl_7b,AE+log1p(raw_S),56,matched_BN_on,43,fixed_0.5,0.5,2560,"{""batch_norm"": true, ""batch_size"": 128, ""dropout"": 0.3, ""hidden_sizes"": [256, 128], ""learning_rate"": 0.001, ""standardize"": true, ""weight_decay"": 0.0001}",0.8806527743970197,0.8937644341801386,0.9838134011643079,0.9184549356223176,0.9670755326016786,0.9421383647798742,0.46248587986409884,0.49504950495049505,0.273224043715847,0.352112676056338
qwen2_5_vl_7b,AE+log1p(raw_S),56,matched_BN_on,43,train_f1,0.5300874710083008,2560,"{""batch_norm"": true, ""batch_size"": 128, ""dropout"": 0.3, ""hidden_sizes"": [256, 128], ""learning_rate"": 0.001, ""standardize"": true, ""weight_decay"": 0.0001}",0.8806527743970197,0.8960739030023095,0.9838134011643079,0.9222702035780382,0.9651387992253067,0.943217665615142,0.46248587986409884,0.5135135135135135,0.3114754098360656,0.3877551020408163
qwen2_5_vl_7b,AE+log1p(raw_S),56,matched_BN_on,44,fixed_0.5,0.5,2560,"{""batch_norm"": true, ""batch_size"": 128, ""dropout"": 0.3, ""hidden_sizes"": [256, 128], ""learning_rate"": 0.001, ""standardize"": true, ""weight_decay"": 0.0001}",0.87112432840507,0.8995381062355658,0.9820711180183817,0.9225568531038721,0.9690122659780503,0.9452141057934509,0.4439012132505509,0.5428571428571428,0.3114754098360656,0.3958333333333333
qwen2_5_vl_7b,AE+log1p(raw_S),56,matched_BN_on,44,train_f1,0.5769863128662109,2560,"{""batch_norm"": true, ""batch_size"": 128, ""dropout"": 0.3, ""hidden_sizes"": [256, 128], ""learning_rate"": 0.001, ""standardize"": true, ""weight_decay"": 0.0001}",0.87112432840507,0.8978060046189377,0.9820711180183817,0.9303638644918444,0.9573918657198193,0.943684377982819,0.4439012132505509,0.5217391304347826,0.39344262295081966,0.4485981308411215
qwen2_5_vl_7b,AE+log1p(raw_S),56,matched_BN_on,45,fixed_0.5,0.5,2560,"{""batch_norm"": true, ""batch_size"": 128, ""dropout"": 0.3, ""hidden_sizes"": [256, 128], ""learning_rate"": 0.001, ""standardize"": true, ""weight_decay"": 0.0001}",0.8751953490176987,0.9064665127020786,0.982473462170244,0.9251992642550583,0.974176888315042,0.9490566037735849,0.462568199214212,0.6039603960396039,0.3333333333333333,0.4295774647887324
qwen2_5_vl_7b,AE+log1p(raw_S),56,matched_BN_on,45,train_f1,0.5061035752296448,2560,"{""batch_norm"": true, ""batch_size"": 128, ""dropout"": 0.3, ""hidden_sizes"": [256, 128], ""learning_rate"": 0.001, ""standardize"": true, ""weight_decay"": 0.0001}",0.8751953490176987,0.9058891454965358,0.982473462170244,0.9256756756756757,0.972885732730794,0.948693736229147,0.462568199214212,0.5961538461538461,0.33879781420765026,0.43205574912891986
qwen2_5_vl_7b,AE+log1p(raw_S),56,matched_BN_on,ensemble,fixed_0.5,0.5,2560,"{""batch_norm"": true, ""batch_size"": 128, ""dropout"": 0.3, ""hidden_sizes"": [256, 128], ""learning_rate"": 0.001, ""standardize"": true, ""weight_decay"": 0.0001}",0.8801835839797931,0.9035796766743649,0.9833590390098179,0.9218559218559218,0.9748224661071659,0.9475996234703483,0.47282435782174354,0.5851063829787234,0.3005464480874317,0.3971119133574007
qwen2_5_vl_7b,AE+log1p(raw_S),56,matched_BN_on,ensemble,train_f1,0.5759034156799316,2560,"{""batch_norm"": true, ""batch_size"": 128, ""dropout"": 0.3, ""hidden_sizes"": [256, 128], ""learning_rate"": 0.001, ""standardize"": true, ""weight_decay"": 0.0001}",0.8801835839797931,0.8995381062355658,0.9833590390098179,0.9299562226391495,0.959974176888315,0.9447268106734434,0.47282435782174354,0.5338345864661654,0.3879781420765027,0.44936708860759494
qwen2_5_vl_7b,AE+log1p(raw_S),56,matched_scaler_off,43,fixed_0.5,0.5,2560,"{""batch_norm"": false, ""batch_size"": 128, ""dropout"": 0.3, ""hidden_sizes"": [256, 128], ""learning_rate"": 0.001, ""standardize"": false, ""weight_decay"": 0.0001}",0.8379529186818926,0.8931870669745958,0.9770488078429059,0.905952380952381,0.9825693996126533,0.9427067203468567,0.3611531223151673,0.4807692307692308,0.1366120218579235,0.2127659574468085
qwen2_5_vl_7b,AE+log1p(raw_S),56,matched_scaler_off,43,train_f1,0.5339780449867249,2560,"{""batch_norm"": false, ""batch_size"": 128, ""dropout"": 0.3, ""hidden_sizes"": [256, 128], ""learning_rate"": 0.001, ""standardize"": false, ""weight_decay"": 0.0001}",0.8379529186818926,0.8954965357967667,0.9770488078429059,0.9100719424460432,0.9799870884441575,0.9437364003730183,0.3611531223151673,0.515625,0.18032786885245902,0.26720647773279355
qwen2_5_vl_7b,AE+log1p(raw_S),56,matched_scaler_off,44,fixed_0.5,0.5,2560,"{""batch_norm"": false, ""batch_size"": 128, ""dropout"": 0.3, ""hidden_sizes"": [256, 128], ""learning_rate"": 0.001, ""standardize"": false, ""weight_decay"": 0.0001}",0.8332680700046213,0.8954965357967667,0.9763033845461936,0.9028268551236749,0.9896707553260168,0.944256236526024,0.3676025319143431,0.5294117647058824,0.09836065573770492,0.16589861751152074
qwen2_5_vl_7b,AE+log1p(raw_S),56,matched_scaler_off,44,train_f1,0.5599200129508972,2560,"{""batch_norm"": false, ""batch_size"": 128, ""dropout"": 0.3, ""hidden_sizes"": [256, 128], ""learning_rate"": 0.001, ""standardize"": false, ""weight_decay"": 0.0001}",0.8332680700046213,0.8937644341801386,0.9763033845461936,0.9060083283759667,0.9832149774047773,0.9430340557275542,0.3676025319143431,0.49019607843137253,0.1366120218579235,0.21367521367521367
qwen2_5_vl_7b,AE+log1p(raw_S),56,matched_scaler_off,45,fixed_0.5,0.5,2560,"{""batch_norm"": false, ""batch_size"": 128, ""dropout"": 0.3, ""hidden_sizes"": [256, 128], ""learning_rate"": 0.001, ""standardize"": false, ""weight_decay"": 0.0001}",0.8351166096935445,0.894919168591224,0.9764096896738002,0.8999414862492686,0.9928986442866365,0.9441375076734193,0.3627414428039272,0.5217391304347826,0.06557377049180328,0.11650485436893204
qwen2_5_vl_7b,AE+log1p(raw_S),56,matched_scaler_off,45,train_f1,0.6619068384170532,2560,"{""batch_norm"": false, ""batch_size"": 128, ""dropout"": 0.3, ""hidden_sizes"": [256, 128], ""learning_rate"": 0.001, ""standardize"": false, ""weight_decay"": 0.0001}",0.8351166096935445,0.8954965357967667,0.9764096896738002,0.9110576923076923,0.9786959328599096,0.9436663554310614,0.3627414428039272,0.5147058823529411,0.1912568306010929,0.2788844621513944
qwen2_5_vl_7b,AE+log1p(raw_S),56,matched_scaler_off,ensemble,fixed_0.5,0.5,2560,"{""batch_norm"": false, ""batch_size"": 128, ""dropout"": 0.3, ""hidden_sizes"": [256, 128], ""learning_rate"": 0.001, ""standardize"": false, ""weight_decay"": 0.0001}",0.8403711895917338,0.8943418013856813,0.9774200759472351,0.9008215962441315,0.9909619109102646,0.9437442360897633,0.37675129523820067,0.5,0.07650273224043716,0.13270142180094788
qwen2_5_vl_7b,AE+log1p(raw_S),56,matched_scaler_off,ensemble,train_f1,0.621806800365448,2560,"{""batch_norm"": false, ""batch_size"": 128, ""dropout"": 0.3, ""hidden_sizes"": [256, 128], ""learning_rate"": 0.001, ""standardize"": false, ""weight_decay"": 0.0001}",0.8403711895917338,0.894919168591224,0.9774200759472351,0.9134906231094979,0.9748224661071659,0.94316052467208,0.37675129523820067,0.5063291139240507,0.2185792349726776,0.3053435114503817
qwen2_5_vl_7b,AE+log1p(raw_S),56,old_three_hidden_direct_reference,43,fixed_0.5,0.5,3200,null,0.8746414926605213,0.898960739030023,0.9828449177269817,0.9183922046285018,0.973531310522918,0.9451582575994986,0.44001472872324426,0.5444444444444444,0.2677595628415301,0.358974358974359
qwen2_5_vl_7b,AE+log1p(raw_S),56,old_three_hidden_direct_reference,43,train_f1,0.4882247745990753,3200,null,0.8746414926605213,0.8972286374133949,0.9828449177269817,0.9167173252279636,0.973531310522918,0.9442705072010019,0.44001472872324426,0.5287356321839081,0.25136612021857924,0.34074074074074073
qwen2_5_vl_7b,AE+log1p(raw_S),56,old_three_hidden_direct_reference,44,fixed_0.5,0.5,3200,null,0.8733856145512529,0.8845265588914549,0.9830498008539719,0.9332048811817598,0.9380245319561007,0.9356084996780425,0.4191787498405885,0.4514285714285714,0.43169398907103823,0.441340782122905
qwen2_5_vl_7b,AE+log1p(raw_S),56,old_three_hidden_direct_reference,44,train_f1,0.4292242228984833,3200,null,0.8733856145512529,0.8914549653579676,0.9830498008539719,0.9229334990677439,0.9586830213040671,0.9404686510449651,0.4191787498405885,0.4796747967479675,0.3224043715846995,0.38562091503267976
qwen2_5_vl_7b,AE+log1p(raw_S),56,old_three_hidden_direct_reference,45,fixed_0.5,0.5,3200,null,0.8754387635950569,0.9047344110854504,0.9828063489975319,0.9250614250614251,0.9722401549386701,0.9480642115203022,0.4602703155692483,0.5865384615384616,0.3333333333333333,0.4250871080139373
qwen2_5_vl_7b,AE+log1p(raw_S),56,old_three_hidden_direct_reference,45,train_f1,0.5090934038162231,3200,null,0.8754387635950569,0.9018475750577367,0.9828063489975319,0.9258801729462631,0.9677211103938025,0.9463383838383839,0.4602703155692483,0.5575221238938053,0.3442622950819672,0.42567567567567566
qwen2_5_vl_7b,AE+log1p(raw_S),56,old_three_hidden_direct_reference,ensemble,fixed_0.5,0.5,3200,null,0.8821379560936546,0.8978060046189377,0.9841747461752426,0.9234567901234568,0.9657843770174306,0.9441464184285263,0.4577398864795778,0.5267857142857143,0.3224043715846995,0.4
qwen2_5_vl_7b,AE+log1p(raw_S),56,old_three_hidden_direct_reference,ensemble,train_f1,0.5353373289108276,3200,null,0.8821379560936546,0.8966512702078522,0.9841747461752426,0.928125,0.9586830213040671,0.9431565576373452,0.4577398864795778,0.5151515151515151,0.37158469945355194,0.43174603174603177
qwen2_5_vl_7b,AE+log1p(raw_S),56,tuned_arch1,43,fixed_0.5,0.5,2560,"{""batch_norm"": false, ""batch_size"": 128, ""dropout"": 0.3, ""hidden_sizes"": [128], ""learning_rate"": 0.001, ""standardize"": true, ""weight_decay"": 0.0}",0.8662207593829265,0.9030023094688222,0.9815186221262107,0.9117471675611211,0.987088444157521,0.9479231246125233,0.4382490854461493,0.6363636363636364,0.1912568306010929,0.29411764705882354
qwen2_5_vl_7b,AE+log1p(raw_S),56,tuned_arch1,43,train_f1,0.6295924782752991,2560,"{""batch_norm"": false, ""batch_size"": 128, ""dropout"": 0.3, ""hidden_sizes"": [128], ""learning_rate"": 0.001, ""standardize"": true, ""weight_decay"": 0.0}",0.8662207593829265,0.8926096997690531,0.9815186221262107,0.917841814837523,0.9664299548095545,0.9415094339622642,0.4382490854461493,0.48514851485148514,0.2677595628415301,0.34507042253521125
qwen2_5_vl_7b,AE+log1p(raw_S),56,tuned_arch1,44,fixed_0.5,0.5,2560,"{""batch_norm"": false, ""batch_size"": 128, ""dropout"": 0.3, ""hidden_sizes"": [128], ""learning_rate"": 0.001, ""standardize"": true, ""weight_decay"": 0.0}",0.8624107920851457,0.9018475750577367,0.9810416661150279,0.913617276544691,0.9832149774047773,0.947139303482587,0.4308305897966663,0.6,0.21311475409836064,0.31451612903225806
qwen2_5_vl_7b,AE+log1p(raw_S),56,tuned_arch1,44,train_f1,0.5866799354553223,2560,"{""batch_norm"": false, ""batch_size"": 128, ""dropout"": 0.3, ""hidden_sizes"": [128], ""learning_rate"": 0.001, ""standardize"": true, ""weight_decay"": 0.0}",0.8624107920851457,0.9018475750577367,0.9810416661150279,0.9211973121563837,0.973531310522918,0.9466415568110483,0.4308305897966663,0.5684210526315789,0.29508196721311475,0.38848920863309355
qwen2_5_vl_7b,AE+log1p(raw_S),56,tuned_arch1,45,fixed_0.5,0.5,2560,"{""batch_norm"": false, ""batch_size"": 128, ""dropout"": 0.3, ""hidden_sizes"": [128], ""learning_rate"": 0.001, ""standardize"": true, ""weight_decay"": 0.0}",0.8637513361343648,0.9035796766743649,0.9811262141787228,0.9137724550898204,0.9851517107811492,0.9481205343274309,0.43134567791918194,0.6290322580645161,0.21311475409836064,0.3183673469387755
qwen2_5_vl_7b,AE+log1p(raw_S),56,tuned_arch1,45,train_f1,0.5852119326591492,2560,"{""batch_norm"": false, ""batch_size"": 128, ""dropout"": 0.3, ""hidden_sizes"": [128], ""learning_rate"": 0.001, ""standardize"": true, ""weight_decay"": 0.0}",0.8637513361343648,0.8995381062355658,0.9811262141787228,0.9189518586227909,0.973531310522918,0.9454545454545454,0.43134567791918194,0.5494505494505495,0.273224043715847,0.36496350364963503
qwen2_5_vl_7b,AE+log1p(raw_S),56,tuned_arch1,ensemble,fixed_0.5,0.5,2560,"{""batch_norm"": false, ""batch_size"": 128, ""dropout"": 0.3, ""hidden_sizes"": [128], ""learning_rate"": 0.001, ""standardize"": true, ""weight_decay"": 0.0}",0.8668204764575771,0.9035796766743649,0.9816174059310989,0.9127837514934289,0.986442866365397,0.9481849208811666,0.44092261399549254,0.6379310344827587,0.20218579234972678,0.3070539419087137
qwen2_5_vl_7b,AE+log1p(raw_S),56,tuned_arch1,ensemble,train_f1,0.6407269835472107,2560,"{""batch_norm"": false, ""batch_size"": 128, ""dropout"": 0.3, ""hidden_sizes"": [128], ""learning_rate"": 0.001, ""standardize"": true, ""weight_decay"": 0.0}",0.8668204764575771,0.8966512702078522,0.9816174059310989,0.9217980295566502,0.9664299548095545,0.9435865111881501,0.44092261399549254,0.5185185185185185,0.30601092896174864,0.3848797250859107
qwen2_5_vl_7b,AE+log1p(raw_S),56,tuned_arch4,43,fixed_0.5,0.5,2560,"{""batch_norm"": false, ""batch_size"": 128, ""dropout"": 0.3, ""hidden_sizes"": [256, 128], ""learning_rate"": 0.001, ""standardize"": true, ""weight_decay"": 0.0001}",0.868499684266599,0.9006928406466512,0.9816206001735275,0.9205864386072083,0.972885732730794,0.9460138104205901,0.45515201242176917,0.5578947368421052,0.2896174863387978,0.381294964028777
qwen2_5_vl_7b,AE+log1p(raw_S),56,tuned_arch4,43,train_f1,0.5498090386390686,2560,"{""batch_norm"": false, ""batch_size"": 128, ""dropout"": 0.3, ""hidden_sizes"": [256, 128], ""learning_rate"": 0.001, ""standardize"": true, ""weight_decay"": 0.0001}",0.868499684266599,0.8983833718244804,0.9816206001735275,0.9235040098704503,0.9664299548095545,0.9444794952681388,0.45515201242176917,0.5315315315315315,0.3224043715846995,0.4013605442176871
qwen2_5_vl_7b,AE+log1p(raw_S),56,tuned_arch4,44,fixed_0.5,0.5,2560,"{""batch_norm"": false, ""batch_size"": 128, ""dropout"": 0.3, ""hidden_sizes"": [256, 128], ""learning_rate"": 0.001, ""standardize"": true, ""weight_decay"": 0.0001}",0.8690570683712742,0.9018475750577367,0.9817297975077125,0.9141141141141141,0.9825693996126533,0.9471064094586186,0.4576426073352614,0.5970149253731343,0.2185792349726776,0.32
qwen2_5_vl_7b,AE+log1p(raw_S),56,tuned_arch4,44,train_f1,0.6248300075531006,2560,"{""batch_norm"": false, ""batch_size"": 128, ""dropout"": 0.3, ""hidden_sizes"": [256, 128], ""learning_rate"": 0.001, ""standardize"": true, ""weight_decay"": 0.0001}",0.8690570683712742,0.9047344110854504,0.9817297975077125,0.9287484510532837,0.9677211103938025,0.9478343344925704,0.4576426073352614,0.576271186440678,0.37158469945355194,0.45182724252491696
qwen2_5_vl_7b,AE+log1p(raw_S),56,tuned_arch4,45,fixed_0.5,0.5,2560,"{""batch_norm"": false, ""batch_size"": 128, ""dropout"": 0.3, ""hidden_sizes"": [256, 128], ""learning_rate"": 0.001, ""standardize"": true, ""weight_decay"": 0.0001}",0.8739959148683973,0.9030023094688222,0.9825756035895136,0.9197568389057751,0.9767591994835377,0.947401377582968,0.45935749189617103,0.5862068965517241,0.2786885245901639,0.37777777777777777
qwen2_5_vl_7b,AE+log1p(raw_S),56,tuned_arch4,45,train_f1,0.638511061668396,2560,"{""batch_norm"": false, ""batch_size"": 128, ""dropout"": 0.3, ""hidden_sizes"": [256, 128], ""learning_rate"": 0.001, ""standardize"": true, ""weight_decay"": 0.0001}",0.8739959148683973,0.8954965357967667,0.9825756035895136,0.930188679245283,0.9548095545513234,0.9423383243071042,0.45935749189617103,0.5070422535211268,0.39344262295081966,0.4430769230769231
qwen2_5_vl_7b,AE+log1p(raw_S),56,tuned_arch4,ensemble,fixed_0.5,0.5,2560,"{""batch_norm"": false, ""batch_size"": 128, ""dropout"": 0.3, ""hidden_sizes"": [256, 128], ""learning_rate"": 0.001, ""standardize"": true, ""weight_decay"": 0.0001}",0.8764406438844734,0.901270207852194,0.9828376791917705,0.9165659008464329,0.9786959328599096,0.9466125507336872,0.4710876366199827,0.5769230769230769,0.2459016393442623,0.3448275862068966
qwen2_5_vl_7b,AE+log1p(raw_S),56,tuned_arch4,ensemble,train_f1,0.5988261103630066,2560,"{""batch_norm"": false, ""batch_size"": 128, ""dropout"": 0.3, ""hidden_sizes"": [256, 128], ""learning_rate"": 0.001, ""standardize"": true, ""weight_decay"": 0.0001}",0.8764406438844734,0.9024249422632794,0.9828376791917705,0.926980198019802,0.9670755326016786,0.9466034755134282,0.4710876366199827,0.5603448275862069,0.3551912568306011,0.43478260869565216
llava_1_5_7b,AE+log1p(raw_S),64,fixed_arch0,43,fixed_0.5,0.5,2560,"{""batch_norm"": false, ""batch_size"": 128, ""dropout"": 0.0, ""hidden_sizes"": [], ""learning_rate"": 0.001, ""standardize"": true, ""weight_decay"": 1e-05}",0.8764272936099728,0.8429752066115702,0.9574843101019925,0.8723648907627444,0.933935166187936,0.9021006738010305,0.6679412185583691,0.7001862197392924,0.5303244005641748,0.6035313001605136
llava_1_5_7b,AE+log1p(raw_S),64,fixed_arch0,43,train_f1,0.43726229667663574,2560,"{""batch_norm"": false, ""batch_size"": 128, ""dropout"": 0.0, ""hidden_sizes"": [], ""learning_rate"": 0.001, ""standardize"": true, ""weight_decay"": 1e-05}",0.8764272936099728,0.8363000635727909,0.9574843101019925,0.8535688005886681,0.9519901518260155,0.9000969932104753,0.6679412185583691,0.7266355140186916,0.4386459802538787,0.5470536499560247
llava_1_5_7b,AE+log1p(raw_S),64,fixed_arch0,44,fixed_0.5,0.5,2560,"{""batch_norm"": false, ""batch_size"": 128, ""dropout"": 0.0, ""hidden_sizes"": [], ""learning_rate"": 0.001, ""standardize"": true, ""weight_decay"": 1e-05}",0.8762889700567127,0.8410680228862047,0.9577808867739306,0.86923370186809,0.9355765285186705,0.9011857707509882,0.6651455592036675,0.6998087954110899,0.5162200282087447,0.5941558441558441
llava_1_5_7b,AE+log1p(raw_S),64,fixed_arch0,44,train_f1,0.476133793592453,2560,"{""batch_norm"": false, ""batch_size"": 128, ""dropout"": 0.0, ""hidden_sizes"": [], ""learning_rate"": 0.001, ""standardize"": true, ""weight_decay"": 1e-05}",0.8762889700567127,0.8401144310235219,0.9577808867739306,0.8624437781109445,0.9441936807550266,0.9014691478942214,0.6651455592036675,0.7154811715481172,0.4823695345557123,0.5762426284751474
llava_1_5_7b,AE+log1p(raw_S),64,fixed_arch0,45,fixed_0.5,0.5,2560,"{""batch_norm"": false, ""batch_size"": 128, ""dropout"": 0.0, ""hidden_sizes"": [], ""learning_rate"": 0.001, ""standardize"": true, ""weight_decay"": 1e-05}",0.8768483412459422,0.8420216147488875,0.9578428395145795,0.8674242424242424,0.9396799343455068,0.9021075438250935,0.6669762223749327,0.7094861660079052,0.5063469675599436,0.5909465020576131
llava_1_5_7b,AE+log1p(raw_S),64,fixed_arch0,45,train_f1,0.5050430297851562,2560,"{""batch_norm"": false, ""batch_size"": 128, ""dropout"": 0.0, ""hidden_sizes"": [], ""learning_rate"": 0.001, ""standardize"": true, ""weight_decay"": 1e-05}",0.8768483412459422,0.8423394787031151,0.9578428395145795,0.8685909608811242,0.9384489125974559,0.9021696252465483,0.6669762223749327,0.7076023391812866,0.5119887165021156,0.5941080196399345
llava_1_5_7b,AE+log1p(raw_S),64,fixed_arch0,ensemble,fixed_0.5,0.5,2560,"{""batch_norm"": false, ""batch_size"": 128, ""dropout"": 0.0, ""hidden_sizes"": [], ""learning_rate"": 0.001, ""standardize"": true, ""weight_decay"": 1e-05}",0.8767490839681844,0.8432930705657978,0.9577814618721818,0.8701447067783702,0.9376282314320886,0.9026269010468102,0.6669836377056452,0.7076923076923077,0.5190409026798307,0.5988608624898292
llava_1_5_7b,AE+log1p(raw_S),64,fixed_arch0,ensemble,train_f1,0.47426077723503113,2560,"{""batch_norm"": false, ""batch_size"": 128, ""dropout"": 0.0, ""hidden_sizes"": [], ""learning_rate"": 0.001, ""standardize"": true, ""weight_decay"": 1e-05}",0.8767490839681844,0.8397965670692944,0.9577814618721818,0.8618494945713217,0.9446040213377103,0.9013312451057165,0.6669836377056452,0.7157894736842105,0.4795486600846262,0.5743243243243243
llava_1_5_7b,AE+log1p(raw_S),64,fixed_arch1,43,fixed_0.5,0.5,2560,"{""batch_norm"": false, ""batch_size"": 128, ""dropout"": 0.1, ""hidden_sizes"": [128], ""learning_rate"": 0.001, ""standardize"": true, ""weight_decay"": 1e-05}",0.894430769640353,0.8496503496503497,0.9664612753946518,0.8875295974743489,0.9228559704554781,0.9048481190907263,0.6980105534117558,0.6928104575163399,0.5980253878702397,0.6419379258137774
llava_1_5_7b,AE+log1p(raw_S),64,fixed_arch1,43,train_f1,0.5460648536682129,2560,"{""batch_norm"": false, ""batch_size"": 128, ""dropout"": 0.1, ""hidden_sizes"": [128], ""learning_rate"": 0.001, ""standardize"": true, ""weight_decay"": 1e-05}",0.894430769640353,0.8499682136045772,0.9664612753946518,0.8992279561154003,0.9080837094788674,0.9036341363821968,0.6980105534117558,0.672992700729927,0.6502115655853314,0.6614060258249641
llava_1_5_7b,AE+log1p(raw_S),64,fixed_arch1,44,fixed_0.5,0.5,2560,"{""batch_norm"": false, ""batch_size"": 128, ""dropout"": 0.1, ""hidden_sizes"": [128], ""learning_rate"": 0.001, ""standardize"": true, ""weight_decay"": 1e-05}",0.8938265445792504,0.8493324856961221,0.9668380788876263,0.877645248172374,0.9359868691013541,0.9058776806989675,0.694394650513485,0.7148080438756855,0.5514809590973202,0.6226114649681529
llava_1_5_7b,AE+log1p(raw_S),64,fixed_arch1,44,train_f1,0.5394158363342285,2560,"{""batch_norm"": false, ""batch_size"": 128, ""dropout"": 0.1, ""hidden_sizes"": [128], ""learning_rate"": 0.001, ""standardize"": true, ""weight_decay"": 1e-05}",0.8938265445792504,0.8448823903369358,0.9668380788876263,0.8829076620825147,0.9220352892901108,0.9020473705339221,0.694394650513485,0.6838602329450915,0.5796897038081805,0.6274809160305344
llava_1_5_7b,AE+log1p(raw_S),64,fixed_arch1,45,fixed_0.5,0.5,2560,"{""batch_norm"": false, ""batch_size"": 128, ""dropout"": 0.1, ""hidden_sizes"": [128], ""learning_rate"": 0.001, ""standardize"": true, ""weight_decay"": 1e-05}",0.8944099342934184,0.8407501589319771,0.9667995269802356,0.8875100080064051,0.9097250718096019,0.8984802431610942,0.6975774842962454,0.6604938271604939,0.6036671368124118,0.6308032424465734
llava_1_5_7b,AE+log1p(raw_S),64,fixed_arch1,45,train_f1,0.4910813271999359,2560,"{""batch_norm"": false, ""batch_size"": 128, ""dropout"": 0.1, ""hidden_sizes"": [128], ""learning_rate"": 0.001, ""standardize"": true, ""weight_decay"": 1e-05}",0.8944099342934184,0.8388429752066116,0.9667995269802356,0.884156050955414,0.9113664341403365,0.8975550616286119,0.6975774842962454,0.6593059936908517,0.5895627644569816,0.6224869694713329
llava_1_5_7b,AE+log1p(raw_S),64,fixed_arch1,ensemble,fixed_0.5,0.5,2560,"{""batch_norm"": false, ""batch_size"": 128, ""dropout"": 0.1, ""hidden_sizes"": [128], ""learning_rate"": 0.001, ""standardize"": true, ""weight_decay"": 1e-05}",0.8971335771454765,0.8477431659249841,0.9676847849635133,0.8851298190401259,0.9232663110381617,0.9037959429604339,0.7039280641902868,0.6903973509933775,0.5881523272214386,0.6351865955826352
llava_1_5_7b,AE+log1p(raw_S),64,fixed_arch1,ensemble,train_f1,0.48822805285453796,2560,"{""batch_norm"": false, ""batch_size"": 128, ""dropout"": 0.1, ""hidden_sizes"": [128], ""learning_rate"": 0.001, ""standardize"": true, ""weight_decay"": 1e-05}",0.8971335771454765,0.8477431659249841,0.9676847849635133,0.8821233411397346,0.9273697168649979,0.9041808361672334,0.7039280641902868,0.696917808219178,0.5740479548660085,0.6295436968290796
llava_1_5_7b,AE+log1p(raw_S),64,fixed_arch2,43,fixed_0.5,0.5,2560,"{""batch_norm"": false, ""batch_size"": 128, ""dropout"": 0.1, ""hidden_sizes"": [256], ""learning_rate"": 0.001, ""standardize"": true, ""weight_decay"": 1e-05}",0.8927569967699425,0.8467895740623014,0.9658740981181781,0.8796116504854369,0.9294214197784161,0.903830806065443,0.6980017989009252,0.6987740805604203,0.5627644569816643,0.6234375
llava_1_5_7b,AE+log1p(raw_S),64,fixed_arch2,43,train_f1,0.5118781924247742,2560,"{""batch_norm"": false, ""batch_size"": 128, ""dropout"": 0.1, ""hidden_sizes"": [256], ""learning_rate"": 0.001, ""standardize"": true, ""weight_decay"": 1e-05}",0.8927569967699425,0.8461538461538461,0.9658740981181781,0.8809988294966836,0.9265490356996307,0.9032,0.6980017989009252,0.692967409948542,0.5698166431593794,0.6253869969040248
llava_1_5_7b,AE+log1p(raw_S),64,fixed_arch2,44,fixed_0.5,0.5,2560,"{""batch_norm"": false, ""batch_size"": 128, ""dropout"": 0.1, ""hidden_sizes"": [256], ""learning_rate"": 0.001, ""standardize"": true, ""weight_decay"": 1e-05}",0.8933146316802607,0.8480610298792117,0.9666414387404816,0.8967193195625759,0.908494050061551,0.9025682837342031,0.691229400126086,0.670605612998523,0.6403385049365303,0.6551226551226551
llava_1_5_7b,AE+log1p(raw_S),64,fixed_arch2,44,train_f1,0.48615503311157227,2560,"{""batch_norm"": false, ""batch_size"": 128, ""dropout"": 0.1, ""hidden_sizes"": [256], ""learning_rate"": 0.001, ""standardize"": true, ""weight_decay"": 1e-05}",0.8933146316802607,0.8474253019707565,0.9666414387404816,0.892498997192138,0.913007796471071,0.9026369168356998,0.691229400126086,0.6753445635528331,0.6220028208744711,0.6475770925110133
llava_1_5_7b,AE+log1p(raw_S),64,fixed_arch2,45,fixed_0.5,0.5,2560,"{""batch_norm"": false, ""batch_size"": 128, ""dropout"": 0.1, ""hidden_sizes"": [256], ""learning_rate"": 0.001, ""standardize"": true, ""weight_decay"": 1e-05}",0.8907330743191038,0.8445645263827082,0.9653335053682272,0.8908507223113965,0.9109560935576528,0.9007912355447353,0.6883027593987602,0.6681957186544343,0.616361071932299,0.6412325752017608
llava_1_5_7b,AE+log1p(raw_S),64,fixed_arch2,45,train_f1,0.4988725483417511,2560,"{""batch_norm"": false, ""batch_size"": 128, ""dropout"": 0.1, ""hidden_sizes"": [256], ""learning_rate"": 0.001, ""standardize"": true, ""weight_decay"": 1e-05}",0.8907330743191038,0.8442466624284806,0.9653335053682272,0.8904933814681107,0.9109560935576528,0.9006085192697769,0.6883027593987602,0.667687595712098,0.614950634696756,0.6402349486049926
llava_1_5_7b,AE+log1p(raw_S),64,fixed_arch2,ensemble,fixed_0.5,0.5,2560,"{""batch_norm"": false, ""batch_size"": 128, ""dropout"": 0.1, ""hidden_sizes"": [256], ""learning_rate"": 0.001, ""standardize"": true, ""weight_decay"": 1e-05}",0.8949285029282343,0.852511125238398,0.9668588127364864,0.8906930693069307,0.9228559704554781,0.9064893188230552,0.6995313034219748,0.6972624798711755,0.610719322990127,0.6511278195488722
llava_1_5_7b,AE+log1p(raw_S),64,fixed_arch2,ensemble,train_f1,0.501122236251831,2560,"{""batch_norm"": false, ""batch_size"": 128, ""dropout"": 0.1, ""hidden_sizes"": [256], ""learning_rate"": 0.001, ""standardize"": true, ""weight_decay"": 1e-05}",0.8949285029282343,0.8518753973299428,0.9668588127364864,0.8906064209274673,0.9220352892901108,0.9060483870967742,0.6995313034219748,0.695024077046549,0.610719322990127,0.6501501501501501
llava_1_5_7b,AE+log1p(raw_S),64,fixed_arch3,43,fixed_0.5,0.5,2560,"{""batch_norm"": false, ""batch_size"": 128, ""dropout"": 0.1, ""hidden_sizes"": [128, 64], ""learning_rate"": 0.001, ""standardize"": true, ""weight_decay"": 1e-05}",0.896416493955145,0.8448823903369358,0.9676149182126648,0.897917517354022,0.9023389413212967,0.9001227998362669,0.6950341574775128,0.6585365853658537,0.6473906911142454,0.6529160739687055
llava_1_5_7b,AE+log1p(raw_S),64,fixed_arch3,43,train_f1,0.4790375232696533,2560,"{""batch_norm"": false, ""batch_size"": 128, ""dropout"": 0.1, ""hidden_sizes"": [128, 64], ""learning_rate"": 0.001, ""standardize"": true, ""weight_decay"": 1e-05}",0.896416493955145,0.8452002542911634,0.9676149182126648,0.8944174757281553,0.9072630283135003,0.900794459156651,0.6950341574775128,0.6646884272997032,0.6318758815232722,0.6478669558929863
llava_1_5_7b,AE+log1p(raw_S),64,fixed_arch3,44,fixed_0.5,0.5,2560,"{""batch_norm"": false, ""batch_size"": 128, ""dropout"": 0.1, ""hidden_sizes"": [128, 64], ""learning_rate"": 0.001, ""standardize"": true, ""weight_decay"": 1e-05}",0.895915288109441,0.8493324856961221,0.9666727851884118,0.8871794871794871,0.9228559704554781,0.9046661303298471,0.7068672996111031,0.6923076923076923,0.5966149506346967,0.6409090909090909
llava_1_5_7b,AE+log1p(raw_S),64,fixed_arch3,44,train_f1,0.5246203541755676,2560,"{""batch_norm"": false, ""batch_size"": 128, ""dropout"": 0.1, ""hidden_sizes"": [128, 64], ""learning_rate"": 0.001, ""standardize"": true, ""weight_decay"": 1e-05}",0.895915288109441,0.8493324856961221,0.9666727851884118,0.8930716860232278,0.9150594993844892,0.9039319010944467,0.7068672996111031,0.6810477657935285,0.6234132581100141,0.6509572901325479
llava_1_5_7b,AE+log1p(raw_S),64,fixed_arch3,45,fixed_0.5,0.5,2560,"{""batch_norm"": false, ""batch_size"": 128, ""dropout"": 0.1, ""hidden_sizes"": [128, 64], ""learning_rate"": 0.001, ""standardize"": true, ""weight_decay"": 1e-05}",0.896951846619436,0.8391608391608392,0.9676311832524399,0.8787759905845429,0.9191629052113254,0.8985158443642198,0.7021295025984885,0.6700167504187605,0.5641748942172073,0.6125574272588055
llava_1_5_7b,AE+log1p(raw_S),64,fixed_arch3,45,train_f1,0.4885946214199066,2560,"{""batch_norm"": false, ""batch_size"": 128, ""dropout"": 0.1, ""hidden_sizes"": [128, 64], ""learning_rate"": 0.001, ""standardize"": true, ""weight_decay"": 1e-05}",0.896951846619436,0.8388429752066116,0.9676311832524399,0.8760717069368668,0.9224456298727944,0.8986608035178892,0.7021295025984885,0.6741379310344827,0.5514809590973202,0.6066718386346005
llava_1_5_7b,AE+log1p(raw_S),64,fixed_arch3,ensemble,fixed_0.5,0.5,2560,"{""batch_norm"": false, ""batch_size"": 128, ""dropout"": 0.1, ""hidden_sizes"": [128, 64], ""learning_rate"": 0.001, ""standardize"": true, ""weight_decay"": 1e-05}",0.9018082187341022,0.8496503496503497,0.9691796155665227,0.8918595371109338,0.9171112022979072,0.9043091240137568,0.719920513078957,0.684375,0.6177715091678421,0.6493699036323203
llava_1_5_7b,AE+log1p(raw_S),64,fixed_arch3,ensemble,train_f1,0.4827233552932739,2560,"{""batch_norm"": false, ""batch_size"": 128, ""dropout"": 0.1, ""hidden_sizes"": [128, 64], ""learning_rate"": 0.001, ""standardize"": true, ""weight_decay"": 1e-05}",0.9018082187341022,0.85092180546726,0.9691796155665227,0.8874015748031496,0.9249076733688962,0.9057665260196905,0.719920513078957,0.698019801980198,0.5966149506346967,0.6433460076045627
llava_1_5_7b,AE+log1p(raw_S),64,fixed_arch4,43,fixed_0.5,0.5,2560,"{""batch_norm"": false, ""batch_size"": 128, ""dropout"": 0.1, ""hidden_sizes"": [256, 128], ""learning_rate"": 0.001, ""standardize"": true, ""weight_decay"": 1e-05}",0.894545364048493,0.8429752066115702,0.9673009533334859,0.9066555043951444,0.888797702092737,0.8976377952755905,0.6902829108934599,0.6420079260237781,0.685472496473907,0.6630286493860846
llava_1_5_7b,AE+log1p(raw_S),64,fixed_arch4,43,train_f1,0.4313257932662964,2560,"{""batch_norm"": false, ""batch_size"": 128, ""dropout"": 0.1, ""hidden_sizes"": [256, 128], ""learning_rate"": 0.001, ""standardize"": true, ""weight_decay"": 1e-05}",0.894545364048493,0.8452002542911634,0.9673009533334859,0.8896882494004796,0.9134181370537546,0.9013970439360194,0.6902829108934599,0.672360248447205,0.610719322990127,0.6400591278640059
llava_1_5_7b,AE+log1p(raw_S),64,fixed_arch4,44,fixed_0.5,0.5,2560,"{""batch_norm"": false, ""batch_size"": 128, ""dropout"": 0.1, ""hidden_sizes"": [256, 128], ""learning_rate"": 0.001, ""standardize"": true, ""weight_decay"": 1e-05}",0.8969830996398379,0.8474253019707565,0.9670569322295475,0.8719118206005321,0.9413212966762413,0.9052880820836622,0.7105233635951184,0.7223300970873786,0.5246826516220028,0.6078431372549019
llava_1_5_7b,AE+log1p(raw_S),64,fixed_arch4,44,train_f1,0.5642995834350586,2560,"{""batch_norm"": false, ""batch_size"": 128, ""dropout"": 0.1, ""hidden_sizes"": [256, 128], ""learning_rate"": 0.001, ""standardize"": true, ""weight_decay"": 1e-05}",0.8969830996398379,0.8464717101080738,0.9670569322295475,0.8843430369787569,0.9224456298727944,0.9029925687889134,0.7105233635951184,0.6870860927152318,0.5853314527503526,0.6321401370906321
llava_1_5_7b,AE+log1p(raw_S),64,fixed_arch4,45,fixed_0.5,0.5,2560,"{""batch_norm"": false, ""batch_size"": 128, ""dropout"": 0.1, ""hidden_sizes"": [256, 128], ""learning_rate"": 0.001, ""standardize"": true, ""weight_decay"": 1e-05}",0.8974513161862285,0.8486967577876668,0.9678406097155537,0.8980917580186764,0.9076733688961839,0.9028571428571428,0.6930719071023521,0.6705710102489019,0.6459802538787024,0.6580459770114943
llava_1_5_7b,AE+log1p(raw_S),64,fixed_arch4,45,train_f1,0.45406973361968994,2560,"{""batch_norm"": false, ""batch_size"": 128, ""dropout"": 0.1, ""hidden_sizes"": [256, 128], ""learning_rate"": 0.001, ""standardize"": true, ""weight_decay"": 1e-05}",0.8974513161862285,0.8480610298792117,0.9678406097155537,0.8863905325443787,0.9220352892901108,0.9038616251005631,0.6930719071023521,0.6890343698854338,0.5937940761636107,0.6378787878787879
llava_1_5_7b,AE+log1p(raw_S),64,fixed_arch4,ensemble,fixed_0.5,0.5,2560,"{""batch_norm"": false, ""batch_size"": 128, ""dropout"": 0.1, ""hidden_sizes"": [256, 128], ""learning_rate"": 0.001, ""standardize"": true, ""weight_decay"": 1e-05}",0.9007392496844313,0.8496503496503497,0.9689574144496568,0.8924860111910472,0.9162905211325401,0.9042316258351893,0.7093501498229683,0.6832298136645962,0.6205923836389281,0.6504065040650406
llava_1_5_7b,AE+log1p(raw_S),64,fixed_arch4,ensemble,train_f1,0.4997805058956146,2560,"{""batch_norm"": false, ""batch_size"": 128, ""dropout"": 0.1, ""hidden_sizes"": [256, 128], ""learning_rate"": 0.001, ""standardize"": true, ""weight_decay"": 1e-05}",0.9007392496844313,0.8496503496503497,0.9689574144496568,0.8924860111910472,0.9162905211325401,0.9042316258351893,0.7093501498229683,0.6832298136645962,0.6205923836389281,0.6504065040650406
llava_1_5_7b,AE+log1p(raw_S),64,fixed_arch5,43,fixed_0.5,0.5,2560,"{""batch_norm"": false, ""batch_size"": 128, ""dropout"": 0.1, ""hidden_sizes"": [128, 64, 32], ""learning_rate"": 0.001, ""standardize"": true, ""weight_decay"": 1e-05}",0.8942131560168142,0.8359821996185632,0.9672065177172511,0.8947801068639539,0.8933114485022569,0.8940451745379877,0.6853847022895768,0.635343618513324,0.6389280677009873,0.6371308016877637
llava_1_5_7b,AE+log1p(raw_S),64,fixed_arch5,43,train_f1,0.5240728855133057,2560,"{""batch_norm"": false, ""batch_size"": 128, ""dropout"": 0.1, ""hidden_sizes"": [128, 64, 32], ""learning_rate"": 0.001, ""standardize"": true, ""weight_decay"": 1e-05}",0.8942131560168142,0.8340750158931977,0.9672065177172511,0.8987921699291962,0.885514977431268,0.892104175279041,0.6853847022895768,0.625503355704698,0.6572637517630465,0.640990371389271
llava_1_5_7b,AE+log1p(raw_S),64,fixed_arch5,44,fixed_0.5,0.5,2560,"{""batch_norm"": false, ""batch_size"": 128, ""dropout"": 0.1, ""hidden_sizes"": [128, 64, 32], ""learning_rate"": 0.001, ""standardize"": true, ""weight_decay"": 1e-05}",0.8961572096377369,0.8537825810553084,0.96669144023208,0.8847800700661737,0.9327041444398851,0.9081102676787854,0.6973096958402754,0.7157712305025996,0.5825105782792666,0.6423017107309487
llava_1_5_7b,AE+log1p(raw_S),64,fixed_arch5,44,train_f1,0.5083399415016174,2560,"{""batch_norm"": false, ""batch_size"": 128, ""dropout"": 0.1, ""hidden_sizes"": [128, 64, 32], ""learning_rate"": 0.001, ""standardize"": true, ""weight_decay"": 1e-05}",0.8961572096377369,0.8544183089637635,0.96669144023208,0.8866744822196171,0.9310627821091506,0.9083266613290633,0.6973096958402754,0.7137989778534923,0.5909732016925247,0.6466049382716049
llava_1_5_7b,AE+log1p(raw_S),64,fixed_arch5,45,fixed_0.5,0.5,2560,"{""batch_norm"": false, ""batch_size"": 128, ""dropout"": 0.1, ""hidden_sizes"": [128, 64, 32], ""learning_rate"": 0.001, ""standardize"": true, ""weight_decay"": 1e-05}",0.8959575375629475,0.8486967577876668,0.9666725221141833,0.886785009861933,0.9224456298727944,0.9042638777152051,0.6928899785933772,0.690671031096563,0.5952045133991537,0.6393939393939394
llava_1_5_7b,AE+log1p(raw_S),64,fixed_arch5,45,train_f1,0.5188660621643066,2560,"{""batch_norm"": false, ""batch_size"": 128, ""dropout"": 0.1, ""hidden_sizes"": [128, 64, 32], ""learning_rate"": 0.001, ""standardize"": true, ""weight_decay"": 1e-05}",0.8959575375629475,0.8486967577876668,0.9666725221141833,0.8920431827269092,0.9154698399671728,0.9036046982584042,0.6928899785933772,0.6806201550387597,0.6191819464033851,0.6484490398818316
llava_1_5_7b,AE+log1p(raw_S),64,fixed_arch5,ensemble,fixed_0.5,0.5,2560,"{""batch_norm"": false, ""batch_size"": 128, ""dropout"": 0.1, ""hidden_sizes"": [128, 64, 32], ""learning_rate"": 0.001, ""standardize"": true, ""weight_decay"": 1e-05}",0.901579608677459,0.8521932612841704,0.9692033782950239,0.8931419457735247,0.9191629052113254,0.9059656218402427,0.7097164829526741,0.6912225705329154,0.6220028208744711,0.6547884187082406
llava_1_5_7b,AE+log1p(raw_S),64,fixed_arch5,ensemble,train_f1,0.4744924306869507,2560,"{""batch_norm"": false, ""batch_size"": 128, ""dropout"": 0.1, ""hidden_sizes"": [128, 64, 32], ""learning_rate"": 0.001, ""standardize"": true, ""weight_decay"": 1e-05}",0.901579608677459,0.854100445009536,0.9692033782950239,0.8857254290171607,0.9318834632745179,0.9082183563287343,0.7097164829526741,0.7147766323024055,0.5867418899858956,0.6444616576297444
llava_1_5_7b,AE+log1p(raw_S),64,matched_BN_on,43,fixed_0.5,0.5,2560,"{""batch_norm"": true, ""batch_size"": 128, ""dropout"": 0.3, ""hidden_sizes"": [256], ""learning_rate"": 0.001, ""standardize"": true, ""weight_decay"": 0.0}",0.8936587042844997,0.845518118245391,0.9662867562216343,0.8986514098896609,0.9023389413212967,0.9004914004914005,0.6965264822192294,0.6595135908440629,0.6502115655853314,0.6548295454545454
llava_1_5_7b,AE+log1p(raw_S),64,matched_BN_on,43,train_f1,0.503179132938385,2560,"{""batch_norm"": true, ""batch_size"": 128, ""dropout"": 0.3, ""hidden_sizes"": [256], ""learning_rate"": 0.001, ""standardize"": true, ""weight_decay"": 0.0}",0.8936587042844997,0.8461538461538461,0.9662867562216343,0.8997134670487106,0.901928600738613,0.9008196721311476,0.6965264822192294,0.6600284495021337,0.6544428772919605,0.6572237960339944
llava_1_5_7b,AE+log1p(raw_S),64,matched_BN_on,44,fixed_0.5,0.5,2560,"{""batch_norm"": true, ""batch_size"": 128, ""dropout"": 0.3, ""hidden_sizes"": [256], ""learning_rate"": 0.001, ""standardize"": true, ""weight_decay"": 0.0}",0.8957141691355589,0.8531468531468531,0.9671469985499903,0.8951580632252901,0.9179318834632745,0.9064019448946515,0.6986273676967192,0.6908809891808346,0.6304654442877292,0.6592920353982301
llava_1_5_7b,AE+log1p(raw_S),64,matched_BN_on,44,train_f1,0.45509234070777893,2560,"{""batch_norm"": true, ""batch_size"": 128, ""dropout"": 0.3, ""hidden_sizes"": [256], ""learning_rate"": 0.001, ""standardize"": true, ""weight_decay"": 0.0}",0.8957141691355589,0.85092180546726,0.9671469985499903,0.8825816485225505,0.9314731226918342,0.9063685366340587,0.6986273676967192,0.7090592334494773,0.5740479548660085,0.6344505066250974
llava_1_5_7b,AE+log1p(raw_S),64,matched_BN_on,45,fixed_0.5,0.5,2560,"{""batch_norm"": true, ""batch_size"": 128, ""dropout"": 0.3, ""hidden_sizes"": [256], ""learning_rate"": 0.001, ""standardize"": true, ""weight_decay"": 0.0}",0.8934347243049532,0.8423394787031151,0.9662106765060008,0.8754352030947775,0.9286007386130488,0.9012345679012346,0.6959925668885605,0.6898395721925134,0.5458392101551481,0.6094488188976378
llava_1_5_7b,AE+log1p(raw_S),64,matched_BN_on,45,train_f1,0.5560235977172852,2560,"{""batch_norm"": true, ""batch_size"": 128, ""dropout"": 0.3, ""hidden_sizes"": [256], ""learning_rate"": 0.001, ""standardize"": true, ""weight_decay"": 0.0}",0.8934347243049532,0.8521932612841704,0.9662106765060008,0.8953488372093024,0.9162905211325401,0.9056986412492395,0.6959925668885605,0.6871165644171779,0.6318758815232722,0.6583394562821455
llava_1_5_7b,AE+log1p(raw_S),64,matched_BN_on,ensemble,fixed_0.5,0.5,2560,"{""batch_norm"": true, ""batch_size"": 128, ""dropout"": 0.3, ""hidden_sizes"": [256], ""learning_rate"": 0.001, ""standardize"": true, ""weight_decay"": 0.0}",0.8963887134925655,0.8496503496503497,0.9673065306033874,0.8909235668789809,0.9183422240459581,0.9044251363911902,0.703164961989495,0.6861198738170347,0.613540197461213,0.6478034251675354
llava_1_5_7b,AE+log1p(raw_S),64,matched_BN_on,ensemble,train_f1,0.5257832407951355,2560,"{""batch_norm"": true, ""batch_size"": 128, ""dropout"": 0.3, ""hidden_sizes"": [256], ""learning_rate"": 0.001, ""standardize"": true, ""weight_decay"": 0.0}",0.8963887134925655,0.852511125238398,0.9673065306033874,0.9002028397565923,0.9105457529749692,0.9053447572419421,0.703164961989495,0.6798825256975036,0.6530324400564175,0.6661870503597123
llava_1_5_7b,AE+log1p(raw_S),64,matched_scaler_off,43,fixed_0.5,0.5,2560,"{""batch_norm"": false, ""batch_size"": 128, ""dropout"": 0.3, ""hidden_sizes"": [256], ""learning_rate"": 0.001, ""standardize"": false, ""weight_decay"": 0.0}",0.8824492876337007,0.8286713286713286,0.9613324670155174,0.85331347728965,0.940500615510874,0.8947882100331837,0.655065061365476,0.6847826086956522,0.44428772919605075,0.5389221556886228
llava_1_5_7b,AE+log1p(raw_S),64,matched_scaler_off,43,train_f1,0.5680684447288513,2560,"{""batch_norm"": false, ""batch_size"": 128, ""dropout"": 0.3, ""hidden_sizes"": [256], ""learning_rate"": 0.001, ""standardize"": false, ""weight_decay"": 0.0}",0.8824492876337007,0.8350286077558805,0.9613324670155174,0.8737334372564303,0.9199835863766926,0.8962622426544073,0.655065061365476,0.6637931034482759,0.5430183356840621,0.5973622963537626
llava_1_5_7b,AE+log1p(raw_S),64,matched_scaler_off,44,fixed_0.5,0.5,2560,"{""batch_norm"": false, ""batch_size"": 128, ""dropout"": 0.3, ""hidden_sizes"": [256], ""learning_rate"": 0.001, ""standardize"": false, ""weight_decay"": 0.0}",0.8850027751524597,0.8372536554354736,0.9622705097255628,0.8709055876685935,0.9273697168649979,0.8982511923688394,0.6647855551408163,0.6787658802177858,0.5275035260930888,0.5936507936507937
llava_1_5_7b,AE+log1p(raw_S),64,matched_scaler_off,44,train_f1,0.50382000207901,2560,"{""batch_norm"": false, ""batch_size"": 128, ""dropout"": 0.3, ""hidden_sizes"": [256], ""learning_rate"": 0.001, ""standardize"": false, ""weight_decay"": 0.0}",0.8850027751524597,0.8372536554354736,0.9622705097255628,0.8717651602935497,0.926138695116947,0.8981297254277756,0.6647855551408163,0.6768402154398564,0.5317348377997179,0.5955766192733017
llava_1_5_7b,AE+log1p(raw_S),64,matched_scaler_off,45,fixed_0.5,0.5,2560,"{""batch_norm"": false, ""batch_size"": 128, ""dropout"": 0.3, ""hidden_sizes"": [256], ""learning_rate"": 0.001, ""standardize"": false, ""weight_decay"": 0.0}",0.885143413744268,0.8413858868404323,0.961471920286264,0.8664901664145235,0.9400902749281904,0.9017909860263728,0.676408690896335,0.7091633466135459,0.5021156558533145,0.587943848059455
llava_1_5_7b,AE+log1p(raw_S),64,matched_scaler_off,45,train_f1,0.5131309032440186,2560,"{""batch_norm"": false, ""batch_size"": 128, ""dropout"": 0.3, ""hidden_sizes"": [256], ""learning_rate"": 0.001, ""standardize"": false, ""weight_decay"": 0.0}",0.885143413744268,0.8420216147488875,0.961471920286264,0.8702290076335878,0.9355765285186705,0.9017203875815701,0.676408690896335,0.7015209125475285,0.5204513399153737,0.5975708502024292
llava_1_5_7b,AE+log1p(raw_S),64,matched_scaler_off,ensemble,fixed_0.5,0.5,2560,"{""batch_norm"": false, ""batch_size"": 128, ""dropout"": 0.3, ""hidden_sizes"": [256], ""learning_rate"": 0.001, ""standardize"": false, ""weight_decay"": 0.0}",0.8860445424991883,0.8350286077558805,0.9624290631530199,0.8624338624338624,0.9363972096840377,0.8978949439307495,0.6687743672094246,0.69,0.48660084626234135,0.5707196029776674
llava_1_5_7b,AE+log1p(raw_S),64,matched_scaler_off,ensemble,train_f1,0.49043360352516174,2560,"{""batch_norm"": false, ""batch_size"": 128, ""dropout"": 0.3, ""hidden_sizes"": [256], ""learning_rate"": 0.001, ""standardize"": false, ""weight_decay"": 0.0}",0.8860445424991883,0.8347107438016529,0.9624290631530199,0.8604738623542685,0.9388592531801395,0.8979591836734694,0.6687743672094246,0.6940451745379876,0.4767277856135402,0.5652173913043478
llava_1_5_7b,AE+log1p(raw_S),64,old_three_hidden_direct_reference,43,fixed_0.5,0.5,3200,null,0.8964109957385928,0.8439287984742531,0.9668430345149103,0.9112426035502958,0.8846942962659007,0.8977722256922757,0.6995942975840702,0.6397435897435897,0.7038081805359662,0.6702484889187375
llava_1_5_7b,AE+log1p(raw_S),64,old_three_hidden_direct_reference,43,train_f1,0.5099802017211914,3200,null,0.8964109957385928,0.8410680228862047,0.9668430345149103,0.9130063965884861,0.8785391875256463,0.8954412379757424,0.6995942975840702,0.630461922596754,0.7122708039492243,0.6688741721854304
llava_1_5_7b,AE+log1p(raw_S),64,old_three_hidden_direct_reference,44,fixed_0.5,0.5,3200,null,0.901234378553946,0.8531468531468531,0.9685703807667395,0.9048790487904879,0.9056216659827657,0.9052502050861362,0.7140445535468405,0.6746817538896747,0.6727785613540197,0.673728813559322
llava_1_5_7b,AE+log1p(raw_S),64,old_three_hidden_direct_reference,44,train_f1,0.4837189316749573,3200,null,0.901234378553946,0.8531468531468531,0.9685703807667395,0.9006085192697769,0.9109560935576528,0.9057527539779682,0.7140445535468405,0.6813509544787077,0.6544428772919605,0.6676258992805756
llava_1_5_7b,AE+log1p(raw_S),64,old_three_hidden_direct_reference,45,fixed_0.5,0.5,3200,null,0.9028091835264171,0.8407501589319771,0.9687558040222938,0.9268077601410935,0.8625359048009849,0.8935175345377259,0.710820944369018,0.6184510250569476,0.765867418899859,0.6843100189035917
llava_1_5_7b,AE+log1p(raw_S),64,old_three_hidden_direct_reference,45,train_f1,0.39934590458869934,3200,null,0.9028091835264171,0.8534647171010807,0.9687558040222938,0.9,0.9121871153057037,0.9060525779498675,0.710820944369018,0.6834319526627219,0.6516220028208745,0.6671480144404333
llava_1_5_7b,AE+log1p(raw_S),64,old_three_hidden_direct_reference,ensemble,fixed_0.5,0.5,3200,null,0.904959564957956,0.8521932612841704,0.9700327090869221,0.9160337552742616,0.8908494050061551,0.9032660703141252,0.7192761451308152,0.6572164948453608,0.7193229901269393,0.6868686868686869
llava_1_5_7b,AE+log1p(raw_S),64,old_three_hidden_direct_reference,ensemble,train_f1,0.46643176674842834,3200,null,0.904959564957956,0.8547361729179911,0.9700327090869221,0.9070723684210527,0.9052113254000821,0.9061408913534607,0.7192761451308152,0.6764705882352942,0.6812411847672779,0.6788475052705552
llava_1_5_7b,AE+log1p(raw_S),64,tuned_arch2,43,fixed_0.5,0.5,2560,"{""batch_norm"": false, ""batch_size"": 128, ""dropout"": 0.3, ""hidden_sizes"": [256], ""learning_rate"": 0.001, ""standardize"": true, ""weight_decay"": 0.0}",0.8935921469262365,0.8445645263827082,0.9664536525307919,0.8969030154849226,0.9031596224866639,0.9000204457166223,0.6990170147387784,0.6589595375722543,0.6431593794076164,0.6509635974304069
llava_1_5_7b,AE+log1p(raw_S),64,tuned_arch2,43,train_f1,0.5030289888381958,2560,"{""batch_norm"": false, ""batch_size"": 128, ""dropout"": 0.3, ""hidden_sizes"": [256], ""learning_rate"": 0.001, ""standardize"": true, ""weight_decay"": 0.0}",0.8935921469262365,0.8442466624284806,0.9664536525307919,0.8978340825500613,0.9015182601559294,0.8996723996723996,0.6990170147387784,0.6566523605150214,0.6473906911142454,0.6519886363636364
llava_1_5_7b,AE+log1p(raw_S),64,tuned_arch2,44,fixed_0.5,0.5,2560,"{""batch_norm"": false, ""batch_size"": 128, ""dropout"": 0.3, ""hidden_sizes"": [256], ""learning_rate"": 0.001, ""standardize"": true, ""weight_decay"": 0.0}",0.8924722470285034,0.8452002542911634,0.9661266000085311,0.875,0.9335248256052524,0.9033154655548938,0.6880550417713528,0.7032967032967034,0.5416078984485191,0.6119521912350597
llava_1_5_7b,AE+log1p(raw_S),64,tuned_arch2,44,train_f1,0.5206448435783386,2560,"{""batch_norm"": false, ""batch_size"": 128, ""dropout"": 0.3, ""hidden_sizes"": [256], ""learning_rate"": 0.001, ""standardize"": true, ""weight_decay"": 0.0}",0.8924722470285034,0.8480610298792117,0.9661266000085311,0.8812767613857532,0.9290110791957324,0.9045145825009988,0.6880550417713528,0.7001733102253033,0.5698166431593794,0.6283048211508554
llava_1_5_7b,AE+log1p(raw_S),64,tuned_arch2,45,fixed_0.5,0.5,2560,"{""batch_norm"": false, ""batch_size"": 128, ""dropout"": 0.3, ""hidden_sizes"": [256], ""learning_rate"": 0.001, ""standardize"": true, ""weight_decay"": 0.0}",0.8938277020985246,0.8464717101080738,0.9667371018195807,0.891426282051282,0.913007796471071,0.9020879789174944,0.6977053738936841,0.6738461538461539,0.6177715091678421,0.6445916114790287
llava_1_5_7b,AE+log1p(raw_S),64,tuned_arch2,45,train_f1,0.4943530559539795,2560,"{""batch_norm"": false, ""batch_size"": 128, ""dropout"": 0.3, ""hidden_sizes"": [256], ""learning_rate"": 0.001, ""standardize"": true, ""weight_decay"": 0.0}",0.8938277020985246,0.8464717101080738,0.9667371018195807,0.8898643256185156,0.9150594993844892,0.9022860610965001,0.6977053738936841,0.6765625,0.610719322990127,0.6419570051890289
llava_1_5_7b,AE+log1p(raw_S),64,tuned_arch2,ensemble,fixed_0.5,0.5,2560,"{""batch_norm"": false, ""batch_size"": 128, ""dropout"": 0.3, ""hidden_sizes"": [256], ""learning_rate"": 0.001, ""standardize"": true, ""weight_decay"": 0.0}",0.8953394222705552,0.8490146217418945,0.9671019247715628,0.8889770023790642,0.9199835863766926,0.9042145593869731,0.7010889181728117,0.6875,0.6050775740479548,0.6436609152288072
llava_1_5_7b,AE+log1p(raw_S),64,tuned_arch2,ensemble,train_f1,0.5267987847328186,2560,"{""batch_norm"": false, ""batch_size"": 128, ""dropout"": 0.3, ""hidden_sizes"": [256], ""learning_rate"": 0.001, ""standardize"": true, ""weight_decay"": 0.0}",0.8953394222705552,0.8490146217418945,0.9671019247715628,0.8958837772397095,0.9109560935576528,0.9033570701932858,0.7010889181728117,0.6751497005988024,0.6361071932299013,0.6550472040668119
llava_1_5_7b,AE+log1p(raw_S),64,tuned_arch3,43,fixed_0.5,0.5,2560,"{""batch_norm"": false, ""batch_size"": 128, ""dropout"": 0.3, ""hidden_sizes"": [128, 64], ""learning_rate"": 0.001, ""standardize"": true, ""weight_decay"": 0.0001}",0.8962092980050734,0.8426573426573427,0.9679659283910591,0.8749034749034749,0.9298317603610997,0.9015317286652079,0.6946151110542461,0.6924460431654677,0.5430183356840621,0.6086956521739131
llava_1_5_7b,AE+log1p(raw_S),64,tuned_arch3,43,train_f1,0.5494789481163025,2560,"{""batch_norm"": false, ""batch_size"": 128, ""dropout"": 0.3, ""hidden_sizes"": [128, 64], ""learning_rate"": 0.001, ""standardize"": true, ""weight_decay"": 0.0001}",0.8962092980050734,0.8439287984742531,0.9679659283910591,0.8861111111111111,0.9162905211325401,0.9009481541254791,0.6946151110542461,0.6741214057507987,0.5952045133991537,0.6322097378277154
llava_1_5_7b,AE+log1p(raw_S),64,tuned_arch3,44,fixed_0.5,0.5,2560,"{""batch_norm"": false, ""batch_size"": 128, ""dropout"": 0.3, ""hidden_sizes"": [128, 64], ""learning_rate"": 0.001, ""standardize"": true, ""weight_decay"": 0.0001}",0.8989097904716485,0.8486967577876668,0.9680306221512723,0.8911049062624651,0.9167008617152236,0.9037216828478964,0.7114873884718954,0.6823161189358372,0.614950634696756,0.6468842729970327
llava_1_5_7b,AE+log1p(raw_S),64,tuned_arch3,44,train_f1,0.44428372383117676,2560,"{""batch_norm"": false, ""batch_size"": 128, ""dropout"": 0.3, ""hidden_sizes"": [128, 64], ""learning_rate"": 0.001, ""standardize"": true, ""weight_decay"": 0.0001}",0.8989097904716485,0.8502860775588048,0.9680306221512723,0.8763399693721287,0.9392695937628232,0.9067142008318478,0.7114873884718954,0.7228464419475655,0.5444287729196051,0.6210780370072405
llava_1_5_7b,AE+log1p(raw_S),64,tuned_arch3,45,fixed_0.5,0.5,2560,"{""batch_norm"": false, ""batch_size"": 128, ""dropout"": 0.3, ""hidden_sizes"": [128, 64], ""learning_rate"": 0.001, ""standardize"": true, ""weight_decay"": 0.0001}",0.8966167447895717,0.8426573426573427,0.9677436618129398,0.879296875,0.9236766516208453,0.9009405643386031,0.6926621168402358,0.6825938566552902,0.5641748942172073,0.6177606177606177
llava_1_5_7b,AE+log1p(raw_S),64,tuned_arch3,45,train_f1,0.5167816281318665,2560,"{""batch_norm"": false, ""batch_size"": 128, ""dropout"": 0.3, ""hidden_sizes"": [128, 64], ""learning_rate"": 0.001, ""standardize"": true, ""weight_decay"": 0.0001}",0.8966167447895717,0.8429752066115702,0.9677436618129398,0.8826309570697125,0.919573245794009,0.9007234726688103,0.6926621168402358,0.6771004942339374,0.5796897038081805,0.6246200607902735
llava_1_5_7b,AE+log1p(raw_S),64,tuned_arch3,ensemble,fixed_0.5,0.5,2560,"{""batch_norm"": false, ""batch_size"": 128, ""dropout"": 0.3, ""hidden_sizes"": [128, 64], ""learning_rate"": 0.001, ""standardize"": true, ""weight_decay"": 0.0001}",0.9015095787613733,0.8486967577876668,0.969348232011376,0.884359074872599,0.9257283545342634,0.9045709703287891,0.7145164905970374,0.6957983193277311,0.5839210155148096,0.6349693251533742
llava_1_5_7b,AE+log1p(raw_S),64,tuned_arch3,ensemble,train_f1,0.531602680683136,2560,"{""batch_norm"": false, ""batch_size"": 128, ""dropout"": 0.3, ""hidden_sizes"": [128, 64], ""learning_rate"": 0.001, ""standardize"": true, ""weight_decay"": 0.0001}",0.9015095787613733,0.8496503496503497,0.969348232011376,0.8937449879711307,0.9146491588018055,0.9040762522814845,0.7145164905970374,0.6809815950920245,0.6262341325811002,0.6524614254224834
qwen3_vl_8b,AE+log1p(raw_S),72,fixed_arch0,43,fixed_0.5,0.5,2560,"{""batch_norm"": false, ""batch_size"": 128, ""dropout"": 0.0, ""hidden_sizes"": [], ""learning_rate"": 0.001, ""standardize"": true, ""weight_decay"": 1e-05}",0.8443515199787601,0.8592666005946482,0.9603464621314328,0.8820080615610114,0.9585822381521306,0.9187022900763359,0.5438136551332239,0.6510067114093959,0.375968992248062,0.47665847665847666
qwen3_vl_8b,AE+log1p(raw_S),72,fixed_arch0,43,train_f1,0.5274678468704224,2560,"{""batch_norm"": false, ""batch_size"": 128, ""dropout"": 0.0, ""hidden_sizes"": [], ""learning_rate"": 0.001, ""standardize"": true, ""weight_decay"": 1e-05}",0.8443515199787601,0.8572844400396432,0.9603464621314328,0.8865749349200446,0.9494225408203902,0.916923076923077,0.5438136551332239,0.6242603550295858,0.40891472868217055,0.49414519906323184
qwen3_vl_8b,AE+log1p(raw_S),72,fixed_arch0,44,fixed_0.5,0.5,2560,"{""batch_norm"": false, ""batch_size"": 128, ""dropout"": 0.0, ""hidden_sizes"": [], ""learning_rate"": 0.001, ""standardize"": true, ""weight_decay"": 1e-05}",0.8461359166952233,0.8612487611496531,0.9607824301104376,0.8811520233321182,0.9625647152528873,0.9200609059763989,0.5495015089748987,0.6690140845070423,0.3682170542635659,0.475
qwen3_vl_8b,AE+log1p(raw_S),72,fixed_arch0,44,train_f1,0.5451138019561768,2560,"{""batch_norm"": false, ""batch_size"": 128, ""dropout"": 0.0, ""hidden_sizes"": [], ""learning_rate"": 0.001, ""standardize"": true, ""weight_decay"": 1e-05}",0.8461359166952233,0.8602576808721506,0.9607824301104376,0.8895522388059701,0.9494225408203902,0.9185128106337892,0.5495015089748987,0.6340057636887608,0.4263565891472868,0.5098493626882966
qwen3_vl_8b,AE+log1p(raw_S),72,fixed_arch0,45,fixed_0.5,0.5,2560,"{""batch_norm"": false, ""batch_size"": 128, ""dropout"": 0.0, ""hidden_sizes"": [], ""learning_rate"": 0.001, ""standardize"": true, ""weight_decay"": 1e-05}",0.8454223895480043,0.861579121242154,0.9606032169024425,0.8789855072463768,0.9661489446435683,0.920508442420793,0.5492474514348754,0.6816479400749064,0.35271317829457366,0.4648786717752235
qwen3_vl_8b,AE+log1p(raw_S),72,fixed_arch0,45,train_f1,0.5466488599777222,2560,"{""batch_norm"": false, ""batch_size"": 128, ""dropout"": 0.0, ""hidden_sizes"": [], ""learning_rate"": 0.001, ""standardize"": true, ""weight_decay"": 1e-05}",0.8454223895480043,0.8582755203171457,0.9606032169024425,0.8884328358208955,0.9482277976901633,0.9173569639761125,0.5492474514348754,0.6253602305475504,0.42054263565891475,0.5028968713789108
qwen3_vl_8b,AE+log1p(raw_S),72,fixed_arch0,ensemble,fixed_0.5,0.5,2560,"{""batch_norm"": false, ""batch_size"": 128, ""dropout"": 0.0, ""hidden_sizes"": [], ""learning_rate"": 0.001, ""standardize"": true, ""weight_decay"": 1e-05}",0.845501498831498,0.8599273207796498,0.9606190617297801,0.8809784592917123,0.9609717244125846,0.9192380952380952,0.5481019623324542,0.6597222222222222,0.3682170542635659,0.472636815920398
qwen3_vl_8b,AE+log1p(raw_S),72,fixed_arch0,ensemble,train_f1,0.5429906845092773,2560,"{""batch_norm"": false, ""batch_size"": 128, ""dropout"": 0.0, ""hidden_sizes"": [], ""learning_rate"": 0.001, ""standardize"": true, ""weight_decay"": 1e-05}",0.845501498831498,0.859596960687149,0.9606190617297801,0.889179104477612,0.9490242931103147,0.9181275284145637,0.5481019623324542,0.6311239193083573,0.42441860465116277,0.507531865585168
qwen3_vl_8b,AE+log1p(raw_S),72,fixed_arch1,43,fixed_0.5,0.5,2560,"{""batch_norm"": false, ""batch_size"": 128, ""dropout"": 0.1, ""hidden_sizes"": [128], ""learning_rate"": 0.001, ""standardize"": true, ""weight_decay"": 1e-05}",0.8854474421074405,0.8642220019821606,0.9730828346051685,0.9060324825986079,0.9330943847072879,0.9193643319599765,0.6404223284464887,0.6190476190476191,0.5290697674418605,0.5705329153605015
qwen3_vl_8b,AE+log1p(raw_S),72,fixed_arch1,43,train_f1,0.5362580418586731,2560,"{""batch_norm"": false, ""batch_size"": 128, ""dropout"": 0.1, ""hidden_sizes"": [128], ""learning_rate"": 0.001, ""standardize"": true, ""weight_decay"": 1e-05}",0.8854474421074405,0.8635612817971589,0.9730828346051685,0.9110501567398119,0.9259259259259259,0.9184278095990519,0.6404223284464887,0.608421052631579,0.560077519379845,0.5832492431886983
qwen3_vl_8b,AE+log1p(raw_S),72,fixed_arch1,44,fixed_0.5,0.5,2560,"{""batch_norm"": false, ""batch_size"": 128, ""dropout"": 0.1, ""hidden_sizes"": [128], ""learning_rate"": 0.001, ""standardize"": true, ""weight_decay"": 1e-05}",0.8839486106094425,0.8701684836471755,0.9721964435021848,0.9095127610208816,0.9366786140979689,0.9228958210712184,0.637241653999371,0.6394557823129252,0.5465116279069767,0.5893416927899686
qwen3_vl_8b,AE+log1p(raw_S),72,fixed_arch1,44,train_f1,0.5510777235031128,2560,"{""batch_norm"": false, ""batch_size"": 128, ""dropout"": 0.1, ""hidden_sizes"": [128], ""learning_rate"": 0.001, ""standardize"": true, ""weight_decay"": 1e-05}",0.8839486106094425,0.8688470432771721,0.9721964435021848,0.9171270718232044,0.9255276782158502,0.9213082259663032,0.637241653999371,0.6206896551724138,0.5930232558139535,0.6065411298315163
qwen3_vl_8b,AE+log1p(raw_S),72,fixed_arch1,45,fixed_0.5,0.5,2560,"{""batch_norm"": false, ""batch_size"": 128, ""dropout"": 0.1, ""hidden_sizes"": [128], ""learning_rate"": 0.001, ""standardize"": true, ""weight_decay"": 1e-05}",0.8833527826401044,0.8738024446646845,0.9711740640614914,0.908637236084453,0.942652329749104,0.9253322908522283,0.6450308635304098,0.6587677725118484,0.5387596899224806,0.5927505330490405
qwen3_vl_8b,AE+log1p(raw_S),72,fixed_arch1,45,train_f1,0.5101492404937744,2560,"{""batch_norm"": false, ""batch_size"": 128, ""dropout"": 0.1, ""hidden_sizes"": [128], ""learning_rate"": 0.001, ""standardize"": true, ""weight_decay"": 1e-05}",0.8833527826401044,0.8734720845721837,0.9711740640614914,0.9092307692307692,0.9414575866188769,0.9250635883388769,0.6450308635304098,0.6557377049180327,0.5426356589147286,0.5938494167550371
qwen3_vl_8b,AE+log1p(raw_S),72,fixed_arch1,ensemble,fixed_0.5,0.5,2560,"{""batch_norm"": false, ""batch_size"": 128, ""dropout"": 0.1, ""hidden_sizes"": [128], ""learning_rate"": 0.001, ""standardize"": true, ""weight_decay"": 1e-05}",0.8895132733800734,0.8724810042946812,0.9736500154896505,0.9081828659239339,0.9414575866188769,0.9245209229565897,0.6552433071837565,0.6533018867924528,0.5368217054263565,0.5893617021276596
qwen3_vl_8b,AE+log1p(raw_S),72,fixed_arch1,ensemble,train_f1,0.5601992011070251,2560,"{""batch_norm"": false, ""batch_size"": 128, ""dropout"": 0.1, ""hidden_sizes"": [128], ""learning_rate"": 0.001, ""standardize"": true, ""weight_decay"": 1e-05}",0.8895132733800734,0.8724810042946812,0.9736500154896505,0.9178136059771923,0.929510155316607,0.9236248516026909,0.6552433071837565,0.6342975206611571,0.5949612403100775,0.614
qwen3_vl_8b,AE+log1p(raw_S),72,fixed_arch2,43,fixed_0.5,0.5,2560,"{""batch_norm"": false, ""batch_size"": 128, ""dropout"": 0.1, ""hidden_sizes"": [256], ""learning_rate"": 0.001, ""standardize"": true, ""weight_decay"": 1e-05}",0.8857013636125082,0.8738024446646845,0.9725479342734952,0.9095806079261254,0.9414575866188769,0.9252446183953034,0.6390669818832848,0.6565420560747663,0.5445736434108527,0.5953389830508474
qwen3_vl_8b,AE+log1p(raw_S),72,fixed_arch2,43,train_f1,0.5219825506210327,2560,"{""batch_norm"": false, ""batch_size"": 128, ""dropout"": 0.1, ""hidden_sizes"": [256], ""learning_rate"": 0.001, ""standardize"": true, ""weight_decay"": 1e-05}",0.8857013636125082,0.8734720845721837,0.9725479342734952,0.9127230411171451,0.9370768618080446,0.9247396345057968,0.6390669818832848,0.6481069042316259,0.563953488372093,0.6031088082901555
qwen3_vl_8b,AE+log1p(raw_S),72,fixed_arch2,44,fixed_0.5,0.5,2560,"{""batch_norm"": false, ""batch_size"": 128, ""dropout"": 0.1, ""hidden_sizes"": [256], ""learning_rate"": 0.001, ""standardize"": true, ""weight_decay"": 1e-05}",0.8849176028575044,0.8711595639246779,0.972938147483716,0.8982350732256853,0.9526085225009956,0.9246231155778895,0.6403746938687226,0.6730769230769231,0.4748062015503876,0.5568181818181818
qwen3_vl_8b,AE+log1p(raw_S),72,fixed_arch2,44,train_f1,0.5200442671775818,2560,"{""batch_norm"": false, ""batch_size"": 128, ""dropout"": 0.1, ""hidden_sizes"": [256], ""learning_rate"": 0.001, ""standardize"": true, ""weight_decay"": 1e-05}",0.8849176028575044,0.869177403369673,0.972938147483716,0.89920724801812,0.948626045400239,0.9232558139534883,0.6403746938687226,0.6587301587301587,0.48255813953488375,0.5570469798657718
qwen3_vl_8b,AE+log1p(raw_S),72,fixed_arch2,45,fixed_0.5,0.5,2560,"{""batch_norm"": false, ""batch_size"": 128, ""dropout"": 0.1, ""hidden_sizes"": [256], ""learning_rate"": 0.001, ""standardize"": true, ""weight_decay"": 1e-05}",0.8873773227257431,0.874793524942187,0.9729216484810546,0.9025679758308157,0.9518120270808443,0.9265361504167474,0.6501814728049105,0.6807387862796834,0.5,0.576536312849162
qwen3_vl_8b,AE+log1p(raw_S),72,fixed_arch2,45,train_f1,0.6418853402137756,2560,"{""batch_norm"": false, ""batch_size"": 128, ""dropout"": 0.1, ""hidden_sizes"": [256], ""learning_rate"": 0.001, ""standardize"": true, ""weight_decay"": 1e-05}",0.8873773227257431,0.8734720845721837,0.9729216484810546,0.9235668789808917,0.9239346873755476,0.9237507465657974,0.6501814728049105,0.629126213592233,0.627906976744186,0.6285160038797284
qwen3_vl_8b,AE+log1p(raw_S),72,fixed_arch2,ensemble,fixed_0.5,0.5,2560,"{""batch_norm"": false, ""batch_size"": 128, ""dropout"": 0.1, ""hidden_sizes"": [256], ""learning_rate"": 0.001, ""standardize"": true, ""weight_decay"": 1e-05}",0.8914504860783097,0.8757846052196895,0.9743231603075146,0.9029822574556436,0.9526085225009956,0.9271317829457364,0.6588150530672445,0.6851851851851852,0.501937984496124,0.5794183445190156
qwen3_vl_8b,AE+log1p(raw_S),72,fixed_arch2,ensemble,train_f1,0.522404134273529,2560,"{""batch_norm"": false, ""batch_size"": 128, ""dropout"": 0.1, ""hidden_sizes"": [256], ""learning_rate"": 0.001, ""standardize"": true, ""weight_decay"": 1e-05}",0.8914504860783097,0.8777667657746944,0.9743231603075146,0.9078095238095238,0.9490242931103147,0.9279595015576324,0.6588150530672445,0.681592039800995,0.5310077519379846,0.5969498910675382
qwen3_vl_8b,AE+log1p(raw_S),72,fixed_arch3,43,fixed_0.5,0.5,2560,"{""batch_norm"": false, ""batch_size"": 128, ""dropout"": 0.1, ""hidden_sizes"": [128, 64], ""learning_rate"": 0.001, ""standardize"": true, ""weight_decay"": 1e-05}",0.8842361053226269,0.8721506442021804,0.9721696490222249,0.9004524886877828,0.951015531660693,0.9250435793143521,0.6361359309168583,0.672,0.4883720930232558,0.5656565656565656
qwen3_vl_8b,AE+log1p(raw_S),72,fixed_arch3,43,train_f1,0.5341577529907227,2560,"{""batch_norm"": false, ""batch_size"": 128, ""dropout"": 0.1, ""hidden_sizes"": [128, 64], ""learning_rate"": 0.001, ""standardize"": true, ""weight_decay"": 1e-05}",0.8842361053226269,0.8681863230921705,0.9721696490222249,0.902745995423341,0.942652329749104,0.9222676797194623,0.6361359309168583,0.6444444444444445,0.5058139534883721,0.5667752442996743
qwen3_vl_8b,AE+log1p(raw_S),72,fixed_arch3,44,fixed_0.5,0.5,2560,"{""batch_norm"": false, ""batch_size"": 128, ""dropout"": 0.1, ""hidden_sizes"": [128, 64], ""learning_rate"": 0.001, ""standardize"": true, ""weight_decay"": 1e-05}",0.8831660075512706,0.8738024446646845,0.9719916824355919,0.8955778520995912,0.9597769812823577,0.9265667051134179,0.6357843269759288,0.6994047619047619,0.45542635658914726,0.5516431924882629
qwen3_vl_8b,AE+log1p(raw_S),72,fixed_arch3,44,train_f1,0.6347513794898987,2560,"{""batch_norm"": false, ""batch_size"": 128, ""dropout"": 0.1, ""hidden_sizes"": [128, 64], ""learning_rate"": 0.001, ""standardize"": true, ""weight_decay"": 1e-05}",0.8831660075512706,0.8648827221671622,0.9719916824355919,0.911833855799373,0.9267224213460773,0.9192178550266641,0.6357843269759288,0.6126315789473684,0.563953488372093,0.5872855701311807
qwen3_vl_8b,AE+log1p(raw_S),72,fixed_arch3,45,fixed_0.5,0.5,2560,"{""batch_norm"": false, ""batch_size"": 128, ""dropout"": 0.1, ""hidden_sizes"": [128, 64], ""learning_rate"": 0.001, ""standardize"": true, ""weight_decay"": 1e-05}",0.8852050975706889,0.8668648827221671,0.9735270754752099,0.8956456456456456,0.9502190362405416,0.9221256038647343,0.6267957947496856,0.6556473829201102,0.46124031007751937,0.5415244596131968
qwen3_vl_8b,AE+log1p(raw_S),72,fixed_arch3,45,train_f1,0.568833589553833,2560,"{""batch_norm"": false, ""batch_size"": 128, ""dropout"": 0.1, ""hidden_sizes"": [128, 64], ""learning_rate"": 0.001, ""standardize"": true, ""weight_decay"": 1e-05}",0.8852050975706889,0.8668648827221671,0.9735270754752099,0.9072642967542504,0.9350856232576663,0.9209648950774662,0.6267957947496856,0.6287015945330297,0.5348837209302325,0.5780104712041885
qwen3_vl_8b,AE+log1p(raw_S),72,fixed_arch3,ensemble,fixed_0.5,0.5,2560,"{""batch_norm"": false, ""batch_size"": 128, ""dropout"": 0.1, ""hidden_sizes"": [128, 64], ""learning_rate"": 0.001, ""standardize"": true, ""weight_decay"": 1e-05}",0.8921435605815033,0.8764453254046911,0.9747944350498314,0.898842851810377,0.9589804858622063,0.9279383429672448,0.6545768710544194,0.7040229885057471,0.4748062015503876,0.5671296296296297
qwen3_vl_8b,AE+log1p(raw_S),72,fixed_arch3,ensemble,train_f1,0.6095893383026123,2560,"{""batch_norm"": false, ""batch_size"": 128, ""dropout"": 0.1, ""hidden_sizes"": [128, 64], ""learning_rate"": 0.001, ""standardize"": true, ""weight_decay"": 1e-05}",0.8921435605815033,0.8711595639246779,0.9747944350498314,0.915719325754606,0.9303066507367582,0.9229553536151719,0.6545768710544194,0.6323529411764706,0.5833333333333334,0.6068548387096774
qwen3_vl_8b,AE+log1p(raw_S),72,fixed_arch4,43,fixed_0.5,0.5,2560,"{""batch_norm"": false, ""batch_size"": 128, ""dropout"": 0.1, ""hidden_sizes"": [256, 128], ""learning_rate"": 0.001, ""standardize"": true, ""weight_decay"": 1e-05}",0.8859066618506478,0.8731417244796829,0.9731752485696015,0.9070034443168772,0.9438470728793309,0.9250585480093677,0.642469857495373,0.6594202898550725,0.5290697674418605,0.5870967741935483
qwen3_vl_8b,AE+log1p(raw_S),72,fixed_arch4,43,train_f1,0.6386949419975281,2560,"{""batch_norm"": false, ""batch_size"": 128, ""dropout"": 0.1, ""hidden_sizes"": [256, 128], ""learning_rate"": 0.001, ""standardize"": true, ""weight_decay"": 1e-05}",0.8859066618506478,0.8625702015196565,0.9731752485696015,0.9181636726546906,0.9159697331740343,0.9170653907496013,0.642469857495373,0.5957854406130269,0.6027131782945736,0.5992292870905588
qwen3_vl_8b,AE+log1p(raw_S),72,fixed_arch4,44,fixed_0.5,0.5,2560,"{""batch_norm"": false, ""batch_size"": 128, ""dropout"": 0.1, ""hidden_sizes"": [256, 128], ""learning_rate"": 0.001, ""standardize"": true, ""weight_decay"": 1e-05}",0.8852606670186065,0.8698381235546746,0.9728455177624757,0.9094777562862669,0.9362803663878932,0.9226844583987441,0.6409846794973703,0.6380090497737556,0.5465116279069767,0.5887265135699373
qwen3_vl_8b,AE+log1p(raw_S),72,fixed_arch4,44,train_f1,0.5070033073425293,2560,"{""batch_norm"": false, ""batch_size"": 128, ""dropout"": 0.1, ""hidden_sizes"": [256, 128], ""learning_rate"": 0.001, ""standardize"": true, ""weight_decay"": 1e-05}",0.8852606670186065,0.8698381235546746,0.9728455177624757,0.9107489328676756,0.9346873755475906,0.922562893081761,0.6409846794973703,0.6355555555555555,0.5542635658914729,0.5921325051759835
qwen3_vl_8b,AE+log1p(raw_S),72,fixed_arch4,45,fixed_0.5,0.5,2560,"{""batch_norm"": false, ""batch_size"": 128, ""dropout"": 0.1, ""hidden_sizes"": [256, 128], ""learning_rate"": 0.001, ""standardize"": true, ""weight_decay"": 1e-05}",0.8796381194063948,0.8668648827221671,0.9709324832411792,0.8971363978899773,0.9482277976901633,0.9219748305905131,0.6318320203044288,0.6514745308310992,0.47093023255813954,0.5466816647919011
qwen3_vl_8b,AE+log1p(raw_S),72,fixed_arch4,45,train_f1,0.6392932534217834,2560,"{""batch_norm"": false, ""batch_size"": 128, ""dropout"": 0.1, ""hidden_sizes"": [256, 128], ""learning_rate"": 0.001, ""standardize"": true, ""weight_decay"": 1e-05}",0.8796381194063948,0.865213082259663,0.9709324832411792,0.9086669257675865,0.9311031461569096,0.919748229740362,0.6318320203044288,0.6189427312775331,0.5445736434108527,0.5793814432989691
qwen3_vl_8b,AE+log1p(raw_S),72,fixed_arch4,ensemble,fixed_0.5,0.5,2560,"{""batch_norm"": false, ""batch_size"": 128, ""dropout"": 0.1, ""hidden_sizes"": [256, 128], ""learning_rate"": 0.001, ""standardize"": true, ""weight_decay"": 1e-05}",0.8908122092251458,0.8771060455896927,0.9742042958062042,0.9064994298745724,0.9498207885304659,0.9276546091015169,0.6567036845393979,0.6818181818181818,0.5232558139534884,0.5921052631578947
qwen3_vl_8b,AE+log1p(raw_S),72,fixed_arch4,ensemble,train_f1,0.5790800452232361,2560,"{""batch_norm"": false, ""batch_size"": 128, ""dropout"": 0.1, ""hidden_sizes"": [256, 128], ""learning_rate"": 0.001, ""standardize"": true, ""weight_decay"": 1e-05}",0.8908122092251458,0.872811364387182,0.9742042958062042,0.9155590304925724,0.9326961369972122,0.9240481357269679,0.6567036845393979,0.6396588486140725,0.5813953488372093,0.6091370558375635
qwen3_vl_8b,AE+log1p(raw_S),72,fixed_arch5,43,fixed_0.5,0.5,2560,"{""batch_norm"": false, ""batch_size"": 128, ""dropout"": 0.1, ""hidden_sizes"": [128, 64, 32], ""learning_rate"": 0.001, ""standardize"": true, ""weight_decay"": 1e-05}",0.8845946054414839,0.8629005616121572,0.9726123695596933,0.9106583072100314,0.9255276782158502,0.9180327868852459,0.6380272952687296,0.6063157894736843,0.5581395348837209,0.5812310797174571
qwen3_vl_8b,AE+log1p(raw_S),72,fixed_arch5,43,train_f1,0.5162662267684937,2560,"{""batch_norm"": false, ""batch_size"": 128, ""dropout"": 0.1, ""hidden_sizes"": [128, 64, 32], ""learning_rate"": 0.001, ""standardize"": true, ""weight_decay"": 1e-05}",0.8845946054414839,0.8619094813346547,0.9726123695596933,0.9128205128205128,0.9215452011150936,0.917162108600872,0.6380272952687296,0.5995934959349594,0.5717054263565892,0.5853174603174603
qwen3_vl_8b,AE+log1p(raw_S),72,fixed_arch5,44,fixed_0.5,0.5,2560,"{""batch_norm"": false, ""batch_size"": 128, ""dropout"": 0.1, ""hidden_sizes"": [128, 64, 32], ""learning_rate"": 0.001, ""standardize"": true, ""weight_decay"": 1e-05}",0.8842503835835502,0.8622398414271556,0.9728464228550047,0.908984375,0.9267224213460773,0.9177676986787616,0.6273447588110751,0.6059957173447538,0.5484496124031008,0.5757884028484231
qwen3_vl_8b,AE+log1p(raw_S),72,fixed_arch5,44,train_f1,0.4579732418060303,2560,"{""batch_norm"": false, ""batch_size"": 128, ""dropout"": 0.1, ""hidden_sizes"": [128, 64, 32], ""learning_rate"": 0.001, ""standardize"": true, ""weight_decay"": 1e-05}",0.8842503835835502,0.8642220019821606,0.9728464228550047,0.9013761467889908,0.9390681003584229,0.919836161497952,0.6273447588110751,0.6277372262773723,0.5,0.5566343042071198
qwen3_vl_8b,AE+log1p(raw_S),72,fixed_arch5,45,fixed_0.5,0.5,2560,"{""batch_norm"": false, ""batch_size"": 128, ""dropout"": 0.1, ""hidden_sizes"": [128, 64, 32], ""learning_rate"": 0.001, ""standardize"": true, ""weight_decay"": 1e-05}",0.8835850938043154,0.8708292038321771,0.9725297124100001,0.8987960872836719,0.9514137793707687,0.9243567421164636,0.631350757982357,0.6693766937669376,0.4786821705426357,0.5581920903954802
qwen3_vl_8b,AE+log1p(raw_S),72,fixed_arch5,45,train_f1,0.6227610111236572,2560,"{""batch_norm"": false, ""batch_size"": 128, ""dropout"": 0.1, ""hidden_sizes"": [128, 64, 32], ""learning_rate"": 0.001, ""standardize"": true, ""weight_decay"": 1e-05}",0.8835850938043154,0.8566237198546416,0.9725297124100001,0.9109616145627226,0.9167662285941856,0.9138547042477173,0.631350757982357,0.582,0.563953488372093,0.5728346456692913
qwen3_vl_8b,AE+log1p(raw_S),72,fixed_arch5,ensemble,fixed_0.5,0.5,2560,"{""batch_norm"": false, ""batch_size"": 128, ""dropout"": 0.1, ""hidden_sizes"": [128, 64, 32], ""learning_rate"": 0.001, ""standardize"": true, ""weight_decay"": 1e-05}",0.8943400973700215,0.8774364056821936,0.9751583843788953,0.9080854309687262,0.9482277976901633,0.927722579388272,0.6603396828602242,0.6790123456790124,0.5329457364341085,0.5971769815418024
qwen3_vl_8b,AE+log1p(raw_S),72,fixed_arch5,ensemble,train_f1,0.5418166518211365,2560,"{""batch_norm"": false, ""batch_size"": 128, ""dropout"": 0.1, ""hidden_sizes"": [128, 64, 32], ""learning_rate"": 0.001, ""standardize"": true, ""weight_decay"": 1e-05}",0.8943400973700215,0.8704988437396762,0.9751583843788953,0.9124172829894901,0.9334926324173636,0.9228346456692913,0.6603396828602242,0.6353711790393013,0.563953488372093,0.5975359342915811
qwen3_vl_8b,AE+log1p(raw_S),72,matched_BN_on,43,fixed_0.5,0.5,2560,"{""batch_norm"": true, ""batch_size"": 128, ""dropout"": 0.3, ""hidden_sizes"": [256], ""learning_rate"": 0.0003, ""standardize"": true, ""weight_decay"": 0.0}",0.8896155366001994,0.876775685497192,0.9736640785953444,0.8991784914115011,0.9589804858622063,0.9281171709385238,0.6533439312836918,0.7048710601719198,0.47674418604651164,0.5687861271676301
qwen3_vl_8b,AE+log1p(raw_S),72,matched_BN_on,43,train_f1,0.5254458785057068,2560,"{""batch_norm"": true, ""batch_size"": 128, ""dropout"": 0.3, ""hidden_sizes"": [256], ""learning_rate"": 0.0003, ""standardize"": true, ""weight_decay"": 0.0}",0.8896155366001994,0.8764453254046911,0.9736640785953444,0.9021452766277757,0.954599761051374,0.9276315789473685,0.6533439312836918,0.6918918918918919,0.49612403100775193,0.5778781038374717
qwen3_vl_8b,AE+log1p(raw_S),72,matched_BN_on,44,fixed_0.5,0.5,2560,"{""batch_norm"": true, ""batch_size"": 128, ""dropout"": 0.3, ""hidden_sizes"": [256], ""learning_rate"": 0.0003, ""standardize"": true, ""weight_decay"": 0.0}",0.8865619182573421,0.8708292038321771,0.9727818434677086,0.9009077155824509,0.948626045400239,0.9241513094083414,0.6437034408514243,0.6631853785900783,0.49224806201550386,0.5650723025583982
qwen3_vl_8b,AE+log1p(raw_S),72,matched_BN_on,44,train_f1,0.5198885202407837,2560,"{""batch_norm"": true, ""batch_size"": 128, ""dropout"": 0.3, ""hidden_sizes"": [256], ""learning_rate"": 0.0003, ""standardize"": true, ""weight_decay"": 0.0}",0.8865619182573421,0.8695077634621737,0.9727818434677086,0.9041252864782277,0.942652329749104,0.9229869370247612,0.6437034408514243,0.6479217603911981,0.5135658914728682,0.572972972972973
qwen3_vl_8b,AE+log1p(raw_S),72,matched_BN_on,45,fixed_0.5,0.5,2560,"{""batch_norm"": true, ""batch_size"": 128, ""dropout"": 0.3, ""hidden_sizes"": [256], ""learning_rate"": 0.0003, ""standardize"": true, ""weight_decay"": 0.0}",0.8896784381280506,0.8704988437396762,0.9737322330501395,0.8978595568907247,0.9522102747909199,0.9242365674526478,0.6536773389963698,0.6703296703296703,0.4728682170542636,0.5545454545454546
qwen3_vl_8b,AE+log1p(raw_S),72,matched_BN_on,45,train_f1,0.5313569903373718,2560,"{""batch_norm"": true, ""batch_size"": 128, ""dropout"": 0.3, ""hidden_sizes"": [256], ""learning_rate"": 0.0003, ""standardize"": true, ""weight_decay"": 0.0}",0.8896784381280506,0.8714899240171787,0.9737322330501395,0.9046529366895499,0.9446435682994823,0.9242158581726087,0.6536773389963698,0.6567901234567901,0.5155038759689923,0.5776330076004343
qwen3_vl_8b,AE+log1p(raw_S),72,matched_BN_on,ensemble,fixed_0.5,0.5,2560,"{""batch_norm"": true, ""batch_size"": 128, ""dropout"": 0.3, ""hidden_sizes"": [256], ""learning_rate"": 0.0003, ""standardize"": true, ""weight_decay"": 0.0}",0.8921721171033499,0.8741328047571854,0.9743235768233909,0.8994748687171793,0.9549980087614496,0.9264052540081128,0.6586574901051488,0.6869806094182825,0.4806201550387597,0.5655644241733181
qwen3_vl_8b,AE+log1p(raw_S),72,matched_BN_on,ensemble,train_f1,0.5638434290885925,2560,"{""batch_norm"": true, ""batch_size"": 128, ""dropout"": 0.3, ""hidden_sizes"": [256], ""learning_rate"": 0.0003, ""standardize"": true, ""weight_decay"": 0.0}",0.8921721171033499,0.8718202841096796,0.9743235768233909,0.9081122645136486,0.9406610911987257,0.9241001564945227,0.6586574901051488,0.6502347417840375,0.5368217054263565,0.5881104033970276
qwen3_vl_8b,AE+log1p(raw_S),72,matched_scaler_off,43,fixed_0.5,0.5,2560,"{""batch_norm"": false, ""batch_size"": 128, ""dropout"": 0.3, ""hidden_sizes"": [256], ""learning_rate"": 0.0003, ""standardize"": false, ""weight_decay"": 0.0}",0.8574882918260429,0.8592666005946482,0.9649574697879587,0.8751349406261245,0.9685384309040223,0.9194706994328923,0.5555992012880473,0.6814516129032258,0.32751937984496127,0.4424083769633508
qwen3_vl_8b,AE+log1p(raw_S),72,matched_scaler_off,43,train_f1,0.5739927887916565,2560,"{""batch_norm"": false, ""batch_size"": 128, ""dropout"": 0.3, ""hidden_sizes"": [256], ""learning_rate"": 0.0003, ""standardize"": false, ""weight_decay"": 0.0}",0.8574882918260429,0.8612487611496531,0.9649574697879587,0.8905491221516623,0.9494225408203902,0.9190439475713185,0.5555992012880473,0.6371428571428571,0.4321705426356589,0.5150115473441108
qwen3_vl_8b,AE+log1p(raw_S),72,matched_scaler_off,44,fixed_0.5,0.5,2560,"{""batch_norm"": false, ""batch_size"": 128, ""dropout"": 0.3, ""hidden_sizes"": [256], ""learning_rate"": 0.0003, ""standardize"": false, ""weight_decay"": 0.0}",0.8563043538662444,0.8506772381896267,0.9650817909948993,0.8583362339018448,0.982078853046595,0.9160475482912332,0.5607445810032903,0.7077922077922078,0.21124031007751937,0.3253731343283582
qwen3_vl_8b,AE+log1p(raw_S),72,matched_scaler_off,44,train_f1,0.6197918057441711,2560,"{""batch_norm"": false, ""batch_size"": 128, ""dropout"": 0.3, ""hidden_sizes"": [256], ""learning_rate"": 0.0003, ""standardize"": false, ""weight_decay"": 0.0}",0.8563043538662444,0.8609184010571523,0.9650817909948993,0.8813868613138686,0.961768219832736,0.91982479527709,0.5607445810032903,0.6655052264808362,0.3701550387596899,0.47571606475716066
qwen3_vl_8b,AE+log1p(raw_S),72,matched_scaler_off,45,fixed_0.5,0.5,2560,"{""batch_norm"": false, ""batch_size"": 128, ""dropout"": 0.3, ""hidden_sizes"": [256], ""learning_rate"": 0.0003, ""standardize"": false, ""weight_decay"": 0.0}",0.8605461550572828,0.8579451602246448,0.9659148000704352,0.8706804417527609,0.9733174034249303,0.9191425347875141,0.572850830158894,0.6954545454545454,0.29651162790697677,0.4157608695652174
qwen3_vl_8b,AE+log1p(raw_S),72,matched_scaler_off,45,train_f1,0.5426175594329834,2560,"{""batch_norm"": false, ""batch_size"": 128, ""dropout"": 0.3, ""hidden_sizes"": [256], ""learning_rate"": 0.0003, ""standardize"": false, ""weight_decay"": 0.0}",0.8605461550572828,0.8635612817971589,0.9659148000704352,0.8809005083514887,0.9661489446435683,0.9215574548907882,0.572850830158894,0.6886446886446886,0.3643410852713178,0.47655259822560203
qwen3_vl_8b,AE+log1p(raw_S),72,matched_scaler_off,ensemble,fixed_0.5,0.5,2560,"{""batch_norm"": false, ""batch_size"": 128, ""dropout"": 0.3, ""hidden_sizes"": [256], ""learning_rate"": 0.0003, ""standardize"": false, ""weight_decay"": 0.0}",0.8599565014710467,0.8569540799471423,0.9658724687779767,0.8671378091872791,0.977299880525687,0.9189290395057106,0.5686569593247137,0.7106598984771574,0.2713178294573643,0.39270687237026647
qwen3_vl_8b,AE+log1p(raw_S),72,matched_scaler_off,ensemble,train_f1,0.583150327205658,2560,"{""batch_norm"": false, ""batch_size"": 128, ""dropout"": 0.3, ""hidden_sizes"": [256], ""learning_rate"": 0.0003, ""standardize"": false, ""weight_decay"": 0.0}",0.8599565014710467,0.8632309217046581,0.9658724687779767,0.8853362734288864,0.959378733572282,0.9208715596330275,0.5686569593247137,0.6666666666666666,0.3953488372093023,0.49635036496350365
qwen3_vl_8b,AE+log1p(raw_S),72,old_three_hidden_direct_reference,43,fixed_0.5,0.5,3200,null,0.8905891596355879,0.8599273207796498,0.9748541909598333,0.9199195171026157,0.910394265232975,0.9151321056845476,0.6266459645854776,0.584870848708487,0.6143410852713178,0.5992438563327032
qwen3_vl_8b,AE+log1p(raw_S),72,old_three_hidden_direct_reference,43,train_f1,0.4273279905319214,3200,null,0.8905891596355879,0.8711595639246779,0.9748541909598333,0.9080415544440169,0.9398645957785743,0.923679060665362,0.6266459645854776,0.647196261682243,0.5368217054263565,0.586864406779661
qwen3_vl_8b,AE+log1p(raw_S),72,old_three_hidden_direct_reference,44,fixed_0.5,0.5,3200,null,0.8858321833544807,0.8678559629996696,0.9723247976596443,0.9210211408057439,0.9195539625647152,0.9202869669190913,0.633226828724251,0.6115384615384616,0.6162790697674418,0.6138996138996139
qwen3_vl_8b,AE+log1p(raw_S),72,old_three_hidden_direct_reference,44,train_f1,0.4726244807243347,3200,null,0.8858321833544807,0.869177403369673,0.9723247976596443,0.9151943462897526,0.9283154121863799,0.9217081850533808,0.633226828724251,0.625,0.5813953488372093,0.6024096385542169
qwen3_vl_8b,AE+log1p(raw_S),72,old_three_hidden_direct_reference,45,fixed_0.5,0.5,3200,null,0.88322775138229,0.8602576808721506,0.9724206415748361,0.9209677419354839,0.9095977698128236,0.9152474454017231,0.6250871850149625,0.5850091407678245,0.6201550387596899,0.6020696142991533
qwen3_vl_8b,AE+log1p(raw_S),72,old_three_hidden_direct_reference,45,train_f1,0.4179501533508301,3200,null,0.88322775138229,0.865213082259663,0.9724206415748361,0.9074002324680357,0.9326961369972122,0.9198743126472899,0.6250871850149625,0.6210762331838565,0.5368217054263565,0.5758835758835759
qwen3_vl_8b,AE+log1p(raw_S),72,old_three_hidden_direct_reference,ensemble,fixed_0.5,0.5,3200,null,0.8965096212324686,0.8675256029071688,0.9761182039079594,0.919984076433121,0.9203504579848666,0.9201672307386024,0.6493415488427583,0.6116504854368932,0.6104651162790697,0.6110572259941804
qwen3_vl_8b,AE+log1p(raw_S),72,old_three_hidden_direct_reference,ensemble,train_f1,0.47864624857902527,3200,null,0.8965096212324686,0.8711595639246779,0.9761182039079594,0.9166994106090374,0.9291119076065313,0.9228639240506329,0.6493415488427583,0.6307053941908713,0.5891472868217055,0.6092184368737475
qwen3_vl_8b,AE+log1p(raw_S),72,tuned_arch2,43,fixed_0.5,0.5,2560,"{""batch_norm"": false, ""batch_size"": 128, ""dropout"": 0.3, ""hidden_sizes"": [256], ""learning_rate"": 0.0003, ""standardize"": true, ""weight_decay"": 0.0}",0.8906563060518216,0.8777667657746944,0.9740316094534247,0.9053388867853086,0.9522102747909199,0.9281832298136646,0.6505316490724331,0.689119170984456,0.5155038759689923,0.5898004434589801
qwen3_vl_8b,AE+log1p(raw_S),72,tuned_arch2,43,train_f1,0.553290069103241,2560,"{""batch_norm"": false, ""batch_size"": 128, ""dropout"": 0.3, ""hidden_sizes"": [256], ""learning_rate"": 0.0003, ""standardize"": true, ""weight_decay"": 0.0}",0.8906563060518216,0.8741328047571854,0.9740316094534247,0.9105628373168851,0.9406610911987257,0.9253672869735553,0.6505316490724331,0.6558891454965358,0.5503875968992248,0.5985247629083246
qwen3_vl_8b,AE+log1p(raw_S),72,tuned_arch2,44,fixed_0.5,0.5,2560,"{""batch_norm"": false, ""batch_size"": 128, ""dropout"": 0.3, ""hidden_sizes"": [256], ""learning_rate"": 0.0003, ""standardize"": true, ""weight_decay"": 0.0}",0.8875208771328633,0.8678559629996696,0.9732205211928444,0.9014834537847091,0.9438470728793309,0.9221789883268483,0.6495511542643226,0.6457286432160804,0.49806201550387597,0.562363238512035
qwen3_vl_8b,AE+log1p(raw_S),72,tuned_arch2,44,train_f1,0.5515509843826294,2560,"{""batch_norm"": false, ""batch_size"": 128, ""dropout"": 0.3, ""hidden_sizes"": [256], ""learning_rate"": 0.0003, ""standardize"": true, ""weight_decay"": 0.0}",0.8875208771328633,0.8688470432771721,0.9732205211928444,0.9100077579519007,0.9342891278375149,0.921988602868933,0.6495511542643226,0.6325167037861915,0.5503875968992248,0.5886010362694301
qwen3_vl_8b,AE+log1p(raw_S),72,tuned_arch2,45,fixed_0.5,0.5,2560,"{""batch_norm"": false, ""batch_size"": 128, ""dropout"": 0.3, ""hidden_sizes"": [256], ""learning_rate"": 0.0003, ""standardize"": true, ""weight_decay"": 0.0}",0.8891428103939567,0.8714899240171787,0.9734027734307695,0.9025037936267072,0.9474313022700119,0.9244219933942103,0.6528042751825404,0.6624040920716112,0.501937984496124,0.5711135611907387
qwen3_vl_8b,AE+log1p(raw_S),72,tuned_arch2,45,train_f1,0.584247350692749,2560,"{""batch_norm"": false, ""batch_size"": 128, ""dropout"": 0.3, ""hidden_sizes"": [256], ""learning_rate"": 0.0003, ""standardize"": true, ""weight_decay"": 0.0}",0.8891428103939567,0.8724810042946812,0.9734027734307695,0.9168301294625343,0.9307048984468339,0.9237154150197628,0.6528042751825404,0.6359832635983264,0.5891472868217055,0.6116700201207244
qwen3_vl_8b,AE+log1p(raw_S),72,tuned_arch2,ensemble,fixed_0.5,0.5,2560,"{""batch_norm"": false, ""batch_size"": 128, ""dropout"": 0.3, ""hidden_sizes"": [256], ""learning_rate"": 0.0003, ""standardize"": true, ""weight_decay"": 0.0}",0.8922724508287566,0.8731417244796829,0.9743875718897445,0.9026883756152972,0.9494225408203902,0.9254658385093167,0.6579818745719824,0.6709844559585493,0.501937984496124,0.5742793791574279
qwen3_vl_8b,AE+log1p(raw_S),72,tuned_arch2,ensemble,train_f1,0.526828944683075,2560,"{""batch_norm"": false, ""batch_size"": 128, ""dropout"": 0.3, ""hidden_sizes"": [256], ""learning_rate"": 0.0003, ""standardize"": true, ""weight_decay"": 0.0}",0.8922724508287566,0.872811364387182,0.9743875718897445,0.9069678407350689,0.9434488251692553,0.924848721452274,0.6579818745719824,0.6578313253012048,0.5290697674418605,0.5864661654135338
qwen3_vl_8b,AE+log1p(raw_S),72,tuned_arch3,43,fixed_0.5,0.5,2560,"{""batch_norm"": false, ""batch_size"": 128, ""dropout"": 0.2, ""hidden_sizes"": [128, 64], ""learning_rate"": 0.001, ""standardize"": true, ""weight_decay"": 0.0001}",0.8891628771390379,0.8721506442021804,0.9733941878967554,0.9028831562974203,0.9478295499800876,0.9248105692636487,0.6447708487556943,0.6649616368286445,0.5038759689922481,0.5733186328555678
qwen3_vl_8b,AE+log1p(raw_S),72,tuned_arch3,43,train_f1,0.5438973307609558,2560,"{""batch_norm"": false, ""batch_size"": 128, ""dropout"": 0.2, ""hidden_sizes"": [128, 64], ""learning_rate"": 0.001, ""standardize"": true, ""weight_decay"": 0.0001}",0.8891628771390379,0.8695077634621737,0.9733941878967554,0.9088098918083463,0.9366786140979689,0.922533830162777,0.6447708487556943,0.6378132118451025,0.5426356589147286,0.5863874345549738
qwen3_vl_8b,AE+log1p(raw_S),72,tuned_arch3,44,fixed_0.5,0.5,2560,"{""batch_norm"": false, ""batch_size"": 128, ""dropout"": 0.2, ""hidden_sizes"": [128, 64], ""learning_rate"": 0.001, ""standardize"": true, ""weight_decay"": 0.0001}",0.8852251643157703,0.8701684836471755,0.972361974717656,0.8922222222222222,0.959378733572282,0.9245826137017847,0.6333786264492646,0.6880733944954128,0.436046511627907,0.5338078291814946
qwen3_vl_8b,AE+log1p(raw_S),72,tuned_arch3,44,train_f1,0.5602336525917053,2560,"{""batch_norm"": false, ""batch_size"": 128, ""dropout"": 0.2, ""hidden_sizes"": [128, 64], ""learning_rate"": 0.001, ""standardize"": true, ""weight_decay"": 0.0001}",0.8852251643157703,0.8655434423521638,0.972361974717656,0.9009146341463414,0.9414575866188769,0.9207400194741967,0.6333786264492646,0.6352357320099256,0.49612403100775193,0.5571273122959739
qwen3_vl_8b,AE+log1p(raw_S),72,tuned_arch3,45,fixed_0.5,0.5,2560,"{""batch_norm"": false, ""batch_size"": 128, ""dropout"": 0.2, ""hidden_sizes"": [128, 64], ""learning_rate"": 0.001, ""standardize"": true, ""weight_decay"": 0.0001}",0.8876416635022953,0.8658738024446647,0.9735820157612745,0.9148600709499409,0.9243329350856233,0.9195721077654516,0.6397032581590897,0.6122448979591837,0.5813953488372093,0.5964214711729622
qwen3_vl_8b,AE+log1p(raw_S),72,tuned_arch3,45,train_f1,0.5063555240631104,2560,"{""batch_norm"": false, ""batch_size"": 128, ""dropout"": 0.2, ""hidden_sizes"": [128, 64], ""learning_rate"": 0.001, ""standardize"": true, ""weight_decay"": 0.0001}",0.8876416635022953,0.8655434423521638,0.9735820157612745,0.9158102766798419,0.9227399442453206,0.9192620511803213,0.6397032581590897,0.6096579476861167,0.5872093023255814,0.5982230997038499
qwen3_vl_8b,AE+log1p(raw_S),72,tuned_arch3,ensemble,fixed_0.5,0.5,2560,"{""batch_norm"": false, ""batch_size"": 128, ""dropout"": 0.2, ""hidden_sizes"": [128, 64], ""learning_rate"": 0.001, ""standardize"": true, ""weight_decay"": 0.0001}",0.8939827549479962,0.8741328047571854,0.9748494314503602,0.9049429657794676,0.9478295499800876,0.925889904687804,0.6574823691861192,0.6700251889168766,0.5155038759689923,0.5826944140197152
qwen3_vl_8b,AE+log1p(raw_S),72,tuned_arch3,ensemble,train_f1,0.5671350955963135,2560,"{""batch_norm"": false, ""batch_size"": 128, ""dropout"": 0.2, ""hidden_sizes"": [128, 64], ""learning_rate"": 0.001, ""standardize"": true, ""weight_decay"": 0.0001}",0.8939827549479962,0.8731417244796829,0.9748494314503602,0.917550058892815,0.9307048984468339,0.9240806642941874,0.6574823691861192,0.6375,0.5930232558139535,0.6144578313253012
internvl_2_5_8b,AE+log1p(raw_S),64,fixed_arch0,43,fixed_0.5,0.5,2560,"{""batch_norm"": false, ""batch_size"": 128, ""dropout"": 0.0, ""hidden_sizes"": [], ""learning_rate"": 0.001, ""standardize"": true, ""weight_decay"": 1e-05}",0.8257873332407635,0.8622427551448971,0.9565205914065003,0.8804347826086957,0.9681274900398407,0.9222011385199241,0.4824808329202263,0.630057803468208,0.29222520107238603,0.3992673992673993
internvl_2_5_8b,AE+log1p(raw_S),64,fixed_arch0,43,train_f1,0.4090820550918579,2560,"{""batch_norm"": false, ""batch_size"": 128, ""dropout"": 0.0, ""hidden_sizes"": [], ""learning_rate"": 0.001, ""standardize"": true, ""weight_decay"": 1e-05}",0.8257873332407635,0.8576228475430492,0.9565205914065003,0.8661693725318121,0.9830677290836654,0.9209237228831351,0.4824808329202263,0.6666666666666666,0.18230563002680966,0.2863157894736842
internvl_2_5_8b,AE+log1p(raw_S),64,fixed_arch0,44,fixed_0.5,0.5,2560,"{""batch_norm"": false, ""batch_size"": 128, ""dropout"": 0.0, ""hidden_sizes"": [], ""learning_rate"": 0.001, ""standardize"": true, ""weight_decay"": 1e-05}",0.8252773089945846,0.8614027719445612,0.9564857554332906,0.8786101083032491,0.9696215139442231,0.921875,0.4811792669789239,0.6303030303030303,0.27882037533512066,0.38661710037174724
internvl_2_5_8b,AE+log1p(raw_S),64,fixed_arch0,44,train_f1,0.4130822420120239,2560,"{""batch_norm"": false, ""batch_size"": 128, ""dropout"": 0.0, ""hidden_sizes"": [], ""learning_rate"": 0.001, ""standardize"": true, ""weight_decay"": 1e-05}",0.8252773089945846,0.8563628727425452,0.9564857554332906,0.8663148636763413,0.9810756972111554,0.9201307800093415,0.4811792669789239,0.6448598130841121,0.18498659517426275,0.2875
internvl_2_5_8b,AE+log1p(raw_S),64,fixed_arch0,45,fixed_0.5,0.5,2560,"{""batch_norm"": false, ""batch_size"": 128, ""dropout"": 0.0, ""hidden_sizes"": [], ""learning_rate"": 0.001, ""standardize"": true, ""weight_decay"": 1e-05}",0.825798681947812,0.8605627887442251,0.9565895638946648,0.883348581884721,0.9616533864541833,0.9208392942298522,0.4829433390042401,0.6051282051282051,0.3163538873994638,0.4154929577464789
internvl_2_5_8b,AE+log1p(raw_S),64,fixed_arch0,45,train_f1,0.34373465180397034,2560,"{""batch_norm"": false, ""batch_size"": 128, ""dropout"": 0.0, ""hidden_sizes"": [], ""learning_rate"": 0.001, ""standardize"": true, ""weight_decay"": 1e-05}",0.825798681947812,0.8542629147417051,0.9565895638946648,0.8603036876355749,0.9875498007968128,0.91954555993508,0.4829433390042401,0.6710526315789473,0.13672922252010725,0.22717149220489977
internvl_2_5_8b,AE+log1p(raw_S),64,fixed_arch0,ensemble,fixed_0.5,0.5,2560,"{""batch_norm"": false, ""batch_size"": 128, ""dropout"": 0.0, ""hidden_sizes"": [], ""learning_rate"": 0.001, ""standardize"": true, ""weight_decay"": 1e-05}",0.8257633006846608,0.862662746745065,0.9565547278126381,0.8815251929187472,0.9671314741035857,0.9223462360484446,0.4826696516661586,0.6292134831460674,0.3002680965147453,0.40653357531760437
internvl_2_5_8b,AE+log1p(raw_S),64,fixed_arch0,ensemble,train_f1,0.36637818813323975,2560,"{""batch_norm"": false, ""batch_size"": 128, ""dropout"": 0.0, ""hidden_sizes"": [], ""learning_rate"": 0.001, ""standardize"": true, ""weight_decay"": 1e-05}",0.8257633006846608,0.8542629147417051,0.9565547278126381,0.8609300304215558,0.9865537848605578,0.9194708749129729,0.4826696516661586,0.6625,0.14209115281501342,0.23399558498896247
internvl_2_5_8b,AE+log1p(raw_S),64,fixed_arch1,43,fixed_0.5,0.5,2560,"{""batch_norm"": false, ""batch_size"": 128, ""dropout"": 0.1, ""hidden_sizes"": [128], ""learning_rate"": 0.001, ""standardize"": true, ""weight_decay"": 1e-05}",0.8513566377919957,0.8559428811423772,0.9667832259423085,0.9051094890510949,0.9262948207171314,0.9155796209697268,0.5045508997800537,0.5460122699386503,0.4772117962466488,0.5092989985693849
internvl_2_5_8b,AE+log1p(raw_S),64,fixed_arch1,43,train_f1,0.47130393981933594,2560,"{""batch_norm"": false, ""batch_size"": 128, ""dropout"": 0.1, ""hidden_sizes"": [128], ""learning_rate"": 0.001, ""standardize"": true, ""weight_decay"": 1e-05}",0.8513566377919957,0.8559428811423772,0.9667832259423085,0.9004329004329005,0.9322709163346613,0.916075360900416,0.5045508997800537,0.5496688741721855,0.4450402144772118,0.4918518518518519
internvl_2_5_8b,AE+log1p(raw_S),64,fixed_arch1,44,fixed_0.5,0.5,2560,"{""batch_norm"": false, ""batch_size"": 128, ""dropout"": 0.1, ""hidden_sizes"": [128], ""learning_rate"": 0.001, ""standardize"": true, ""weight_decay"": 1e-05}",0.8460320914732491,0.8542629147417051,0.9654485570596254,0.8956646021915198,0.9362549800796812,0.9155101046992938,0.49478992345624356,0.5460992907801419,0.4128686327077748,0.47022900763358777
internvl_2_5_8b,AE+log1p(raw_S),64,fixed_arch1,44,train_f1,0.5332894325256348,2560,"{""batch_norm"": false, ""batch_size"": 128, ""dropout"": 0.1, ""hidden_sizes"": [128], ""learning_rate"": 0.001, ""standardize"": true, ""weight_decay"": 1e-05}",0.8460320914732491,0.8517429651406971,0.9654485570596254,0.8995654273297924,0.9277888446215139,0.9134591811718559,0.49478992345624356,0.532258064516129,0.44235924932975873,0.48316251830161056
internvl_2_5_8b,AE+log1p(raw_S),64,fixed_arch1,45,fixed_0.5,0.5,2560,"{""batch_norm"": false, ""batch_size"": 128, ""dropout"": 0.1, ""hidden_sizes"": [128], ""learning_rate"": 0.001, ""standardize"": true, ""weight_decay"": 1e-05}",0.8517638561037353,0.8567828643427131,0.9667233664383539,0.8982322025800287,0.9362549800796812,0.9168495488905145,0.4995658813211727,0.5555555555555556,0.4289544235924933,0.48411497730711045
internvl_2_5_8b,AE+log1p(raw_S),64,fixed_arch1,45,train_f1,0.5743463039398193,2560,"{""batch_norm"": false, ""batch_size"": 128, ""dropout"": 0.1, ""hidden_sizes"": [128], ""learning_rate"": 0.001, ""standardize"": true, ""weight_decay"": 1e-05}",0.8517638561037353,0.8559428811423772,0.9667233664383539,0.9058995611896635,0.9252988047808764,0.9154964276915496,0.4995658813211727,0.5454545454545454,0.48257372654155495,0.5120910384068279
internvl_2_5_8b,AE+log1p(raw_S),64,fixed_arch1,ensemble,fixed_0.5,0.5,2560,"{""batch_norm"": false, ""batch_size"": 128, ""dropout"": 0.1, ""hidden_sizes"": [128], ""learning_rate"": 0.001, ""standardize"": true, ""weight_decay"": 1e-05}",0.8533767076466254,0.8580428391432171,0.9670663679986116,0.8991395793499044,0.9367529880478087,0.9175609756097561,0.5107586821534111,0.5605536332179931,0.4343163538873995,0.48942598187311176
internvl_2_5_8b,AE+log1p(raw_S),64,fixed_arch1,ensemble,train_f1,0.5264912843704224,2560,"{""batch_norm"": false, ""batch_size"": 128, ""dropout"": 0.1, ""hidden_sizes"": [128], ""learning_rate"": 0.001, ""standardize"": true, ""weight_decay"": 1e-05}",0.8533767076466254,0.8576228475430492,0.9670663679986116,0.9025566811384467,0.9317729083665338,0.9169321244792943,0.5107586821534111,0.5551948051948052,0.4584450402144772,0.5022026431718062
internvl_2_5_8b,AE+log1p(raw_S),64,fixed_arch2,43,fixed_0.5,0.5,2560,"{""batch_norm"": false, ""batch_size"": 128, ""dropout"": 0.1, ""hidden_sizes"": [256], ""learning_rate"": 0.001, ""standardize"": true, ""weight_decay"": 1e-05}",0.8472283787103596,0.8521629567408652,0.9649936264369527,0.9046920821114369,0.921812749003984,0.9131721756290084,0.49386559324847146,0.5313432835820896,0.4772117962466488,0.5028248587570622
internvl_2_5_8b,AE+log1p(raw_S),64,fixed_arch2,43,train_f1,0.49856895208358765,2560,"{""batch_norm"": false, ""batch_size"": 128, ""dropout"": 0.1, ""hidden_sizes"": [256], ""learning_rate"": 0.001, ""standardize"": true, ""weight_decay"": 1e-05}",0.8472283787103596,0.8521629567408652,0.9649936264369527,0.9046920821114369,0.921812749003984,0.9131721756290084,0.49386559324847146,0.5313432835820896,0.4772117962466488,0.5028248587570622
internvl_2_5_8b,AE+log1p(raw_S),64,fixed_arch2,44,fixed_0.5,0.5,2560,"{""batch_norm"": false, ""batch_size"": 128, ""dropout"": 0.1, ""hidden_sizes"": [256], ""learning_rate"": 0.001, ""standardize"": true, ""weight_decay"": 1e-05}",0.8473044818046849,0.8563628727425452,0.9650352423825742,0.8947867298578199,0.9402390438247012,0.9169499757163672,0.49460516660846227,0.5571955719557196,0.40482573726541554,0.468944099378882
internvl_2_5_8b,AE+log1p(raw_S),64,fixed_arch2,44,train_f1,0.5486260652542114,2560,"{""batch_norm"": false, ""batch_size"": 128, ""dropout"": 0.1, ""hidden_sizes"": [256], ""learning_rate"": 0.001, ""standardize"": true, ""weight_decay"": 1e-05}",0.8473044818046849,0.8551028979420412,0.9650352423825742,0.8988009592326139,0.9332669322709163,0.915709748350843,0.49460516660846227,0.5472972972972973,0.4343163538873995,0.484304932735426
internvl_2_5_8b,AE+log1p(raw_S),64,fixed_arch2,45,fixed_0.5,0.5,2560,"{""batch_norm"": false, ""batch_size"": 128, ""dropout"": 0.1, ""hidden_sizes"": [256], ""learning_rate"": 0.001, ""standardize"": true, ""weight_decay"": 1e-05}",0.8490194717110112,0.8576228475430492,0.9650534043324954,0.9002398081534773,0.9347609561752988,0.9171756657708282,0.5045521996013465,0.5574324324324325,0.44235924932975873,0.49327354260089684
internvl_2_5_8b,AE+log1p(raw_S),64,fixed_arch2,45,train_f1,0.503189742565155,2560,"{""batch_norm"": false, ""batch_size"": 128, ""dropout"": 0.1, ""hidden_sizes"": [256], ""learning_rate"": 0.001, ""standardize"": true, ""weight_decay"": 1e-05}",0.8490194717110112,0.8576228475430492,0.9650534043324954,0.9002398081534773,0.9347609561752988,0.9171756657708282,0.5045521996013465,0.5574324324324325,0.44235924932975873,0.49327354260089684
internvl_2_5_8b,AE+log1p(raw_S),64,fixed_arch2,ensemble,fixed_0.5,0.5,2560,"{""batch_norm"": false, ""batch_size"": 128, ""dropout"": 0.1, ""hidden_sizes"": [256], ""learning_rate"": 0.001, ""standardize"": true, ""weight_decay"": 1e-05}",0.8518452997660833,0.8555228895422091,0.9659325119091988,0.8980861244019138,0.9347609561752988,0.9160566129819424,0.506496603845176,0.5498281786941581,0.4289544235924933,0.4819277108433735
internvl_2_5_8b,AE+log1p(raw_S),64,fixed_arch2,ensemble,train_f1,0.549361526966095,2560,"{""batch_norm"": false, ""batch_size"": 128, ""dropout"": 0.1, ""hidden_sizes"": [256], ""learning_rate"": 0.001, ""standardize"": true, ""weight_decay"": 1e-05}",0.8518452997660833,0.8546829063418732,0.9659325119091988,0.90576171875,0.923804780876494,0.9146942800788954,0.506496603845176,0.5405405405405406,0.48257372654155495,0.509915014164306
internvl_2_5_8b,AE+log1p(raw_S),64,fixed_arch3,43,fixed_0.5,0.5,2560,"{""batch_norm"": false, ""batch_size"": 128, ""dropout"": 0.1, ""hidden_sizes"": [128, 64], ""learning_rate"": 0.001, ""standardize"": true, ""weight_decay"": 1e-05}",0.8401888424852867,0.8525829483410332,0.9647679565535692,0.8932130991931656,0.9372509960159362,0.9147023086269744,0.4806628750870819,0.5401459854014599,0.3967828418230563,0.4574961360123648
internvl_2_5_8b,AE+log1p(raw_S),64,fixed_arch3,43,train_f1,0.5427020192146301,2560,"{""batch_norm"": false, ""batch_size"": 128, ""dropout"": 0.1, ""hidden_sizes"": [128, 64], ""learning_rate"": 0.001, ""standardize"": true, ""weight_decay"": 1e-05}",0.8401888424852867,0.8509029819403612,0.9647679565535692,0.8964028776978418,0.9307768924302788,0.9132665526508673,0.4806628750870819,0.5304054054054054,0.42091152815013405,0.4693572496263079
internvl_2_5_8b,AE+log1p(raw_S),64,fixed_arch3,44,fixed_0.5,0.5,2560,"{""batch_norm"": false, ""batch_size"": 128, ""dropout"": 0.1, ""hidden_sizes"": [128, 64], ""learning_rate"": 0.001, ""standardize"": true, ""weight_decay"": 1e-05}",0.853180441771787,0.8576228475430492,0.9683771127189743,0.887598699489085,0.9516932270916335,0.9185291997116077,0.4952430178368178,0.5745614035087719,0.3512064343163539,0.43594009983361065
internvl_2_5_8b,AE+log1p(raw_S),64,fixed_arch3,44,train_f1,0.6256037950515747,2560,"{""batch_norm"": false, ""batch_size"": 128, ""dropout"": 0.1, ""hidden_sizes"": [128, 64], ""learning_rate"": 0.001, ""standardize"": true, ""weight_decay"": 1e-05}",0.853180441771787,0.8521629567408652,0.9683771127189743,0.9011627906976745,0.9262948207171314,0.9135559921414538,0.4952430178368178,0.5331230283911672,0.45308310991957107,0.48985507246376814
internvl_2_5_8b,AE+log1p(raw_S),64,fixed_arch3,45,fixed_0.5,0.5,2560,"{""batch_norm"": false, ""batch_size"": 128, ""dropout"": 0.1, ""hidden_sizes"": [128, 64], ""learning_rate"": 0.001, ""standardize"": true, ""weight_decay"": 1e-05}",0.8498666193136303,0.8534229315413692,0.9671092029760738,0.8842056507642427,0.9506972111553785,0.9162467002639789,0.4947766339034454,0.5540540540540541,0.3297587131367292,0.4134453781512605
internvl_2_5_8b,AE+log1p(raw_S),64,fixed_arch3,45,train_f1,0.554323673248291,2560,"{""batch_norm"": false, ""batch_size"": 128, ""dropout"": 0.1, ""hidden_sizes"": [128, 64], ""learning_rate"": 0.001, ""standardize"": true, ""weight_decay"": 1e-05}",0.8498666193136303,0.8567828643427131,0.9671092029760738,0.8959619952494062,0.9392430278884463,0.9170921468514467,0.4947766339034454,0.5579710144927537,0.4128686327077748,0.4745762711864407
internvl_2_5_8b,AE+log1p(raw_S),64,fixed_arch3,ensemble,fixed_0.5,0.5,2560,"{""batch_norm"": false, ""batch_size"": 128, ""dropout"": 0.1, ""hidden_sizes"": [128, 64], ""learning_rate"": 0.001, ""standardize"": true, ""weight_decay"": 1e-05}",0.8561077406192922,0.8593028139437211,0.9690662815185798,0.8910705937353903,0.9492031872509961,0.9192187123221606,0.5062095233357534,0.5785123966942148,0.3753351206434316,0.45528455284552843
internvl_2_5_8b,AE+log1p(raw_S),64,fixed_arch3,ensemble,train_f1,0.5656939148902893,2560,"{""batch_norm"": false, ""batch_size"": 128, ""dropout"": 0.1, ""hidden_sizes"": [128, 64], ""learning_rate"": 0.001, ""standardize"": true, ""weight_decay"": 1e-05}",0.8561077406192922,0.8559428811423772,0.9690662815185798,0.8973747016706444,0.9362549800796812,0.9164026322203266,0.5062095233357534,0.5524475524475524,0.42359249329758714,0.4795144157814871
internvl_2_5_8b,AE+log1p(raw_S),64,fixed_arch4,43,fixed_0.5,0.5,2560,"{""batch_norm"": false, ""batch_size"": 128, ""dropout"": 0.1, ""hidden_sizes"": [256, 128], ""learning_rate"": 0.001, ""standardize"": true, ""weight_decay"": 1e-05}",0.849304524529229,0.8555228895422091,0.9657194219735701,0.9031007751937985,0.9282868525896414,0.9155206286836935,0.49491019971830785,0.5457413249211357,0.46380697050938335,0.5014492753623189
internvl_2_5_8b,AE+log1p(raw_S),64,fixed_arch4,43,train_f1,0.5224440693855286,2560,"{""batch_norm"": false, ""batch_size"": 128, ""dropout"": 0.1, ""hidden_sizes"": [256, 128], ""learning_rate"": 0.001, ""standardize"": true, ""weight_decay"": 1e-05}",0.849304524529229,0.8551028979420412,0.9657194219735701,0.9073983341499265,0.9223107569721115,0.9147937762410472,0.49491019971830785,0.5411764705882353,0.4932975871313673,0.5161290322580645
internvl_2_5_8b,AE+log1p(raw_S),64,fixed_arch4,44,fixed_0.5,0.5,2560,"{""batch_norm"": false, ""batch_size"": 128, ""dropout"": 0.1, ""hidden_sizes"": [256, 128], ""learning_rate"": 0.001, ""standardize"": true, ""weight_decay"": 1e-05}",0.8462190113540478,0.8534229315413692,0.9652912656800996,0.8929417337754618,0.9387450199203188,0.915270696771061,0.50939598596154,0.5444444444444444,0.3941018766756032,0.4572317262830482
internvl_2_5_8b,AE+log1p(raw_S),64,fixed_arch4,44,train_f1,0.5786678791046143,2560,"{""batch_norm"": false, ""batch_size"": 128, ""dropout"": 0.1, ""hidden_sizes"": [256, 128], ""learning_rate"": 0.001, ""standardize"": true, ""weight_decay"": 1e-05}",0.8462190113540478,0.8458630827383452,0.9652912656800996,0.8988818667963053,0.920816733067729,0.9097170971709717,0.50939598596154,0.5092592592592593,0.44235924932975873,0.4734576757532281
internvl_2_5_8b,AE+log1p(raw_S),64,fixed_arch4,45,fixed_0.5,0.5,2560,"{""batch_norm"": false, ""batch_size"": 128, ""dropout"": 0.1, ""hidden_sizes"": [256, 128], ""learning_rate"": 0.001, ""standardize"": true, ""weight_decay"": 1e-05}",0.8494046601796568,0.8597228055438891,0.9662278508748028,0.8914873713751169,0.9492031872509961,0.9194404245055475,0.5042049427006166,0.5802469135802469,0.3780160857908847,0.4577922077922078
internvl_2_5_8b,AE+log1p(raw_S),64,fixed_arch4,45,train_f1,0.5759938359260559,2560,"{""batch_norm"": false, ""batch_size"": 128, ""dropout"": 0.1, ""hidden_sizes"": [256, 128], ""learning_rate"": 0.001, ""standardize"": true, ""weight_decay"": 1e-05}",0.8494046601796568,0.8530029399412011,0.9662278508748028,0.900096525096525,0.9287848605577689,0.9142156862745098,0.5042049427006166,0.5372168284789643,0.4450402144772118,0.4868035190615836
internvl_2_5_8b,AE+log1p(raw_S),64,fixed_arch4,ensemble,fixed_0.5,0.5,2560,"{""batch_norm"": false, ""batch_size"": 128, ""dropout"": 0.1, ""hidden_sizes"": [256, 128], ""learning_rate"": 0.001, ""standardize"": true, ""weight_decay"": 1e-05}",0.8550002403255611,0.863922721545569,0.9677342994791663,0.8994307400379506,0.9442231075697212,0.9212827988338192,0.5180449382246859,0.5897435897435898,0.4316353887399464,0.4984520123839009
internvl_2_5_8b,AE+log1p(raw_S),64,fixed_arch4,ensemble,train_f1,0.5668858885765076,2560,"{""batch_norm"": false, ""batch_size"": 128, ""dropout"": 0.1, ""hidden_sizes"": [256, 128], ""learning_rate"": 0.001, ""standardize"": true, ""weight_decay"": 1e-05}",0.8550002403255611,0.8588828223435532,0.9677342994791663,0.9062196307094267,0.9287848605577689,0.9173635022134776,0.5180449382246859,0.5572755417956656,0.48257372654155495,0.5172413793103449
internvl_2_5_8b,AE+log1p(raw_S),64,fixed_arch5,43,fixed_0.5,0.5,2560,"{""batch_norm"": false, ""batch_size"": 128, ""dropout"": 0.1, ""hidden_sizes"": [128, 64, 32], ""learning_rate"": 0.001, ""standardize"": true, ""weight_decay"": 1e-05}",0.843373823739893,0.8525829483410332,0.9658985103530067,0.8966012446146482,0.9327689243027888,0.9143275567488406,0.4901438621161951,0.5376712328767124,0.42091152815013405,0.47218045112781953
internvl_2_5_8b,AE+log1p(raw_S),64,fixed_arch5,43,train_f1,0.515714168548584,2560,"{""batch_norm"": false, ""batch_size"": 128, ""dropout"": 0.1, ""hidden_sizes"": [128, 64, 32], ""learning_rate"": 0.001, ""standardize"": true, ""weight_decay"": 1e-05}",0.843373823739893,0.8509029819403612,0.9658985103530067,0.8986975397973951,0.9277888446215139,0.9130115167851017,0.4901438621161951,0.5292207792207793,0.43699731903485256,0.4787077826725404
internvl_2_5_8b,AE+log1p(raw_S),64,fixed_arch5,44,fixed_0.5,0.5,2560,"{""batch_norm"": false, ""batch_size"": 128, ""dropout"": 0.1, ""hidden_sizes"": [128, 64, 32], ""learning_rate"": 0.001, ""standardize"": true, ""weight_decay"": 1e-05}",0.848619596680303,0.8567828643427131,0.9660152673139222,0.8948365703458077,0.9407370517928287,0.9172129157562515,0.49914119182753686,0.5592592592592592,0.40482573726541554,0.46967340590979784
internvl_2_5_8b,AE+log1p(raw_S),64,fixed_arch5,44,train_f1,0.6009505987167358,2560,"{""batch_norm"": false, ""batch_size"": 128, ""dropout"": 0.1, ""hidden_sizes"": [128, 64, 32], ""learning_rate"": 0.001, ""standardize"": true, ""weight_decay"": 1e-05}",0.848619596680303,0.8513229735405292,0.9660152673139222,0.9057899901864573,0.9193227091633466,0.9125061789421651,0.49914119182753686,0.5276967930029155,0.48525469168900803,0.505586592178771
internvl_2_5_8b,AE+log1p(raw_S),64,fixed_arch5,45,fixed_0.5,0.5,2560,"{""batch_norm"": false, ""batch_size"": 128, ""dropout"": 0.1, ""hidden_sizes"": [128, 64, 32], ""learning_rate"": 0.001, ""standardize"": true, ""weight_decay"": 1e-05}",0.8472450679854309,0.8454430911381773,0.9658786377841964,0.8957528957528957,0.9243027888446215,0.9098039215686274,0.47219242155080526,0.5080906148867314,0.42091152815013405,0.4604105571847507
internvl_2_5_8b,AE+log1p(raw_S),64,fixed_arch5,45,train_f1,0.509658694267273,2560,"{""batch_norm"": false, ""batch_size"": 128, ""dropout"": 0.1, ""hidden_sizes"": [128, 64, 32], ""learning_rate"": 0.001, ""standardize"": true, ""weight_decay"": 1e-05}",0.8472450679854309,0.8471230575388492,0.9658786377841964,0.8994169096209913,0.921812749003984,0.9104771273979341,0.47219242155080526,0.5139318885448917,0.4450402144772118,0.47701149425287354
internvl_2_5_8b,AE+log1p(raw_S),64,fixed_arch5,ensemble,fixed_0.5,0.5,2560,"{""batch_norm"": false, ""batch_size"": 128, ""dropout"": 0.1, ""hidden_sizes"": [128, 64, 32], ""learning_rate"": 0.001, ""standardize"": true, ""weight_decay"": 1e-05}",0.8568507471454664,0.8588828223435532,0.9690511359124026,0.8958333333333334,0.9422310756972112,0.9184466019417475,0.5066868334568534,0.5687732342007435,0.4101876675603217,0.4766355140186916
internvl_2_5_8b,AE+log1p(raw_S),64,fixed_arch5,ensemble,train_f1,0.5717751383781433,2560,"{""batch_norm"": false, ""batch_size"": 128, ""dropout"": 0.1, ""hidden_sizes"": [128, 64, 32], ""learning_rate"": 0.001, ""standardize"": true, ""weight_decay"": 1e-05}",0.8568507471454664,0.8546829063418732,0.9690511359124026,0.9085545722713865,0.9203187250996016,0.9143988124690747,0.5066868334568534,0.5389048991354467,0.5013404825737265,0.5194444444444445
internvl_2_5_8b,AE+log1p(raw_S),64,matched_BN_on,43,fixed_0.5,0.5,2560,"{""batch_norm"": true, ""batch_size"": 128, ""dropout"": 0.2, ""hidden_sizes"": [128, 64], ""learning_rate"": 0.003, ""standardize"": true, ""weight_decay"": 0.0}",0.8500829123185543,0.8504829903401931,0.9669550003666663,0.9013605442176871,0.923804780876494,0.912444663059518,0.5105363657399146,0.5263157894736842,0.45576407506702415,0.4885057471264368
internvl_2_5_8b,AE+log1p(raw_S),64,matched_BN_on,43,train_f1,0.5008702278137207,2560,"{""batch_norm"": true, ""batch_size"": 128, ""dropout"": 0.2, ""hidden_sizes"": [128, 64], ""learning_rate"": 0.003, ""standardize"": true, ""weight_decay"": 0.0}",0.8500829123185543,0.8496430071398572,0.9669550003666663,0.9012645914396887,0.922808764940239,0.9119094488188977,0.5105363657399146,0.5230769230769231,0.45576407506702415,0.4871060171919771
internvl_2_5_8b,AE+log1p(raw_S),64,matched_BN_on,44,fixed_0.5,0.5,2560,"{""batch_norm"": true, ""batch_size"": 128, ""dropout"": 0.2, ""hidden_sizes"": [128, 64], ""learning_rate"": 0.003, ""standardize"": true, ""weight_decay"": 0.0}",0.8519861572476849,0.8517429651406971,0.9672852191571556,0.8976453628063431,0.9302788844621513,0.9136708241623869,0.5197075434703076,0.5333333333333333,0.4289544235924933,0.475482912332838
internvl_2_5_8b,AE+log1p(raw_S),64,matched_BN_on,44,train_f1,0.490669310092926,2560,"{""batch_norm"": true, ""batch_size"": 128, ""dropout"": 0.2, ""hidden_sizes"": [128, 64], ""learning_rate"": 0.003, ""standardize"": true, ""weight_decay"": 0.0}",0.8519861572476849,0.8521629567408652,0.9672852191571556,0.896551724137931,0.9322709163346613,0.9140625,0.5197075434703076,0.5358361774744027,0.42091152815013405,0.47147147147147145
internvl_2_5_8b,AE+log1p(raw_S),64,matched_BN_on,45,fixed_0.5,0.5,2560,"{""batch_norm"": true, ""batch_size"": 128, ""dropout"": 0.2, ""hidden_sizes"": [128, 64], ""learning_rate"": 0.003, ""standardize"": true, ""weight_decay"": 0.0}",0.8580497046665884,0.8479630407391853,0.9684517564410732,0.9026418786692759,0.9188247011952191,0.9106614017769002,0.5214496170672485,0.516320474777448,0.46648793565683644,0.49014084507042255
internvl_2_5_8b,AE+log1p(raw_S),64,matched_BN_on,45,train_f1,0.478197306394577,2560,"{""batch_norm"": true, ""batch_size"": 128, ""dropout"": 0.2, ""hidden_sizes"": [128, 64], ""learning_rate"": 0.003, ""standardize"": true, ""weight_decay"": 0.0}",0.8580497046665884,0.8534229315413692,0.9684517564410732,0.9009183180280329,0.9282868525896414,0.9143978415501595,0.5214496170672485,0.5384615384615384,0.450402144772118,0.4905109489051095
internvl_2_5_8b,AE+log1p(raw_S),64,matched_BN_on,ensemble,fixed_0.5,0.5,2560,"{""batch_norm"": true, ""batch_size"": 128, ""dropout"": 0.2, ""hidden_sizes"": [128, 64], ""learning_rate"": 0.003, ""standardize"": true, ""weight_decay"": 0.0}",0.86037685718253,0.8593028139437211,0.9691202572832163,0.9015842534805569,0.9352589641434262,0.9181129308237594,0.5337299733670858,0.5637583892617449,0.450402144772118,0.5007451564828614
internvl_2_5_8b,AE+log1p(raw_S),64,matched_BN_on,ensemble,train_f1,0.5446107387542725,2560,"{""batch_norm"": true, ""batch_size"": 128, ""dropout"": 0.2, ""hidden_sizes"": [128, 64], ""learning_rate"": 0.003, ""standardize"": true, ""weight_decay"": 0.0}",0.86037685718253,0.8538429231415372,0.9691202572832163,0.9076620825147348,0.9203187250996016,0.913946587537092,0.5337299733670858,0.5362318840579711,0.4959785522788204,0.5153203342618384
internvl_2_5_8b,AE+log1p(raw_S),64,matched_scaler_off,43,fixed_0.5,0.5,2560,"{""batch_norm"": false, ""batch_size"": 128, ""dropout"": 0.2, ""hidden_sizes"": [128, 64], ""learning_rate"": 0.003, ""standardize"": false, ""weight_decay"": 0.0}",0.8385759909423967,0.8576228475430492,0.9620523599371917,0.8730442556995976,0.9726095617529881,0.9201413427561838,0.49786106945440783,0.6180555555555556,0.2386058981233244,0.344294003868472
internvl_2_5_8b,AE+log1p(raw_S),64,matched_scaler_off,43,train_f1,0.5445596575737,2560,"{""batch_norm"": false, ""batch_size"": 128, ""dropout"": 0.2, ""hidden_sizes"": [128, 64], ""learning_rate"": 0.003, ""standardize"": false, ""weight_decay"": 0.0}",0.8385759909423967,0.8605627887442251,0.9620523599371917,0.8802177858439202,0.9661354581673307,0.9211775878442545,0.49786106945440783,0.615819209039548,0.29222520107238603,0.39636363636363636
internvl_2_5_8b,AE+log1p(raw_S),64,matched_scaler_off,44,fixed_0.5,0.5,2560,"{""batch_norm"": false, ""batch_size"": 128, ""dropout"": 0.2, ""hidden_sizes"": [128, 64], ""learning_rate"": 0.003, ""standardize"": false, ""weight_decay"": 0.0}",0.8210222114224068,0.8555228895422091,0.9544594195219338,0.8611111111111112,0.9880478087649402,0.9202226345083488,0.49825453703392164,0.6883116883116883,0.14209115281501342,0.23555555555555555
internvl_2_5_8b,AE+log1p(raw_S),64,matched_scaler_off,44,train_f1,0.5500786900520325,2560,"{""batch_norm"": false, ""batch_size"": 128, ""dropout"": 0.2, ""hidden_sizes"": [128, 64], ""learning_rate"": 0.003, ""standardize"": false, ""weight_decay"": 0.0}",0.8210222114224068,0.8618227635447291,0.9544594195219338,0.8736092567868269,0.977589641434263,0.9226792009400705,0.49825453703392164,0.664179104477612,0.2386058981233244,0.3510848126232742
internvl_2_5_8b,AE+log1p(raw_S),64,matched_scaler_off,45,fixed_0.5,0.5,2560,"{""batch_norm"": false, ""batch_size"": 128, ""dropout"": 0.2, ""hidden_sizes"": [128, 64], ""learning_rate"": 0.003, ""standardize"": false, ""weight_decay"": 0.0}",0.8339770943037501,0.8534229315413692,0.9594265807602333,0.8636562911003945,0.9810756972111554,0.9186290510608534,0.48037180381507777,0.62,0.16621983914209115,0.26215644820295986
internvl_2_5_8b,AE+log1p(raw_S),64,matched_scaler_off,45,train_f1,0.5381425023078918,2560,"{""batch_norm"": false, ""batch_size"": 128, ""dropout"": 0.2, ""hidden_sizes"": [128, 64], ""learning_rate"": 0.003, ""standardize"": false, ""weight_decay"": 0.0}",0.8339770943037501,0.8546829063418732,0.9594265807602333,0.8706512042818911,0.9721115537848606,0.9185882352941176,0.48037180381507777,0.5971223021582733,0.2225201072386059,0.32421875
internvl_2_5_8b,AE+log1p(raw_S),64,matched_scaler_off,ensemble,fixed_0.5,0.5,2560,"{""batch_norm"": false, ""batch_size"": 128, ""dropout"": 0.2, ""hidden_sizes"": [128, 64], ""learning_rate"": 0.003, ""standardize"": false, ""weight_decay"": 0.0}",0.8369130715742927,0.8567828643427131,0.9600067723014309,0.8654099079351162,0.9830677290836654,0.9204942877127535,0.5048935025433352,0.66,0.1769436997319035,0.27906976744186046
internvl_2_5_8b,AE+log1p(raw_S),64,matched_scaler_off,ensemble,train_f1,0.5454792380332947,2560,"{""batch_norm"": false, ""batch_size"": 128, ""dropout"": 0.2, ""hidden_sizes"": [128, 64], ""learning_rate"": 0.003, ""standardize"": false, ""weight_decay"": 0.0}",0.8369130715742927,0.8593028139437211,0.9600067723014309,0.8742729306487695,0.9731075697211156,0.9210464294131511,0.5048935025433352,0.6301369863013698,0.24664879356568364,0.35452793834296725
internvl_2_5_8b,AE+log1p(raw_S),64,old_three_hidden_direct_reference,43,fixed_0.5,0.5,3200,null,0.8539895378272433,0.8383032339353212,0.968414300170433,0.921996879875195,0.8829681274900398,0.9020605443907402,0.5194382948645027,0.4868995633187773,0.5978552278820375,0.5367027677496992
internvl_2_5_8b,AE+log1p(raw_S),64,old_three_hidden_direct_reference,43,train_f1,0.44075047969818115,3200,null,0.8539895378272433,0.8521629567408652,0.968414300170433,0.9078817733990148,0.9178286852589641,0.9128281327389797,0.5194382948645027,0.5299145299145299,0.49865951742627346,0.5138121546961326
internvl_2_5_8b,AE+log1p(raw_S),64,old_three_hidden_direct_reference,44,fixed_0.5,0.5,3200,null,0.8542198498232271,0.8471230575388492,0.9673418561938574,0.9037328094302554,0.9163346613545816,0.9099901088031652,0.5245200494363071,0.5130434782608696,0.4745308310991957,0.49303621169916434
internvl_2_5_8b,AE+log1p(raw_S),64,old_three_hidden_direct_reference,44,train_f1,0.5196002721786499,3200,null,0.8542198498232271,0.8454430911381773,0.9673418561938574,0.909181636726547,0.9073705179282868,0.9082751744765702,0.5245200494363071,0.506631299734748,0.5120643431635389,0.5093333333333333
internvl_2_5_8b,AE+log1p(raw_S),64,old_three_hidden_direct_reference,45,fixed_0.5,0.5,3200,null,0.8665525565299126,0.862662746745065,0.9708497599420193,0.8989084005695301,0.9432270916334662,0.9205346294046173,0.5470626850451397,0.583941605839416,0.4289544235924933,0.4945904173106646
internvl_2_5_8b,AE+log1p(raw_S),64,old_three_hidden_direct_reference,45,train_f1,0.551875114440918,3200,null,0.8665525565299126,0.8555228895422091,0.9708497599420193,0.907843137254902,0.9223107569721115,0.9150197628458498,0.5470626850451397,0.5425219941348973,0.4959785522788204,0.5182072829131653
internvl_2_5_8b,AE+log1p(raw_S),64,old_three_hidden_direct_reference,ensemble,fixed_0.5,0.5,3200,null,0.8638121775632057,0.8597228055438891,0.9706390809669777,0.9074975657254138,0.9282868525896414,0.9177744953225012,0.5461541422582843,0.5596330275229358,0.4906166219839142,0.5228571428571429
internvl_2_5_8b,AE+log1p(raw_S),64,old_three_hidden_direct_reference,ensemble,train_f1,0.5003346800804138,3200,null,0.8638121775632057,0.8593028139437211,0.9706390809669777,0.9074525085241111,0.9277888446215139,0.9175080029549372,0.5461541422582843,0.5579268292682927,0.4906166219839142,0.5221112696148359
internvl_2_5_8b,AE+log1p(raw_S),64,tuned_arch2,43,fixed_0.5,0.5,2560,"{""batch_norm"": false, ""batch_size"": 128, ""dropout"": 0.3, ""hidden_sizes"": [256], ""learning_rate"": 0.001, ""standardize"": true, ""weight_decay"": 0.0}",0.8519053811563397,0.8588828223435532,0.9661681849222901,0.9034749034749034,0.9322709163346613,0.9176470588235294,0.512706363941141,0.5598705501618123,0.46380697050938335,0.5073313782991202
internvl_2_5_8b,AE+log1p(raw_S),64,tuned_arch2,43,train_f1,0.4774741530418396,2560,"{""batch_norm"": false, ""batch_size"": 128, ""dropout"": 0.3, ""hidden_sizes"": [256], ""learning_rate"": 0.001, ""standardize"": true, ""weight_decay"": 0.0}",0.8519053811563397,0.8588828223435532,0.9661681849222901,0.8984747378455672,0.9387450199203188,0.9181685338528982,0.512706363941141,0.5653710247349824,0.4289544235924933,0.4878048780487805
internvl_2_5_8b,AE+log1p(raw_S),64,tuned_arch2,44,fixed_0.5,0.5,2560,"{""batch_norm"": false, ""batch_size"": 128, ""dropout"": 0.3, ""hidden_sizes"": [256], ""learning_rate"": 0.001, ""standardize"": true, ""weight_decay"": 0.0}",0.8499026681477843,0.862662746745065,0.9651567697287271,0.8925735637552545,0.9516932270916335,0.9211858279103399,0.5000237867308228,0.5958333333333333,0.38337801608579086,0.466557911908646
internvl_2_5_8b,AE+log1p(raw_S),64,tuned_arch2,44,train_f1,0.5195674896240234,2560,"{""batch_norm"": false, ""batch_size"": 128, ""dropout"": 0.3, ""hidden_sizes"": [256], ""learning_rate"": 0.001, ""standardize"": true, ""weight_decay"": 0.0}",0.8499026681477843,0.8614027719445612,0.9651567697287271,0.8946378174976481,0.9472111553784861,0.9201741654571843,0.5000237867308228,0.5843137254901961,0.39946380697050937,0.4745222929936306
internvl_2_5_8b,AE+log1p(raw_S),64,tuned_arch2,45,fixed_0.5,0.5,2560,"{""batch_norm"": false, ""batch_size"": 128, ""dropout"": 0.3, ""hidden_sizes"": [256], ""learning_rate"": 0.001, ""standardize"": true, ""weight_decay"": 0.0}",0.8490909018083164,0.8576228475430492,0.9653360311635706,0.896437054631829,0.9397410358565738,0.9175784099197666,0.5082977369736758,0.5615942028985508,0.4155495978552279,0.4776579352850539
internvl_2_5_8b,AE+log1p(raw_S),64,tuned_arch2,45,train_f1,0.5426053404808044,2560,"{""batch_norm"": false, ""batch_size"": 128, ""dropout"": 0.3, ""hidden_sizes"": [256], ""learning_rate"": 0.001, ""standardize"": true, ""weight_decay"": 0.0}",0.8490909018083164,0.8542629147417051,0.9653360311635706,0.902569074163839,0.9272908366533864,0.9147629575042987,0.5082977369736758,0.5408805031446541,0.46112600536193027,0.49782923299565845
internvl_2_5_8b,AE+log1p(raw_S),64,tuned_arch2,ensemble,fixed_0.5,0.5,2560,"{""batch_norm"": false, ""batch_size"": 128, ""dropout"": 0.3, ""hidden_sizes"": [256], ""learning_rate"": 0.001, ""standardize"": true, ""weight_decay"": 0.0}",0.8533940644926994,0.8593028139437211,0.9661438728259378,0.896257697773567,0.9422310756972112,0.9186695799951444,0.5137807835326649,0.5703703703703704,0.4128686327077748,0.47900466562986005
internvl_2_5_8b,AE+log1p(raw_S),64,tuned_arch2,ensemble,train_f1,0.5449267029762268,2560,"{""batch_norm"": false, ""batch_size"": 128, ""dropout"": 0.3, ""hidden_sizes"": [256], ""learning_rate"": 0.001, ""standardize"": true, ""weight_decay"": 0.0}",0.8533940644926994,0.8593028139437211,0.9661438728259378,0.9039111540318686,0.9322709163346613,0.9178720274577102,0.5137807835326649,0.5612903225806452,0.46648793565683644,0.5095168374816984
internvl_2_5_8b,AE+log1p(raw_S),64,tuned_arch3,43,fixed_0.5,0.5,2560,"{""batch_norm"": false, ""batch_size"": 128, ""dropout"": 0.2, ""hidden_sizes"": [128, 64], ""learning_rate"": 0.003, ""standardize"": true, ""weight_decay"": 0.0}",0.8479520256774511,0.8525829483410332,0.9664237970445424,0.8895157498824635,0.9422310756972112,0.9151148730350666,0.4975332271898874,0.5433070866141733,0.3699731903485255,0.44019138755980863
internvl_2_5_8b,AE+log1p(raw_S),64,tuned_arch3,43,train_f1,0.5799763202667236,2560,"{""batch_norm"": false, ""batch_size"": 128, ""dropout"": 0.2, ""hidden_sizes"": [128, 64], ""learning_rate"": 0.003, ""standardize"": true, ""weight_decay"": 0.0}",0.8479520256774511,0.8509029819403612,0.9664237970445424,0.8990825688073395,0.9272908366533864,0.912968864917872,0.4975332271898874,0.5290322580645161,0.43967828418230565,0.4802342606149341
internvl_2_5_8b,AE+log1p(raw_S),64,tuned_arch3,44,fixed_0.5,0.5,2560,"{""batch_norm"": false, ""batch_size"": 128, ""dropout"": 0.2, ""hidden_sizes"": [128, 64], ""learning_rate"": 0.003, ""standardize"": true, ""weight_decay"": 0.0}",0.8574054986488363,0.8567828643427131,0.969000498037593,0.8989947343226424,0.9352589641434262,0.9167683670978765,0.5180760700722313,0.5547945205479452,0.4343163538873995,0.48721804511278194
internvl_2_5_8b,AE+log1p(raw_S),64,tuned_arch3,44,train_f1,0.5431272387504578,2560,"{""batch_norm"": false, ""batch_size"": 128, ""dropout"": 0.2, ""hidden_sizes"": [128, 64], ""learning_rate"": 0.003, ""standardize"": true, ""weight_decay"": 0.0}",0.8574054986488363,0.8521629567408652,0.969000498037593,0.906679764243615,0.9193227091633466,0.9129574678536103,0.5180760700722313,0.5304347826086957,0.4906166219839142,0.5097493036211699
internvl_2_5_8b,AE+log1p(raw_S),64,tuned_arch3,45,fixed_0.5,0.5,2560,"{""batch_norm"": false, ""batch_size"": 128, ""dropout"": 0.2, ""hidden_sizes"": [128, 64], ""learning_rate"": 0.003, ""standardize"": true, ""weight_decay"": 0.0}",0.8471322484859489,0.8605627887442251,0.965594093463964,0.8836996336996337,0.9611553784860558,0.9208015267175572,0.5058909633845796,0.6040609137055838,0.3190348525469169,0.41754385964912283
internvl_2_5_8b,AE+log1p(raw_S),64,tuned_arch3,45,train_f1,0.5889956951141357,2560,"{""batch_norm"": false, ""batch_size"": 128, ""dropout"": 0.2, ""hidden_sizes"": [128, 64], ""learning_rate"": 0.003, ""standardize"": true, ""weight_decay"": 0.0}",0.8471322484859489,0.8483830323393532,0.965594093463964,0.8930787589498806,0.9317729083665338,0.9120155983426761,0.5058909633845796,0.5209790209790209,0.39946380697050937,0.45220030349013657
internvl_2_5_8b,AE+log1p(raw_S),64,tuned_arch3,ensemble,fixed_0.5,0.5,2560,"{""batch_norm"": false, ""batch_size"": 128, ""dropout"": 0.2, ""hidden_sizes"": [128, 64], ""learning_rate"": 0.003, ""standardize"": true, ""weight_decay"": 0.0}",0.85712311611463,0.8567828643427131,0.9684811606961861,0.888216115510014,0.9497011952191236,0.9179302045728038,0.5249284549676553,0.5683760683760684,0.35656836461126007,0.4382207578253707
internvl_2_5_8b,AE+log1p(raw_S),64,tuned_arch3,ensemble,train_f1,0.5667411684989929,2560,"{""batch_norm"": false, ""batch_size"": 128, ""dropout"": 0.2, ""hidden_sizes"": [128, 64], ""learning_rate"": 0.003, ""standardize"": true, ""weight_decay"": 0.0}",0.85712311611463,0.8567828643427131,0.9684811606961861,0.9020742884708153,0.9312749003984063,0.9164420485175202,0.5249284549676553,0.551948051948052,0.45576407506702415,0.49926578560939794
