branch,source_mode,method,label,layer,n_images,n_targets,support_size,support_size_image_sd,support_size_image_ci95,intersection_size,intersection_size_image_sd,intersection_size_image_ci95,total_variation,total_variation_image_sd,total_variation_image_ci95,constant_risk_sqrt,constant_risk_sqrt_image_sd,constant_risk_sqrt_image_ci95,constant_risk_cosine,constant_risk_cosine_image_sd,constant_risk_cosine_image_ci95,vv_mean,vv_mean_image_sd,vv_mean_image_ci95,vv_std,vv_std_image_sd,vv_std_image_ci95,vv_p10,vv_p10_image_sd,vv_p10_image_ci95,vv_p50,vv_p50_image_sd,vv_p50_image_ci95,vv_p90,vv_p90_image_sd,vv_p90_image_ci95,vv_centered_mean,vv_centered_mean_image_sd,vv_centered_mean_image_ci95,vv_centered_std,vv_centered_std_image_sd,vv_centered_std_image_ci95,vv_centered_p10,vv_centered_p10_image_sd,vv_centered_p10_image_ci95,vv_centered_p50,vv_centered_p50_image_sd,vv_centered_p50_image_ci95,vv_centered_p90,vv_centered_p90_image_sd,vv_centered_p90_image_ci95,qv_mean,qv_mean_image_sd,qv_mean_image_ci95,qv_std,qv_std_image_sd,qv_std_image_ci95,qv_p10,qv_p10_image_sd,qv_p10_image_ci95,qv_p50,qv_p50_image_sd,qv_p50_image_ci95,qv_p90,qv_p90_image_sd,qv_p90_image_ci95,qv_centered_mean,qv_centered_mean_image_sd,qv_centered_mean_image_ci95,qv_centered_std,qv_centered_std_image_sd,qv_centered_std_image_ci95,qv_centered_p10,qv_centered_p10_image_sd,qv_centered_p10_image_ci95,qv_centered_p50,qv_centered_p50_image_sd,qv_centered_p50_image_ci95,qv_centered_p90,qv_centered_p90_image_sd,qv_centered_p90_image_ci95,qv_softmax_normalized_entropy,qv_softmax_normalized_entropy_image_sd,qv_softmax_normalized_entropy_image_ci95,qv_softmax_max_over_uniform,qv_softmax_max_over_uniform_image_sd,qv_softmax_max_over_uniform_image_ci95,qv_top1_minus_median,qv_top1_minus_median_image_sd,qv_top1_minus_median_image_ci95,qv_top1_minus_bottom,qv_top1_minus_bottom_image_sd,qv_top1_minus_bottom_image_ci95,sqrt_cost_mean,sqrt_cost_mean_image_sd,sqrt_cost_mean_image_ci95,sqrt_cost_std,sqrt_cost_std_image_sd,sqrt_cost_std_image_ci95,sqrt_cost_p10,sqrt_cost_p10_image_sd,sqrt_cost_p10_image_ci95,sqrt_cost_p90,sqrt_cost_p90_image_sd,sqrt_cost_p90_image_ci95,cosine_cost_mean,cosine_cost_mean_image_sd,cosine_cost_mean_image_ci95,cosine_cost_std,cosine_cost_std_image_sd,cosine_cost_std_image_ci95,cosine_cost_p10,cosine_cost_p10_image_sd,cosine_cost_p10_image_ci95,cosine_cost_p90,cosine_cost_p90_image_sd,cosine_cost_p90_image_ci95,vv_pooled_count,vv_pooled_mean,vv_pooled_std,vv_pooled_p10,vv_pooled_p50,vv_pooled_p90,qv_pooled_count,qv_pooled_mean,qv_pooled_std,qv_pooled_p10,qv_pooled_p50,qv_pooled_p90
hmid_cos__hpre_raw_logit_gauss,hmid_cos,hpre_raw_logit_gauss,all,1,500,1120,59.32299285714283,3.25588993311011,0.2853913357335048,4.677007142857142,3.2558899331096804,0.28539133573346714,0.6361979250236636,0.06221454723775809,0.005453345507069555,0.37507811981581524,0.03988297804772024,0.003495897162345504,0.4526822691183006,0.05298029909133442,0.004643927969270569,0.2893984064936284,0.03171932052516962,0.002780321030259837,0.18836823775009032,0.015335630834192116,0.0013442273105053388,0.08614014347209814,0.02163011044696486,0.0018959627749534779,0.24904145089302737,0.03418400228178132,0.0029963599115267812,0.5634049891510181,0.055371887794788736,0.00485355996194423,0.09230740960305618,0.03721805558524289,0.0032623064093355776,0.26033513637273803,0.021536074857617563,0.0018877201921261532,-0.1916790741114036,0.0342686567700482,0.003003780204589097,0.03000604881020733,0.042536233147024656,0.003728465225882256,0.47890002192251707,0.06248669654557927,0.005477200445680408,0.014227452952403071,0.009388978945617368,0.0008229802903392176,0.01785497044647289,0.003315586904861764,0.00029062400601949807,-0.007805383173529645,0.009284827039575482,0.0008138509732569011,0.014112567883943366,0.009547165103146358,0.0008368459183915226,0.036298331763850354,0.011703352555666248,0.0010258440816613324,0.1515965599325779,0.0768252973657348,0.006734034222215607,0.3226444089280708,0.029866081182032374,0.0026178774395864248,-0.2426741335446369,0.060890458888532166,0.005337284046031837,0.11589023282173583,0.09749564274476376,0.008545869879743177,0.6067511317033144,0.09719159858440893,0.008519219234043139,0.9914141803979875,0.003312216146702514,0.0002903285460398101,1.8604675920199778,0.34089832605206827,0.029881055754357833,0.04445483422713976,0.012679946885316871,0.001111446348916886,0.0853772219885318,0.018276017179551365,0.0016019635374400884,0.589160640728048,0.01459365854522988,0.001279190571864144,0.08856941898748982,0.00911841370402406,0.0007992642012552071,0.46601264894512423,0.030474906415215563,0.002671243324212764,0.6759140637223209,0.00803641948938103,0.0007044232267392371,0.7106016009164707,0.03171932031377733,0.002780321011730486,0.1883682384424622,0.015335631082104954,0.001344227332235857,0.43659499167331606,0.055371885659505064,0.004853559774778364,0.9138598516049838,0.0216301100796893,0.0018959627427603558,1958972,0.28356485416691524,0.18953405105420593,0.07500000000000007,0.245,0.5650000000000001,66680,0.01397120063668022,0.02146555199043612,-0.015000000000000013,0.015000000000000013,0.04500000000000004
hmid_cos__hpre_raw_logit_gauss,hmid_cos,hpre_raw_logit_gauss,all,2,500,1120,53.78733333333336,3.2191828845906807,0.28217382106838595,10.212666666666667,3.2191828845911243,0.28217382106842487,0.5419342431851796,0.05792903285244605,0.0050777036088924055,0.2936777035161853,0.033045174165682874,0.0028965372259012424,0.32630772423432003,0.040159696885924086,0.0035201526379543446,0.3981883590569098,0.032177040061483426,0.002820441916574669,0.16621615892254882,0.011241556371525836,0.0009853658614094039,0.20528154911480487,0.026747826684356893,0.002344550381690909,0.3701595196670012,0.03687807372829383,0.0032325056856399932,0.6352621533175311,0.04344159154588026,0.0038078233884968424,0.12316248980922893,0.04801472395019866,0.004208676117602432,0.25613816705448994,0.022903782897834825,0.0020076050876570665,-0.16631784966420388,0.041673506743752864,0.0036528439224412304,0.072940510728412,0.05917093143605272,0.00518656081933333,0.49407293544113645,0.06957094119289117,0.0060981618676250425,0.31051630111208983,0.026144471370097677,0.0022916639565979504,0.06134628364247312,0.011764349921102073,0.001031190736479398,0.22971320224134695,0.028249873171581796,0.002476210561282255,0.31621909018385974,0.027458908651599764,0.002406879464251019,0.3838307557154269,0.033955630176468556,0.002976342213902333,0.20173374470395822,0.06717511869199293,0.005888158766242987,0.2835733047222097,0.03221824247134185,0.002824053467034455,-0.1703120562761456,0.06969074118749907,0.00610866280014562,0.19372969693711384,0.08997934116850265,0.007887036998197957,0.580189121074123,0.08093571381866661,0.007094328109915499,0.9133088842404739,0.032859956717059366,0.002880302200716186,5.011917326549121,2.1259655472554493,0.18634909647424044,0.1269313774712029,0.032269867441121244,0.0028285785951515678,0.2711466042970617,0.056376311705370365,0.004941601599521868,0.5417726000357239,0.015477212031198678,0.0013566374495943632,0.08407022380330376,0.007369815300389234,0.0006459927933369036,0.42616141309362077,0.025933198472745063,0.002273145070634826,0.630267096104366,0.010620653376450085,0.0009309413142760382,0.6018116305601028,0.0321770397313864,0.002820441887640389,0.16621615909692786,0.011241556402931866,0.0009853658641622636,0.3647378271951561,0.043441590011992985,0.0038078232540456947,0.7947184456571224,0.02674782721138289,0.002344550427886774,1599432,0.3926886430165497,0.16879225624211086,0.19499999999999995,0.3650000000000001,0.6350000000000001,60277,0.3085249878778481,0.07148103577273945,0.21499999999999997,0.30500000000000005,0.39500000000000013
hmid_cos__hpre_raw_logit_gauss,hmid_cos,hpre_raw_logit_gauss,all,3,500,1120,55.031257142857164,2.8273843224192237,0.24783116290310542,8.968742857142859,2.827384322420048,0.24783116290317767,0.5090680419603274,0.06477008816143695,0.005677348545474993,0.26033350222944507,0.0354199321659357,0.003104693942393372,0.273800598267998,0.04147217618670968,0.0036351965210305696,0.46323540162479593,0.035004983131640036,0.003068322055876359,0.1562591005840472,0.01636170106065873,0.0014341663313272024,0.27774720783304596,0.034220086958420284,0.0029995228728912854,0.440231395719023,0.04069901896557972,0.003567426302563905,0.6843338459134102,0.046871361603674264,0.004108455989156537,0.13025676572611114,0.04765798859901383,0.004177406885389551,0.2622653683286692,0.025616952507993243,0.002245424889622859,-0.16573764823410614,0.04532752718640617,0.0039731329359983395,0.07709134997121628,0.057135386245467365,0.005008137416570403,0.5116999680302684,0.07706510465198868,0.006755054257643292,0.4038671992842639,0.029807690042914496,0.002612759230577457,0.07553192943114613,0.016904416918637078,0.0014817374737227452,0.30180307354912883,0.035364843529300485,0.003099865210490251,0.41895289179136364,0.03259265260834758,0.0028568719625325996,0.4869002255915886,0.03829234093484848,0.003356471672038426,0.22522835279823603,0.06730519931492072,0.005899560835567532,0.2897143145515805,0.03667532549808606,0.003214734019697549,-0.15340829126777247,0.07248373515172903,0.006353479515244399,0.2166910437293351,0.09357500735991742,0.008202211036111283,0.6178770408705584,0.08575482261940502,0.007516741620796707,0.87567864233227,0.06684434373511648,0.005859165062920839,7.4025582834834145,4.886624193436403,0.42833149597914005,0.14978167188763625,0.05203052103878287,0.004560676252340097,0.34137704916990236,0.0810096542425717,0.007100809273829666,0.510895205161969,0.01778864061268277,0.0015592430977810694,0.08307414347820337,0.010297917531497128,0.0009026522701828848,0.3959504060924765,0.030752739264219852,0.0026955964471736,0.6007557784391302,0.01425069153172572,0.001249128187659717,0.5367645856370529,0.035004983834528415,0.003068322117487242,0.15625910060959203,0.016361700917016827,0.0014341663187364346,0.3156661375827733,0.04687136102399929,0.004108455938345785,0.7222527847779646,0.03422008729941231,0.0029995229027805544,1672745,0.45727084653445643,0.15935363679068276,0.265,0.43499999999999994,0.6849999999999999,61675,0.40161173719600185,0.08605894870744128,0.28500000000000003,0.405,0.505
hmid_cos__hpre_raw_logit_gauss,hmid_cos,hpre_raw_logit_gauss,all,4,500,1120,57.89768571428574,4.443285917664812,0.3894711827303493,6.102314285714287,4.443285917665261,0.3894711827303886,0.5477661524239751,0.11181387031190519,0.009800917861914811,0.2890699842222392,0.06952482922073568,0.0060941199750558445,0.3134764836939673,0.08676768153771909,0.007605522619401019,0.44007879137645173,0.056199987440062917,0.0049261460962241104,0.15278904950451988,0.01579496729321298,0.0013844899263443949,0.27117008050176356,0.04704235614413563,0.004123444321473653,0.4106234156487953,0.06409351593991527,0.005618044375497781,0.6602288245375667,0.06662083119521746,0.005839573324985756,0.08178596952697484,0.0533558713542947,0.0046768483295999185,0.24264889148509217,0.028261620422300546,0.002477240253207565,-0.17178682190122616,0.04124284177262263,0.0036150944733230024,0.022694481396192265,0.05854849008114634,0.0051320014290154835,0.4353021938460213,0.09264600885913363,0.008120780727200363,0.39454059364880856,0.03968250204429377,0.0034783246658619572,0.08183733764532954,0.018334772012926475,0.0016071136256562784,0.2965748260569715,0.05030468508850459,0.004409400061428958,0.3873264393155776,0.0458909398038041,0.004022518229344147,0.5015592656466934,0.0385595916044743,0.003379897226079601,0.09953961724835927,0.08026954915875031,0.007035936202935288,0.2377414115751428,0.03444379944659154,0.0030191321370651738,-0.1884905085288958,0.07834896456566115,0.006867589540833192,0.07347462722083686,0.09834872328013386,0.00862064568558406,0.4327937316849827,0.09533227650189237,0.008356242467755058,0.8068845845618418,0.11484361852148219,0.010066487001606651,11.117339797680149,8.885475815626652,0.778846295097926,0.2106213797032833,0.07684328333188749,0.006735610761659576,0.3720599942511747,0.09028751605499336,0.007914049718007896,0.5216719216416278,0.027737964590799264,0.002431339795794364,0.08138406791568162,0.010144228829194836,0.000889180861462596,0.4093997121735696,0.041493143291285825,0.0036370343687786148,0.6032718639517112,0.0194821334277769,0.001707684287896221,0.5599212161962475,0.0561999954833803,0.004926146801251964,0.15278904957430697,0.015794967264366543,0.0013844899238158932,0.339771160330517,0.06662082762568854,0.00583957301210275,0.7288299150733721,0.04704235644066526,0.004123444347465621,1876765,0.4246314159871102,0.16395145005661454,0.245,0.39500000000000013,0.665,65104,0.3879579660434868,0.09761806027477984,0.265,0.3850000000000001,0.515
hmid_cos__hpre_raw_logit_gauss,hmid_cos,hpre_raw_logit_gauss,all,5,500,1120,57.89317857142858,3.9372992230241506,0.34511949344921294,6.106821428571429,3.937299223024201,0.34511949344921733,0.47378891717387084,0.07284416102797872,0.006385072236242054,0.23779951123442677,0.04617089866888763,0.004047057705830782,0.24612484541847587,0.059307448240552285,0.005198527044846668,0.48786598482316457,0.05790323534721457,0.005075442357858784,0.14902316160625992,0.016532495277690743,0.001449137104521542,0.31110761751376437,0.05896350344134395,0.005168378953946404,0.4675278672051572,0.0657676175983342,0.005764785855789,0.6996330070704221,0.05941065904510273,0.005207573870746168,0.09241873828316596,0.05751871398504199,0.005041737574397731,0.2385157885389314,0.02572705901841541,0.0022550761507919743,-0.16470530734362046,0.04125833860408146,0.0036164528304912526,0.03913818958222221,0.06549826667517938,0.005741176206409121,0.4393541819491558,0.09055336498597659,0.007937352404239723,0.41554625477294127,0.04466502669645777,0.003915062207676799,0.07449822077165756,0.0188915212577625,0.0016559148486449795,0.3213154231621397,0.053707702645121425,0.004707687701969602,0.41736372953603657,0.04452816859505455,0.0039030660661708402,0.5081070043804389,0.051462828131093,0.004510915775008086,0.08285126524221811,0.07835332430568409,0.006867971688895368,0.2144282949363015,0.03480994146396227,0.0030512258999233605,-0.17280512933381378,0.06597129852955778,0.005782639276580106,0.05587054660793372,0.09110808831270877,0.007985976047677019,0.38363368039929435,0.1079080137446714,0.009458554438762621,0.8859461053761698,0.05335752569732985,0.004676993339160519,5.685863241090094,2.4574271990073004,0.2154029912560993,0.15119791919482617,0.04185707833243186,0.0036689346816413657,0.3285478084349206,0.07494545353656389,0.0065692586455225075,0.4982339092407911,0.029290077487617867,0.002567388489679152,0.08111171925923832,0.009442590958334437,0.0008276795904491787,0.3850146177066224,0.03866341994903242,0.0033889981817473913,0.5862426049280732,0.024738270726269312,0.0021684050355974655,0.5121340161188729,0.05790323967503394,0.005075442737208878,0.14902316141859412,0.01653249504171099,0.0014491370838370047,0.3003669793111937,0.059410656899998686,0.005207573682719508,0.6888923757551678,0.058963503646214145,0.005168378971904068,1867452,0.4747160280567379,0.16202518685614165,0.28500000000000003,0.45499999999999996,0.705,65014,0.40856236838244153,0.09451054287269835,0.29500000000000004,0.405,0.525
hmid_cos__hpre_raw_logit_gauss,hmid_cos,hpre_raw_logit_gauss,all,6,500,1120,57.230578571428595,3.3040498270944196,0.2896127365656383,6.76942142857143,3.3040498270949668,0.28961273656568626,0.5015513291411458,0.0812459252342963,0.007121519339375081,0.22100841146345648,0.03864541763702737,0.0033874202095262895,0.20042135831965577,0.0394711482190849,0.003459798686259469,0.6024545472755318,0.03155657099009407,0.0027660554045294086,0.12123215491408036,0.012400969246572838,0.0010869928807110717,0.44671277687918565,0.040308314948856394,0.0035331795855372628,0.5991115441134999,0.03610418877529327,0.0031646716786623923,0.763640487546012,0.027345281499264584,0.0023969196052119404,0.13174501015337275,0.0503658817424631,0.004414764184656231,0.26329422880655956,0.027492105686066855,0.002409789312619236,-0.179171725643475,0.051041856609546785,0.004474015994208347,0.08868680643238838,0.05823349952965385,0.005104391289827514,0.5152452421074823,0.07460807349145683,0.006539685980690144,0.48681700580744514,0.03550469443278064,0.003112123682664589,0.061411245773111765,0.014266200341886191,0.0012504875948074598,0.40651329302291095,0.03438143576394337,0.0030136657192630155,0.49526019196489035,0.036278568886979536,0.003179956769381649,0.556560592317794,0.04788655718617671,0.004197441805407509,0.19246192116764635,0.06070181220362804,0.005320748435033753,0.2592596207505891,0.04432639537595711,0.0038853798637203596,-0.1320688362946368,0.06416383705318296,0.005624208292846966,0.17017530848994147,0.08975677392826757,0.007867528119431734,0.5531503891801551,0.08859536450470029,0.007765726094936167,0.9221638601667823,0.05680174928340246,0.004978892847432644,4.194461490405741,2.5562639583770115,0.2240664151910567,0.10868510083832908,0.04625662514373793,0.00405457196266006,0.2793876640864071,0.06838160702849193,0.005993912131674305,0.43955151261289876,0.017764605811808692,0.0015571363545967291,0.07141224241735676,0.006474384822154652,0.0005675048513333629,0.3430700239173715,0.019906728057145766,0.0017449016480989058,0.5255157840964341,0.01891005181421151,0.0016575391235331104,0.39754544522230106,0.031556573394375446,0.002766055615273963,0.1212321548834266,0.012400969557241162,0.0010869929079423508,0.23635950381674223,0.027345279918834738,0.0023969194666811564,0.5532872142094943,0.04030831546934649,0.0035331796311602313,1818986,0.5959520172434519,0.1272800850357807,0.43499999999999994,0.5950000000000001,0.765,64244,0.48406397427206843,0.07979680349889563,0.3750000000000001,0.495,0.5750000000000001
hmid_cos__hpre_raw_logit_gauss,hmid_cos,hpre_raw_logit_gauss,all,7,500,1120,59.2915357142857,3.290864092699118,0.28845695598674514,4.708464285714285,3.2908640926990067,0.2884569559867354,0.4696299411604092,0.07432726666179824,0.006515072176831361,0.21380079427134427,0.04746516123533332,0.004160504821739573,0.20292138591399858,0.060809334695845325,0.0053301731970207085,0.5781047673294232,0.06700653889434524,0.0058733820954657906,0.1395906166496377,0.026322080021564772,0.0023072320413063917,0.4030372888183311,0.09268676747718115,0.008124353377592793,0.5681518125509222,0.07651753667648047,0.006707057808394191,0.773153878325224,0.03949657995769151,0.003462027876434836,0.08395347296621519,0.048617711249564315,0.004261530284767697,0.2402505829746169,0.024276493272252547,0.0021279284571132616,-0.17366671301873315,0.037125483921730554,0.003254192145265348,0.029900538319036073,0.05328726274288487,0.0046708345196569126,0.431463360383539,0.08289712243509918,0.007266253155436982,0.509681278499819,0.04170444430193268,0.003655555718980629,0.08117325093953738,0.02733099565963543,0.0023956673961577036,0.40387386272166453,0.07216614631043915,0.006325641625914032,0.5161504145102129,0.04055303991558866,0.003554630674664328,0.6047389908369097,0.03920856761440803,0.003436782481459554,0.0631162244865593,0.06390427334249577,0.00560145653046469,0.20936239145419427,0.035186226769352055,0.003084208761177365,-0.18724671890163638,0.06551202848072478,0.005742382481850672,0.03649474258523302,0.07859493107222106,0.00688914945572435,0.3563803941140929,0.08645555093980492,0.007578163166197105,0.8964554235597453,0.04901607697399501,0.004296448580085229,4.5418198522153315,1.9444941276964007,0.1704424252140297,0.13397041817910615,0.04160043688775366,0.003646439067168513,0.3509030494351472,0.10524459002267664,0.009225095056148202,0.44986722373338,0.03523821086686241,0.0030887653682280243,0.0816810167125914,0.011298355535416438,0.0009903445276371657,0.33506321078091844,0.029362078286219485,0.002573699637939366,0.5442403395960019,0.04117510220754633,0.0036091568386497496,0.4218952396018874,0.0670065417509861,0.005873382345861401,0.13959061692213376,0.0263220801289938,0.002307232050722961,0.22684611044164216,0.03949657807285073,0.003462027711221257,0.5969627036242968,0.09268676878175605,0.008124353491943825,1964943,0.5664821519344854,0.16202231982670873,0.3650000000000001,0.5650000000000001,0.785,66757,0.5061480369598157,0.10078026555738612,0.3850000000000001,0.515,0.6150000000000001
hmid_cos__hpre_raw_logit_gauss,hmid_cos,hpre_raw_logit_gauss,all,8,500,1120,59.22647857142862,3.4671467844020425,0.3039088151973967,4.77352142857143,3.4671467844032087,0.30390881519749896,0.446978366805755,0.06717789438295288,0.00588840206628289,0.18759486488834742,0.032046291876704464,0.002808981332873931,0.16324284061026711,0.0356078381597371,0.0031211646289537403,0.6364020871345487,0.047597506500127285,0.00417210539567589,0.11824327485543636,0.019439235658471412,0.0017039241326288143,0.48293609704879037,0.06961201115171572,0.006101761808239823,0.6359717347418974,0.04946389444068285,0.004335701511728639,0.7908534349336509,0.03574339000071894,0.0031330462716854367,0.08656369075160864,0.04727304343613946,0.004143664954159116,0.24341090044865296,0.025528259645688067,0.0022376506174689097,-0.1851631987984204,0.038857586923053626,0.003406017667420948,0.03888568690017424,0.05091458505287558,0.00446286015039744,0.4376832038449389,0.08128809004671653,0.007125215248138822,0.5429496208932426,0.04148734136110113,0.003636525807175102,0.06209887170375634,0.01814086236944971,0.001590116695999452,0.46267386396988514,0.056650647279705535,0.004965648172841976,0.5516624251265613,0.03890026678928672,0.0034097587226419256,0.6117682617539452,0.04476629661590535,0.003923938907496059,0.06897145386710185,0.06451246058778733,0.005654766492986685,0.21593096017234376,0.04670141844201639,0.0040935598142548294,-0.18370521676114,0.05793483212231899,0.005078211937309311,0.03546408422199035,0.08054306616565683,0.007059911025656743,0.37845892659102864,0.11233124820389954,0.009846268033667765,0.9335853234833192,0.039082463977002053,0.003425729010285924,3.6766865486968117,1.6037484839991072,0.1405747526581421,0.10116645737382625,0.03196459258430434,0.0028018200741503347,0.2942120450849334,0.07853887348086559,0.006884235791195263,0.4188118774609197,0.026308268065015832,0.00230602136993556,0.07293494404084273,0.009114196694147958,0.0007988945640420127,0.3217865274631551,0.027174911675484296,0.002381986031726275,0.5070246189602784,0.032413880463408734,0.0028412018931247853,0.36359792537483415,0.04759750814427409,0.004172105539791712,0.11824327476347486,0.01943923563686259,0.0017039241307347176,0.20914655562543447,0.03574338919814258,0.003133046201336517,0.5170638937767064,0.0696120099637183,0.006101761704107258,1940354,0.6298586705480131,0.1327118366496751,0.46499999999999997,0.6350000000000001,0.795,66304,0.5396901821739195,0.08452302839780527,0.43499999999999994,0.545,0.6350000000000001
hmid_cos__hpre_raw_logit_gauss,hmid_cos,hpre_raw_logit_gauss,all,9,500,1120,60.421197619047604,3.14490143208404,0.275662764679313,3.578802380952382,3.1449014320837874,0.2756627646792908,0.513893937086704,0.06767261770675392,0.005931766477580182,0.2245025834868352,0.03816512434072337,0.0033453206459071,0.20292631082247403,0.046270793868246354,0.004055813906121348,0.6098816843154884,0.048368380197100394,0.004239675454425029,0.11922557502972583,0.01932693891984047,0.001694080889492586,0.46146679671144203,0.06741603923320628,0.005909276382770288,0.6015247672875722,0.052161088130537624,0.00457212096253739,0.7731216447089395,0.034824402809827425,0.003052493492777465,0.08031020357386438,0.035459494994922305,0.0031081617772532252,0.24022642898885974,0.025330483918627484,0.002220314810644639,-0.17874227767281606,0.031829794556081786,0.0027900045060202635,0.026225887964373185,0.037343320505464135,0.0032732863637065603,0.4315018266424538,0.07461815059981068,0.00654056927818254,0.5119511277720332,0.04387400516676347,0.0038457261135239566,0.06627361562236965,0.020498374454500597,0.0017967617413735333,0.42813562086820606,0.054995509361361584,0.0048205689376578376,0.5153674364820832,0.04174570925229123,0.003659172751356952,0.5917265951538371,0.05416395951976317,0.004747680380336103,0.06858650866048509,0.054590970131476235,0.004785109510728346,0.18452949794640852,0.0397542936596946,0.0034846174784061877,-0.14638909626941013,0.04725119034088954,0.00414174944590441,0.041088800733234905,0.0641222594079398,0.005620563851555528,0.3286097650086596,0.10097836649888023,0.008851144076536638,0.9084567401947007,0.06031813931091808,0.005287118023200194,4.867351617369198,2.539367635304966,0.22258538717426807,0.12920688723708898,0.05010449959036571,0.004391853028856589,0.30329229612882636,0.08431611224451435,0.007390633096227669,0.4343419793943566,0.02596955370498361,0.0022763317472432546,0.07239260566089124,0.009259777018462251,0.0008116552420950592,0.3354270828431561,0.025581520837809762,0.002242319166797864,0.5173958597020025,0.031448227760057186,0.002756558701700645,0.3901183308157892,0.048368386741469,0.004239676028064229,0.11922557481555714,0.019326938578502276,0.0016940808595729741,0.22687834547488456,0.03482440090888554,0.0030524933261525623,0.538533197531388,0.06741603900180827,0.0059092763624873585,2019312,0.6033464398045906,0.1363038350947731,0.42499999999999993,0.6050000000000001,0.775,67665,0.5074901985309961,0.0911020499771289,0.39500000000000013,0.515,0.6150000000000001
hmid_cos__hpre_raw_logit_gauss,hmid_cos,hpre_raw_logit_gauss,all,10,500,1120,60.28695,3.0640526043892526,0.2685760524739459,3.713050000000001,3.0640526043894845,0.26857605247396615,0.5378790568493663,0.08948453104080571,0.007843664978203718,0.2546974482860594,0.054337808470855155,0.004762918912776483,0.24973081266869393,0.06751637878460146,0.0059180715322341435,0.5451725727996655,0.0569938335468093,0.004995729775471762,0.1374564163791637,0.024220100670884325,0.002122985427661836,0.3830417706885506,0.07768323835088314,0.006809236065263819,0.5258551212521537,0.06394184152310507,0.005604749526685519,0.7426968519030581,0.04585642263418895,0.004019492666028253,0.0713207113107112,0.03232943828613279,0.002833800209941347,0.2389481831188714,0.028204813792754465,0.002472260932586248,-0.17194180175892648,0.03316286639748374,0.0029068534048658744,0.008847806530236818,0.03548669959411406,0.0031105463655104865,0.4256131145573088,0.08066351695784234,0.007070469003100146,0.4720825171963801,0.04581672378327281,0.00401601290832059,0.08213541925600067,0.026290283173511158,0.0023044449246886417,0.368242176658128,0.06602692217031035,0.005787514903661754,0.4741954991919656,0.04786020182656294,0.00419513165628133,0.573945827142823,0.04970664679114595,0.004356979693416105,0.050074849017816885,0.04764055873105091,0.004175879090101077,0.15987792883829344,0.03713310781688568,0.0032548604091399,-0.13389474830673231,0.03595321310469282,0.0031514380776558725,0.024064258319571902,0.051209691615521066,0.00448872738111696,0.2752173719227403,0.09691624027876605,0.008495083014371343,0.874511495409693,0.07082202573742785,0.006207824263042631,5.772691297934167,2.9704262838115794,0.2603693436359871,0.1577544764794054,0.0596772535696912,0.005230941911139002,0.34936404844267044,0.09384944703003847,0.008226266733829325,0.4687224630743263,0.029039410819747397,0.002545416587484324,0.07953489564115267,0.011984667645785443,0.0010505024365137698,0.35678846497556993,0.0317458337625223,0.002782645017979985,0.5539066053682848,0.034357857541518225,0.0030115989969442714,0.45482743936762915,0.05699384333826332,0.004995730633730548,0.1374564162261075,0.02422010049245837,0.0021229854120221113,0.257303135880686,0.045856420895233486,0.004019492513602086,0.6169582223062007,0.07768323722909709,0.006809235966934936,2014454,0.5380193622731974,0.15375072343748689,0.3450000000000001,0.535,0.745,67606,0.4679456217713643,0.10417878815578285,0.3350000000000001,0.475,0.5950000000000001
hmid_cos__hpre_raw_logit_gauss,hmid_cos,hpre_raw_logit_gauss,all,11,500,1120,61.31395714285715,2.1861748852735046,0.1916266776436349,2.6860428571428545,2.1861748852738847,0.19162667764366823,0.5315959501831308,0.07102717041271628,0.0062258059866579785,0.24532299917922132,0.03967025628773882,0.00347725127797352,0.2339198091560177,0.04949223306298437,0.0043381855014941505,0.5629392687974232,0.05424344668243441,0.004754647737339704,0.13019005839645506,0.018342344300646605,0.0016077773659397044,0.4033500689765526,0.07032177683560731,0.006163975513477129,0.5521851814917864,0.05918795861742908,0.005188053317586223,0.7417766476466541,0.041118181868221124,0.0036041675509268355,0.06954001443278092,0.02936759651638409,0.0025741833321396967,0.22732797258152146,0.022734843459340928,0.0019927968929697895,-0.16846106844331538,0.027956596273048556,0.0024505037076933103,0.01577247408504426,0.03143299787868768,0.002755223743739412,0.39696904690208895,0.06712343524925847,0.005883628512745381,0.5129464859955369,0.04464511798178692,0.003913317131894332,0.08138469221816355,0.02119880595488266,0.0018581572693522426,0.41255917720865637,0.06374572365120149,0.005587559037272902,0.5134849884908824,0.04620353974398956,0.004049918822212016,0.6137124275572953,0.04252476612105536,0.003727460096739225,0.04953918847341806,0.04523808484777731,0.003965292969348105,0.1332522679527246,0.027959891691538143,0.002450792563859786,-0.10705853129490528,0.04281601879984013,0.003752989519644178,0.03468974953675422,0.04705547334406237,0.004124594094741509,0.22775828113186042,0.0778976266338715,0.006828028026818003,0.8670925179844811,0.06403428924396165,0.0056128529267029685,6.475129546603701,2.975530075750706,0.2608167107241681,0.16749086383510203,0.05057755372222436,0.004433318051734815,0.36853667007095764,0.08526168464284117,0.007473516171311674,0.4600676791489834,0.02818036043193415,0.0024701175010050035,0.0751886428174962,0.008236496642150246,0.000721960762421231,0.35785396406572484,0.028138049192994667,0.0024664087573909514,0.5449054336546433,0.03146138557229505,0.002757712034794528,0.4370607453119898,0.05424345038350617,0.004754648061752948,0.13019005812759554,0.018342343977577964,0.0016077773376214895,0.2582233401848446,0.041118179311991965,0.003604167326863471,0.5966499217877785,0.07032177685492678,0.006163975515170555,2076654,0.5541624212332017,0.14832028967047892,0.3650000000000001,0.555,0.745,68697,0.5077045014264228,0.10291416658733327,0.3750000000000001,0.515,0.6350000000000001
hmid_cos__hpre_raw_logit_gauss,hmid_cos,hpre_raw_logit_gauss,all,12,500,1120,62.32361666666664,1.8863354495500908,0.1653445923076158,1.6763833333333327,1.8863354495491056,0.16534459230752946,0.6361064651241616,0.08312154296675442,0.00728592448235863,0.2958639544986544,0.053788253549223286,0.004714748300020657,0.2856302927996785,0.06876408529689423,0.006027437830070413,0.5580517446065941,0.06007618959801871,0.005265910195797156,0.1373248182018598,0.022042620381425262,0.0019321208649434975,0.3970340221444054,0.07601441785321984,0.006662957499123029,0.5363498394038707,0.06948232383902818,0.006090394214077869,0.7579705559983139,0.04369904400355188,0.003830390091392905,0.07026144723552194,0.031676429525786795,0.0027765614684023155,0.24381375985181056,0.029695792465356165,0.002602950975451888,-0.18013713176128052,0.03441585855231966,0.003016683009698567,0.006321943355926211,0.03685355399467309,0.0032303564362262793,0.4321970433317481,0.08014777946953577,0.007025262619070125,0.5132262850713872,0.052975143875690696,0.004643476094695942,0.09440362834366303,0.02307028963747096,0.0020222000468877663,0.39893497145637175,0.07217643595402976,0.00632654355294132,0.5044812910429779,0.057085140798182436,0.0050037332089313945,0.6361813447235598,0.04829679240718988,0.004233400507972752,0.061646050858336264,0.04818922944578876,0.004223972198705433,0.15265271468824224,0.031646232869844644,0.002773914614807426,-0.1156253004884935,0.043622968645350695,0.0038237217922367653,0.040003658881765186,0.05257500674600006,0.004608402528861393,0.27155189488773196,0.08809973086469303,0.007722281890905285,0.8397914137017161,0.056219781420088884,0.004927881115071538,6.692721055457707,2.7382566393908507,0.24001877703230837,0.19483478912008664,0.047920553206726446,0.0042004216879937255,0.3862189768818162,0.08095303911904542,0.0070958467394511004,0.46144747892823956,0.03196761565531496,0.0028020850580077325,0.08041681692894727,0.010565931899606824,0.0009261447653476501,0.3460321339375917,0.031019854820391202,0.002719010157998315,0.5475289263706835,0.03490546364580399,0.0030595987883280822,0.44194827961141175,0.060076199091171734,0.005265911027908706,0.13732481836557744,0.022042620569868127,0.001932120881461243,0.24202943317521183,0.04369904193550756,0.003830389910120828,0.6029659713598233,0.07601441836930005,0.006662957544359453,2145143,0.5482539957720495,0.1558526943086976,0.3550000000000001,0.535,0.765,69833,0.5067373813303961,0.11755445470627507,0.3550000000000001,0.515,0.6550000000000001
hmid_cos__hpre_raw_logit_gauss,hmid_cos,hpre_raw_logit_gauss,all,13,500,1120,61.439811904761925,2.599457376939897,0.22785248525847546,2.5601880952380958,2.5994573769403244,0.2278524852585129,0.5956918049856311,0.07651740932174397,0.006707046645259347,0.28151213922433216,0.04934510739677662,0.004325289368251831,0.27510170833773545,0.06389024821030205,0.0056002271734247305,0.5443229905952299,0.059988642486593656,0.0052582363531358525,0.13487483890652652,0.01846969890164363,0.0016189404889067117,0.3857930320181307,0.07324041543963374,0.00641980546683517,0.5257864012389663,0.06641615501129812,0.005821632666449496,0.7368909441209974,0.04706447885304841,0.004125383462407889,0.07349393234578229,0.034856892133782194,0.003055341307584175,0.23343326564417005,0.02312681118746006,0.002027154379184162,-0.16750731216261072,0.031538244961288986,0.0027644490572797096,0.014608401555239799,0.03839219006665394,0.003365223834329911,0.41532693905035656,0.07210903783801684,0.006320635847598077,0.5035691332775212,0.05512684693728671,0.004832081183770367,0.09537645454259501,0.020839719626690956,0.0018266819649188466,0.3863930565189035,0.06935350376261361,0.006079102636526865,0.49845291873046327,0.05865407288015108,0.0051412561693959915,0.6280726222648507,0.05289390654933019,0.004636355329081086,0.06505957751108774,0.0541411001460876,0.004745676667888406,0.14430570145290159,0.028334690387706116,0.002483645118070173,-0.10171749145443816,0.04487022759302121,0.003933048859304181,0.043824591300851624,0.056229361195119745,0.004928720819376121,0.26365850056945567,0.09040334769889914,0.007924202809252875,0.8297250592446043,0.05620852596003543,0.004926894530498673,7.259329806960196,2.806881548660766,0.24603401554573792,0.19856421365496657,0.0464771620219085,0.0040739028723445515,0.3999716107613983,0.07659180467798103,0.006713567685750596,0.4694508373432215,0.0313170487021103,0.0027450603503015353,0.07767676446306565,0.008293566468931528,0.0007269631532973968,0.3608961157770385,0.0318753205323521,0.0027939950337854155,0.5528307009022858,0.03286249089984127,0.0028805243316309217,0.45567702706867735,0.05998864928629107,0.00525823694915561,0.1348748387247147,0.018469698565565296,0.0016189404594481468,0.26310904156441506,0.04706447679130773,0.00412538328168835,0.6142069613187086,0.073240417517173,0.006419805648939516,2086742,0.5334651047186385,0.15364377619725542,0.3450000000000001,0.525,0.745,68835,0.494841728437663,0.11835552474600114,0.3450000000000001,0.495,0.6450000000000001
hmid_cos__hpre_raw_logit_gauss,hmid_cos,hpre_raw_logit_gauss,all,14,500,1120,62.69431666666671,1.6383863714333222,0.1436108973574178,1.305683333333334,1.6383863714347635,0.14361089735754415,0.6574008065266269,0.08446532917003764,0.0074037125364311215,0.32014624242285883,0.05357659236445022,0.004696195379164509,0.3218268798374703,0.06803960327624699,0.0059639341810419815,0.516301518404271,0.05184935807529205,0.004544796618446363,0.14335565532884076,0.01854960273701816,0.0016259443688830795,0.3521242092111281,0.06500610885405243,0.005698036671336158,0.4912008464590425,0.05874608674990115,0.005149321540687243,0.7261279655669418,0.041808266001769796,0.003664656092212944,0.053908229721628585,0.023860510255945863,0.0020914659380769337,0.23646686149860413,0.026385671854791477,0.0023128061112532147,-0.18375850351438638,0.027646826108049825,0.002423351155556842,-0.010245558727896011,0.025191531698251585,0.002208135111517545,0.4015723202622718,0.07226920430038915,0.006334675057023218,0.48711098093773647,0.04432501597678969,0.003885258954052347,0.11005227431827007,0.021618985387619968,0.0018949876205066813,0.35556146603084754,0.06095962229106586,0.005343346485560961,0.4727910247834664,0.04980240531690594,0.004365373298278666,0.6325817578967127,0.04461885068187409,0.003911014701541265,0.04077230485068866,0.035956897867856066,0.003151761061387702,0.1523109454466296,0.03190020469602603,0.0027961762269017106,-0.1297881572381416,0.035450202602218435,0.0031073472631202538,0.013225996047441313,0.03883815929932624,0.003404314761118956,0.2520678765074395,0.07979916442316937,0.006994705162957268,0.798868489206263,0.055943064957870645,0.004903625847727019,7.934428262688999,3.0688447338212645,0.2689961011388905,0.23148401746686023,0.04782258287570184,0.004191834209851718,0.44310334200362383,0.07928342321613606,0.006949498452966477,0.484052781269664,0.02651013783410596,0.0023237160353660386,0.0808519710704862,0.008827870699362018,0.0007737969840298014,0.3687275762753117,0.02801382920445899,0.0024555203953205746,0.5682171122935555,0.02876849203271352,0.0025216695087760944,0.4836985126381118,0.051849364640894104,0.004544797193946757,0.14335565550077173,0.01854960270833083,0.001625944366368524,0.2738720218635031,0.04180826524738265,0.0036646560260879947,0.6478757856207231,0.06500610990967486,0.005698036763865542,2172715,0.5081694840654615,0.1551090225264931,0.32500000000000007,0.485,0.725,70295,0.48202861281477105,0.12449075358605019,0.32500000000000007,0.485,0.6450000000000001
hmid_cos__hpre_raw_logit_gauss,hmid_cos,hpre_raw_logit_gauss,all,15,500,1120,61.256578571428584,2.734231286394331,0.23966593928530924,2.7434214285714287,2.7342312863947695,0.2396659392853477,0.5791639061386389,0.0757873445830659,0.006643053649419884,0.26281526151164647,0.04467510598422029,0.003915945696202789,0.24606633945888,0.0529189256736773,0.004638548352021971,0.5808755570130688,0.04667138387025182,0.004090927167964515,0.12438853920323863,0.01550924934160812,0.0013594456436669207,0.43294235311221496,0.05721058190711679,0.005014728606924001,0.564984403931243,0.05347869266528874,0.004687614092178277,0.7570010585840258,0.035479731389756054,0.0031099355754683625,0.08144754717395242,0.03680076561028089,0.0032257293303220845,0.23558360137939457,0.021806956689958835,0.0019114640316127568,-0.167833937713832,0.03401208335718858,0.002981290553368067,0.024157311396480974,0.04165026809260157,0.0036508069648569863,0.4278959716008533,0.0641731166877843,0.005625021688682944,0.5280887254421203,0.04857599043759434,0.004257873294359355,0.09117034840564289,0.018106957667754497,0.001587144817863756,0.41575710309821917,0.057552608108464125,0.005044708525306909,0.5228704683197396,0.05439023553642309,0.004767514347689337,0.6469978217776333,0.046984625404184424,0.004118383999003899,0.07243575163963038,0.051700966931504076,0.004531789561203424,0.15098619882640027,0.027964420628443575,0.002451189542682611,-0.09812168848303766,0.04305729734605861,0.003774138516693766,0.04664027459317308,0.057388339335996026,0.0050303097325476,0.28504628987714103,0.08298028607686768,0.0072735427700420146,0.8412308817214913,0.05159509818324773,0.004522509756265898,6.642563485403857,2.4737900724313655,0.21683726034960993,0.18798838196765807,0.04366639064702293,0.003827527898497128,0.3776875029590866,0.06625422712412454,0.005807439061333112,0.45067107702869724,0.025584950645299732,0.0022426198026795985,0.07404804342581583,0.007477009143161162,0.0006553887479298359,0.34739630374503994,0.025449280563686866,0.0022307277956996256,0.5315270668693243,0.026842875537859173,0.0023528817810373978,0.41912446233573425,0.046671393489096866,0.0040909280110934575,0.12438853898773944,0.015509249529645809,0.001359445660149151,0.24299893268588055,0.035479732184436924,0.003109935645125212,0.5670576411047148,0.057210581794815064,0.005014728597080321,2081030,0.5726035214298554,0.13678790016925427,0.405,0.5650000000000001,0.755,68738,0.5208172799960364,0.11026201781804809,0.3750000000000001,0.525,0.665
hmid_cos__hpre_raw_logit_gauss,hmid_cos,hpre_raw_logit_gauss,all,16,500,1120,61.342397619047624,2.7879450523281784,0.2443741584579686,2.657602380952381,2.7879450523282525,0.24437415845797508,0.5819083653723907,0.09097263663316556,0.007974103184482514,0.27140491105910564,0.055457045382038106,0.004861024353576698,0.26108300977292503,0.06667259250012575,0.005844110403403814,0.5609116560610986,0.052587998013133755,0.004609541263633245,0.1266561267326099,0.01457045869356639,0.001277157015204955,0.41396236738023295,0.060818212759058014,0.005330951393572511,0.5413674122337783,0.06091668735383209,0.005339583072380997,0.7423304175460623,0.038143918703630646,0.0033434618898621157,0.08698790724820106,0.04198742897905013,0.003680360419585947,0.23397042659485617,0.019322654856071948,0.001693705374746577,-0.16265737783722356,0.03990834799438635,0.003498120936218478,0.031798370690777455,0.04923216954390782,0.00431538992897493,0.4285945501849056,0.05967113292965016,0.005230405413384857,0.5366595523722825,0.05236598483298935,0.004590080950375256,0.0949708468408102,0.02068158064182882,0.0018128204717331004,0.4229954539047819,0.06737947506492344,0.005906071392110097,0.5270293175763315,0.06081640811556592,0.005330793209595991,0.6634463040759168,0.04343607738005358,0.0038073400505514382,0.1015431363988902,0.058583648158083854,0.005135083170335108,0.15817802190537605,0.029909222767264276,0.0026216589662620615,-0.08544945931267048,0.06160176960710788,0.00539963317953033,0.08030804558248658,0.06914627363708882,0.006060938115138623,0.3228740597967944,0.07448251654087669,0.0065286804287295885,0.8258350292255482,0.062209007076852764,0.005452859890555044,7.129220880824041,2.775396433366523,0.243274223509106,0.20318526312446306,0.053917734815116046,0.004726097833384736,0.3878238272387356,0.07010434571346749,0.006144916835311604,0.4613041600528927,0.028213269191671192,0.002473002080979031,0.07419918496805639,0.0066011239526317725,0.0005786140259306803,0.3575461786958432,0.02651700643762071,0.002324318095009322,0.5402270224772752,0.028195193357505876,0.00247141766425644,0.43908836426415626,0.05258800798601873,0.004609542137795156,0.12665612694858797,0.01457045904777303,0.001277157046252536,0.25766957190916656,0.03814391780368598,0.0033434618109784878,0.5860376274125205,0.06081821304198929,0.005330951418372531,2090604,0.548502355016649,0.14279922593877836,0.3750000000000001,0.535,0.745,68886,0.5273067493857925,0.11856775884129452,0.3650000000000001,0.535,0.6849999999999999
hmid_cos__hpre_raw_logit_gauss,hmid_cos,hpre_raw_logit_gauss,all,17,500,1120,63.00759047619047,1.580668994710013,0.1385517462262355,0.9924095238095235,1.580668994710468,0.1385517462262754,0.694367288044095,0.09036907879876557,0.007921199007716533,0.32104751704207485,0.055086512993515385,0.004828545757719492,0.3076747540378144,0.06622273821528672,0.0058046789367777255,0.5635951606867569,0.04630281513953753,0.004058620694303203,0.1394749121475964,0.018244601594338102,0.0015992098399837686,0.40444293467331516,0.05909597392979332,0.005179990504220071,0.5337389928520433,0.057863467209227026,0.005071956526871538,0.7706279352954456,0.02675383553675302,0.0023450770808259498,0.06495395278072964,0.030491609910884503,0.0026727074501624467,0.2530438418012999,0.02295253234222275,0.002011878164860523,-0.2045885711174193,0.03664164856231039,0.0032117821061249515,-0.0003416965591658883,0.03823862141791279,0.0033517629487682297,0.4387104230745919,0.052267105802194055,0.004581413821186479,0.5217211934509729,0.041007080269776314,0.0035944290664468013,0.12018352462526055,0.02165053882944955,0.0018977534016281984,0.3760812815164527,0.05687910721012409,0.004985673568676366,0.510498307812214,0.049102508608575464,0.004304024646890099,0.6744622335015307,0.03858003977804705,0.0033816895875196764,0.07873663984665182,0.03718747224441292,0.003259625661315843,0.18387101923720467,0.03044137682327928,0.0026683043258971316,-0.13753172967499974,0.041109155517293584,0.0036033763563837356,0.06019668600476304,0.04769054669945075,0.004180260728720723,0.33197922230533206,0.06798788444082669,0.00595940082523868,0.8137906961172818,0.037887619818476284,0.0033209963020554233,6.528362875224293,2.219210604084179,0.19452238607112737,0.22171276676129725,0.04167753968257096,0.003653197425114808,0.4283974187039903,0.059189642013566295,0.0051882008737635,0.4587869268525925,0.024813394810126014,0.0021749899518809044,0.08205412716322712,0.00855395680319907,0.0007497873724311564,0.3378750135545219,0.01948857412722716,0.0017082488400945238,0.5446878385706317,0.027643234643814085,0.002423036349836583,0.4364048785648174,0.04630282444028201,0.004058621509549401,0.13947491210665372,0.018244601519435206,0.0015992098334182403,0.22937205961903653,0.02675383625220408,0.0023450771435379997,0.5955570623242428,0.05909597523347861,0.005179990618493125,2187912,0.5563398019145759,0.15190968645930136,0.3750000000000001,0.535,0.775,70528,0.5167047256458477,0.13372219252226655,0.3350000000000001,0.525,0.6849999999999999
hmid_cos__hpre_raw_logit_gauss,hmid_cos,hpre_raw_logit_gauss,all,18,500,1120,62.18451904761904,2.7118360311497356,0.2377029086117746,1.8154809523809528,2.7118360311496095,0.23770290861176352,0.6767803261321214,0.12405180653306146,0.010873620267871453,0.32872657452101517,0.07061555443971416,0.006189726255844687,0.3295293171941169,0.08123817534164267,0.00712084003133284,0.5215059006944297,0.04510617015033966,0.00395373013630459,0.14558022269001675,0.01605057147104715,0.0014068946203696247,0.35868930196556315,0.05332943287702153,0.004674530894889666,0.4878897537332918,0.05676316841065262,0.004975511084831927,0.7365842751887582,0.03143248371874587,0.002755178675633429,0.06870751456516308,0.03718681653436518,0.0032595681857960244,0.24585548861417036,0.022374474717482093,0.001961209180022302,-0.1942047210332005,0.042902939959096775,0.003760608495178791,0.009074442162565399,0.04507877780444255,0.003951329091323017,0.42760427741259366,0.05691754026493474,0.004989042374463438,0.491067287865494,0.03996457695495106,0.0035030496219210505,0.12845722121805664,0.022888624848940237,0.002006276426089872,0.3356476062457476,0.055681369821390464,0.004880687257636628,0.47819543315789526,0.05119833228120402,0.004487731691563447,0.6555792616382949,0.037321732767166285,0.0032713941150142333,0.07752808743829027,0.04520500611657545,0.003962393490718294,0.1775397259143137,0.03183461357651464,0.0027904269117853576,-0.1328214454758261,0.053205056847439904,0.004663628855218558,0.0596657854731838,0.05516366791122124,0.004835308684438409,0.3213950087320947,0.07040445161733333,0.006171222277610132,0.7938390998762282,0.043708363808810775,0.003831207008342266,7.273024739062218,2.4432511435094355,0.21416040520525473,0.24156524993614067,0.04470861496979394,0.003918882888291099,0.4535294532677957,0.06559448743890542,0.005749610328215825,0.4813469326948839,0.023582695037177505,0.002067114360474412,0.08229690400647617,0.0075281146136111044,0.0006598683399230045,0.36206130976194423,0.02164034355867504,0.001896859746742966,0.5656198337015651,0.024288648266466706,0.002128993889331757,0.4784941311796507,0.0451061804390093,0.003953731038146247,0.14558022263715317,0.016050571255976656,0.0014068946015178647,0.2634157189037119,0.03143248368377599,0.002755178672568184,0.6413106945189692,0.05332943385688703,0.0046745309807786645,2154304,0.5117186701328571,0.15463129639045972,0.3350000000000001,0.485,0.735,69961,0.4844837827493426,0.1402385973770729,0.30500000000000005,0.485,0.665
hmid_cos__hpre_raw_logit_gauss,hmid_cos,hpre_raw_logit_gauss,all,19,500,1120,60.38319523809526,3.428531599169822,0.3005240449749915,3.6168047619047607,3.428531599170108,0.30052404497501656,0.5642446057172049,0.1016117374136436,0.008906661485015618,0.2654789883682061,0.05785456037191519,0.005071175808158741,0.2571756258956734,0.0660666202461622,0.005790994593432036,0.5534313063856391,0.04606548539239455,0.004037817824753577,0.12959950820141963,0.015830421122005084,0.001387597591457073,0.40189929222329757,0.05766364603503365,0.005054441428701001,0.5337698565030382,0.0540635850827238,0.004738882173010708,0.7359261277359155,0.03336546546656691,0.0029246119962592814,0.09124661426954388,0.04472222606359975,0.003920075953266216,0.23573191028524726,0.020949377931060522,0.0018362939390952609,-0.16618304889023403,0.046344341701549205,0.0040622606579519775,0.040194078612057316,0.05334933167136904,0.004676275101117454,0.4308450714635708,0.05821863793773291,0.005103088613859783,0.5037542769605204,0.04658304937994478,0.004083184308501209,0.10272995805630368,0.019351911173327574,0.0016962698040214484,0.37620673402505256,0.060272205505280785,0.005283091747614879,0.5016459433875621,0.05302826507253883,0.004648132372898125,0.63547614389587,0.040640327298990815,0.003562281751160648,0.0996022051437669,0.055233325488811734,0.00484141444032111,0.1687695491060259,0.028779910344496392,0.002522670367932418,-0.10829851491386405,0.06062786911616752,0.005314267037648658,0.09011995803942859,0.06541331590896633,0.005733729943439792,0.326122869029304,0.07158756704688247,0.006274926917417601,0.8196425384251843,0.053363888166083104,0.00467755103413589,7.278531691755568,2.697228561123841,0.23642250741025272,0.20321275104731334,0.04518681579078555,0.003960799038362331,0.4080910289393296,0.06944697998960897,0.0060872961890822645,0.46560608957778843,0.02458836510483842,0.002155265228536096,0.07490992601279699,0.007406647332739209,0.0006492212633177971,0.3624414895211659,0.022980949579463807,0.0020143690455293097,0.5459574640177544,0.02690969946159547,0.002358739156208505,0.4465687112285977,0.0460654959390093,0.004037818749205119,0.12959950801811762,0.015830420836362682,0.0013875975664194122,0.2640738627325565,0.03336546496682565,0.002924611952455029,0.5981007028446311,0.057663646909554556,0.005054441505356138,2028122,0.5432799679283328,0.14106655543029273,0.3750000000000001,0.535,0.735,67807,0.49629883530804225,0.1200182496377415,0.3350000000000001,0.505,0.6450000000000001
hmid_cos__hpre_raw_logit_gauss,hmid_cos,hpre_raw_logit_gauss,all,20,500,1120,57.924121428571446,4.9344997468185845,0.43252797325860076,6.07587857142857,4.934499746818811,0.43252797325862063,0.5848729020083231,0.12014009864038604,0.010530743953430583,0.2549551969294037,0.07083920352740496,0.006209329962721439,0.23185791369454856,0.08127294307348511,0.0071238875573963086,0.6201320830323866,0.0651835077897042,0.005713586373642895,0.12488411197213539,0.024323118768087848,0.0021320153620176183,0.46945857364485694,0.08749079118065885,0.007668905974219536,0.6043873380102572,0.07910787745118548,0.006934111188233682,0.7933780505708286,0.032643378376012534,0.0028613182721092196,0.14218005840141948,0.07542729076303607,0.006611493540587793,0.242767433719195,0.028092605567952334,0.0024624254480291956,-0.13671839956518408,0.0912116742750894,0.007995055757610215,0.10111353738479859,0.08880945957943306,0.007784492355653583,0.48626349701484056,0.0639270597613158,0.005603453848137349,0.5522542147731498,0.05905938460333617,0.005176783308348674,0.1009552878129429,0.029552901310452212,0.0025904260134905393,0.42430162489698053,0.09062926294647963,0.007944005153802029,0.5567783142143774,0.06465088540177746,0.005666899962905789,0.6722537588105312,0.04182350000533324,0.0036659914115004075,0.14044698410297476,0.07161926778627246,0.00627770560973955,0.1534420285532517,0.0338476422049731,0.0029668766508576996,-0.04631381088890294,0.09332849177117132,0.008180602992044457,0.13246714563919446,0.08175603184247483,0.007166232155000115,0.3422882299678488,0.07020471420026259,0.00615371452107509,0.8583986438325472,0.047690282306318325,0.004180237553640862,5.542363076150987,1.7899311151063435,0.15689437981805554,0.17167310933002405,0.047930870267657966,0.004201326018256904,0.385880628008644,0.07697977623108448,0.006747574891780757,0.4265100392496302,0.03714265291524802,0.0032556970739004722,0.076882742513255,0.010455419456755224,0.0009164579226322813,0.3200837172975851,0.025522299421942465,0.0022371281808230238,0.5124490124818825,0.04364379584428176,0.0038255473767143237,0.37986792819216125,0.06518351954673339,0.0057135874041919395,0.1248841118217047,0.02432311879724091,0.002132015364572997,0.2066219406829347,0.032643376626548065,0.0028613181187618977,0.5305414204214299,0.08749078987002364,0.007668905859337294,1894058,0.5973712418210084,0.15342267042882424,0.39500000000000013,0.6050000000000001,0.795,65351,0.539112992947823,0.13388380330353272,0.3350000000000001,0.5750000000000001,0.6849999999999999
hmid_cos__hpre_raw_logit_gauss,hmid_cos,hpre_raw_logit_gauss,all,21,500,1120,52.73740714285713,4.886911197130134,0.42835665296208386,11.262592857142854,4.886911197129919,0.42835665296206504,0.45631368647423526,0.09728147441848174,0.008527097198244373,0.1876410129162882,0.057677646223784663,0.005055668599351809,0.16145315658075815,0.06686279250034056,0.005860782168492005,0.6642670022273348,0.06649167403256652,0.005828252200523391,0.10740152770852052,0.024999597135594482,0.002191311305327693,0.5303536103317427,0.09452707949263753,0.008285663838034503,0.6574099541471119,0.07366387247133949,0.006456923112206188,0.8085630370567242,0.03710189020817604,0.003252124065089245,0.21199101534196657,0.07802246779342863,0.0068389708369290605,0.21915021318399477,0.026745685645908797,0.0023443627113964235,-0.044018729331957225,0.09869672631420116,0.008651149496453646,0.1805296521031717,0.08498626558357725,0.007449374626350198,0.520121994926532,0.06590027020466387,0.005776413369398709,0.5914349595309017,0.05854378140539414,0.005131588695388098,0.07544896984567778,0.02896510577173655,0.0025389034628581176,0.4944905710761037,0.09549785769474109,0.008370756299232864,0.5984836109824122,0.05729447595952496,0.005022082244844431,0.6795439123004675,0.037680658134133765,0.003302855310574257,0.19861828115497318,0.06680816944179117,0.005855994246307433,0.11735557208714031,0.026792171926187026,0.0023484374135191743,0.052879396786678565,0.08539240157470919,0.007484974015573986,0.19433161294795126,0.06900996868620772,0.006048990459413698,0.3513019899848671,0.06681838210895598,0.005856889426053508,0.9018894135147331,0.04906350975198509,0.00430060624639037,4.56077908457631,1.5779118687828158,0.13831007348320248,0.13163347457633132,0.04200727547061143,0.0036821000412723876,0.3182093619340942,0.08730974441029403,0.00765303652510235,0.40090738158006034,0.03829079758609951,0.003356336391555972,0.06959533743434364,0.010548681112532841,0.0009246326671911884,0.3075661964124158,0.029062444599851075,0.002547435587329476,0.48109144206174775,0.04773824452378771,0.0041844416273624984,0.3357329959241407,0.06649168131438418,0.005828252838802851,0.1074015273525247,0.02499959688846106,0.0021913112836654935,0.1914369547401865,0.037101889569671066,0.0032521240091218165,0.4696463828181228,0.09452707959487709,0.008285663846996196,1569543,0.6390730130147196,0.14926451775556618,0.4149999999999999,0.665,0.8150000000000001,59447,0.5782126109489816,0.12018683576243437,0.3850000000000001,0.6150000000000001,0.695
hmid_cos__hpre_raw_logit_gauss,hmid_cos,hpre_raw_logit_gauss,all,22,500,1120,48.98601904761907,4.012906431133333,0.3517467574405202,15.013980952380951,4.01290643113368,0.3517467574405507,0.38711532122968195,0.06860786943208531,0.006013744905789648,0.15157213089813792,0.03612797407075573,0.0031667565517331363,0.12322354955238603,0.038546881054400954,0.0033787830972429804,0.6903089375911726,0.04335222595361469,0.0037999901489619526,0.09888335093323675,0.01571667335010537,0.0013776271596470022,0.5635932094373873,0.06433123701833476,0.005638881546746178,0.6889183975645474,0.043453512188119096,0.0038088682788589966,0.81933413141157,0.0302359011834209,0.002650293591958142,0.23242436394666638,0.06203105242692501,0.0054372614777443385,0.2113156246359505,0.01739585890806864,0.0015248142633811203,-0.01592041329779881,0.07312753106949861,0.00640991071552657,0.2049802172175719,0.06554165248477484,0.005744979140294082,0.527332500536882,0.06255460945494634,0.005483153274650675,0.6038899861520244,0.04018278541417662,0.0035221764366863296,0.0584936466422287,0.015881290428706066,0.0013920564827849388,0.5321903863847259,0.05947554798336462,0.00521326163696227,0.6085666547830617,0.03859540318389078,0.0033830362494171105,0.6701084072433765,0.03601664187747878,0.0031569978547248815,0.20153262186652007,0.05226166538865668,0.004580936947914264,0.10231556904605103,0.018960548761137754,0.0016619653760876548,0.0799482017136589,0.05876863196709516,0.005151297716105205,0.19394399363668632,0.053677780471446467,0.004705064907806228,0.33431326389507865,0.062412000210251416,0.00547065302320865,0.9282560923763685,0.03609437156455737,0.0031638111622006404,3.9606024471328354,1.4331431536622021,0.12562053611262272,0.10897194493810335,0.032852701697067395,0.0028796662701752835,0.27310130729987514,0.0632369054852737,0.005542959158590612,0.3864161790749146,0.02646402370826152,0.0023196739540176817,0.0667241367495752,0.0067649723729021425,0.000592975973195316,0.2991820554191868,0.024826297788875098,0.0021761209478346356,0.4653335118587529,0.0335143323395622,0.002937660753005801,0.3096910573306538,0.04335222394471849,0.0037999899728744374,0.09888335101827982,0.01571667360850247,0.0013776271822965069,0.18066586138868618,0.030235899004880877,0.00265029340100069,0.4364067836447132,0.06433123407409815,0.005638881288672459,1335328,0.6764848396875179,0.12175863997042431,0.515,0.6849999999999999,0.8250000000000001,54948,0.5974407153696423,0.08786365547094818,0.485,0.6150000000000001,0.6849999999999999
hmid_cos__hpre_raw_logit_gauss,hmid_cos,hpre_raw_logit_gauss,all,23,500,1120,48.51737142857143,3.5695882340834753,0.312888204169288,15.482628571428574,3.5695882340834313,0.31288820416928415,0.4370364970674827,0.07553668315840893,0.006621082206812983,0.17343220301605758,0.03698975534182692,0.0032422950106841095,0.1425806403019954,0.036960821156284795,0.003239758817498875,0.6792680817882218,0.0371207730071388,0.0032537792153950243,0.10356079102939085,0.012161971476653764,0.0010660438025186835,0.54573796351034,0.05284810554175695,0.0046323406937593134,0.6783190070895921,0.03593055271177839,0.003149451806640895,0.8139654204027993,0.0323354422934489,0.002834326484386399,0.21310465484226032,0.056384867551570156,0.004942351552507213,0.21724481710869636,0.01787470597433322,0.0015667870593480831,-0.039377738477222174,0.0629545864805652,0.0055182128067445746,0.18238301278692462,0.05865873143685912,0.005141664509895459,0.5181317113822412,0.06875237561343914,0.006026411431060949,0.6087760921560582,0.036512015859154,0.0032004192986994544,0.060457446206547305,0.012789628569031842,0.0011210603723832795,0.533293369304779,0.048372806230177985,0.00424006341332965,0.614094245854304,0.03663855427280086,0.0032115108796908856,0.6770211913951806,0.03735499300739011,0.0032743095036113007,0.21689629447355957,0.050108948319949755,0.004392242977197716,0.10631104677353236,0.019368008224397316,0.0016976807727582738,0.08779109890483255,0.05391917091543008,0.004726223713127383,0.21227419973831807,0.05248743058543344,0.004600726139930565,0.3526044293675393,0.06393624864801123,0.005604259289568659,0.9250353436736837,0.03367552790269849,0.0029517901670900897,4.070626794626601,1.4173876096735782,0.12423950179128553,0.11117197739141327,0.03233012070394596,0.0028338600265000236,0.2842765055015683,0.055791618193263066,0.004890350953510128,0.3934274275515759,0.023458448527043662,0.0020562236736834582,0.06934325016839875,0.005813097458359576,0.0005095404582075519,0.30351223026265695,0.02677571417718644,0.002346994828214714,0.47545054323609376,0.027752755214204967,0.002432636251097462,0.3207319144390878,0.03712077295122579,0.003253779210494033,0.10356079096231788,0.012161971461017254,0.0010660438011480828,0.18603457055797898,0.0323354424722564,0.0028343265000595674,0.45426202870245486,0.052848104594636576,0.004632340610740553,1312403,0.6687954240973845,0.11634818999523797,0.515,0.6749999999999999,0.8150000000000001,54550,0.602714962561561,0.08022596391310699,0.495,0.6150000000000001,0.695
hmid_cos__hpre_raw_logit_gauss,hmid_cos,hpre_raw_logit_gauss,all,24,500,1120,51.030154761904754,3.6932244868683224,0.3237253995451304,12.969845238095239,3.6932244868681376,0.3237253995451142,0.4389107490594186,0.07587534587576604,0.00665076730282523,0.17832082847626435,0.037213987688186435,0.003261949842437304,0.1496592161276156,0.03687695533309391,0.0032324076539784383,0.6638743480448209,0.03431179289827761,0.003007561252937376,0.10452379553862624,0.010143441995066125,0.0008891118924103224,0.5320225507125258,0.043815431498407914,0.003840591905121882,0.6611346242159607,0.033890835304794684,0.002970662692986212,0.7995369594033275,0.034901009798781274,0.0030592083914236785,0.17773517564265495,0.04783075937988906,0.0041925509120436105,0.21391958113820067,0.018747150386402078,0.0016432601838175344,-0.05877825413328648,0.04642408516097473,0.004069250480356607,0.1398665201962482,0.04878864211947078,0.004276513036114606,0.47674687366329493,0.07257781318740023,0.006361725818656057,0.6041459236868791,0.03439069827661748,0.003014477614295901,0.05675372355043707,0.010500272942629214,0.0009203895040152104,0.5341774918925195,0.04002254435252429,0.003508130688345988,0.6059296656898092,0.03497090172855207,0.003065334689180687,0.672589516872451,0.03685535452401507,0.0032305142595816416,0.19869219684547607,0.04479301452102874,0.003926280835137293,0.108118753344264,0.020085384279663283,0.0017605615564584836,0.06872200119918243,0.04407440782987395,0.003863292181445368,0.19040836284222706,0.046442911855848236,0.004070900712922137,0.3413330441845669,0.06348303988028725,0.005564533789553574,0.9209578008467243,0.03707948531747964,0.0032501601898311224,4.452063538093226,1.6660483287124865,0.14603557481860055,0.1196989543447892,0.034001962390240226,0.0029804034115003602,0.2653493360004255,0.04855892722907381,0.004256377638188042,0.40326898020257546,0.02171050539236008,0.001903009702621161,0.06943795420731465,0.006238818749072034,0.0005468565746312306,0.3151332256757079,0.028150566497255506,0.0024675059474852648,0.48302664931331357,0.02290903787941645,0.002008065707101718,0.3361256425613449,0.03431179201208579,0.003007561175259238,0.10452379562400636,0.010143441591667449,0.0008891118570508696,0.20046303165448567,0.034901008358610645,0.003059208265187157,0.4679774424249929,0.043815430428669526,0.003840591811355178,1458037,0.6545487673536111,0.11250891975557598,0.515,0.6550000000000001,0.795,57477,0.5990702353010455,0.07333298022751586,0.505,0.6050000000000001,0.6849999999999999
hmid_cos__hpre_raw_logit_gauss,hmid_cos,hpre_raw_logit_gauss,all,25,500,1120,50.65884523809525,4.057565791779418,0.3556613229969842,13.341154761904765,4.057565791779604,0.3556613229970005,0.44939636617040357,0.07655784883073592,0.006710591324509789,0.17423682664707313,0.036071213596919935,0.0031617812768382045,0.1398633216761407,0.03469645356084768,0.003041278246616626,0.6930317155704612,0.034834205373914594,0.0030533527254038508,0.09774041249161323,0.01031688442045143,0.0009043147913014065,0.5690354587208657,0.04479381746309085,0.003926351216112182,0.6914921910916056,0.03487175500542142,0.0030566440957241602,0.8182511693506017,0.0337321042773497,0.002956749304980001,0.18586219913319113,0.051210513720528726,0.004488799441798085,0.21752854503520894,0.019876826109185942,0.0017422806267976309,-0.0555373401863958,0.04594885346165709,0.004027594585274918,0.14829671078234397,0.054080953072203265,0.004740404544410965,0.48882208936178967,0.07901692955371178,0.0069261392535321376,0.6567911704361439,0.03453646553620729,0.003027254677948298,0.05394215582839788,0.0107956733390839,0.0009462824904036905,0.5910398352573314,0.04164826766489577,0.0036506316196374842,0.6584027267700149,0.036478783820264114,0.003197506382058297,0.7217638009526903,0.03448863389213319,0.0030230620494893883,0.23358487137505518,0.046714023075965984,0.004094664659133868,0.11788348580802835,0.021446178724442724,0.0018798404486301756,0.09240105033720228,0.048913703800132664,0.004287475175752747,0.2308052355386583,0.05038095826438688,0.004416085700069356,0.38235712580817455,0.06333864855847865,0.005551877332165311,0.9293692511471963,0.034908722972426996,0.003059884480902967,4.051381137629348,1.4241634463765458,0.12483343006499864,0.11142249395719599,0.03286593058218114,0.0028808258330814134,0.252230743765902,0.05037935799323012,0.004415945430117869,0.38496449388521076,0.022984578664413665,0.002014687148850555,0.06792942727051145,0.006144294845925398,0.0005385711892121988,0.29987822346417675,0.028663910422130803,0.0025125025264300872,0.4633899345618629,0.024351046402234955,0.0021344633270830426,0.3069682785732405,0.0348342038439419,0.003053352591295831,0.09774041274236071,0.010316884304327652,0.0009043147811227084,0.18174882124318256,0.03373210418590744,0.0029567492969647343,0.4309645354715131,0.04479381609394578,0.0039263510961013255,1429550,0.6837400561645546,0.10642087166526887,0.545,0.6849999999999999,0.8150000000000001,56880,0.6515960336737492,0.07093436185004054,0.5650000000000001,0.6550000000000001,0.735
hmid_cos__hpre_raw_logit_gauss,hmid_cos,hpre_raw_logit_gauss,all,26,500,1120,52.086297619047585,3.612480341868066,0.31664786318250804,11.913702380952387,3.612480341867578,0.31664786318246524,0.45739528760583625,0.07759598512156142,0.006801587982504646,0.17385876656547186,0.03708352813979916,0.0032505145588317963,0.1375994345294223,0.03624713334796693,0.0031772013228977,0.7039091805358727,0.03825405182136718,0.003353115483265165,0.10133096417649867,0.013535036773853855,0.0011863982823284293,0.5716208598911762,0.05224611593350234,0.004579573978075728,0.7076248607781672,0.03886617759106565,0.003406770672672711,0.8273912535809331,0.03394873777159596,0.0029757380679780493,0.15966531336413964,0.05055422537786772,0.004431273232194483,0.22115083509992287,0.022093108617564198,0.00193654635396387,-0.08236920085870386,0.04132051062592169,0.0036219024484828804,0.11933991475612278,0.05368733045613055,0.004705902000871785,0.46195328861773016,0.0809744136100696,0.007097720296195751,0.6745807698459849,0.032887851243074,0.002882747263725845,0.056923624602111,0.011559847186859849,0.0010132652814776708,0.6036100002759981,0.04144895386969389,0.003633160995196429,0.6778900374100323,0.03469146650551005,0.0030408411119427197,0.7428090683079902,0.030364706869137673,0.0026615839081088684,0.21897737178563673,0.047213329607896475,0.004138430806336512,0.14094958247157435,0.023005694740163618,0.0020165380544977162,0.039520134598583084,0.06300237419188101,0.0055224015843274325,0.22662498855694588,0.05092553028133998,0.0044638195419725675,0.3890521135683926,0.059736907239315636,0.005236170785826195,0.9278860857955048,0.030967334194957973,0.0027144065222016863,3.992340427037081,1.2985099776087978,0.11381941791228406,0.11083981916294212,0.03049184020151545,0.0026727276360262574,0.26313551958671644,0.056081304453871425,0.004915743073808154,0.3770314777453739,0.025576069778765732,0.0022418413604058485,0.07063151072581254,0.007586212783742957,0.0006649608690681047,0.2920051208905521,0.029796821256503712,0.0026118065394437574,0.4616438334146428,0.028193924477604014,0.0024713064420291784,0.2960908107348141,0.038254052244545714,0.0033531155203583986,0.10133096397921797,0.01353503663112655,0.0011863982698178295,0.17260873745037691,0.03394873726904198,0.0029757380239272507,0.42837913079928774,0.052246112819916195,0.004579573705157869,1516265,0.6934931937342489,0.11382253508139469,0.545,0.705,0.8250000000000001,58619,0.668640943857906,0.07385725631448961,0.5750000000000001,0.6749999999999999,0.755
hmid_cos__hpre_raw_logit_gauss,hmid_cos,hpre_raw_logit_gauss,all,27,500,1120,54.73459285714287,3.9133448546711693,0.3430198004861958,9.265407142857141,3.913344854671213,0.34301980048619957,0.48772131224686194,0.07251315007094246,0.006356057846593825,0.1867289986898503,0.03911479945859059,0.0034285633402146767,0.14993541611182898,0.04243699037286539,0.0037197662131818613,0.6985508622220584,0.05381128441218423,0.004716767044166975,0.10667176925011329,0.018521198270999396,0.0016234546076612838,0.5580174544731774,0.07378428160735973,0.006467477438325716,0.7033817298259053,0.05683790812650473,0.004982062309774289,0.828725879015383,0.03956737036728227,0.0034682329294204355,0.13315508970932238,0.055258313044858384,0.004843604696178456,0.22388751458515005,0.023316292528732827,0.002043763151038669,-0.1112501032506515,0.0415959010386274,0.003646041482462818,0.09269670634932786,0.06046268512761094,0.005299788022662141,0.43818427609006577,0.08485091628376105,0.0074375107371344356,0.6774917115767795,0.04117205479153236,0.0036088897208587213,0.06773783172026632,0.019634574092769794,0.001721046301323029,0.592125393580184,0.06344763012886245,0.005561429987992487,0.6837127148790015,0.040506535195841346,0.0035505543562508487,0.7566331164873781,0.03042543802801909,0.0026669072288936268,0.18622840976475608,0.05674280847681567,0.004973726457945716,0.17073551172348003,0.02824442883642605,0.002475733344265034,-0.04030089854764001,0.08561808609314808,0.0075047561358221725,0.20115850823465745,0.0626773763356317,0.005493914266202118,0.3889271753515871,0.059384414575038166,0.0052052734415175324,0.915347382238649,0.03324710157393955,0.0029142369436274277,4.266495697486969,1.285559052190371,0.11268421924768447,0.12042870041813168,0.031280828579950806,0.002741885516613698,0.30911672064775536,0.08388609590373866,0.007352940502066791,0.37900513924658297,0.03480364211792472,0.0030506737378979735,0.07272919429313571,0.008949127561512697,0.0007844256166208854,0.2901018666946462,0.03447465321317983,0.0030218365889477447,0.46771463703747307,0.03851867690867347,0.0033763108948688973,0.3014491334025349,0.053811287562801464,0.004716767320330752,0.1066717696484355,0.01852119833376385,0.0016234546131628307,0.17127411270063547,0.039567369155306835,0.003468232823186105,0.4419825370349343,0.07378427862964963,0.006467477177317919,1676290,0.6858576249194184,0.12997737284638217,0.525,0.695,0.8350000000000001,61611,0.670289376263757,0.09146390274522201,0.555,0.6849999999999999,0.765
hmid_cos__hpre_raw_logit_gauss,hmid_cos,hpre_raw_logit_gauss,all,28,500,1120,62.05810476190475,1.7209983931712332,0.15085216033491244,1.9418952380952383,1.7209983931709674,0.15085216033488916,0.839791591759522,0.0734329359548754,0.006436680634033601,0.3875838794743021,0.04473609248317505,0.003921291398531793,0.3755068548387715,0.059651943701449786,0.00522872340337214,0.5547724820774229,0.04259395191781458,0.0037335244992087644,0.16961436027668061,0.03078124813970409,0.0026980953602885574,0.33878342620084684,0.08606522878287813,0.007543949920657409,0.5432629683673382,0.046626637685023814,0.004087004991897894,0.7933935733470181,0.03328136680052481,0.002917240423163064,0.04734918220653529,0.022478173122305226,0.0019702987459701404,0.22583486735121833,0.031447307607786745,0.0027564780467980122,-0.1883627051326846,0.04041967752209427,0.0035429409454665033,0.004909079737913481,0.021236094685727822,0.0018614257707212502,0.3487588609888795,0.07443459068993606,0.006524479542674743,0.6014277502875951,0.03347251013021987,0.0029339948747259003,0.14641324892177107,0.02963689479569513,0.0025977883670832147,0.4129817841903794,0.07770241932575513,0.006810917351840408,0.6257993434656234,0.03643444032949156,0.0031936195037169956,0.7623398004540376,0.03135314862623184,0.0027482246481668146,0.08577772591274137,0.030445948910958805,0.0026687050870520717,0.2135303671141466,0.03191795529010769,0.0027977321350740087,-0.18407290892656894,0.04171634756488829,0.003656599085981443,0.08337976569873724,0.05200937894889987,0.004558823066453638,0.3604917886101776,0.05601255682210773,0.004909717078193856,0.8279805909615185,0.02680737887871076,0.0023497703616784625,5.6656325032552095,1.4278037765842326,0.12515251907655203,0.18770728777093543,0.03537239528902903,0.0031005271514158795,0.5955754464258753,0.1109788745391256,0.009727727255407494,0.4607159519056478,0.021821721029271216,0.001912758183013495,0.09793617480489468,0.015504236430989674,0.0013590062426777282,0.32004785687973086,0.026530842398910112,0.0023255308704884267,0.5737672046395994,0.03723700698351519,0.0032639675726359547,0.44522753507615537,0.042593957746200034,0.003733525010089274,0.1696143605055199,0.03078124824677733,0.0026980953696739405,0.20660641597363916,0.03328136578821719,0.0029172403344303885,0.6612165635626942,0.08606522773619046,0.00754394982891119,2124943,0.5521579463660448,0.17466458829983814,0.3350000000000001,0.545,0.795,69515,0.5983641091811608,0.15240540503186525,0.405,0.6150000000000001,0.775
hmid_cos__hpre_raw_logit_gauss,hmid_cos,hpre_raw_logit_gauss,hall,1,125,153,59.888,3.0363557103870855,0.5322966253479426,4.112,3.0363557103870424,0.5322966253479351,0.6575141013065974,0.061863153692216906,0.010845089009531825,0.39001283832391104,0.038649471208229425,0.006775551041416118,0.47317396966616315,0.050992774820752804,0.008939427571466565,0.28079485019048056,0.03162529042301562,0.005544157856812422,0.18691227608919145,0.016350446639024397,0.002866359675551575,0.08152579973638058,0.02105264929888354,0.003690692147199323,0.23923514785369238,0.03291965551855776,0.005771070062773104,0.5502731777032216,0.05834889975909631,0.010229013131854979,0.0784394664193193,0.034819917503548604,0.006104200676695364,0.2590351667006811,0.02269718726988266,0.003978992364866438,-0.20119272171457608,0.033410107824809396,0.005857050142978721,0.01392324776854366,0.03905883582070165,0.006847315822140066,0.464825141787529,0.06516571728315376,0.011424053933976913,0.010976284514026095,0.011260352440391528,0.0019740268189739744,0.01733280480032166,0.003571082007102261,0.0006260382782947921,-0.010464077712851577,0.011262582276900803,0.0019744177265494287,0.010865304538359245,0.01108433044524201,0.0019431688026735209,0.03253803754722078,0.014208904254969382,0.002490930742711967,0.13414463842101396,0.08189535324652403,0.014356888429005926,0.3260597338279088,0.030585170759241862,0.005361816840214527,-0.2590646403978268,0.06206080301570395,0.010879738463656896,0.09127019749271373,0.10457701265424316,0.018333158639613482,0.5980181171099346,0.10492351892881023,0.018393903867843158,0.9920425523122152,0.0033831901953752736,0.0005930993914013206,1.7966368145942688,0.36193134826315926,0.06344936287571865,0.042016406136254465,0.013757691010953466,0.0024118295734120924,0.0823154304176569,0.02119413980309038,0.003715496526228577,0.5929849898815155,0.01443666942362332,0.0025308597372732927,0.08753970727324485,0.009611589517363009,0.0016849859345596093,0.4731370979150136,0.03133568410939538,0.005493387631541333,0.6776244994004568,0.007796012714566513,0.0013667012876447135,0.7192051610151926,0.03162529109986718,0.005544157975469732,0.1869122773607572,0.01635044615957923,0.002866359591501131,0.44972680377960206,0.05834889272335005,0.010229011898434278,0.9184741966724396,0.021052650052517267,0.0036906922793171412,271507,0.2774277841388384,0.18977605455124533,0.07500000000000007,0.235,0.555,9179,0.011157440812837222,0.021117801776586495,-0.015000000000000013,0.015000000000000013,0.03500000000000003
hmid_cos__hpre_raw_logit_gauss,hmid_cos,hpre_raw_logit_gauss,hall,2,125,153,54.696,3.617123719200101,0.6341097463020097,9.304,3.6171237192001033,0.6341097463020101,0.5604081516265869,0.06934655636354965,0.012156987340298343,0.306186451892058,0.039808138008462994,0.006978674287337921,0.3425898463924726,0.04814686874502042,0.008440518239141851,0.3889684062401454,0.03349991429212099,0.005872793910851784,0.16492945530017217,0.01152238314855831,0.002019962827465196,0.19954820654789607,0.027721428941311632,0.0048597807644223025,0.35973298490047456,0.04024475054823278,0.00705521584032824,0.6243589517275493,0.042048643164082175,0.0073714521589591355,0.11100471615542967,0.0493140321731084,0.008645131009600673,0.25209348686536154,0.02254245882147527,0.003951867271896986,-0.16936292784909407,0.04176618781485426,0.007321935553018941,0.05760431854302684,0.05870345772147561,0.010291169883193143,0.4773490993976593,0.07299047100380487,0.012795793742140023,0.3000005248188973,0.03173055804105414,0.0055626120839138895,0.058634506322443485,0.013636899576655188,0.0023906539013299455,0.2229785913825035,0.03269554191812336,0.005731781216345226,0.30520402099688854,0.03290091462893741,0.005767784639966151,0.370219561735789,0.04250607329834458,0.007451643197172274,0.18880595582723617,0.06849062310527454,0.01200693562424139,0.283465822259585,0.03384126146309713,0.005932634708345007,-0.17340607898573704,0.07343244314384627,0.012873274874484643,0.17288977647821108,0.08927904422922209,0.01565130653003967,0.5749715268611908,0.07977377107445993,0.013984958675609508,0.9178941663901011,0.040107996817563545,0.0070312418543127175,4.9517199258804325,2.602413501589689,0.45622320201723565,0.12437947350740433,0.037518360107781194,0.006577258522656702,0.26233050870895386,0.0635420280582659,0.011139408662652152,0.5462133912245434,0.015823245593545036,0.0027739372573123114,0.0828255446155866,0.007209725611914541,0.001263920626881195,0.4326751201550166,0.02443208521884571,0.004283133385102295,0.6325379695892334,0.010966010723027286,0.0019224264408245614,0.6110315877596538,0.033499912846442007,0.0058727936574130835,0.16492945494254432,0.011522382664120886,0.002019962742539571,0.375641025185585,0.04204864362800502,0.007371452240288396,0.8004517918427786,0.027721433815062826,0.0048597816188285575,225776,0.38589545041713424,0.16894662066181965,0.19499999999999995,0.3550000000000001,0.6250000000000001,8367,0.3002399727479523,0.06937502057618082,0.21499999999999997,0.29500000000000004,0.3850000000000001
hmid_cos__hpre_raw_logit_gauss,hmid_cos,hpre_raw_logit_gauss,hall,3,125,153,55.604,3.0804519148982057,0.5400270308375319,8.396,3.080451914898199,0.5400270308375307,0.5170197484095891,0.06582922450475845,0.01154037187846081,0.2675779094298681,0.03542470667230898,0.006210224892658222,0.2843161488970121,0.04132222416868418,0.007244105294256745,0.4504354455073674,0.035200618965161086,0.0061709405855236085,0.15520856684446335,0.016093596599790285,0.0028213318783678995,0.26835991340875626,0.033688854976995676,0.0059059166733152445,0.4266616505384445,0.04151471915279079,0.00727785115284829,0.669800532579422,0.046693539903749394,0.008185738459854798,0.11806185579796631,0.04495844661584955,0.007881563195193462,0.25558841170867286,0.025832234982003422,0.004528590460951804,-0.16668960480143627,0.05177264355061113,0.009076144587756152,0.06481701368528107,0.05443702559122095,0.009543231353645472,0.4881116985479991,0.0694329492226687,0.012172132676269983,0.38626940111319225,0.03457027500014145,0.006060436416252341,0.07261890245974063,0.018312154336044946,0.0032102621977333394,0.2901686205267906,0.03472687152761795,0.0060878889979218065,0.3995493466456731,0.03915863176648055,0.00686481082280148,0.46769776992003126,0.047474581404401354,0.008322661071929366,0.20919951681792737,0.07433739124350124,0.013031919271092563,0.28672537541389465,0.04591436188956291,0.008049142531361327,-0.15110960275866092,0.08756916809936036,0.015351552028096823,0.1880359060962995,0.10177398304769998,0.01784176588374856,0.6041340393225353,0.09975335019124883,0.017487533325660363,0.8828917574882508,0.07142947873710775,0.012522139732198224,7.050329240640004,5.052685252323174,0.8857747791394551,0.1467050585746765,0.05552761980982993,0.009734420949845824,0.32658054133256276,0.08574614564604492,0.015031962101095277,0.5174109181165695,0.017355734155494847,0.0030425943474943484,0.08163006862004597,0.009856007442108506,0.0017278342859801978,0.4052699007193248,0.028970682672494773,0.005078784599525449,0.6046701509952546,0.01385410545922747,0.0024287317714238314,0.5495645397901535,0.03520062055688339,0.006170940864564832,0.1552085670232773,0.016093595498261733,0.0028213316852614295,0.3301994489034017,0.0466935446848282,0.008185739298014867,0.7316400804519654,0.03368885603439545,0.005905916858685597,233065,0.44785632165257344,0.159563545808471,0.255,0.42499999999999993,0.6749999999999999,8508,0.3862191282307311,0.08498281396464073,0.275,0.3850000000000001,0.495
hmid_cos__hpre_raw_logit_gauss,hmid_cos,hpre_raw_logit_gauss,hall,4,125,153,57.968,4.880468829938326,0.8555839091595789,6.032,4.88046882993837,0.8555839091595867,0.5318023321231206,0.12280155324352034,0.021528061470333586,0.2829046793580055,0.07802488680087531,0.01367836574456109,0.30888975715637207,0.09875115103875222,0.017311840067793516,0.43110309263070423,0.06172519239792355,0.010820903328279207,0.15208813307682675,0.015594004126171008,0.002733749456174397,0.26499079881111776,0.04702118110267503,0.008243176494508134,0.40143952957789103,0.07328135075296235,0.012846787210503731,0.6488082983493805,0.0727369604493682,0.012751351382453672,0.07721879501392444,0.05443575016825267,0.009543007762140832,0.23863922160863876,0.031106591921796153,0.00545322600030179,-0.17006335630019506,0.044382646087922105,0.0077806209120344595,0.018428332986232514,0.06280660794615776,0.011010483832616916,0.4227702949841817,0.0992365871890389,0.01739694077708642,0.38188488852977753,0.04466417624529113,0.00782997532469058,0.07752020183702311,0.020850998153759837,0.003655341142809521,0.28919991872708,0.05285642750846909,0.009266140292607375,0.3759622987906138,0.05312272315606297,0.009312823977945743,0.4827580941120784,0.04527259758930526,0.007936636289050086,0.09848118612201263,0.084738892563663,0.014855382850255509,0.236921019812425,0.04267863881537081,0.007481895266141089,-0.18630773038836196,0.08304190933127896,0.014557888572895326,0.0676107693426311,0.10486119204319594,0.0183829774830433,0.4323807309468587,0.1096927871034396,0.01922999344260873,0.8203994014263153,0.13217099083033773,0.023170596299770703,10.43759508895874,9.55576356144485,1.6751992129840039,0.20001389726003013,0.08894674187071872,0.015593051358084222,0.3552372230688731,0.10453497950954495,0.018325789904455384,0.5262250053882599,0.030182059889532892,0.005291148388934882,0.08047221659620603,0.009956481072737281,0.001745448090033918,0.4166030803918839,0.0440876139889992,0.007728899504661553,0.6058981134096783,0.0193479030069791,0.0033918369455011436,0.5688969097137451,0.0617252042298898,0.010820905402514345,0.15208813331524532,0.015594004174022843,0.002733749464563194,0.35119168657064437,0.07273695979696138,0.012751351268081714,0.7350091950893403,0.04702118193895955,0.008243176641115275,255687,0.4192078364546881,0.164234587574964,0.235,0.3850000000000001,0.665,8889,0.37830660503832475,0.09385755624869604,0.265,0.3750000000000001,0.505
hmid_cos__hpre_raw_logit_gauss,hmid_cos,hpre_raw_logit_gauss,hall,5,125,153,59.33866666666666,4.022212547563621,0.7051249490223012,4.661333333333334,4.022212547563563,0.7051249490222911,0.5050386308431626,0.10507148671216687,0.018419843763973088,0.2623902851740519,0.06496841097079628,0.011389464612354136,0.28024820437033976,0.08180164803746424,0.014340461181569333,0.45374283246199293,0.06431654887979027,0.01127518814927448,0.1500843073129654,0.0182252372930831,0.0031950249682824085,0.28148675060272216,0.06345655652323391,0.011124424841914284,0.42812950211763384,0.07234974745266375,0.012683469951193313,0.6682103378772736,0.07311557705456564,0.012817725799837597,0.06699076351399222,0.050241646425458496,0.008807748957972625,0.2318543526728948,0.028846553583486326,0.005057023810774421,-0.17706108061472575,0.040848057025467725,0.007160980129006321,0.011542476969926307,0.056303467461789276,0.009870433040099056,0.3998141959110896,0.09319157473199591,0.016337203368829975,0.38608714544773104,0.0478908612472786,0.008395638145994144,0.07291107686857382,0.020364835551186358,0.003570113080815676,0.2940808639923731,0.060556563406935146,0.010616033633315966,0.38798819422721864,0.050054047471800485,0.008774861411362274,0.47603708386421206,0.05037540772988806,0.008831198348538568,0.05156847692055938,0.07402266980472265,0.012976746170255463,0.21001679802934328,0.04302903082156386,0.007543321693159312,-0.1937008036635816,0.06434343605123814,0.011279901678251963,0.019555879971633352,0.08929441110309852,0.01565400046180748,0.3449197268784046,0.1146758454408687,0.02010356208539047,0.8854171770413717,0.08321705018169291,0.014588592117712884,5.98292163848877,4.570610310595569,0.8012633156872045,0.15210651242733,0.05972983563221011,0.010471101864267257,0.32422116444508237,0.08821021012018339,0.015463931649240363,0.5153214050531387,0.03158989886981946,0.005537953443980391,0.07993010586500168,0.010198038369854123,0.0017877949513201647,0.40463708925247194,0.04511445222490566,0.007908912184296365,0.598776926279068,0.02622661250691334,0.004597727889384345,0.5462571694850922,0.06431655243721536,0.011275188772918597,0.15008430711428325,0.018225236811839185,0.0031950248839166303,0.33178965012232464,0.0731155747150374,0.012817725389700215,0.7185132389068604,0.06345656051267362,0.011124425541293902,267294,0.44626895424132407,0.16473343467447732,0.255,0.42499999999999993,0.6849999999999999,9098,0.38305267938600057,0.09154923108908954,0.275,0.3850000000000001,0.495
hmid_cos__hpre_raw_logit_gauss,hmid_cos,hpre_raw_logit_gauss,hall,6,125,153,58.7,3.134964114627075,0.5495834407985608,5.3,3.1349641146271514,0.5495834407985742,0.5301622598568599,0.09686374813681822,0.01698096375052458,0.2393809311389923,0.0474873148148941,0.008324893337210825,0.22219725398222603,0.05001024566512939,0.00876718261608957,0.5823378115495045,0.039111983196713405,0.006856632967954167,0.12402866335709889,0.013594737448855579,0.0023832625544372064,0.426532629986604,0.047525102488291955,0.008331517808434871,0.57493900847435,0.04468071371869748,0.007832874471604055,0.7495711143811544,0.033618261522903654,0.005893541095165329,0.10576975921541452,0.04132410310034668,0.007244434685500263,0.2606691575050354,0.030080905578906657,0.005273415256416334,-0.19686107888817786,0.05089529488843019,0.008922338585865514,0.05703685396459574,0.04860813954487608,0.008521382575719667,0.48916515362262725,0.07114027332256649,0.012471439787634401,0.46050297689437864,0.04905298158538531,0.008599366823799009,0.05857321764032046,0.01419989266957287,0.002489350942137486,0.38358721955617264,0.04824201515130327,0.00845719813959129,0.4697271607716878,0.05150920881581248,0.00902996244254403,0.5251394714911778,0.05635570238556245,0.009879590225982992,0.16455739994843802,0.05614235072554493,0.009842188030893923,0.25699478999773656,0.05094482618595853,0.008931021805171226,-0.14802210715909797,0.06110078873319474,0.010711440539564092,0.12944079557061194,0.08367227947453448,0.014668397331413688,0.5317865513364475,0.10321253321573541,0.018093954847386604,0.9284087060292562,0.08247445135501695,0.014458408803526494,4.06923934173584,4.448728602636704,0.7798965102051563,0.10252071050802868,0.0570808038838138,0.010006706123252065,0.26707438349723817,0.07886754244569837,0.013826089792351432,0.4507735954920451,0.020745359492719766,0.0036368218690019287,0.0716710727562507,0.006682563591788069,0.0011715050500879368,0.35312734989325206,0.022387949755341117,0.003924780638335733,0.5350059042771657,0.021633488227273692,0.0037925177009034304,0.41766218543052674,0.039111982499181464,0.006856632845671425,0.12402866371472676,0.013594737502952498,0.0023832625639208147,0.250428875486056,0.033618254904542004,0.005893539934915375,0.573467361330986,0.04752510347887389,0.008331517982091542,260248,0.5794750639406631,0.13127969676292486,0.4149999999999999,0.5750000000000001,0.755,8988,0.4600863028060716,0.08041897744620585,0.3550000000000001,0.46499999999999997,0.555
hmid_cos__hpre_raw_logit_gauss,hmid_cos,hpre_raw_logit_gauss,hall,7,125,153,59.712,3.427106067807028,0.6007981832835319,4.288,3.427106067807064,0.6007981832835381,0.4873404222726822,0.0962110262395774,0.016866536556766145,0.2291895823677381,0.06245772804895614,0.010949322489992641,0.22430761138598124,0.08078625331680492,0.01416245463860926,0.5515251987377803,0.07995824132226012,0.014017297735899853,0.14339335492253302,0.02846253936014274,0.004989703149208934,0.3741937726239363,0.1061313062878011,0.01860563832738933,0.5384476772944133,0.09138574514520015,0.01602062748422049,0.75283065533638,0.048095207507883646,0.008431461624959549,0.07073977414766947,0.04751891133355758,0.008330432451155802,0.23326002925634384,0.027009261317096318,0.004734932275243297,-0.17428937016924223,0.040157172133965933,0.007039862667375517,0.015788966185723743,0.05146996810169264,0.009023083242050233,0.4030756455262502,0.08573557551411407,0.01503010907526664,0.48671089295546216,0.052257943130679274,0.009161221355234134,0.08181288729856412,0.031100055973238692,0.005452080198000471,0.38141375344991685,0.07993875812919206,0.014013882181560928,0.4931449712514877,0.053794573284384806,0.009430604498463117,0.5817246025005978,0.05167028416659644,0.009058200196558073,0.05476139944372699,0.0702539925136219,0.012316067911375638,0.19980029861132304,0.04196719536853896,0.007357173730854888,-0.18563768090556065,0.07207004219594271,0.012634435457726237,0.03174303443481525,0.09166320613748369,0.016069268540784772,0.3310377877851327,0.09476218369276757,0.016612543259574664,0.8944080217679342,0.08552794326928365,0.014993709537867722,4.696611761887869,4.723389595599829,0.8280467052461544,0.13383144263426464,0.05843963292219003,0.010244919356661483,0.35637372438112896,0.11899278103555795,0.020860354262616822,0.4643026957511902,0.04115864058690356,0.007215427827961778,0.0819628494779269,0.01205822941927102,0.0021139008205105806,0.34977644387880963,0.03443289814761066,0.0060363531921581075,0.5573379094600678,0.04691861151060558,0.008225195252213264,0.44847481016318,0.07995824281236412,0.014017297997126602,0.14339335465431213,0.028462539208236024,0.004989703122578513,0.24716933236519495,0.04809520772675745,0.008431461663329818,0.6258062185049057,0.10613130791516867,0.018605638612679443,271005,0.5442354585950184,0.16963538496181388,0.31500000000000006,0.545,0.765,9168,0.4846911008029292,0.10463002050723844,0.3550000000000001,0.495,0.6050000000000001
hmid_cos__hpre_raw_logit_gauss,hmid_cos,hpre_raw_logit_gauss,hall,8,125,153,59.308,3.2315841316604876,0.5665216766027544,4.692,3.231584131660507,0.5665216766027579,0.4308406405846278,0.06878319556805493,0.012058225838386913,0.18983610660831132,0.04017274559671589,0.007042592815769666,0.1735628364086151,0.05121588585890014,0.008978540660976279,0.6017059695720672,0.07111614849255653,0.012467210518462325,0.1241649131476879,0.02536350568820278,0.004446418592735482,0.4428340330521266,0.10139537293692245,0.017775392604886645,0.5989653480450313,0.07397034071032235,0.012967572475532705,0.764745566447576,0.0483342106844637,0.008473360729173785,0.07015442393223444,0.04128700843014389,0.007237931703092835,0.2312819263736407,0.02326784666975669,0.0040790333685396555,-0.18034890170892082,0.03622879620082114,0.006351188002164939,0.020524149296960482,0.043108629301186724,0.007557275921888552,0.39809210936228434,0.07586765236877235,0.013300185874407996,0.5087761424382528,0.05375110624901742,0.009422984391187548,0.06343528003742298,0.02539999202161914,0.004452814929002148,0.42394614657759666,0.07911465126547153,0.013869409878469472,0.5205534429152806,0.05065485604732766,0.00888018779856361,0.5760640429655711,0.05074307138649975,0.008895652629375294,0.033712862946869177,0.06376825102502626,0.011179067297301181,0.19854437721769014,0.05055608193399903,0.008862871933028914,-0.1937640000383059,0.05981450325561566,0.010485944753083225,-0.0008743911162018776,0.07998963982015665,0.014022802135273793,0.3138321086615324,0.11947179399304432,0.02094432893656417,0.9314803229173025,0.07050050271259439,0.012359283054640319,3.930419083118439,4.104728940293483,0.7195907104730211,0.09968651795387268,0.044268023539670236,0.007760526693358258,0.2975445522069931,0.10497817998821948,0.018403486374056758,0.43829878787199655,0.03762849209084034,0.006596565510545084,0.07372124747931957,0.009997954095790327,0.0017527186315381936,0.3411069815158844,0.03452207790134078,0.006051987092296194,0.5256715426842372,0.04597324478790848,0.008059465158572898,0.39829404036204025,0.07111615121740454,0.012467210996149244,0.12416491275032361,0.025363506090287667,0.00444641866322407,0.23525442165136337,0.04833421216635395,0.0084733609889606,0.5571659613450367,0.10139537145690845,0.017775392345428753,267144,0.5945374534496581,0.1498467369211503,0.39500000000000013,0.6050000000000001,0.775,9104,0.5060539302172267,0.09095742177049412,0.39500000000000013,0.525,0.5950000000000001
hmid_cos__hpre_raw_logit_gauss,hmid_cos,hpre_raw_logit_gauss,hall,9,125,153,60.74,3.233326460473807,0.5668271203109484,3.26,3.2333264604737955,0.5668271203109463,0.5210919152498246,0.08670444522215635,0.015199959423902839,0.23813343065977097,0.05338254818165017,0.00935837331323208,0.2252853675285975,0.06782728326485976,0.011890647022973847,0.5741284586191178,0.06799980489935668,0.011920891398996087,0.1284737231830756,0.025138409744027423,0.004406957533856851,0.4138962352077166,0.09095750262087735,0.015945553259633524,0.5640130588213603,0.0756606421785418,0.013263895387988568,0.750049292008082,0.04724134265532133,0.008281772516411658,0.06882922239601612,0.03594239287271154,0.006300979285011135,0.2307947622934977,0.027446525950333252,0.004811588145258721,-0.17380843026439347,0.029148527231874718,0.00510996212542289,0.014581739748983333,0.03725479536323846,0.006531053585731541,0.40058477405707044,0.08405222845449213,0.014735005324391582,0.4715843593676885,0.05233588027072002,0.009174884338293412,0.06797229966024557,0.028619526946550893,0.005017224286531783,0.3809123578667641,0.07188435205848417,0.012601882541349727,0.47845831298828123,0.052413811363281354,0.009188546261182805,0.5491763056516648,0.0600332948729523,0.010524300614738137,0.05174573689543953,0.05770932095746753,0.010116890024346051,0.1675768715341886,0.03678361369337773,0.006448451797036401,-0.14413127812122303,0.04851435010494798,0.008504940561960798,0.025547399694720904,0.06969627831467849,0.012218296301484662,0.2840488195419312,0.09736701338765472,0.01706919003895276,0.9141031239032745,0.0755333239932589,0.013241575526010713,4.5752644322713225,3.1202853201699834,0.5470101346714306,0.12158692455291747,0.06025287974372496,0.010562795539851786,0.303606893658638,0.10610008814468107,0.01860016554560175,0.45369823296864825,0.03539704289922431,0.006205375219411116,0.07505254970987639,0.011250262879732428,0.001972258041003821,0.35189153178532917,0.033138174577692595,0.00580937814286852,0.5396648415327072,0.04115735324168587,0.007215202146394666,0.42587155882517497,0.06799981325551435,0.011920892863895116,0.1284737229347229,0.025138410075012347,0.004406957591881066,0.24995069348812105,0.04724133581829705,0.008281771317828455,0.586103762626648,0.09095750096910975,0.015945552970065897,280094,0.5695245857159505,0.1503139546193016,0.3650000000000001,0.5750000000000001,0.765,9321,0.4694273311965725,0.09278803014977108,0.3450000000000001,0.475,0.5750000000000001
hmid_cos__hpre_raw_logit_gauss,hmid_cos,hpre_raw_logit_gauss,hall,10,125,153,61.102666666666664,2.896034376714371,0.50769721095035,2.8973333333333335,2.896034376714322,0.5076972109503415,0.5589125001827877,0.09440585744546282,0.016550076514221225,0.2725260591506958,0.056112186861657226,0.009836900072404753,0.27430723452568057,0.0691439606072298,0.012121470738264544,0.514691880941391,0.061115018811925687,0.01071393518235611,0.14160645923018456,0.023637002318971603,0.004143749207211988,0.3490346498290698,0.07821599764350223,0.013711868952452614,0.49484173409144083,0.06640328186046122,0.011641008570055088,0.7163138105869293,0.06071701047713471,0.010644161244887306,0.059338931966573,0.03274219022415019,0.005739959024956826,0.2278068510890007,0.03191873082836357,0.005595600227998746,-0.16613726020852723,0.034924131923626166,0.006122470270053649,-0.0016971598636979857,0.03488766650964512,0.00611607760112569,0.3900493508776029,0.09240971460898662,0.016200137245928677,0.4358217747608821,0.048760639661224556,0.008548117024855442,0.07927549618482589,0.02647392853719398,0.004641084301105965,0.33325464606285093,0.06475295577707785,0.011351693651548167,0.43943858722845713,0.0513147416750745,0.008995870849651347,0.5317317155599595,0.058596840493703325,0.010272479059073624,0.02842177242785692,0.05076898674494705,0.00890019579202221,0.13605931130051613,0.03784579921660545,0.0066346611293532235,-0.1288647371729215,0.03906670511080493,0.006848695369520344,0.008964876209385693,0.054822695728295026,0.009610842309687194,0.21382542891800405,0.0996588500514445,0.01747096672071988,0.8893961573441824,0.0673971174305285,0.011815235627276295,5.063956148147583,2.750413988060883,0.48216883125592164,0.14417683903376263,0.060847427452224226,0.01066702434867016,0.33289024476210277,0.0875515551849204,0.015348464348057604,0.4848523163398107,0.03122144487748247,0.00547336061118217,0.07974022929370403,0.01228702324552263,0.002154010146699721,0.37427424184481306,0.04066504222019603,0.00712889621904097,0.5693976280689239,0.03418605333127238,0.005993079387882801,0.48530813070138296,0.061115031233192625,0.010713937359900214,0.14160645893216134,0.023637002361533863,0.004143749214673482,0.2836861780683199,0.060717011418082015,0.010644161409842642,0.6509653433958689,0.07821599667196896,0.013711868782135322,283287,0.5093923441735987,0.15690639537419954,0.31500000000000006,0.495,0.725,9377,0.43385270293541806,0.09771432593384641,0.30500000000000005,0.43499999999999994,0.545
hmid_cos__hpre_raw_logit_gauss,hmid_cos,hpre_raw_logit_gauss,hall,11,125,153,60.792,2.7402072914288387,0.4803795184443161,3.208,2.74020729142888,0.4803795184443233,0.5220096471707026,0.08677721896125772,0.015212717222867265,0.24804419855276744,0.05440354009606876,0.009537361087521302,0.24362272743384042,0.07022448164662275,0.012310894428288331,0.5404107716083527,0.06868026492497863,0.012040181301059822,0.1348717817564805,0.02227063613491752,0.003904214653907358,0.3765747589270274,0.0859693490298348,0.01507109137950991,0.52739826019605,0.07615191687844516,0.01335001964015797,0.7265972832838694,0.053642081177281746,0.009403871453409972,0.06525748833765588,0.03395700494382031,0.005952925435147605,0.22318737643957137,0.027338456941903292,0.004792642812768468,-0.1640251171886921,0.025892839998126332,0.004539214988720742,0.010263134660199284,0.03593487848650459,0.006299661955027091,0.3862116283774376,0.08442352713727189,0.01480009685341227,0.48015560233592985,0.048209146161762285,0.008451435951666005,0.07913166283071041,0.02646676548683958,0.004639828563012499,0.38105265416701634,0.07039791908574605,0.012341299351940227,0.4838790812889735,0.05076760379534798,0.008899953350268074,0.5744423668781917,0.051022604886895646,0.008944657012630992,0.04006749512534589,0.044598243125851394,0.007818416739226966,0.11917193378011386,0.030539340932056704,0.005353782517270252,-0.10292112691576283,0.03942100523074192,0.006910806919085394,0.03045723703627785,0.048809057725855684,0.00855660508582961,0.1943203841149807,0.08114888809626056,0.014226027318410148,0.883078886349996,0.06284058141335022,0.011016439644011495,5.90053210512797,3.3113952734787033,0.5805131866585991,0.15411577785015107,0.05491463696247398,0.009626960318692647,0.35696378540992735,0.10160998902871166,0.017813016464638638,0.4716649811267853,0.03503256970735671,0.006141480251704521,0.07636576444407304,0.010048832738923267,0.001761638050942613,0.36783869250615436,0.035705352008810386,0.006259424189377081,0.5568587439457576,0.03788633690328782,0.006641767699162099,0.4595892439285914,0.06868026995045216,0.012040182182064174,0.1348717811703682,0.022270636732316704,0.003904214758636052,0.2734027055501938,0.053642076427099075,0.009403870620666234,0.6234252304236095,0.08596934503019175,0.01507109067834157,279859,0.533346868257277,0.15786468212712418,0.32500000000000007,0.535,0.745,9321,0.4775272828163398,0.09999022322897108,0.3450000000000001,0.485,0.5950000000000001
hmid_cos__hpre_raw_logit_gauss,hmid_cos,hpre_raw_logit_gauss,hall,12,125,153,62.216,2.3154576221559133,0.4059176183453945,1.784,2.3154576221559315,0.4059176183453978,0.6578997376362482,0.11663620175431313,0.020447227699585912,0.31764902015527086,0.06952885615876639,0.012188945903474432,0.31718698898951214,0.08451391893887254,0.01481594323491051,0.5253135958909988,0.059686621333348,0.010463526063654572,0.1428767800827821,0.0220131815982335,0.003859080883648289,0.3618485798041026,0.0714519934217644,0.012526086730444348,0.4981617917219798,0.06657080258814337,0.011670376248458507,0.7357432435353597,0.05785978043177062,0.010143266733158256,0.0695297410065929,0.029949530590692316,0.0052503842055278,0.23740030153592429,0.03370891521954923,0.005909433388889243,-0.1693068515161673,0.03366843475864991,0.005902336851202461,0.0034000702649354935,0.0333127533268251,0.0058399831469867144,0.4222777826786041,0.09488295848961892,0.016633716014983767,0.4763990244070689,0.04486644451617725,0.007865434515996568,0.09369221935669582,0.0258859946788434,0.004538014951339988,0.3615722843408585,0.05954695794839571,0.010439041992753242,0.46851422886053723,0.04907380763650889,0.008603017791534601,0.5945583980878193,0.05375787475320329,0.00942417096228805,0.055941316950911035,0.045719181684461686,0.008014925932774182,0.13798210486769677,0.03372513696770282,0.005912277186725531,-0.10905938501904408,0.04216642158405472,0.007392099626341079,0.040228135031337535,0.05387030945177632,0.00944388163400471,0.24297143525878587,0.0849078478825424,0.014885002023584386,0.8490946474075317,0.058106847638291007,0.010186579524151437,6.470001909573873,2.782984228897627,0.4878786462241944,0.19036682959397636,0.05428670238964957,0.009516878534496447,0.38158256026109055,0.08786024354736834,0.015402579803981664,0.47906270090738934,0.031054973768671664,0.005444176939079857,0.08152667989830177,0.011695205941309354,0.002050259998857167,0.36129458077748616,0.0392243090004228,0.006876324549559533,0.5638616168101628,0.031968029043030075,0.005604242586077179,0.47468642763296764,0.05968662316470932,0.010463526384706365,0.14287678035100299,0.022013181889332243,0.003859080934680149,0.2642567440072695,0.05785977695618913,0.010143266123861957,0.6381514134407044,0.07145199293920397,0.012526086645847773,292592,0.5202715624387212,0.1583278931712597,0.32500000000000007,0.505,0.745,9532,0.4741896272355951,0.10898644737491074,0.3350000000000001,0.475,0.6150000000000001
hmid_cos__hpre_raw_logit_gauss,hmid_cos,hpre_raw_logit_gauss,hall,13,125,153,61.650666666666666,3.0841835944775964,0.5406812231115775,2.349333333333333,3.0841835944775475,0.540681223111569,0.6273123021920523,0.10243178537390006,0.017957083715972405,0.30931479696432745,0.0639705754493829,0.011214536332744584,0.31459767564137775,0.08104937696420589,0.01420858224779604,0.5049900816679,0.06477619638185154,0.011355767909201765,0.14220392337441445,0.019853267982400016,0.003480431331878656,0.3426997611920039,0.0752365646112816,0.013189551312567447,0.48081588649749757,0.07029717069757417,0.01232363738076548,0.7104143109321595,0.06407436416138977,0.011232731296187595,0.0685055171524485,0.03220576184283291,0.005645918983423073,0.22929412847757338,0.030495776085576933,0.005346145262950657,-0.16152473410964013,0.032289135077068126,0.005660534955812583,0.00648956013036271,0.0370648646050616,0.006497757255765501,0.40497082875172297,0.0880200295889318,0.015430591532123719,0.4593055491844813,0.053224627250594916,0.009330688553378368,0.09436015934248765,0.023952743345387332,0.004199101049642716,0.3418428941567739,0.0647889570531778,0.011358004953518049,0.4548434495131175,0.05817585913985922,0.010198677773796329,0.5809340570767719,0.05948689343289722,0.01042851221892153,0.05293693935126066,0.047738553594390484,0.008368937437190605,0.1293826946914196,0.031931436366995726,0.005597827607127611,-0.0995412801168859,0.04237311132987285,0.007428333936378157,0.03623976874134193,0.05100084622034555,0.008940842550202539,0.22844475934902825,0.08648507836348518,0.015161502717995691,0.8384106044769287,0.06036987210261985,0.010583305204651007,6.9961006787618,3.003404425650968,0.5265200104388553,0.19400418106714884,0.051986999629245106,0.009113722865192277,0.39324945183595017,0.08428173423762948,0.014775239462125816,0.48983574175834654,0.03307966775842838,0.005799121445226789,0.07952468279004098,0.010291166505825556,0.0018041210333839223,0.37818876481056213,0.041414305602179256,0.0072602478812859765,0.5722931350866954,0.033026724175566,0.00578984002592698,0.4950099370876948,0.06477620139333552,0.01135576878775364,0.14220392367243767,0.01985326855388053,0.003480431432063607,0.28958567567666377,0.0640743607564446,0.011232730699274388,0.6573002353509267,0.07523656663355684,0.013189551667087926,288153,0.4980869370723978,0.1583898606815573,0.30500000000000005,0.485,0.725,9455,0.4557089182764434,0.11225342396753944,0.31500000000000006,0.45499999999999996,0.6050000000000001
hmid_cos__hpre_raw_logit_gauss,hmid_cos,hpre_raw_logit_gauss,hall,14,125,153,62.244,2.139734562977313,0.3751120078312492,1.756,2.13973456297738,0.375112007831261,0.6771211520036062,0.11065511370456141,0.019398696734027242,0.33891932378212614,0.06579891164419109,0.011535057799702037,0.3496482016245524,0.08025887818090964,0.014070001700974466,0.48859102435906726,0.05217771208980718,0.009147156233628561,0.14917460755507153,0.01855944138769328,0.0032536135292767273,0.3211823754906654,0.05928995214955656,0.01039398688970687,0.45845648654301957,0.05713788389016693,0.010016712689562024,0.7085684750080109,0.057628369568365645,0.01010269862012791,0.05906101361786326,0.02698900711341076,0.004731381556783648,0.23424955703814826,0.031984019337460506,0.0056070458082867905,-0.17481007675329843,0.02834010645601959,0.004968239714778852,-0.006436569988572349,0.028388746749760586,0.004976766734233685,0.4057996021906535,0.09084185404412017,0.015925279170229723,0.45331330843766526,0.04225594994555712,0.00740779464011619,0.10648401572803656,0.025165082545965604,0.004411633482202329,0.32389790556828185,0.0550327338425781,0.009647663614597174,0.441439305583636,0.04694076497529778,0.008229078925807595,0.5903950589895248,0.054677967346279804,0.00958547030565116,0.04392966227947424,0.03504252774904774,0.006143225973383005,0.13701870134472846,0.03628510235896189,0.006361058906901857,-0.11581412727137406,0.03639663638299492,0.006380611683409946,0.025037437060847878,0.041052378758840866,0.00719679930815839,0.23120413667460282,0.08336763158340721,0.014614990201342704,0.8188357414404551,0.06225440876920521,0.010913679048708946,7.179303934733073,3.5802573993840756,0.6276467954824014,0.215616140405337,0.05859198623650129,0.010271628070265437,0.4204771605332692,0.08044402788380184,0.014102459874994245,0.49805176587899525,0.026431351040085194,0.004633620136762756,0.08247659269968668,0.010439618089791651,0.0018301457435001935,0.37983174268404646,0.03738876281798447,0.006554539116041382,0.5820031589667003,0.025658962968515695,0.004498214537692469,0.5114090081850687,0.05217771441819802,0.009147156641813474,0.1491746069590251,0.01855944127626161,0.0032536135097418948,0.2914315111041069,0.057628368265769316,0.010102698391772705,0.678817619562149,0.059289948044452916,0.010393986170050471,293406,0.4839031388266973,0.15980643980448522,0.29500000000000004,0.45499999999999996,0.715,9547,0.4508863067307297,0.11853520606703959,0.29500000000000004,0.44499999999999995,0.6050000000000001
hmid_cos__hpre_raw_logit_gauss,hmid_cos,hpre_raw_logit_gauss,hall,15,125,153,61.522666666666666,3.19807886776491,0.5606479448650673,2.4773333333333336,3.198078867764903,0.560647944865066,0.6164963648319245,0.09180639728780163,0.016094371056222335,0.28826271601518,0.053114120266477854,0.009311315824905988,0.27782296848297117,0.06338295690450206,0.01111152225986705,0.5535360069672267,0.05343016515504373,0.00936672093672032,0.13080652728676795,0.018399217308198542,0.003225525009699535,0.40020040051142375,0.06470485991330635,0.011343262074875123,0.53394420003891,0.060865288208078634,0.010670155477225007,0.740222793340683,0.04555449517040467,0.007986055113926119,0.07770384426166616,0.033575601691998795,0.005886062497071274,0.23609244322776796,0.025413485882890954,0.004455180507183034,-0.1690700018107891,0.03269502115621303,0.00573168992275715,0.01736388289074724,0.041121000242594005,0.007208829184665682,0.4260842173099518,0.06976603023648019,0.012230524352519513,0.4901102027893066,0.05040382382350125,0.008836179909389336,0.08907571749389172,0.024986809422384994,0.004380380825687952,0.3799158382813136,0.06284612738883615,0.011017411896381439,0.4859666706323624,0.05469554779928039,0.00958855229494915,0.6050957218408585,0.05558352909950391,0.009744222280472947,0.06077698872890323,0.042013945001255375,0.0073653693028183686,0.140169352432092,0.03519303441596671,0.006169610955425548,-0.10144241703550021,0.0433837239920061,0.007605502147515991,0.043249212050810455,0.047090643963139125,0.008255353870856224,0.252697560702761,0.08364889152970002,0.014664297243908584,0.8496850520769754,0.06040745460417542,0.01058989370766524,6.425400071144104,2.7919386183760384,0.48944841991214016,0.18322329954306282,0.050373535998583935,0.008830870219573527,0.3687375900745392,0.08182520225284547,0.01434459041758646,0.46532748035589855,0.028527205502328932,0.0050010396237669804,0.07587295344968638,0.009281778332682166,0.001627167484630619,0.358992938319842,0.03125582727776706,0.005479388111708621,0.5467762465874355,0.02983360374661278,0.005230061333711536,0.44646401250362394,0.05343017435264266,0.009366722549130506,0.1308065270980199,0.018399217777650516,0.0032255250919980944,0.2597771978378296,0.04555450083606278,0.007986056107159778,0.5997995987733205,0.06470486007259209,0.011343262102799144,286903,0.5497649918748398,0.1431210312716322,0.3750000000000001,0.535,0.745,9435,0.48796240033835536,0.10681162091987485,0.3450000000000001,0.495,0.6250000000000001
hmid_cos__hpre_raw_logit_gauss,hmid_cos,hpre_raw_logit_gauss,hall,16,125,153,62.462666666666664,2.2221975109738854,0.3895684000071259,1.5373333333333332,2.2221975109737158,0.38956840000709614,0.6438922255039216,0.10192425666940362,0.01786811001116355,0.31143437200784685,0.0624605819912759,0.01094982280814066,0.30988519006967546,0.07607326072052614,0.013336230607707026,0.5252048459053039,0.0534380726622303,0.009368107183850696,0.13376486467321713,0.01579404421345355,0.002768818029672076,0.3746573600769043,0.06076946366332113,0.010653356693859332,0.4985833261013031,0.05985929080896448,0.0104937963573678,0.7206198566754659,0.04838851336666971,0.008482880409093604,0.06921992121140161,0.029558285481833316,0.005181795913840794,0.2350980260570844,0.026472752066180057,0.004640878056643766,-0.17570487491289774,0.03590932622100948,0.006295182445381198,0.008377037859347184,0.033742086220261314,0.005915248521707198,0.4146594483057658,0.06896124482772391,0.01208943924982724,0.4907987209558487,0.045664521486402335,0.008005343577561875,0.09854581759373347,0.02497956090024512,0.004379110103729844,0.3734967693090439,0.05655042966770238,0.009913727423674183,0.47947984516620634,0.052904104364034366,0.00927449841390317,0.6223748118480046,0.05242111759342518,0.009189827099800056,0.06460740954604807,0.04559533834986708,0.00799321523898062,0.15244249548514682,0.03791798809166105,0.00664731639712976,-0.11395420312633117,0.05376069255648083,0.009424664944982635,0.04443266059334079,0.05079590440817372,0.0089049146664442,0.27371038560072575,0.07852881331689633,0.01376670795788732,0.8181321618556976,0.06763488788165213,0.011856918625189752,7.519514284133911,3.271396989287044,0.5735011782756242,0.21403622790177665,0.05825192962933399,0.010212013518583233,0.3929812589089076,0.07975164008752088,0.013981078942539046,0.4803310027917226,0.027898826670673706,0.004890879957563867,0.07605686940252782,0.008012241738655081,0.001404607906895839,0.372348379611969,0.031915542474448784,0.005595041284913307,0.5584368015527725,0.027544342755256315,0.0048287361872304665,0.4747951882680257,0.05343808256114318,0.009368108919206638,0.13376486416657765,0.015794045124038453,0.0027688181893046476,0.2793801341851553,0.04838851148463742,0.008482880079158798,0.6253426344394684,0.060769464816487546,0.010653356896018318,294529,0.5199420277567373,0.14600050400004377,0.3450000000000001,0.495,0.725,9563,0.4883774473466946,0.11356580178373575,0.3450000000000001,0.485,0.6450000000000001
hmid_cos__hpre_raw_logit_gauss,hmid_cos,hpre_raw_logit_gauss,hall,17,125,153,62.91733333333334,1.794636948738328,0.3146137286452378,1.0826666666666664,1.794636948738596,0.3146137286452848,0.7125272115866342,0.09235229863601692,0.016190071782074003,0.3373565770387649,0.0561190933246207,0.009838110828745313,0.3299637147188187,0.06780430969829612,0.01188661957918253,0.541362217227618,0.04517201000866775,0.007919002508679066,0.14147632757822676,0.01593673551884357,0.0027938329184302568,0.38067100310325624,0.050626414223884954,0.008875201727074851,0.5111690311431885,0.05528764998721263,0.00969235238510963,0.7511156108379364,0.03858206311023687,0.006763733880811445,0.0671949927608172,0.03293150067557428,0.005773146610354484,0.24611948533852895,0.02514016500467171,0.0044072652446149685,-0.1946057123442491,0.0354706681622175,0.006218282297095579,0.0048542218179597205,0.039467914421713116,0.006919030462844233,0.43135626697540286,0.06621454709406382,0.011607921906692329,0.49375240139166515,0.04069441207502591,0.007134044981605062,0.1142137188365062,0.02302535544166915,0.004036522781935486,0.35427625141541164,0.048466814685697863,0.008496607235544273,0.4841020803848903,0.04953000835824511,0.008682993304229236,0.6398049784501394,0.047079930018126465,0.008253475633482752,0.0756615525484085,0.03724141666781026,0.006528708197013206,0.16539114917318026,0.03552222259522017,0.006227320187687637,-0.12227592892065878,0.045126626563752346,0.007911046439996962,0.06499716948283216,0.048890492489325185,0.008570881229310604,0.30052912209431326,0.07302456165966113,0.012801770097613168,0.8199191306432089,0.04740634172763062,0.008310698129137243,6.56343923219045,2.683170311671626,0.47038049502919294,0.2148575089375178,0.05081077469640615,0.008907521542910286,0.4128959783713023,0.06404785759948436,0.011228084491004806,0.4711151386499405,0.024009379860125423,0.004209029868444619,0.0816262729416291,0.008519614064679902,0.001493554197349904,0.3517085010210673,0.027029379525124474,0.004738459152613034,0.5559297358194988,0.02308740256657221,0.004047400122520272,0.4586378254095714,0.04517202272257239,0.00791900473752482,0.14147632746895153,0.015936734986439195,0.0027938328250956546,0.24888438548644384,0.0385820640359349,0.006763734043093464,0.619329001069069,0.05062641230904054,0.008875201391387824,298932,0.5378883797428873,0.15028885704271336,0.3650000000000001,0.515,0.755,9637,0.4916274583449784,0.12506163870355644,0.32500000000000007,0.495,0.6550000000000001
hmid_cos__hpre_raw_logit_gauss,hmid_cos,hpre_raw_logit_gauss,hall,18,125,153,62.448,2.72089985115218,0.47699477492819414,1.552,2.720899851152188,0.4769947749281956,0.7227158665657043,0.11348703168959963,0.019895153845933218,0.3576627068519592,0.06520751888136378,0.011431382077245906,0.364295169711113,0.0764056314489815,0.013394497765443523,0.5008155060609182,0.0429978801366882,0.007537860737323383,0.14545445546507835,0.015550399197144928,0.002726105175074618,0.3415248732169469,0.045867289550014574,0.008040890386395869,0.46414508684476213,0.053339072635362444,0.009350751713926391,0.7168178109327952,0.04148352715693683,0.0072723829548785555,0.06427301761011282,0.03469017520628783,0.006081455849150771,0.24057867646217346,0.024565790548714224,0.004306572962895034,-0.19245896474520363,0.038487051151210615,0.006747077550005288,0.005872182753868401,0.04375242023948446,0.00767013744951299,0.41505786796410876,0.06161177710520229,0.010801020750828927,0.4652983521223068,0.040027292882265156,0.007017093830659009,0.12393505941828091,0.024732077055613585,0.0043357242728554015,0.31845571400721867,0.04962027982258207,0.008698818589675009,0.4509016362428665,0.04958883298707692,0.008693305716344654,0.6266220769087473,0.04654903413078613,0.008160405480906215,0.06613471581231957,0.03836532713471621,0.006725738389055826,0.16641168373823165,0.03737588426706666,0.006552281406521554,-0.1320151825733483,0.05255443452420013,0.009213198588229587,0.05351873098065456,0.048508596155702945,0.00850393185018336,0.2940099194049835,0.06874687103684615,0.012051857867297875,0.7962273169358571,0.04702249452013592,0.008243406746741004,7.332411179860433,3.0566067219497035,0.5358467842037671,0.23992700493335725,0.04972623772823472,0.008717393829530767,0.4337111026446025,0.06318095369314522,0.011076109535545305,0.4924064031839371,0.02229923163515115,0.003909227666125402,0.08083891464273135,0.008490366865446174,0.0014884269372598773,0.3752781447966893,0.02718153584761814,0.004765133332028727,0.5734087174733479,0.020562976422807435,0.003604848707128034,0.49918452405929564,0.042997890601073535,0.007537862571811017,0.14545445492863654,0.015550399091198992,0.0027261051565014766,0.2831821838418642,0.04148352762885524,0.0072723830376095,0.6584751254717509,0.04586729301616802,0.00804089099403936,295162,0.49683132723876794,0.15233498755978359,0.32500000000000007,0.46499999999999997,0.725,9572,0.4631869552825915,0.13329003043135002,0.29500000000000004,0.45499999999999996,0.6450000000000001
hmid_cos__hpre_raw_logit_gauss,hmid_cos,hpre_raw_logit_gauss,hall,19,125,153,60.72533333333334,3.45718292512516,0.6060708888485435,3.2746666666666666,3.4571829251252786,0.6060708888485643,0.6193043432633083,0.09762052028712583,0.017113631757895393,0.2972112577954928,0.05718599046829883,0.010025146144545262,0.29335426841179524,0.06712243279234889,0.011767081287046085,0.5315779429276783,0.04681129459236886,0.008206381766947117,0.13488230489691097,0.01284698291652082,0.0022521754051981337,0.37440946586926777,0.048569356714158345,0.00851458364572544,0.5096526707013448,0.05583872481660943,0.009788960062200503,0.7227788831392924,0.04457245225170988,0.007813895399641049,0.0873967809677124,0.04485723992266204,0.007863820879607034,0.23551326694091163,0.022306974301985593,0.003910585015467927,-0.16863737720251085,0.041972305839621075,0.007358069635936642,0.035513165038079025,0.0548498290795995,0.00961559899589637,0.4281730055014293,0.06494182069588182,0.011384803131633805,0.47401785345872244,0.04160010537567068,0.007292820017706479,0.10286246142784755,0.021180471504515727,0.0037131003678402014,0.34712998561064407,0.04889096590885272,0.008570964223413045,0.46993915442625683,0.04901514527719929,0.008592733826520677,0.607205576300621,0.047456831712761154,0.008319549413789734,0.07990737197330842,0.04751046430632006,0.00832895162199031,0.16247218425075213,0.03465155527897735,0.006074685477382986,-0.11999823072055976,0.05673344710376535,0.009945811794837578,0.07172310630480447,0.05933784313899665,0.010402382550326054,0.3008829720417658,0.07098289126822631,0.012443849497034053,0.816965824286143,0.060053778161602185,0.01052789149356273,7.4380825455983475,3.2219090723869095,0.5648255639293449,0.20761490197976432,0.05144854794915877,0.009019328123745349,0.4049308514197667,0.07090171186607963,0.01242961812036675,0.4771327688296636,0.02507536529081941,0.0043959053539114204,0.07647794310251871,0.007212355841384066,0.001264381726437393,0.3710746004978816,0.02986721575892706,0.0052359537792721275,0.5588227707544964,0.02213143390746688,0.0038798114274805544,0.4684220731258392,0.04681130792756262,0.008206384104709656,0.13488230378429097,0.012846982606166532,0.0022521753507906287,0.2772211031913757,0.04457244820123095,0.007813894689560785,0.6255905259450276,0.04856935823483685,0.008514583912312136,279355,0.526065506839276,0.14397190516134084,0.3550000000000001,0.505,0.735,9306,0.47073844025884676,0.11440113868207245,0.32500000000000007,0.46499999999999997,0.6250000000000001
hmid_cos__hpre_raw_logit_gauss,hmid_cos,hpre_raw_logit_gauss,hall,20,125,153,59.27733333333334,5.180731136732547,0.9082222123988846,4.722666666666666,5.1807311367326445,0.9082222123989018,0.643532446026802,0.12342858820532683,0.02163798554576486,0.29040945875644686,0.07473913525527626,0.013102348101611346,0.2723523028194904,0.08752263647157692,0.015343394674083147,0.5880573875506718,0.0678920380633993,0.011901999039675898,0.13341622035702067,0.022118502971041485,0.003877544534376338,0.4274839179118474,0.07869878133691875,0.01379650466555418,0.5686999769608181,0.0861106743505678,0.015095866800599423,0.7759376125335693,0.041310393541945455,0.007242031293945374,0.1092577689687411,0.07010589285462607,0.012290104896426837,0.2502888919711113,0.030581335108475317,0.005361144420987734,-0.17733761181061466,0.07761261296606775,0.01360609095467511,0.06465650514870262,0.08992134198229805,0.015763906290753252,0.4650037458737691,0.0658895130887401,0.011550940933229541,0.517949918071429,0.06088758441804734,0.010674064175169648,0.10733048145969708,0.031179644384945783,0.005466032661746258,0.3794174484014511,0.08557742033087919,0.015002383249195204,0.5224196627537411,0.06969455047616546,0.012217993398038111,0.6465155120690664,0.049646478240474336,0.008703411374830517,0.10643303546061118,0.0640837431170059,0.011234375499601141,0.15520456105470656,0.039261304125177296,0.006882810080880444,-0.08195064714488884,0.08682113649423033,0.015220416305855123,0.09806856842959921,0.07847869064753045,0.013757921066527515,0.3115364217360814,0.07075334341819213,0.01240360798464765,0.8453647731145223,0.05641967123748371,0.009890804460167935,5.922097622871399,2.4690481739099885,0.4328432292362214,0.1824763296842575,0.05852666763502341,0.010260177214550418,0.3955269388755162,0.0827371677923797,0.014504465025646068,0.4449136981566747,0.038356763632582544,0.006724237140940752,0.07962010720372201,0.010194670847481112,0.0017872045986191275,0.33320825310548147,0.031021883894500252,0.005438376028371544,0.5335369510650635,0.038441429539439034,0.006739079728832403,0.41194262850284574,0.06789204678686535,0.011902000568966923,0.13341622032721837,0.02211850304790623,0.0038775445478513217,0.2240623796582222,0.041310392483472104,0.007242031108386815,0.5725160754124324,0.07869878273730427,0.013796504911052587,268876,0.5765888377154891,0.15230383327779978,0.3850000000000001,0.5650000000000001,0.785,9114,0.511835139075575,0.12935129641789528,0.32500000000000007,0.535,0.665
hmid_cos__hpre_raw_logit_gauss,hmid_cos,hpre_raw_logit_gauss,hall,21,125,153,54.434666666666665,5.553973392486216,0.9736544647846249,9.565333333333331,5.553973392486183,0.9736544647846193,0.5229338916142781,0.10982713724293755,0.01925354606051352,0.2276584207912286,0.06998613956925483,0.012269111219875903,0.20694849063952764,0.08475619078839396,0.014858415362756365,0.6196719573736191,0.0852535377193714,0.014945604123967974,0.12122194053729375,0.029074869668636445,0.0050970493852558005,0.4676286912361781,0.11271178968989194,0.01975924793120105,0.6105578311681747,0.09713704023335948,0.017028873967442026,0.783817837079366,0.0529884110335221,0.009289278024707375,0.16959682251264652,0.09003275352615359,0.01578343759553952,0.22787713569402696,0.031057569893899992,0.0054446320598989665,-0.09741427579460044,0.10830371985533063,0.018986479217308855,0.13746219843315582,0.10108448868719509,0.01772089219294953,0.4892388017177582,0.0803605625182255,0.014087827751268512,0.5518691835403442,0.0721949159783625,0.012656326796988335,0.09068212061127026,0.03783667875369447,0.006633062241708895,0.4320897621512413,0.11662574232530555,0.020445394080835396,0.5609993937412898,0.07568534235366979,0.013268225519606925,0.6589482141335805,0.04709137644501107,0.008255482280590047,0.15939762810617686,0.07280506563916564,0.012763290748639869,0.12687423339486123,0.037731460463352906,0.006614616662133979,5.860751029103994e-05,0.10006693807323103,0.0175425077052293,0.15723799632489682,0.07903900066565263,0.013856147743584752,0.32468289852142335,0.07130382936546006,0.01250011242614961,0.8769565087159475,0.06399621116231365,0.011219030471370949,5.151026738802592,2.202642968225082,0.3861403375176743,0.1511587206919988,0.057750158870265515,0.010124049226113568,0.35925173739592237,0.11072758644895918,0.019411401766293607,0.42662786952654524,0.048282206679346164,0.008464244025115053,0.07423690365254879,0.012527876812153211,0.002196233638592287,0.326255912899971,0.03970843251854682,0.006961195144288414,0.5127205725908279,0.055736180287263584,0.009770983213594802,0.3803280410766602,0.08525354582058668,0.01494560554417363,0.12122193988164265,0.02907486947666804,0.005097049351602256,0.21618215564886728,0.05298841059830075,0.009289277948409709,0.5323713037967682,0.11271179107273088,0.019759248173623407,227594,0.6020776559308496,0.1568159000496496,0.3750000000000001,0.6250000000000001,0.795,8374,0.5431949108917331,0.12823955604850035,0.3450000000000001,0.5750000000000001,0.6749999999999999
hmid_cos__hpre_raw_logit_gauss,hmid_cos,hpre_raw_logit_gauss,hall,22,125,153,48.32266666666666,4.280744691185361,0.7504476321068461,15.677333333333333,4.280744691185298,0.7504476321068348,0.4358517462015152,0.091620391788909,0.016061762854548866,0.17548688405752183,0.050815900097162824,0.008908420065279388,0.14697561753789587,0.0562688612916335,0.00986436631098457,0.6726848324934641,0.06485781845902783,0.011370076890223388,0.10374614107608796,0.019206318280719302,0.0033670160486177227,0.5395012040138245,0.08735822377914779,0.01531457185828294,0.6720255634387334,0.06712583186569276,0.011767677170876187,0.8072915882269541,0.04613906446959902,0.008088534630465865,0.219292207856973,0.0757037150484465,0.01327144639501185,0.2144227152466774,0.020989288288063325,0.0036795844722576627,-0.0363357100233746,0.08825367960419032,0.015471552185781374,0.19488617490480342,0.07972511105773936,0.013976428198563907,0.5144728302955628,0.07564631385634034,0.013261383522356802,0.5848875020345051,0.05440327609994479,0.00953731480696023,0.060727370202541354,0.021707272600852486,0.0038054526719033858,0.507899720231692,0.08069518096044039,0.01414648895060061,0.590345006108284,0.0531951254636024,0.009325516662086407,0.6540932516256968,0.044948774776040284,0.007879867646917029,0.182541593482097,0.05829716771403839,0.010219944104496795,0.10015361109872659,0.02498793204214812,0.004380577629609646,0.06239673242570522,0.06989812182627046,0.012253681029203234,0.17599525394042334,0.06164652092191224,0.010807111610448287,0.311798865656058,0.06838992084709496,0.01198928174001085,0.9231847199598948,0.05044427878291938,0.008843271976469353,4.100732645988464,1.960795775012731,0.3437426552051514,0.11216856968402862,0.043494632605316656,0.007624945284690359,0.2774203641017278,0.07965026727413066,0.01396330750479707,0.39668044277032216,0.038926152703764205,0.006824055446175274,0.06810799812277159,0.007829446499248703,0.0013725624885237999,0.30816601061820986,0.03650517807187224,0.006399639880436176,0.47761638271808626,0.044769656798352944,0.007848466880947497,0.3273151649037997,0.06485781418274385,0.011370076140557751,0.10374614120523136,0.019206317955191,0.0033670159915500956,0.19270840426286062,0.04613906258368961,0.008088534299851369,0.4604987875620524,0.08735822334346742,0.015314571781904806,178076,0.6636753793905499,0.12777195823641097,0.485,0.6749999999999999,0.8150000000000001,7428,0.5810183045937287,0.08833571400452482,0.46499999999999997,0.5950000000000001,0.6749999999999999
hmid_cos__hpre_raw_logit_gauss,hmid_cos,hpre_raw_logit_gauss,hall,23,125,153,49.038666666666664,3.8814164653870757,0.6804423075424488,14.961333333333334,3.881416465387057,0.6804423075424456,0.4870116706291835,0.09996337619405747,0.01752435250733526,0.19707251357038816,0.049408392740221026,0.008661673146369479,0.16490559295813242,0.04960207828688844,0.008695627719780311,0.66688712088267,0.0457920708969798,0.008027703975121108,0.1036066862543424,0.014295847016467005,0.0025061724808210094,0.5332530266046525,0.06107730969990598,0.010707324483548887,0.6658356189727783,0.045397551919307506,0.007958541748925973,0.8003111740748087,0.04135600701796172,0.007250027688857469,0.20097243774930634,0.06067081166426618,0.010636062235900688,0.21451985836029053,0.023421686606258423,0.00410600269850435,-0.05004744631804837,0.06996522458987738,0.012265444662330042,0.17270256146540244,0.06209129728020812,0.010885084343927943,0.496470051129659,0.07746298873489224,0.013579860670439127,0.5926370228528977,0.0466372558492412,0.008175871430055515,0.05652555678288142,0.011582020078626376,0.0020304176422659614,0.522736956834793,0.05185606094280718,0.009090768301377512,0.5950110408862431,0.04798757776452758,0.008412593299032019,0.6594302546580633,0.04867143924782206,0.008532479502917098,0.20345022904872895,0.0550662005749749,0.009653530591465299,0.10137824545800686,0.020718327213541648,0.0036320829015177333,0.08264129240252077,0.0574299064592174,0.010067906503086326,0.1936346366008123,0.06055932048142446,0.010616516969784575,0.3371464991768201,0.0665282540562319,0.011662917161938274,0.9249913369814554,0.039708884478827595,0.006961274376419032,4.285212048848471,1.7642563155672415,0.3092877688251871,0.11625323450565338,0.03749002414800828,0.006572291009887524,0.26686901366710664,0.05596478970255081,0.009811060211116492,0.4012475611766179,0.028773297038501174,0.005044181372206749,0.06809613593419393,0.007112867266474299,0.00124694061026514,0.3141830915212631,0.032945855281770846,0.005775663083773751,0.4819645819266637,0.032087489433942386,0.005625184915965551,0.3331128764748573,0.045792068218407776,0.00802770350554673,0.10360668601592381,0.014295846222081873,0.0025061723415591556,0.19968881984551748,0.04135600556493062,0.007250027434129885,0.4667469635804494,0.06107730679842822,0.010707323974897409,182994,0.6618707248841129,0.11512148186441747,0.515,0.665,0.805,7534,0.5889299945613576,0.0760491579894945,0.485,0.5950000000000001,0.6849999999999999
hmid_cos__hpre_raw_logit_gauss,hmid_cos,hpre_raw_logit_gauss,hall,24,125,153,52.028,4.398319679150228,0.7710594362854299,11.972,4.3983196791502115,0.7710594362854271,0.4887990163564682,0.10655540857409276,0.01867998673624773,0.20181540833910308,0.05265042322979137,0.009230026150258286,0.17174974561731018,0.051939773420250836,0.009105443745723621,0.6551381641228994,0.04214217155317485,0.007387848408488777,0.1028167395889759,0.012085169951589751,0.002118623704061174,0.5253776968717575,0.0518856938137884,0.0090959631727059,0.6521126913229625,0.0423524295274442,0.007424708256553747,0.7872472176551819,0.04234494064257485,0.007423395397151293,0.16663681904474895,0.05199938870755959,0.009115894766381392,0.21022052528460822,0.023892985844230174,0.004188625097798087,-0.06689445913940048,0.05309078111304136,0.009307224290910077,0.13098673591017723,0.05272634615492084,0.009243336025874871,0.45660043915112813,0.084043770933274,0.014733522655550174,0.5901839135090511,0.04463595230888378,0.007825027450483262,0.05486604801317056,0.010700033897242646,0.0018757986474136658,0.5235994292895,0.046310846599686664,0.008118649365649206,0.5889735447565715,0.04599931955884999,0.00806403626746222,0.6581974932750067,0.04768170341101036,0.008358971160624215,0.18534883295496304,0.04807387113589787,0.008427721194032319,0.10830657796065013,0.022287321470265953,0.00390713972216217,0.05726168369827792,0.04429188234753538,0.007764709326792146,0.1727009832461675,0.05199433862701621,0.009115009448227863,0.3299489238460859,0.06747122360383591,0.01182822701225601,0.9191648692289988,0.046463962668535,0.008145491796019172,4.694229472160339,2.1300690580435875,0.3734175701074655,0.12598529998461405,0.04034730181765964,0.007073193870522242,0.2532336981296539,0.050669862758186676,0.008882818590970606,0.40878122826417285,0.026784029314664445,0.004695447364300645,0.06736876157919565,0.0071080500098422185,0.0012460961079428594,0.32438297963142393,0.033430736996318204,0.005860666596196075,0.48634136486053464,0.027599770599351463,0.004838453116726318,0.34486182355880735,0.04214217241418809,0.007387848559431054,0.10281673990686734,0.012085169602954346,0.0021186236429426926,0.2127527720928192,0.042344945449623826,0.007423396239864134,0.4746222946246465,0.05188569423599114,0.009095963246721303,206767,0.6480894298467033,0.1118161283963242,0.505,0.6450000000000001,0.795,7999,0.5874078938746128,0.07214349188834163,0.495,0.5850000000000001,0.6749999999999999
hmid_cos__hpre_raw_logit_gauss,hmid_cos,hpre_raw_logit_gauss,hall,25,125,153,50.688,5.158164014453198,0.9042660214321877,13.312,5.158164014453206,0.9042660214321891,0.4908017248312632,0.09787953599648196,0.017159039213790868,0.19361450292666754,0.047543720074892555,0.0083347816152694,0.15775497728586196,0.04630587969829173,0.008117778629443328,0.6837028687000275,0.04250286908211454,0.007451081473300365,0.09596412375569344,0.013136981680724368,0.0023030144300898994,0.5625307771364848,0.05387869764488972,0.009445352149093488,0.68086563483874,0.04397751215605143,0.00770959780232074,0.8066625480651856,0.04042462386449371,0.007086749022988065,0.17735940371950468,0.05996103731001703,0.010511633305445377,0.2119235365986824,0.024383942147509424,0.004274693532578256,-0.05792581107622633,0.0496924477480828,0.008711470184832646,0.14113631121814252,0.06391871050676538,0.011205444007416982,0.4686131500403087,0.09405895941712418,0.016489262608527358,0.6421354307730993,0.047739230978329376,0.00836905618783089,0.05224744014441967,0.011091970834040283,0.001944508221885754,0.5792075512011845,0.05117408387996488,0.008971212450963209,0.6422197234630584,0.050710203004836585,0.00888989054801569,0.705841348528862,0.048984060573915494,0.008587284437767803,0.2220555827418963,0.055684866834613315,0.009761987568721162,0.11704411695400874,0.022224938998063215,0.0038962035926037044,0.08322187379499275,0.05589660787622311,0.009799107409954185,0.216411241988341,0.06087760205882777,0.01067231419044045,0.3699806989034017,0.07157908845987788,0.012548367472998602,0.9267108092308044,0.046924171007534564,0.008226169874996692,4.433932246526083,2.3445896891552684,0.41102469486482845,0.1174934999148051,0.04165115598984595,0.007301769584963858,0.24683794045448304,0.05795957904915033,0.010160762202171943,0.39113633064428965,0.027814636935514888,0.0048761208462513575,0.06558802492419878,0.007491493449881678,0.0013133167067832998,0.309052095413208,0.03343341010133635,0.005861135212167351,0.46672597964604695,0.02939402993596645,0.005153000647047605,0.3162971251010895,0.04250287404171174,0.007451082342756089,0.09596412340799967,0.01313698095920435,0.002303014303601863,0.19333744084835053,0.04042462488925067,0.007086749202635881,0.4374692178964615,0.0538786963559791,0.009445351923137495,195314,0.6778797176337685,0.10551173462972996,0.545,0.6749999999999999,0.8150000000000001,7766,0.6399754596192475,0.07240107695628888,0.545,0.6450000000000001,0.735
hmid_cos__hpre_raw_logit_gauss,hmid_cos,hpre_raw_logit_gauss,hall,26,125,153,52.324,4.691803917471388,0.8225094917307615,11.676,4.691803917471403,0.8225094917307643,0.493701960961024,0.09740516430576426,0.01707587818978244,0.19103788124521576,0.04472519001451348,0.00784067151003728,0.15328073471784592,0.042435941763934774,0.007439348597113029,0.6931681336561838,0.042940788969297206,0.007527852214397219,0.09951239470640819,0.015827163874463306,0.0027746241622433857,0.5635176012913387,0.05981439658592656,0.01048592605306223,0.695180958032608,0.04452539338454316,0.0078056456164882215,0.8156395203272502,0.03609682970283052,0.006328053255040586,0.15090965590874356,0.05319351234590257,0.009325233870085136,0.2146568897763888,0.023358397178626925,0.004094907572648969,-0.0824513430269435,0.04044203261771493,0.007089800911987588,0.11086683314464366,0.05941227478647798,0.010415430993444186,0.44302715027332307,0.08189417328671897,0.014356681572931677,0.6579008956750234,0.04240252109376333,0.007433489695309045,0.05487755841513475,0.011559124721291827,0.0020264039091570157,0.5894596677223842,0.048322335058783195,0.008471278840200104,0.6599350244204203,0.044169500727402666,0.007743254882841983,0.7250761079788208,0.04256472954471666,0.007461926090541002,0.20641388960679374,0.05204074480700333,0.009123144810273204,0.13597246735294657,0.024053872567340335,0.004216829783922925,0.03467780345128267,0.0645609736469765,0.011318037700227816,0.21119605643550554,0.05585469084139339,0.009791759029753499,0.3739140199422836,0.06763350460368979,0.011856676125870994,0.9278857103983561,0.037529656080732963,0.006579238794026648,4.213167881965637,1.933508247304514,0.3389589406807024,0.1139987678527832,0.03638272529244202,0.006378172961711139,0.2553377515474955,0.05965559751851404,0.010458087349117589,0.3845049444437027,0.028578563030419914,0.005010042995406055,0.06796531900763511,0.0084548032734615,0.0014821923646984563,0.3019578525424004,0.03077390836342833,0.005394904001063644,0.4659081778526306,0.032827585220976056,0.005754929427955561,0.30683185329039897,0.04294079000019088,0.007527852395120849,0.09951239449779194,0.015827163720625165,0.0027746241352743705,0.18436047184467316,0.03609682812871978,0.006328052979086806,0.43648238964875535,0.05981439177965462,0.010485925210485608,206406,0.6882964040210041,0.1113089415699218,0.545,0.695,0.8250000000000001,7989,0.6558613564079075,0.07210350842463947,0.5650000000000001,0.665,0.745
hmid_cos__hpre_raw_logit_gauss,hmid_cos,hpre_raw_logit_gauss,hall,27,125,153,53.961333333333336,5.205771839453238,0.9126120411363304,10.038666666666666,5.2057718394532495,0.9126120411363324,0.5113032059669494,0.09573862765931865,0.0167837214342722,0.2014652709166209,0.04996932703913202,0.00876000926467433,0.16587557873129843,0.05282642770360707,0.009260881094933492,0.6821096390088399,0.06440257697337888,0.011290269539029205,0.10745435694853465,0.023617743000392644,0.004140372899801427,0.5401566032568614,0.0919986654724875,0.016128077155122395,0.6857181203365326,0.06773514696139478,0.011874494816814775,0.8150234525998434,0.04655472807272225,0.008161403672938577,0.12981493074322742,0.06732712609261886,0.011802965604747173,0.21600179012616477,0.024419656147974624,0.0042809544729088865,-0.10370174226723611,0.047497934405156254,0.008326755033467225,0.08940347492927686,0.07416750265948999,0.013002136489172459,0.42697562452157334,0.09907685383885556,0.017368938286150572,0.6571394822597504,0.051144621365199205,0.008966047444396164,0.0706160754263401,0.023462555996588013,0.0041131674185264635,0.5685562037626903,0.07580975982891204,0.013290036864693804,0.6646379797458649,0.04919080921189017,0.008623529072055127,0.7386404758294424,0.04476137401666965,0.007847014845297184,0.17332362804065146,0.06823902912649471,0.011962829255081733,0.16745310301582017,0.034455181225840716,0.006040259588007462,-0.048992208395386115,0.09970366555834807,0.01747882322547867,0.1862235413007438,0.07208862464598458,0.012637693104850434,0.37629381505648296,0.07280753492404272,0.012763723633365,0.9090042840639749,0.037774910229661944,0.006622233742010142,4.6147172737121585,1.8044840593225115,0.31634000324325606,0.12617188183466593,0.033502942740074024,0.005873324821186144,0.3258048350016276,0.10096425477399966,0.01769981425862604,0.38966872974236805,0.04202610275460194,0.007367500650952598,0.07102049770951271,0.010748896454046766,0.001884364631301433,0.3012865625619888,0.03989883819412807,0.006994574730946288,0.4767555913527806,0.04856837980325418,0.00851441238569297,0.3178903620640437,0.06440258036399073,0.01129027013342967,0.10745435749491056,0.023617743344843775,0.004140372960186373,0.18497653802235922,0.04655473032653706,0.008161404068049735,0.45984338494141896,0.09199866246080618,0.01612807662715138,221085,0.6718739520344975,0.13100089951628052,0.505,0.6849999999999999,0.8250000000000001,8259,0.6521313735771618,0.09296700825639012,0.535,0.665,0.755
hmid_cos__hpre_raw_logit_gauss,hmid_cos,hpre_raw_logit_gauss,hall,28,125,153,61.85733333333334,1.950009002828064,0.34185165066551426,2.142666666666667,1.95000900282822,0.3418516506655416,0.8195055560270945,0.08421170582026832,0.014762962939282236,0.37974778803189596,0.05018704476049585,0.008798176864064599,0.367871475537618,0.06497690845289145,0.011390954286646163,0.5532876020272572,0.049367758641418284,0.008654549674770693,0.16115828362107276,0.030546420142816444,0.005355023557634742,0.34909312589963276,0.08781492007842583,0.01539463424955119,0.5398551375468571,0.052431239210127704,0.009191601497442397,0.7811974788506826,0.0441574545918615,0.007741143102171783,0.046976177261521423,0.025196404980701817,0.0044171245471163415,0.21370063026746114,0.033190717165839004,0.005818589264695156,-0.1702920247912407,0.042381736054894946,0.007429845917338791,0.00451999369977663,0.02374659727120135,0.004162962049445031,0.33035080995162325,0.0853226159092469,0.014957714064588599,0.5869140435854595,0.03652204738005883,0.006402597200551523,0.1381491716702779,0.030047036247214342,0.005267477700779841,0.40901804546515147,0.06855621887841673,0.012018435070291544,0.6125704062779743,0.04080635139730475,0.007153668810028368,0.7409958016872406,0.04423855735052553,0.007755361042644168,0.08201112436875702,0.036931887515200316,0.006474445344074914,0.20058905225992202,0.035954136588973305,0.006303038049244127,-0.16873346835374833,0.04338898036852059,0.007606423630947808,0.07514158346876502,0.055622675334506745,0.009751084918047262,0.34563349676132205,0.07449712621050493,0.013059922045469513,0.8294904959201813,0.02972478131370849,0.005210983920087385,5.958884232521057,1.8766157422989316,0.3289852448062484,0.18392946426073709,0.0376336376479476,0.00659746756647824,0.5629896832307179,0.12266469031453954,0.021504068341010003,0.462414923230807,0.026513637932989272,0.004648045665120112,0.09251519590616226,0.01602554869853453,0.0028094025553058685,0.3288575157721837,0.03479152729251242,0.006099223653260403,0.5691606997648876,0.03884084609031822,0.006809100537466185,0.44671240941683454,0.04936776463269494,0.008654550725087801,0.1611582840383053,0.030546420195021667,0.00535502356678672,0.2188025120695432,0.04415745441923101,0.007741143071908325,0.6509068597952524,0.0878149225758739,0.01539463468737314,288305,0.5521383396699838,0.1703660028294115,0.3350000000000001,0.545,0.785,9464,0.5857045269576755,0.14538813847341547,0.405,0.6050000000000001,0.755
hmid_cos__hpre_raw_logit_gauss,hmid_cos,hpre_raw_logit_gauss,real,1,451,967,59.30777636997149,3.3365092305069557,0.3079357638688594,4.692223630028508,3.336509230507072,0.30793576386887017,0.6341594842715396,0.06293554997400978,0.005808497839164925,0.37366035493896516,0.04044778562448999,0.0037330392043269456,0.45071428907485855,0.05370032981976594,0.004956153554697874,0.2902962756976162,0.031932517363991775,0.0029471412927103923,0.18834297827744592,0.015383372424741767,0.0014197744442541948,0.08643637160152957,0.021499454208055,0.0019842447291281906,0.25052115686474596,0.034411617800705,0.0031759444021718683,0.5641179866483844,0.05581391725324878,0.005151222447324396,0.09482503544266206,0.03891173894443959,0.0035912731623107294,0.25996149819391084,0.02179467769180193,0.00201149172972043,-0.1890284193785695,0.03521780692455557,0.003250349850059082,0.03305022385295242,0.04466154766603648,0.0041219390824274085,0.48055372309242933,0.06376497243011127,0.005885047556232781,0.014735368096695234,0.008731185092073086,0.0008058254795834644,0.017846886978070013,0.003348211801908441,0.00030901582689724756,-0.0072624463674370926,0.008660342572334025,0.000799287225401285,0.014591238383926033,0.008982911037198924,0.0008290579707419433,0.036806544124897804,0.011013184721063642,0.0010164376045182695,0.15601671563794642,0.07843173292747899,0.007238683882469561,0.32183381575997044,0.030115531808612508,0.0027794466165444926,-0.23807324318390474,0.0637800363656735,0.00588643784895603,0.12125008969455671,0.09895960525399966,0.009133258603759662,0.6099071942814966,0.09879653059957644,0.009118207988038802,0.9913812999802877,0.0033891696653383795,0.0003127959426081273,1.8715574331613838,0.3598355256702079,0.03321022655992231,0.04483339951125148,0.013340260734322956,0.0012312099549652144,0.08538898793938587,0.01845991332145737,0.0017037170038735965,0.5887788383116905,0.01473253802699007,0.0013597071183222519,0.08855762696022461,0.009163818108254456,0.0008457543900431117,0.46561397933734017,0.030802060618658197,0.002842808279568358,0.6758052340031248,0.007991518883154048,0.0007375596174755812,0.709703730562964,0.03193251806971834,0.0029471413578438695,0.1883429788949844,0.015383372802793619,0.0014197744791456571,0.4358819947658351,0.055813916271675666,0.005151222356732269,0.9135636232131737,0.021499453667236764,0.0019842446792145635,1687465,0.28455228648231917,0.18947652140449553,0.08500000000000008,0.245,0.5650000000000001,57501,0.014420366762887675,0.021486465887160907,-0.015000000000000013,0.015000000000000013,0.04500000000000004
hmid_cos__hpre_raw_logit_gauss,hmid_cos,hpre_raw_logit_gauss,real,2,451,967,53.62882483370288,3.203457939132339,0.29565608825203055,10.37117516629712,3.203457939132221,0.29565608825201967,0.5398217812144331,0.057041947456170944,0.005264560787627267,0.29228798872080763,0.03239606917523072,0.0029899237851972985,0.32452462685814937,0.039265981345792934,0.003623967183792248,0.3990921839190603,0.03202072064152185,0.0029552818197599263,0.1663175854917287,0.011267876910196617,0.001039943858628101,0.20566294779063915,0.026354775913091027,0.00243235594200865,0.371357514501002,0.03638084120116294,0.0033576895346306545,0.6360227298118564,0.04389987937529648,0.00405164258668294,0.1249412546439069,0.04812788245840935,0.004441856810319431,0.2563564396663838,0.023304991700746635,0.002150882831586365,-0.16569473321338468,0.04175330294037177,0.003853529046894832,0.07558347474477048,0.059661885783271244,0.005506362219695342,0.49539771661462895,0.0697280542223775,0.006435397044231946,0.31207830871686154,0.026062162493449344,0.002405349831528941,0.06181533659318928,0.011834096084393873,0.001092201809042083,0.23031745807009793,0.02808134712874815,0.0025917060260144354,0.3178952322951271,0.02748142969054568,0.0025363379686141998,0.38585673236863294,0.03397532156268421,0.003135677402728373,0.2042703396424653,0.06740985281542523,0.0062214437560094375,0.2836129908296252,0.032252066699834034,0.0029766333941937803,-0.16940670823466267,0.07010110885773486,0.006469827299378021,0.19753019707026168,0.09037647554454976,0.008341097569317276,0.581905331441303,0.08168443962043047,0.007538885275883114,0.9124674749672063,0.03254461218045022,0.003003633234390907,5.049525906240129,2.1362821170430237,0.19716344841374067,0.12765666718064023,0.03259908206768753,0.0030086604125509164,0.2729296687172681,0.05614937399343939,0.005182182687623164,0.5413413655663818,0.015457746054972974,0.0014266385944946744,0.08415449997810397,0.007422138418741654,0.0006850099027504714,0.42568942239654933,0.026250800775443832,0.0024227597858997416,0.6301182206905374,0.010468350740789303,0.000966153353432293,0.6009078055080534,0.03202072028500248,0.002955281786855757,0.16631758575856825,0.011267877016134294,0.0010399438684053851,0.36397725133198383,0.04389987712124949,0.004051642378650643,0.7943370464994518,0.02635477582950409,0.0024323559342941782,1373656,0.3938051815475397,0.16874070430422597,0.19499999999999995,0.3650000000000001,0.6350000000000001,51910,0.3098603899505092,0.07172520774366828,0.21499999999999997,0.31500000000000006,0.405
hmid_cos__hpre_raw_logit_gauss,hmid_cos,hpre_raw_logit_gauss,real,3,451,967,54.93860732763174,2.7859736216505686,0.25712529354252966,9.061392672368283,2.785973621651372,0.25712529354260377,0.5077114682170635,0.06528394645732795,0.006025237915393531,0.25920714492588154,0.03579010226102436,0.003303168586474604,0.272216839931741,0.04186254611334732,0.003863611404710629,0.465020493398862,0.03446581922646388,0.003180946803271567,0.15644544655640635,0.016551442325001116,0.0015275788806093532,0.27869392347419514,0.03401324229217906,0.0031391772128582813,0.44228237696175277,0.039967440573373994,0.0036887068167874228,0.6862776960890846,0.046993880470698614,0.004337196596847923,0.13252881044769138,0.04814366467507352,0.004443313395213484,0.262878595355266,0.025652161272871496,0.002367509672751193,-0.16485198098760187,0.044728241891761084,0.004128094478958719,0.07964878159954625,0.05773547309650243,0.005328568207677373,0.5150213244651468,0.07837892431065879,0.007233810027600316,0.4066717262248745,0.029622886496793257,0.002733979003560121,0.07600909918348045,0.01711641406828102,0.0015797217021368644,0.30352520424010837,0.03599091197849006,0.0033217018766494664,0.42209945330098336,0.032134362446432495,0.002965770139613091,0.48979268070196696,0.03809744758699568,0.0035161199366359414,0.22894410664391907,0.06584334926838788,0.006076866764598888,0.28966075745620173,0.035189671417796414,0.003247753145489378,-0.1516638908809703,0.07158593742502885,0.006606866278591186,0.22183987486860895,0.0910824397621396,0.008406252980433756,0.6209811494906075,0.08334222729581361,0.007691887134677289,0.8741527382111731,0.06861511530441175,0.006332680800347588,7.516079717905367,5.03552595040424,0.4647427664342442,0.15063951440338802,0.05308199099124378,0.0048990853356892855,0.3445478488486322,0.08205282190080826,0.007572884306326871,0.50999327284924,0.017620097714421964,0.0016262080738527005,0.08325675125721077,0.010463293026891933,0.0009656865628782083,0.3946913463525809,0.031114611429074044,0.0028716544675762394,0.6003634542412447,0.01417703884003591,0.0013084385454979325,0.5349794943949613,0.034465819918903316,0.003180946867178738,0.15644544658913193,0.016551442386157002,0.001527578886253601,0.3137222872317158,0.04699388002023798,0.004337196555273653,0.7213060686003884,0.03401324238400037,0.003139177221332727,1439680,0.4587949326102483,0.15926730015461657,0.265,0.43499999999999994,0.6849999999999999,53167,0.4040749252088016,0.08597450282633516,0.29500000000000004,0.405,0.505
hmid_cos__hpre_raw_logit_gauss,hmid_cos,hpre_raw_logit_gauss,real,4,451,967,57.96299757153416,4.62044981801514,0.4264342298588641,6.037002428465846,4.620449818015222,0.4264342298588716,0.5527978992398592,0.11607357615105196,0.010712754818794109,0.2916054748907323,0.07152789112408783,0.00660150902321284,0.3160876867553807,0.08862601821087958,0.008179542968708042,0.4404152207521021,0.05640612178698475,0.005205878659210517,0.15280097902891793,0.016069254973842186,0.0014830764620488426,0.2713288208184776,0.047097693997721346,0.0043467778374605285,0.4110368996011349,0.06470371493786772,0.005971686726464667,0.6605544463114696,0.06688088153220782,0.006172623517577939,0.08159759085950012,0.05554337086569187,0.005126252964922682,0.24287511247179044,0.028012876871125265,0.0025853867145344558,-0.17234323611378258,0.041943745618768874,0.0038711055340536972,0.02261287530311793,0.0608667451416673,0.005617562057984373,0.43519328389926076,0.09346777226431055,0.008626401985094422,0.3957737355964915,0.040263428093673226,0.0037160243324488875,0.08262348224931769,0.018795098846425246,0.0017346522129612946,0.29693860239323244,0.05130173143066667,0.004734780204248706,0.38807861929964504,0.04670853186011684,0.0043108609759046354,0.5038483609560739,0.0387642297045234,0.0035776591222067837,0.09851284366523484,0.08281664744807962,0.007643379901307082,0.23781244893882933,0.03351354226986453,0.003093058500921335,-0.18921325638734798,0.08079079392044308,0.007456408216105302,0.07294198643331377,0.1000256546488562,0.009231647282479789,0.43197515979991363,0.09610570056164047,0.00886986376180473,0.8040966943313874,0.11719528661337855,0.010816280613027786,11.306563116559857,9.169151032013515,0.8462465804846621,0.21303010104705336,0.07863750755169377,0.007257675397767355,0.3757560793147169,0.09093661431903999,0.008392794342644953,0.5215094469258746,0.02789440334011745,0.00257445246117302,0.08141424173546051,0.010336197466779353,0.0009539565583483959,0.40918979851104004,0.04180767967581934,0.003858547627815765,0.6032080247615913,0.019503711790163192,0.0018000520824183173,0.5595847877403483,0.05640613041985783,0.0052058794559625065,0.15280097906467222,0.016069254924135034,0.0014830764574612306,0.33944553880239464,0.06688087668677808,0.006172623070379683,0.728671175320767,0.04709769424442672,0.004346777860229658,1621078,0.42548685834084415,0.16389036092733358,0.245,0.39500000000000013,0.665,56215,0.38948408803894863,0.09811261191824315,0.265,0.3850000000000001,0.515
hmid_cos__hpre_raw_logit_gauss,hmid_cos,hpre_raw_logit_gauss,real,5,451,967,57.67259529088797,4.002758545062234,0.36942577556395995,6.327404709112028,4.00275854506211,0.36942577556394857,0.4690131092160267,0.06780579876523293,0.006257986714557252,0.23405939638284257,0.0425998377633884,0.003931658112141748,0.24091240939410935,0.05442472780177349,0.005023010269462802,0.4929820253689871,0.05537450362149003,0.005110667734898361,0.14865804712433914,0.016788898917677108,0.001549494413341228,0.31574731529979905,0.05695065871255118,0.005256135494287104,0.4735124468473791,0.06306853919229671,0.0058207717858829704,0.7037865498138698,0.05717221104419978,0.005276583178309478,0.096598008739651,0.05917473188641018,0.005461401424748339,0.239032073373632,0.025902314324083128,0.0023905969971334115,-0.16193212345490363,0.04229396734662216,0.0039034284763383763,0.04388540354725164,0.06761329128243945,0.006240219660828624,0.44464112301184516,0.09144914457985472,0.008440097193159144,0.4201433364898612,0.044282914877891294,0.004086994003967197,0.07458790997170099,0.018676876344960177,0.0017237411278180949,0.3254078934633288,0.05250586173208493,0.0048459127558312266,0.4220786756150586,0.04416631950334032,0.004076233090915423,0.5128158026758084,0.05187838062357419,0.0047880007702458685,0.08812026196961564,0.08064411265709541,0.0074428705922734185,0.21475419363858722,0.03397893230906947,0.003136010648605865,-0.16861545029149158,0.06772405107655277,0.006250441991848838,0.062069904827140365,0.09291193071670999,0.008575101814848999,0.3893731954943643,0.10889042162995667,0.010049801408020705,0.8866937942696703,0.049032271707490194,0.004525325422275939,5.649442913008397,2.268889294606469,0.2094021355254465,0.15077278833085445,0.039816361704969244,0.0036747633256916136,0.32905959185303707,0.07362341128672832,0.00679491043690749,0.4957023277982603,0.02828217789806815,0.00261024125912378,0.08118363370492122,0.009671046061029361,0.0008925678757260648,0.3824065252985927,0.03766621270615105,0.0034763200639949146,0.584292440721357,0.023982762180693215,0.002213436163842066,0.5070179758372976,0.05537450773636917,0.00511066811467206,0.14865804691343207,0.016788898742997698,0.001549494397219577,0.2962134360213736,0.057172208782093475,0.0052765829695333635,0.6842526781988199,0.05695065883747991,0.0052561355058171255,1600158,0.47946789140299323,0.16107942585923232,0.29500000000000004,0.45499999999999996,0.705,55916,0.41271300774308284,0.09433335887352148,0.30500000000000005,0.4149999999999999,0.525
hmid_cos__hpre_raw_logit_gauss,hmid_cos,hpre_raw_logit_gauss,real,6,451,967,56.940824622531984,3.404487342560683,0.31420965385850197,7.0591753774680654,3.404487342561623,0.31420965385858873,0.4954054253320799,0.08104909378274926,0.0074802474324572946,0.21746176031895362,0.03820968477597915,0.003526478620558679,0.19645097822264793,0.03844225512369424,0.0035479431880839456,0.605515216812515,0.0303903922101875,0.0028048142513594685,0.12086830056457219,0.01213908586072127,0.001120350168077583,0.4496425953724859,0.03858349690871287,0.0035609787872551506,0.60296869454043,0.03514623868750047,0.003243744617397112,0.7656507941988927,0.026808778777637612,0.0024742571355118857,0.13645660531002157,0.05099595121312642,0.004706558893184046,0.26344843635764503,0.02697569646421573,0.0024896624354132577,-0.17551792214090522,0.05143647406351133,0.004747215978497836,0.09437449955459973,0.05899455943484448,0.005444772805533466,0.5193777659103369,0.07407981569132828,0.0068370332752555945,0.49111530978011175,0.03421700144791515,0.0031579827149360723,0.062049374532638146,0.0144882204572426,0.0013371583668370538,0.4099595778205682,0.03236353315172924,0.002986920944636099,0.4996469916445616,0.035138069445919316,0.0032429906552550263,0.5617215830974714,0.04749752871211081,0.004383679700962373,0.19820679446197093,0.06016578399097025,0.005552868393897163,0.2603411184240138,0.04521056297708113,0.004172609240218803,-0.12910194076708956,0.06548449643426914,0.006043747233389299,0.17814797216303546,0.0895298211162597,0.008262957465365327,0.5589666816152937,0.0880359020521734,0.008125079498791331,0.9214740276176189,0.054240131008791284,0.005005973315410654,4.214294709918643,2.4135489812924655,0.22275318239604477,0.10950892801370882,0.04570794753008312,0.004218514251020157,0.28277039298790274,0.06881216121121919,0.00635086671791532,0.43784311920067714,0.0173253159486583,0.0015990018406479285,0.07138001987172317,0.006462848128666048,0.0005964743202484179,0.3416256946868422,0.01972846380194854,0.001820795073865,0.5241523651070848,0.018228901413357684,0.0016823962690969477,0.39448477479824606,0.03039039498631783,0.002804814507576297,0.12086830045195994,0.012139086193900426,0.0011203501988276189,0.2343491971971064,0.026808777463787854,0.002474257014253019,0.550357395843208,0.03858349780254232,0.003560978869749169,1558738,0.5987030210318655,0.126390914738827,0.43499999999999994,0.5950000000000001,0.765,55256,0.4879642079324199,0.07901003170646763,0.3850000000000001,0.495,0.5750000000000001
hmid_cos__hpre_raw_logit_gauss,hmid_cos,hpre_raw_logit_gauss,real,7,451,967,59.29359096188363,3.354375635957056,0.30958470437217445,4.706409038116354,3.35437563595678,0.309584704372149,0.46763938057637855,0.06861255526786034,0.006332444527417848,0.211391425442976,0.04286171806020085,0.0039558277768031854,0.1991096656839921,0.054000563627441614,0.004983862972091518,0.5831575547576756,0.0629950235742377,0.005813986823984377,0.1385469195117997,0.025768221003405235,0.0023782211497192607,0.4087296667956694,0.08884309904166357,0.008199577965415844,0.5739537247287572,0.07164866642879618,0.0066126557137035505,0.7764208169861891,0.037651186636314254,0.0034749332660053167,0.08547790487851828,0.0495952136038443,0.004577280903556369,0.24084040056086115,0.02428166968639106,0.0022410231731185893,-0.17337112921349,0.03735748134912445,0.00344782638401735,0.0316197604470745,0.05467743225766722,0.00504633307011541,0.43464940373822464,0.08340272332968168,0.007697470482755534,0.5142022574223872,0.039394109150625835,0.003635792457072869,0.080610778511122,0.02649074305373025,0.002444904729505169,0.4091486393386623,0.0691875182207686,0.00638550946561171,0.5206518530693025,0.03772237447043697,0.003481503390217267,0.608656725970899,0.038392809168352894,0.0035433796826426765,0.06430416349442616,0.06446989150503278,0.005950106508210776,0.21118432628514958,0.03405085536749114,0.0031426486287236357,-0.18754180644527826,0.06666433535137813,0.006152637865208998,0.03660417660625518,0.07732455893053333,0.007136499699261593,0.3612446928132697,0.08613358163379478,0.007949509029571398,0.8974196986803571,0.04361381507882724,0.004025240913088445,4.518253517584493,1.5915931074144323,0.1468925770739159,0.13359496397452142,0.03924827451687205,0.0036223329710529,0.34922621837781637,0.1036925442687387,0.009570074776040098,0.4472466392185934,0.03356050719717494,0.0030973930253500835,0.08146539454991193,0.011246561824332759,0.0010379766297688477,0.33272343592317244,0.028363325918317278,0.002617730636756361,0.5417395724194277,0.03962964850327895,0.0036575310423635184,0.4168424515687492,0.06299502566911049,0.005813987017326043,0.13854691987245,0.02576822110141573,0.0023782211587649233,0.22357917170365507,0.03765118387408588,0.0034749330110715386,0.5912703260499325,0.08884310012980678,0.008199578065843623,1693938,0.5700412934901162,0.16048499559987262,0.3650000000000001,0.5650000000000001,0.785,57589,0.5095639183032378,0.0997286798837367,0.3850000000000001,0.525,0.6250000000000001
hmid_cos__hpre_raw_logit_gauss,hmid_cos,hpre_raw_logit_gauss,real,8,451,967,59.24762960616622,3.566856768296007,0.32919518205233766,4.752370393833806,3.5668567682966903,0.3291951820524007,0.450315810716394,0.06838587091541559,0.006311523194849983,0.18741624822627498,0.030382317864861664,0.002804069047458062,0.16154147682375378,0.03070579203548311,0.002833923382914831,0.6422480446855757,0.03851593971916103,0.0035547437453798676,0.11706397911413162,0.01815375065504805,0.001675460395533701,0.48978083922219223,0.05986795546464515,0.005525380966643164,0.6423174167951271,0.03925038600255621,0.0036225278459692057,0.7949578802262879,0.031228324379159934,0.0028821493536165094,0.0888252049734423,0.04804830666136827,0.004434512537561763,0.24495903371430391,0.02604452898695235,0.0024037223859210612,-0.1856162667520753,0.040400494345068406,0.0037286745599495624,0.04150964698896822,0.051963473391576934,0.004795854219675906,0.4430490432065418,0.08166777033076274,0.0075373468205418084,0.5489375733506993,0.03870375398584859,0.0035720776490745128,0.06168261061252112,0.01602964216050157,0.0014794204847707031,0.46978464278296805,0.0498298295722834,0.0045989342671366494,0.557136505910964,0.03689460305444353,0.003405106052256353,0.6177668870774525,0.04399167591234496,0.004060114745698141,0.07539634989085027,0.06461904370220917,0.00596387218143304,0.21944136879669518,0.0470921781584372,0.00434626876523384,-0.18196314032439703,0.0591901132159376,0.0054628210106478885,0.041822537549588194,0.08094097891186663,0.0074702692087957445,0.3910637812285973,0.1129337284346857,0.010422969495819225,0.934381783590713,0.03362644665626643,0.003103478762358925,3.628287060433714,1.27540695815974,0.11771087348225433,0.10107847539232667,0.029976109625842705,0.002766578953551407,0.29266680198915407,0.07163201122755146,0.006611118558622189,0.41561592410486403,0.022062389162122453,0.0020361995696855785,0.07269631007977524,0.009046044135542648,0.0008348847008723821,0.3188115752362585,0.024520165059941024,0.0022630345778411644,0.5038934430076597,0.02841837315135053,0.002622811099773808,0.3577519675602494,0.038515941479542175,0.0035547439078503643,0.11706397911743553,0.018153750781865347,0.0016754604072380238,0.2050421110502554,0.031228323287949413,0.00288214925290564,0.5102191510445374,0.05986795419902741,0.005525380849835765,1673210,0.6354980411114947,0.12887369699357715,0.475,0.6350000000000001,0.795,57200,0.5450437562615721,0.08219304881161485,0.44499999999999995,0.555,0.6350000000000001
hmid_cos__hpre_raw_logit_gauss,hmid_cos,hpre_raw_logit_gauss,real,9,451,967,60.36229542814907,3.186757414324468,0.29411475013232713,3.6377045718509144,3.18675741432425,0.29411475013230703,0.5126963346858308,0.06401794027292675,0.005908394665600677,0.22207135868502353,0.03430992605454947,0.003166558986646792,0.19883510086777054,0.04006782790056938,0.0036979718438402533,0.6162629530099689,0.042359169113579696,0.003909446129678007,0.11708669701455236,0.018126169399464397,0.0016729148443543557,0.470518563528028,0.06096589179936656,0.005626712580181198,0.6082153774462006,0.04473051364559033,0.004128304145470154,0.7763265942950746,0.032464447872302224,0.0029962346462980402,0.08194751568864023,0.036299038006165504,0.003350139689089055,0.24121999344321904,0.025570974854212884,0.00236001675122206,-0.17912658636966905,0.033740523620177154,0.0031140072442526656,0.028139958780776388,0.03839809131853188,0.003543867187048588,0.4349834361107415,0.0744785810793441,0.006873836447637184,0.5188302703249756,0.041929268117961785,0.003869769365033339,0.06555904455044588,0.019647421471914662,0.0018133154506778334,0.4366178388785516,0.05066402407243076,0.004675924409489424,0.5216324058293402,0.04003479377771071,0.003694923032296975,0.5983526463251712,0.05356044680693795,0.004943243360410499,0.07104931341610972,0.0561613595755051,0.00518328887049689,0.18734146257182566,0.040967579869179635,0.0037810124682189274,-0.14672242782072273,0.04905319149254679,0.0045272561677186535,0.04298700376987247,0.06591444886495842,0.006083428745120485,0.3360240641965237,0.10336082328562168,0.009539459319204708,0.9084670709935577,0.05877051150495281,0.005424094795772964,4.903805364491054,2.6225864487598383,0.24204583461867832,0.129923857243779,0.04898200013146623,0.004520685717993905,0.301728345854313,0.08351071580561022,0.007707437410244624,0.4309531396255489,0.02315717900770489,0.002137240784945179,0.07163770229459002,0.009001597209047465,0.0008307825697777718,0.3331351421743541,0.02418794355004435,0.002232372925990091,0.5131651035726241,0.028805094836280385,0.002658502725130239,0.38373706092594445,0.04235917554536449,0.003909446723285404,0.11708669692644504,0.01812616895022273,0.001672914802892586,0.22367339668532513,0.03246444769533209,0.002996234629964972,0.5294814296907716,0.06096589067347365,0.005626712476269394,1739218,0.6087933121340534,0.13310956304608373,0.43499999999999994,0.6150000000000001,0.775,58344,0.5135710977909742,0.08933990550214593,0.405,0.515,0.6150000000000001
hmid_cos__hpre_raw_logit_gauss,hmid_cos,hpre_raw_logit_gauss,real,10,451,967,60.12955337345581,3.146696615557095,0.2904174270268391,3.870446626544189,3.146696615557233,0.2904174270268518,0.5324792183218983,0.09173252795687802,0.008466251437203644,0.25065615204601555,0.05540180230700446,0.005113187206896112,0.24433951572243767,0.0683786899039898,0.006310860439231467,0.550982941507903,0.055693000164945855,0.005140062671229395,0.13591000742804388,0.024419561072297646,0.0022537495545899297,0.39048381989872716,0.07697900209106101,0.007104607292565973,0.5318851031370092,0.06325637106817275,0.005838107314778846,0.7463371482280978,0.04287098110145767,0.003956682688774981,0.0737073889888514,0.0330915668361016,0.003054113208535635,0.24018165004654907,0.027812675196792556,0.0025669095423600814,-0.1720465353986172,0.03335733287093779,0.0030786414988216012,0.011346159537881283,0.03698429108608641,0.0034133836114134874,0.4303687241961706,0.07978291622272898,0.0073633883659294875,0.4785866377275569,0.04614785780139266,0.004259114799698658,0.08199328121707268,0.027008535228156945,0.0024926932167359307,0.3751873844966453,0.06666976599002575,0.0061531390740307695,0.4803354407775027,0.0488651397069127,0.004509900342736464,0.5807995678322229,0.04895079826232717,0.004517806010268351,0.0550529366894272,0.04878080749243726,0.004502117086917537,0.16423439075146662,0.0376778859205266,0.0034773974175813134,-0.1337535236864838,0.03676350297892196,0.003393006459805094,0.027934583789249005,0.0523137302936469,0.00482818040828737,0.2878288698726451,0.09852207363060371,0.009092877587146456,0.8731462623991275,0.07308622217643265,0.006745331752242561,5.884246425396564,3.2474447550039627,0.29971575445098464,0.15934467362024599,0.061140032475614906,0.005642784509990613,0.3497676607757483,0.09804169149744628,0.00904854177720167,0.46572807186597137,0.02842189937172943,0.002623136544509887,0.07907092017128008,0.012067426374948818,0.0011137365138164088,0.3543802751676421,0.030031196131974334,0.0027716630411928887,0.5505443113024013,0.03421610165888288,0.0031578996708909847,0.4490170708062053,0.05569300922875923,0.005140063507754069,0.1359100073436732,0.02441956100406027,0.0022537495482921116,0.2536628393999734,0.042870978423722825,0.003956682441639346,0.6095161730240474,0.07697900032901502,0.007104607129941822,1731167,0.5427038682026547,0.15271809344828996,0.3550000000000001,0.535,0.745,58229,0.4734358293985718,0.10414448654792556,0.3350000000000001,0.485,0.5950000000000001
hmid_cos__hpre_raw_logit_gauss,hmid_cos,hpre_raw_logit_gauss,real,11,451,967,61.4112026185197,2.0624129597495156,0.19034585739090115,2.5887973814803082,2.062412959749846,0.19034585739093166,0.5324856080332752,0.0703698311292588,0.006494628429011858,0.24435307529850617,0.03767479771052243,0.003477112398047147,0.23154927842101097,0.04577516835609148,0.004224718248963731,0.5673134445486444,0.050763257845314276,0.0046850829717901285,0.12882900399395553,0.017598870406734118,0.0016242489462866894,0.4092719393617411,0.06669743964710495,0.0061556931532024415,0.556880820060894,0.05556253139201118,0.0051280213434586434,0.7440735708476497,0.03768944963504464,0.0034784646651197636,0.07020237065831456,0.028858501808126227,0.002663431803857461,0.22723280724612788,0.02203888160204661,0.002034029991252388,-0.16840671084698505,0.028508378774956343,0.0026311179703810083,0.01696750311453525,0.030998258241394207,0.0028609159066278187,0.39711757649435186,0.06420588416312209,0.005925740532611209,0.5188823092888155,0.043611632783389725,0.004025039502942058,0.08129649160795835,0.02075844995030126,0.0019158553747529276,0.4188008487071962,0.06190631921818316,0.00571350725556488,0.5188665518026809,0.04560771481710162,0.004209263493745341,0.6201303739044447,0.04111267948076414,0.00379440411698819,0.05124078977001038,0.04696972121697029,0.004334966871785781,0.13548631140421996,0.02707812920189789,0.0024991162391177183,-0.10756382140102716,0.04459915222133933,0.004116180432414073,0.03557632788450593,0.04909464607638168,0.004531082127144254,0.2335049330702235,0.0779246503048969,0.007191883809716364,0.8654908897229527,0.06463994419745621,0.005965801146565307,6.557672006776021,3.082214019485,0.28446614797861935,0.16915932110258142,0.05045173167826669,0.004656331350983025,0.36898976149925045,0.08458403924907502,0.007806497431244918,0.45788950086357405,0.0265862506676339,0.0024537193941773965,0.07470430289409409,0.007908564967398427,0.0007299035686984469,0.3564204872939935,0.026175294876388137,0.0024157911354042694,0.5422774033960994,0.030019435863154226,0.0027705776531084464,0.4326865700125165,0.05076326050547029,0.004685083217303363,0.12882900377341175,0.017598870083635323,0.0016242489164669987,0.25592641701642355,0.0376894489385527,0.003478464600838575,0.5907280519969699,0.0666974404768633,0.006155693229783158,1796795,0.5574045383585774,0.14651191522019685,0.3750000000000001,0.555,0.745,59376,0.5124418002452146,0.10256246866454638,0.3850000000000001,0.515,0.6350000000000001
hmid_cos__hpre_raw_logit_gauss,hmid_cos,hpre_raw_logit_gauss,real,12,451,967,62.32768451061134,1.924206282438584,0.17759037679447784,1.67231548938866,1.924206282438478,0.1775903767944681,0.6310886763048054,0.08030149364861265,0.007411249326212331,0.2914530358876609,0.05165665408460666,0.004767537008143047,0.27940772011232606,0.06592608163534193,0.0060845023660178015,0.5638608572955631,0.05984093866864231,0.00552288751101644,0.1357589987673517,0.02214928763009459,0.002044219672213503,0.4040351634981035,0.07667379709241094,0.007076439070060675,0.5432530542128182,0.06965306987946028,0.006428476529610467,0.760751468462081,0.04114239739531319,0.003797146866396337,0.07022808415968003,0.03302278454181805,0.003047765098319965,0.24391978259021668,0.029304313453643645,0.0027045770068584974,-0.18134670433057426,0.03493745975134591,0.003224475825752045,0.007442883042323222,0.038497918817438755,0.0035530805459837098,0.43136458703509584,0.07912829490302224,0.007302971534384231,0.5195157978680957,0.05406588499872216,0.004989891664048465,0.09422835868202828,0.023442078213917195,0.0021635349291029304,0.40565963120901566,0.07431179767196885,0.0068584435407388145,0.5107816942368916,0.058286074385190685,0.005379384739778989,0.6429116087707935,0.04728349607042146,0.0043639260301471215,0.062162214404453124,0.05037476326098117,0.004649227720591752,0.1551493799957992,0.031212229937818168,0.0028806639526341585,-0.11710020466479629,0.04497843847899944,0.004151185821402546,0.03954434448358466,0.05440518203511008,0.005021206336018571,0.2760238075393859,0.08981517731507091,0.008289293786647523,0.8389958578928408,0.057631697329152055,0.005318990452010485,6.718695076250021,2.9160071854853573,0.269126454648855,0.19496766848000135,0.047941376510449725,0.004424643655017503,0.3867108601266888,0.08290006566057584,0.0076510788013283175,0.4583891857846929,0.03205494505747761,0.0029584404867805175,0.07987395169363079,0.010423479092454073,0.0009620120235717835,0.34414472177981853,0.029675773775948353,0.002738860118396149,0.5442984059437279,0.03539147845546204,0.003266378481133432,0.4361391671180487,0.059840949173528994,0.005522888480541798,0.13575899886725923,0.022149287715890822,0.0020442196801318774,0.23924852126082197,0.04114239683566396,0.003797146814744745,0.5959648299799045,0.07667379811287775,0.007076439164242408,1852551,0.5526735427285786,0.15499689248236292,0.3550000000000001,0.545,0.765,60301,0.511882324068189,0.11803365912114903,0.3550000000000001,0.515,0.6550000000000001
hmid_cos__hpre_raw_logit_gauss,hmid_cos,hpre_raw_logit_gauss,real,13,451,967,61.38915637208323,2.639627224921412,0.24361857548696453,2.610843627916799,2.639627224921972,0.2436185754870162,0.5903375095443052,0.07207716905926907,0.006652203419319949,0.27675582292294904,0.04572776142202541,0.004220342930495904,0.2682455383636085,0.05882707912955735,0.005429315579978678,0.5510543703472787,0.057634392812126456,0.0053192392256692315,0.13311884138466076,0.017986078762906806,0.0016599854878925778,0.393851198744461,0.0713462376336941,0.006584743714784385,0.5335911220066045,0.06390708864243093,0.005898163858744,0.7403923921937636,0.043105607168210304,0.003978336984356846,0.07426654572502811,0.03581233600655536,0.003305220601002588,0.23342714276077844,0.021888904370098893,0.0020201881732647485,-0.16799001087975532,0.032136388291524674,0.0029659571105197613,0.016539904044712023,0.038718340661057025,0.0035734238941055613,0.41499967880499045,0.07046375808589762,0.006503297210406494,0.5107766042950727,0.05449276537474286,0.005029289647266569,0.09522875941939367,0.020925953566390564,0.0019313147517268133,0.3941087263261342,0.06894884758384386,0.006363481885342339,0.5053753583287567,0.05824826217570052,0.005375894945263674,0.6354263845195918,0.051603270223777455,0.0047626100623961555,0.06648383575259496,0.056478388536018,0.005212548359495593,0.14654527114246607,0.02748936343114142,0.0025370701957120145,-0.10251160884656303,0.04654828301724291,0.004296071162231023,0.04467375603649252,0.059120668258777105,0.005456411741422877,0.26843403230431373,0.09153876808247419,0.00844836879675232,0.8286789562335651,0.05789727760842727,0.0053435015983964605,7.316832038267726,3.0376986171039646,0.28035769705308394,0.19924818716228174,0.047540568897885584,0.004387652000023448,0.40055933730514903,0.07763047221708629,0.00716473329163742,0.4660181340589694,0.03031938790170051,0.002798261065241473,0.07709162582989172,0.00782496423908733,0.0007221878237824471,0.35864510125487575,0.029770378677362496,0.0027475914692092485,0.549209695819086,0.03218009907154657,0.0029699913005985044,0.44894564783493845,0.057634400779263496,0.0053192399609785805,0.13311884106719887,0.017986078265128314,0.0016599854419512092,0.25960759382902254,0.043105605914836725,0.0039783368686794945,0.6061487940402521,0.0713462385112219,0.006584743795773879,1798589,0.5391330617348147,0.15210687146457066,0.3450000000000001,0.535,0.745,59380,0.5010727947912219,0.1181077109381599,0.3450000000000001,0.505,0.6550000000000001
hmid_cos__hpre_raw_logit_gauss,hmid_cos,hpre_raw_logit_gauss,real,14,451,967,62.79970963995357,1.5354066627046936,0.14170697302625682,1.2002903600464572,1.535406662705609,0.1417069730263413,0.655856503317159,0.08226563973327408,0.007592525859002966,0.3180551218282911,0.05201752229564568,0.0048008425441224585,0.3183212498005662,0.06584487784705687,0.006077007841397287,0.5202689118684123,0.05035019830885985,0.0046469605524908164,0.1420207168891587,0.01838586480856215,0.0016968828596208986,0.3573385669612138,0.06420464184175928,0.005925625875299811,0.49592242364759564,0.0574484123118772,0.005302074565405347,0.7277592281239322,0.03834396569183048,0.0035388717816557964,0.05246837832762941,0.02325241711924887,0.0021460305764912577,0.23608373649769993,0.025528917215281343,0.00235613513415579,-0.1851082086114707,0.02764483649221866,0.0025514192391332354,-0.010865164692276228,0.024537003785973774,0.002264588670938244,0.398386725113024,0.06980869242690753,0.006442839369546656,0.49235641295759985,0.04353214061649659,0.004017702948644527,0.11072673164530311,0.021392143638932784,0.0019743407367244794,0.36063620436037064,0.060311151501631,0.005566284767821066,0.4773236351704637,0.049627242569626875,0.004580236946343246,0.639452544037379,0.042218299541308034,0.0038964448830617147,0.03974119062763241,0.03719874387906808,0.0034331760591660107,0.15491326306803502,0.031119984469332666,0.0028721503604816775,-0.13276082119421048,0.03547251279976261,0.0032738573672949473,0.010729233626245374,0.03972579919464944,0.0036664050584528404,0.255371326436299,0.08074689587307426,0.007452356742599618,0.7952530791097803,0.05623744309200215,0.005190310830920715,8.078931578537842,3.291564745981025,0.3037877117527016,0.23457224689146347,0.04664494504520854,0.004304992371004117,0.44752351011577046,0.08054190217631438,0.007433437301279667,0.4821229501798783,0.025837885624964526,0.0023846506923856947,0.08035045693029731,0.008520030811563219,0.0007863374607677317,0.3677719959515023,0.02601960415224586,0.002401422003250314,0.5659250140614928,0.02851396504776454,0.002631633543114524,0.4797311198459973,0.050350205549891426,0.0046469612207858625,0.14202071718132916,0.018385864788840824,0.0016968828578007623,0.2722407601722605,0.03834396473355053,0.0035388716932134604,0.6426614279455499,0.0642046435703179,0.0059256260348333175,1879309,0.5119580527846688,0.15401807599164255,0.32500000000000007,0.495,0.735,60748,0.48692285782998707,0.12469578281290977,0.32500000000000007,0.485,0.6450000000000001
hmid_cos__hpre_raw_logit_gauss,hmid_cos,hpre_raw_logit_gauss,real,15,451,967,61.23599936648717,2.6737905280751657,0.24677160223622246,2.7640006335128287,2.6737905280751137,0.24677160223621766,0.5739634397956013,0.07393590393859546,0.006823751257300333,0.25907098955303987,0.04281652062450455,0.003951656379116406,0.24121183763153833,0.05004299911782677,0.00461860828039586,0.5852436000875568,0.043905513923104614,0.00405216261485115,0.12308866791344539,0.014856292878724864,0.0013711287995371547,0.43863250434071377,0.054054240405132084,0.004988816951954365,0.5698931913416572,0.050684004231284,0.004677768434203169,0.7592566812205825,0.03259420984043921,0.003008210741078188,0.0817677196432088,0.0372548466536584,0.0034383539410644546,0.2349342720634411,0.021348213083268466,0.0019702862629373294,-0.16733573413742214,0.0343344704530975,0.0031688242578009926,0.025348423271587456,0.04131330130773517,0.003812920066224063,0.4266476355234254,0.06351235013959212,0.005861732338852281,0.5340078160830692,0.04706293556789707,0.004343569884807212,0.09149933532775219,0.017190260372575015,0.001586537183992495,0.4213880870989622,0.05529226322282639,0.0051030775386082345,0.5287533160303389,0.05353708680522542,0.004941087400551148,0.6534742487333114,0.044687637759601925,0.004124347010095651,0.07396154613686634,0.053826502900030666,0.004967798420983798,0.15276535117858886,0.02646613660231825,0.002442633731318688,-0.09808548725512517,0.04351238052058966,0.004015879234155268,0.04686561023822908,0.060289031521475175,0.005564243253017579,0.28978133325804967,0.08275429958572596,0.007637625642801241,0.840052362078851,0.051996522849954714,0.004798904446577113,6.696358974358057,2.717806813532485,0.2508339882656206,0.18859883295471438,0.043809107465640165,0.004043264993394039,0.3793401802987057,0.06439991239339801,0.00594364794037614,0.44838394699542483,0.024250876742654404,0.002238181206261546,0.07360627435475407,0.007190134877687588,0.0006635976473964201,0.34588459460099186,0.02378362060186524,0.002195056830845248,0.5289049527747002,0.02548999327728219,0.0023525427351086176,0.4147564188160396,0.04390552411414623,0.0040521635554108685,0.12308866763319307,0.014856292881402913,0.0013711287997843192,0.24074330972803587,0.03259420902902408,0.0030082106661904174,0.5613674892793676,0.05405424063599748,0.004988816973261578,1794127,0.5762556835370655,0.1353909331530404,0.405,0.5650000000000001,0.765,59303,0.5260444319035322,0.10989911281060825,0.3750000000000001,0.525,0.665
hmid_cos__hpre_raw_logit_gauss,hmid_cos,hpre_raw_logit_gauss,real,16,451,967,61.14859571322985,2.891729079141451,0.2668857603465754,2.851404286770141,2.89172907914121,0.2668857603465532,0.5719937064262582,0.08821705274071641,0.008141798402231434,0.2650597654397902,0.053149135557658045,0.004905282295421742,0.253317283479399,0.06338768400397617,0.005850226552700554,0.5664695191176938,0.05164393658788797,0.004766363274819978,0.12510546196365002,0.014329143105549376,0.0013224766733593333,0.4205979012321826,0.05966762184766332,0.005506891617112865,0.5481658496680853,0.06014215603624125,0.005550687703904877,0.7449059353712028,0.036527270583258754,0.0033712039116376886,0.08986293472560425,0.044024870610506736,0.00406317837718502,0.23307929134377706,0.01803360947692403,0.0016643722303581162,-0.16006139694611918,0.04020831408252211,0.0037109377062922687,0.03619805501539691,0.05140457114755821,0.0047442715692020835,0.42924948837967997,0.05953826621491243,0.005494953024161382,0.5440419607043027,0.05245668116028174,0.004841373743378556,0.09428324844556801,0.02064690878025065,0.0019055609283631773,0.43106792476663436,0.06852200672057217,0.006324087548866298,0.5348006531158794,0.06134349394618492,0.005661562537872269,0.669868622839816,0.04160546309443924,0.0038398844942374513,0.10751292274619119,0.06086950841513106,0.005617817088216887,0.15897534810354322,0.029055660730728152,0.0026816281519687958,-0.08079393607125859,0.06369102819647568,0.00587822303620446,0.0864969358984787,0.0728085913664386,0.006719708428690101,0.3304169312383412,0.07383212776169411,0.006814173463834839,0.8272382645052674,0.06300338964913527,0.00581475895242347,7.091305950378721,2.8855796219577527,0.26631820975270126,0.20136763896836782,0.054579556492839056,0.005037299842174354,0.3868986854656372,0.07102061583163827,0.006554691168418977,0.45839623160909654,0.027884550137250903,0.0025735430815365056,0.07364198761449255,0.006451663097309558,0.0005954420224375305,0.3558021705221217,0.025710652665893882,0.0023729080069219534,0.5371722845996073,0.027793142450091388,0.002565106810564561,0.4335304986143892,0.05164394502070944,0.0047663640531086455,0.12510546217251164,0.014329143137262695,0.0013224766762862442,0.2550940536837362,0.03652726976033125,0.003371203835687409,0.5794020929701943,0.05966762133539554,0.0055068915698342396,1796075,0.5531858145757067,0.141719139211771,0.3750000000000001,0.545,0.755,59323,0.5335822397588331,0.1181600891643194,0.3750000000000001,0.545,0.6849999999999999
hmid_cos__hpre_raw_logit_gauss,hmid_cos,hpre_raw_logit_gauss,real,17,451,967,63.014343786295,1.5710510289458581,0.14499669122806338,0.9856562137049939,1.5710510289459017,0.1449966912280674,0.6921625461263764,0.09091055530735874,0.008390389283610689,0.31888503247020217,0.05511878382182946,0.005087066639740323,0.3046120587053142,0.06593912134179687,0.006085705836978143,0.5667992258840322,0.045931038062020084,0.004239103899847079,0.1391184792778076,0.01866634767923173,0.0017227694078258452,0.40818198190884214,0.05964238049277856,0.005504562021910055,0.5367086306044411,0.05810012846325659,0.005362223270844472,0.7735171267376723,0.024033842428932944,0.0022181505027434817,0.06462105758873256,0.03046410626730402,0.002811617527753402,0.25429974144115985,0.022775061134401968,0.0021019740582334414,-0.20654943499217748,0.036382267714466544,0.0033578211915311655,-0.0010555011668243652,0.03895337261392034,0.0035951156500512076,0.44000149603778527,0.05078541157744166,0.004687127601657421,0.5258051821832395,0.040303156260471706,0.003719690956020116,0.12144784216337645,0.02207373186951911,0.002037246419858985,0.37881011495654043,0.05776436526669647,0.005331234746830684,0.5143037313114954,0.04872030071557516,0.0044965327473383415,0.679857760938731,0.03710056081911356,0.0034241144700987193,0.07882814391583277,0.03815036199720937,0.00352100355547321,0.18736311435060682,0.029558532520763823,0.0027280395952151873,-0.14094742817344308,0.040553313637737835,0.003742778679665997,0.058738206437848,0.04923544677484429,0.004544077017204176,0.3375861380076588,0.06739086257887954,0.006219691093992717,0.8128236351575435,0.03656270154762354,0.0033744739343837737,6.519349166365435,2.2270592917585486,0.2055415276296746,0.22309157926946796,0.04098680748447306,0.003782787038583853,0.43102966405222376,0.05950956510517724,0.005492304118511916,0.457028490826826,0.02464202167499541,0.0022742810654864404,0.08208288779298756,0.008659887272902053,0.0007992452045439497,0.33582907818480434,0.017747136241216585,0.0016379328146181656,0.542939842381657,0.02799409796396355,0.0025836535566973393,0.4332008126450119,0.04593104608266254,0.004239104640094592,0.1391184792986151,0.01866634770826964,0.0017227694105058351,0.226482868016792,0.02403384247220142,0.0022181505067368503,0.5918180141818647,0.05964238183034658,0.0055045621453579455,1888980,0.5592597484109004,0.15195941109087802,0.3750000000000001,0.535,0.775,60891,0.5206736147259823,0.13461445786869605,0.3450000000000001,0.535,0.695
hmid_cos__hpre_raw_logit_gauss,hmid_cos,hpre_raw_logit_gauss,real,18,451,967,62.15333650089748,2.7810227244828902,0.2566683614030272,1.846663499102524,2.7810227244828924,0.2566683614030274,0.6697245238011948,0.12684455609297837,0.011706838667178763,0.324412333022238,0.07184200453683755,0.006630499428158264,0.3244130071643167,0.08221301825099332,0.007587669275303488,0.5242852401205066,0.04509330291162396,0.004161786980985197,0.14556983897979525,0.01607420544135249,0.0014835333545340653,0.3611049191209888,0.053867283712424274,0.0049715621961596,0.49106112835607646,0.05699602227885433,0.005260322224631997,0.7391847195176336,0.029740438386458977,0.002744828196065709,0.06933182077423342,0.03883715473670266,0.003584389577283591,0.2465874696293794,0.022121462781073024,0.002041651639114824,-0.19449037370431183,0.04473023754801107,0.0041282786636527525,0.009616138710920723,0.04661223491237314,0.004301973461405779,0.42913889896213914,0.05724784679792784,0.005283563813455663,0.49488557559873575,0.03941364541316775,0.00363759551335516,0.1294511520376652,0.02296910719652812,0.0021198831117496763,0.3379045900470723,0.056826742403834334,0.005244698911755986,0.48232277382384287,0.05064532237861876,0.004674198377888197,0.6601674389918152,0.03570462824824731,0.003295279950898601,0.07906666165349215,0.04740829823026505,0.004375444370355064,0.1796840980310725,0.031246597817346265,0.0028838358603088836,-0.13327653812388082,0.055302829030289845,0.0051040526865150345,0.06039503377049742,0.05753471391911641,0.005310039581987746,0.325978513644453,0.07119038361924704,0.006570359512111734,0.7931982413146708,0.04430603195561096,0.004089127543692169,7.2706767735429905,2.467918912527509,0.227771135337184,0.24206122711667435,0.04492364466774622,0.004146128747389601,0.45746137063693465,0.06644166024110283,0.006132086556808515,0.4798715252665644,0.02362372625369,0.002180299734478344,0.08248985742792372,0.007379765147156049,0.0006810991550642275,0.3603205228994746,0.020750620222505827,0.0019151327472872136,0.5645383369049747,0.024587754189669925,0.002269272567564675,0.4757147921607798,0.04509331333354303,0.004161787942853243,0.14556983904862913,0.016074205214368538,0.0014835333335850816,0.26081527460835746,0.029740438361999154,0.0027448281938082437,0.6388950772540217,0.053867284001793185,0.004971562222866267,1859142,0.5140822216546371,0.15486114566006717,0.3350000000000001,0.485,0.735,60389,0.4878594510417757,0.14101361286349917,0.30500000000000005,0.495,0.665
hmid_cos__hpre_raw_logit_gauss,hmid_cos,hpre_raw_logit_gauss,real,19,451,967,60.362717770034884,3.4749486332548063,0.32071272334642414,3.637282229965155,3.4749486332554347,0.32071272334648215,0.5567335280923604,0.10174060451681473,0.00938992479981978,0.261215155637229,0.05765698690428586,0.005321324497594876,0.2522961682618677,0.06549626331151444,0.0060448332313837744,0.55633813853158,0.04525935953061943,0.004177112810552311,0.1283742258846587,0.016396567760690366,0.0015132850741277684,0.4064390990464998,0.058170281222021496,0.005368697865058167,0.5368024668512231,0.05316702006780059,0.004906932906857732,0.7370674188317548,0.030689415765889336,0.00283241197121527,0.0912122537325648,0.04549282573963101,0.00419866005962095,0.2352505581358451,0.020869693003838938,0.001926122307136335,-0.1658608044766269,0.04743767025943256,0.00437815519703445,0.0404424950056512,0.05418257080841183,0.0050006609236119956,0.42951629558711274,0.05819097654711149,0.005370607894463101,0.5085618484199279,0.04715925675436111,0.004352459636365325,0.10274509880119462,0.01959671476727863,0.0018086355871598187,0.3808608677965506,0.062407820369308135,0.005759792198714675,0.5067150962625255,0.05336754723119838,0.004925440119327807,0.6401315263814602,0.039422783190620134,0.003638438864380278,0.1028326294226299,0.05748929586886697,0.0053058478231671445,0.17015176880933605,0.028097041651247903,0.0025931545173689115,-0.10677201168586248,0.06270857299094323,0.005787549498898943,0.0930401042224866,0.06821581033404366,0.00629582782840234,0.3308555585049307,0.07219506750619735,0.006663084596564076,0.8199601366113752,0.05414872151448488,0.004997536877652071,7.257825381379989,2.7385789081774616,0.25275110294738795,0.20267792357608377,0.04522158196763754,0.004173626213660096,0.4079057926033018,0.07061296679751607,0.0065170680995046,0.46413342115896933,0.024119670746182608,0.0022260718380696957,0.07442570928590007,0.00756665714014603,0.0006983479395411701,0.361755290939317,0.021328362607198493,0.0019684542070101713,0.5438490822398351,0.027215961712235663,0.0025118371867982304,0.44366187937451507,0.04525937008603636,0.0041771137847412465,0.12837422592678502,0.016396567500802216,0.0015132850501419646,0.2629325726076689,0.03068941630657783,0.0028324120211169227,0.5935608969307691,0.058170281992731936,0.005368697936189187,1748767,0.5460298744496324,0.14040150679289387,0.3750000000000001,0.535,0.735,58501,0.500364834800834,0.1203884622551573,0.3350000000000001,0.515,0.6550000000000001
hmid_cos__hpre_raw_logit_gauss,hmid_cos,hpre_raw_logit_gauss,real,20,451,967,57.72224685883219,5.014767944628263,0.4628269520535813,6.277753141167774,5.014767944628093,0.46282695205356567,0.5771395260278731,0.1225340370762885,0.011309008817364751,0.2503926223253086,0.07159066565840694,0.006607302660467106,0.22670855541134255,0.08173048781044097,0.007543135192063775,0.6240609403198919,0.0652138471843248,0.006018768257530304,0.12389234207757775,0.02470652879226575,0.002280234607664594,0.4744794283586538,0.0885379386357563,0.008171413858499434,0.6088743007124232,0.07933527393866903,0.007322074208179936,0.7955849911752869,0.031032694306341962,0.002864094107325532,0.14765714896643609,0.07780700948695081,0.0071810264097711875,0.24153157057034694,0.02783175583897118,0.0025686705481653884,-0.13030438250962062,0.09451383263633205,0.008722945821019143,0.10740174373813378,0.09121602269399519,0.008418581722636738,0.4896134096463973,0.06376326351450726,0.0058848898356345285,0.5572349871594818,0.05891032018482067,0.005436998129663656,0.10054964165023024,0.030367393582605786,0.002802691643728848,0.4301172517810387,0.09192837791840308,0.008484326977638084,0.5617094721599095,0.0656371544708818,0.006057836470333473,0.6763756659946664,0.0407326018409673,0.003759325689130063,0.14649485410175234,0.07398203713431652,0.006828009018895651,0.15375563889775717,0.0346287822352856,0.0031959871149077677,-0.04117500132391231,0.09722394489586397,0.008973069657386448,0.13883235442613934,0.08485541512693165,0.007831543469625175,0.34860260958577116,0.0700243754736911,0.006462745360861648,0.8598638061431276,0.048046591914558005,0.004434354278785185,5.496458559439786,1.8133256907246185,0.16735689702601841,0.17061560061212425,0.04887212770475126,0.004510545284591459,0.386058203555056,0.07825227559741346,0.007222121263817012,0.4242649831190091,0.03716906296190274,0.0034304367243498295,0.07657919859887512,0.010525042370182704,0.0009713855823866168,0.3184435558222645,0.02452854854914801,0.002263808313495553,0.5099397342695742,0.044246354750221185,0.004083619767583165,0.3759390701983203,0.065213860246646,0.006018769463088442,0.12389234190266109,0.02470652881328975,0.0022802346096049576,0.20441500001995339,0.031032693002935922,0.0028640939870305453,0.5255205659387531,0.0885379366448538,0.008171413674753478,1625182,0.6008095580749884,0.15333567311099186,0.39500000000000013,0.6150000000000001,0.795,56237,0.5435337543716483,0.13408244437568465,0.3350000000000001,0.5850000000000001,0.695
hmid_cos__hpre_raw_logit_gauss,hmid_cos,hpre_raw_logit_gauss,real,21,451,967,52.41837187203043,4.800728732780449,0.4430726748600396,11.581628127969587,4.800728732780695,0.4430726748600623,0.44538760253422643,0.09452283105952183,0.00872377631064981,0.1812154650089906,0.05502800984218137,0.005078688855406094,0.1542150972479673,0.0631057859660052,0.005824209394749358,0.6711558621757109,0.06258629533380389,0.005776264152102652,0.10522414008160386,0.024964339305301956,0.0023040286606045173,0.5398708956273829,0.09166874953984808,0.00846036514880771,0.6647116768805079,0.06923870654401341,0.006390233779057462,0.8122193486892413,0.03298431572404702,0.0030442147035909047,0.22005160536473276,0.07653344177919555,0.007063485285850263,0.2172300191855949,0.026994529975027746,0.0024914006327739014,-0.03401645330484543,0.09923906996410777,0.009159051183080191,0.18911907133918326,0.08306010916462005,0.007665849663707324,0.5250325064257727,0.06345403219511513,0.0058563500127326385,0.5979958369421704,0.05582536107513872,0.005152278629637046,0.07315676116422226,0.02820714402364936,0.0026033161731015605,0.5042669323485895,0.09242062365057908,0.008529757712300181,0.604850588870607,0.05383157936979202,0.004968266942569,0.6829681240444626,0.03636531034323538,0.00335625614833706,0.20647703366030198,0.0658589591205169,0.006078307441488158,0.11584385705598685,0.02610630232575344,0.0024094236200421946,0.06266625128541538,0.08493114029628933,0.007838532357189773,0.20223876944730415,0.06721898097191883,0.006203827660002933,0.35675200206950264,0.0662712160307035,0.006116355784165526,0.9060675518013157,0.04671999092411999,0.004311918564954522,4.4637433540127525,1.5288765389596162,0.14110428965130536,0.12831578956915551,0.04012841255664854,0.003703563371110098,0.31185241129299285,0.08601195872726249,0.007938284111538942,0.3969491299574937,0.03620343014732994,0.0033413157725318333,0.06883110131410734,0.010659319053760408,0.0009837783528753694,0.3048306250423366,0.026436966268792373,0.0024399415196938953,0.4762905326895018,0.046543598020411414,0.004295638770776853,0.3288441356471714,0.06258630215378692,0.005776264781537951,0.10522413992769127,0.024964339271773203,0.0023040286575100547,0.18778064295341942,0.03298431535684358,0.0030442146697006733,0.4601290969989731,0.09166874870576304,0.00846036507182767,1341949,0.6453474104025089,0.14702518139548854,0.4149999999999999,0.6749999999999999,0.8150000000000001,51073,0.5839541616759684,0.11782549840704687,0.39500000000000013,0.6150000000000001,0.695
hmid_cos__hpre_raw_logit_gauss,hmid_cos,hpre_raw_logit_gauss,real,22,451,967,49.06453911941717,4.091285923995,0.3775962148379515,14.935460880582832,4.091285923995069,0.37759621483795786,0.3801798333830539,0.06734960210502032,0.006215883049519391,0.14831357080312002,0.03461832992857432,0.003195022442302669,0.12006183275719882,0.03635458659908138,0.0033552664240115875,0.6924409736642085,0.03939438608502838,0.003635818016123031,0.09835075561333613,0.015479923479359675,0.0014286854109868098,0.5664257555528209,0.0608647613819333,0.005617378971253056,0.6909221281024236,0.03961127703392211,0.0036558354881003783,0.8208554227010919,0.02680616155364463,0.002474015584593301,0.2351247779031339,0.060490476864065675,0.005582835206812056,0.21074020682525624,0.017387349875796407,0.001604727125195143,-0.012261792046653723,0.07241907876476644,0.006683759221825705,0.20743967991396717,0.06401226712063465,0.005907871074516727,0.5294801099216244,0.06026887527609171,0.005562382976785722,0.6070439901046759,0.03890293784563345,0.0035904608842990352,0.05825273620100222,0.015163298406822593,0.0013994631979384361,0.5359220649347322,0.05717203195350798,0.005276566649528895,0.6118214218686784,0.037460914479757884,0.0034573725167838147,0.6727225151433381,0.03508667818195809,0.00323824761184325,0.20618666115843254,0.05175881190698365,0.004776965439145486,0.10223275528302851,0.01780572706685793,0.0016433403257032865,0.08483377770762272,0.05662456385904755,0.005226039288681197,0.1986780652989746,0.05338356623075234,0.004926918557576669,0.3388318842845891,0.061839545996111724,0.0057073445682398905,0.9292039590241374,0.03358968147488074,0.003100085600994268,3.9275619173406127,1.3855250563447699,0.12787398059142932,0.10806169530860402,0.03188425412289839,0.0029426869432732645,0.27292770165841895,0.06107864182860653,0.005637118595564818,0.3852204653968114,0.024072765518935457,0.0022217428235266727,0.06658668603123467,0.0067831674754539675,0.0006260374881944946,0.2981220874491312,0.02226121425258401,0.0020545496930863376,0.4639260551041729,0.03178334406823898,0.002933373672241531,0.307559021756489,0.03939438507087318,0.0036358179225238125,0.09835075567434262,0.015479923601724569,0.0014286854222802078,0.1791445701340083,0.02680615989420785,0.002474015431439242,0.4335742374437435,0.060864757582718775,0.005617378620612927,1157252,0.6784559379892213,0.12068610932337014,0.515,0.6849999999999999,0.8250000000000001,47520,0.6000077538217359,0.0875115634663967,0.495,0.6150000000000001,0.6849999999999999
hmid_cos__hpre_raw_logit_gauss,hmid_cos,hpre_raw_logit_gauss,real,23,451,967,48.3894784077711,3.6832888342756966,0.33994102289955075,15.61052159222891,3.683288834275766,0.33994102289955713,0.429990177985079,0.07381585043161246,0.006812671183539431,0.17017788904200926,0.03573627143963162,0.0032982003894878563,0.13956012152770217,0.035449299823746415,0.003271714976848112,0.6808273247881216,0.03547087960605892,0.0032737066352825517,0.10380663333311027,0.012172804148095897,0.001123462123076574,0.5470052453219142,0.052294668350612555,0.00482642112827836,0.6799387493259789,0.033953450845543125,0.003133658893105315,0.8160501956596712,0.02977602636756335,0.00274811271032562,0.2160978901840446,0.05667909040938075,0.005231071696436724,0.21750467491872374,0.016932732439339446,0.0015627692111323047,-0.036684068971324944,0.06391386396930492,0.005898789172601167,0.1851826143352898,0.05922278958496422,0.00546583680408993,0.5222116374690051,0.06673088088930539,0.006158779538927846,0.6116151038153336,0.034809315526930375,0.0032126490370622423,0.06116851210038983,0.013074696719821805,0.0012067003097007032,0.535098571233784,0.048766997336196355,0.004500842508992709,0.6177054732422771,0.0344436370359957,0.003178899546904449,0.6799642545641217,0.03502023610997321,0.0032321154872854575,0.2206424855245141,0.05004202031701878,0.00461851794413312,0.10673265548100593,0.01940240787614899,0.0017907024610057222,0.09079179473405756,0.05463478096520977,0.0050423966631057155,0.21727678050777666,0.05180321015880338,0.004781063077918232,0.35577818432276276,0.06442167046779039,0.005945656053885034,0.9255890251020987,0.03167921531878669,0.0029237633388697185,4.00942799815305,1.351446063993188,0.12472873512178892,0.10963966810263366,0.031265270110591874,0.002885559178449651,0.28775664624603586,0.05610031279737831,0.005177654692691438,0.39244551788069565,0.022374620389675352,0.0020650162624976658,0.06964171840122423,0.0056632171027462186,0.0005226741375519507,0.30194977275982354,0.02502428128464578,0.0023095608734418987,0.47479451646942383,0.02738712245558332,0.002527634090270041,0.3191726702273602,0.035470879077088284,0.0032737065864623734,0.10380663330337403,0.012172804324173303,0.0011234621393272502,0.18394979510738355,0.029776027132460012,0.0027481127809200713,0.4529947475264409,0.052294668027421914,0.0048264210984501925,1129409,0.6699174077258427,0.11650699444341274,0.515,0.6749999999999999,0.8150000000000001,47016,0.6049239116196165,0.0806565018950545,0.495,0.6150000000000001,0.695
hmid_cos__hpre_raw_logit_gauss,hmid_cos,hpre_raw_logit_gauss,real,24,451,967,50.8858251504593,3.689398032608636,0.3405048578915475,13.114174849540705,3.689398032608655,0.3405048578915493,0.4324789796836801,0.0724138230218335,0.006683274154618351,0.1753502437197637,0.034918071479676925,0.003222686427961115,0.14689145347546176,0.03433483613667377,0.0031688580077604894,0.6646692184320524,0.032254103646038854,0.002976821389653168,0.10485615425150892,0.009899613290602079,0.0009136629842875267,0.5325039873473332,0.04165209385364656,0.0038441881773578204,0.6618098864897657,0.03199509036635361,0.0029529163300169524,0.8010226277656332,0.032944945476605626,0.0030405811133976807,0.1798751781393492,0.04767534779039218,0.004400091120778139,0.21425414665661835,0.017912315391990046,0.0016531776601901669,-0.05675962750187968,0.04662438274871162,0.004303094619179911,0.14158791147696376,0.0488229791052475,0.004506009222951679,0.47991372463053944,0.07030781861731693,0.006488905120932969,0.6066944767115752,0.032216667292055294,0.0029733662838932356,0.057093354398680664,0.010519077267636064,0.0009708350463975476,0.5358537534282686,0.0391362694496888,0.003611995710299985,0.6091353554916212,0.032489993499530745,0.0029985923236460297,0.6751609805907268,0.03444035879657792,0.0031785969890244857,0.2020073212257217,0.0449813632755803,0.004151455759055064,0.10778143306545696,0.019886154761840507,0.001835348813367818,0.07192141067138633,0.044702397118190094,0.00412570919255854,0.19477436687435837,0.046368902153600226,0.004279515600878396,0.34374693677265145,0.06390143285631039,0.005897641870432568,0.9218134599050563,0.034046010027510905,0.00314220143875204,4.387975434662359,1.5811534301359966,0.14592907007447897,0.11820870551611375,0.03252723875780809,0.00300202979264904,0.26725302101921694,0.0490850949154151,0.004530200623799025,0.4027904758347263,0.02033528183673533,0.001876800006614153,0.06976505419770995,0.006170072968558207,0.0005694532822889525,0.3140802857548348,0.026684855815894144,0.0024628199389543424,0.48283149595812425,0.021615675117851077,0.001994971081780945,0.33533077201931005,0.0322541022743523,0.002976821263056381,0.10485615426220772,0.009899612905244132,0.0009136629487217645,0.19897736306089353,0.032944942850759655,0.003040580871051016,0.46749600629036975,0.04165209214766736,0.0038441880199082314,1251270,0.655616145168384,0.11258731761016268,0.515,0.6550000000000001,0.795,49478,0.6009556605217504,0.07334956101671003,0.505,0.6050000000000001,0.6849999999999999
hmid_cos__hpre_raw_logit_gauss,hmid_cos,hpre_raw_logit_gauss,real,25,451,967,50.677246330904865,4.090494706776909,0.3775231911890998,13.322753669095135,4.090494706776787,0.3775231911890885,0.4437084412098989,0.07574696802277982,0.0069908994243365824,0.1717183217477074,0.03509393808858761,0.003238917648920665,0.13761551874451686,0.03340651558446585,0.0030831807089400478,0.6939418752579108,0.033218818854923136,0.003065857653077067,0.09806161131935986,0.00990252609775764,0.0009139318154024684,0.5695711245701124,0.04330093111739207,0.00399636397764169,0.6924926346442274,0.03304612764776002,0.0030499194988214203,0.8195907522920018,0.03208212597742154,0.0029609490898645625,0.1872720740107766,0.050370000969791835,0.0046487881954252255,0.21813435304869433,0.01905016086229507,0.0017581925994144953,-0.05459744053355773,0.047122229929460094,0.004349042327189232,0.14952117737815426,0.05325451592041353,0.0049150081436841065,0.4915311269124625,0.07582808072547036,0.006998385542412954,0.6593324182786164,0.03182413565025585,0.0029371384413759702,0.054206162385257835,0.010864870761642238,0.0010027492946016487,0.593057826005938,0.04044902914838004,0.003733153972622946,0.6611660846402934,0.03351372896423303,0.0030930757314664966,0.7245330433658104,0.031084553608967606,0.0028688803473340178,0.2364912768339823,0.04601812899379283,0.004247141765397182,0.11792009914890379,0.0218920680907832,0.00202048016189067,0.09471398648016446,0.04927241912138195,0.004547489298419825,0.2343178693274247,0.048950954874439255,0.004517820464437974,0.38554840741499924,0.06298714293056099,0.005813259497349649,0.9300910683937402,0.031567619051584846,0.0029134638074098606,3.977363406349394,1.2856217630277387,0.11865362637831646,0.11029976137889475,0.03127471955804838,0.0028864312943707015,0.2527927333050294,0.04947846973116425,0.004566506285197145,0.384378473827736,0.021906509293693845,0.002021812980876697,0.06829837478804289,0.005878077139374901,0.0005425041709590789,0.29887923808047995,0.027451158222286918,0.002533544130186761,0.4631540217964807,0.023478315490254618,0.0021668793686349607,0.30605811895689533,0.03321881574102583,0.00306585736568678,0.09806161162694897,0.009902526114783112,0.0009139318169737967,0.18040923865901615,0.03208212542958566,0.0029609490393032573,0.43042886932168595,0.04330092979216296,0.003996363855332591,1234236,0.6846674364709158,0.10653448958472582,0.545,0.6849999999999999,0.8150000000000001,49114,0.6534335011597463,0.07052455352343093,0.5650000000000001,0.665,0.735
hmid_cos__hpre_raw_logit_gauss,hmid_cos,hpre_raw_logit_gauss,real,26,451,967,52.08992186675111,3.6012531599146964,0.33236972118760755,11.910078133248865,3.6012531599143927,0.3323697211875795,0.45225230717329234,0.07488245789277398,0.006911111367758881,0.17163292238719483,0.0359163866390907,0.003314823724745765,0.13567360632594358,0.035247055530565084,0.0032530492856701954,0.7047724584669184,0.037342309161923305,0.003446426100447735,0.1017064876644378,0.013173860798099674,0.0012158524396914264,0.5722171313532832,0.05054425656237654,0.004664870731184565,0.708577309358008,0.038220728083773046,0.003527497838305796,0.828538652466892,0.03333042561617349,0.003076158153061998,0.16083045079839023,0.05090419745585531,0.004698090682434088,0.22182352473744377,0.021679332777458975,0.00200084622513683,-0.08196681909108539,0.042299529521290236,0.003903941824987175,0.12039404002369708,0.05394266983304195,0.004978519791968195,0.46407718698835065,0.08023175955331438,0.0074048133716203175,0.6770332783938915,0.0312033981146087,0.0028798488389813934,0.05739916329290873,0.011598501850407728,0.0010704581585997915,0.6053882473569375,0.040896201982821415,0.003774424803554885,0.6805905458164647,0.03289420606738538,0.0030358982314821654,0.7455302125123648,0.027666197288291016,0.0025533906867154107,0.22138947620923732,0.04706196355033488,0.004343480174589189,0.14206691318801354,0.022929379973329726,0.002116216575265937,0.04014299024704618,0.06406892238213259,0.005913099946976314,0.22974346309876484,0.05057038510011719,0.004667282206973205,0.3920849552742878,0.059287747936207065,0.0054718319919128,0.9277571504155833,0.029655172883249405,0.0027369588044205634,3.963637038426267,1.248359042476095,0.115214545733196,0.11046597307236994,0.029990124689595003,0.0027678724429632674,0.26497743112077277,0.05673377555860674,0.005236118741727417,0.3764324804005483,0.024880256935939763,0.002296268463689517,0.07103297363320846,0.007421324948743497,0.0006849348253303412,0.2910732549290014,0.029294345117166467,0.0027036570012192096,0.46139572117135075,0.027039228625096765,0.002495525996140817,0.29522753385483763,0.03734230953997728,0.0034464261353393936,0.10170648747968762,0.013173860649160422,0.0012158524259454065,0.17146133924051196,0.03333042572731606,0.003076158163319656,0.42778285894090196,0.050544254177655054,0.004664870511091952,1309859,0.6943120975838633,0.11419201078105151,0.545,0.705,0.8250000000000001,50630,0.6706574582592103,0.0739286754485245,0.5750000000000001,0.6749999999999999,0.755
hmid_cos__hpre_raw_logit_gauss,hmid_cos,hpre_raw_logit_gauss,real,27,451,967,54.9148136416429,3.743444382100849,0.3454929465690901,9.085186358357088,3.743444382100718,0.345492946569078,0.48471790012638893,0.06946258307671892,0.0064108959700925235,0.1848580944765544,0.03750379262928984,0.0034613298610670787,0.14789533764171114,0.04129484632062726,0.0038112168038742086,0.7003878535043788,0.05277778852295918,0.004871009639513922,0.10678081250492974,0.01878914116558004,0.0017341023619417979,0.5597687765177117,0.07324191854242329,0.006759701405098473,0.7053727306651346,0.05601762845120411,0.005170023523244537,0.8303619784496236,0.038155803238220695,0.003521505742816765,0.13338508542713434,0.05309204612843329,0.00490001335240896,0.22489975767502962,0.023104266672823136,0.002132357357646097,-0.11222335933913177,0.04128074749554127,0.0038099155838947126,0.09291124753169774,0.058103874472369144,0.005362569000497184,0.43908854681841564,0.08175762650258994,0.0075456398978265785,0.6804332334246546,0.039581287347938456,0.0036530676561468125,0.06742360419964964,0.020485605027756,0.0018906737541317408,0.5952904440663975,0.06341317659872911,0.005852579335533123,0.6864907076118765,0.03881370563264911,0.003582225393920108,0.7593073391178671,0.027349417571693846,0.0025241542011344344,0.18882626657915752,0.05548611012106565,0.005120968210732598,0.17135272254863906,0.02825824506131486,0.002608032430717196,-0.03856845151439016,0.08616898595548873,0.007952776593390913,0.20399443549905952,0.061521802200839894,0.005678019105143014,0.39166378129323626,0.05780525766914994,0.005335008820965054,0.9162828420604018,0.032977000964125765,0.003043539603949857,4.215237873414415,1.252550338032266,0.11560137211655763,0.11960601960388006,0.03147508898213986,0.0029049239486392464,0.306509209542809,0.08677089857142999,0.008008328791322045,0.3778648338918512,0.03363995712714551,0.003104725681483961,0.07307153089622354,0.0090290042629306,0.0008333120433952074,0.2888799573379288,0.033134251291364054,0.0030580526762333084,0.466899815551042,0.03749422435465522,0.0034604467782535864,0.2996121411784979,0.05277779209169719,0.004871009968882728,0.10678081278411997,0.018789140943543243,0.001734102341449401,0.16963801370693127,0.038155801628700636,0.0035215055942696594,0.4402312151072093,0.07324191558830993,0.006759701132455094,1455205,0.6879821230621287,0.12968929481516953,0.525,0.705,0.8350000000000001,53352,0.6731002726535565,0.09090539043120198,0.5650000000000001,0.6849999999999999,0.775
hmid_cos__hpre_raw_logit_gauss,hmid_cos,hpre_raw_logit_gauss,real,28,451,967,62.10021645021648,1.7066872188568978,0.1575149343567274,1.89978354978355,1.7066872188577773,0.15751493435680855,0.8425790371958775,0.07169445600708269,0.006616881761885274,0.388886453903816,0.04352094913388126,0.004016670055428928,0.37683491416463527,0.05798708153793185,0.005351789854091235,0.554547422652624,0.04035118997288678,0.0037241241216138905,0.17059426871486816,0.030202333428839115,0.0027874577807232514,0.3371209370692351,0.08433649655088517,0.007783651023640144,0.5433188718274471,0.044404389077549344,0.00409820519742653,0.794274785649297,0.03128770393032521,0.002887629658385063,0.046950960460761006,0.02188710622617563,0.0020200222175354807,0.22680086720077564,0.030985862641104606,0.0028597718820260313,-0.19026322404805526,0.03990738381946636,0.0036831640110847035,0.004695588271401316,0.020570094730636333,0.0018984715449958036,0.3491148431842536,0.07304499979124648,0.006741527223079347,0.6035138871510924,0.03321281500557809,0.0030653035410376592,0.14749398851213955,0.02896133026603174,0.0026729221296875444,0.4138371055855089,0.07854599473615749,0.00724922942420364,0.6277182065708031,0.03637742891520846,0.0033573746052211017,0.7654559463934375,0.02860805783860916,0.002640317629811592,0.08640204586973958,0.029954624573121823,0.0027645960379757886,0.2156012843931654,0.03138706512103462,0.002896799980433107,-0.18625057502581382,0.04177828329715135,0.003855834553852913,0.0849274694123006,0.05215950362014195,0.004813946397459387,0.3633597233976684,0.053824699518239656,0.004967631981837074,0.8274731891646878,0.02656475401381625,0.002451735407904127,5.633166005925836,1.4168843050263937,0.13076821331491023,0.18826859005274632,0.035394617443091275,0.003266668187076561,0.6002907258423527,0.10731563438242833,0.009904459890735318,0.4607953208360496,0.02041509451193005,0.0018841661415187965,0.09852493819055437,0.015080470505326937,0.0013918187793696183,0.3195068751921712,0.02481689815822548,0.0022904209049790973,0.5745543606133263,0.036280256357154636,0.003348406278199016,0.44545259616711286,0.04035119536892571,0.003724124619629407,0.17059426899087232,0.030202333592087474,0.002787457795789899,0.20572520333767347,0.03128770207140544,0.0028876294868201606,0.6628790533682032,0.08433649527883014,0.00778365090623863,1836638,0.5521610241138143,0.17532978576207753,0.32500000000000007,0.545,0.795,60051,0.6003592514129815,0.15338677945210033,0.405,0.6250000000000001,0.775
hmid_cos__hpre_softmax_prob_gauss,hmid_cos,hpre_softmax_prob_gauss,all,1,500,1120,60.25646428571429,2.8877372871992724,0.25312133351326555,3.7435357142857137,2.887737287199261,0.2531213335132645,0.5944070172456049,0.06776109454484203,0.005939521814376632,0.3508459270347443,0.04289248917799953,0.0037596924438262963,0.42403936669819403,0.05651643722172816,0.004953884142576233,0.28776774739140554,0.0348187233460624,0.003051995665828934,0.19006964735310702,0.014976839435973803,0.0013127778578239315,0.08128380827977369,0.022896193263783445,0.0020069398269006683,0.2483326965301519,0.03940556119687771,0.0034540497302876635,0.5635534561768882,0.05556119106057393,0.00487015312479404,0.10889718249751523,0.04301082181171481,0.003770064756493699,0.2644212531165353,0.02053712937373878,0.0018001587598215937,-0.1852914463457297,0.04215179041130207,0.0036947673343334137,0.04989921591614116,0.05148869401787013,0.00451318301994846,0.5010655859033266,0.05854570175936611,0.005131757021835369,0.014520259749378702,0.009544393630790174,0.000836602988128544,0.01789457430024408,0.003311967164268382,0.00029030672176721153,-0.007654762162275354,0.009399041851859039,0.0008238623429615947,0.01448754716185143,0.009708055610697982,0.0008509485931748617,0.036554821212578664,0.011619819565763051,0.001018522092264868,0.19190406532011753,0.07918465592793919,0.0069408411184483055,0.3230770153678599,0.029214024409350763,0.0025607221434453408,-0.21689024446510258,0.07628472027362795,0.006686650550914427,0.1718300069643495,0.09804004419287289,0.008593588770628014,0.63757688867762,0.08481509280068174,0.007434370670394873,0.991433428194835,0.0032719138355140134,0.00028679589270707087,1.8627107463507417,0.3393240890622764,0.02974306779822056,0.044450863854028265,0.01256584918459575,0.0011014452444932429,0.08549601828512687,0.01834790780380335,0.0016082650284927641,0.5897593785088685,0.01586998095536875,0.001391065163738998,0.08896618703103494,0.008836077527763768,0.0007745163442562923,0.4659330822192487,0.030492376560576254,0.0026727746499708134,0.6777028598783981,0.008482888502623541,0.0007435579612267714,0.7122322622019622,0.03481872766627304,0.0030519960445120936,0.190069647314293,0.014976839492852076,0.001312777862809532,0.43644652415592045,0.05556118782543411,0.004870152841221532,0.9187161855463475,0.022896194945519102,0.002006939974311298,2018823,0.28166193109390814,0.19186367220040024,0.07500000000000007,0.245,0.5650000000000001,67711,0.014264061210463532,0.02157464725462672,-0.015000000000000013,0.015000000000000013,0.04500000000000004
hmid_cos__hpre_softmax_prob_gauss,hmid_cos,hpre_softmax_prob_gauss,all,2,500,1120,54.21060238095239,3.22381986817885,0.2825802706005229,9.78939761904762,3.223819868179053,0.2825802706005407,0.5038733184262402,0.06197923843384805,0.0054327197810046714,0.2734973363119931,0.036242684294083484,0.0031768113461304783,0.3045911025023174,0.04497716943733327,0.003942422725258203,0.3964215886117448,0.03773431131428145,0.0033075582191686116,0.16828715499366312,0.012073137940595877,0.0010582571997666446,0.2008344379304066,0.03243126413494873,0.0028427256391182535,0.3686708622037655,0.04435669472142403,0.0038880357184489602,0.63639754728831,0.04646903479163622,0.004073190489201733,0.15818331243690278,0.055123528878865985,0.004831790343126431,0.2501115946781423,0.02061252332528251,0.0018067673310507627,-0.1261465237188818,0.04843442992191238,0.00424546496806836,0.1137179597796695,0.06811523400118975,0.005970563506374638,0.5184029429346321,0.06783166118905942,0.005945707253462467,0.30870482567523927,0.02698045368006994,0.0023649410369028932,0.06451941262107963,0.013072856935551233,0.001145886433306468,0.2207453824356198,0.03313291861740669,0.0029042283662023965,0.31643271221600133,0.027528059034440333,0.002412940762553724,0.3838605831087344,0.03403045431877931,0.00298290083915008,0.25887201221954254,0.06755065790183305,0.005921076229338615,0.2641295539587381,0.030238301492074134,0.0026505039882881143,-0.08537207384453027,0.0815447643758811,0.007147713745063994,0.2573274469077919,0.08732456304528033,0.007654335435728744,0.607085156509848,0.07348611811545198,0.006441342255942191,0.9114750068379298,0.03298211585814344,0.0028910099215428355,5.027648480420454,2.1007922363006806,0.1841425584813072,0.12689045946268096,0.03231894579811597,0.002832880502816165,0.28398602384300464,0.05773458264282039,0.005060659296523493,0.5423817363062076,0.017989739734518943,0.0015768702130014042,0.08488429307481715,0.007587817410108175,0.0006651015207704445,0.42540496289098534,0.027587646546824822,0.0024181638383031553,0.6319868879954018,0.012865981809484112,0.001127753028992663,0.6035784014596824,0.03773431038314524,0.003307558137550924,0.1682871556046818,0.01207313813374341,0.0010582572166967722,0.3636024356057246,0.04646903673275584,0.00407319065934837,0.7991655534742838,0.03243126527184045,0.0028427257387712065,1623051,0.3900266167058189,0.17209213295963463,0.18499999999999994,0.3650000000000001,0.6350000000000001,60715,0.3065340713291126,0.07483670588876348,0.20499999999999996,0.30500000000000005,0.39500000000000013
hmid_cos__hpre_softmax_prob_gauss,hmid_cos,hpre_softmax_prob_gauss,all,3,500,1120,54.87469761904764,2.9929763750263483,0.26234594628070484,9.125302380952379,2.992976375026754,0.2623459462807404,0.46964884876289537,0.07220710867850262,0.006329232135782796,0.23990836494749504,0.04060121841456706,0.0035588537062960965,0.2525076725640468,0.04858676266833257,0.004258817522015195,0.46477775298051854,0.04172056254407152,0.0036569685451965585,0.16015415467438948,0.017838685336977692,0.0015636297112742658,0.2716779312076314,0.04325612355623899,0.0037915664024233088,0.4443970431709572,0.04917656254915212,0.00431051576097924,0.6899678744834092,0.04897110685419039,0.004292506775287523,0.17475259270469345,0.05557642050640065,0.004871488044578265,0.254637834652194,0.025146644143056954,0.0022042005438269938,-0.11555455309562565,0.05041972460204059,0.004419483719385667,0.13145231869818386,0.06932541545610409,0.0060766405879079215,0.5418246407681986,0.07682907394413686,0.006734365253907958,0.40398538171194864,0.03154139221725438,0.0027647249264283334,0.07782746513637581,0.01928192170011022,0.0016901349562043705,0.29685183441692164,0.046489074863523244,0.004074947078951857,0.4202244099017409,0.033199481792439395,0.002910062885741913,0.4870933995213536,0.0383559287388672,0.003362045388809597,0.2831242160466455,0.07126742772054348,0.006246865468215773,0.26234930060104944,0.03403163743690434,0.002983004544026157,-0.06045525225198102,0.0850966607998639,0.007459051193704103,0.28721045419194163,0.09208409256235256,0.00807152659213948,0.6303459653456296,0.08027474080657877,0.007036391270931708,0.8773669693346535,0.06641799305552275,0.005821793778129306,7.328398718604588,4.85999908046575,0.4259977019287091,0.14850492581412914,0.052002064954118486,0.004558181966544522,0.356933177659164,0.0856367100807358,0.007506388600310696,0.5097001583263988,0.02087648639917383,0.0018299047146201777,0.08495956995732017,0.010743685819870338,0.0009417255834275208,0.39229341261507505,0.031992058328163875,0.0028042275527469774,0.60317980220403,0.017872843161124113,0.001566623776571057,0.5352222345085371,0.041720562989493934,0.0036569685842395548,0.1601541548037103,0.017838685099252394,0.0015636296904367247,0.3100321103946085,0.04897110446259286,0.004292506565654757,0.7283220616884175,0.043256124132347765,0.0037915664529214695,1664017,0.45753338220090584,0.16526496971193663,0.255,0.43499999999999994,0.6849999999999999,61502,0.40132811543131364,0.0895929495503853,0.28500000000000003,0.405,0.505
hmid_cos__hpre_softmax_prob_gauss,hmid_cos,hpre_softmax_prob_gauss,all,4,500,1120,57.719423809523796,4.422458610841371,0.3876455887956073,6.280576190476192,4.4224586108411605,0.38764558879558875,0.500226279489483,0.10829568371794276,0.009492535210154977,0.2626341336820098,0.06547460535823506,0.0057391022005346334,0.2837197803887227,0.08051827778771924,0.007057738228530422,0.4446821539692224,0.06040110508992506,0.005294390294369494,0.15488980101971406,0.016823448945519747,0.0014746403179606287,0.27074579099881513,0.05391018271862688,0.004725435862940738,0.41653917863219975,0.07082036762501201,0.006207678923081245,0.6690663546100971,0.06578155396838664,0.005766007432484236,0.10205605999759312,0.061602060210110256,0.005399658652006587,0.2484946390426231,0.027079289882466124,0.0023736044120169684,-0.16609443762922507,0.051487862486044464,0.004513110132970304,0.04581557518146,0.07390541766760646,0.006478095482163054,0.4667675062806834,0.08859264674997884,0.0077654878732314764,0.3988369631163419,0.04098034122970052,0.0035920852862453088,0.08562395682015589,0.020267692877360223,0.001776541609617938,0.2953897737259312,0.05566645450018253,0.0048793798720892425,0.3913621190806935,0.04838783175531893,0.004241380458677671,0.5086373371358428,0.03827532144811608,0.0033549798482508148,0.1468294151237019,0.07815636350118806,0.006850707313183326,0.24625242763548374,0.03796008404227619,0.003327348071325274,-0.1618206653617796,0.09149942041460284,0.00802027781879625,0.12749230963802746,0.09838814046456175,0.008624100754135465,0.4847873362873992,0.08266958394036132,0.0072463085270010955,0.811195666425853,0.10888927702510834,0.009544565957598772,10.564238029148472,8.212302556990066,0.7198400573536249,0.2102750824315917,0.07657524516483752,0.00671211618042572,0.38441399649026853,0.09247120800850551,0.008105458757086818,0.519194116722118,0.029748596145284686,0.002607579422068955,0.08234666797034444,0.010159067355119076,0.0008904815156065736,0.40408720230389217,0.04109989785100951,0.0036025648861556674,0.6033474376738072,0.022380496159212584,0.001961736982661154,0.5553178516281501,0.06040110892645948,0.005294390630656564,0.15488980105402214,0.0168234492417506,0.001474640343926408,0.33093362937150944,0.06578155116476478,0.0057660071867359445,0.7292542031261181,0.05391018292811358,0.004725435881303056,1861391,0.4294922091807996,0.16728759635320153,0.245,0.39500000000000013,0.6749999999999999,64838,0.39247716204558736,0.10164925306842978,0.265,0.39500000000000013,0.515
hmid_cos__hpre_softmax_prob_gauss,hmid_cos,hpre_softmax_prob_gauss,all,5,500,1120,57.923290476190466,4.1003477774601675,0.3594113293822117,6.076709523809525,4.100347777460153,0.35941132938221043,0.4411668505963826,0.07314262288575969,0.006411233571547467,0.2212830758454545,0.04471451065630692,0.003919399667999127,0.2290694274076394,0.05652972492610454,0.0049550488612180536,0.48775542272542216,0.06409125115517109,0.005617845858362199,0.15083110911828423,0.018552354912596013,0.0016261856077088607,0.30708186029195783,0.06877069136117138,0.006028016877134879,0.46934080719025356,0.07286764171980675,0.006387130409627033,0.7005354763612857,0.06188651555622778,0.005424592262433482,0.10411551512467364,0.06459133139255731,0.005661679823838192,0.2438132441349683,0.025107586380740454,0.002200776980012716,-0.1650349217979182,0.052349350799537155,0.004588622913057323,0.05323934132336649,0.07495563038402901,0.0065701506855334706,0.4590523039924245,0.08801062663431088,0.007714471560749566,0.4176430168776285,0.046619371870318824,0.004086368115158677,0.07847731984023538,0.021528274441322864,0.0018870364554915136,0.3176909555476336,0.060886084637994824,0.005336900626066994,0.42061711152678455,0.04819716872530315,0.004224668107237945,0.5131732029677148,0.050474621168335614,0.004424295615581173,0.12523757961474064,0.07879962974859044,0.006907092085810785,0.22917928717445052,0.03627695822788142,0.0031798155888869556,-0.15208039935436765,0.07612255136367381,0.006672435819219842,0.09931639206660801,0.0975886948059402,0.008554026252525266,0.44756403233359265,0.09922109246410699,0.008697112216020184,0.8827771088703755,0.05491922237576602,0.0048138820885426994,5.634642071728481,2.3294345216280385,0.20418393842820393,0.15240950785924995,0.044173826035584576,0.0038720065713992325,0.3462661431389196,0.08834589544692069,0.007743859167894229,0.4980293419229132,0.032215144279508647,0.0028237818985466364,0.081631356756806,0.009775116120324561,0.0008568267060135896,0.384337586131479,0.03995204920106469,0.0035019515158766744,0.5877781331803118,0.02887573388654684,0.002531069671724107,0.5122445767716284,0.06409125386381374,0.005617846095785195,0.1508311088755372,0.018552354955396165,0.0016261856114604593,0.2994645091502795,0.06188651244720172,0.0054245919899153314,0.6929181332713079,0.06877069034928306,0.006028016788438958,1868825,0.47553601821634667,0.1652175944900001,0.275,0.45499999999999996,0.705,65029,0.410982104900401,0.09890172917595456,0.29500000000000004,0.4149999999999999,0.525
hmid_cos__hpre_softmax_prob_gauss,hmid_cos,hpre_softmax_prob_gauss,all,6,500,1120,56.00476666666666,3.710058579031181,0.3252009727822238,7.99523333333333,3.7100585790309704,0.3252009727822054,0.44851697616435227,0.09038698814600121,0.007922768831216315,0.19754918123664605,0.04459904036695522,0.003909278250877346,0.17967337090617844,0.04738850129868354,0.004153785282023184,0.6037585924912067,0.04271419817490026,0.0037440645483601976,0.1266704478925538,0.023854628699980552,0.002090950396966019,0.4364684670016171,0.0768783949994849,0.006738688435021183,0.6067996937953293,0.04209148601919346,0.003689481421305624,0.7657062213141295,0.028909115691043485,0.0025339957158994984,0.16352046240490115,0.06061485427873322,0.005313126236848865,0.25950340184824805,0.02802682152353236,0.0024566592222990047,-0.1487828467254988,0.059036126697182535,0.00517474466298906,0.12855266497015652,0.07197455977894389,0.006308848326000559,0.535783226037806,0.07907279911900937,0.006931036436850585,0.48952686625108804,0.03848548488576353,0.003373401485783033,0.06401261409994749,0.020845478110068486,0.0018271867182418015,0.4090143665965824,0.05204219071310249,0.004561699144394212,0.4990325096317701,0.03730854067909145,0.003270237777510774,0.557963831795752,0.04846499811247508,0.004248144388108616,0.23539414975801487,0.06635754344941237,0.005816495136533051,0.2463195503831265,0.042589901096070054,0.003733169429027573,-0.08776677598383252,0.07043813828814076,0.006174175044495885,0.2342231372652708,0.09358874673059606,0.00820341534505006,0.5620870888718537,0.0865974178611357,0.007590598350127391,0.9264855364544053,0.05581652145543408,0.004892533820683503,4.029120478195236,2.388882287938645,0.2093947648941806,0.10511494683793622,0.045845563547784914,0.004018540825137633,0.306630792652638,0.10331656422836236,0.00905609614400058,0.43813814232512593,0.023030624023198134,0.0020187232025003403,0.07339958474384178,0.010018634768451449,0.0008781720566528119,0.34149154475650634,0.02101743100551986,0.001842259054077563,0.5294639420361743,0.03467657280524598,0.0030395356215546223,0.396241398938,0.04271419895565459,0.003744064616796332,0.12667044769749045,0.02385462909246001,0.00209095043136836,0.23429377001779408,0.0289091145106505,0.0025339956124334913,0.563531522150834,0.07687839238680588,0.00673868820600977,1744593,0.5961375611031887,0.13767158161562543,0.42499999999999993,0.6050000000000001,0.765,62883,0.48624176840524874,0.08485140651344152,0.3850000000000001,0.495,0.5750000000000001
hmid_cos__hpre_softmax_prob_gauss,hmid_cos,hpre_softmax_prob_gauss,all,7,500,1120,59.04623571428572,3.6337148390314593,0.3185091489242227,4.953764285714284,3.633714839031847,0.3185091489242567,0.4440879028756704,0.06921108804361316,0.006066619348359885,0.20099478920031164,0.04071979386180923,0.0035692473025075375,0.18995463722420944,0.050977673814827734,0.004468390124202821,0.5793242814885717,0.07108869764590772,0.0062311990864326134,0.14329861178055767,0.028830252872786465,0.002527083085096718,0.3984743812427632,0.10029110077680631,0.008790902579908657,0.5702269094675778,0.0809109159253446,0.007092154478728961,0.7792787119756144,0.04062630271953438,0.003561052442570247,0.0950017080224186,0.0525294152771465,0.004604406260418209,0.24640557036314698,0.02299075571612609,0.002015228591305712,-0.17604795168430898,0.044464952703659896,0.003897524948978506,0.04315958112113349,0.06109119719295715,0.005354879534211623,0.4514316991295134,0.07819303236061872,0.006853921480427225,0.5117196131356413,0.04463625478722202,0.00391254023863697,0.08508941520228983,0.029548914554033287,0.0025900765588827315,0.4021019681052083,0.07635180658134234,0.006692530925055254,0.5184556948257342,0.0464766573700554,0.0040738586376592905,0.6096478848814963,0.04030853363970454,0.0035331987546352813,0.1000565575717106,0.06324158262103997,0.005543369127616336,0.21925473863312184,0.03873420879421375,0.0033952030976064584,-0.1708684224172017,0.07120518249244666,0.006241409433412834,0.08106885872946698,0.08128139839969971,0.007124628699416469,0.40421132023057765,0.08360464061901679,0.007328269858615615,0.8927465845654409,0.05311844630056157,0.004656037106059333,4.520527080903166,1.7815528291764768,0.15615999067659037,0.13619582349629625,0.04756539723447472,0.004169290894448186,0.3655892536375492,0.11435049087522133,0.0100232624576126,0.4487079900872847,0.03712050712027754,0.0032537559093840573,0.08363465836630862,0.012157925434306226,0.0010656891512701092,0.33051949804020786,0.029673424230453705,0.0026009903132157676,0.5461589557606551,0.0445110073969961,0.0039015618208378265,0.4206757235651923,0.07108869810203361,0.0062311991264138115,0.14329861167676394,0.02883025258973274,0.002527083060285965,0.22072127772388708,0.040626301860980915,0.0035610523673147176,0.6015256083462918,0.10029110002441927,0.008790902513959024,1950754,0.5701983542997864,0.16509911363640226,0.3550000000000001,0.5750000000000001,0.785,66501,0.5089515838850205,0.1047318996763016,0.3750000000000001,0.525,0.6250000000000001
hmid_cos__hpre_softmax_prob_gauss,hmid_cos,hpre_softmax_prob_gauss,all,8,500,1120,59.0565357142857,3.7000554168455633,0.3243241569572536,4.9434642857142865,3.7000554168453674,0.32432415695723643,0.42103049503784795,0.06637131749235255,0.00581770248462955,0.17656722354530568,0.030216955615871302,0.002648632939743144,0.15394229236230958,0.032790204651939645,0.002874188162636381,0.6347460863300733,0.05338021444779935,0.0046789820958247925,0.12397278985205505,0.025539319171741768,0.0022386200276694663,0.4715938742008947,0.08561487030004256,0.007504474259128339,0.6376895710334892,0.05410142523502985,0.004742199008601852,0.7930691117395956,0.03815713950565464,0.003344620744254191,0.09807324816306522,0.051656033307152543,0.004527850955373225,0.24473514779178154,0.02399108668792527,0.0021029114669810145,-0.17870682238609417,0.03951394904755885,0.0034635503442883423,0.052660293926219355,0.058704450279851,0.005145671943174133,0.45083691015243516,0.07980605131896618,0.006995308825989768,0.5438652359831191,0.04376156758107093,0.003835870524598445,0.06611072109951857,0.02275024157711223,0.0019941465975018267,0.46077800063739205,0.06415283242818784,0.005623243694936371,0.5543674175816632,0.04258489102026608,0.0037327302765208245,0.6135389792687835,0.04469732621321379,0.003917893385148988,0.1048307169362469,0.06731727257969065,0.00590061910388438,0.21535347097854884,0.04316727206333901,0.0037837782256846617,-0.1580189835015584,0.0605835977103021,0.005310386477828054,0.08187793307001479,0.08681940054160724,0.007610055989971181,0.4057173790235604,0.1047399584475736,0.009180862148331694,0.9332562599803715,0.0413226720630288,0.003622091906798664,3.6293179769845216,1.498182857241236,0.13132151749143764,0.09982113024046026,0.034597044895457695,0.003032564692908736,0.3198278230085969,0.10694411323098903,0.009374064833534704,0.41912506225357454,0.029157914436101835,0.0025558038874408493,0.07541464885098059,0.011072684773349028,0.0009705636131881029,0.3199626235490751,0.028378853221075497,0.0024875161610918963,0.5120947416681617,0.0395786323531588,0.0034692200860069133,0.3652539207576995,0.05338021559841905,0.004678982196681057,0.12397278937857066,0.025539318979114812,0.002238620010784969,0.20693087961546022,0.038157139576879655,0.0033446207504973383,0.5284061166677445,0.08561486648225006,0.007504473924484072,1930743,0.6289038316618508,0.13978277124692928,0.45499999999999996,0.6350000000000001,0.795,66129,0.5406992707551531,0.08918501553256244,0.43499999999999994,0.555,0.6350000000000001
hmid_cos__hpre_softmax_prob_gauss,hmid_cos,hpre_softmax_prob_gauss,all,9,500,1120,60.31180952380954,3.2734011506331755,0.2869262616253189,3.6881904761904756,3.2734011506337755,0.2869262616253715,0.49583188022666036,0.07095531193133194,0.006219507313051876,0.21570056527214387,0.039008858051108944,0.0034192771664152467,0.1944050777927041,0.0465010907132542,0.004076000314618647,0.6130776459908202,0.05156553714892573,0.004519918617362514,0.12041977145208844,0.02118520127865959,0.0018569647669030534,0.46202034199046227,0.07417969202052552,0.006502136689189436,0.6059042746153616,0.054912719989625,0.004813312129267552,0.77693772880733,0.0354513631807736,0.0031074489923159226,0.08777779965590503,0.03990906652455,0.0034981839181642393,0.241893864002611,0.02409568952101394,0.0021120803095616876,-0.17653700666743388,0.03298422578472008,0.002891194864761549,0.03557841745815075,0.04365402336961615,0.0038264438588363845,0.44040422618928393,0.07358531262104472,0.006450037037716185,0.5160508595783796,0.04540687561951564,0.003980088132819702,0.06796377420098121,0.02186095638804892,0.0019161973138439577,0.43053017112350167,0.05891958581862315,0.005164529404585699,0.5198991470755565,0.0441618668887883,0.003870958305963809,0.5967735429149299,0.054121398712240414,0.004743949761071215,0.09248784037969474,0.05729204472531333,0.005021869137769747,0.19010262824131977,0.03722849162841094,0.003263221168851621,-0.1347699504207267,0.04799363359164345,0.0042068274661667794,0.06878199619613143,0.07059081272647791,0.006187557549059785,0.35695254503360835,0.09685174122236374,0.008489429422807017,0.908274278221386,0.058609418225139244,0.0051373420163065555,4.765884809672832,2.3369715298620686,0.20484458632832797,0.1290120457559824,0.050050472140239076,0.004387117314052131,0.31090528489024866,0.09390348486149927,0.008231003358597843,0.4322593879117141,0.027753401382770698,0.002432692890269508,0.07300854729122172,0.009698394636527002,0.0008501017714518346,0.3325459020236419,0.026039232729858093,0.0022824393830632845,0.5169148454000554,0.03462744905789174,0.003035229735249593,0.3869223672265807,0.05156554004831963,0.0045199188715055955,0.12041977149578079,0.021185201311685962,0.0018569647697979426,0.22306226131344833,0.03545136018054419,0.0031074487293342203,0.5379796495118313,0.0741796893088143,0.006502136451497468,2013084,0.6066041413463502,0.13848529595802478,0.42499999999999993,0.6150000000000001,0.785,67549,0.5116912758103832,0.09341745075491062,0.39500000000000013,0.515,0.6150000000000001
hmid_cos__hpre_softmax_prob_gauss,hmid_cos,hpre_softmax_prob_gauss,all,10,500,1120,60.23147619047621,3.1635134924284296,0.2772941836988632,3.768523809523809,3.1635134924289563,0.27729418369890935,0.5113437268720497,0.09253429191350822,0.008110988305161807,0.24208559019253376,0.05452897479790429,0.004779675380146284,0.23749292484624754,0.06654247100976067,0.005832704751890449,0.545527729029031,0.05991444253143546,0.005251732440304335,0.13855416371935889,0.02498267012916947,0.002189827587796434,0.38189413952823903,0.08059606668878208,0.007064556726340745,0.5261656103899791,0.06757271030559128,0.005923009207754346,0.7444903015836359,0.047932510933391334,0.004201469828949145,0.0750768832338885,0.03405628178645457,0.002985164716507695,0.23938554290114425,0.028076570717784598,0.0024610199314418196,-0.17057124442816482,0.03360869988391397,0.0029459324329721803,0.013311512964942573,0.03860750370239511,0.003384096906629106,0.4296308084405958,0.08016920929645542,0.007027141026219871,0.4737038486688619,0.04732997254553509,0.004148655010612596,0.08380138583673784,0.027503678271389297,0.002410803694447527,0.36883968345263896,0.06829986946710895,0.005986747518526464,0.47498746074686443,0.050622644795856916,0.004437270458602992,0.5772679127085775,0.05101695719694542,0.00447183346446463,0.06233735781095842,0.04941141544698229,0.004331101525114274,0.16361670099470238,0.036036150621866755,0.003158707871566283,-0.1282265291862572,0.03706983120577266,0.003249313969629586,0.03843584237747403,0.055330348439626004,0.004849918876926324,0.2917719404439787,0.09620648044207672,0.008432869821663913,0.8713242351797365,0.0741478118765485,0.006499342271362084,5.88279513406413,3.1529316992814587,0.2763666486338848,0.1610126125782019,0.06259616741519783,0.005486795990476514,0.3572212907149678,0.10023951931417834,0.00878638126536151,0.4683226144974431,0.030566051073057585,0.002679232505721016,0.08003007058539385,0.012352296802069682,0.001082726552845098,0.3554169377845668,0.03298924977773552,0.0028916352371656687,0.5543246016952253,0.03578265312313468,0.0031364878361060727,0.45447228566138553,0.05991444838937815,0.005251732953775651,0.1385541633645871,0.024982670293943986,0.0021898276022395574,0.2555096848573357,0.047932510969132223,0.004201469832081972,0.6181058522594828,0.08059606579499429,0.007064556647996791,2009465,0.5387747234594848,0.155599616656712,0.3450000000000001,0.535,0.755,67519,0.4694875869764536,0.10621727472161777,0.3350000000000001,0.475,0.5950000000000001
hmid_cos__hpre_softmax_prob_gauss,hmid_cos,hpre_softmax_prob_gauss,all,11,500,1120,61.72495714285714,1.995975709883079,0.17495498485448896,2.275042857142857,1.9959757098833761,0.174954984854515,0.5191380512436231,0.07163052216982302,0.006278692099952776,0.23970081008576918,0.037760344617234286,0.0033098401387838022,0.22892010686007294,0.04591894191793539,0.00402497272286803,0.5606365469301741,0.05504504285477969,0.004824910739788917,0.13402917888001314,0.02017731793259533,0.00176861989643562,0.3954584727635695,0.07373617014285469,0.006463260282524608,0.5505165901066292,0.06071259947862978,0.005321693981377431,0.744369520226405,0.04088205553692445,0.0035834701654270016,0.0711113013668851,0.02962681273716582,0.0025969046356888077,0.22890745908625076,0.023427521599281357,0.0020535128089412377,-0.1691390707756791,0.029281693605319053,0.00256665360999432,0.01696357111421503,0.03212764437968073,0.0028161121941642827,0.4021157629162073,0.06764942727593559,0.005929733746694479,0.5141053804931897,0.045707740151140035,0.004006460071773148,0.08415829729043126,0.022452558273964706,0.001968053505518929,0.41118606335556207,0.0660892671860238,0.005792979685234942,0.5140699804467106,0.04766104931997729,0.004177675169410822,0.6180654600453518,0.04405828643256348,0.003861879078666451,0.060453684798380265,0.044996108937082384,0.003944082845607039,0.13704981953751827,0.029094547866769915,0.0025502495627449853,-0.10158394245283912,0.0433245451857489,0.0037975638226801552,0.046333500315255606,0.046961107666133164,0.004116322578374282,0.2431618590753881,0.08055124213099779,0.0070606276806166775,0.8629542075089047,0.06482224881432984,0.005681920628287269,6.63369022094636,3.1012588928190508,0.27183732744663,0.17203753541800243,0.05251671994382447,0.00460329346538865,0.38563351141228575,0.09213919646714856,0.008076356662355903,0.4610143767268884,0.028490859708436022,0.0024973339625825332,0.07699253429650729,0.009063479755761309,0.0007944490283857587,0.35609496250322875,0.02789673032721431,0.0024452562261759406,0.5484702666874445,0.032931909716141704,0.0028866091591638033,0.43936347104055523,0.055045041050314165,0.00482491058162054,0.13402917883800605,0.020177317692555062,0.0017686198753951627,0.25563046836434383,0.04088205525556339,0.003583470140764617,0.60454151931178,0.07373617044455416,0.006463260308969732,2098994,0.5532545747619808,0.15117793709704352,0.3550000000000001,0.555,0.755,69072,0.5091199718307007,0.1054635152436956,0.3750000000000001,0.515,0.6350000000000001
hmid_cos__hpre_softmax_prob_gauss,hmid_cos,hpre_softmax_prob_gauss,all,12,500,1120,62.4336476190476,1.8725533554553475,0.16413653849630455,1.56635238095238,1.872553355454777,0.16413653849625456,0.6235694919846594,0.08405898397615676,0.0073680948097778805,0.28957570264389126,0.05267350598723567,0.004617036368027484,0.2794388911526473,0.06653990449293005,0.005832479786771382,0.5583852237001061,0.06014772402904786,0.005272180465137263,0.13988213571608069,0.022278643426296905,0.0019528091969890052,0.3941461505549294,0.07541763566517139,0.006610647233945722,0.5361155986661,0.07042402995950162,0.0061729383949659525,0.7624046215221992,0.04408734140402092,0.0038644258592039665,0.07428544051852853,0.03292625749799914,0.0028861137203993787,0.2472927590641238,0.030638494130812374,0.002685582419705212,-0.18105589275277625,0.03630744429235863,0.003182487810258425,0.009232076517342027,0.03841882846399389,0.0033675587928066507,0.4429323951529604,0.08145431811949407,0.0071397857811423965,0.5155054151217143,0.05304737459524298,0.00464980739641606,0.09659563162632814,0.02365035561718167,0.002073045071800838,0.39848989755333875,0.07217580841846416,0.006326488547023747,0.5058553459778429,0.05777293109157066,0.005064020686262395,0.640781633817582,0.048068264781631224,0.0042133691783977105,0.07416822005948773,0.04646731139636748,0.004073039426945991,0.15885700930074925,0.03246969998379513,0.0028460946898133574,-0.11211127282443685,0.044293387319857304,0.0038824865800363836,0.05288615029919004,0.05242872062633974,0.004595579985118567,0.29322224464079444,0.08487031732541696,0.00743921131341513,0.8389617450488457,0.055271851133563116,0.0048447913619743205,6.550706085188048,2.594492935620555,0.22741733279066942,0.19623761430687858,0.04873378042199263,0.004271704196305657,0.39178293661943514,0.0836316673244896,0.007330638853800903,0.4610036161390795,0.03206109852688681,0.0028102791929859408,0.08187282381455102,0.010799386644928943,0.0009466079760118883,0.34280207439966126,0.03127527479441989,0.002741398705848098,0.5488791392364671,0.034614027736424476,0.0030340533045533653,0.4416148052794594,0.060147728161211916,0.0052721808273374126,0.13988213601914187,0.022278643801746857,0.0019528092298986444,0.23759536868922765,0.044087340601341424,0.003864425788846006,0.6058538440875356,0.07541763709353345,0.006610647359147178,2149614,0.5494298879702211,0.15783166044451136,0.3550000000000001,0.535,0.775,69906,0.5092284396541029,0.1195043019776628,0.3550000000000001,0.515,0.6550000000000001
hmid_cos__hpre_softmax_prob_gauss,hmid_cos,hpre_softmax_prob_gauss,all,13,500,1120,61.54109761904761,2.6771097306772083,0.23465901416799934,2.458902380952381,2.6771097306769174,0.23465901416797386,0.5796872673891131,0.07675311081006907,0.006727706791630824,0.27423209580438485,0.04768278205646535,0.004179580127754898,0.2683948527206622,0.06095651633289257,0.00534307423632342,0.5426205413912731,0.06000344279087999,0.005259533657005552,0.13702477555995188,0.01862791185552705,0.0016328084657630426,0.38148596733056367,0.07267438258803367,0.006370190499835078,0.523958779368585,0.06715348902202162,0.005886262842077427,0.7385435689232179,0.047681679722992615,0.004179483503965805,0.07568466735432103,0.03511030189748381,0.0030775536527298955,0.23506463174869618,0.023601500446571375,0.002068762727285389,-0.1676173672216634,0.03267061795860177,0.0028637059267964714,0.016161100895147926,0.03866187697479471,0.0033888629340922956,0.4212723413761173,0.07241019105998989,0.0063470330913762895,0.5036201262693318,0.05570204692766401,0.00488249968591269,0.0965151034426565,0.021038844928354068,0.0018441360671727542,0.38587323545912894,0.069544949903439,0.006095883630655555,0.497922579232142,0.05968208867929855,0.005231365727182422,0.6302882682706629,0.05348006939334076,0.004687734767712702,0.07162675489366649,0.053350608787836304,0.004676387045311505,0.14777438528227307,0.028822098027881025,0.0025263682814245804,-0.09993520884586528,0.04542995717791573,0.003982111320617184,0.049947434496368466,0.056067282411690324,0.004914513987619742,0.27523162891171166,0.08716794924584519,0.0076406076309400855,0.8275968802940276,0.057221248386237725,0.005015663565041886,7.233996604350637,2.7827960413347537,0.24392282774491947,0.20022511202692983,0.04777254720897218,0.004187448390289121,0.40559382843389413,0.0798324527892682,0.006997623016895978,0.4701989245355838,0.03129154441681366,0.0027428248011284145,0.0786894778998125,0.008469731646530422,0.0007424047119426712,0.3597365187249014,0.032144662135959845,0.002817603866270976,0.5548150667786598,0.03257110571909673,0.0028549832944171124,0.45737948282453283,0.06000344848895192,0.005259534156463578,0.13702477565719967,0.018627912240433444,0.0016328084995015759,0.2614564191111143,0.047681678552320195,0.004179483401351843,0.6185140254300974,0.0726743832553252,0.00637019055832576,2091153,0.5325235210139183,0.15504869278341554,0.3350000000000001,0.525,0.745,68903,0.4953026473483259,0.1194850048677394,0.3450000000000001,0.495,0.6450000000000001
hmid_cos__hpre_softmax_prob_gauss,hmid_cos,hpre_softmax_prob_gauss,all,14,500,1120,62.67827857142859,1.59764865377887,0.14004007896521473,1.3217214285714283,1.5976486537796837,0.14004007896528603,0.6416938320669389,0.08193694413486964,0.007182089816603511,0.31285037984862196,0.050819946155264015,0.004454564685269137,0.31497698242036354,0.06415897549864613,0.005623782158803276,0.5142253787989416,0.05192759111854279,0.00455165404703594,0.14516168484240774,0.01837594470003045,0.0016107225708017663,0.34822339370364225,0.06429924515718383,0.005636077336476778,0.48847854339004965,0.05923390860141975,0.005192081011266735,0.7272444463491435,0.04226186010077568,0.0037044153680040846,0.05534296414104758,0.024211861905570023,0.0021222632680415326,0.2383549539623517,0.026442541809212575,0.00231779098254456,-0.1847037000360588,0.028937386867139377,0.002536473793744426,-0.009713400299066595,0.026601335062566466,0.002331709824892172,0.40686109258177733,0.07147321152466637,0.006264903213943515,0.4877986340916582,0.045101403572123284,0.003953312327302444,0.11137062811984552,0.0218744179905076,0.001917377275324758,0.3551745427022378,0.06136967539574045,0.0053792892249253,0.47180150698799467,0.05124008654406051,0.0044913916140712695,0.6357288521638937,0.046016252619682535,0.0040335023819545865,0.049660371183581124,0.0360598692601117,0.0031607869018742997,0.15807849037065394,0.03245724280770263,0.002845002770185377,-0.12843343114800126,0.03627863381201782,0.0031799624603121713,0.021576793072922595,0.03983170454325248,0.0034914028415212704,0.2731808314967012,0.08013448560866551,0.007024097360787824,0.7974363326014509,0.055836355941359134,0.0048942723900295285,7.827470168972011,2.9769966334352023,0.2609452601730461,0.23385534443734654,0.04911194581987435,0.004304851854932607,0.44703039461218186,0.08189515035971806,0.00717842643069032,0.48499004125062894,0.026527952269593338,0.0023252775394842764,0.08169481305040062,0.008817985303608755,0.0007729304908877612,0.36794468429173743,0.0281599771215811,0.0024683308250768123,0.5699723789662833,0.028400925097066054,0.0024894508463240445,0.48577464953036514,0.051927592909239664,0.004551654203997441,0.1451616848576814,0.01837594473182547,0.0016107225735887227,0.27275554353250636,0.042261860052446754,0.003704415363767868,0.6517765997067092,0.06429924634956342,0.005636077440993458,2168371,0.506733488575055,0.1564956564822161,0.32500000000000007,0.485,0.735,70225,0.48290803191584597,0.12591721708352135,0.32500000000000007,0.485,0.6450000000000001
hmid_cos__hpre_softmax_prob_gauss,hmid_cos,hpre_softmax_prob_gauss,all,15,500,1120,61.30135952380952,2.8047874407227464,0.24585045889183393,2.698640476190475,2.8047874407227473,0.24585045889183402,0.5664239744302774,0.07936942538319017,0.006957036875282891,0.25750455398151556,0.04569700380796826,0.004005518989801204,0.24165907965158775,0.05333307044321315,0.00467484974162453,0.5793222612388788,0.04649515179741802,0.004075479745693371,0.12630434782056224,0.015332901678529581,0.0013439880894641006,0.4286681918590552,0.05603130012068273,0.004911360000751519,0.5633702868264344,0.05379795526627644,0.004715598693014767,0.7581388688154166,0.03604921112568367,0.003159852675200999,0.08379893977310937,0.03749666040760984,0.0032867271987451104,0.2376889016215291,0.022233107886010465,0.0019488178309008768,-0.1685641522773453,0.03416004739573733,0.0029942601731861463,0.025883549675451294,0.042421028986375495,0.0037183671359697643,0.4344885867951172,0.06601721964356053,0.005786664439694602,0.5277618132639498,0.048595274183157754,0.004259563589184227,0.09225900572731736,0.018108420701494866,0.0015872730584253123,0.41421383269670464,0.05677351462622211,0.0049764179706118,0.5221452866364804,0.05511090436939456,0.0048306837560810915,0.6483170442842305,0.04816581706474843,0.004221920013024997,0.07787497315281669,0.0513906441924514,0.004504588573815583,0.15431230466262918,0.028295374917100616,0.002480198965128394,-0.09696737675044403,0.04305254085279138,0.0037737215916763887,0.05205054806253009,0.05819539205009354,0.005101051021969392,0.2948324214427067,0.08286237291573402,0.007263207225767534,0.8395321958283585,0.051306460518907214,0.004497209549483278,6.696357011894381,2.5587594052181704,0.22428515075088254,0.18975575939622663,0.04452861737297628,0.00390310540329008,0.382159872656209,0.06704437496306581,0.005876698573114884,0.45137592009731703,0.025481889913891744,0.0022335861312710254,0.07499447925197229,0.007498837002693913,0.000657302044176403,0.34653990894492187,0.025847316804962547,0.002265617210545262,0.533560953552808,0.026190334320294533,0.0022956840214300735,0.4206777589980335,0.04649516199647386,0.004075480639680031,0.12630434762457649,0.015332901856303616,0.0013439881050466818,0.2418611228176526,0.036049209794497585,0.0031598525585173945,0.5713318022481038,0.05603130190016341,0.004911360156729877,2085836,0.5712761639615531,0.13830165030912442,0.39500000000000013,0.5650000000000001,0.765,68818,0.5206216961355868,0.11110588271369057,0.3750000000000001,0.525,0.665
hmid_cos__hpre_softmax_prob_gauss,hmid_cos,hpre_softmax_prob_gauss,all,16,500,1120,61.39968333333333,2.7106154328873413,0.23759591845680764,2.6003166666666666,2.7106154328870904,0.23759591845678568,0.5675936192159142,0.09144408196111631,0.008015427189480638,0.2647818643796656,0.05510997858579329,0.0048306026075705475,0.25490293285005866,0.065775147753681,0.005765445903007073,0.5606832735734326,0.05255212145548887,0.0046063965447028935,0.12835214770524983,0.014619582069312888,0.0012814628689371299,0.41144404886549435,0.060205395015450844,0.005277235549977583,0.5410769683313512,0.0614642192275059,0.00538757635716479,0.7445624816633405,0.03856200672774321,0.0033801089209678906,0.08992180152210252,0.04219632955921016,0.003698671362778804,0.23649260787935486,0.020136276915818294,0.001765022492703157,-0.16343922698458302,0.04008160813062648,0.0035133078567614914,0.034163523581970515,0.049585444798577204,0.004346355870355934,0.43637043088057215,0.06089125440412361,0.0053373537760478705,0.5367451306707093,0.05278403979548191,0.004626725083502264,0.09572152728865897,0.020594310762765775,0.0018051709295597526,0.42205215264388485,0.06694756975960943,0.0058682132229071204,0.5261905732445064,0.06154354846515905,0.00539452987143022,0.6650492207571151,0.04406387222956855,0.003862368695361475,0.1049654842937412,0.05899248109015715,0.005170918956855322,0.15974088054125513,0.030335400983665353,0.0026590151339882366,-0.0844274599666984,0.06256502714505083,0.005484066425449767,0.08402019568066048,0.06917739752748298,0.00606366624441673,0.3288699732886184,0.07464602587350654,0.006543012653652054,0.8246505456064426,0.06232447438688978,0.005462981046528379,7.101835860691748,2.7404084219031364,0.2402073890855428,0.2047296376392245,0.05489578543011329,0.004811827749679053,0.39113099946649293,0.07159728699855204,0.00627577890874631,0.4612882330390668,0.02822716586672271,0.0024742201782540266,0.07509155641604391,0.00674577555086532,0.000591293297553485,0.35598118124391365,0.02683682292282525,0.0023523512459380246,0.5414081121710084,0.02788888845003594,0.002444568855334613,0.43931674670307436,0.052552129371371555,0.004606397238560603,0.12835214738379278,0.014619581643788236,0.0012814628316382495,0.2554375062108041,0.03856200543097082,0.003380108807300779,0.5885559462752372,0.06020539696080378,0.005277235720495286,2091886,0.5484266673149553,0.14412569989150473,0.3750000000000001,0.535,0.745,68911,0.5275293496555612,0.11933085773956276,0.3650000000000001,0.535,0.6849999999999999
hmid_cos__hpre_softmax_prob_gauss,hmid_cos,hpre_softmax_prob_gauss,all,17,500,1120,62.956040476190466,1.654901851107155,0.14505854297850068,1.0439595238095236,1.654901851106902,0.1450585429784785,0.6852912160538494,0.09104844011705106,0.007980747652804166,0.31713325596146646,0.05507910863684753,0.004827896737241804,0.30429524796576723,0.06598561921098357,0.0057838945396524715,0.5626721437159747,0.04649480570514406,0.004075449409368009,0.14044666236096198,0.017964321090538957,0.0015746421706206676,0.4026000663384084,0.05892167155589563,0.005164712227518418,0.5324119111347055,0.05796923486346648,0.0050812274705277815,0.7715768143963246,0.0276658799545609,0.002425021298841281,0.06738399167530613,0.030120675007082834,0.0026401935722854338,0.2550581523795567,0.023073157108022824,0.0020224513917636027,-0.204549180803337,0.03647707622586015,0.003197356704809419,0.001262523097995048,0.03806338962839326,0.0033364032051953927,0.4452006013431719,0.05260195901863135,0.004610764999720458,0.5218738396096089,0.0415176705156829,0.0036391842747878237,0.12063500735187639,0.02168037653033413,0.0019003687914250311,0.3761001541791929,0.05704888261333199,0.005000555038901594,0.5093124992351445,0.05069727839291193,0.004443812381822668,0.6757815875877937,0.03864684593747721,0.0033875454055806967,0.0841955545932848,0.03665296213010084,0.003212773784065534,0.1875209212868341,0.03092268921137711,0.0027104932168505523,-0.1373688565941546,0.04124874888131347,0.0036156122542290643,0.06636436180885924,0.04823812991146137,0.004228258513508146,0.3423666380352563,0.06605394160905975,0.005789883261890649,0.8129973191692716,0.03820746190987564,0.0033490316974660616,6.477055169883228,2.219986866497207,0.1945904284716646,0.22319568413616644,0.04316229487451494,0.003783341955848801,0.42888042680812727,0.05958801072478902,0.005223119430884898,0.45919110001417873,0.02491134679812054,0.0021835758221854344,0.08258652059668231,0.008418385410924711,0.00073790401595311,0.3371405412138928,0.020050547487339185,0.0017575079769768982,0.5455431281120295,0.027511974880901655,0.0024115309243353407,0.43732789513220405,0.046494814707528795,0.004075450198461822,0.14044666242430962,0.017964321490791524,0.0015746422057043522,0.22842317965406747,0.027665878115359352,0.002425021137628157,0.5973999307469948,0.05892167205643665,0.005164712271392772,2185103,0.5555159050081643,0.15273130418902675,0.3750000000000001,0.535,0.775,70480,0.5168404426531408,0.1342557891765676,0.3350000000000001,0.525,0.6849999999999999
hmid_cos__hpre_softmax_prob_gauss,hmid_cos,hpre_softmax_prob_gauss,all,18,500,1120,62.00925238095238,2.8290657386382,0.2479785455328982,1.9907476190476192,2.82906573863836,0.2479785455329122,0.6568759717908644,0.12684646659580495,0.011118583022943947,0.31930688590804723,0.07154150709523416,0.006270889584646901,0.3204088530413096,0.08176180815942193,0.007166738471504364,0.5210930419697647,0.045430644894577876,0.003982171601640452,0.1462676207531066,0.01586358062478961,0.0013905041500282636,0.35741926771437854,0.0532755851999813,0.004669810937891004,0.4873555731509412,0.05697455326530884,0.004994039784285397,0.7375166551836897,0.031922410387897546,0.0027981226416129864,0.07201424012858404,0.03834756109569285,0.0033613119325467847,0.24712459360063077,0.022492467964935158,0.0019715517441721894,-0.1927589374203855,0.043847750428281526,0.0038434247842288535,0.01179494995559279,0.046535080810183656,0.004078979677976652,0.4333275833144783,0.05745127496905993,0.005035826284014125,0.4908606849206346,0.04051596626451375,0.0035513810258684057,0.12889831848297092,0.02274627999297287,0.001993799349341606,0.3353728353801229,0.055341812497261056,0.0048509237458833855,0.47626460093678463,0.052456644428797446,0.004598027614321607,0.6569612743522442,0.037635320330810816,0.0032988812768951757,0.0813902422923323,0.045025504091366804,0.00394665944448405,0.18031488276177213,0.03188938562295438,0.002795227893334315,-0.1326309776668251,0.053566810404792484,0.004695337952595993,0.0639033576434855,0.05586830206546011,0.0048970725912697395,0.32908881728439804,0.06863764868980092,0.006016355172816854,0.7917814873185894,0.04406542339041718,0.0038625046606046566,7.268598613628886,2.4102658718913648,0.21126911866915812,0.2442438943335697,0.046343469977460985,0.0040621842479666775,0.4543852083034458,0.06586729848978086,0.0057735232711628335,0.48148621490441634,0.023753845691785673,0.0020821163767998324,0.08269753184054225,0.007445832664246642,0.0006526560090646793,0.36139454626107503,0.021997663201494422,0.0019281801943757376,0.5661822803407905,0.024225410029539013,0.002123450813467093,0.4789069861169371,0.045430653798380925,0.0039821723820932,0.14626762106250082,0.015863580691319504,0.001390504155859866,0.2624833365541839,0.031922409200850675,0.00279812253756374,0.6425807294621354,0.0532755856525545,0.004669810977560794,2142864,0.5112690601141379,0.1552359071645204,0.3350000000000001,0.485,0.735,69771,0.4841185381395728,0.14067614398255648,0.30500000000000005,0.485,0.665
hmid_cos__hpre_softmax_prob_gauss,hmid_cos,hpre_softmax_prob_gauss,all,19,500,1120,60.16485952380953,3.5303875462708496,0.3094521123829079,3.835140476190476,3.530387546270959,0.3094521123829175,0.5419359300328863,0.10760556895452067,0.009432043984042088,0.2551893318042159,0.06019387671190421,0.005276225926156726,0.24748010299149023,0.06788922825725131,0.0059507532294699695,0.5535356783860494,0.046646387532890826,0.0040887361423910295,0.13027487544683475,0.015861835065548557,0.001390351145014691,0.4012892669882803,0.05780624868723702,0.005066941102285663,0.533650233514394,0.055048740830969285,0.00482523488169357,0.7375373176038267,0.033636634288055405,0.002948380991453771,0.0947071209883827,0.045257045610423,0.003966954953472,0.2370575522664403,0.021457116838653107,0.0018807992166134423,-0.165237439601467,0.04736696499134265,0.0041518975414529995,0.04377944342463466,0.05448217419442974,0.004775573126380606,0.43699464571362434,0.058136750554756055,0.005095910868270219,0.5042074269125858,0.0470232992161188,0.004121773908083325,0.10317382859034192,0.019373433098008406,0.0016981562838958926,0.37664205545832724,0.0610858809554358,0.005354413545447119,0.5014767581044208,0.053674151366986125,0.004704746802774814,0.6370592533931847,0.040912087033461234,0.0035861025421617156,0.10456603127243216,0.05481363978157215,0.0048046273661146565,0.17137301319731132,0.0288900389778378,0.002532323568260903,-0.10731430395648514,0.06088875323706997,0.0053371345390893134,0.09577836882737248,0.06632368429968374,0.005813527251203272,0.33501731690328046,0.06873296512298331,0.0060247100265564246,0.8189863625066626,0.053724325152191305,0.004709144728955578,7.195292323240783,2.5860317148848777,0.2266756740929553,0.20370305221960655,0.04589799678145712,0.004023136800708663,0.40897542977396945,0.06945365192108685,0.006087881009661435,0.46546733283045766,0.024884377868999337,0.002181211891320656,0.07528103184208626,0.007427750861296134,0.000651071069154998,0.3613164915970393,0.02319709246246282,0.0020333148045554622,0.5462268001587619,0.026927022260440053,0.0023602575664749647,0.44646433510382966,0.046646398079658334,0.004088737066855962,0.1302748754951038,0.015861835383169095,0.0013903511728553587,0.2624626724167595,0.03363663238135873,0.0029483808243244386,0.5987107270747422,0.057806249199230504,0.00506694114716387,2015194,0.5433452153104196,0.1418879151841321,0.3650000000000001,0.535,0.735,67583,0.49672998613737107,0.12049262535029683,0.3350000000000001,0.505,0.6450000000000001
hmid_cos__hpre_softmax_prob_gauss,hmid_cos,hpre_softmax_prob_gauss,all,20,500,1120,57.65406428571428,4.9383767637129035,0.4328678087729647,6.345935714285713,4.938376763712932,0.43286780877296727,0.5605046590361569,0.12585163221762424,0.011031381944942088,0.24524262159449003,0.07267737671315262,0.006370452946473204,0.223804812392344,0.0822929404301306,0.007213294267708422,0.6189581599644253,0.06506821292779043,0.005703480333414023,0.12534982776232068,0.023951107609267816,0.002099407146228824,0.4678058946084411,0.08691569329747206,0.007618496422167079,0.6033316639827828,0.07886258648326024,0.006912610486914618,0.7929155330828261,0.033155476148787236,0.002906205621006398,0.1439314790246741,0.07512187269838871,0.006584722466866763,0.2428363258361816,0.028133348275400396,0.002465996703796093,-0.1352857685096806,0.09072012149142208,0.007951969256408887,0.10255167793769368,0.08829761485886586,0.007739627187760366,0.4889283737074052,0.06377252759767178,0.005589908506770718,0.5517388489760101,0.059136994035834146,0.0051835860750456915,0.10137247046564837,0.02939279667279887,0.0025763922232409503,0.42348872267979953,0.09032648862342657,0.007917465814249054,0.5556335481775659,0.06526768649928512,0.005720964962864634,0.6728264868622734,0.04202346391937848,0.0036835190213706085,0.14425291332791657,0.07081659625475441,0.006207348347902884,0.15502809107218468,0.03488700383562898,0.0030579807146242817,-0.044559591375763666,0.09486169993527019,0.0083149946130449,0.13633768175022698,0.08075973043798773,0.007078902486472857,0.34951779722145626,0.06758778550312186,0.005924330607079288,0.856813298006285,0.048260440095925866,0.00423021408739903,5.552716736925215,1.8006971464268744,0.15783806407097503,0.1729821781359969,0.04838749651960935,0.004241351073972135,0.38796490815381207,0.0770964516249567,0.006757801940971149,0.4271756464276997,0.0370566047352901,0.003248154618375211,0.07706869062095698,0.010307545446792996,0.0009034961941677452,0.3204086785610233,0.025824348358469962,0.0022636039374436183,0.5132916585245302,0.043281454943746196,0.0037937867964369845,0.38104185179620975,0.06506822511603833,0.0057034814017610565,0.1253498280790235,0.023951107461594123,0.002099407133284654,0.20708445818378102,0.033155475583551336,0.0029062055714612874,0.5321940990936189,0.08691569311332471,0.007618496406025852,1876194,0.5962650922043884,0.15348364473053613,0.39500000000000013,0.6050000000000001,0.795,65039,0.5385009972990767,0.13418766123512113,0.3350000000000001,0.5750000000000001,0.6849999999999999
hmid_cos__hpre_softmax_prob_gauss,hmid_cos,hpre_softmax_prob_gauss,all,21,500,1120,52.539080952380964,4.889493181798381,0.4285829738968983,11.460919047619047,4.889493181798358,0.4285829738968963,0.43164849404146277,0.09905062987503663,0.008682170511298333,0.17834406222736549,0.05782975812234716,0.005069001795130403,0.15418742173055092,0.06640451607507501,0.0058206124687083345,0.662542108175726,0.06645614721152178,0.005825138137357675,0.1081220448359315,0.02448826464736385,0.002146491036578411,0.5274596198557386,0.0936412483923042,0.008208017318602894,0.655828476093,0.07390893759265875,0.006478404017197405,0.8077412849125408,0.03759503559136814,0.003295350163793868,0.21161212235010185,0.07660895670468883,0.006715071127179282,0.21953362874122603,0.02622461857514881,0.002298689168867027,-0.04508578647501203,0.09615269089350442,0.008428154959850115,0.18000730694083805,0.08385815971285532,0.007350491786970366,0.5209055938911581,0.06534128143469793,0.005727415843377239,0.590409566785679,0.0589454983185375,0.005166800735347696,0.07632374180945613,0.028750653350351887,0.0025201058793256205,0.4921072021540432,0.09519590955642175,0.00834428937796477,0.5966580168237291,0.059364644594988754,0.005203540526360804,0.6795711159408091,0.037657561188325445,0.003300830774010975,0.19942068612633643,0.06632967217120947,0.005814052111283937,0.11773261040179502,0.027061257450275503,0.002372023799645195,0.053541701668414564,0.08531476253273673,0.0074781686534920976,0.19476698339797466,0.06923978724761642,0.0060691349445051,0.3525695368303076,0.06573456884399463,0.0057618890047470206,0.89999468697792,0.05010546354534215,0.004391937523235688,4.578989557566529,1.5830164482743838,0.1387575096033986,0.13347375935273506,0.04388790054892183,0.00384694409747187,0.3207215829727905,0.08630060510451118,0.007564581564911651,0.4019209052603869,0.03823014158376603,0.0033510196585330985,0.06986744151212983,0.010319206236362425,0.0009045183074391688,0.3081887270779837,0.029343619985045068,0.0025720816965052995,0.4826070932039902,0.047211463803915985,0.0041382672614068165,0.3374578882865963,0.06645615058856442,0.0058251384333685135,0.10812204476956812,0.02448826442791233,0.0021464910173426372,0.19225870722212965,0.03759503348634157,0.003295349979280154,0.4725403741133353,0.09364124889219148,0.008208017362419948,1559686,0.6377745837408965,0.14943730945363065,0.4149999999999999,0.665,0.8150000000000001,59261,0.5771280976405208,0.1209628736908355,0.3850000000000001,0.6150000000000001,0.695
hmid_cos__hpre_softmax_prob_gauss,hmid_cos,hpre_softmax_prob_gauss,all,22,500,1120,49.221033333333345,3.960928598867718,0.3471906995627756,14.778966666666664,3.9609285988678007,0.3471906995627828,0.36830816935925254,0.06838255000924853,0.005993994787581976,0.1454170411959114,0.035791356753779646,0.0031372507429691817,0.1192642836305002,0.03805623274802737,0.003335775876971999,0.6855142097630673,0.043757136815654504,0.003835482150886036,0.10137631204353559,0.015914465067766694,0.0013949643681092272,0.5546360403241146,0.06526535678310434,0.005720760754237693,0.6848298541284744,0.04367591599354104,0.0038283628319322185,0.8172738856715814,0.03041179806126191,0.002665711633092735,0.22743034474539267,0.061643414900023986,0.005403283550401739,0.2134145207246144,0.01737113464811994,0.0015226470864443244,-0.02419441816532358,0.07266428619741831,0.006369305512177939,0.20032844649416381,0.0651356731621391,0.005709393483669466,0.525264033816684,0.06181482723504313,0.005418308504026502,0.6017773844755833,0.04063810081234512,0.0035620865910014096,0.06109211161161462,0.016152851970106717,0.0014158599013974805,0.5258977931195781,0.06101895650382421,0.00534854735861923,0.6077769755652973,0.03923850199476869,0.0034394063455861043,0.669967733766777,0.03609056896145488,0.003163477849342718,0.20136695363570856,0.0520708758213944,0.0045642135049958526,0.10301454292819609,0.018854270418653073,0.0016526496686330504,0.07843055670339005,0.058494145154230015,0.00512723788614345,0.19416754017452087,0.05347748827715129,0.004687508522903409,0.33476699953916517,0.06225179369279052,0.005456610302800192,0.9257081374506156,0.036474568900770464,0.0031971369280752032,4.00110692937658,1.4434024036978008,0.12651979902735114,0.1097526045346544,0.03324947177436386,0.0029144447008547752,0.2841052071723909,0.06385521842070419,0.00559715667698622,0.3893011162347736,0.02657280102022952,0.0023292087058053115,0.06775054041133927,0.006843912621312732,0.0005998953910503025,0.3008909546270257,0.02479229599097489,0.0021731405588413227,0.4700627063109761,0.03381948191677143,0.002964408292765251,0.3144857846629052,0.043757134629954106,0.003835481959300949,0.1013763121748609,0.01591446517345829,0.001394964377373504,0.18272610557980484,0.030411797307400443,0.002665711567013864,0.4453639526492785,0.06526535559267754,0.005720760649892184,1350231,0.6716662689880415,0.12385867246484439,0.505,0.6849999999999999,0.8150000000000001,55256,0.5950696444535577,0.09001022749144583,0.475,0.6150000000000001,0.6849999999999999
hmid_cos__hpre_softmax_prob_gauss,hmid_cos,hpre_softmax_prob_gauss,all,23,500,1120,49.369742857142874,3.6361697556218986,0.318724331850935,14.630257142857138,3.6361697556220824,0.3187243318509511,0.42735199301938204,0.07706904157985757,0.006755399344586117,0.17167041683204118,0.03799541254727059,0.0033304447513227424,0.14294719138989848,0.03818796746360633,0.00334732293391002,0.6717219358852933,0.0379223322487423,0.0033240389807219933,0.10734291904385954,0.012484641638293506,0.0010943270892155858,0.5321846206801278,0.0539069242504181,0.004725150245609176,0.6719832610487942,0.03683629414330245,0.0032288435435491847,0.8104938876079659,0.03233562556850989,0.002834342549153801,0.20497043498788212,0.055836391803231966,0.004894275533461279,0.2200162685398899,0.018158237394834638,0.0015916396841240143,-0.052017079446245916,0.062567450617674,0.005484278852191227,0.17496749837167913,0.058315618961737786,0.005111589375418118,0.513225967089264,0.06800203043376273,0.005960640776189796,0.6049217253927673,0.03665182106689472,0.0032126737654656298,0.06482611918041398,0.013468943227991472,0.0011806049276006756,0.5217308390507388,0.05076015017928622,0.004449323336880099,0.6125620839570248,0.03654982417993384,0.0032037333441343042,0.6766276535939603,0.037102421883797185,0.0032521706685122147,0.21337299894687853,0.049644033448389004,0.004351491391940548,0.10921286680710811,0.019234172682078842,0.0016859495702374314,0.0786710422602396,0.05415467717394669,0.0047468667468516385,0.21010228987628857,0.05231738067104037,0.004585820607739049,0.35190958717266707,0.06378824023337423,0.005591285780014944,0.920857174318603,0.03395784611892223,0.002976536449822391,4.156915737089088,1.438983105518003,0.12613243046255068,0.11270691940827027,0.032352801561436904,0.0028358480913142224,0.30158394070885014,0.05783295569636855,0.0050692820748511,0.3979076766412882,0.02371658746202485,0.0020788505489687456,0.07082571321288564,0.005915719041250758,0.0005185356365514417,0.30637973609446045,0.026534553045008454,0.002325856122959547,0.48250545509159565,0.02795826749489158,0.002450650196746653,0.3282780539295503,0.03792233160327181,0.0033240389241440105,0.10734291914224274,0.012484641394228481,0.0010943270678223432,0.18950610314235086,0.03233562628193851,0.002834342611688577,0.4678153713153941,0.053906923213267795,0.004725150154698945,1360169,0.6610314936712511,0.12030760628764181,0.505,0.665,0.8150000000000001,55528,0.598735964791161,0.08397209818861859,0.485,0.6150000000000001,0.695
hmid_cos__hpre_softmax_prob_gauss,hmid_cos,hpre_softmax_prob_gauss,all,24,500,1120,52.2180476190476,3.655755059412795,0.32044105941988305,11.781952380952381,3.655755059412733,0.3204410594198776,0.4362049624375642,0.07396728809095637,0.006483518663881412,0.1791435035387321,0.03626808989807955,0.003179038245506228,0.15203295498288108,0.03608693373848597,0.0031631592080003813,0.655951553412988,0.03331666124983484,0.0029203341180481807,0.10866125832599187,0.010926824109065966,0.000957778362253359,0.5176023729870007,0.04262985795811905,0.003736671802408171,0.6545195260336003,0.03360309075373266,0.002945440771034082,0.7955504954197578,0.033809866241067875,0.0029635654416279595,0.16987791374820685,0.04596895287970593,0.0040293563769454805,0.21548247847205826,0.019035646766613932,0.0016685480065002547,-0.06925199254769224,0.04496611088447676,0.003941453400362142,0.1327590094508071,0.04759535600988514,0.004171916896895128,0.4697876525566689,0.06998600516691213,0.0061345438290531865,0.600771869268304,0.03379791484386778,0.002962517855474592,0.05999508142962697,0.010879628755328054,0.0009536415071014984,0.5256590081161685,0.03893829332166085,0.0034130918951663417,0.6041357512228547,0.034857193208935454,0.0030553676979849288,0.6718448882835252,0.0368088396157193,0.003226437048102515,0.19520920197694078,0.04418040109594234,0.003872582900850344,0.11016422338579736,0.019752633006472273,0.001731394621373459,0.0623916739891173,0.04441445320618279,0.0038930984728583213,0.18746775480099914,0.04578907904443436,0.004013589740122281,0.339962619289614,0.06278508628801692,0.005503355459797274,0.9176694263767631,0.03704209898924229,0.0032468831336735023,4.550562089686165,1.6875203553744074,0.14791768093884566,0.12141345637128466,0.03414802285233504,0.0029932061754854664,0.28245701182264654,0.05198698741101765,0.004556860361621282,0.4079267362793289,0.020825868470567683,0.0018254678575538295,0.07101322259508253,0.006752258050981472,0.0005918615137417006,0.31840302180477553,0.026906920026586213,0.002358495527988211,0.49049798942321804,0.0218816347296823,0.0019180098504040825,0.34404843637333027,0.033316660922743796,0.0029203340893773867,0.10866125821432188,0.010926824352644143,0.0009577783836039275,0.2044494947087197,0.0338098668558052,0.002963565495512062,0.48239761890577404,0.04262985601049798,0.003736671631691657,1524919,0.6471802003527075,0.11595643393817884,0.495,0.6450000000000001,0.795,58786,0.5958894701321671,0.07564452457202557,0.495,0.6050000000000001,0.6849999999999999
hmid_cos__hpre_softmax_prob_gauss,hmid_cos,hpre_softmax_prob_gauss,all,25,500,1120,51.29039761904759,4.065765557164557,0.35638006412277246,12.709602380952386,4.0657655571640925,0.3563800641227317,0.43644995877324105,0.07426888569632517,0.0065099548595816785,0.1702992398903129,0.03522887066655314,0.003087946663573677,0.1376009037669216,0.03408960078747443,0.0029880852557156285,0.6891167106151578,0.03493446754183192,0.003062141091906809,0.09966994772377825,0.010432901481638336,0.0009144841350876624,0.5625621383992688,0.04456275887207534,0.003906098037633379,0.6880597587432177,0.03536889298304148,0.0031002201607606456,0.8160931611740874,0.033357374554789564,0.002923902796572905,0.18046904038217454,0.050974798992171826,0.004468138134886651,0.21804878404569775,0.0198607116512547,0.001740868132282122,-0.06113335202319997,0.045882190862719135,0.00402175135084586,0.142889304003431,0.05423057996859929,0.004753519920145836,0.4833043728227417,0.07757732840017556,0.006799952648772208,0.6546925705256917,0.034468424234327756,0.003021290594878113,0.05613872670802689,0.011001584402786667,0.0009643313909254306,0.5858593712246133,0.04115507833651756,0.0036074016689674636,0.6574578336910122,0.036322878754801585,0.0031838407005413947,0.721424396053666,0.03444952346926267,0.003019633869774032,0.2296679075016685,0.0466864809438536,0.0040922504848116435,0.12057198743786487,0.021375222583598516,0.0018736208686597066,0.08336469010011047,0.04985743121547535,0.004370196530947855,0.2279416084194999,0.05028783006574072,0.004407922653543795,0.3813341040972798,0.0633959384296618,0.00555689901078371,0.9271628961946288,0.034951557341273067,0.0030636390788750805,4.1068661379774385,1.4308533856050378,0.12541982909310448,0.1123583753304822,0.032799471141270124,0.002875000406238566,0.26560855539377254,0.05315135219763154,0.004658921435109528,0.3873786073456917,0.022863221214462902,0.00200404969935005,0.0686351610869169,0.006209137185551607,0.0005442548708777926,0.30172981816033506,0.028128295752154853,0.0024655538306070433,0.46689468116696403,0.02404383379860687,0.002107534955084964,0.31088328058329373,0.03493446657245634,0.0030621410069372927,0.0996699479733372,0.010432901629642338,0.0009144841480607851,0.18390683074362923,0.033357374814302156,0.002923902819320186,0.4374378563222429,0.0445627590748912,0.0039060980554109725,1466325,0.6796530567248732,0.1083915563250196,0.545,0.6849999999999999,0.8150000000000001,57612,0.6493241397951954,0.07273189435349288,0.555,0.6550000000000001,0.735
hmid_cos__hpre_softmax_prob_gauss,hmid_cos,hpre_softmax_prob_gauss,all,26,500,1120,52.8822238095238,3.4445544166847624,0.30192850685384715,11.117776190476196,3.4445544166845563,0.30192850685382905,0.445543124119157,0.07386034475828324,0.0064741446674667896,0.17142873082185778,0.035315056783606726,0.003095501209818461,0.13743998609036207,0.03484213570504973,0.0030540478495763392,0.6958335812008095,0.03847397752604684,0.0033723928212311643,0.10614628948239344,0.015512017915338822,0.0013596883198541735,0.5561703347786552,0.05474875708529054,0.004798940147032249,0.7007252913903623,0.039209469673253186,0.003436861550403535,0.8239038546864477,0.033275517274947784,0.0029167276896394706,0.15082664606634186,0.047710042658031054,0.00418196962483667,0.22094618185496054,0.022143479324797575,0.001940961541121454,-0.08917884092295673,0.040151850352577234,0.0035194648589818543,0.10926477965203091,0.05099277675012569,0.004469713954850272,0.4523502210934957,0.0763987611952137,0.00669664667842742,0.6707291413351186,0.03278728920508516,0.0028739326124522058,0.06089945015507263,0.01245793554992702,0.0010919861973587633,0.5954699859745447,0.041579980862574424,0.0036446460175047846,0.6754031184385221,0.034632917892324984,0.00303570909972317,0.7419705120132082,0.030275974083800786,0.0026538061365468982,0.21271969108811484,0.04648731326810072,0.004074792668305003,0.14354105166459363,0.022587240100013065,0.0019798588880793437,0.02810090624720865,0.060984518097450834,0.005345528699205875,0.22046394195610747,0.05051298690324474,0.004427658520518704,0.38699751460023585,0.059705746724910615,0.005233439446311995,0.9239765707191964,0.03155443748840136,0.00276586839486066,4.095079361261073,1.3282834608327951,0.11642917878298373,0.1132347024981465,0.03090380747986584,0.002708838160111022,0.28807462523813754,0.06552416514322125,0.005743446307223266,0.38200715359300375,0.025261972805841318,0.0022143095468328015,0.07253386477159247,0.008477001171246433,0.0007430419138786924,0.29508912800245357,0.0287641512628471,0.002521289023521451,0.4699074034777427,0.029052380389152904,0.0025465534203664452,0.30416641210473716,0.038473975846524004,0.003372392674014497,0.1061462892418284,0.015512017820284538,0.0013596883115222981,0.17609613766304794,0.03327551699576581,0.002916727665168091,0.44382965486972104,0.05474875371186811,0.004798939851338736,1564691,0.6854478520960643,0.11839699540033365,0.535,0.695,0.8250000000000001,59557,0.6646577428133714,0.07726816026716507,0.5650000000000001,0.6749999999999999,0.755
hmid_cos__hpre_softmax_prob_gauss,hmid_cos,hpre_softmax_prob_gauss,all,27,500,1120,55.12453571428568,3.749305294287547,0.3286410990519309,8.875464285714285,3.74930529428688,0.32864109905187244,0.46963285399831495,0.07024136512862827,0.006156927116591847,0.18146895657160458,0.03729416220341922,0.0032689774485493493,0.1470705584217572,0.04046648793115305,0.003547044058729535,0.692267148037893,0.05361061041839331,0.004699177193062806,0.10983904275965126,0.019057675999984224,0.0016704789539419354,0.5464654791438152,0.07336968468509926,0.006431136415789402,0.6978750791966915,0.05691747008691132,0.0049890362230884675,0.8257537268001406,0.04012528600139617,0.0035171363909371083,0.12727641574479195,0.05268227802277763,0.00461780527084418,0.22315700302273034,0.02358334618072867,0.0020671714357231585,-0.11419174129172296,0.039825452648366316,0.0034908548387726874,0.08539198199471272,0.05761813511700774,0.005050452220849166,0.43141822027425697,0.0827392315248319,0.007252413406948214,0.6740180313639703,0.04118099950803357,0.003609673759828859,0.07009990038501898,0.019200231632307545,0.0016829745060523915,0.5858414807624049,0.06228690202573461,0.005459687683866548,0.6806543073956455,0.04093139460386052,0.003587794925325527,0.7556237790828658,0.03075463428657481,0.002695762553206739,0.1801924252031033,0.05664645518351616,0.004965280719409708,0.17139985763677165,0.027531385416011807,0.0024132323327539897,-0.046295042362278514,0.08243852229460237,0.007226055080762223,0.19205070053487577,0.06433179631428028,0.005638930571197323,0.3862952632858993,0.060046424739056845,0.005263301190876362,0.9116616410472563,0.033640486497302405,0.002948718652481973,4.383441522915022,1.3292538669952807,0.11651423863347173,0.12330507239273616,0.03163937425695306,0.0027733134308808743,0.32275918254490404,0.08330793347337132,0.007302262330610346,0.3829365664260019,0.03442439800909208,0.0030174315260872615,0.07396197348017951,0.00949233687557838,0.0008320400123495518,0.29264264945139495,0.03442038306204283,0.003017079600461757,0.4739565367690863,0.03807318228286215,0.0033372615692054386,0.30773284377526666,0.0536106154813024,0.004699177636846355,0.10983904249519107,0.019057676011063594,0.001670478954913085,0.17424626530855888,0.040125286074724625,0.003517136397364631,0.4535345105887169,0.07336968292993437,0.006431136261942416,1699443,0.6802213516368282,0.13189482205930014,0.515,0.695,0.8350000000000001,62049,0.66689601810832,0.09289167201270915,0.555,0.6849999999999999,0.765
hmid_cos__hpre_softmax_prob_gauss,hmid_cos,hpre_softmax_prob_gauss,all,28,500,1120,61.69921190476191,1.8553850792137707,0.16263167273318427,2.300788095238094,1.8553850792143423,0.16263167273323437,0.8153494956189677,0.07789253876238013,0.006827582055218597,0.3781313258852987,0.04622589314300841,0.004051878184025601,0.36751177716375816,0.06055861560935591,0.005308196700131346,0.5512562330623465,0.043005249616122655,0.003769576332015082,0.167874519279209,0.030650699548202633,0.0026866522717099643,0.3376905759724834,0.08609388012168143,0.007546461321232863,0.5403384529870182,0.04686480701897338,0.004107881454475883,0.7870840298703738,0.03412295273331314,0.0029910086826642566,0.04626898817309122,0.022563698237359053,0.0019777953528350594,0.22163398296662742,0.030787657074496943,0.002698657128191877,-0.1824645971755897,0.0403399588752428,0.003535953297979883,0.0041162332587965506,0.02116623428735701,0.00185530223681331,0.3401511356421169,0.07438541661417808,0.006520169244890621,0.5982700875733581,0.03355495915822002,0.0029412218506723563,0.14492558917334036,0.02947789944245046,0.002583851809899117,0.4124859236057315,0.07771911478124705,0.006812380773037501,0.6185338749133406,0.03645116832827627,0.0031950857774594743,0.759850718887789,0.03131723328312196,0.002745076529540561,0.07754091485400828,0.02970371969625326,0.0026036458278765303,0.21069510225767182,0.03117844945143242,0.0027329115903326016,-0.18503276679756211,0.041258818748044074,0.0036164949169651965,0.06772693520110278,0.05026478735487929,0.004405902870883212,0.3543688767361498,0.056212186217894394,0.004927215366245875,0.8238006738476806,0.0280957901739726,0.0024627045910544762,5.86015041337013,1.5009816381776977,0.13156684145701755,0.19375621875368418,0.036081014715541815,0.0031626403827639715,0.5943589085841465,0.11095937375047363,0.0097260179359171,0.46293025482041494,0.022018757436837188,0.0019300291856268017,0.09644382151792807,0.015364868218149055,0.0013467900802034082,0.32493192560793394,0.02672462522269814,0.002342516683909413,0.5742432113461551,0.03723962336796143,0.0032641969088442555,0.448743784629589,0.043005254429888076,0.003769576753960225,0.16787451946437362,0.030650700046832957,0.0026866523154168397,0.21291596029056686,0.03412295240190836,0.002991008653615347,0.6623094136012451,0.08609388112425434,0.007546461409112254,2099653,0.5486154163963343,0.17308288084129564,0.32500000000000007,0.545,0.785,69097,0.5951417154507873,0.1509906696856689,0.405,0.6150000000000001,0.775
hmid_cos__hpre_softmax_prob_gauss,hmid_cos,hpre_softmax_prob_gauss,hall,1,125,153,60.7,2.6608269391300006,0.46646352912097827,3.3,2.6608269391300143,0.4664635291209807,0.6122976835568745,0.06521318136688467,0.011432374754725538,0.3636686592102051,0.0405401485133927,0.007107001386880437,0.44188008630275727,0.05333988222926226,0.009350893641994732,0.27889822793006896,0.03315571409229958,0.0058124529553496805,0.18853832761446634,0.016081142493800125,0.002819148577324609,0.07678972832361856,0.02177651281172655,0.0038175910160573863,0.23782874768972398,0.036462649002836585,0.00639218420590851,0.5506665123701096,0.05688134576497207,0.00997173957332035,0.0948036726564169,0.044818240928440396,0.007856984054479751,0.26449853225549064,0.02114452824011391,0.0037067992357694016,-0.19599193025628725,0.045353147377403744,0.00795075728950818,0.03191757731031005,0.054384862026999145,0.00953408667764246,0.4896970258156459,0.058658344764495565,0.010283261233136828,0.011361671248295655,0.011423331293536837,0.002002598271664959,0.01731189591934284,0.0035276195529961732,0.0006184189741497382,-0.009963515195646323,0.0111416596630725,0.001953219057681725,0.011270215829523901,0.011564508579162618,0.00202734774105595,0.03271803554085393,0.013937502643127085,0.002443351942374628,0.17647112670664986,0.08860471689548385,0.0155330917362654,0.328929989417394,0.030411390972546845,0.0053313519003871535,-0.23490105571846168,0.08355032455342473,0.014647017691100392,0.1513311279353996,0.10756566348678659,0.01885709223114363,0.6306274038155874,0.09391856658770542,0.01646465066037286,0.9920947951475779,0.003294194402205039,0.0005774977409712924,1.809044010957082,0.3737395519359822,0.06551943225031887,0.04243709466606378,0.014052320262941958,0.0024634803586036174,0.08328383913636207,0.022332915336619286,0.00391513267934878,0.5937240226268768,0.014995929691956926,0.002628902385078616,0.08788332357009251,0.00929051619322837,0.0016286992991231025,0.4729796541929245,0.03051108171958707,0.005348828458896553,0.6793667376836141,0.008041332422489826,0.0014097077286266482,0.7211017832756043,0.033155716536408864,0.005812453383820929,0.1885383274356524,0.016081143756318285,0.0028191487986538016,0.4493334656159083,0.05688134800789494,0.009971739966522066,0.9232102676232656,0.02177651398464419,0.0038175912216789148,279053,0.275313719670755,0.1916818227730927,0.07500000000000007,0.235,0.555,9308,0.01148926791445631,0.021153115477531872,-0.015000000000000013,0.015000000000000013,0.03500000000000003
hmid_cos__hpre_softmax_prob_gauss,hmid_cos,hpre_softmax_prob_gauss,hall,2,125,153,55.064,3.4727372489147137,0.6087976820350023,8.936,3.4727372489147523,0.6087976820350092,0.5105381474494934,0.06262768537069358,0.01097911732216745,0.2796640160282453,0.036846101298634595,0.006459406357231874,0.3138402229746183,0.04593255179874908,0.008052331363039402,0.38594639869530994,0.03797106117501875,0.006656620518867365,0.16628244437774023,0.011847654011909183,0.0020769853239709195,0.19507285695274673,0.03211094987481594,0.005629297712586661,0.3570976861715317,0.04641289074014814,0.008136538492215755,0.6223551416397095,0.04382995509948014,0.007683729909770971,0.1430627412398656,0.05493578800048738,0.009630668259141991,0.24682048964500428,0.02012246469644237,0.0035276235965890483,-0.133560680522273,0.049371412587001666,0.008655190239674398,0.09456529759553571,0.06594270085395199,0.011560265159582613,0.500876830180486,0.06711333352362246,0.011765486114906128,0.2981381494204203,0.03239011980338737,0.005678238358891324,0.06147252326707045,0.014346647185504727,0.002515078143109977,0.2144662392338117,0.03644910736116223,0.0063898102514537425,0.30522571335236226,0.03267217268494344,0.005727684409137796,0.36991252342859904,0.042677213862041596,0.007481645460808393,0.24451638448238372,0.06840067399113842,0.011991166849277408,0.266765248298645,0.03226328259386627,0.005656002815682184,-0.10181845498271286,0.08394125423613638,0.014715550686145702,0.23325117118656635,0.08808839907189937,0.015442577230945477,0.6050977092583973,0.07347297662826244,0.012880380707603771,0.9159960985978445,0.038734863024893366,0.006790520886907887,4.965382369041443,2.514263524089457,0.4407698296118369,0.12447452769676845,0.03711883976327468,0.006507219518197783,0.27315169467528666,0.06225709127586334,0.010914149312860378,0.5474750463962554,0.01779076373072773,0.003118858394565925,0.0832157305975755,0.007194985630545634,0.0012613365942154833,0.4337846696774165,0.025278211486594815,0.004431465859917534,0.6342723433176676,0.012695948367882437,0.0022256978814099502,0.6140535932381948,0.037971059284998325,0.006656620187532176,0.16628244545062384,0.01184765509863839,0.0020769855144829492,0.377644847035408,0.04382995895703621,0.007683730586030366,0.804927136262258,0.03211094386456941,0.0056292966589439886,229343,0.3822705189473981,0.17124846420274473,0.18499999999999994,0.3550000000000001,0.6250000000000001,8434,0.2980474719001638,0.07235144665195473,0.20499999999999996,0.29500000000000004,0.3850000000000001
hmid_cos__hpre_softmax_prob_gauss,hmid_cos,hpre_softmax_prob_gauss,hall,3,125,153,55.668,3.034431742517896,0.5319593389092873,8.332,3.0344317425178606,0.531959338909281,0.47162257417043046,0.07566687727077427,0.013264988447850666,0.24426197155316673,0.044008088250231385,0.007714958027966449,0.2601885842879614,0.05400744604023255,0.009467922737949566,0.45095464658737183,0.04319554686616487,0.007572513242852976,0.15881748036543528,0.016888777265401084,0.002960733195347522,0.26195790115992224,0.041292811112516786,0.007238948958164266,0.4294559632937114,0.05216567245516963,0.009145045592617015,0.674721606016159,0.04997849714785384,0.008761616855613033,0.1605843005478382,0.05639196218838848,0.00988594684968622,0.24984926782051722,0.02521409335900791,0.0044202254565545865,-0.12193323314314086,0.056417197999291145,0.009890370882396042,0.11514855738605062,0.07155651757522492,0.01254441062245873,0.5198642650842666,0.07028581691301743,0.012321646974574331,0.3861281889279683,0.036177216056178324,0.006342145604123628,0.07472254898150762,0.020766799899891827,0.003640580538101446,0.2837279707193375,0.044319037359555946,0.007769469810292278,0.4005878547032674,0.039722365275985855,0.0069636376643598345,0.46788691115379333,0.04740724894546456,0.008310857171435815,0.2675284039874872,0.07810162291358023,0.013691818178245134,0.26372665981451665,0.04096772895739401,0.0071819595436695355,-0.07337608198448047,0.09566292875897853,0.016770450831932772,0.26636333706974985,0.1055722923293526,0.018507638859610702,0.623021501024564,0.08773094093542706,0.015379912056672097,0.8843407804171244,0.07076511742793579,0.012405672059562167,6.975185981432597,4.966240281083386,0.8706203075102488,0.14566655051708222,0.05468258216308052,0.009586279318706257,0.33783673761288324,0.0893105029945266,0.015656821494756064,0.5167429365317028,0.021095282903706637,0.0036981661476585314,0.08331068260471026,0.010145197372567444,0.001778531516064704,0.4020662838617961,0.030934432485168622,0.005423045120365639,0.6072326672871907,0.016957393054166353,0.002972762073479421,0.5490453394651413,0.043195549171814326,0.007572513647051147,0.15881747994820275,0.01688877714157004,0.002960733173638984,0.32527837802966436,0.04997849337077619,0.008761616193462128,0.7380420924027761,0.04129281523207169,0.007238949680354082,233569,0.44749593969312534,0.1654947218418714,0.245,0.42499999999999993,0.6749999999999999,8518,0.38586467184016165,0.08843521830426315,0.265,0.3850000000000001,0.495
hmid_cos__hpre_softmax_prob_gauss,hmid_cos,hpre_softmax_prob_gauss,hall,4,125,153,57.84,4.9946371239559895,0.8755984935573954,6.16,4.994637123956054,0.8755984935574067,0.47897958862781526,0.1185235198102794,0.020778089142700892,0.2537193892697493,0.07329545034034018,0.012849258977152922,0.2761302400430044,0.09137724955494096,0.016019138141581936,0.4353685655593872,0.06629095689803817,0.01162131713593372,0.15355120498935385,0.017708988505758565,0.003104522565552464,0.2635719360113144,0.05508610073036935,0.009657019242522921,0.4080180140733719,0.0800145722276076,0.014027172979013394,0.656134414156278,0.07145782602923069,0.012527109231615952,0.0980928109822174,0.06667835278678627,0.011689230629582983,0.2430152288476626,0.030052427607538873,0.005268422847916906,-0.16279038241008917,0.055169675587191,0.009671670560910263,0.04220259710478907,0.08235325714108227,0.014437162521060826,0.45222641686598464,0.0949009863685062,0.016636876441498045,0.3861002833843231,0.04517242953797022,0.007919076055408512,0.0815858993952473,0.02227461622145209,0.0039049123938406922,0.2885571419994036,0.057702022949461376,0.010115610627133086,0.3797452931404114,0.05447361077867892,0.009549645019789717,0.48978415079911547,0.04512732555381238,0.007911168978357285,0.14685918556153774,0.08487461522486622,0.014879176081824054,0.2440997745593389,0.04367053851626195,0.007655782950532547,-0.15782697928572698,0.09691410066460268,0.016989790937841833,0.12568700995358328,0.10752915399131809,0.018850691834390195,0.48158073365688325,0.09210670753491812,0.01614701776377069,0.8216555571556091,0.12472212554529617,0.021864752639775546,10.17703850142161,8.76105180248823,1.5358800989652424,0.20295110726356505,0.0896977099283279,0.015724701863142638,0.37062687579790754,0.10323670733322413,0.01809819275703467,0.523973262866338,0.03245602679199494,0.005689792363418081,0.08095398050546646,0.010398890610055844,0.0018230059015020594,0.41228515068689986,0.04341775249799926,0.00761146760763775,0.6063647409280141,0.022788215973121015,0.003994950400144657,0.5646314355532329,0.06629095493573135,0.011621316791926167,0.1535512041250865,0.017708989584558677,0.0031045227546744624,0.3438655690352122,0.07145782013107888,0.012527108197624351,0.7364280556042989,0.0550861031145353,0.009657019660485643,253898,0.4242987003862341,0.16728878917349316,0.235,0.39500000000000013,0.6749999999999999,8857,0.3827077964230559,0.0977495353008949,0.265,0.3850000000000001,0.505
hmid_cos__hpre_softmax_prob_gauss,hmid_cos,hpre_softmax_prob_gauss,hall,5,125,153,59.21066666666666,4.179534477001593,0.7327046992625601,4.789333333333334,4.1795344770015275,0.7327046992625487,0.47200370784600576,0.10307650125919149,0.018070107393954152,0.24484017313520112,0.060797678586498094,0.010658302987977696,0.2611740403970083,0.07467687818026852,0.013091433955150413,0.45332624526818593,0.0692448803077518,0.012139162741818414,0.1503693989614646,0.019205765474681516,0.0033669191374464205,0.2795701502362887,0.06904829903590273,0.012104700525400917,0.4284782133102417,0.07761961922788649,0.013607319206526386,0.6677138621409735,0.07609182923526774,0.013339485811865377,0.07575432416548332,0.05730938615844669,0.01004677836280727,0.2396677649219831,0.030500866639314658,0.00534703767636799,-0.18377780928214393,0.054776568905359396,0.009602755921092252,0.022385542249384646,0.06768252750350073,0.011865270219127219,0.42255891784032185,0.08917510222958643,0.015633084694090506,0.3880932727654775,0.04958152239629032,0.00869202411327302,0.0772436186671257,0.02182087311933201,0.0038253677208607813,0.29039335391918814,0.06460130701483408,0.011325108451367435,0.3904797667264938,0.05316136580443573,0.009319598332891364,0.4821032280921936,0.050220823127710076,0.00880409847292498,0.09637758549302816,0.07578668943320223,0.013285992446004726,0.2306291000644366,0.047752045353324266,0.008371302646815383,-0.17802722631022333,0.07334633287582872,0.012858179078917361,0.06529449574649333,0.10373122107758612,0.018184884838733657,0.4254983906547229,0.10946383701837478,0.019189856723041843,0.8786453610261282,0.08470782131239378,0.014849935819744767,5.988216675122579,4.215566867550013,0.7390214558357543,0.15600868388017017,0.06202853117337337,0.010874080960253206,0.3390287794073423,0.08983325147359213,0.015748463343687156,0.5154178084929784,0.03387005970595751,0.005937683262912606,0.0797007208565871,0.010541355744827506,0.0018479811408026706,0.40482320694128676,0.04624052600866329,0.008106321622504303,0.5994811796347301,0.02862069826493034,0.005017429627697331,0.5466737611691158,0.06924487224665304,0.012139161328645495,0.15036939893166226,0.019205765211579205,0.0033669190913225514,0.33228612289826076,0.07609183050879426,0.013339486035124418,0.7204298400878906,0.06904830040338629,0.012104700765131355,265630,0.4475587035824914,0.16641331040789908,0.245,0.42499999999999993,0.6849999999999999,9069,0.3852589099643012,0.09599045538953957,0.265,0.3850000000000001,0.505
hmid_cos__hpre_softmax_prob_gauss,hmid_cos,hpre_softmax_prob_gauss,hall,6,125,153,57.702666666666666,3.7357482665607176,0.6549055463551706,6.2973333333333334,3.7357482665606776,0.6549055463551636,0.4774691596031189,0.11007055358773211,0.019296218827227065,0.2162076159020265,0.0564099450363658,0.009889099381933917,0.20200920083125434,0.06190959300204429,0.010853230179494237,0.5814284320672353,0.052174151302824136,0.00914653200014756,0.13080715918540956,0.023592699691405636,0.00413598261416535,0.409040473818779,0.08301394551244837,0.014552986299309774,0.5812375986178715,0.05445891884234037,0.00954706940978919,0.7506091518402099,0.03929173562351844,0.0068881449577579655,0.13434239448358615,0.054547235934474726,0.009562552078681652,0.25723375630378725,0.030544234478524394,0.005354640393790393,-0.16991536114923655,0.061719066047914425,0.010819829331769377,0.09271890384781484,0.06449167762762593,0.011305889572416516,0.5068295895258585,0.07638394416605643,0.01339069581711629,0.4617756043672562,0.0515007886571244,0.009028486323642932,0.06310454761485258,0.02070640851417683,0.0036299934613942568,0.38238962870836257,0.06042007778201811,0.010592106648311108,0.47363546121120453,0.05330851450236972,0.009345394637015633,0.5264041097164154,0.055200723599185174,0.009677113517396464,0.2054324465294679,0.06663642359873526,0.011681880118828668,0.24686781785885492,0.047736619585416085,0.008368598390468593,-0.11009570874273777,0.06545580727577614,0.011474908951915644,0.19607600357880195,0.09701692999924225,0.017007817715016908,0.54100275405248,0.10154337007224486,0.017801337646643045,0.9315053431590399,0.07648352295288095,0.013408152748134488,3.9433145742416382,4.0670367670187835,0.7129829811587259,0.09898518466949463,0.057991344181025556,0.010166330875316223,0.3034927676320076,0.1069825720153299,0.018754871789229074,0.45048329023520156,0.02707579926314836,0.004746596891487014,0.07415784470240275,0.009779132322648293,0.001714357483337508,0.35218928853670756,0.025396655054585052,0.004452229932888199,0.5422784280776978,0.036995201078223426,0.006485544701050997,0.418571559548378,0.05217415478619957,0.009146532610810198,0.13080715894699096,0.023592698883930573,0.004135982472608731,0.24939084138472875,0.03929173837299302,0.006888145439762111,0.5909595105250676,0.08301393744884865,0.014552984885698417,252040,0.5767242143464796,0.14457276546328454,0.39500000000000013,0.5850000000000001,0.755,8840,0.46072823591361756,0.08737408253393686,0.3550000000000001,0.475,0.555
hmid_cos__hpre_softmax_prob_gauss,hmid_cos,hpre_softmax_prob_gauss,hall,7,125,153,59.269333333333336,3.8119568611292967,0.6682655020324957,4.730666666666666,3.8119568611293477,0.6682655020325046,0.45731262580553694,0.08101366293204501,0.014202321301908911,0.2132204539179802,0.04982276629479455,0.008734316033360081,0.20728859420617424,0.06435284784082701,0.011281551637714717,0.553241664012273,0.08548467001965482,0.014986123402729978,0.1460832988023758,0.029390758741237866,0.005152427181327195,0.3719894476135572,0.1115603261471061,0.019557387471986955,0.540161223212878,0.0963717870301384,0.016894719165941728,0.7601581622759501,0.05421714306798803,0.009504684247754852,0.08524911721423269,0.05326643536211127,0.009338017838480307,0.2408749763170878,0.0270082747406093,0.004734759320759442,-0.1766678598175446,0.04951573742873086,0.00868049149997915,0.03312101446449135,0.06440121675578074,0.011290031082370538,0.42975154034296675,0.08004788900057691,0.014033013666834777,0.4878401828606923,0.05463727376177787,0.009578336405749515,0.08551498185843229,0.03299542004300056,0.005784352169524969,0.3785774821639061,0.08359989686706126,0.0146557081008469,0.4926672341823578,0.06102257691472888,0.010697729403253782,0.5865660517215728,0.05141794682568167,0.009013963510270388,0.09355444648054738,0.07445274060521696,0.013052140905786836,0.20998385832707087,0.044252685300857755,0.0077578377815384954,-0.16728302052337676,0.07882155898556721,0.01381802853636423,0.07674630175220469,0.09972585878750229,0.01748271387009055,0.3767869614760081,0.09326339105706757,0.016349793325714724,0.8892173518339792,0.08181840120752677,0.014343398141773848,4.542025943597158,3.064814883199267,0.5372857383152725,0.13901513914267224,0.0656888886987049,0.011515769926942993,0.3673635297218959,0.12255291284390721,0.021484472886431353,0.46283257444699605,0.043795453065513384,0.007677681436535334,0.08363543922205766,0.012694131054676346,0.0022253792923581164,0.3442017436822255,0.03725931128674813,0.0065318452620283275,0.5581452154715855,0.04942283369795073,0.008664204757879955,0.4467583386898041,0.08548466639430022,0.014986122767177293,0.14608329954743385,0.02939075772159914,0.005152427002576645,0.23984182703495024,0.05421714473880255,0.009504684540661553,0.6280105441013971,0.11156032457688914,0.01955738719671578,265845,0.5502472416297083,0.17233144742779177,0.31500000000000006,0.555,0.775,9077,0.48666548090673456,0.10823857869947319,0.3450000000000001,0.505,0.6050000000000001
hmid_cos__hpre_softmax_prob_gauss,hmid_cos,hpre_softmax_prob_gauss,hall,8,125,153,59.41733333333334,3.3802448300545627,0.5925830460945873,4.582666666666666,3.380244830054639,0.5925830460946007,0.4045606445471446,0.07043686711187051,0.012348127241966121,0.17776313026746116,0.03666774331984593,0.006428138824943642,0.16244797011216483,0.04472105352613092,0.007839946351651094,0.5999468100468318,0.07768499237997473,0.013618779625385049,0.12849875646829606,0.0275014715230655,0.004821220528856972,0.4328745214541753,0.11210179001247063,0.01965231027279564,0.5989183141390483,0.08172041459642183,0.014326220331465914,0.7664292650222778,0.05427162056921252,0.009514234574799866,0.08055438677221537,0.04828272071019244,0.008464334138695575,0.2337772413889567,0.02362016427224142,0.004140797367471583,-0.17679120410482088,0.04097852893255227,0.007183852862792495,0.03490977139716658,0.05832992381975498,0.010225686503015134,0.41123326237996416,0.07522944158693604,0.013188302591342708,0.5089438951810201,0.056911583619977835,0.009977040503024425,0.06725319879502058,0.027655344646054632,0.004848195676669421,0.42254523489872614,0.08351791544998018,0.014641336124762473,0.520261365334193,0.05786441517244984,0.010144079239023256,0.5786035823822021,0.050727519328533845,0.008892926233405233,0.07032681623204066,0.07301127437140952,0.012799440733279415,0.20077530844012895,0.04653683206741773,0.008158266364882668,-0.16927776560684046,0.06433505608195898,0.011278432604864889,0.04548170608157913,0.09544030393481838,0.016731422979493173,0.3476196506023407,0.11422494106858705,0.02002451506369302,0.9298243880271911,0.06848444990970023,0.012005853415341893,3.777099742412567,2.7484291703144192,0.48182087736344487,0.1018072350025177,0.0511738134862784,0.008971165048859977,0.3177910555998484,0.11445084886499823,0.02006411844654375,0.4386465588410695,0.04100972449067358,0.007189321685255231,0.07565151491761207,0.010767315251456239,0.001887593588854229,0.3395653245449066,0.0374977341902098,0.006573642639879727,0.5299856304327648,0.05097954326072722,0.008937107976721584,0.400053192337354,0.07768499692687265,0.013618780422491402,0.12849875554442405,0.02750147114220198,0.004821220462088652,0.23357072190443673,0.05427162328234571,0.009514235050433084,0.567125466664632,0.11210178840711375,0.01965230999136417,267355,0.594339973255801,0.15497961364553814,0.3850000000000001,0.6050000000000001,0.785,9106,0.5061361916950711,0.09557922743237816,0.3850000000000001,0.525,0.6050000000000001
hmid_cos__hpre_softmax_prob_gauss,hmid_cos,hpre_softmax_prob_gauss,hall,9,125,153,60.54933333333334,3.2717663594930326,0.5735659317277573,3.4506666666666663,3.271766359493158,0.5735659317277793,0.5001018703778585,0.08363738490190663,0.01466228004311666,0.2280493902961413,0.05074235656035589,0.008895527314827073,0.2155192285180092,0.06427679809141082,0.011268219528820388,0.575059253692627,0.07144255267936879,0.012524431695330782,0.12990264541904134,0.02592159908556759,0.004544256679040721,0.4119152937134107,0.09525453558807341,0.016698856352424237,0.5658894266287486,0.07890895914172837,0.013833350459293193,0.7523559883435568,0.05037889772194012,0.008831810171120964,0.07429896128177643,0.03993509526979466,0.007000930876557387,0.2316551753481229,0.026709563057361496,0.00468239285381327,-0.17196807130177816,0.02930841709910447,0.005137992055006759,0.021507854733460893,0.04243789499110435,0.0074396910129332,0.40528053347269694,0.08446442910078038,0.014807267283764417,0.47351852484544116,0.05405971760667876,0.009477086347577315,0.0704959593936801,0.029721751006802518,0.0052104526838642065,0.38023093408346176,0.07628974376764461,0.013374181759158749,0.48124056696891787,0.055164073491660734,0.00967068847026277,0.5532380911906559,0.05976694040123379,0.010477606617076043,0.06988722675376144,0.058482483309999854,0.010252431360853876,0.17261435234546663,0.03831437883477088,0.006716806758273786,-0.1342885857652873,0.05080738626242381,0.008906927524242499,0.04551885770695905,0.07006714673697555,0.012283312402517064,0.3070476043224335,0.09582086560761696,0.01679813838226185,0.91163152718544,0.07261214474456044,0.012729470224645874,4.548002958456674,2.6926092454468185,0.4720352130776185,0.12336885857582092,0.05997859065243613,0.010514710542048883,0.31317724514007567,0.10868802824815603,0.019053851449058266,0.45291731735070545,0.03728525226137235,0.0065363929153890565,0.0757335448215405,0.0113670541948389,0.001992732461272979,0.35005924840768177,0.03494734446619449,0.006126539608185739,0.5404491571187973,0.04311985088589656,0.007559243152424708,0.42494075965881345,0.07144254919027893,0.012524431083666361,0.12990264434615773,0.02592159916040719,0.004544256692160681,0.2476440038482348,0.05037889290509455,0.008831809326690703,0.5880846991141636,0.0952545315225977,0.016698855639714922,277771,0.5716164931699724,0.1524908233828296,0.3650000000000001,0.5750000000000001,0.765,9282,0.4719392287014528,0.09592093438118189,0.3450000000000001,0.485,0.5850000000000001
hmid_cos__hpre_softmax_prob_gauss,hmid_cos,hpre_softmax_prob_gauss,hall,10,125,153,60.821333333333335,3.1748438981746743,0.5565746751026889,3.1786666666666665,3.1748438981748026,0.5565746751027115,0.5328730315764745,0.09688028628731093,0.016983863016136528,0.26031938546895983,0.05487943384061364,0.009620788939330252,0.26260619141658154,0.06599814245753038,0.011569984501222232,0.5116910390853882,0.064934575715328,0.011383533030543106,0.1424350077211857,0.022843885085098947,0.004004709625765225,0.3457246038715045,0.07932872767016337,0.013906939126901817,0.49097708984216054,0.07067460458711086,0.012389804458952351,0.7145231438477835,0.06635695641618208,0.011632887361603396,0.0624583886799713,0.0349623991080623,0.006129178803269056,0.22854289587338766,0.031217966546673265,0.005472750832905781,-0.16544216814637183,0.036709518393061594,0.006435462318176102,0.0014977301169807713,0.03885602451792532,0.006811761433146392,0.3930706263780594,0.09119014168447641,0.01598633668565119,0.43475992568333943,0.04979770783686786,0.008729923091997787,0.08080271086593468,0.02686609892998251,0.00470983480221774,0.3313335002660751,0.06582977701700865,0.011540468738128877,0.43623197464148206,0.05354561075281117,0.009386959442338309,0.5330849256912868,0.05956479121871158,0.010442168302880736,0.03936539500051488,0.054025804485141674,0.009471141115242561,0.13964679605762165,0.036640203961480794,0.006423310962558526,-0.12400319980829955,0.0404615566026642,0.007093223617458587,0.022105922643095254,0.06142611655986853,0.010768473022180617,0.23019887592395147,0.09962368976635916,0.01746480285097525,0.8808880149523417,0.08238469957588437,0.014442674622913921,5.49033461411794,3.782866327906094,0.663165706705054,0.15227771186828612,0.06797785198976622,0.011917042884261268,0.3409638691743215,0.09239579846667827,0.016197697638618093,0.4862350577910741,0.033057854671025885,0.00579529744240227,0.08000189128518105,0.012013815230210667,0.0021061146698716695,0.3751752167542775,0.0432844912083168,0.007588105873521809,0.5708291945060093,0.03461052212991872,0.006067492049189911,0.48830897760391234,0.0649345806089704,0.011383533888436442,0.14243500698606176,0.022843885155158387,0.004004709638047187,0.28547684288024905,0.06635695965188759,0.011632887928847584,0.6542753866116205,0.07932872653290222,0.013906938927531148,280211,0.5078262321532367,0.15876318513519128,0.31500000000000006,0.495,0.735,9324,0.43316681249005656,0.09946779630841016,0.30500000000000005,0.43499999999999994,0.555
hmid_cos__hpre_softmax_prob_gauss,hmid_cos,hpre_softmax_prob_gauss,hall,11,125,153,61.18,2.391986622036138,0.41933374355040337,2.82,2.3919866220361685,0.41933374355040876,0.5031249839862187,0.08070632901982373,0.014148443291578723,0.23913993360598884,0.047995841946269054,0.008414042073968763,0.2351586692134539,0.06142452475950196,0.01076819396727264,0.5371153136094411,0.06995252818668043,0.012263218884713583,0.13831667682528495,0.023375189471661978,0.0040978513914129685,0.36918377900123595,0.0880892253913633,0.015442722091134484,0.523721246401469,0.07816576462468523,0.013703062715981089,0.7281255798339844,0.05602802571662096,0.009822145973161712,0.070201989783595,0.03565247996377212,0.006250155311210786,0.22457375780741373,0.028480111530470902,0.004992783686490427,-0.1615715337296327,0.027620913327382163,0.004842159600371463,0.015089901931894323,0.03926974508711293,0.006884289846751636,0.39398011088371276,0.08650583492450664,0.015165141503579263,0.47982049425443013,0.05055958263640445,0.00886348563321904,0.08153267695506414,0.026732288392210687,0.0046863767806663535,0.3787610206405322,0.07234837349247232,0.012683229085351818,0.48203877091407776,0.05336088072355227,0.00935457484035029,0.5773475464185078,0.05090072918326669,0.008923291259754386,0.051059753126620006,0.04639800179712157,0.008133928345420064,0.1210344537893931,0.031888219583432874,0.005590251370927681,-0.0948354866206646,0.0411154430707558,0.007207854969488641,0.04228367546635369,0.05131413091285318,0.008995763778313102,0.20663682307799658,0.08549834404434709,0.01498852056495103,0.8768478542963664,0.06802276152391491,0.011924915872722904,6.19099803797404,3.4151192709357785,0.5986968051408227,0.16088144238789878,0.05961706032301563,0.01045133148087593,0.3753793813387553,0.09905743351052788,0.017365533752486548,0.47310686417420705,0.035576377158109386,0.006236813901146344,0.07800338573753834,0.010719748710701506,0.0018792548065973925,0.366686586022377,0.03686103759662222,0.006462024805718264,0.5601626077493032,0.03873419785446387,0.0067904042773902044,0.46288469568888346,0.06995252720483058,0.012263218712587716,0.1383166770040989,0.023375189024971963,0.004097851313104756,0.2718744080464045,0.056028025423833776,0.009822145921833857,0.6308162126938501,0.08808922622925064,0.015442722238022611,282715,0.5319970682399623,0.16039776738009945,0.31500000000000006,0.535,0.745,9370,0.47770967330851194,0.10270355930838956,0.3450000000000001,0.485,0.5950000000000001
hmid_cos__hpre_softmax_prob_gauss,hmid_cos,hpre_softmax_prob_gauss,hall,12,125,153,62.084,2.3889210953900437,0.41879633303455116,1.916,2.3889210953901343,0.41879633303456704,0.6382310555378595,0.1133280154413779,0.019867277068514037,0.30783584028482436,0.06559355771513689,0.011499057668668785,0.30732491709788645,0.07893376869410051,0.013837699765587878,0.5247134714921314,0.0600581444307571,0.010528656934294384,0.14494753037889796,0.021732884397609422,0.0038099426178396195,0.35857680439949036,0.06856674872152742,0.012020281033178596,0.4972322296698888,0.06751819670216036,0.01183646175946784,0.7376312499046326,0.061799303670024695,0.010833895607116872,0.0749157320012649,0.03251966675960791,0.005700948941641689,0.239845283528169,0.03480865665628899,0.006102226563130756,-0.1686773649578293,0.03682411425719407,0.00645555185891992,0.008839220708313708,0.03747145165110604,0.006569035107625635,0.42939628616968795,0.09637563992227212,0.01689539460771345,0.4770234582424164,0.045422341726046325,0.007962887593658513,0.09556000352899234,0.02589369964964336,0.004539365692276299,0.36063958762089415,0.058484176534231276,0.010252728196149311,0.46737755767504374,0.050733958842350955,0.008894055129951183,0.5977361384630203,0.05298221519114179,0.00928819184564774,0.06636305702958877,0.0458193880570091,0.008032492884420485,0.14159597106774646,0.03470225283390471,0.006083573150625259,-0.10569679958745837,0.04388629256827616,0.007693606303507771,0.052620784540350234,0.05667109037895849,0.009934880178996621,0.25658944743871687,0.08457520257519788,0.014826686730046284,0.8456736886501313,0.059458442825670296,0.010423524607567503,6.414392534255981,2.709970143122437,0.4750787126301016,0.19377453545729317,0.05526140566261908,0.009687751552154553,0.3876396562258403,0.08476144808022634,0.014859337006650482,0.47917729636033374,0.031217813357693434,0.0054727239776935525,0.0826152781645457,0.011908361273230044,0.0020876277761133566,0.3597473996480306,0.041326246078916155,0.007244810366207508,0.565396662871043,0.0304981495900716,0.005346561356634424,0.4752865504423777,0.060058147992687924,0.01052865755872839,0.14494753052790957,0.021732884326208405,0.0038099426053224694,0.2623687374393145,0.061799303740608415,0.010833895619490743,0.6414231897195181,0.06856675332662795,0.012020281840488315,291423,0.5208797400576358,0.159901604431854,0.32500000000000007,0.495,0.755,9513,0.47509261830727983,0.11066184704005881,0.3350000000000001,0.475,0.6150000000000001
hmid_cos__hpre_softmax_prob_gauss,hmid_cos,hpre_softmax_prob_gauss,hall,13,125,153,61.38666666666666,3.249314457611779,0.5696299397874353,2.613333333333333,3.2493144576117046,0.5696299397874222,0.6031753485202789,0.09876010352914366,0.017313409508556837,0.2977256118456522,0.060272589942701224,0.010566250890081046,0.3032929186622301,0.07592953424520882,0.013311034245659312,0.502891780058543,0.06520658619296253,0.011431218569760013,0.1439639361302058,0.020048665107139402,0.003514685958155037,0.3388674386938413,0.07326744495368852,0.012844349416407042,0.47766399574279783,0.07098995369554359,0.012445087595131353,0.7118220178286234,0.06739480296100438,0.011814829882879175,0.07312872775395712,0.03208026194154548,0.005623917880683934,0.231327485481898,0.031313877094584934,0.005489564693289137,-0.1597042131125927,0.03455897042716303,0.006058454637231251,0.010329559109794597,0.03805101744806737,0.006670637471549681,0.41364504206180575,0.08709799932957604,0.015268952500884789,0.4579960019191106,0.05355493047332107,0.009388593261379878,0.09541707381109397,0.023858570163851334,0.004182591763013878,0.340306704501311,0.06412829344041543,0.011242185515643703,0.4521519736448924,0.05869927608889982,0.010290436810680946,0.5814544591903686,0.058829732378815135,0.010313306806656642,0.058825096760958935,0.04721821455208265,0.008277717981146725,0.13204753655195237,0.03307265561832067,0.00579789216286602,-0.09753752493982513,0.04313514755281511,0.007561924776370138,0.042213336064790684,0.05051456823993332,0.008855594261581756,0.23770243974526725,0.08581322052364401,0.01504372084558937,0.8346566581726074,0.0620149539686119,0.010871700771314385,7.0052296711603805,2.949265457623995,0.5170290308800394,0.19712627283732095,0.05356599893393651,0.009390533648078722,0.3968582218090693,0.08435504917650577,0.014788092137593956,0.49074581480026247,0.03313459231478046,0.005808750144491151,0.08042342580854893,0.010757081578169056,0.001885799546826463,0.3770749138991038,0.04306105229243679,0.007548935304511247,0.5740246633688609,0.03202197449107753,0.005613699640087785,0.49710824358463285,0.06520659687440562,0.011431220442299548,0.1439639361302058,0.020048665574392187,0.003514686040068062,0.28817796927690503,0.06739480331479283,0.011814829944901026,0.6611325538953146,0.07326744506045015,0.01284434943512318,285680,0.4969631845628604,0.15991358037016407,0.30500000000000005,0.475,0.725,9413,0.4545881513909454,0.11314524330686064,0.31500000000000006,0.45499999999999996,0.6050000000000001
hmid_cos__hpre_softmax_prob_gauss,hmid_cos,hpre_softmax_prob_gauss,hall,14,125,153,61.916,2.300205208236932,0.4032437522928402,2.084,2.300205208236865,0.40324375229282844,0.6501341203053793,0.10435394904653066,0.018294053865025604,0.325925079703331,0.06053041740429371,0.01061145003695907,0.33676768469810486,0.07324411932875731,0.012840260254062676,0.4859872933626175,0.05329989252490783,0.009343883137723542,0.1492986164887746,0.018656912263562246,0.0032707009272114527,0.31861314751704534,0.058639253486416104,0.010279914384524686,0.45557922263940176,0.05781650307901948,0.010135679878711454,0.7056591424147287,0.060395508517238135,0.010587799466288619,0.06294828758140406,0.02838942758187067,0.004976886089365032,0.2345451665321986,0.03178376772541354,0.005571940152862941,-0.17253237153093018,0.03027832767498221,0.005308024875819833,-0.0017025227276608347,0.03243504025899618,0.005686113261969334,0.40849904211362204,0.0888341654458303,0.015573315840649013,0.4517648545106252,0.04306295981425853,0.007549269707830664,0.10657067738473415,0.0248794741065369,0.004361564115178328,0.3226731975475947,0.05415317080874558,0.00949346941624017,0.438561071674029,0.04882240490940918,0.008558944950272738,0.5901858537197113,0.054856130029108295,0.009616703601048047,0.04979445222423723,0.03675099010196523,0.006442732629299828,0.13945711569984753,0.03692603839499326,0.006473419948092217,-0.11379195544123649,0.03838616920168651,0.006729392164493141,0.03239627110181998,0.04496510751327044,0.007882730901996322,0.24026732316613197,0.08414739966863281,0.01475168957385025,0.8149529678821563,0.06384047506794711,0.011191728730276324,7.277573563257853,3.562085872921767,0.6244611864379083,0.21870066384474435,0.059764059476605166,0.010477101568720724,0.42296530230840046,0.08004118719805882,0.014031838789052203,0.4993321158488591,0.026950794113854534,0.004724682522596507,0.08239753784735997,0.010682087018094826,0.0018726524207797995,0.38158924599488575,0.0386865126623502,0.006782044694633039,0.5831171721617382,0.02532378832409738,0.004439455831814982,0.5140127294858295,0.053299900878607614,0.009343884602191684,0.14929861611127854,0.018656912078521506,0.0032707008947723813,0.29434084566434227,0.06039550984013736,0.01058779969820308,0.6813868455886841,0.05863925524318119,0.010279914692499184,290324,0.482136039435884,0.16020937519593742,0.29500000000000004,0.45499999999999996,0.715,9496,0.4495652919068694,0.11867798488296008,0.29500000000000004,0.44499999999999995,0.6050000000000001
hmid_cos__hpre_softmax_prob_gauss,hmid_cos,hpre_softmax_prob_gauss,hall,15,125,153,61.484,3.2366254031011055,0.5674054504524797,2.516,3.236625403101199,0.567405450452496,0.6026543178955714,0.09436021262622485,0.016542074624600098,0.2822502594987551,0.053721092202267215,0.009417722696800584,0.27256077617406843,0.06343999054603872,0.011121520698066305,0.551973915497462,0.053914487122583794,0.009451626321165736,0.13200169139107065,0.01857583728720121,0.0032564878571915232,0.3968761781851451,0.06402510243960192,0.01122409533559286,0.5320339492162068,0.0616817835307956,0.010813293418345618,0.7407027265230814,0.047244175026914394,0.008282269053044557,0.08081441004822652,0.033897451163664945,0.005942485197169238,0.23754979276657104,0.02655034281617618,0.004654480314850822,-0.1687731505036354,0.03272680478585598,0.005737261838703091,0.01992147665160398,0.040896517092050784,0.007169475553247314,0.4316539630492528,0.07235608735343532,0.012684581384802426,0.4891209120750427,0.05092308102853004,0.00892720971099621,0.08948856395483017,0.02531931674695636,0.0044386719297793914,0.37865143318970995,0.06223658201558929,0.010910553881009324,0.4836972727378209,0.05602833598509955,0.009822200365624211,0.6044241127967834,0.056682481590868666,0.009936877146492119,0.06474345545492056,0.04263740754959685,0.007474667106556485,0.1425037213265896,0.036317314634001,0.006366705967698932,-0.10027813925811399,0.04443374186376375,0.007789578396481028,0.04742027007074406,0.04808220519841665,0.008429182219609465,0.2606385107636452,0.08397122714719121,0.01472080516912731,0.8483264168103536,0.06089640270238691,0.010675610088574738,6.511348440170288,2.8452006369935763,0.49878566346115777,0.18567562385400138,0.052080531225841664,0.00913011967702214,0.3688245036204656,0.07766819396725723,0.013615834733793417,0.4660558603604634,0.028743002305884266,0.005038870471417808,0.07643376624087492,0.009484337512673162,0.0016626776745512553,0.35856925547122953,0.03221142808067229,0.005646912318713139,0.5483189166784287,0.02944280910614839,0.005161552012615973,0.44802611056963604,0.053914488520406006,0.009451626566214774,0.13200169082482655,0.01857583734035457,0.0032564878665097183,0.259297267973423,0.047244175854311704,0.008282269198093701,0.6031238180398941,0.06402510506387704,0.011224095795648573,286370,0.548539989061286,0.14413359013932978,0.3750000000000001,0.535,0.745,9426,0.48695349496007345,0.10738660458362723,0.3450000000000001,0.485,0.6250000000000001
hmid_cos__hpre_softmax_prob_gauss,hmid_cos,hpre_softmax_prob_gauss,hall,16,125,153,62.23866666666667,2.1971027387093587,0.38516909246071857,1.7613333333333332,2.1971027387094226,0.3851690924607298,0.6263428455591202,0.10055214643005364,0.01762756848056724,0.3029766941666603,0.061058556564572763,0.010704036913973817,0.3015998642245928,0.07412997231978027,0.012995557130532987,0.5248266092538834,0.05349730429349647,0.009378490946638758,0.1348065904875596,0.015907579983692303,0.002788721727762397,0.3729666158954303,0.060190847662263416,0.010551920836498575,0.4978235075076421,0.06030924436226457,0.010572676693148491,0.7222331708272298,0.049805737727736554,0.008731330793933597,0.0733757069359223,0.029612325884805498,0.005191269614183653,0.2366200814843178,0.027254891702079852,0.004777993180315247,-0.17435926430424056,0.0356522766851413,0.006250119674895574,0.01239868349690611,0.034282284578525404,0.006009949469339522,0.42230914696057636,0.06927685608363846,0.012144768342486057,0.48974481972058614,0.04634354304735233,0.008124381305650097,0.0986827674806118,0.02464463904530323,0.004320395713801493,0.37243869773546856,0.055010624863530665,0.00964378773968022,0.47717127482096355,0.05417091847263863,0.009496580718900053,0.6218157509565353,0.05349800123335478,0.009378613125582871,0.06630025311761224,0.046471099695632144,0.008146742972034495,0.15344647901256878,0.038096723017153826,0.006678650011088808,-0.11432245666285355,0.05263651149762659,0.009227587316079958,0.04828115638593832,0.052789508834387495,0.009254408931797265,0.27755928164720534,0.07867897350661081,0.013793032199797842,0.8147803446451822,0.06819186144799222,0.011954560396460694,7.639504932721455,3.2324745803547117,0.5666777791415181,0.21703123466173807,0.05956216906626439,0.010441708619288984,0.3940801444451014,0.07720678934927797,0.013534946937864193,0.48044717037677764,0.027859064304948524,0.004883909307511582,0.0765797230799993,0.008225344049321928,0.0014419663891164054,0.37118833724657696,0.032751931478772534,0.005741666742186526,0.5592165423234303,0.027171949001665325,0.004763452683832286,0.47517341729005175,0.05349730431128584,0.009378490949757371,0.1348065911134084,0.015907579774753912,0.0027887216911338824,0.27776681391398106,0.04980573597252093,0.008731330486230728,0.6270333802700043,0.060190852365712914,0.010551921661049627,292484,0.5199370084566859,0.146959790150199,0.3450000000000001,0.495,0.735,9530,0.48742286526018525,0.1137688050541484,0.3450000000000001,0.485,0.6450000000000001
hmid_cos__hpre_softmax_prob_gauss,hmid_cos,hpre_softmax_prob_gauss,hall,17,125,153,62.842666666666666,1.8868320304445019,0.3307762390843121,1.1573333333333335,1.886832030444446,0.3307762390843023,0.7016776541868845,0.09304342559802632,0.01631123168053586,0.3326500417391459,0.05647279284192108,0.009900117088025847,0.3258485522866249,0.06830815596265924,0.01197494772377283,0.5402000939846039,0.04623524490950219,0.008105395805001444,0.14190189266204833,0.016180810130829996,0.002836621084470566,0.37919906055927277,0.05094452192087188,0.008930968465149737,0.509806269288063,0.055999056931122976,0.009817067521151543,0.7508466784954071,0.04176248708441236,0.007321286786367918,0.07025741452723741,0.03273041097407012,0.005737894031370829,0.24722973471879958,0.025406819331951117,0.004454011809274601,-0.1933729050854842,0.03589444801406112,0.0062925741807030025,0.007935717955930158,0.039275863762482766,0.006885362497837878,0.4362323191165924,0.0661630017138949,0.011598885603132,0.4930789598623912,0.041794051626736176,0.007326820294613392,0.11431334060430527,0.02343057695064447,0.004107561244592572,0.354135699570179,0.048922979852986714,0.008576576515269467,0.48213933312892915,0.05195963863810409,0.009108926271960227,0.640091553846995,0.04748485057873598,0.008324461337565151,0.07958309764969938,0.03753765980470404,0.006580641908703049,0.1679583860039711,0.03599829659903254,0.006310779640339482,-0.12225948235507046,0.04510613113195697,0.007907453432385103,0.06938233811222017,0.050649986414648816,0.008879334114315495,0.30763364102443064,0.07191527477871668,0.012607303533221672,0.8176178050835927,0.04910963779952376,0.008609299096058058,6.5909505434036255,2.709300048820386,0.4749612399195011,0.2169798647960027,0.05212908722242541,0.009138631918533738,0.4131627124945323,0.06410717427647056,0.011238483162964942,0.4716649494568507,0.024520850902509238,0.004298694695557181,0.0818077077716589,0.008750049128793867,0.0015339512452221583,0.3517446970144908,0.028836621213144755,0.005055282589481923,0.5565850923061371,0.023162105032976093,0.004060496042288805,0.45979994571208954,0.04623524748050365,0.008105396255717871,0.14190189306934672,0.01618081065492879,0.002836621176349135,0.24915331349770228,0.04176249059999515,0.007321287402676755,0.6208009362618129,0.05094452162588964,0.00893096841343707,297933,0.5370582977768256,0.15100841593590897,0.3550000000000001,0.515,0.755,9620,0.4910358956350854,0.12556313036509037,0.32500000000000007,0.485,0.6550000000000001
hmid_cos__hpre_softmax_prob_gauss,hmid_cos,hpre_softmax_prob_gauss,hall,18,125,153,62.292,2.6108879715529283,0.4577088421046645,1.708,2.6108879715529736,0.4577088421046725,0.7009688545465469,0.11448368349657444,0.02006987461125224,0.3471411653161049,0.0653705585009639,0.01145996418276611,0.35389146961768464,0.07640614639151068,0.013394588038849102,0.5001513491471609,0.04355445401829243,0.007635432440770793,0.14588034502665204,0.015750100390290674,0.0027611143378106556,0.34026630663871765,0.04721945282667672,0.008277935060254229,0.4635666162967682,0.0541636219512328,0.009495301582299616,0.7170124119917551,0.04120727178455949,0.007223953252802592,0.06823747072865567,0.03452509613534932,0.006052516212047138,0.24188311731815337,0.024639258700967906,0.004319452497852485,-0.19065367074807485,0.03952244800748804,0.006928590621944438,0.009248580897653784,0.04428116217147777,0.007762829997068332,0.4212315154870351,0.06027584780823857,0.010566822019091206,0.46412143210570017,0.040245380505305656,0.007055326276672329,0.1238571646908919,0.024968390190742616,0.004377151792010771,0.3185424142082532,0.0500141994810282,0.008767875750577398,0.44710266768932344,0.051168489498625784,0.008970231712673053,0.6274096326033274,0.04685227697652721,0.008213566295660791,0.06830110281705856,0.037535962342344374,0.0065803443304309735,0.16880104132493337,0.03788261206957939,0.006641114707022146,-0.13213545830361545,0.05247531763441989,0.009199328785922176,0.05440221292246133,0.04650175884928969,0.008152117758648629,0.2986780402859052,0.0691623526408725,0.012124695003922156,0.7925298434098562,0.04769874243217618,0.008361958232736607,7.3811792364120485,2.951520146126174,0.5174242952019418,0.24402484611670175,0.05182831066198464,0.009085903462655302,0.43376496513684587,0.06375766440039603,0.011177211380174863,0.4927000176111857,0.022487328502072326,0.003942202500779376,0.08104163506130378,0.008474661467875184,0.0014856736596718177,0.375164227048556,0.02690288019098327,0.004716282841569576,0.573932443857193,0.02117578795626289,0.0037122793056302925,0.4998486768404643,0.04355446135979381,0.007635433727792731,0.14588034526507063,0.015750100308478884,0.0027611143234684164,0.28298758073647823,0.041207273256037964,0.007223953510764143,0.6597336863676706,0.047219455592544306,0.008277935545132195,293337,0.4964198667509554,0.15304269589662622,0.32500000000000007,0.46499999999999997,0.725,9543,0.4620158161417963,0.13334244039037382,0.29500000000000004,0.45499999999999996,0.6450000000000001
hmid_cos__hpre_softmax_prob_gauss,hmid_cos,hpre_softmax_prob_gauss,hall,19,125,153,60.54666666666667,3.533937055340844,0.6195264811414889,3.4533333333333336,3.533937055340843,0.6195264811414888,0.6010763692061107,0.10039497878498922,0.017600015777570192,0.2883265844782194,0.05757305918926798,0.010093002283154054,0.28454580616950986,0.06688801087535572,0.011725985313047981,0.5318891237974167,0.048043595063414976,0.008422413564509106,0.13528444320956867,0.013619182728750347,0.0023875480009509856,0.3744649994770686,0.05046292576317298,0.00884654093623845,0.5093830185333887,0.0573184217679694,0.010048362374996766,0.7243325434525808,0.04499767186017383,0.007888439683712523,0.09118125826617081,0.04459358603122342,0.007817600314541968,0.23756934916973113,0.023203715409369326,0.0040677906628952785,-0.16817045326530933,0.04337567583556661,0.007604091243484439,0.038952926777031584,0.05621157000943678,0.009854322706386188,0.4357716549237569,0.06294602333234599,0.011034924427418016,0.47408688978354135,0.04261040045912303,0.007469932554846848,0.10282308952013652,0.0215097265209803,0.0037708213171820134,0.3475498617092769,0.05054709253158818,0.008861296021303281,0.4701279288132985,0.04969874745799519,0.008712574572673494,0.606740068078041,0.04776965318650609,0.008374389436070776,0.08384015323167357,0.04886734450233518,0.008566823208270371,0.1641883112589518,0.03544553589473016,0.006213876416346796,-0.11926657753189404,0.05825836610390979,0.01021314188232669,0.0769812828799089,0.06362254043390436,0.011153523104416826,0.30479219863812124,0.07028072663051368,0.012320754608706413,0.8163568292458853,0.0606392165127229,0.01063052336162245,7.4561360047658285,3.2739734163701053,0.573952845857613,0.20747444931666056,0.051536297353335675,0.009034711272550964,0.4039700159629186,0.07266715007118414,0.012739113083563158,0.47689902822176616,0.025660787155932625,0.004498534331846597,0.0767072169582049,0.007426497934671068,0.001301922490588206,0.370010056535403,0.03006142844131683,0.00527000076364955,0.5587630349795024,0.02300977986948626,0.004033792263741437,0.46811088546117147,0.04804360089688635,0.008422414587161727,0.13528444276253385,0.013619182797604915,0.002387548013021723,0.27566744031508766,0.04499766907659915,0.007888439195730365,0.6255349917411804,0.05046292922458941,0.008846541543051506,277291,0.5266738085385282,0.1448230769738668,0.3550000000000001,0.505,0.735,9271,0.4706779575029015,0.11476879210172097,0.32500000000000007,0.46499999999999997,0.6250000000000001
hmid_cos__hpre_softmax_prob_gauss,hmid_cos,hpre_softmax_prob_gauss,hall,20,125,153,58.91733333333334,5.207627909561489,0.9129374245726818,5.082666666666667,5.2076279095615545,0.9129374245726933,0.6212223749558131,0.12498563941895267,0.021910948658641148,0.2810363454918066,0.0749595434712692,0.013140987365506103,0.2641654298106829,0.08739084477146526,0.015320290570378065,0.5866412130991618,0.06865935356581929,0.012036515378166178,0.13330815510948496,0.022030069361622936,0.003862041439103343,0.4262966243028641,0.07925344467493106,0.013893741435942504,0.5675343728860218,0.08604102173595736,0.015083656158882788,0.774629100561142,0.04327527068910905,0.007586489445235277,0.11212133216361206,0.06985094618512477,0.012245410774669296,0.25044123301903404,0.03042656640316433,0.005334012270671918,-0.17467308573176465,0.07683382341753585,0.013469563127213507,0.06802643627828607,0.08978812915703155,0.015740553052824027,0.4691602447430293,0.0661406074919898,0.01159495972293733,0.5167541164159775,0.06148673673352419,0.010779100207182207,0.10726478697856266,0.031088259582741355,0.005450012199566843,0.37874946240584056,0.085188467726408,0.014934196851247144,0.5195642397403717,0.07062672051762531,0.012381410011454682,0.6467417834599813,0.04963159266065097,0.008700801817630345,0.1100338196804126,0.06385348813646392,0.011194010021771,0.15708428059021634,0.04055691176271413,0.007109940114056945,-0.08056809341410795,0.08805654291586167,0.015436992600561946,0.10241696646561224,0.07920470145477064,0.01388519637269078,0.3184597144126892,0.06889945887018177,0.012078607693899499,0.8425649177233377,0.05863968284897139,0.010279989655099358,5.9723068653742475,2.497677357025043,0.43786214632372855,0.18536814252535502,0.0590368073064529,0.010349608642043939,0.39618054195245106,0.08181375469218748,0.014342583571719929,0.4457066645224889,0.03873822762294185,0.006791110726952232,0.07944519423941772,0.010139937477422808,0.0017776094157898265,0.334066706220309,0.032215762243070364,0.005647672130882153,0.5340686532656352,0.038666847531134294,0.006778597245130517,0.4133587988615036,0.06865935891040094,0.012036516315112652,0.13330815561612444,0.022030069549391473,0.003862041472020619,0.22537088817358017,0.04327526412884358,0.007586488295170032,0.5737033706903457,0.07925344676292533,0.013893741801984036,265900,0.5753420681933704,0.15234767306924166,0.3850000000000001,0.5650000000000001,0.785,9063,0.5105770285340264,0.12943789128179226,0.32500000000000007,0.535,0.665
hmid_cos__hpre_softmax_prob_gauss,hmid_cos,hpre_softmax_prob_gauss,hall,21,125,153,54.285333333333334,5.553810143596115,0.9736258459923683,9.714666666666668,5.553810143596115,0.9736258459923683,0.5011843032042186,0.10999685699250755,0.01928329924445108,0.21930272948741913,0.06897578056923132,0.012091987477666573,0.20025348508358,0.0829031381153618,0.014533560906121819,0.6163842604160309,0.08486943824894838,0.014878268517930553,0.12198165825009347,0.027742603282959737,0.004863492790178933,0.46315644689400987,0.11052392858154321,0.01937569896797514,0.6072896542151768,0.09649786049087616,0.016916820818085803,0.7815569165547689,0.05400822878233152,0.00946805995868967,0.16848682913805046,0.08880357176906285,0.015567952532639812,0.2285428426663081,0.029318724198336133,0.005139798969170133,-0.09984915119037033,0.10460076936438997,0.01833732337452819,0.13620424736477435,0.10001925912030021,0.017534149216249115,0.4898842146396637,0.07913633132968625,0.013873210561300982,0.5493192866245906,0.07290071146235007,0.012780058200732367,0.09173784166077774,0.03696274136792646,0.006479854262940687,0.42798354305823644,0.11533673688940162,0.02021942146463644,0.5564470580021541,0.07847998023087517,0.013758147140455599,0.6585556233723959,0.047521733192920905,0.008330927144913574,0.15876719552278518,0.07328236428613302,0.012846964890702587,0.1275782743593057,0.03768158810549154,0.006605873652315685,-0.0008818607294621565,0.1004347896892773,0.01760699493680773,0.15486704739369453,0.08126751046769587,0.014246822737006785,0.32531357765197755,0.07076527121566686,0.012405699019740117,0.8727134668032328,0.06559218926052418,0.011498817767997795,5.229854131062825,2.2367653977180915,0.3921222631549332,0.15547565790017445,0.059938990534908365,0.010507768335359692,0.3625867329041163,0.10789705906656401,0.018915188437779534,0.42856407769521077,0.048036042984555986,0.008421089626711814,0.07442962351441383,0.011833910876080557,0.002074576046033473,0.327918288509051,0.040183464927255046,0.00704447199726756,0.5150263060331345,0.05456786514072391,0.009566168537989264,0.3836157382329305,0.08486943701291985,0.014878268301245196,0.12198165813088417,0.027742603248802587,0.00486349278419092,0.2184430768887202,0.05400822715269179,0.009468059673001229,0.5368435475031536,0.11052392997225692,0.019375699211778005,226033,0.599475050293403,0.15648740903569908,0.3750000000000001,0.6150000000000001,0.795,8345,0.5406989925560514,0.1288757562337223,0.3450000000000001,0.5750000000000001,0.6749999999999999
hmid_cos__hpre_softmax_prob_gauss,hmid_cos,hpre_softmax_prob_gauss,hall,22,125,153,48.51466666666666,4.419201335585949,0.7747201520620386,15.485333333333333,4.419201335585927,0.7747201520620346,0.4191726413170497,0.09260854161000671,0.016234993156028076,0.17026858974496523,0.05084695325737884,0.00891386392428867,0.14390918322404223,0.05600761243906895,0.009818567367823725,0.6669294172128042,0.06573870808874645,0.011524503651093062,0.106388818303744,0.019331721644113495,0.003389000227517995,0.5282888785600662,0.08824677556770232,0.015470341854820716,0.6668393525679907,0.06823956084802081,0.011962922469975166,0.804582552909851,0.04665259411164841,0.008178560346011617,0.21477628171443938,0.07512131656441112,0.013169347439148651,0.2170326175491015,0.02136007023344906,0.003744585413219093,-0.045295047882090635,0.0886078055959751,0.015533633209335429,0.1909083768874407,0.07992395184730246,0.014011286525901471,0.5149978307485581,0.0732799572167898,0.012846542912841433,0.5817953268686931,0.055537330172458335,0.009736123251470209,0.06383593731125196,0.021503092436004997,0.0037696583108081075,0.498955465277036,0.08241347900606234,0.014447719879472883,0.5880892748832702,0.055142802517668725,0.009666959504109339,0.6538896543979644,0.045199541941287474,0.007923829069273613,0.18199382393558822,0.0584733497066138,0.010250830169582698,0.10114193360507488,0.024401073961145398,0.0042776968719279,0.06000214337402334,0.07081923265951805,0.012415158877938757,0.17609370396534602,0.06200804441420894,0.01087048947302059,0.31198260658979415,0.06836724230637752,0.011985306016530754,0.9190038316249848,0.05126737113840078,0.008987566428424914,4.17394442653656,1.9733294331112987,0.34593990234793826,0.11442430090904236,0.04482909084295909,0.007858886128358597,0.2889129699468613,0.0761197090454319,0.01334437335808236,0.4000814256270726,0.03928949406460441,0.00688775199515435,0.06914422065019607,0.007918757108362021,0.0013882193286220003,0.31033280257383977,0.03666923385385406,0.006428400127076255,0.48344838118553163,0.044953889036172735,0.007880764216248596,0.33307057676712676,0.06573870344620307,0.011524502837219324,0.1063888177772363,0.019331721474639282,0.0033890001978078553,0.19541743753353755,0.04665259269300721,0.008178560097312848,0.47171111226081847,0.08824677432360635,0.015470341636721079,179392,0.6581089568912154,0.12994502910130065,0.475,0.6749999999999999,0.8150000000000001,7454,0.5778473791885478,0.09111692202485445,0.45499999999999996,0.5950000000000001,0.6749999999999999
hmid_cos__hpre_softmax_prob_gauss,hmid_cos,hpre_softmax_prob_gauss,hall,23,125,153,49.965333333333334,4.0971152995465,0.7182559804009263,14.034666666666666,4.097115299546475,0.7182559804009221,0.47782726752758026,0.10516236103839051,0.018435774735767376,0.1957258786459764,0.05196620831406142,0.009110077986935437,0.16589002952973048,0.05241169073393591,0.00918817449846728,0.6589354774951934,0.04787884560311689,0.008393531710698445,0.10727381394306819,0.014532072503155817,0.0025475846345273355,0.5201539552609127,0.06407054664878185,0.01123206205672021,0.6589183755715688,0.04746260733166375,0.008320561924425636,0.7965588819185893,0.04179038657601533,0.0073261777828932525,0.19289712052543959,0.06143991041785577,0.010770891192104523,0.2173142298857371,0.02248752477199797,0.003942236908414397,-0.062331214038655165,0.07127949178205943,0.012495845859663684,0.16548354186366002,0.06353236299924755,0.01113771430310078,0.4921955810387929,0.07674185448179355,0.013453440261909881,0.588779421210289,0.04729462432846874,0.008291113205551679,0.06079033971826235,0.012679251133467006,0.002222770727156721,0.5123914242585499,0.05586728949992659,0.009793967671974893,0.5934691682656605,0.04810961963526052,0.00843398818228633,0.65883312022686,0.04831438586645712,0.00846988528534257,0.20019841246803602,0.055206147896876306,0.009678064438708481,0.1040575046390295,0.01990555831067453,0.0034895982305999237,0.07570726327846447,0.05736035529876583,0.010055713647067923,0.19167554412285487,0.06045700626921207,0.010598580497552587,0.3364258447090785,0.06696690449601314,0.011739815974552419,0.92067267425855,0.03981264648708612,0.006979464658488552,4.378392590840658,1.7742532790388919,0.31104031379265656,0.11779510712623596,0.03755128286446991,0.006583030136378574,0.28531677416960394,0.06061407269569165,0.010626115456149346,0.4058799524307251,0.029690685166944505,0.005205006602015676,0.06946707782646021,0.006907886705012626,0.0012110059334567809,0.31715804763634997,0.03294679036640657,0.00577582701133807,0.48863893798987074,0.033298938571924494,0.005837561313672374,0.34106451308727265,0.047878844102586186,0.008393531447643814,0.10727381455898286,0.014532071590903023,0.00254758447460237,0.20344110848506292,0.04179038992061248,0.007326178369226985,0.4798460343678792,0.06407054533762799,0.011232061826864802,190486,0.6531083434511961,0.11953668506874814,0.495,0.6550000000000001,0.805,7683,0.5847827221722586,0.08002950793459736,0.475,0.5950000000000001,0.6849999999999999
hmid_cos__hpre_softmax_prob_gauss,hmid_cos,hpre_softmax_prob_gauss,hall,24,125,153,53.248,4.2912114839518605,0.752282541781218,10.752,4.291211483951822,0.7522825417812113,0.48498366061846415,0.10560717180776256,0.018513753501774664,0.20255050783356032,0.05254383828825808,0.009211340986166017,0.17443919760982193,0.05228481175629959,0.009165931632984698,0.6469289571444193,0.04237445355808018,0.007428569239357568,0.10696689535180728,0.012961498516728903,0.002272250875055612,0.5112905478874843,0.052782082710081536,0.009253107074806676,0.6446808296839396,0.04328212840958135,0.007587691656640382,0.7837454533576965,0.041830519507346266,0.007333213395960489,0.1589875452617804,0.05103713078815713,0.008947203515399153,0.21198578526576362,0.02374929921103233,0.004163435720381872,-0.07682714643205205,0.05210281036161508,0.009134025381728373,0.12353055583437283,0.052117794584611805,0.009136652231839293,0.4508708095153173,0.08186876472831815,0.014352227256250188,0.5867255124648412,0.0444343505885792,0.007789685110646276,0.05788723504046599,0.010263968196217612,0.001799352959482057,0.5155019367535908,0.04638021277296818,0.00813080979198685,0.587024743994077,0.04613646156389179,0.008088078320976395,0.6569772251844406,0.04776827208954612,0.008374147319098593,0.18176622868577638,0.04841198681402523,0.008486995485851537,0.10997344533602398,0.02182459943435526,0.0038260209726866706,0.05115015047237588,0.04671438569151476,0.008189392887576247,0.17010583697756132,0.052398610726252334,0.009185881472019267,0.32872609921296436,0.06709889717094605,0.01176295531069709,0.9159473766485849,0.0458066960149419,0.008030267871343779,4.814360032399496,2.1617601371727835,0.3789732612329809,0.12784522593021394,0.04050445528065377,0.007100744087292745,0.2735145377318064,0.048841362311397955,0.008562268329371394,0.4135168189605077,0.026500448670936753,0.004645733485536749,0.06896094205975532,0.007528595185287209,0.0013198209277753782,0.3271520734826724,0.03259032704342242,0.005713336235558513,0.4935268446604411,0.027474138454560666,0.0048164288306788705,0.3530710356235504,0.04237445427039765,0.007428569364232327,0.10696689559022586,0.012961498924906173,0.002272250946612242,0.2162545339961847,0.04183052129462758,0.0073332137092847185,0.48870944313208264,0.052782081115881875,0.009253106795331154,216677,0.6396827841942586,0.11614560714065215,0.495,0.6350000000000001,0.785,8190,0.5838483861660055,0.07458655475060641,0.485,0.5850000000000001,0.6749999999999999
hmid_cos__hpre_softmax_prob_gauss,hmid_cos,hpre_softmax_prob_gauss,hall,25,125,153,51.45466666666666,5.350155802508143,0.9379236658664546,12.545333333333334,5.3501558025081,0.9379236658664472,0.47620403933525085,0.09797117150758974,0.01717510362717888,0.18942229771614075,0.04764296524819228,0.008352180061258057,0.15565159446994464,0.04655514643974736,0.00816147701591182,0.6786433111031851,0.043162275043862705,0.007566680435230986,0.0982045609652996,0.013406076931613053,0.002350188907525201,0.5546744169791539,0.05416923511010821,0.009496285612437028,0.6762035206953684,0.04503604659278219,0.007895167070953807,0.8043078452746073,0.04008835076395712,0.007027797749262598,0.17091648931304612,0.06063716432739426,0.010630163597672103,0.21219688514868418,0.024122415643083733,0.0042288459149000595,-0.06471221351965019,0.04997964386014256,0.008761817883140685,0.13464195152868824,0.0651147542388483,0.011415119718394576,0.46201578907171886,0.093692433895681,0.016425007851582813,0.6397325098514557,0.047917236717579685,0.008400261969805433,0.05490044548114141,0.01115420478712847,0.0019554183148954695,0.5739829198122025,0.05158422535881328,0.009043113422367638,0.640904528538386,0.05047725808575482,0.008849053503167816,0.7054162987073263,0.04888797895390271,0.008570440587122832,0.21786587430040041,0.05617625387942041,0.00984813151582055,0.1201205708682537,0.02249580913586852,0.003943689221434364,0.07389959980205944,0.05757439963500387,0.010093237273652444,0.2133067436714967,0.061046886854168154,0.010701991123539608,0.369151892721653,0.07192376500981129,0.012608791936357255,0.924403269370397,0.046583794073427186,0.008166499167525945,4.489254458427429,2.3607044131842794,0.41384973054484187,0.11853615093231201,0.041532144682853954,0.007280905982957882,0.263862517118454,0.06009203861506343,0.010534598846786213,0.39422105328241985,0.027936588807539006,0.004897499952036373,0.06634657409787179,0.007578242136252234,0.0013285244220224762,0.31100671549638115,0.03290451816373319,0.005768416367469142,0.47093679773807523,0.029238576048210778,0.0051257483789531625,0.3213566837112109,0.043162272613618394,0.007566680009190373,0.09820456090569496,0.013406077192403859,0.002350188953243845,0.19569214485088984,0.0400883474564604,0.007027797169432857,0.44532557861010236,0.05416923611133773,0.009496285787960301,201377,0.6723414227734431,0.10765316723227138,0.535,0.6749999999999999,0.805,7883,0.6372990966916886,0.07435702392480327,0.535,0.6450000000000001,0.725
hmid_cos__hpre_softmax_prob_gauss,hmid_cos,hpre_softmax_prob_gauss,hall,26,125,153,53.254666666666665,4.632857337660144,0.8121757006660353,10.745333333333335,4.632857337660107,0.812175700666029,0.4777993872960408,0.09427899293863172,0.016527836185582647,0.1873568823734919,0.04373424461655665,0.007666951122326432,0.15250150611003238,0.042084412981607096,0.0073777228844517685,0.6844677024682363,0.044808911456498825,0.007855348525936837,0.10448943137129148,0.017563046335777207,0.003078937775104072,0.547932566801707,0.06372036540960505,0.011170672578789044,0.6878164830207825,0.04633324765115957,0.008122576443119901,0.8120744131406149,0.035773503231897645,0.006271371625554794,0.14268686436613398,0.05223839389348958,0.009157794222850204,0.21391095578670502,0.022892215664088052,0.0040131823498301316,-0.0880995732806623,0.03891778180602468,0.006822587963099217,0.10111811130121351,0.05856115503229554,0.01026622312186035,0.4346263700326284,0.07969997831862123,0.013972022235134603,0.653814418633779,0.042445319481177815,0.0074409925834301996,0.05891235281030337,0.012305641697699866,0.0021572741052765247,0.5811509440342586,0.04857068967856913,0.008514817324689714,0.6573567131360373,0.04416919190717662,0.007743200744269351,0.7243200430075327,0.04276441642826758,0.007496932744694461,0.2000434511502584,0.052247911074653396,0.009159462658270664,0.1383670547703902,0.024072247740787586,0.004220051093857955,0.023319077847215038,0.0654265360308827,0.011469777476435612,0.20421713105837502,0.056640454943267,0.009929509550325266,0.372286560912927,0.06753691211962294,0.011839742716808654,0.9240139672756195,0.037398994373422215,0.006556332786793771,4.30784484799703,1.9846223324754124,0.3479196348942101,0.11595748313268026,0.03671764865486299,0.006436887615912224,0.28173526187737785,0.06995521213345672,0.012263689401328862,0.38971636899312334,0.02933177160644773,0.0051420862806612015,0.06989557041227817,0.00896824100688429,0.0015722019679515634,0.3049623437523842,0.030177779867045052,0.005290398067910604,0.4740840317408244,0.034600257450242915,0.006065692571502557,0.3155322897235553,0.04480891180483217,0.007855348587002365,0.10448943084478378,0.01756304600120427,0.00307893771645085,0.18792558267712592,0.03577350391470765,0.006271371745256665,0.4520674195289612,0.0637203630300696,0.011170672161638088,214279,0.6790271098009378,0.11700497790001586,0.525,0.6849999999999999,0.8150000000000001,8140,0.6516827037352017,0.07555386567224834,0.555,0.6550000000000001,0.745
hmid_cos__hpre_softmax_prob_gauss,hmid_cos,hpre_softmax_prob_gauss,hall,27,125,153,54.333333333333336,5.023190663755892,0.8806041497870762,9.666666666666668,5.023190663755899,0.8806041497870775,0.4869674713214238,0.09248007411419058,0.016212471811030225,0.19360747388998667,0.048013253545315826,0.008417094461863502,0.1607986118296782,0.05093684574409492,0.008929622772028219,0.6761195593674978,0.06532899890054034,0.011452678463579587,0.10874463344613712,0.02326654485831286,0.0040788051509312835,0.5328262566725414,0.0916181217935724,0.01606136490682057,0.679184969743093,0.06868937349072149,0.012041778103038622,0.8116339934666952,0.04763369198786256,0.008350554387045185,0.124619621625791,0.06444925462684933,0.011298452492474511,0.21492670092980065,0.025115733372666375,0.004402982190681698,-0.10477351594840487,0.04366346723721455,0.007654543300658539,0.08299913728547592,0.07088075914346802,0.012425944946140206,0.4205809831023216,0.0989504037064806,0.017346770600557043,0.6538004397551218,0.0515280747940626,0.009033269794354648,0.07182733096182346,0.022990843293218217,0.0040304725355525955,0.5631463206211726,0.07397870603090814,0.012969038980890605,0.6609092514514923,0.05002174246240454,0.008769198093515663,0.737435164531072,0.04539393510927644,0.007957907694171625,0.16635820116568356,0.06879691688367798,0.012060631291073664,0.16856640560428302,0.03273457171923508,0.005738623442158461,-0.05467237527373558,0.09571180379574334,0.01677901900365411,0.17510692858820162,0.07663738049638193,0.013435125164742242,0.3734006355603536,0.07432827744352806,0.01303032155151273,0.9052638489405314,0.038620357892427626,0.006770447252126552,4.737758348464966,1.850483105378168,0.3244039915634945,0.1295261453787486,0.0340624721381386,0.0059714146495135284,0.3285323307514191,0.10050915594148081,0.017620031915628193,0.3934052301645279,0.04238026881195714,0.007429588698310832,0.07130929760138192,0.010615332837533416,0.001860949896955219,0.30400729652245845,0.04038176769547875,0.007079236005305727,0.48060892474651334,0.04834862984184437,0.00847588851891457,0.32388044097026186,0.0653290084896695,0.011452680144628049,0.10874463328719139,0.023266544482084296,0.004078805084975509,0.18836599959929784,0.047633691020645366,0.008350554217484535,0.4671737342278163,0.09161812083804485,0.01606136473930921,223912,0.6663681935802347,0.13209003792238325,0.495,0.6749999999999999,0.8250000000000001,8314,0.6489007604331503,0.09377794936265053,0.535,0.6550000000000001,0.755
hmid_cos__hpre_softmax_prob_gauss,hmid_cos,hpre_softmax_prob_gauss,hall,28,125,153,61.54933333333334,2.05372550367463,0.36003395493397095,2.4506666666666668,2.053725503674832,0.36003395493400636,0.7967584315935771,0.09060544893247441,0.015883835526880045,0.37074475359916687,0.052371595661077186,0.009181145522282847,0.3601663080056508,0.06654994857748459,0.011666720379200284,0.5501421930789947,0.050470936767148575,0.008847945327155915,0.15934653025865556,0.030411562275925348,0.005331381931193483,0.3484165812929471,0.08815204142200314,0.015453734226838137,0.5373046105702717,0.05367812181647565,0.009410189656034476,0.7746712860266367,0.04522439618332732,0.00792818621001247,0.0465390712103496,0.024115756683145226,0.004227678547752835,0.20889987450838088,0.03282049960852391,0.005753687265324911,-0.16266550699869792,0.04313466855803538,0.007561840804882891,0.0044003098937682806,0.02252704635379525,0.003949165347182996,0.32113353443145753,0.08413895884743765,0.01475020983265195,0.584003661553065,0.03677244977122711,0.006446494675192576,0.13668359147508938,0.029962935198477644,0.005252734136882625,0.4087459410826365,0.06877018795732653,0.01205594550368473,0.6060133305390675,0.042184696141707764,0.007395303297549682,0.7382958391507467,0.044679367375335795,0.007832638447206275,0.07357252437559268,0.03680488666495088,0.006452181113381247,0.19819512009620666,0.035709481113757595,0.006260148053389979,-0.17021083027124406,0.042226908945320545,0.007402703528304166,0.05828560189157724,0.05636779532701839,0.009881710212091836,0.3392372115453084,0.07511635883612602,0.01316847831105983,0.8254122107028962,0.03126360125143502,0.0054807509493810455,6.162207481702168,1.9916374468374942,0.34914943866476045,0.18941570242245992,0.03850909103956298,0.006750941312789363,0.5619188460508983,0.12308437586769742,0.021577642462411197,0.46436906091372177,0.027169293800654352,0.004762987206571857,0.0910622848669688,0.01584543683918157,0.0027778275541982082,0.3337618218660355,0.035039270137864266,0.006142654888963045,0.5694456971486409,0.03901496368203553,0.006839624697125008,0.44985782063007357,0.05047093910320155,0.008847945736684057,0.15934652916590372,0.030411561982715555,0.0053313818797915405,0.22532869897286095,0.04522439431522291,0.00792818588251933,0.6515834064483642,0.088152041936239,0.015453734316987659,285396,0.549018242980395,0.16895893367200002,0.3350000000000001,0.545,0.785,9416,0.5828856034307228,0.14408788181652413,0.405,0.5950000000000001,0.755
hmid_cos__hpre_softmax_prob_gauss,hmid_cos,hpre_softmax_prob_gauss,real,1,451,967,60.259344314222375,2.9339622610104183,0.27078357876125936,3.7406556857776363,2.933962261010609,0.27078357876127696,0.5926208525908656,0.06845240310331142,0.00631766363645711,0.3495394769606425,0.043396796355470044,0.004005211648448681,0.4221673682477573,0.05714590827619527,0.005274155622322737,0.28886529507046455,0.03538596029387496,0.0032658691945749137,0.19004720941165498,0.015035186147996529,0.0013876393594422437,0.08166312406227194,0.022853841847824075,0.0021092449505013115,0.2501057943310925,0.040110080531772514,0.0037018714572883563,0.564485300044307,0.05633750684576228,0.005199545994476679,0.11160305092086058,0.04364671817110045,0.004028277631452705,0.26396005862015776,0.020755891596876935,0.001915619257163693,-0.1824898150185903,0.042285822059004635,0.003902676724974555,0.05328719506261806,0.05227705451538604,0.004824795498187023,0.5028729827179537,0.05979235212491965,0.005518403323075887,0.015001840486081622,0.008883558479291336,0.0008198884454393113,0.017899155855564695,0.0033443773699275226,0.00030866193645083393,-0.007176539667209012,0.008888243497061831,0.0008203208388259999,0.014939862506882973,0.009047380031220482,0.0008350079944188951,0.03709693059889461,0.010966147099627474,0.0010120963709454435,0.19589585986597263,0.079900711096085,0.007374259984079099,0.3220097153602444,0.029358581732001274,0.0027095855779714164,-0.21242909881948643,0.07731745790793103,0.0071358443260351985,0.1765502465286807,0.09947990051811685,0.009181278108135177,0.6402233911784988,0.08605177700826722,0.007941959052002172,0.9913923433873963,0.0033610985224506533,0.00031020517836004204,1.8713042436117049,0.3586410905747176,0.03309998880599717,0.04473648503099806,0.01326601949409226,0.0012243580233679693,0.08539404676094918,0.01837788700106502,0.0016961465654655682,0.5892876555254815,0.01617388813025686,0.0014927333485492487,0.08895956268049278,0.008899173490896422,0.0008213295985110511,0.46540573477751346,0.030999970963338595,0.0028610739785238644,0.6775632089951661,0.00847084655914989,0.0007817981086212623,0.7111347151336291,0.03538596512035903,0.0032658696400246203,0.19004720951817053,0.015035185998727009,0.0013876393456657423,0.43551468106547014,0.05633750348691253,0.005199545684479045,0.9183368696020797,0.0228538434082784,0.0021092450945200034,1739770,0.2826801619188247,0.19187327909423468,0.07500000000000007,0.245,0.5650000000000001,58403,0.01470629493132094,0.02160817562167712,-0.015000000000000013,0.015000000000000013,0.04500000000000004
hmid_cos__hpre_softmax_prob_gauss,hmid_cos,hpre_softmax_prob_gauss,real,2,451,967,54.06546299229227,3.239194244362468,0.2989542917601379,9.93453700770774,3.239194244362714,0.2989542917601606,0.5030188385263854,0.06274101915255152,0.005790544045854818,0.27275189667697847,0.036480479143532994,0.0033668853988631006,0.3034882014135682,0.045051433530285345,0.00415792273873844,0.3975639961805444,0.03768898415848101,0.0034784217049864973,0.1684057857002266,0.012265994725740857,0.0011320629419953698,0.2013587005616569,0.03244213400547483,0.0029941752371516377,0.37014156418152644,0.04391622628016429,0.0040531512882298545,0.6375248124534069,0.04717499330522464,0.004353912006634982,0.16055921369630785,0.055582758714157104,0.005129888179563598,0.2500698847080811,0.020895337665086704,0.0019284891246108033,-0.12441535555796321,0.04898030256629451,0.004520529044958779,0.11709558838476196,0.06871511173977697,0.0063419097509007,0.5200426523114772,0.06865825144918608,0.006336661955732978,0.3102736860320952,0.026878025490867572,0.0024806481082503716,0.06502061092792617,0.013327643496849013,0.0012300454748481124,0.2215756976790352,0.03338367029504194,0.003081072253316657,0.31810237448849377,0.02758473634004399,0.002545872428083134,0.38591760971496186,0.03403058322320855,0.0031407776558583906,0.2617970645902067,0.0676822061638299,0.006246580007879028,0.2637795170362975,0.03017050533194164,0.0027845202766872963,-0.0819046929170091,0.08234570267980962,0.00759991509214927,0.26199374455565416,0.08716487269113948,0.008044689764157979,0.608264489520214,0.07370773087110032,0.006802692527058864,0.910705981500271,0.03292881640779494,0.0030390925165494245,5.065624093161054,2.127262227921833,0.19633097763225738,0.12760862683846474,0.03263620439518424,0.003012086535928538,0.2860808754757734,0.058572851438249196,0.005405852195671571,0.54183570769826,0.018027620916092734,0.00166381952933838,0.08498240738502179,0.007724100976223102,0.0007128788712962937,0.42470675773227134,0.02806124097041576,0.002589850372456537,0.6317794714642607,0.012874858784911646,0.0011882567080544447,0.6024359931413129,0.03768898341892116,0.0034784216367304516,0.16840578617105045,0.01226599486287246,0.0011320629546516289,0.36247516915952627,0.047174994861306246,0.004353912150250104,0.7986412902371,0.03244213659404053,0.002994175476057602,1393708,0.3913029290526014,0.17219709719352683,0.18499999999999994,0.3650000000000001,0.6350000000000001,52281,0.3079031342694495,0.07514020695403564,0.20499999999999996,0.31500000000000006,0.405
hmid_cos__hpre_softmax_prob_gauss,hmid_cos,hpre_softmax_prob_gauss,real,3,451,967,54.76998732974345,3.014886819632863,0.2782523324956426,9.230012670256569,3.0148868196332166,0.27825233249567516,0.46938975596409666,0.07286445839651337,0.006724864553068198,0.23932872256514856,0.04067000953384499,0.0037535488701331927,0.25147241624714317,0.04831381116501835,0.004459016690403471,0.4666454655533353,0.04142248660240869,0.0038229970822895717,0.16029260762979058,0.018106365445175944,0.0016710870820524626,0.27276973169430313,0.04365744326366494,0.00402926748022675,0.4466484237637316,0.04867867013578269,0.00449269054475383,0.6916954572346655,0.04878774187634621,0.004502757080593095,0.17755685603719468,0.05577247167719737,0.005147397319252313,0.2548021386062353,0.025120640945362867,0.002318454175896378,-0.11344097915052,0.05010549482874421,0.004624376184258955,0.1348200143252339,0.06920338960971247,0.0063869742804647306,0.5447763560765988,0.07785044908372638,0.007185035571590052,0.40677436228875763,0.03139607905780833,0.0028976319018558017,0.07837559977244843,0.019412785816655526,0.0017916602701458996,0.29878822932242655,0.04767101283611354,0.0043996910357296925,0.42336969358004606,0.03264267269297954,0.003012683513213754,0.48997032117936756,0.038158375261059904,0.003521743121994511,0.2869591698707765,0.06944159988814888,0.0064089593729623135,0.26168579644341733,0.03267211094924753,0.0030154004521773764,-0.056099234159355124,0.08329261106759075,0.007687307914275798,0.29127064116547746,0.08840344204456331,0.00815900079212213,0.6328708120608466,0.07854364428121452,0.007249012494146416,0.8758280948067196,0.06792972996728508,0.006269424671635919,7.442333157142329,5.013658787053472,0.46272458480042905,0.14936347815633239,0.053151336177105823,0.00490548539674226,0.3609744378165861,0.08591630983013938,0.007929456407443441,0.5087571637159212,0.020814706152468557,0.0019210474169113472,0.08510965219831697,0.010890977811093596,0.0010051587871760014,0.391175091994934,0.03216169847865607,0.0029682930584430294,0.6027220374779396,0.018046579051680087,0.0016655692286679199,0.5333545220247822,0.041422486690663035,0.003822997090434812,0.16029260783739369,0.018106365187004075,0.001671087058225059,0.3083045281310128,0.04878774023155779,0.004502756928790973,0.7272302607600859,0.04365744288453469,0.00402926744523576,1430448,0.4591723340601134,0.16516950318048715,0.255,0.44499999999999995,0.695,52984,0.4038141038902717,0.0895288205608116,0.28500000000000003,0.4149999999999999,0.505
hmid_cos__hpre_softmax_prob_gauss,hmid_cos,hpre_softmax_prob_gauss,real,4,451,967,57.777790096082796,4.597790885216749,0.42434297360938994,6.222209903917223,4.597790885216911,0.42434297360940487,0.5062998528376249,0.11288063169009574,0.010418069048832667,0.2657289107698404,0.06761079971986877,0.006239989707553982,0.2869590136503285,0.08244665217422428,0.007609232003186268,0.4448968637382614,0.060168261634858985,0.005553097062577741,0.15513115031238583,0.01695628250600633,0.0015649427126176064,0.27064472156046887,0.053612507557783,0.004948048192638288,0.4166183063100577,0.07101464627922668,0.006554140221739434,0.6696259785854581,0.0657052941729048,0.006064125273913094,0.10137167304989328,0.06383155640687178,0.005891192777579003,0.24912819666082925,0.026647603902148924,0.0024593818556995963,-0.1673123436780246,0.05303545475390603,0.004894790376256488,0.04495577819646461,0.07632863385024205,0.007044582989560462,0.46701118638832423,0.08885159977701064,0.008200362522044254,0.4000502969230659,0.04153056941984498,0.0038329723476489565,0.08650888138114478,0.02057850597908537,0.0018992478426282397,0.29537942747108265,0.05641900355586653,0.0052070675536707274,0.3922354536803037,0.04962515850804051,0.004580044602473587,0.5109774870089789,0.03855679706053566,0.00355851458362926,0.14527825760007543,0.08030178694853228,0.007411276395681815,0.24709577744702968,0.03831899931661612,0.003536567565095453,-0.16357440835192913,0.09491961276843144,0.008760396403741448,0.12555004078832296,0.10056580761216309,0.009281499509424373,0.4852427237041837,0.08355141414965374,0.007711193574185863,0.8086657376794919,0.11097816699654987,0.010242485264054236,10.721855764246309,8.508353188240577,0.7852597002672808,0.21227231722263337,0.07847848834193706,0.007242999070371489,0.38794825162497465,0.09326668465874376,0.008607843047849893,0.5190827042452824,0.02969517530958981,0.0027406507401715905,0.08250565878947014,0.010276139103918084,0.0009484136041508474,0.40374050208428075,0.04120213742571075,0.0038026604408009333,0.6033955471749267,0.02225527814197138,0.002054001832843903,0.5551031426235635,0.060168266704428965,0.005553097530462525,0.15513115047923917,0.0169562825908128,0.0015649427204446325,0.330374005504787,0.065705291375083,0.006064125015694299,0.7293552733130975,0.05361250719209321,0.004948048158887755,1607493,0.4303125060629152,0.1672726628973453,0.245,0.39500000000000013,0.6749999999999999,55981,0.394022816308976,0.10216706365062542,0.265,0.39500000000000013,0.525
hmid_cos__hpre_softmax_prob_gauss,hmid_cos,hpre_softmax_prob_gauss,real,5,451,967,57.74044451483475,4.175234803157137,0.38534409156922594,6.25955548516524,4.175234803157209,0.38534409156923255,0.4359251088559433,0.06908622931581287,0.006376161229427079,0.2174159580899678,0.042072922063721,0.0038830275892623237,0.22385639377629044,0.05298240677724398,0.0048898944301983245,0.4931235446622877,0.061733703605954156,0.005697576078177022,0.15072689983636223,0.01898456082598761,0.0017521381886832256,0.3114517641431263,0.0677845579323756,0.0062560263387155405,0.47585703246480315,0.07023684852800209,0.00648235509299803,0.7051725018769894,0.05895818475860567,0.005441415684980445,0.10890616131446905,0.06680276139525347,0.006165413591758875,0.24394771279677677,0.024778171454086444,0.00228684670919623,-0.16117790352633443,0.05321030347236708,0.004910927653260998,0.05876692028613888,0.07757590397438757,0.007159697035976933,0.46395433892523164,0.0893104287423375,0.008242709129879539,0.4223433375539514,0.046135476602585684,0.004257972104249959,0.07850883458306863,0.021532761001865013,0.001987318706235801,0.32195689148997164,0.060514776754812614,0.005585077911657788,0.4256470455224721,0.04756381150250163,0.004389797124976588,0.5177510579192658,0.05081491721167562,0.004689850759121874,0.13016718587846268,0.08102578585346781,0.007478096278508175,0.22907383643848292,0.035720809680210165,0.0032967733804885498,-0.14744755332262605,0.07891169755263028,0.007282981159433346,0.10481491945281157,0.09899447064610813,0.009136476428261191,0.4521172944396159,0.10010718383466273,0.009239171838947185,0.8840479954411643,0.05063013855292001,0.004672797020169104,5.5883992231756885,2.1793267726726215,0.20113616001021306,0.15144987178587027,0.04217357391257787,0.0038923170297587456,0.3470971759600267,0.08879847692969277,0.00819545966596397,0.4953480161695795,0.03128961317726612,0.0028878058681224097,0.08183210294692923,0.009972032578968058,0.0009203467628540341,0.3814426378885162,0.03864634760201021,0.0035667794534344145,0.5859319168396578,0.028542789759144666,0.002634293856305322,0.5068764547193872,0.06173370835161392,0.005697576516167228,0.150726899517681,0.018984560933098776,0.0017521381985688145,0.29482748429038724,0.058958180856387356,0.005441415324833808,0.6885482302582788,0.06778455740364522,0.006256026289917536,1603195,0.4801715205015902,0.16455994491208692,0.28500000000000003,0.46499999999999997,0.715,55960,0.41515086213548835,0.0987364740940212,0.29500000000000004,0.4149999999999999,0.525
hmid_cos__hpre_softmax_prob_gauss,hmid_cos,hpre_softmax_prob_gauss,real,6,451,967,55.653357617991794,3.769322034757413,0.3478812674719881,8.346642382008234,3.7693220347577125,0.3478812674720158,0.44217737887667097,0.08896754892275784,0.00821106379283324,0.19381277358938037,0.04319683330759772,0.003986756499777399,0.17539295050824044,0.0449804525399723,0.004151371704719902,0.6074657440242187,0.04058038158543411,0.003745276856225499,0.125997179279344,0.02387980888379893,0.0022039343162727296,0.4405727608536683,0.07550973379513408,0.006969004414294956,0.6112047733424547,0.03984100479933013,0.0036770377057582793,0.7679793559045478,0.02779928282882795,0.002565673523283171,0.16889940918468568,0.0611063346711192,0.005639674445413776,0.25976319198981723,0.027695725435522553,0.002556115921967343,-0.14476525638714344,0.05959115855886112,0.00549983460644137,0.13528726817279219,0.07282671574229069,0.006721381178002955,0.5406289573931515,0.07818739585647762,0.007216133331159126,0.4941701230031047,0.037193937345400975,0.0034327324507375345,0.06425074535584184,0.02085013650977733,0.0019243173836305358,0.4133499196948364,0.05091496572528303,0.004699084516121539,0.5034942327944988,0.03615256478672126,0.0033366212662105906,0.5631283536474716,0.04814745175699666,0.004443662915590701,0.2415140697010058,0.065363520770517,0.006032582051202346,0.24696388016603854,0.04380292730786331,0.004042694609356601,-0.08417847141149132,0.07292454760944193,0.0067304103545046965,0.24241564576328214,0.09158119845745112,0.008452284814670178,0.5676320326611796,0.08582542983542446,0.007921068838682337,0.9261111328451679,0.053594388059476084,0.004946375893487714,4.042907786813007,2.267861569127579,0.20930728386806285,0.10585137546289039,0.04506609903536896,0.004159276259199032,0.30760908095434947,0.10375600453250182,0.009575931701181662,0.43610143956894754,0.022141834598285604,0.0020435318110734067,0.07325413042791332,0.010133127227410128,0.0009352146382879219,0.33987329080850354,0.020572633132246675,0.0018987058211763516,0.5275599347416671,0.034177465214865546,0.0031543338054670655,0.3925342475360378,0.040580383013779135,0.0037452769880514545,0.12599717903350863,0.023879809447061317,0.00220393436825779,0.23202063489074803,0.02779928136594953,0.002565673388270032,0.5594272288259677,0.07550973262856046,0.006969004306628617,1492553,0.5994157963930317,0.1361989623464516,0.43499999999999994,0.6050000000000001,0.765,54043,0.4904151049562548,0.08369468489607881,0.3850000000000001,0.495,0.5850000000000001
hmid_cos__hpre_softmax_prob_gauss,hmid_cos,hpre_softmax_prob_gauss,real,7,451,967,59.136791257522965,3.6458289238012345,0.3364837430452223,4.863208742477036,3.6458289238013504,0.336483743045233,0.4439756464983679,0.06734137540033806,0.006215123783947072,0.19969223435236952,0.038756923327768526,0.0035769847962715947,0.18746380747684632,0.047382054499549825,0.004373022263084786,0.5844452812978211,0.06626212405935503,0.0061155166607137846,0.14270446193290925,0.02863527975137123,0.0026428300162374147,0.40343779861359047,0.0969233669370174,0.00894532847731919,0.576250126569434,0.07573954728654006,0.006990214543844851,0.782873529928021,0.03627069171034771,0.0033475235302078826,0.09589011250541188,0.053267619139556945,0.0049162174764080125,0.24712287559507445,0.02276872912168171,0.0021013896590787767,-0.17615262785532484,0.0446216511373747,0.0041182569202691715,0.04366405484062172,0.061176684668412785,0.00564616724332265,0.4543122695540442,0.07881576149477319,0.007274126952470971,0.5165429221886461,0.04167495760762545,0.0038462983371266067,0.08471008500981284,0.028751906567844217,0.0026535938311520665,0.4076531881376237,0.07330571802308299,0.00676558963751568,0.5238088824525955,0.04192047524245286,0.0038689578459727334,0.6137724026024385,0.039542352371041166,0.0036494742382888736,0.1009084750384706,0.061865150108985335,0.005709707643391558,0.22163396308729777,0.038159250948737324,0.003521823941658186,-0.1723805775300477,0.07214855053740041,0.006658791415478773,0.08064038164175363,0.0778792697753598,0.007187695513787192,0.41008362876281423,0.08234181270661016,0.007599556075648536,0.894306459436068,0.04767368583143067,0.004399937733939687,4.495366917950667,1.6490786926797087,0.15219808243510496,0.13476354497631474,0.04385229909070896,0.004047251269210898,0.36520420335773635,0.1136063811869993,0.010485050498685417,0.4460472796699549,0.03504898827434174,0.003234769104909755,0.08360382684236742,0.012160098416359014,0.0011222894755765654,0.3280087705820771,0.027431257896413985,0.002531707473481936,0.5439911370861557,0.04317462485312735,0.0039847068194321,0.41555472447447095,0.06626212610681412,0.006115516849679509,0.1427044617469003,0.02863527959343109,0.0026428300016606778,0.21712646019828818,0.036270690214536924,0.0033475233921553237,0.5965621907484655,0.09692336657556384,0.008945328443959632,1684909,0.5733462415434162,0.16370692175876522,0.3650000000000001,0.5750000000000001,0.785,57424,0.5124743436498209,0.1037294694958538,0.3850000000000001,0.525,0.6250000000000001
hmid_cos__hpre_softmax_prob_gauss,hmid_cos,hpre_softmax_prob_gauss,real,8,451,967,59.0510558547144,3.788174801832245,0.3496212420469567,4.948944145285608,3.7881748018324326,0.349621242046974,0.4251445574684947,0.06747471005825981,0.006227429612254666,0.1769492221938957,0.029985981321597972,0.002767490039948317,0.15297855968380494,0.030767922097564456,0.0028396575400246953,0.6407233062153342,0.04394177753115589,0.00405550948461066,0.12321061756166465,0.025173994660321972,0.002323378339396647,0.4780412577437209,0.07783251768061211,0.007183380632270615,0.6445383542353508,0.04284360534546247,0.003954156103727114,0.7974833283913623,0.0313862074559957,0.0028967208241291206,0.10042628166627651,0.05205646162087254,0.004804436363299889,0.2461815750730439,0.024053199820382228,0.0022199370505126114,-0.17879882774172223,0.04018065295812927,0.003708384783797255,0.054859232900808456,0.05863284512093649,0.005411389180355054,0.4563694117785684,0.07959196265169394,0.0073457647270609005,0.55014164328336,0.04012093097422215,0.00370287287495371,0.06574726874220585,0.02137508893495535,0.001972766710419133,0.4678702959100324,0.05805873972262228,0.005358403388271912,0.5607531389804277,0.03796931995047374,0.00350429467888921,0.6194288663695915,0.04387876710549278,0.004049694076284838,0.11137903313209638,0.06544361337726642,0.006039974021772703,0.21868781164452147,0.043646921558705816,0.00402829640266336,-0.15649197965409084,0.061301325447174815,0.0056576706892194455,0.08827608292463893,0.08336396396532247,0.0076938932726696475,0.4176189295824044,0.1037667710833039,0.009576925376252349,0.9346441116438485,0.03536175434737694,0.0032636351601065287,3.5849646295297593,1.3694623564558184,0.12639150911648933,0.0986537984275677,0.030686893040862064,0.0028321791418703963,0.31975643306517476,0.10578686610417966,0.009763365592767663,0.41585911474268433,0.024713736209022442,0.0022808998003049138,0.07535742742293941,0.011184933143988607,0.0010322887465810879,0.3168141392484132,0.024706255841565564,0.002280209416281458,0.5091897335796743,0.03634169207492541,0.0033540763523314645,0.35927670151577384,0.043941777825939256,0.004055509511817041,0.12321061721033648,0.025173994499130197,0.0023233783245198074,0.20251666330727006,0.031386207445805746,0.0028967208231886615,0.5219587333507465,0.07783251360231458,0.007183380255873135,1663388,0.6344592525042216,0.13636848644863098,0.46499999999999997,0.6450000000000001,0.805,57023,0.5462186471106781,0.08685663857001397,0.44499999999999995,0.555,0.6350000000000001
hmid_cos__hpre_softmax_prob_gauss,hmid_cos,hpre_softmax_prob_gauss,real,9,451,967,60.268382430577546,3.3779363786781467,0.311759191180363,3.7316175694224474,3.3779363786781182,0.31175919118036044,0.4949475640268403,0.06938029128797692,0.006403301030868407,0.2133469640255988,0.036402805140491504,0.0033597166479899915,0.19034823632415881,0.04167523212335111,0.003846323672950318,0.6200805508969907,0.04542731598931726,0.004192613981636429,0.11815885505518554,0.02018063985016065,0.0018625276653819853,0.47197489845939616,0.0679256637077907,0.006269049385180229,0.6132101308184281,0.04756937419327363,0.004390310521258061,0.7805720735591866,0.0325734383350889,0.003006293680784072,0.08990875364363046,0.04108621563452779,0.0037919616946411484,0.2432493719240357,0.024140693572454602,0.0022280120934742237,-0.1770625466460004,0.03520760192102376,0.0032494080017557363,0.038041284397914626,0.0452920976623428,0.004180134304246289,0.4451152523190314,0.073126480756322,0.006749047329120681,0.5234326286677031,0.04319294370716767,0.0039863975176805955,0.06701801675674203,0.021039253833603243,0.0019417715501110879,0.43990125230844584,0.054080254671912145,0.004991217881356616,0.5266073212449206,0.04201739102648302,0.0038779024746023803,0.603673747352443,0.05366015311479705,0.00495244553428504,0.09609034129385693,0.05856793275831961,0.005405398236951033,0.19320428823255117,0.03821850402405902,0.0035272925736175805,-0.1348788221857097,0.05005119425563608,0.004619364632573234,0.0721684482605781,0.07275494083240565,0.00671475687092777,0.36594270150508673,0.09862718181618453,0.009102578315416518,0.9087115724164047,0.057016706296620055,0.005262231210452365,4.79384629096694,2.453659784054771,0.226455120510008,0.12936904506193223,0.04868916865662282,0.004493659482590069,0.3087832870868302,0.09409462677407905,0.008684256140130244,0.4285153448413346,0.024908769673399604,0.0022988999839351106,0.07222208436844012,0.00952169444858244,0.0008787837979110304,0.3299380200861054,0.024418681172161272,0.0022536683461466425,0.512248722163101,0.03211475889137156,0.002963960872716108,0.3799194629915649,0.04542731979234707,0.0041926143326286806,0.1181588552659746,0.02018063992362661,0.0018625276721623643,0.2194279163034689,0.0325734365593396,0.0030062935168952056,0.5280250926749558,0.06792566198379747,0.006269049226068075,1735313,0.6122046030622486,0.13527208590411927,0.43499999999999994,0.6150000000000001,0.785,58267,0.5180238225566562,0.09143017900452985,0.405,0.525,0.6250000000000001
hmid_cos__hpre_softmax_prob_gauss,hmid_cos,hpre_softmax_prob_gauss,real,10,451,967,60.111456023651144,3.208640684442147,0.2961344183046859,3.8885439763488527,3.2086406844421935,0.2961344183046902,0.5055165780789812,0.09423523624963759,0.008697233381693798,0.23780992635521925,0.0553962049458912,0.005112670610791926,0.23185288103435212,0.06718339233172356,0.00620054308491368,0.5519030166624491,0.05815045189634705,0.005366867761160137,0.13715818093039608,0.025395795379134004,0.002343848947764683,0.38951978237565704,0.0801306222126983,0.0073954791237322804,0.5330373835504187,0.06635002410711023,0.006123629201839738,0.748816757181506,0.043602704533650276,0.0040242154898152875,0.07760546655818842,0.03481314034353212,0.0032130020400784327,0.24056310416331525,0.0277591142865802,0.002561966256230689,-0.17048320604185185,0.033561230512702635,0.0030974597821621145,0.016009825377525586,0.03986574530536108,0.003679321076220283,0.4346495748160947,0.07958631856078038,0.007345243818132815,0.480663402982724,0.04734108762547553,0.004369241315756349,0.08374051957521692,0.028284196675204744,0.0026104275777090705,0.37621087728550273,0.06889032031729687,0.006358080240303713,0.4818665561615233,0.05122847457298579,0.004728019124068758,0.5844872812463102,0.05007375003562515,0.004621446368561579,0.06746243803614996,0.049945290244463515,0.004609590455334633,0.16797703585231766,0.03645610135586686,0.0033646355046929406,-0.12795924210238607,0.037752367409927115,0.0034842715224460414,0.0423909493225594,0.05588765532084277,0.005158027939712415,0.3042126278783199,0.09698530462682307,0.00895104487985397,0.8708040202119297,0.07527092454158459,0.006946964040709795,5.926806139422377,3.312186255065054,0.30569092847209733,0.16164708336556224,0.06345663666740878,0.0058565903867612455,0.3580890274171515,0.10411151041084449,0.00960874233248649,0.4650214883569944,0.029750162884009883,0.002745725697128856,0.07965394684073539,0.012493791544886583,0.0011530869472248944,0.352581228328417,0.030686269427438947,0.002832121586844308,0.5508710130309685,0.03578134322796969,0.0033023601908287055,0.4480969971238391,0.05815045874729664,0.0053668683934534256,0.13715818062677965,0.02539579560005913,0.0023438489681544806,0.2511832293344455,0.043602704391695835,0.004024215476713916,0.6104802101222744,0.08013062097156452,0.007395479009184574,1729254,0.5437896649876901,0.1544983318085639,0.3450000000000001,0.535,0.755,58195,0.4753068996547106,0.10610990136094178,0.3350000000000001,0.485,0.6050000000000001
hmid_cos__hpre_softmax_prob_gauss,hmid_cos,hpre_softmax_prob_gauss,real,11,451,967,61.81884172737832,1.9345644087499827,0.17854635722719678,2.181158272621687,1.9345644087501508,0.1785463572272123,0.5208264500522624,0.07281618382410718,0.006720409157832535,0.23918295357387737,0.03698837894392182,0.003413760891240447,0.22707470492930365,0.043530299930871603,0.004017533066622685,0.5650721113750831,0.05112743477975768,0.004718693879101843,0.132903081151879,0.01952848553972847,0.001802338521019034,0.4010705123506325,0.07028398311056439,0.006486705275384233,0.5554709285280544,0.05645631751558689,0.005210511363321965,0.7468655277530143,0.03658006187463201,0.0033760761674930025,0.07107592908858126,0.029316240053623634,0.002705677746110652,0.22883976849049514,0.022509179531259874,0.00207743510182546,-0.16958806146541588,0.02998030924074092,0.0027669665477501023,0.017394486576842467,0.03168034924398408,0.0029238679919959968,0.40157856824929283,0.06466205860263313,0.005967842146838405,0.5202777135458384,0.04421576123081322,0.004080796206154894,0.08422736767271369,0.022110543222268686,0.002040643842507885,0.4173877727534933,0.06418301242381703,0.00592362963585435,0.5199230242494218,0.046596191137988255,0.004300492736618515,0.6246807777433846,0.04269501370972651,0.003940442166287197,0.06214527474312361,0.04619711407746266,0.004263660799109738,0.13968241688022578,0.028296354736254675,0.0026115496791504042,-0.10247818422845104,0.045237061070840946,0.004175054823365522,0.04723949169912853,0.048007410960690784,0.00443073815902508,0.24948901555430822,0.08010931471746915,0.007393512595433925,0.8616894736358952,0.0647448522640538,0.005975483405294987,6.680108587837009,3.141207153159319,0.2899107891967283,0.1732326893706834,0.05178598562810359,0.004779473377829941,0.3864942013545559,0.0932118307151741,0.008602780424057368,0.4588009172979131,0.026685596844560917,0.002462888330561494,0.07661729734194306,0.008723296422309401,0.0008050974121987325,0.3545504837542247,0.02553182366764228,0.002356403378768971,0.5459961616609685,0.03155495107379996,0.00291229464432762,0.4349279077796191,0.05112743524047096,0.00471869392162236,0.13290308118035649,0.019528485400960346,0.0018023385082117363,0.25313446103248965,0.036580060987299205,0.0033760760855985777,0.5989294795109988,0.07028398335817487,0.006486705298236898,1816279,0.5565634364271614,0.14941998660381758,0.3650000000000001,0.555,0.755,59702,0.5140496977553416,0.10504083622179719,0.3850000000000001,0.525,0.6350000000000001
hmid_cos__hpre_softmax_prob_gauss,hmid_cos,hpre_softmax_prob_gauss,real,12,451,967,62.47946362580507,1.8893331404025906,0.17437183703047152,1.520536374194911,1.8893331404016622,0.17437183703038583,0.6198218922382793,0.0825664710215265,0.007620290419549256,0.2858235176838326,0.0515332155877109,0.004756144524200587,0.2739356272732862,0.06490723761939414,0.0059904704036765994,0.5643159916754031,0.05988875174041674,0.0055273003130687035,0.1384093721635288,0.022541506817516196,0.0020804186774427934,0.4012345242604617,0.07646184395569333,0.007056877322572381,0.5430465720228126,0.07081833583358559,0.006536022181938674,0.7656932610265178,0.040220788504147766,0.0037120890055355,0.07402847268350657,0.03427487902949197,0.003163324398732653,0.24756464230258737,0.029985561087505552,0.0027674512553691917,-0.18248245154343537,0.03669852031732498,0.003387009028311683,0.009956618099566258,0.039875043748958935,0.0036801792555730983,0.44271470622980924,0.08037598223508037,0.007418124086085231,0.5220873412208576,0.05393517348701362,0.0049778279332377134,0.09653888596879659,0.024188218755658023,0.0022323983254854953,0.4052308299568597,0.07451859695287609,0.006877529624467114,0.5125112492517591,0.058759693349862085,0.005423096357998222,0.6477835236648837,0.04704270748535134,0.004341702978522833,0.07528204315229982,0.04795961468401339,0.0044263269070392705,0.16198826183069062,0.0316618489238249,0.002922160545732115,-0.11350821374055767,0.045713543952547224,0.00421903076049379,0.052623980570358206,0.053455790282307354,0.004933584317192121,0.2996773179937927,0.08524956954009469,0.007867921082247934,0.838460911966631,0.056700088294458474,0.005233009649948711,6.560689671911089,2.761401781573622,0.254857489732915,0.19619255578860276,0.04899480616682691,0.004521867622795745,0.3924326067416523,0.08636042125711772,0.007970444692522661,0.45786516673272126,0.03213706460227035,0.00296601952912906,0.0814056317293341,0.01068669372295256,0.0009863048376191452,0.34058866294761864,0.029243489957658977,0.0026989634363861125,0.545604149885999,0.0353042278243648,0.003258325876486243,0.43568403820967727,0.05988875684182779,0.00552730078389219,0.1384093724755627,0.02254150720979576,0.002080418713647371,0.2343067298910268,0.040220788089240234,0.0037120889672425245,0.5987654706322206,0.07646184531061463,0.007056877447621856,1858191,0.5539074523084023,0.15703439996211396,0.3550000000000001,0.545,0.775,60393,0.5146054546802206,0.1199558400160773,0.3550000000000001,0.525,0.665
hmid_cos__hpre_softmax_prob_gauss,hmid_cos,hpre_softmax_prob_gauss,real,13,451,967,61.54443564565516,2.690623671518057,0.2483251801004783,2.4555643543448413,2.6906236715180274,0.24832518010047558,0.5754787454577661,0.07423843113436056,0.006851672337891761,0.2701180067855408,0.045038382156177004,0.0041567181909377485,0.2622528553370117,0.056853165205694646,0.005247137546002825,0.5493103722004388,0.057420455563957085,0.005299494358988605,0.13536796047107497,0.018208974841007603,0.0016805571900313763,0.3893410308606529,0.07100913897686952,0.006553631937409601,0.5318564602885903,0.06440027142838986,0.0059436810767191945,0.7420657027942703,0.042836625418644705,0.00395351190676919,0.07586724559119912,0.036174203960989935,0.003338618406094691,0.2349998026614254,0.022161672225623104,0.002045362681155127,-0.16853680752889202,0.03281841693498889,0.0030289034405899112,0.017485526348616113,0.03899020351221179,0.003598514876612805,0.4203569142618918,0.07080325910802569,0.006534630708790787,0.5110420482741553,0.0548118500218387,0.005058738861326544,0.09642663636473854,0.021195614329346035,0.0019562024973583565,0.3936984118965085,0.06927163781104408,0.006393273097748846,0.5052425963374405,0.05906301451174927,0.005451090715942537,0.6379060149156626,0.05201142616975314,0.004800279915622529,0.07319202904413799,0.05556426315663904,0.005128181172857179,0.15014459068877395,0.027741967813507237,0.002560383760298982,-0.1007843650481908,0.04709613011520915,0.004346633502371751,0.05085607734573221,0.05869531018941353,0.005417154256141664,0.2805249097518974,0.0878120734588936,0.008104421732219879,0.8268602089656086,0.05875973461561493,0.005423100166529907,7.283647148925846,3.0023574036043406,0.2770959576652371,0.20058613132633102,0.04868934427331268,0.004493675690745301,0.4064211235981206,0.08157635400657243,0.007528909752434147,0.46679904472140654,0.030189789500470365,0.002786300066508398,0.07813644750642998,0.007964349486360817,0.000735052077895327,0.35750588537577827,0.029607747617706494,0.0027325817940894934,0.5512940084922592,0.031993749248162597,0.0029527925544700984,0.4506896512767176,0.05742045910648822,0.005299494685938707,0.13536796057609587,0.0182089751728906,0.001680557220661786,0.2579342854448098,0.042836623728781394,0.0039535117508069815,0.6106589623847365,0.07100914006573988,0.0065536320379044905,1805473,0.5381502331925764,0.15351189069365132,0.3450000000000001,0.525,0.745,59490,0.5017448317565764,0.11918990153578027,0.3450000000000001,0.505,0.6550000000000001
hmid_cos__hpre_softmax_prob_gauss,hmid_cos,hpre_softmax_prob_gauss,real,14,451,967,62.829864850596564,1.449051860618983,0.13373704694277133,1.1701351494034422,1.4490518606196925,0.1337370469428368,0.642056568965541,0.08097275730321059,0.0074732021253672174,0.3117654026082514,0.05022913045798532,0.0046357868620966365,0.31257877553562513,0.06320906464399924,0.00583374127264997,0.51817443112633,0.050185809526859214,0.004631788652262282,0.14412088370942458,0.01821308702657168,0.0016809367151324214,0.3531432881484049,0.06348817070366353,0.0058595007511184575,0.4930778435328266,0.05786738096836401,0.0053407423539109915,0.7295822633916326,0.037882170007633456,0.0034962513670427223,0.0533967854094805,0.02329601101091535,0.002150053978616926,0.2382791903907169,0.02554248407343579,0.002357387257420096,-0.18665615320803558,0.028635332132082695,0.002642834850599703,-0.011251714226544854,0.025100434727476084,0.002316589287562494,0.4042037113112523,0.06927918596865973,0.006393969738315558,0.4933655584379895,0.04406278878191894,0.00406667795122233,0.11225446132132175,0.021666184861383792,0.0019996327672081433,0.36034573155549987,0.06083313343330638,0.005614459939460491,0.4766314767773873,0.050799152019618925,0.0046883957454764355,0.6432247220230082,0.04324526234999618,0.003991226151480458,0.04915917629642267,0.03697151237649723,0.003412204228583485,0.16131044253820997,0.03133199211984611,0.0028917171392005784,-0.13157081483228447,0.035951633176646736,0.003318076726226117,0.01912047767297857,0.039892034802260994,0.0036817474073796825,0.2786441634452297,0.08013423687435664,0.0073958127309612706,0.7941962132785204,0.05561279009094713,0.005132659859278228,7.9426642913574685,3.143081493660784,0.29008377732120033,0.23684461029391388,0.04787832903392319,0.004418824827163922,0.45158802686614535,0.08358329734312876,0.007714136163238979,0.48305686390688796,0.025723788470587837,0.0023741203470574097,0.08135513373025305,0.008470007460517341,0.0007817206658628209,0.36654228954774104,0.025696401774837282,0.0023715927523489397,0.5678192740558583,0.028138895295283607,0.0025970173071759913,0.48182559855720486,0.05018580998537243,0.004631788694579748,0.1441208837333787,0.0182130871277073,0.00168093672446651,0.27041772677290843,0.03788216952575927,0.0034962513225692067,0.6468567052825602,0.06348817186150177,0.005859500857978585,1878047,0.5105359652031056,0.1555669661175411,0.32500000000000007,0.495,0.735,60729,0.4881217298052438,0.12621806428083604,0.32500000000000007,0.485,0.6550000000000001
hmid_cos__hpre_softmax_prob_gauss,hmid_cos,hpre_softmax_prob_gauss,real,15,451,967,61.31081195227538,2.7265776822357415,0.25164347625661304,2.6891880477246333,2.7265776822360457,0.25164347625664113,0.5614155606574475,0.07741283729734387,0.007144647156510727,0.2538645274587083,0.043803832959654995,0.004042778194492144,0.23692351412230633,0.05043886042278941,0.0046551434268343045,0.5837041015059731,0.043638864898596974,0.004027552830980068,0.12512443733898476,0.014686143384696152,0.0013554252270918687,0.4342484597489986,0.05286865518575777,0.0048793959778352,0.5682966642519917,0.050905077863301854,0.0046981719376984485,0.7605423744430816,0.032835740801969014,0.0030305023087012035,0.08391596516879152,0.038067693831588215,0.00351337387937478,0.23716655095696773,0.021591135682827407,0.001992706268724283,-0.16821371665535764,0.03462252944769069,0.0031954100276613898,0.026828448925122306,0.04243072705731784,0.003916050412340981,0.4334355026211347,0.06503260536843063,0.006002040943692221,0.5338277052141973,0.04695994901899402,0.004334064968317034,0.09268794224856428,0.01709517204932624,0.0015777612168269037,0.4198629192821504,0.05460821647602674,0.005039944952139785,0.5284336987225586,0.053972396541297464,0.004981263352972095,0.655053367323111,0.045740972814329844,0.004221562246823231,0.07971605992145901,0.053198767434536345,0.004909862960081387,0.1563462062350908,0.02644704741373196,0.002440871936741527,-0.09703937150128125,0.04331350350541753,0.0039975243184778185,0.05249807751346562,0.0609385500939691,0.0056241891377581815,0.3003094665905186,0.08193567779270959,0.007562072749122032,0.8384504371202431,0.05159356255531549,0.004761714114536671,6.732553903190076,2.7861842345290926,0.2571447315938426,0.18999126906484196,0.04448105866154344,0.004105281247657969,0.384607573510909,0.06636214329342031,0.006124747715422659,0.44907688371716775,0.024096766460382755,0.0022239579375058485,0.07462149961365673,0.007194214967376125,0.0006639742102793893,0.34493164407179233,0.024021491010477194,0.0022170105558066474,0.5309982063997863,0.024824002775171633,0.002291076609937533,0.4162959172963001,0.04363887629565247,0.0040275538828461795,0.12512443719474828,0.0146861434764974,0.0013554252355644624,0.23945761641278815,0.03283573916063775,0.0030305021572181526,0.5657515344908239,0.05286865721287636,0.004879396164923641,1799466,0.574894436496955,0.137003136711923,0.405,0.5650000000000001,0.765,59392,0.5259651172071181,0.11074761133461856,0.3750000000000001,0.525,0.665
hmid_cos__hpre_softmax_prob_gauss,hmid_cos,hpre_softmax_prob_gauss,real,16,451,967,61.24330060183716,2.8524598899903597,0.263261497105465,2.7566993981628136,2.852459889989808,0.2632614971054141,0.5580075831615162,0.08968849869202788,0.008277602262405379,0.25863585413696455,0.05335513506329603,0.004924294565654725,0.24738842219074186,0.06307814876205338,0.005821658679938714,0.5662621790331779,0.05158570320799656,0.004760988753402335,0.12696384510225783,0.014491503904196072,0.0013374614053350432,0.41790207511893984,0.05916143668579397,0.005460174373517637,0.5479201330022857,0.06071453882130253,0.005603514511195458,0.7473913406248948,0.036668877181493566,0.0033842731804404253,0.09263729826063426,0.044284977665776604,0.0040871843844275165,0.23588057404537222,0.01890787241896645,0.0017450604012219995,-0.16118949441608088,0.04063546313078602,0.0037503604860227528,0.03827638132817285,0.05196360047392367,0.004795865948460937,0.43733818067434216,0.060873362581093535,0.005618172799967624,0.5443423442647184,0.052684448090925505,0.004862394990114684,0.09516288965614793,0.020657080760647404,0.0019064997288690754,0.43015327266652564,0.06827843481507785,0.006301607616819477,0.5341667091601968,0.061823100963847986,0.0057058268102412974,0.6719264037017395,0.041527793753534735,0.003832716173645997,0.1113752173880671,0.06083614486310625,0.005614737872734968,0.16074088993564403,0.029393330282352612,0.002712792618820558,-0.07952762605030218,0.06484966070216183,0.005985156469032861,0.09007581357228528,0.0726697635335437,0.006706895619908435,0.3372806801082392,0.07292044673089984,0.006730031872960318,0.8263067526977046,0.06316748285422825,0.005829903573032932,7.03601054824175,2.8455921528768666,0.2626276544489672,0.20274218279388892,0.05539454312077803,0.005112517236306712,0.3905246606061029,0.07354592157696822,0.006787758694976501,0.4583526492988895,0.02789462011410121,0.0025744724678499584,0.07463442921935852,0.006635420297346117,0.0006124014881097004,0.3540625111749113,0.025886611420342497,0.002389147732250786,0.5384378480287895,0.027555450403034816,0.0025431695470897056,0.43373784027539763,0.051585712530598724,0.004760989613811348,0.1269638447097867,0.014491503506607105,0.001337461368640446,0.25260864851634246,0.03666887722571386,0.0033842731845216394,0.5820979204920538,0.059161437618536226,0.0054601744596030274,1799402,0.5530575221108831,0.14312493650363697,0.3750000000000001,0.545,0.755,59381,0.5339660010472174,0.11894682736167678,0.3750000000000001,0.545,0.6849999999999999
hmid_cos__hpre_softmax_prob_gauss,hmid_cos,hpre_softmax_prob_gauss,real,17,451,967,62.96898954703831,1.66990883622827,0.15412055461245588,1.0310104529616726,1.6699088362278987,0.15412055461242163,0.6832323486430066,0.09157961786273076,0.008452138937164991,0.3150523682735864,0.05508786226622413,0.005084212802934393,0.3013250060841284,0.06562380422324322,0.006056604338659196,0.5658681328278914,0.04608434034874637,0.004253252596435197,0.14017105938284788,0.018363556503572576,0.0016948239637920564,0.406257731621752,0.059628307607934465,0.005503263196027997,0.5353122766144913,0.058169925230379955,0.005368665009594418,0.7746800796338161,0.02428140871620903,0.002240999087450965,0.06695329146922485,0.030319502258314424,0.0027982716195330474,0.2564413002435609,0.022751573011904502,0.002099806273748696,-0.2066290171624603,0.0363828763162634,0.0033578773610923023,0.0002925913219255382,0.039081287470611306,0.003606921269752528,0.4467296020664442,0.051015833209484725,0.004708393858206728,0.5260503968348814,0.04077869369239343,0.0037635796349448263,0.12190465351344243,0.022079591236736213,0.002037787197238916,0.3788714829365425,0.05797718604734993,0.005350876571603257,0.5132276757121426,0.05021763595654715,0.004634726002426808,0.6813112140532568,0.03691545825024413,0.0034070308365760768,0.08453820106484064,0.03767388525820759,0.003477028185272312,0.1911875806910921,0.029863225002565875,0.0027561605161078766,-0.14073142779423098,0.040784885799472766,0.0037641511218167935,0.06493989092726046,0.04990876769020896,0.004606219686706156,0.34859190105372384,0.06509698800717034,0.006007982997398811,0.8121772802514219,0.03697575675427025,0.0034125959540730277,6.464274164471353,2.236226930434061,0.2063876346305501,0.22449928663522337,0.04262959878010538,0.003934404839569462,0.43136188748686255,0.0601871333801729,0.005554838788707446,0.4574324185536272,0.024733009242105572,0.002282678562404613,0.08266997184535967,0.008472145422225989,0.0007819179843254391,0.3349588334777517,0.017960744711129233,0.001657647337434401,0.5438330368941355,0.027957921385114895,0.002580314719106223,0.434131906025262,0.046084349968958944,0.004253253484311509,0.14017105948401398,0.018363556990393697,0.0016948240087221384,0.2253199148314668,0.024281405367394253,0.0022409987783794877,0.5937422653286313,0.05962830763036391,0.005503263198098073,1887170,0.5584298609820587,0.15279787920093538,0.3750000000000001,0.535,0.775,60860,0.520919307955699,0.13512855038065735,0.3450000000000001,0.535,0.695
hmid_cos__hpre_softmax_prob_gauss,hmid_cos,hpre_softmax_prob_gauss,real,18,451,967,61.97500263963681,2.9479844265017796,0.2720777236124702,2.0249973603632143,2.9479844265022948,0.2720777236125177,0.6501713398812932,0.13027822900586766,0.012023741938909175,0.31519943530711714,0.07307197292046991,0.00674401664857693,0.3155305633147748,0.08300112047989854,0.007660405433095505,0.5239058453050414,0.04532515562188223,0.004183185315743468,0.1462948804044894,0.015888151131277055,0.0014663618821549919,0.3598074842526409,0.053589351730719305,0.004945911076628035,0.4905227942060055,0.05703066026563542,0.005263519061260167,0.7402563556010816,0.030453145485601723,0.0028106059265699747,0.07246453150261929,0.040052115585780174,0.003696521710385646,0.24783569574230213,0.02236962642631009,0.0020645553556584,-0.1931770993543526,0.04561880185867683,0.00421028674780539,0.012182451225253627,0.04815467542917253,0.004444329608489098,0.43483207324416884,0.058143946756764216,0.005366267383643359,0.4948339275247179,0.039984529397727536,0.0036902839921576615,0.12999103349990374,0.022703382383338928,0.0020953586259247437,0.33756073326346,0.05638722591878526,0.005204134706712268,0.48058310997812115,0.05197725824466968,0.004797126462302458,0.6617450130808983,0.035923504941608495,0.003315480692783864,0.08321359071612448,0.04728724341996331,0.0043642718835118,0.18262837570514237,0.030996072437078893,0.0028607141726372906,-0.13308668770252124,0.05561502709057447,0.005132866318227217,0.06499331521120147,0.058445876286032886,0.0053941333039230965,0.33454416045662805,0.06886106673605707,0.006355380345514689,0.7913757299929433,0.04443234252219073,0.004100785098974442,7.261538226302886,2.4561956606558657,0.22668916365039413,0.2446713891144274,0.04637194094083218,0.004279796059046757,0.4584683816527165,0.06640479969966487,0.006128684594398062,0.47998965403926314,0.023762228028433856,0.0021930824504417766,0.08291974901923305,0.007325347516025598,0.0006760767997663995,0.35954437960781394,0.02124795834284094,0.0019610334726879422,0.5651195760723116,0.024426900317282663,0.0022544269140259586,0.4760941833043699,0.04532516605442451,0.004183186278591958,0.14629488064300872,0.01588815133899631,0.0014663619013259826,0.2597436358239461,0.03045314361268391,0.002810605753713154,0.6401925136960305,0.053589352253771656,0.004945911124901998,1849527,0.5136241583817359,0.1554506431707653,0.3350000000000001,0.485,0.745,60228,0.4876206679799258,0.14148681310657713,0.30500000000000005,0.495,0.6749999999999999
hmid_cos__hpre_softmax_prob_gauss,hmid_cos,hpre_softmax_prob_gauss,real,19,451,967,60.151705205363754,3.5852458364437028,0.33089236055708193,3.8482947946362573,3.585245836443773,0.33089236055708837,0.5336439005662397,0.10812604553565447,0.009979255001516,0.2506419137531678,0.0602801507481331,0.005563423621620239,0.24240276735744457,0.06763576585281438,0.0062422939017546634,0.5563942768907688,0.04559425053663399,0.0042080208376625,0.12912385674719984,0.016325654857175576,0.0015067403240301737,0.4056758309481148,0.057976897942918396,0.005350849981639894,0.536703480060004,0.053964178488150036,0.004980504885874109,0.7387314608385693,0.030622488563595517,0.0028262350726251167,0.0945818383732111,0.04603366270144216,0.004248575414699565,0.2364648140103912,0.021218453768271382,0.00195831041302288,-0.16480721117893007,0.04835449397427441,0.004462771420595747,0.04399346959831605,0.05517526550797894,0.005092279492445782,0.43550043481212014,0.05803848420411203,0.005356533949845673,0.509083941320207,0.047471959063224746,0.004381319806588457,0.10325088327526949,0.019551868161748993,0.001804496568569843,0.38132368858096133,0.06315183547458107,0.005828459432624104,0.5064310298925997,0.053954773352751194,0.004979636859636731,0.6420109983026613,0.03945889337346792,0.003641771574098868,0.10797575660169334,0.05665807781192798,0.005229132385078515,0.1729269252074625,0.02812843139554617,0.002596051564618101,-0.10569285771926182,0.0629845364411848,0.005813018937158856,0.09868842699492132,0.06854260022877172,0.006325988181305791,0.34061372706772997,0.06852164284983454,0.006324053966218747,0.819376227684754,0.05438202171902769,0.005019068805704233,7.165595460907233,2.617480869169946,0.24157462640602548,0.20334236317178203,0.0460506756832101,0.004250145590345565,0.4091789169274583,0.07008734570744587,0.006468557059763896,0.4640198460842132,0.024289818977719244,0.0022417752939960585,0.07483623954832785,0.0075511422893385916,0.0006969160305894378,0.3606015687384181,0.021361416751188297,0.001971504866359609,0.5441950972512462,0.02707290543277349,0.002498634122862535,0.44360573752470034,0.04559426313885628,0.004208022000756823,0.12912385686107072,0.016325655331426436,0.0015067403678001114,0.2612685296785592,0.03062248768403687,0.0028262349914481904,0.5943241633516516,0.057976898289413686,0.005350850013618913,1737903,0.5460052205323361,0.14123203056009387,0.3750000000000001,0.535,0.735,58312,0.5008719870543379,0.12086150738676674,0.3350000000000001,0.515,0.6550000000000001
hmid_cos__hpre_softmax_prob_gauss,hmid_cos,hpre_softmax_prob_gauss,real,20,451,967,57.44585049097243,5.010117020428635,0.46239770525785434,6.554149509027558,5.0101170204284875,0.46239770525784074,0.5521001121215504,0.1284449462111535,0.011854543144967228,0.24044964644149708,0.07354970320073428,0.0067881077116051436,0.21849190904142807,0.08282551818008327,0.0076441986059612305,0.6229479426147757,0.06489775055237589,0.005989594815741033,0.12444684347722902,0.024267704367220554,0.0022397342747732404,0.47278014654774514,0.08768975893949275,0.008093132983302428,0.6078753769166454,0.07899667713248576,0.007290824162412863,0.7952877452907563,0.031209320036485553,0.002880395389705739,0.1492703975388737,0.07754980675033593,0.007157288450216187,0.2415891198969048,0.027843534599514084,0.0025697576429026194,-0.12901798134729447,0.09396449698293957,0.008672246097936973,0.10859769511048943,0.09080251113860512,0.008380417585246267,0.4920719590224898,0.06364761859151709,0.005874216642414223,0.5567831027420932,0.05886647931834776,0.005432951933542701,0.1010530380320924,0.030204298899405083,0.0027876391794961243,0.42929636817525785,0.09156594964324638,0.008450877458980197,0.5606331857896986,0.06610460655973008,0.006100978930343906,0.677017332758216,0.040846830218197926,0.003769868145382362,0.15022549010749958,0.07303519447789947,0.006740622263300462,0.15540688128221714,0.03565361251195341,0.0032905715659850053,-0.03963276085997862,0.0985031090557256,0.009091127293516773,0.14225249354487976,0.08390781948799766,0.007744087219168586,0.3559186345641847,0.06721452226947541,0.006203416153890429,0.8583402101139671,0.04853325791595811,0.004479270044496217,5.502188810540939,1.8222931778143823,0.16818453147753498,0.17188004343244848,0.04939402504021659,0.004558712648610176,0.3883130146248541,0.07855625842827288,0.007250176689040425,0.4248987164830988,0.03697731051956154,0.003412739355415206,0.07682626389207758,0.010355988183215432,0.0009557830988918877,0.3186602190953476,0.024628167254578105,0.0022730024022970343,0.5108234473715838,0.04374514406654181,0.004037361632485906,0.3770520691820163,0.06489776502052128,0.005989596151046616,0.12444684379638224,0.024267704245479697,0.002239734263537436,0.20471224673898708,0.03120932104855938,0.0028803954831128622,0.5272198467408326,0.08768975839575117,0.008093132933118996,1610294,0.5997200091850948,0.15339612935296845,0.39500000000000013,0.6150000000000001,0.795,55976,0.5430221300866581,0.1343963373753577,0.3350000000000001,0.5850000000000001,0.695
hmid_cos__hpre_softmax_prob_gauss,hmid_cos,hpre_softmax_prob_gauss,real,21,451,967,52.217083729278855,4.8179866201764865,0.4446654535310742,11.782916270721145,4.81798662017639,0.44466545353106524,0.4201584764505413,0.09620788943113141,0.008879295058232105,0.17175254229884523,0.05529250385271129,0.005103099747012976,0.14686693006102006,0.06281509698230187,0.005797380895842029,0.669628221367867,0.06249255397790211,0.0057676125003188715,0.10597063218849259,0.024537718550915754,0.0022646546385928163,0.5371499770162927,0.09080552389636276,0.00838069564108168,0.6634103443864949,0.06943890099343597,0.0064087102844246815,0.8116827538962875,0.03313921050115517,0.0030585103755680653,0.21967223216737738,0.07515227174123683,0.00693601324207984,0.21760769889062323,0.026635230346427993,0.002458239865652675,-0.03504108894549799,0.09700017620828058,0.008952417419679181,0.18861427867734507,0.08193349156003528,0.0075618709755970554,0.5258284951940457,0.06294862267086562,0.005809704354901589,0.5971314505016387,0.056159787638538655,0.005183143792040014,0.07404723203934829,0.028041122549483686,0.0025879935871490336,0.5018970605062653,0.09209958505515328,0.008500128162886703,0.6033395019970051,0.055841408769131004,0.005153759716175836,0.6830557538215127,0.036201354997973584,0.003341124251196795,0.20733782032791523,0.06534045022370967,0.006030452805945348,0.11620117457487768,0.026398612294494764,0.0024364017241900334,0.06326323289651421,0.08485748165771545,0.007831734195528059,0.20302351847342961,0.06722805177784709,0.006204664830038875,0.35798298005514595,0.06512920179280599,0.006010956097726579,0.9044444499936781,0.04756491793007454,0.004389899240270235,4.476101329306238,1.5376249426033897,0.14191170427915856,0.12986914243558162,0.04197222552024042,0.0038737340237741404,0.3145829912910314,0.08471418707404944,0.007818509137831229,0.39784234744098285,0.03611806862113797,0.0033334375186572164,0.06913600346328586,0.01048388637738769,0.000967587180762777,0.3052478101018357,0.026550734047620764,0.002450441466032081,0.47771374792578025,0.0460357891388167,0.004248771669549173,0.3303717747724002,0.062492558845831284,0.005767612949593663,0.10597063217861986,0.024537718302928398,0.00226465461570537,0.1883172377088093,0.03313920748258952,0.0030585100969762035,0.4628500165249638,0.09080552373037587,0.008380695625762286,1333653,0.6442657463174718,0.14722507419224662,0.4149999999999999,0.6749999999999999,0.8150000000000001,50916,0.5830987332350274,0.1185531419808629,0.39500000000000013,0.6150000000000001,0.695
hmid_cos__hpre_softmax_prob_gauss,hmid_cos,hpre_softmax_prob_gauss,real,22,451,967,49.31015732235243,4.050798216824951,0.373859491162587,14.68984267764756,4.0507982168246075,0.37385949116255524,0.3609242052640662,0.06663241015059647,0.006149691399184125,0.14197740898282835,0.03411929571912394,0.0031489651800961902,0.11595194090249,0.035737183355056504,0.0032982845527116168,0.6877311152824254,0.03982680625938,0.003675727282815226,0.10086935758586763,0.015802526700028668,0.0014584593640377852,0.5575745937164011,0.06200156021224815,0.00572229731314688,0.6869718692642169,0.03968160355491149,0.0036623261193155098,0.8189009470369327,0.026912709535017634,0.002483849195641875,0.2299230866252561,0.060622965491240785,0.005595062952577022,0.21281112530806126,0.017458382633087986,0.0016112829369328405,-0.02071430173948969,0.07245323654570963,0.0066869117389147135,0.20260261581921585,0.06390901214493547,0.005898341384167165,0.5268970542032835,0.06033223168371712,0.005568230316754013,0.6050111740124277,0.039186428926780904,0.0036166250686582332,0.06086002579754391,0.01566455341266345,0.0014457254236518774,0.5296362705712819,0.05909271243143567,0.005453831619968915,0.6112170974481207,0.037787327654277475,0.003487498101126129,0.6725997697064409,0.03511438676271812,0.003240804914219053,0.20592770559911255,0.051666974366396445,0.004768489495799074,0.10300095197766788,0.01787447604494706,0.0016496853610742403,0.08300189320437731,0.057165110028628945,0.005275927805732037,0.1987727668778013,0.05334793627437035,0.004923630169301047,0.33925026543355824,0.061755878489082656,0.0056996226601293346,0.9268357560981001,0.03376647268492958,0.0031164021559775177,3.962634847099584,1.3872720064530275,0.128035211500401,0.1086593065831329,0.031855893444428005,0.002940069456976879,0.2835894683926035,0.06273611335590445,0.005790091276168439,0.3880534374993009,0.02421299451109725,0.002234684949213926,0.06764054767539261,0.006909432252065597,0.0006376908173926053,0.29975071804525805,0.02223442904275709,0.0020520776111951724,0.4686000927050805,0.03220936336110207,0.002972692183687919,0.31226887890272365,0.03982680507802037,0.0036757271737842432,0.10086935785687651,0.015802526826833252,0.0014584593757409347,0.1810990442868105,0.02691270833987531,0.0024838490853388486,0.4424253990501404,0.06200155758595492,0.005722297070758936,1170839,0.6737434745916077,0.12276731980323104,0.505,0.6849999999999999,0.8150000000000001,47802,0.597755196633077,0.08953837189648478,0.485,0.6150000000000001,0.6849999999999999
hmid_cos__hpre_softmax_prob_gauss,hmid_cos,hpre_softmax_prob_gauss,real,23,451,967,49.245618202935276,3.7281539793549068,0.34408175255638274,14.754381797064719,3.7281539793548535,0.3440817525563778,0.4203899382964357,0.07498742187302516,0.006920798786915954,0.16845299658352672,0.036669602918778924,0.00338434016076324,0.13995308678720325,0.036644522241485684,0.003382025394944514,0.6732387096668396,0.03619794851643311,0.0033408098574928373,0.10766793654901388,0.01261588973828157,0.0011643557308105405,0.5331103786889064,0.05328304219863597,0.004917640913644532,0.673614083592837,0.034747264663004485,0.003206922189371538,0.812550325149682,0.02978432284167343,0.0027488784151134707,0.20772082727691954,0.05613666759196276,0.005181009978311002,0.22037124951007098,0.01752679449152746,0.001617596858588932,-0.04971556204876774,0.06367142455818493,0.005876413761625965,0.17756486359254828,0.05880109875800688,0.005426917778861917,0.5170561045512091,0.06614545534899927,0.006104748979295581,0.6076869837687219,0.034966961603255575,0.003227198634135215,0.06567287363362533,0.013815404193032205,0.00127506227300082,0.5229674235555859,0.05163723142259815,0.004765744436371546,0.6161535545857901,0.03425089065580016,0.003161110444666764,0.6795566172782801,0.03486979202259565,0.0032182305819051346,0.216942145071069,0.049528683683828414,0.004571140671258222,0.10983991144332575,0.019408714426394462,0.0017912845101574104,0.08072160467383711,0.05552933397714481,0.0051249574612395035,0.2150486843767461,0.051682140841953966,0.0047698892522251325,0.3550837618770536,0.06419382259593316,0.005924627336858051,0.9213834616226876,0.03194049694804856,0.00294787775082938,4.094770824949488,1.3729457739990845,0.12671300345921496,0.11119621001784218,0.031229534501237322,0.002882261039165846,0.305435588678341,0.058362890869122386,0.005386474347816319,0.3969572195265036,0.022596979037363983,0.002085538363681376,0.07116801896956666,0.005856380972519423,0.0005405017710698232,0.30485280620241184,0.02481655125861288,0.002290388888644116,0.48203906617069836,0.027541031664878965,0.002541838801438697,0.32676128073779437,0.036197947514936386,0.003340809765061905,0.10766793656431468,0.012615889621799081,0.001164355720060046,0.18744966528327198,0.029784322483105478,0.002748878382020232,0.4668896136471669,0.05328304088622744,0.00491764079251868,1169683,0.6623217998420833,0.12038331936496457,0.505,0.665,0.8150000000000001,47845,0.6009765910434554,0.08437333195466441,0.485,0.6150000000000001,0.695
hmid_cos__hpre_softmax_prob_gauss,hmid_cos,hpre_softmax_prob_gauss,real,24,451,967,52.08274205469327,3.679516674992793,0.33959287977451597,11.917257945306725,3.6795166749927968,0.33959287977451635,0.4298810221980924,0.070200800043286,0.006479028077572485,0.1761504456144023,0.033800151767549545,0.003119510492660107,0.14917974524351788,0.03334888317406042,0.0030778616526762346,0.6568634607194406,0.030934825928212242,0.002855061561123524,0.10891132981423693,0.01048446744430791,0.0009676408090531774,0.518321792901242,0.03967629508645505,0.0036618361859222016,0.6553508403810436,0.031436369526402816,0.0029013504218316608,0.7969919476498019,0.03187931823035113,0.0029422313959521253,0.17204630412209532,0.04588073518965071,0.00423446130713784,0.2157833804800146,0.01827660491031159,0.0016867989581827152,-0.0671576504471019,0.04517004214202256,0.004168869459078001,0.13460285726745083,0.04762492452235798,0.0043954374164164355,0.47283012376404543,0.06808005586864796,0.006283298669298566,0.6033384098655544,0.03160492977165689,0.002916907318064898,0.06037346475894638,0.010991015111001402,0.0010143915092319833,0.527267042919246,0.03842822005315083,0.0035466478521894067,0.6073765214080671,0.032316656405082106,0.0029825945586472676,0.674527202665699,0.03424314041796355,0.003160395153551558,0.19850636105042407,0.04437290701760878,0.00409529963010865,0.10992341496625807,0.019624500857464883,0.0018112000430972395,0.06556815162866109,0.04497313535634368,0.004150696381388126,0.19174415851206575,0.0455777423776953,0.0042064972535266094,0.34238062836068534,0.06337614050895701,0.005849161171276178,0.9184949239321618,0.03416039435145426,0.003152758287762396,4.48126851261046,1.5986986558919758,0.1475483680059875,0.11989817198500839,0.032646104339659046,0.0030130002294787408,0.28365599768407973,0.05287237561288511,0.004879739346454984,0.40739299127968354,0.019290348585745257,0.0017803601958402118,0.07130746402459226,0.006630693332188441,0.0006119652232813877,0.3173917877783137,0.025483061946810194,0.0023519030232432925,0.490199990902049,0.020199510453133274,0.0018642692860818203,0.3431365280791214,0.030934825221070703,0.002855061495859454,0.10891132967822113,0.010484467646584707,0.0009676408277218683,0.2030080433671391,0.03187931933087462,0.002942231497522515,0.4816781994263356,0.03967629390995575,0.0036618360773397925,1308242,0.6484219565728596,0.11587825720155735,0.505,0.6450000000000001,0.795,50596,0.5978385664576249,0.07563434126228434,0.495,0.6050000000000001,0.6849999999999999
hmid_cos__hpre_softmax_prob_gauss,hmid_cos,hpre_softmax_prob_gauss,real,25,451,967,51.3088639003273,4.049193974522276,0.3737114311559225,12.691136099672683,4.0491939745220655,0.37371143115590305,0.43090907994623534,0.07281416123458456,0.006720222487391481,0.16778114570851294,0.034034542594795505,0.0031411430773303052,0.1353103402017896,0.03265222815773331,0.0030135654137675334,0.6901764326894966,0.033404261095678726,0.0030829726358676136,0.09997024309846307,0.009955534406860759,0.0009188241004307298,0.5632197228407938,0.04320550202180117,0.003987556559644038,0.689239151393986,0.033690869610738784,0.0031094245369171812,0.8174717001691687,0.03178516734933341,0.0029335419479505948,0.18206148456277454,0.050078550037255046,0.004621889374130081,0.21869572593341122,0.019038173757943113,0.0017570862760447157,-0.059898527111362516,0.04676125045582596,0.00431572652247389,0.14423232996239935,0.05339165111958227,0.004927664734567542,0.4862372610491842,0.0744493667735747,0.006871140177691114,0.6572018167034474,0.03177773352713119,0.0029328558597188055,0.056398588446730145,0.011170152578833843,0.0010309246069048867,0.5876622597864242,0.040384720084999465,0.003727218709391925,0.6602311344801742,0.0334454565700101,0.0030867746813528114,0.724195482334445,0.031035509631203117,0.002864353941527018,0.23252675683228663,0.04595486144832795,0.004241302626766093,0.12050172786920928,0.02167530732144283,0.0020004747045482105,0.08580407466066708,0.050044338194419266,0.00461873186751788,0.2312644668484348,0.048971969608009175,0.004519759972944405,0.38441022310636863,0.06298063151171852,0.005812658540302448,0.9278270540941281,0.031842989023634916,0.002938878471908451,4.033868909969637,1.293489066351612,0.11937972179458986,0.1112404890264834,0.03125233216382583,0.00288436509917546,0.2660014051669862,0.05334231757631821,0.004923111603951125,0.38669255715059814,0.02186375289749051,0.002017866873548484,0.06901320799382404,0.005896579041781821,0.0005442117632530275,0.3006991080408765,0.026991572066010282,0.0024911276390820456,0.46658281613026836,0.023276021067158363,0.002148209050827061,0.3098235585645869,0.03340426165664124,0.0030829726876404123,0.09997024340884486,0.009955534490298831,0.0009188241081314628,0.18252829209103016,0.03178516807207581,0.0029335420146545115,0.4367802717289594,0.043205502526834354,0.003987556606254963,1264948,0.6808170531185882,0.10846317313683423,0.545,0.6849999999999999,0.8150000000000001,49729,0.6512303396943477,0.07228748528374294,0.555,0.6550000000000001,0.735
hmid_cos__hpre_softmax_prob_gauss,hmid_cos,hpre_softmax_prob_gauss,real,26,451,967,52.87669728645337,3.416091020200377,0.3152805897051636,11.123302713546618,3.416091020200113,0.31528058970513917,0.4411985987843991,0.07114273972897105,0.006565962324292897,0.1694698938232011,0.03413616542687921,0.003150522132583048,0.13568202514264727,0.03381109947517567,0.003120520887200497,0.6967645250876795,0.03729186705847701,0.003441770657713196,0.10652422544514666,0.01511953282904669,0.0013954239504217923,0.5567052836488512,0.052514838845119864,0.004846741278688132,0.7017420647141739,0.038408386489232324,0.0035448173571319837,0.8250627298743907,0.03263627104694742,0.0030120926874060818,0.15187590222808892,0.04768727590228276,0.0044011919995687486,0.22167829399150246,0.021756227441410484,0.002007943048626735,-0.08890482826406845,0.04069787948875972,0.0037561210661808428,0.11023134004599935,0.05087269172509286,0.004695182930469887,0.4542922532395758,0.07543779710685876,0.006962365176239892,0.6731661461708272,0.031156108780244027,0.002875484374118749,0.06138398318410177,0.012593627177084956,0.0011623010568042242,0.5972961588427481,0.04108447519313706,0.0037918010644399118,0.6780931681001242,0.03292713987929123,0.0030389377850471955,0.7446113039547971,0.027557421984878143,0.00254335150988945,0.21508550429618614,0.0463322507487905,0.004276132940271988,0.1446139730032439,0.022229536730014793,0.002051626085976058,0.02897419051861056,0.06154275475838386,0.005679952875250202,0.22355595672026787,0.05017683926940825,0.004630960762126385,0.3897240450756595,0.05910542329303707,0.0054550047409184605,0.9238512242423128,0.0304798192346581,0.0028130677214350448,4.06808648753375,1.2851044360005455,0.11860588082082417,0.11289216291075618,0.030537766268124857,0.0028184158151406957,0.29032600441462403,0.06748029969036157,0.006227945495026775,0.3813818157647483,0.02438314073035223,0.0022503882194211903,0.07294408019274955,0.00832912936342928,0.0007687186324673935,0.2941579820621469,0.02822248122582395,0.0026047316863643624,0.4697180545994946,0.027565473131733985,0.0025440945727392104,0.3032354683705045,0.037291865635490126,0.0034417705263817587,0.10652422530618086,0.0151195328434314,0.0013954239517493972,0.17493726160857528,0.03263626993820185,0.0030120925850768542,0.4432947063139872,0.05251483567059203,0.004846740985702084,1350412,0.6864666746763268,0.11858442016319067,0.535,0.695,0.8250000000000001,51417,0.6667118653428131,0.07733674487629179,0.5750000000000001,0.6749999999999999,0.755
hmid_cos__hpre_softmax_prob_gauss,hmid_cos,hpre_softmax_prob_gauss,real,27,451,967,55.30685777636997,3.5947232969282443,0.33176706187879856,8.693142223630025,3.59472329692829,0.3317670618788028,0.4678054134735411,0.06803343174168691,0.006278995598286745,0.18008043639422433,0.036041766646854795,0.0033263953961536253,0.14543633764705471,0.039588373212010856,0.0036537216303501076,0.6940815008699217,0.05238121443421888,0.004834408708268098,0.11020773786509817,0.019307848166000105,0.0017819752810208222,0.5475324279984173,0.07271082786070557,0.0067106855614547465,0.7000747882096421,0.055918516042994665,0.0051608761620288695,0.8275362796065878,0.0385536413007156,0.0035582233297337543,0.127409760320143,0.05072030991511271,0.004681119187253799,0.22421541883054696,0.02323177508755661,0.002144125465682979,-0.11548186393485084,0.039790487136351485,0.003672375289423278,0.08548799969548583,0.05527948515453438,0.005101898214965341,0.43229483217630316,0.0795499751275456,0.007341889581083973,0.6769406366908064,0.039608879876764154,0.00365561424776518,0.06994330767278983,0.020065376356023092,0.001851889675296746,0.5889359992224432,0.06239354167460419,0.005758474378065324,0.683531323608187,0.03925228762585141,0.003622703352098979,0.7583735868232503,0.02748363729107971,0.0025365417142386828,0.18297601600233374,0.05539539225667675,0.005112595605432506,0.17188877388583212,0.02772706799012926,0.002559008613947983,-0.04446572492593982,0.08315131197678136,0.00767426702619297,0.19510948842443196,0.06296638850851176,0.005811344013721145,0.3892025872749538,0.05847261467158394,0.005396601064270948,0.9125827913509733,0.033539543934457794,0.003095458267232539,4.329221936197848,1.2971887194165561,0.1197211731180829,0.12239086036366326,0.03187193313441337,0.002941549804803494,0.32170020999815063,0.08593036437920978,0.007930753541065688,0.3818110856581875,0.03311988427203612,0.003056726703857505,0.0744413074194872,0.009574060729786529,0.000883616828389745,0.29132276696272275,0.03296158283193371,0.0030421166214295086,0.47352854535070155,0.03693284292668688,0.0034086353169626624,0.30591848972941343,0.05238121854444902,0.004834409087612727,0.11020773768475334,0.019307848168389503,0.0017819752812413463,0.17246371266910895,0.038553641754296056,0.0035582233715959624,0.4524675613202146,0.07271082573718446,0.006710685365469048,1475531,0.6823235699750182,0.13173792964003303,0.515,0.695,0.8350000000000001,53735,0.6696802848304073,0.09244138455649052,0.555,0.6849999999999999,0.765
hmid_cos__hpre_softmax_prob_gauss,hmid_cos,hpre_softmax_prob_gauss,real,28,451,967,61.74041283919333,1.855704773380903,0.1712681810322196,2.259587160806673,1.8557047733814958,0.17126818103227434,0.8177338612937407,0.07587305721374875,0.0070025365482448915,0.3793005813519311,0.044965512156154144,0.004149992814932494,0.3687348089512763,0.05884917054466817,0.005431354458434308,0.5509614516084629,0.04061812966147791,0.003748760731685769,0.1688492247141153,0.030064216589638395,0.0027747105915371557,0.3359838930531833,0.08429281841054562,0.007779619845968926,0.5403424005308418,0.04441747464097062,0.004099412900654484,0.7879677819511525,0.032120642588089936,0.002964503895533722,0.04578272649252695,0.022123199560518253,0.0020418119313448733,0.2226655044252386,0.030246682225595834,0.0027915508551499837,-0.1846149958143069,0.039583866045081295,0.0036533056513146983,0.0038322763824246166,0.020715293727488232,0.0019118723663092178,0.34047206473775643,0.07330681263435891,0.006765690662250247,0.6003116655947287,0.03333198092254541,0.0030763016966348154,0.14599038838402886,0.028817877484788514,0.0026596824714940816,0.41331023327332095,0.07855764366733073,0.007250304536625417,0.6202458481557163,0.03624209084311763,0.003344883876219433,0.7630119695494852,0.028470454202143884,0.002627617805540574,0.07821149190936937,0.02926071449218173,0.002700553136827236,0.2126535125559002,0.030683375279463833,0.00283185447783729,-0.18709579393018455,0.041494535813656655,0.0038296467054043325,0.06946796197033903,0.05008912366589742,0.004622865243875348,0.3572236497028317,0.05384272040525404,0.0049692951798758,0.8231664982167786,0.028001634875115186,0.002584349159296448,5.835559181887122,1.4947556807201454,0.13795518026183845,0.19459409915794237,0.03602309269648452,0.0033246719250721907,0.5991438761249652,0.10719676414392505,0.009893489024130158,0.4630573972699356,0.020504996962493183,0.0018924634899974745,0.09701718984474815,0.014950781592258457,0.0013798494270459633,0.32439885475500585,0.025008569730295215,0.0023081108101702997,0.5750517784797107,0.036240470148273744,0.0033447342977617482,0.4490385667284141,0.040618135156631076,0.003748761238848816,0.1688492251377781,0.03006421712987859,0.0027747106413974335,0.21203220880638263,0.032120642409032035,0.0029645038790079683,0.6640160967218764,0.08429281909369725,0.0077796199090189,1814257,0.5485520488052021,0.17372261210905876,0.32500000000000007,0.545,0.785,59681,0.5970753886596968,0.1519608648625976,0.405,0.6150000000000001,0.775
hpre_cos__hpre_raw_logit_gauss,hpre_cos,hpre_raw_logit_gauss,all,1,500,1120,58.24169523809525,3.599023234408274,0.3154682957057319,5.758304761904761,3.599023234408756,0.3154682957057742,0.6314814097403061,0.07257686251104449,0.006361642488199381,0.37530096241221544,0.04563243885583556,0.00399985962222144,0.4565580165052699,0.059281451478328855,0.005196248328167629,0.2777875331187885,0.030342057140213173,0.002659598571833821,0.18932279703070717,0.015335079323245177,0.0013441789684394052,0.08262315959331715,0.020927360919875678,0.0018343640629753701,0.229744503434854,0.031202235480810914,0.002734996527733922,0.557089213748631,0.05802404151082571,0.005086031484981054,0.06569699430646198,0.02685380112373755,0.002353839450863946,0.25749827674616654,0.02271225231071295,0.0019908166914841285,-0.2057773388780299,0.03140918206226033,0.00275313619538814,-0.0036447632469965817,0.02521239502113443,0.002209963862399086,0.45218720891887215,0.06325335109481413,0.005544400679824472,0.013388686179958885,0.008695784644729008,0.0007622191308658664,0.017846324450292054,0.003245101654073288,0.00028444570138227125,-0.008537449275425709,0.00884058053292068,0.0007749110500611408,0.013140155987607283,0.008746352866621515,0.0007666516309466616,0.035540468200410374,0.010833481134017497,0.0009495964897460855,0.05381322553146454,0.05100944770281416,0.004471175228281947,0.3117460629544088,0.03610859257751798,0.003165057688946842,-0.29748095792751944,0.04525956895100976,0.003967176134026429,-0.006056090816093741,0.06758281424815181,0.005923894857368665,0.5107582990896133,0.09802765877096462,0.00859250314053159,0.9913211434892246,0.003323753230181428,0.000291339815994311,1.8732718217866757,0.34664358220792546,0.03038464966021355,0.04501187884341926,0.012978574644438164,0.0011376222261159407,0.08534320900745333,0.018402604755982477,0.0016130594277395597,0.5939760350567953,0.013978466994624402,0.0012252666549117202,0.08927427059222189,0.009369754691960087,0.0008212952102098379,0.46930909995379916,0.031825085763137265,0.002789591762120519,0.677217774786268,0.007758220279064989,0.0006800379907935428,0.7222124657734516,0.03034205690937475,0.002659598551599941,0.189322797190398,0.015335079085734648,0.0013441789476206895,0.44291076250204015,0.05802404383994175,0.005086031689137077,0.9173768350765817,0.020927360911948016,0.00183436406228048,1892766,0.2721201203748771,0.1898583244961182,0.07500000000000007,0.22499999999999998,0.555,65527,0.013185353820130504,0.021100561935867203,-0.015000000000000013,0.015000000000000013,0.03500000000000003
hpre_cos__hpre_raw_logit_gauss,hpre_cos,hpre_raw_logit_gauss,all,2,500,1120,53.94055714285716,3.210512728143736,0.2814138483481016,10.059442857142857,3.210512728143851,0.28141384834811173,0.5479984609503121,0.05879043281381687,0.005153208644574487,0.29690663360435354,0.033453728878435895,0.002932348625422794,0.3298015923343954,0.040584656541570854,0.0035574019941210107,0.3984684908918681,0.03195402602493497,0.002800893874384837,0.1659348173252884,0.011120343311909997,0.0009747410682797832,0.2056565758448626,0.026695596868992293,0.0023399722365206946,0.37066147354748996,0.0365717975688858,0.003205659396596896,0.6347173006025097,0.04276605004853368,0.0037486095654770354,0.12235756119820512,0.04784456236337616,0.004193760796890894,0.25574923801301486,0.022813294011116484,0.0019996733870221756,-0.16642217499175602,0.04141525538065863,0.003630207192397331,0.07208900322306434,0.0590201878622495,0.005173347562508077,0.4925181250521115,0.06922992147165229,0.006068270171113402,0.3108007737891304,0.026023119636764926,0.0022810270081811074,0.06140896866271894,0.011681063180878354,0.0010238903318190258,0.22984556971398148,0.02822889875764376,0.0024743720728403916,0.3166397359654307,0.027377412976318967,0.0023997360533548544,0.3840472863505993,0.03371481648538793,0.002955233963202112,0.202356373039663,0.06759307599419574,0.00592479433906817,0.28423336567566515,0.031910654919923266,0.0027970922294134714,-0.17032587785189518,0.07012876843231138,0.006147057581005192,0.1940663569491356,0.09006971038068103,0.007894958208896912,0.5822866253693189,0.08053770635775681,0.007059441217780159,0.9135106441692227,0.03269365277280548,0.0028657250172844876,4.995496710735274,2.1035942541162,0.18438816617184617,0.1266242685278257,0.03208084099539504,0.0028120096966497603,0.2712077812204758,0.05616178072206894,0.004922797129733748,0.5416737463619029,0.015362178236210416,0.001346554292890465,0.08390824012364302,0.007289822484389838,0.0006389811138648813,0.4265140557857495,0.025471926767146744,0.002232712822954074,0.6301186327597925,0.010601344833898739,0.0009292488458993407,0.6015314972468786,0.03195402511366136,0.0028008937945081837,0.1659348176803972,0.011120343160636639,0.0009747410550200887,0.3652826816315452,0.04276604784305698,0.0037486093721584793,0.7943434187535726,0.026695597095581555,0.002339972256382119,1609249,0.39298214861043224,0.16843239770040702,0.19499999999999995,0.3650000000000001,0.6350000000000001,60460,0.30873181080920703,0.07137450551582349,0.21499999999999997,0.30500000000000005,0.39500000000000013
hpre_cos__hpre_raw_logit_gauss,hpre_cos,hpre_raw_logit_gauss,all,3,500,1120,55.25010952380951,2.8184513766618506,0.24704815568415547,8.749890476190476,2.818451376661967,0.24704815568416566,0.5227115744023806,0.06579743537843719,0.005767399499452337,0.26696203446338584,0.03570757106061975,0.0031299066031556413,0.28038205862031107,0.04163499669146164,0.0036494683675274125,0.46454211119654615,0.03460603984104265,0.0030333531346521847,0.15599576241945226,0.01626318033268857,0.001425530608765788,0.2785589480295422,0.034547954934245596,0.003028261768089639,0.44212224720233945,0.04038173173041457,0.003539614850175994,0.6847513758971581,0.045505549145688884,0.003988737248734138,0.13280334538233785,0.04844114690303477,0.004246053737422975,0.2635742591386749,0.025907007297631655,0.00227084931291463,-0.16595581161873918,0.04562292868144989,0.003999026018682394,0.08044841021021462,0.058386418137343535,0.00511779519677881,0.5158514834875152,0.07787376828424322,0.006825936750267292,0.4044326079352982,0.02993353954430196,0.0026237904257469004,0.07555828000342563,0.016947025360420608,0.0014854722683146832,0.30192203690544467,0.03541755037315243,0.0031044851690509617,0.42062174240769373,0.0330158376689855,0.002893965768588431,0.4869596953635415,0.038132589583320935,0.003342468848683115,0.23070888904824502,0.06712415630587326,0.005883691716144348,0.2917538343669403,0.03670413322858033,0.0032172591286091256,-0.1518288629157014,0.07322996701200676,0.006418889621773439,0.22414169962515249,0.09363292064867323,0.00820728735968926,0.6251420176184601,0.08534194960555813,0.007480551705495262,0.8769559507582869,0.06621964458350076,0.00580440776799567,7.366986588386127,4.86744006032579,0.4266499325707304,0.1481310748460747,0.05166895668653931,0.004528983739521692,0.3413941456873858,0.08102044636433103,0.007101755245010379,0.5102996895714885,0.017586942744067344,0.0015415635000915456,0.08287654880001433,0.010175495069776044,0.0008919214682847413,0.3957579009113567,0.029943807357403845,0.002624690439247483,0.6004140587121247,0.014398653242223489,0.001262097603415131,0.5354578777892252,0.034606039066079806,0.0030333530667236972,0.15599576267592966,0.016263180359846616,0.0014255306111462956,0.31524861103168544,0.04550554882971768,0.003988737221038042,0.7214410457104444,0.0345479551227621,0.0030282617846138387,1684437,0.4588482756787301,0.1590739799137367,0.265,0.43499999999999994,0.6849999999999999,61890,0.40225491980624944,0.08611519172447721,0.29500000000000004,0.405,0.505
hpre_cos__hpre_raw_logit_gauss,hpre_cos,hpre_raw_logit_gauss,all,4,500,1120,57.89972857142859,4.459989961782953,0.3909353567537242,6.100271428571428,4.459989961783138,0.3909353567537403,0.5485654791452342,0.11366315587417537,0.009963014888414978,0.28936206219799465,0.07066845073204525,0.0061943628202967595,0.313685251780209,0.08812467904183899,0.007724468695049797,0.4409437439389882,0.05684552831719449,0.004982730248938135,0.15283918773382896,0.015767708010406112,0.0013821005448569322,0.27140226626555836,0.04724137225675907,0.004140888852886248,0.4119203316359293,0.06500325165082603,0.005697786226431079,0.6609143520846253,0.06686813374144038,0.005861250348916794,0.08453357105350699,0.05616749161263151,0.004923297711362538,0.24320247179106602,0.028383240066863748,0.002487900685079158,-0.17034835921688052,0.04249534056479784,0.003724880833011777,0.026136958442185453,0.06244369148766037,0.005473430886151396,0.4383971692071074,0.09450944924630217,0.008284118478807277,0.39537970453706517,0.04007492305393224,0.0035127218839533054,0.08191024881155187,0.018229258042457185,0.0015978649183629053,0.29724151709792873,0.05057188362599742,0.0044328210458872,0.38842895757328877,0.04649644556603669,0.004075593149512847,0.5022315719897551,0.03879298113297619,0.003400354720237501,0.10568916980689443,0.08088972812139765,0.007090297285828122,0.23950224892067776,0.03513688189171415,0.0030798834919483664,-0.18458590591447316,0.08010078405986877,0.007021143289788807,0.08049026875683174,0.09942509506440877,0.008714993832349156,0.4409228491204835,0.09553492270861359,0.008374005190944615,0.8073869185524326,0.11453584207760263,0.010039509206831448,11.093194219478539,8.879884950890395,0.7783562341966775,0.2101054181672988,0.07676250497086169,0.00672853022613008,0.3722177586784675,0.09011480319567002,0.00789891076840171,0.521223982273113,0.028094369515478373,0.002462580064847013,0.08142161612680981,0.010122282838153121,0.0008872572105327232,0.4089367882984734,0.04166300161221557,0.0036519231070626153,0.6031741948069559,0.019575641485840786,0.0017158806305677952,0.5590562634959109,0.05684553784545412,0.004982731084126915,0.15283918737971355,0.015767707448064962,0.0013821004955655572,0.33908563190499946,0.06686813074930938,0.0058612500866449474,0.7285977277917522,0.04724137276739644,0.004140888897645588,1877185,0.425010536110591,0.16422854254373445,0.245,0.39500000000000013,0.665,65106,0.38876873575384646,0.09793421363995043,0.265,0.3850000000000001,0.515
hpre_cos__hpre_raw_logit_gauss,hpre_cos,hpre_raw_logit_gauss,all,5,500,1120,57.0374619047619,4.136519560856298,0.3625819259906246,6.962538095238095,4.136519560856316,0.36258192599062616,0.45835283417999745,0.07147124417276676,0.006264730767946254,0.22967665716363567,0.04551113336942219,0.003989226727525812,0.2374786731374761,0.058378738194998885,0.005117122020151491,0.4898189652814753,0.05901837545847094,0.005173188698312456,0.14983824768011414,0.01679789319489466,0.001472400257652571,0.3115633382202614,0.059733473400119794,0.005235869796549859,0.46989691554932367,0.06719870208902666,0.005890225942136173,0.7024122620092973,0.060671233815154914,0.005318068121107235,0.09953141690168883,0.06030288055895344,0.0052857805346197195,0.23918432796036906,0.0259045616103692,0.0022706349389741845,-0.15917634435527753,0.042367697583623284,0.0037136924324077014,0.04690563458087633,0.06870424902851979,0.00602219294989709,0.44711492587881396,0.09314476892117811,0.008164498974205549,0.4171437189020571,0.04527205345023327,0.003968270448632439,0.07472374793300848,0.018875979173920417,0.0016545525249304501,0.32207189213427767,0.05395200836675036,0.0047291020426430954,0.41928752433671834,0.045255990376512276,0.003966862458141544,0.5094463257859148,0.05215538267369847,0.004571620857195456,0.09148785789823036,0.07793925901922989,0.006831677266292095,0.21542899700044876,0.03527898845003967,0.003092339680987371,-0.16787689610057782,0.0660215154040875,0.0057870409797066945,0.06685136134169464,0.09082714489331324,0.007961350271199914,0.39115254148738005,0.10622804389773749,0.009311298589069171,0.8854901646347272,0.05277014190575018,0.004625506879755854,5.697915688238822,2.4143761932544634,0.21162940422186666,0.15118557165392812,0.04153095498393359,0.00364034870977072,0.3295237348981557,0.07447887664780581,0.006528361378034766,0.4970936162858492,0.030029271270868824,0.0026321816815566123,0.08170864538205348,0.009701174961575834,0.000850345477687537,0.3830789868759966,0.03964079097007819,0.0034746685290054226,0.5860308708515909,0.025171921854902062,0.0022064162329614454,0.5101810328587892,0.05901838108419232,0.0051731891914286775,0.1498382479078181,0.016797893216900735,0.0014724002595814883,0.2975877259806508,0.060671233241425156,0.005318068070817605,0.6884366561807337,0.059733473198479804,0.005235869778875335,1817173,0.4751578942461112,0.16326208011723078,0.28500000000000003,0.45499999999999996,0.705,64110,0.4096302896296433,0.09507291791737764,0.29500000000000004,0.405,0.525
hpre_cos__hpre_raw_logit_gauss,hpre_cos,hpre_raw_logit_gauss,all,6,500,1120,56.92981666666668,3.3350274920681326,0.2923280486205234,7.0701833333333335,3.3350274920683107,0.292328048620539,0.49689587866465257,0.08219760847864191,0.007204938053729329,0.21884136170514273,0.039116854755883744,0.0034287434949655657,0.1984127100754707,0.03988191786425011,0.0034958042331670377,0.6028577083346388,0.03186251852974762,0.0027928728887810033,0.12167930585940671,0.012492034278623396,0.0010949750827109709,0.4466116140259873,0.04050770769515162,0.0035506571303467733,0.5994176948003828,0.03660806305297378,0.0032088382064330762,0.7648485171011516,0.02756686926410035,0.002416342629174017,0.13270932521769516,0.050180091627521475,0.004398478963055198,0.26156885448829054,0.026276143163894147,0.0023032054981985614,-0.1767720265090599,0.05044528434303971,0.00442172412946543,0.09088897374071443,0.05860016787592062,0.005136531187447552,0.5117745448878124,0.07153282483440894,0.006270128550931082,0.4869807378847685,0.03572166213775429,0.0031311417405245224,0.06146240673792506,0.014301642573620908,0.0012535942433932383,0.4066936423449997,0.03440646944654903,0.003015860018291525,0.4952578359830947,0.03640454987493169,0.003190999489856646,0.556957701552127,0.04821252233322932,0.004226013910310039,0.18993207833945086,0.06077913056602188,0.005327525688311239,0.2578633213099979,0.04365877296040006,0.003826860178824423,-0.13210506564914495,0.06401251578061658,0.005610944398492477,0.1661719638788896,0.08914814350024634,0.007814179310230708,0.551005544641614,0.08887838518550738,0.0077905339514040255,0.9221397899122463,0.05620274936914987,0.004926388189982658,4.173516419151283,2.5083565004094206,0.21986714135138258,0.10869125348698522,0.0455904955511243,0.003996183129464454,0.27931391883570517,0.06846303643190164,0.006001049733584847,0.4392509315555295,0.01795409399029098,0.0015737457257590742,0.07176694921391703,0.00655446899822953,0.0005745245388690821,0.3421678625870321,0.02010864821551288,0.0017626007303442523,0.5255591220137616,0.019014599914510967,0.001666703168573282,0.39714228641454663,0.0318625217561813,0.0027928731715903847,0.12167930566450315,0.01249203422908865,0.0010949750783690588,0.23515147328440628,0.027566869477962618,0.002416342647919871,0.5533883772911058,0.04050770722171618,0.003550657088848327,1800288,0.596213870680051,0.12781591314185506,0.43499999999999994,0.5950000000000001,0.765,63911,0.4841428452217331,0.07985144492193047,0.3750000000000001,0.495,0.5750000000000001
hpre_cos__hpre_raw_logit_gauss,hpre_cos,hpre_raw_logit_gauss,all,7,500,1120,59.448873809523796,3.4403661283854525,0.3015613871978595,4.551126190476192,3.4403661283853584,0.30156138719785125,0.4812266157543375,0.07908645162572914,0.006932233131827661,0.21922094775590859,0.050422783847301915,0.004419751874055942,0.20825353320844117,0.06409922812694044,0.005618545070766529,0.5787186113361802,0.06748590457297396,0.0059154003498107606,0.13989659794556594,0.026015643478808408,0.0022803716940429765,0.4028517012612805,0.09241193453704508,0.008100263208238059,0.5689449617349676,0.07725919381741445,0.00677206692309275,0.7741958978092384,0.04018509140053196,0.003522378565302362,0.0879625676607746,0.05093196646414035,0.004464383698269051,0.24174117693567565,0.02433144585958963,0.0021327452637696096,-0.17182060543650854,0.03874320963566583,0.0033959920561454473,0.03388824868815926,0.05644514383449023,0.004947635001655993,0.4382204827031919,0.08458704279391314,0.0074143812059526415,0.5101283781563952,0.04196024974202907,0.0036779780544209644,0.0812448593054233,0.027141419981547333,0.002379050355316748,0.4040911924742518,0.07149600474982229,0.006266901128217819,0.5167780286779003,0.04152763286944829,0.003640057513597048,0.6051300297400781,0.03940170549693637,0.0034537117632866127,0.07378389703719877,0.06169709849425871,0.005407989124908365,0.21232042297406925,0.035879180625238004,0.0031449488447170024,-0.18153314640471999,0.06460163448093217,0.005662582929352781,0.04793340325064381,0.07679195662415893,0.006731111777363918,0.37193389005118177,0.08660842717611657,0.007591563359133362,0.8968136452217896,0.048133716122489796,0.0042191062413749385,4.529582872549126,1.8811271992862901,0.16488806904357517,0.1337334789456356,0.04157096066515187,0.0036438553623401784,0.3510654094396603,0.10426941864534908,0.009139617516163075,0.44944327523779304,0.035612639097839884,0.0031215854497327208,0.0819421364059494,0.011185129422533248,0.0009804198212559584,0.3342261176938103,0.029914517298288715,0.002622123052368223,0.5443381162552606,0.04109846100949358,0.003602438941443809,0.42128139554084765,0.06748590761599049,0.00591540061654292,0.13989659789880468,0.02601564350390103,0.0022803716962424415,0.22580409098224963,0.04018508943341798,0.003522378392877219,0.5971482897881241,0.09241193269754293,0.008100263046998587,1977977,0.565960566862697,0.16264230609299835,0.3650000000000001,0.5650000000000001,0.785,66960,0.5064317843107909,0.101058280920676,0.3850000000000001,0.515,0.6150000000000001
hpre_cos__hpre_raw_logit_gauss,hpre_cos,hpre_raw_logit_gauss,all,8,500,1120,59.08551666666665,3.50898358380977,0.30757597235291545,4.914483333333331,3.508983583809647,0.3075759723529047,0.44771309264373216,0.06638470003351245,0.005818875516081963,0.18844282934718895,0.03268040953113086,0.002864564195970313,0.16446526936132994,0.03698161305925326,0.0032415813081489026,0.6349078557680047,0.04837301974214608,0.004240082128478816,0.11847421783141439,0.01925908446579952,0.0016881331843575675,0.48127591825773314,0.06985582979362974,0.006123133454493879,0.634235994162446,0.05036044051555608,0.0044142872400890236,0.7898963975490558,0.036578802679780135,0.003206273421639562,0.09312256089276631,0.04844838648608452,0.004246688314856232,0.2494944646455348,0.025922588313943062,0.002272215049210559,-0.1874020097716229,0.04080153593720137,0.003576412311325728,0.04492089241336565,0.05363571475385642,0.004701377685087325,0.4552653781781595,0.08227960219426811,0.007212125119786554,0.5439194704221827,0.041835763913269146,0.0036670663904275346,0.0629429097612699,0.01831240694828294,0.0016051532413056053,0.46195005134088657,0.05766374637184417,0.0050544502236102165,0.5528601518445782,0.03975038887777302,0.0034842752091798802,0.6136472981704132,0.04497040368438355,0.003941829680864433,0.08686353959082994,0.0635152529846273,0.005567357392643544,0.22806454138929647,0.04765487584485625,0.004177134040457722,-0.1802232559648247,0.05889511316337158,0.005162384281772988,0.049676416855988385,0.07991748333975159,0.007005076273264945,0.41817452093100277,0.11384670946034797,0.009979104069625853,0.9322967266927161,0.0389977244239682,0.003418301260968031,3.6940984829641543,1.6838037872349123,0.14759190937793115,0.10167966460677838,0.03202461790027799,0.002807081525076344,0.29638685290323835,0.07884678893917128,0.006911225771122168,0.4196651827026693,0.026714177703279298,0.0023416009184556354,0.07300374079963107,0.009045364906242092,0.0007928611918166145,0.3224596921405622,0.027745781431093103,0.002432024972056002,0.5078556322569651,0.03247745483428634,0.0028467744324292216,0.36509214992750266,0.04837302419422778,0.004240082518720984,0.11847421786923498,0.019259084367869543,0.0016881331757736266,0.21010359364726713,0.03657880275320971,0.0032062734280759483,0.5187240721782052,0.06985582858092991,0.006123133348196051,1933084,0.6277088553556333,0.13337547978836192,0.46499999999999997,0.6350000000000001,0.795,66177,0.5404086143743481,0.08541450377189781,0.43499999999999994,0.545,0.6350000000000001
hpre_cos__hpre_raw_logit_gauss,hpre_cos,hpre_raw_logit_gauss,all,9,500,1120,59.670192857142844,3.402285773885458,0.2982234969561038,4.329807142857144,3.4022857738853376,0.29822349695609324,0.4990206262645266,0.06771901495715359,0.00593583337589,0.2155794676166915,0.038759475512328036,0.0033974178230979156,0.19294842939955145,0.047239722335286755,0.004140744230892719,0.6187903767800047,0.0509999147448536,0.004470339627674511,0.11766415487265301,0.019161922651938855,0.0016796165758696702,0.4715061416120047,0.06894842574348509,0.006043595982637942,0.6117896398182426,0.05542738368669153,0.004858424391345481,0.7787022856339106,0.03653225594166945,0.0032021934201541444,0.09492803479129719,0.0443197330823398,0.003884795887936916,0.24304779402269494,0.025609351120740174,0.0022447585986529097,-0.17208935918967203,0.034055717944851266,0.002985115293612077,0.043857943983716396,0.04942910149285461,0.004332651775386562,0.44937621662148414,0.08007192826618156,0.007018613967952618,0.5178155852650601,0.045942157256498806,0.004027007637013849,0.06550429751853504,0.019940096411168756,0.001747826513288299,0.43487375900142256,0.05644575591622876,0.004947688652985898,0.5220024131641502,0.044633092658169816,0.003912263065804808,0.5957860171457131,0.05466142031872775,0.004791284741911048,0.08767092014323435,0.059450989879066204,0.005211109024210366,0.1914399279780686,0.03993431032516561,0.0035003966348483673,-0.13696168940251344,0.051691083685556534,0.004530923256500162,0.060067158365699785,0.0714250385871408,0.00626068066979458,0.35914953635824565,0.10171663191612744,0.008915855893545996,0.9118703912878323,0.05770135648325972,0.005057746895228263,4.686046737007299,2.3601993501936356,0.20688059454936494,0.12524831020732718,0.04810000632339496,0.0042161514472054094,0.3010308195367457,0.08351588271319375,0.007320489885145952,0.42908059078369815,0.027783395297745116,0.0024353219728350385,0.07198552060059846,0.00910853351006014,0.0007983981640701061,0.3310724366351961,0.027170199843949677,0.0023815730214823655,0.512404363983231,0.032319446563415774,0.0028329243968300095,0.3812096316438344,0.050999920823109154,0.0044703401604571005,0.11766415487116295,0.019161922487885515,0.0016796165614897608,0.22129770310042157,0.036532255723851784,0.0032021934010615844,0.528493850493573,0.06894842558889085,0.006043595969087158,1974455,0.6102593542216693,0.13703397535612039,0.43499999999999994,0.6150000000000001,0.785,66882,0.5123663939612929,0.09206166909908572,0.39500000000000013,0.515,0.6150000000000001
hpre_cos__hpre_raw_logit_gauss,hpre_cos,hpre_raw_logit_gauss,all,10,500,1120,60.30195952380954,3.314606994870148,0.2905381131216571,3.6980404761904757,3.3146069948710144,0.29053811312173305,0.5281214496251376,0.09466432773268955,0.008297694176700805,0.24972329874606364,0.05802742635112097,0.005086328179314387,0.24487970301601159,0.07224895886495337,0.006332900466364374,0.5485166681276191,0.06221385534197092,0.005453284859729827,0.13742077701006616,0.025396783411556594,0.002226126217428719,0.3863302207229392,0.08324105029470881,0.007296399761515954,0.5290699825575664,0.07085754326492484,0.00621093751159297,0.7456145353076002,0.04809831779780204,0.004216003441411514,0.07916318764128677,0.03662091309771264,0.003209964562516236,0.23931403682842148,0.027698245417961096,0.002427858256791697,-0.16741780665582498,0.03501913367609953,0.003069562405786097,0.018265812170699277,0.040727072606500554,0.0035698853126100273,0.4338322758264841,0.08122839736190281,0.007119982953619507,0.4749453258730116,0.047862940935674794,0.004195371749780868,0.08198975400627548,0.026784279709495377,0.002347745630224959,0.3707874611402906,0.06898485481022265,0.006046789131125558,0.47822476701239736,0.05033383101405898,0.004411954814444583,0.5756956167008903,0.04970247236097981,0.004356613788479048,0.06485093567865914,0.04695215843326588,0.004115538143527203,0.1645199378545973,0.03755540953057872,0.003291876786422125,-0.12490503882090366,0.038570887469622187,0.003380887352315146,0.03871467165170303,0.051851818152896016,0.004545012253755856,0.29768943483859656,0.09533655369263824,0.00835661738005407,0.8763307355501823,0.07071134813841622,0.006198122943751553,5.764617468486516,2.9600337486305164,0.2594583977631493,0.15613142660685947,0.05937762955708724,0.005204678708471953,0.3509121138810402,0.095344249250395,0.00835729192543261,0.46662847999142737,0.0318573492185842,0.0027924197786796,0.0796351414376249,0.012369145319113064,0.0010842033904787174,0.35453891978746377,0.03330703539669617,0.0029194903748193685,0.5521599605039473,0.036979015513245506,0.00324135362320254,0.4514833453685754,0.06221386510582006,0.005453285715568939,0.13742077724200988,0.02539678356573116,0.002226126230942715,0.2543854529501427,0.04809831714618422,0.0042160033842946944,0.6136697725094501,0.08324104999923503,0.007296399735616534,2014294,0.5402357345369296,0.15715069771219065,0.3450000000000001,0.535,0.755,67583,0.4706040092499758,0.10564834067680808,0.3350000000000001,0.475,0.5950000000000001
hpre_cos__hpre_raw_logit_gauss,hpre_cos,hpre_raw_logit_gauss,all,11,500,1120,60.83879047619044,2.596154642365883,0.22756298780892537,3.161209523809524,2.596154642365286,0.22756298780887305,0.514994496426128,0.06975678671138363,0.006114451945561426,0.23727017853142965,0.04090312103056535,0.003585316637356818,0.22594622609817552,0.05158521332893771,0.004521643310583451,0.5658308187626657,0.05612132322282179,0.00491925087356791,0.12943112356728384,0.0182472239538128,0.0015994396999264057,0.4068092217092004,0.07236114373160955,0.00634273390348966,0.5554498620438433,0.0613714848620659,0.005379447831641803,0.7434173879833448,0.04212850734079463,0.003692726483220935,0.0731358783500203,0.03306948097707883,0.0028986678118590697,0.22735790178697726,0.022043436973849206,0.0019321924424253558,-0.16590642895988042,0.029304775667944243,0.002568676841989081,0.02017770761037023,0.03545187168639971,0.0031074935647992822,0.40086818615787095,0.06829052462439851,0.005985928406947711,0.5160682656755052,0.04607281245944205,0.004038460070497338,0.08123458028366523,0.021040826916242622,0.0018443097960710102,0.41545937149773043,0.06467245284962775,0.005668790433061971,0.5167381269202344,0.04768171919940662,0.004179486964226058,0.6164362561596293,0.04380700695614077,0.003839853461433687,0.05596991331827037,0.048856451205485166,0.004282456764566761,0.13480096408698172,0.02794044036475722,0.0024490875798935455,-0.10272570288079909,0.04452401996315694,0.0039027024225517224,0.04146866863393002,0.050883386984310684,0.004460125519115991,0.2369606927126556,0.08178752204968831,0.007168992393363146,0.8692973454157511,0.06220779239467787,0.00545275341896801,6.3325732562576045,2.8766572946588522,0.2521501293460512,0.16529951382790292,0.049999499881384135,0.00438264939857009,0.3685042295687967,0.08555999214794646,0.007499663977008535,0.4584518158301711,0.02930024006374593,0.002568279278752268,0.0748992110728774,0.008033898013573208,0.0007042022096398886,0.3566183467980653,0.028896710160390034,0.0025329083231938458,0.5432408320169365,0.032434956137148765,0.002843049257379634,0.4341691924315832,0.05612132667401285,0.004919251176078145,0.12943112340794788,0.018247224243236455,0.0015994397252955075,0.2565826006870894,0.04212850600883324,0.0036927263664693712,0.5931907722257431,0.07236114315638242,0.006342733853068779,2047865,0.5559405022096755,0.14861751796254816,0.3650000000000001,0.555,0.745,68197,0.5103505054299747,0.10366144096822867,0.3750000000000001,0.515,0.6350000000000001
hpre_cos__hpre_raw_logit_gauss,hpre_cos,hpre_raw_logit_gauss,all,12,500,1120,61.362838095238075,2.8232197673067754,0.24746612355266825,2.6371619047619053,2.8232197673069073,0.2474661235526798,0.6026624367620262,0.09186660512732518,0.008052462977931728,0.27923099757805464,0.058613278626603815,0.0051376803954142885,0.26872450960189814,0.07314564300058765,0.00641149829628403,0.5642243719662231,0.06335989941287176,0.005553740051681426,0.13609766607791896,0.021965480409011164,0.0019253592482371628,0.4033157399729604,0.0794474264012583,0.006963873965968501,0.5440832616949365,0.07332470318458045,0.006427193613428114,0.7611817416243606,0.044124476616167765,0.0038676809040657594,0.07807695508572013,0.03867312679891704,0.0033898490246540157,0.24355737600379748,0.027996931964542067,0.0024540392869387894,-0.17556846612342403,0.037494701390482596,0.0032865554833228588,0.01649482800361224,0.045796260896720384,0.004014219257230984,0.4385686400367393,0.077749756952223,0.006815066677746893,0.5174782649272964,0.056036284552192096,0.004911796905436737,0.09314278338995012,0.02349929053747892,0.002059803633740961,0.40441973975478185,0.0754128282966354,0.00661022584951442,0.5100140334678547,0.06115837603597445,0.005360768019429373,0.6378619910526843,0.04945839961982483,0.0043352198694445,0.06845337736514989,0.05548556691618554,0.004863524376272406,0.15200610090600594,0.03145858702411388,0.002757466731230849,-0.10857464904138217,0.04973302374788854,0.0043592917356140935,0.04717730419267292,0.06049548012918244,0.005302662631293316,0.2772454485163094,0.09013942501984204,0.007901068966446795,0.8448618738178698,0.05619868980351821,0.004926032353365968,6.491914868590945,2.650633076506571,0.23233823310514123,0.18951783003296171,0.04905317748775314,0.004299700583499152,0.38302157568307144,0.08241995721531294,0.007224427779813709,0.4579593880966308,0.034027459891994793,0.0029826383660698013,0.07994945373010066,0.01016589170772036,0.0008910796964862746,0.3436266178319851,0.03151741090736155,0.002762622871935227,0.544467940683805,0.0366872403803778,0.0032157784051780798,0.435775648735109,0.06335990704838862,0.005553740720963988,0.13609766635375,0.02196548021372277,0.0019253592311193803,0.23881824974364468,0.04412447470657626,0.003867680736682684,0.5966842533188206,0.07944742774412912,0.0069638740836763195,2088527,0.5516455587698403,0.15670083267230994,0.3550000000000001,0.545,0.765,68857,0.5093851593481611,0.11878695439976039,0.3550000000000001,0.515,0.6550000000000001
hpre_cos__hpre_raw_logit_gauss,hpre_cos,hpre_raw_logit_gauss,all,13,500,1120,60.221285714285706,3.6153409247633546,0.31689860432862627,3.7787142857142864,3.6153409247631902,0.3168986043286119,0.5605063791062151,0.09186816752491658,0.008052599928118841,0.2642905699504983,0.05898765789886801,0.005170496185498554,0.2579635139676431,0.07406968863763125,0.006492494467546701,0.5509668061054177,0.06480372757476593,0.005680297170060125,0.13397133818453263,0.01877929193083784,0.0016460775144053342,0.3919994607522375,0.0776827285857155,0.006809191382376776,0.5337667581891732,0.0725409863887287,0.006358497807427308,0.7412910582663053,0.049107874207734326,0.004304494962392901,0.08493097402426816,0.04456830121732056,0.003906583845613724,0.23297343851398844,0.021561084012120597,0.0018899123411716735,-0.1596942493342307,0.03790189643840536,0.0033222477029673167,0.028830001130181793,0.05043174408274254,0.004420537273321095,0.4249921423156347,0.07273434363445837,0.0063754463172867384,0.5084882310356412,0.059682784430886524,0.005231426712497991,0.0941798178335385,0.021708582127354045,0.001902841121010505,0.3922294024621446,0.0746219975895666,0.006540906481702176,0.503677583181645,0.06446581795974203,0.005650678086377911,0.630590873966331,0.05452302243952078,0.004779153632929783,0.07747159905757346,0.061846264434079146,0.005421064096017918,0.14231489698901062,0.0271927096353536,0.0023835460916929153,-0.08709466832636162,0.05257913310989449,0.004608764220603972,0.056825340154683886,0.0651861896526135,0.005713821449291537,0.2738354213092565,0.09248889477223411,0.008107009070281983,0.8350832226846903,0.056857954497520506,0.004983819451667393,6.996038721530213,2.7448756197873743,0.24059895624455627,0.1935997716963999,0.049209308080807805,0.004313386033381106,0.39544632588000506,0.07777548663738876,0.0068173219840896495,0.46565508171050335,0.034202976644837825,0.0029980230877792464,0.07739583522666774,0.008170076759715334,0.0007161388030316963,0.3575804959678933,0.033615288091280435,0.0029465099148094144,0.549817936033791,0.03507129322306172,0.0030741343916592724,0.4490332071539902,0.06480373331949393,0.0056802976736077355,0.13397133852621268,0.018779292058104094,0.0016460775255607131,0.2587089294226397,0.04910787384210011,0.004304494930343649,0.6080005331388538,0.07768273024052103,0.0068091915274268765,2020406,0.5364935803768563,0.15558617256104307,0.3450000000000001,0.525,0.745,67665,0.4976493916349102,0.12068216251295473,0.3350000000000001,0.505,0.6550000000000001
hpre_cos__hpre_raw_logit_gauss,hpre_cos,hpre_raw_logit_gauss,all,14,500,1120,62.08551428571429,2.341011401460583,0.20519869668690222,1.914485714285715,2.341011401460639,0.20519869668690713,0.63074363532336,0.09935148514310202,0.008708541638265031,0.3076854366967364,0.0618243202446768,0.005419140603008699,0.30993683602831185,0.07661917363951354,0.006715966681002238,0.5175330719690239,0.05569263978578735,0.004881675113571249,0.14310034749951392,0.019183098292389435,0.0016814727025930422,0.3534350528240913,0.06851302747681012,0.006005431641872366,0.49247822557780013,0.06407220759774991,0.005616176616956254,0.7268473163012951,0.04203526394870765,0.003684553339545096,0.060853190935598225,0.029194523088840622,0.0025590127773355226,0.23568958067659823,0.02529363295912087,0.002217084681625318,-0.17863588873419375,0.029489071965139058,0.002584831124691422,-0.0008581690174704865,0.03310054253174087,0.0029013904771693464,0.4065548620834945,0.07104506699634333,0.006227374691378139,0.49016614467366804,0.04756555491240793,0.004169304715528412,0.1095247411393339,0.022381010609175325,0.001961782076188592,0.3579402144953609,0.06505921597790153,0.005702691715985588,0.47818361523470687,0.053797451282336047,0.004715554516874635,0.6336659568701473,0.04525589746127999,0.003966854313762343,0.055560935604557125,0.04097157031140872,0.0035913164813599066,0.14842567891192932,0.02990575431662754,0.002621354943159168,-0.11291138738746467,0.03895715504138514,0.003414745197795403,0.03155641883633743,0.04437580261513683,0.0038897105991795083,0.2608846242391814,0.07888450392332808,0.006914531635241289,0.8031933553007385,0.05578911724498764,0.004890131735728327,7.752934587625093,2.965793580232535,0.259963269263191,0.22613104497130432,0.048688037482568045,0.004267694650881532,0.4413037834195156,0.07995202076311764,0.007008103611900382,0.48326848669222433,0.02862198396883673,0.0025088275107649433,0.08066266575013954,0.00883912463373756,0.0007747834348711003,0.3681703020046156,0.028251514924083995,0.0024763544672339833,0.5675073339284884,0.030490871265871036,0.0026726427050723614,0.48246695377812476,0.05569265002237483,0.0048816760108477035,0.14310034696835855,0.019183098346504248,0.0016814727073364145,0.2731526733406952,0.04203526358813917,0.0036845533079398756,0.6465649400185974,0.06851302781488734,0.006005431671506142,2140104,0.5069375205611174,0.15684513588975038,0.31500000000000006,0.485,0.725,69739,0.4839266103945993,0.12576950984835664,0.32500000000000007,0.485,0.6450000000000001
hpre_cos__hpre_raw_logit_gauss,hpre_cos,hpre_raw_logit_gauss,all,15,500,1120,60.216423809523825,3.5506998636208373,0.3112325655000126,3.78357619047619,3.550699863621155,0.31123256550004047,0.5545615725721633,0.08356194839731398,0.007324527720389967,0.2508157551534828,0.049210439974859424,0.004313485248269181,0.23428298935258685,0.057711467982839236,0.005058633207244503,0.5855838733928543,0.049920389549289026,0.004375715072222829,0.12404009760112633,0.01613059370445675,0.0014139088783913412,0.43685221759002846,0.06108040622916138,0.005353933664530892,0.5711103696237719,0.057326243887580654,0.005024866826512596,0.7600494100508235,0.03640005855787694,0.0031906058085591233,0.09442589737041629,0.043600732907151274,0.0038217727438487293,0.2347235523817085,0.02118609800218568,0.0018570433681856988,-0.15752570280775083,0.03882661017986277,0.0034033024361638927,0.04034555693932164,0.05024647303299038,0.004404297549789959,0.4381554201895993,0.06580354689973876,0.005767935197913726,0.533158358453853,0.05095846715951793,0.00446670658663661,0.09023923324133673,0.018131753822194036,0.0015893182966305256,0.4210182599131549,0.06075620418765867,0.005325516102643716,0.5294422694905883,0.05742031415938246,0.005033112449391096,0.6493888356353555,0.04788826885465586,0.004197591839764822,0.09016064400134241,0.052768343001355994,0.004625349198833445,0.14998608752474893,0.02721148745918662,0.0023851920405228728,-0.08313198822112697,0.045460705341814935,0.003984806516015931,0.06824622903833431,0.059564630474551995,0.005221070061593549,0.3006282144315808,0.08112486051145387,0.007110907548536928,0.8468948149431318,0.051449456933778025,0.004509743737887522,6.411662344662349,2.3633061054802846,0.20715291365697283,0.1820558657595089,0.0446119325644735,0.0039104083018145315,0.37675870151661695,0.06642897501048867,0.005822756388924228,0.447888637993662,0.0274824791978556,0.0024089455137238573,0.07397799889206712,0.007508198483666719,0.0006581226141631534,0.3450843798933995,0.02618894297911541,0.002295562064998582,0.5295275165203073,0.028755396599979183,0.0025205216434867755,0.4144161393563663,0.04992040072091569,0.004375716051459082,0.12404009752225659,0.016130594120266323,0.0014139089148386575,0.23995058009347753,0.03640005798684148,0.003190605758505659,0.5631477759879968,0.06108040637652352,0.005353933677447753,2018162,0.5748660508768506,0.13897837647925534,0.405,0.5650000000000001,0.765,67639,0.5247488994291302,0.11141050597988808,0.3750000000000001,0.525,0.665
hpre_cos__hpre_raw_logit_gauss,hpre_cos,hpre_raw_logit_gauss,all,16,500,1120,61.017454761904744,3.0239292711002985,0.26505908724580096,2.982545238095238,3.0239292711000427,0.26505908724577854,0.5671261390999671,0.08778621476081501,0.0076948009927490495,0.26430108513860473,0.05403153943056803,0.004736073247751847,0.25406572616270606,0.06523871546275285,0.005718425539547695,0.5617172298334895,0.05309607139352095,0.004654075858984517,0.1264928883856783,0.014430981079052392,0.001264931263251157,0.41478355862611804,0.061211991414735,0.005365467614586054,0.5422939157578207,0.06079471774059125,0.005328891964402279,0.7428217009992829,0.039671474671105315,0.0034773580739843016,0.08786829719763424,0.04275579475600625,0.0037477106494531926,0.23402211636329676,0.01942879628621833,0.001703009081305602,-0.1619153781829651,0.03950128520029272,0.003462440309133268,0.03272366479663705,0.04937836546964305,0.004328204566871647,0.4298021902182982,0.062084928449873684,0.005441983919371425,0.5379217636315596,0.052159855777195493,0.004572012942004254,0.09458948081861296,0.020435633491198268,0.0017912622534639543,0.4241580655463396,0.06717156506101529,0.005887847276754016,0.5292314049920862,0.06034298543307998,0.00528929588183094,0.6639000415650151,0.04358857156811514,0.003820706755482066,0.10417010988307526,0.05748565021266855,0.005038839406967042,0.15760475219828746,0.02951446635566724,0.002587057041163375,-0.08277077346653984,0.059566419870429696,0.00522122690905774,0.08365403974422565,0.06792908318190499,0.005954246667643909,0.3240179674118047,0.07462374908386245,0.00654106000694624,0.8270943427163927,0.061530727469266584,0.005393406061590712,7.063026718866261,2.7256852674067527,0.23891684769309468,0.20101818117882525,0.053152357612308083,0.004659009563591571,0.3858417356676998,0.07032826339655078,0.006164544085612553,0.4608602068456156,0.028514235543424225,0.0024993829448602587,0.07415090825408702,0.006573282623183778,0.0005761736258056767,0.3571135321426249,0.027525229307067245,0.002412692726013374,0.539841243070506,0.028364412423250773,0.0024862503693529477,0.4382827864033835,0.05309608531809046,0.004654077079526849,0.1264928884512612,0.014430981007644464,0.001264931256991976,0.25717828796065995,0.03967147334413847,0.0034773579576705296,0.5852164376112678,0.06121199098428795,0.005365467576855707,2071975,0.548615071852207,0.14295875341589578,0.3750000000000001,0.535,0.745,68567,0.5283292696975894,0.1180901891857576,0.3650000000000001,0.535,0.6849999999999999
hpre_cos__hpre_raw_logit_gauss,hpre_cos,hpre_raw_logit_gauss,all,17,500,1120,62.49971904761906,2.226894795734077,0.19519593516647465,1.500280952380953,2.2268947957345993,0.19519593516652045,0.6743419084213317,0.10034359996362383,0.008795504336527765,0.31183121580697953,0.060126172199472604,0.005270291363983248,0.29904175299356384,0.07124527123164003,0.006244923366334804,0.5649472984908589,0.049239340860143824,0.00431601852255813,0.13950149186493027,0.01901490926657511,0.0016667302844772624,0.40525489772898815,0.06288441451023033,0.005512061962349847,0.5355221370115876,0.06163553892792846,0.005402593191009155,0.771319444488486,0.027035337641521984,0.002369751828235198,0.07257796265714583,0.03634383662822567,0.003185677739143286,0.251811081756261,0.022453988547201733,0.0019681788744957567,-0.19882012510727207,0.04083342860730317,0.0035792078271163264,0.010042059197526846,0.0463472987094719,0.004062519851124404,0.44269858913556426,0.05228989779963709,0.0045834116278470035,0.5238436115838234,0.04324025879994866,0.0037901757952216518,0.11958140904568135,0.02275360025501858,0.0019944409986006615,0.3782901251992301,0.0603347108913427,0.0052885705862688965,0.5145368648811465,0.052780409046786596,0.0046264068343473,0.6749310607927185,0.03872552721314284,0.0033944421234737305,0.08780397236028026,0.04168050611258735,0.0036534574441701596,0.1805663445878951,0.030344344746515484,0.0026597990893671717,-0.1270719388619943,0.04693771439440609,0.004114272067699006,0.0729655047312379,0.05262421449535184,0.004612715778266151,0.3343597112421479,0.06770955279163245,0.005935003980513471,0.8169794088038664,0.03835076501451813,0.003361592768414063,6.416804028966311,2.12613324167175,0.18636379553792085,0.21767420969236456,0.043383518730865066,0.0038027330818257076,0.4261140628893463,0.06207538403036544,0.005441147314115037,0.457905699841749,0.026521062972757047,0.0023246736659913864,0.0820011861195433,0.008760872701881712,0.0007679243506222864,0.3373367107250858,0.019722219003394156,0.0017287287164621174,0.544150718978473,0.02962918222074867,0.00259711233008223,0.4350527365457444,0.04923934924175033,0.004316019257238333,0.13950149184360744,0.019014909467671436,0.0016667303021041325,0.2286805505078817,0.027035335744047904,0.002369751661914262,0.5947450987479517,0.06288441543202967,0.005512062043149122,2157137,0.5563971033742167,0.1534110485623389,0.3750000000000001,0.535,0.775,70002,0.5180946594067823,0.1346116214492038,0.3350000000000001,0.535,0.6849999999999999
hpre_cos__hpre_raw_logit_gauss,hpre_cos,hpre_raw_logit_gauss,all,18,500,1120,62.12253809523808,2.8427362031028744,0.2491768145757169,1.8774619047619048,2.8427362031027146,0.24917681457570287,0.6765809529122856,0.12651622753807404,0.011089636293253005,0.3285986828997019,0.07185238058457055,0.006298138847425604,0.3293902414427625,0.0824864379987823,0.007230255077414279,0.521867280606003,0.045727808927361904,0.004008219177569156,0.14555121475475882,0.016288107241483323,0.001427715548657121,0.3589830963162439,0.05403821764397292,0.004736658618966197,0.4882463042822621,0.05755161676868308,0.005044621630543852,0.7367929676873348,0.03180510611559371,0.002787840468797623,0.06927923790037664,0.03882195973345392,0.003402894806563493,0.24627071073622936,0.022692743090395893,0.0019891066329257036,-0.19447901701746242,0.04475457891627249,0.003922911805837635,0.009831136012344878,0.04674220430820666,0.004097134853052277,0.4284059986464324,0.05796629500672481,0.005080969780722657,0.4912483165995707,0.040610971198619186,0.003559708575510025,0.12855166364730825,0.02321555677282371,0.002034933272717947,0.33611362735820666,0.05630693819528853,0.004935520743254144,0.4780774845751269,0.052256788496950306,0.00458050946950839,0.6558556056943678,0.037497893711138104,0.0032868353025657326,0.07825975266067825,0.04649952951854024,0.004075863469868391,0.17782173305732152,0.03211389477787348,0.002814906988427543,-0.13232123231925877,0.05547591770474836,0.0048626785855984565,0.06071359546692111,0.05702075309043731,0.004998089377507202,0.32198565138184615,0.0704745212527629,0.006177364151954915,0.7943022820731,0.043721648719417874,0.003832371482099412,7.248512599137852,2.4143987736866297,0.21163138348401303,0.2417170499636304,0.04533816447746791,0.003974065335670031,0.45301554482465695,0.0662822695420469,0.005809897087640043,0.48113772687543,0.023949246681852058,0.002099244028748873,0.08227363392806479,0.00760723758755736,0.0006668037743773747,0.36189985192262014,0.021938032528677022,0.0019229533354475582,0.5654735711154479,0.024637993642181295,0.0021596153616345003,0.4781327509848135,0.045727821636620786,0.004008220291584814,0.1455512149604659,0.01628810701500371,0.0014277155288053077,0.26320702505799987,0.031805105482232865,0.0027878404132810975,0.6410168979796624,0.05403821968950018,0.004736658798264567,2151840,0.5117473187327111,0.15479914862792413,0.3350000000000001,0.485,0.735,69915,0.48440279583814,0.1406580922531603,0.30500000000000005,0.485,0.665
hpre_cos__hpre_raw_logit_gauss,hpre_cos,hpre_raw_logit_gauss,all,19,500,1120,60.435745238095244,3.3788321892816606,0.29616769962409056,3.5642547619047624,3.378832189281921,0.2961676996241134,0.57397555535017,0.10539725466659315,0.00923847670219328,0.27044748397827856,0.059936981150144425,0.005253708037339581,0.26234149820102115,0.06841925912635015,0.005997212483566318,0.5526041538950232,0.046822380608839566,0.004104162615661543,0.12928995438077973,0.016041881900597504,0.001406132945936974,0.4020308809921856,0.058579876067503485,0.005134752532017673,0.5322906572451194,0.0547605341576241,0.004799972452937349,0.7351250314664276,0.03411179558170953,0.002990030715206956,0.09099548361820745,0.045078638109332894,0.003951316846506773,0.23565786995735188,0.021511165808203947,0.0018855368176785986,-0.16695832311071987,0.047684014815031324,0.00417968818380747,0.040519493967133384,0.05333891589709023,0.004675362118247887,0.4302069843552652,0.058943078365213404,0.005166588617086402,0.5030778158109812,0.04707821023927981,0.004126587071479006,0.10282220589144246,0.019773063244181176,0.0017331854106657518,0.3759331055870369,0.06151068855046242,0.005391649572912757,0.5002314751490239,0.05377791464351876,0.004713842054978701,0.6352271931868223,0.04071267458127801,0.003568623270054964,0.10083238329703123,0.05515897542060471,0.004834897369500718,0.16851968525201072,0.029161474854913338,0.002556115971909692,-0.10696714268118648,0.06139778941216181,0.005381753527117378,0.09161940790322119,0.06653743715182621,0.005832263514788052,0.32699340083863415,0.07127624538171967,0.00624763837029564,0.8188972376084044,0.05402383342914769,0.004735397786945832,7.301186634559858,2.7206773572254828,0.2384778850115458,0.2045135136706489,0.04543594821339302,0.003982636458030431,0.40603667051735387,0.06921711082947331,0.006067147268816895,0.46605316830043275,0.02495230457577589,0.0021871659296871866,0.07468191542478186,0.007508076435564569,0.0006581119161753184,0.36296864221919156,0.023359562984193727,0.0020475559736879245,0.5458581341734957,0.027334353792766247,0.0023959617495048573,0.4473958607684288,0.046822395378515194,0.004104163910280693,0.12928995460452783,0.016041881780645497,0.001406132935422717,0.2648749596887046,0.03411179662686084,0.0029900308068185073,0.5979691134440047,0.058579877439491765,0.005134752652277748,2032715,0.5422402768395655,0.14121076763765708,0.3750000000000001,0.525,0.735,67886,0.49560474979256897,0.12037690387804159,0.3350000000000001,0.505,0.6450000000000001
hpre_cos__hpre_raw_logit_gauss,hpre_cos,hpre_raw_logit_gauss,all,20,500,1120,57.70755952380953,4.955940377160186,0.43440732737003196,6.292440476190476,4.955940377160232,0.434407327370036,0.5840415460292779,0.12036084936894564,0.010550093607928144,0.2551365773150963,0.07124391262500027,0.006244804279212197,0.2325742740818786,0.08193251504402532,0.00718170158967382,0.6185739714308863,0.0656702097738464,0.005756247683518872,0.125730857359547,0.024576309038822085,0.002154208467756469,0.4668861379623416,0.08809578575959646,0.007721936087196853,0.6028241458957395,0.07998469858048217,0.007010967948882931,0.7929031746283883,0.0329621781054514,0.0028892623004655865,0.14422154034503654,0.07575371140938413,0.006640105571763945,0.24234079041615833,0.02754601027609806,0.0024145142582615103,-0.13508244653268647,0.0912915499177387,0.00800205716638526,0.10454133072563564,0.0889651429437113,0.007798138604204868,0.48734824958017886,0.06457035814725669,0.005659841437831914,0.5522122232948029,0.058581664483435325,0.0051349092935858215,0.10169741660309509,0.029534929896316318,0.0025888507495870805,0.42263715459314105,0.0905667420944047,0.007938524959492198,0.5579796552208208,0.0639976834703188,0.0056096442891721806,0.6728331694164448,0.04200659230650224,0.0036820401592979803,0.14512306930280866,0.07060785109308412,0.006189051027741301,0.15317343166003974,0.03366278133650353,0.0029506728813012183,-0.0431908200915429,0.09302960565703523,0.008154404469029887,0.13968969370920345,0.07966926800494187,0.006983319239886603,0.3459506000962287,0.0694296281930903,0.006085775237057603,0.858401591316291,0.0467909769986902,0.004101409967865854,5.509482325299581,1.7363166049201948,0.15219486079527747,0.17052805689374606,0.0471204461377635,0.004130289211210938,0.3880990448683501,0.07685259991301177,0.006736427396001078,0.42733574630334237,0.03736029353899532,0.0032747741156915573,0.07721156823667029,0.01057169413656094,0.0009266498476860992,0.3204423391951691,0.025726289336824106,0.002255008685225894,0.5136688875114634,0.04387462232287832,0.0038457802096425577,0.38142603768266375,0.06567022287836241,0.005756248832180346,0.12573085725591296,0.024576309141520643,0.0021542084767583944,0.20709681772408742,0.032962178872790036,0.0028892623677257835,0.533113855826074,0.08809578689030967,0.007721936186308235,1882851,0.5953826170633842,0.15446330471054096,0.39500000000000013,0.6050000000000001,0.795,65153,0.5390046208114827,0.13418304582331725,0.3350000000000001,0.5750000000000001,0.6849999999999999
hpre_cos__hpre_raw_logit_gauss,hpre_cos,hpre_raw_logit_gauss,all,21,500,1120,52.7135761904762,4.898687006045168,0.4293888481236671,11.286423809523813,4.898687006045316,0.42938884812368017,0.45794303687537724,0.09793868086410565,0.008584703883120885,0.18838040714828028,0.05803998740975021,0.005087429204648189,0.16212933852725794,0.06727047832069323,0.005896517406236641,0.6640847535113493,0.06649489424057152,0.005828534464200225,0.10732134157012968,0.02511057106795453,0.002201038599382004,0.530315250979009,0.09463871709780877,0.008295449305575624,0.6571506742044572,0.07365638497841395,0.006456266804514216,0.8083131949566658,0.03704148219948087,0.0032468290696671957,0.21262936460736787,0.07837138373312258,0.006869554667504946,0.21902265708560034,0.02733852143397275,0.0023963270593633655,-0.043493892347433755,0.10007840508684301,0.008772258980674515,0.18121073608151192,0.08531745708603658,0.007478404841502517,0.5206484059004558,0.06587879181041756,0.005774530705135083,0.5916116812519377,0.058800301235744555,0.005154073649895116,0.07531958391393224,0.029068333985894583,0.0025479518147770055,0.4946405790129586,0.09587264388328666,0.008403607757101809,0.5986311082254564,0.05771046522678948,0.005058545311801372,0.6795888761572892,0.037751553307475164,0.003309069546507482,0.19997902489263736,0.06699599380917134,0.005872457777996518,0.11698730644757549,0.026912126191244678,0.0023589518684408836,0.05462647592094991,0.08608257060718624,0.007545469998579276,0.19617674580022157,0.06906670750213396,0.006053963835909156,0.3520581011917265,0.06665167949834687,0.005842277297975041,0.9019246654213892,0.049368232240442254,0.004327316350170124,4.554811528775237,1.5705044775435533,0.13766078701360293,0.13155795184920221,0.04200400849259804,0.0036818136780235656,0.31768373666944966,0.08743483856136551,0.007664001510897381,0.40104601394761186,0.038265925357361216,0.00335415624458291,0.06953253903136186,0.010659194970629378,0.0009343196339582455,0.307784979775335,0.02894098179747534,0.0025367889032817652,0.48113212621446166,0.04778802972281329,0.004188805492462845,0.33591524404138334,0.06649490172342576,0.005828535120101318,0.10732134212250158,0.025110571118153943,0.0022010386037821764,0.1916867980127178,0.03704148277601965,0.003246829120203048,0.4696847435810736,0.09463871852525624,0.00829544943069691,1566373,0.6392965946005006,0.14881554380334788,0.4149999999999999,0.665,0.8150000000000001,59388,0.578532399878788,0.12008100231983954,0.3850000000000001,0.6150000000000001,0.695
hpre_cos__hpre_raw_logit_gauss,hpre_cos,hpre_raw_logit_gauss,all,22,500,1120,49.058940476190465,4.070449321442445,0.3567906141631574,14.94105952380953,4.070449321442232,0.35679061416313873,0.389324393624635,0.06873309203296427,0.006024721150706726,0.15252406369367885,0.03617343008990992,0.0031707409474866963,0.12402249927531399,0.03858988645762841,0.0033825526870396227,0.6900764674308751,0.04305805511661647,0.003774204938211733,0.09841331620209273,0.015618736167647194,0.0013690425871049521,0.5642896746974617,0.06403903340852253,0.005613268771061587,0.688513742887264,0.04323865092296261,0.003790034858589834,0.8185879331856964,0.030096438382175225,0.0026380691384445616,0.23235952732719575,0.0615588381046757,0.005395870067424,0.21055342106521133,0.01738472011634211,0.0015238379052380012,-0.015118898477620879,0.07249029469574134,0.006354054484627866,0.20510966851131737,0.06505147107427293,0.005702012845250673,0.5258947544984164,0.06212131188029706,0.005445173067659733,0.6041628791959514,0.040233198128682535,0.003526595305943698,0.05828941417085451,0.01577741861950749,0.0013829517172734335,0.532710541395772,0.059506530262309204,0.005215977353449533,0.6089307486913035,0.03832228441460613,0.0033590963337622897,0.6701629691390766,0.03613431415828077,0.0031673122849073566,0.20292424792890276,0.05201052658651508,0.004558923661325906,0.10195989033304863,0.018924030090510992,0.0016587643734728558,0.08140312226127283,0.05866883015029631,0.005142549701156908,0.19538223189327955,0.05342511856548164,0.004682918115281398,0.335164168971032,0.06242725394479493,0.0054719900719927715,0.9286181617000275,0.03594212930527215,0.0031504665398008917,3.9529806960293223,1.4307925244701893,0.12541449437942387,0.10861138398590545,0.03253590575798469,0.002851897881787719,0.27252237086544445,0.06329252832478577,0.005547834715440432,0.3866349767934709,0.026266540504623667,0.0023023637880019336,0.06638473125671346,0.006748602517620531,0.0005915410921150086,0.29981679338883777,0.024677635111807518,0.002163090089650339,0.4649663644508237,0.03337755973317905,0.002925672105468766,0.3099235278179957,0.043058055825864854,0.0037742050003800945,0.09841331610431268,0.015618736443929202,0.0013690426113221377,0.1814120604548781,0.030096437708226977,0.002638069079370393,0.4357103184538228,0.06403903134119955,0.005613268589852739,1336268,0.6763180179983792,0.12133213421603027,0.515,0.6849999999999999,0.8250000000000001,54964,0.5977277479511136,0.08773931883838017,0.485,0.6150000000000001,0.6849999999999999
hpre_cos__hpre_raw_logit_gauss,hpre_cos,hpre_raw_logit_gauss,all,23,500,1120,48.53244523809523,3.5196572329208506,0.3085115589481454,15.467554761904767,3.5196572329206246,0.3085115589481256,0.43697442322714003,0.07563509094878328,0.006629708029957652,0.1733686480940098,0.037032231315415234,0.003246018193926785,0.14249902627150576,0.03700311288443192,0.003243465850916573,0.6794220315479096,0.03712010525668792,0.0032537206844873373,0.10353074020159743,0.012105290086852754,0.0010610754596450378,0.5459342276527055,0.05284218300726247,0.004631821560721947,0.6784898917385511,0.03600184407584057,0.003155700770221962,0.8140143021648836,0.03223228885063523,0.002825284686464814,0.21319900590793361,0.05620564682713136,0.004926642163372594,0.21722559862928018,0.017771720737317757,0.001557760005314779,-0.039327435056455154,0.06287090070895979,0.005510877425441453,0.18255406107569475,0.05840591577313013,0.005119504239908369,0.5180049188388958,0.06862847290627849,0.0060155508799292975,0.6087159313471545,0.03648655343372375,0.0031981874187053993,0.06047461455459926,0.01274099841871745,0.0011167977517664062,0.5331074227660183,0.04838502260304558,0.0042411342256243306,0.6140132898279598,0.03659205003897919,0.003207434603870667,0.6770027293332985,0.0372446670294442,0.0032646390052655495,0.21668410496705076,0.05013126863599822,0.004394199439161091,0.10636641179637187,0.019304688619005656,0.001692130564633277,0.0876069577683991,0.05380702298541297,0.004716393513641261,0.21206774689613703,0.052417611968304384,0.004594606268309938,0.3524002999649161,0.0640793211248418,0.005616800145097634,0.9249967315655381,0.033540534632607616,0.0029399574852557054,4.071745793630395,1.4132097500343133,0.12387329624765463,0.1112468470682701,0.03217332630039232,0.0028201163910623944,0.28420146238356825,0.055801039642212696,0.0048911767799218065,0.39333103264712155,0.023447769595069418,0.0020552876240248546,0.06932714891869222,0.0057570928068077405,0.0005046314340568491,0.30347751896906466,0.026668559501895308,0.0023376023068028447,0.4753457203232108,0.02774819376616673,0.0024322364225482004,0.3205779603893558,0.037120104195457373,0.003253720591466379,0.10353074046956996,0.012105289716465632,0.0010610754271791751,0.18598568967981705,0.03223228740278451,0.002825284559555103,0.45406576374755014,0.052842181297012625,0.004631821410811939,1313108,0.6691189565778172,0.11638672043054286,0.515,0.6749999999999999,0.8150000000000001,54569,0.602693057247677,0.08026616918550823,0.495,0.6150000000000001,0.695
hpre_cos__hpre_raw_logit_gauss,hpre_cos,hpre_raw_logit_gauss,all,24,500,1120,51.20009285714284,3.697431273387589,0.3240941406415877,12.799907142857142,3.6974312733873735,0.32409414064156883,0.44228281123318863,0.07606939366364185,0.006667776341372521,0.17989002235322485,0.037306130508176674,0.003270026516715463,0.15110243907521168,0.03698460371329337,0.0032418434505335518,0.6631137218674021,0.03420626000784403,0.0029983108872360126,0.10436121324916324,0.010105894709366356,0.0008858207277090672,0.5315569127375882,0.04367889550775047,0.0038286239978676576,0.6603989128757093,0.03376728802459009,0.002959833296400883,0.7983855358416125,0.03479156104008657,0.0030496147847355005,0.17560864317779026,0.04763993242625598,0.00417582419206531,0.2136618441896425,0.01865625301702932,0.0016352926780993137,-0.06051127280105637,0.04632626895486459,0.004060676511859001,0.13783814487173549,0.048409184735041244,0.004243252129873577,0.4738292040348054,0.07234926449319129,0.006341692642332393,0.6038229045098735,0.034448448611429365,0.0030195396543309205,0.056948827978409826,0.010592067140396063,0.0009284356202081622,0.5335086075856573,0.04005145706643053,0.003510664999459357,0.6056636347892738,0.035122183782714735,0.0030785951458905214,0.6725148605065687,0.0367863776916591,0.0032244681736496366,0.19800452746477512,0.04477256282632957,0.003924488165056878,0.10874981621310463,0.02045111656838529,0.0017926194050171239,0.06679306331003886,0.04384271983820858,0.003842983833567148,0.189701389871112,0.04642705221139814,0.0040695105537930315,0.3411864852547645,0.06351337406535491,0.005567192698107825,0.9205051820218564,0.03733602579323449,0.0032726469539876265,4.46647583856242,1.6784246508697747,0.14712040728668174,0.12001046474164447,0.03405668590202394,0.002985200138799143,0.26559274615177086,0.04864910205835609,0.004264281810474919,0.40378208268107396,0.0216228834334863,0.001895329299291713,0.06923623435632989,0.00621406637306282,0.0005446869332130701,0.3160664976095871,0.027978013739356926,0.0024523810313877067,0.4832740209353113,0.02283412336953927,0.002001499160787529,0.33688627161234624,0.034206257772347363,0.0029983106912860897,0.10436121319589156,0.01010589449293752,0.0008858207087382432,0.20161445478598264,0.03479156048827091,0.003049614736366725,0.46844307955567316,0.04367889457672466,0.003828623916259647,1464889,0.6540079311548347,0.112236391248272,0.515,0.6550000000000001,0.795,57616,0.5988441595134719,0.07346289180029883,0.505,0.6050000000000001,0.6849999999999999
hpre_cos__hpre_raw_logit_gauss,hpre_cos,hpre_raw_logit_gauss,all,25,500,1120,50.52020000000001,3.9982143815932134,0.35045894251770054,13.4798,3.9982143815932596,0.3504589425177046,0.4510284695267678,0.07856433658883047,0.006886467731016115,0.17449785264184073,0.03675444301599959,0.003221668975909565,0.13982243712824724,0.0351535221235355,0.003081342072577311,0.6943600365333616,0.03453022933220013,0.003026708050565901,0.09794816868769979,0.01059314936673672,0.0009285304815294204,0.5696811315694026,0.045011401021947506,0.003945423255945062,0.6932861442198358,0.03458519246858328,0.0030315257818869057,0.8192692161819768,0.03319914281622344,0.002910033173166537,0.18910587589934114,0.05043118986179848,0.004420488693713441,0.2169837021543157,0.02002434812848676,0.00175521150192035,-0.052093209772513444,0.046982853301269396,0.004118228667334719,0.15230759153197573,0.05289447315637116,0.004636404994378004,0.49032719556313203,0.07805214616549142,0.006841572260938903,0.6568192811135029,0.03426529846899539,0.003003485836522932,0.05365442452873324,0.010795487898521522,0.0009462662358217225,0.5918961759997267,0.041428020505484595,0.0036313261049219347,0.6581844514460791,0.036168058275687254,0.0031702700872095323,0.7214725481637888,0.03429712940332017,0.0030062759409340833,0.23500600558002255,0.04622864311833538,0.00405211922999089,0.11484379847541096,0.02125203170227629,0.0018628227118137979,0.09737734503649276,0.047303233997591544,0.004146311273548397,0.2301614241479896,0.04996318894701459,0.004379466604841078,0.38189921240606123,0.0629749747760821,0.0055199999196416435,0.9295635316941003,0.03481062591972915,0.003051285895116556,4.053975227901482,1.4339368429284527,0.12569010604419478,0.11150039478951972,0.033027116904327455,0.002894954437157217,0.2511792768376924,0.05040117455455661,0.004417857736032993,0.3840678283843256,0.02280504213102836,0.001998950077841262,0.06819103524871171,0.006240179643491645,0.0005469758622865826,0.2990778003515943,0.028282439834273195,0.0024790651551281234,0.46303387326122747,0.024485819565994247,0.0021462767157468155,0.3056399550655768,0.034530227786943604,0.003026707915118194,0.09794816853760613,0.010593149490221809,0.0009285304923533657,0.1807307752345645,0.033199141395186725,0.0029100330486071775,0.43031886118125345,0.045011400269447645,0.003945423189985541,1424142,0.6850511098673729,0.1065213560367162,0.545,0.6849999999999999,0.8150000000000001,56781,0.6517295911135287,0.07051620811184542,0.5650000000000001,0.6550000000000001,0.735
hpre_cos__hpre_raw_logit_gauss,hpre_cos,hpre_raw_logit_gauss,all,26,500,1120,52.159621428571405,3.630357021306722,0.3182148232236309,11.840378571428573,3.6303570213063776,0.31821482322360073,0.4613032311258572,0.0788353708408767,0.006910224930678918,0.1753105994315019,0.03754927517838349,0.003291339086744672,0.13871552919231003,0.03659386305751644,0.003207593521952262,0.70408041387768,0.03787818780556055,0.0033201695496712894,0.10145965025591709,0.013532062518210939,0.0011861375773266683,0.5714606817478936,0.051867046158702884,0.004546347047316776,0.7079952974414543,0.038455337778176085,0.0033707589752929243,0.8275073188208397,0.0334862065141704,0.0029351954157118263,0.15933378711730423,0.04989675704223086,0.004373643591646206,0.22095577703018987,0.021922544595668853,0.001921595758262899,-0.0822364271816333,0.04072650014653628,0.0035698351342817623,0.1187761377769145,0.05289644712468055,0.004636578020329153,0.46117042101830946,0.08014062788542844,0.007024635755084262,0.6745311560114227,0.0327073751642467,0.0028669278379274835,0.05699408143199977,0.011446440463541097,0.001003324743893778,0.6032612483230375,0.04127257670981388,0.003617700855484963,0.6779596178179694,0.034652331055174526,0.0030374107384733323,0.742763466403456,0.030258948350933047,0.002652313765261385,0.21876342159256934,0.04623183456575559,0.004052398972691315,0.1414409629230875,0.023123035513394324,0.002026823426760385,0.038339755465917724,0.062393325691076286,0.0054690161294312,0.2267811817550145,0.05012315413646832,0.004393488171917042,0.3888886850782449,0.0593957474176238,0.005206266808968405,0.9278320420923682,0.030836840479010648,0.002702968243677491,3.9982585922956457,1.296714471213892,0.11366203483764471,0.11084280941670847,0.030630469419767017,0.0026848790227688413,0.2635974807681073,0.05566056369770235,0.004878863520485564,0.37693060088540825,0.025313310424184315,0.002218809487485982,0.07069491474158351,0.007572556042715819,0.0006637638029376233,0.2919595609880629,0.029366118176412236,0.0025740537499277967,0.4617462821419751,0.027985344265560493,0.0024530235803398655,0.2959195764615422,0.037878185288325136,0.003320169329025877,0.10145965029024301,0.013532062442678515,0.0011861375707059596,0.17249267216001943,0.03348620585524058,0.0029351953579540807,0.4285393091583535,0.05186704544680513,0.0045463469849161865,1523840,0.6936702637550262,0.11372481921097237,0.545,0.705,0.8250000000000001,58766,0.6686010372402175,0.07373618780879057,0.5750000000000001,0.6749999999999999,0.755
hpre_cos__hpre_raw_logit_gauss,hpre_cos,hpre_raw_logit_gauss,all,27,500,1120,55.001433333333345,3.7837502329531265,0.3316603310459431,8.998566666666665,3.783750232953307,0.33166033104595893,0.498062961486195,0.07408743849335414,0.006494050310998999,0.1902222451960046,0.04020448608223022,0.0035240785841081897,0.15257547966009452,0.04397587021371537,0.0038546549785689705,0.6998456007601248,0.054642527497502355,0.004789628713115216,0.1073592974987059,0.018801955398770453,0.0016480640549575401,0.5580114700322351,0.07461841987562524,0.006540592881248362,0.7051270209230127,0.0580109924776315,0.005084887686790748,0.8301219434821888,0.03949629934226752,0.0034620032794084234,0.13668390940513372,0.05467131008750811,0.004792151618365814,0.2235836552771785,0.023627839918004746,0.002071071483751153,-0.10795261565901847,0.0410019102244613,0.0035939758919941735,0.0961943744859631,0.060389129452079415,0.0052933405834298605,0.4398983807495662,0.084076468036146,0.007369627355206899,0.6774841967257716,0.04149303958710992,0.003637025278706809,0.06751022601114319,0.0202754990831297,0.0017772258537224167,0.5927869989337667,0.06410562716067819,0.005619105970804104,0.683519681772306,0.0407088994463513,0.003568292364888806,0.7564160314975752,0.030482611822533933,0.002671918732943445,0.18894264730266402,0.057081727723213765,0.005003434039719819,0.16723930045753008,0.028188699930276655,0.0024708484902645333,-0.029608787788663105,0.0873903603407099,0.007660102822961138,0.20160359886804868,0.06263758628639438,0.0054904265146091475,0.38855904710644046,0.05939562167956966,0.005206255787542018,0.9158734481104783,0.03356243608210408,0.0029418772319469958,4.270397255393435,1.2828914643759872,0.11245039486627911,0.12062600950243933,0.03142631673024448,0.0027546381152576105,0.3091122001872885,0.08530905622095246,0.00747766847321092,0.3779591488129325,0.03520649741144031,0.0030859855612967156,0.07329754088817253,0.009062456348762083,0.000794359322807097,0.28890608752419544,0.0343820261259734,0.0030137174667765306,0.46764547144302315,0.038904307695217244,0.003410112923663698,0.3001543930773935,0.05464253307246028,0.004789629201781823,0.10735929710107549,0.018801955332607367,0.0016480640491580898,0.16987804974278523,0.039496299956281754,0.0034620033332291448,0.4419885201505962,0.07461841968507203,0.006540592864545637,1691488,0.6864919373986353,0.1319907612616713,0.515,0.695,0.8350000000000001,61899,0.6701860066255512,0.09237209350006642,0.555,0.6849999999999999,0.765
hpre_cos__hpre_raw_logit_gauss,hpre_cos,hpre_raw_logit_gauss,all,28,500,1120,62.52071190476192,1.5267832997265864,0.13382845680792327,1.479288095238095,1.5267832997270432,0.1338284568079633,0.920067935863847,0.05156303240276522,0.004519699066681408,0.42655160893875926,0.036520461346611535,0.003201159578314534,0.4144086185707931,0.053631406965077864,0.004701000090752496,0.5507557312660274,0.042332433590733735,0.0037106014071455443,0.16782882922972953,0.030482977563022238,0.002671950791510729,0.33945192649009687,0.08502859462804965,0.0074530849306880245,0.5378309806687492,0.04596742099488939,0.004029222101321008,0.7908768532615332,0.03397906968254674,0.0029783967771971668,0.04536635343052872,0.022381518725959903,0.0019618266145884885,0.2341215278967152,0.03140946028773761,0.002753160582926487,-0.2126589106852809,0.044338862323552865,0.0038864726398583644,0.011132308548230023,0.021876159815559074,0.0019175299530221825,0.353656485217384,0.06981447440162845,0.006119508494558039,0.5967051662496157,0.03339725452818493,0.002927398430365859,0.14793662511411879,0.029162940115763435,0.002556244407686023,0.41149605610462864,0.07647038713617917,0.006702924968967105,0.6138684941342898,0.038133942133514065,0.0033425874049347673,0.762055025733511,0.03142265778257982,0.002754317394354002,0.06995985488043573,0.029726954042812302,0.0026056824081466274,0.2257364423386043,0.034220907547856234,0.002999594800726693,-0.2140081517707911,0.0467788046055841,0.004100343010567238,0.0686535551785236,0.05394258750956568,0.004728276268101902,0.3597116777652255,0.056189381279750684,0.004925216425282925,0.82251798260808,0.026387648573514434,0.002312979378288742,5.760454043069909,1.4649020513062019,0.12840432623030243,0.19964192646756063,0.038392267858060984,0.0033652306530473804,0.5957009703626238,0.11078194047535946,0.009710465223623772,0.4631061889533486,0.021652114225274063,0.0018978914911606773,0.09695562339339937,0.015496026687461644,0.001358286626929153,0.3219630801085916,0.026940773293217413,0.0023614628976417642,0.5735062254059883,0.03681025220690068,0.003226560867178829,0.44924429270241956,0.04233243842331999,0.0037106018307404066,0.16782882894522375,0.030482977751391617,0.002671950808022033,0.20912313768654353,0.03397906828067962,0.0029783966543180957,0.6605480631623948,0.08502859284482946,0.007453084774381882,2157781,0.5482174795168896,0.1726864544491923,0.3350000000000001,0.535,0.795,70055,0.5935807857904127,0.15373927611181273,0.405,0.6150000000000001,0.775
hpre_cos__hpre_raw_logit_gauss,hpre_cos,hpre_raw_logit_gauss,hall,1,125,153,59.06933333333333,3.2133183955392504,0.5633195518768636,4.930666666666666,3.2133183955392775,0.5633195518768682,0.6539110570748647,0.074561075120889,0.01307113278374885,0.3903364415566127,0.04622209239859407,0.008103090068177757,0.4764934621651967,0.05972042684722929,0.010469452431535516,0.27178040623664856,0.03060971953606911,0.005366120430540542,0.18743828841050467,0.01607239114659285,0.002817614398516196,0.07908075626691181,0.02032343532894782,0.0035628553018568934,0.22447463462750117,0.029317949096550965,0.0051396630878360935,0.5445777070522309,0.060601990022267495,0.010623997270105842,0.0585391416028142,0.026142092595750413,0.004582910895666241,0.25586291909217834,0.02307278864198343,0.004044838188582464,-0.21093411759535471,0.03069934509574425,0.005381832483906619,-0.010246000518479074,0.022993043774267436,0.004030858296889,0.439881515900294,0.0640369120714324,0.011226165655334538,0.010196613765843115,0.01020563279803406,0.0017891263132807542,0.017265359365691745,0.003554419717809428,0.00062311725019166,-0.01118220285945184,0.010186268162481475,0.001785731542990675,0.01001338380606224,0.010140739634705919,0.0017777500401617795,0.031576733875243616,0.012549420698119177,0.0022000104483242077,0.052918455855901506,0.06067074107682631,0.010636049861376876,0.31601927465200425,0.03509974947378437,0.006153257384020995,-0.30182426851987837,0.049531311094248916,0.008683221683920116,-0.011066871890798212,0.08069618208478879,0.01414666445543701,0.5159625744024914,0.09989375756677332,0.01751214782385963,0.9920209414958954,0.00345869520765227,0.0006063360036646369,1.8153632416725158,0.37275263182177626,0.06534641752596272,0.04273672462503115,0.014025492360765212,0.002458777219987481,0.0825543750077486,0.02189641782865737,0.0038386112923235118,0.5967234080632526,0.01403602761638201,0.00246062413172869,0.08795018671949704,0.009645070314015482,0.0016908553770004625,0.4760520835717519,0.03254865139400148,0.005706030172085759,0.6785294859409332,0.0075095660260404516,0.0013164849690747533,0.7282195929686228,0.030609719885666072,0.005366120491827592,0.18743828817208608,0.016072390938658837,0.0028176143620637565,0.4554222701390584,0.06060199396414324,0.010623997961147129,0.920919239282608,0.020323437001073075,0.0035628555949933746,264500,0.2683153267699965,0.18968755110078503,0.07500000000000007,0.22499999999999998,0.545,9059,0.010458786458760675,0.02058309725484817,-0.015000000000000013,0.015000000000000013,0.03500000000000003
hpre_cos__hpre_raw_logit_gauss,hpre_cos,hpre_raw_logit_gauss,hall,2,125,153,54.81466666666667,3.6898790103621253,0.646864311200078,9.185333333333332,3.689879010362146,0.6468643112000817,0.5654802302916844,0.06977816350449544,0.012232651408185904,0.3088302493890127,0.04001385974148239,0.007014738897249188,0.3453813979824384,0.04836424402883315,0.008478625806582563,0.38952352623144787,0.03327233105164862,0.005832896809706888,0.16464461773633957,0.011537496388084106,0.002022612295170885,0.19994568858544032,0.027635728333462305,0.004844756785448953,0.36081157231330874,0.0399027761219832,0.006995265080137254,0.6236583723227184,0.041627903144482406,0.007297693181440248,0.11082341011861961,0.04884007292154066,0.008562042289363154,0.2519235994418462,0.022110575811737698,0.0038761548420779136,-0.1693097690741221,0.04169205057033927,0.007308938721016379,0.05706984187910954,0.05840889390962282,0.010239530570163222,0.4768245089054108,0.07125638140024222,0.01249179443110091,0.30039439219236375,0.03147088054700219,0.005517088612046017,0.058791322877009715,0.013539052839837097,0.0023735006120656457,0.22317203893264137,0.032719126744978844,0.005735915818790403,0.30543285105625784,0.032830761803332394,0.005755486307395816,0.37093390635649365,0.04188255018612423,0.007342334776118068,0.1902598279888431,0.06788815083226403,0.01190131757801178,0.28450955951213835,0.032435512814987966,0.005686196104687285,-0.17409512658417226,0.07317469266232986,0.01282808922280897,0.17409832279880844,0.0892850279956475,0.015652355530545184,0.5784985914230346,0.07678615514568256,0.01346120651070877,0.9177778147061666,0.04037963156670341,0.00707886152542034,4.939980676015217,2.5951600913338106,0.45495162313460996,0.12449386237064998,0.037297472213781664,0.006538535167499749,0.26262313693761824,0.063282769382264,0.011093958612825678,0.545986231803894,0.01573924744219628,0.002759211732122541,0.0826610839466254,0.0072366966970198445,0.0012686488665714303,0.43309350709120437,0.024159003510271018,0.004235260050821568,0.6323815189997355,0.010930627721785014,0.001916223527216148,0.6104764653841656,0.03327233012389819,0.005832896647065068,0.16464461785554885,0.011537495055251399,0.0020226120615150097,0.3763416079680125,0.041627898945092105,0.007297692445254669,0.8000543073018392,0.027635729961883956,0.004844757070923855,226685,0.3863546968397777,0.16863196010836734,0.19499999999999995,0.3550000000000001,0.6250000000000001,8383,0.30056777165952253,0.0692795342829086,0.21499999999999997,0.30500000000000005,0.3850000000000001
hpre_cos__hpre_raw_logit_gauss,hpre_cos,hpre_raw_logit_gauss,hall,3,125,153,55.728,3.1480177890221355,0.5518718508175555,8.272,3.148017789022165,0.5518718508175606,0.5283214600483577,0.06775178985714529,0.011877412445080037,0.27309621868530903,0.0360783118775813,0.006324806937142053,0.28981243755420055,0.04169253099682276,0.007309022943492361,0.4516631587743759,0.03443505530612735,0.0060367313587197016,0.15508448447783788,0.01579491142602665,0.0027689700587392044,0.268842246790727,0.033677320027284685,0.005903894507472252,0.42831669429938,0.04071629464953447,0.0071378811660563705,0.6704338340759277,0.044633761503483096,0.007824643385362831,0.12062257205446561,0.046255305745067574,0.008108912624535,0.2566427603363991,0.026373651420574882,0.004623504947477083,-0.16682580868325508,0.05287271238280712,0.009268995156951725,0.06816132814437151,0.05624776986228028,0.009860668820394098,0.49211546409130097,0.07025754469222333,0.012316690635740805,0.3867702813545863,0.03474154567712487,0.0060904614897532685,0.07268340162436167,0.018297393323463935,0.0032076744781335863,0.2900998398860296,0.03465432771677414,0.006075171507158144,0.4013210633993149,0.039925853832925226,0.0069993107812430806,0.4679391020139058,0.047189630827200374,0.008272707033238789,0.21417396492759386,0.07321835453325568,0.012835743486263903,0.28851378705104197,0.04580446286550786,0.008029876382987005,-0.14966062117367984,0.08779478011663203,0.015391103558578192,0.19617865208784738,0.10438370132005942,0.01829926966854349,0.610419175863266,0.09635951426334514,0.016892567655061305,0.8839895614782969,0.07057092745336958,0.012371629056041736,7.012157606919606,5.032841745500506,0.8822960590143256,0.14488626368840535,0.05487637311149394,0.009620252369857859,0.32653346319993337,0.08579869179798837,0.015041173847683081,0.5168518897692364,0.016979088209105042,0.0029765654018314843,0.08151684678594272,0.009636975505130556,0.0016894362944346278,0.40496391836802165,0.027772492310516282,0.0048687325677349205,0.6044708421230316,0.013850089340805321,0.0024280277148220984,0.5483368283112843,0.03443505545166556,0.006036731384233674,0.15508448447783788,0.01579491105048936,0.002768969992904615,0.32956615082422897,0.044633761707907164,0.007824643421199949,0.731157748301824,0.033677321942633766,0.005903894843247751,234094,0.4491871022908816,0.1593385381563559,0.265,0.42499999999999993,0.6749999999999999,8526,0.38684290573402885,0.0850688122961654,0.275,0.3850000000000001,0.495
hpre_cos__hpre_raw_logit_gauss,hpre_cos,hpre_raw_logit_gauss,hall,4,125,153,57.99333333333333,4.862390815683635,0.8524146935278778,6.006666666666667,4.862390815683622,0.8524146935278755,0.5319757154782613,0.12491507792266654,0.021898578682941622,0.28305003007253016,0.07933812933077927,0.01390858731067732,0.3090756320357323,0.1003226879318682,0.017587342632250556,0.4313945830663045,0.0622734289335635,0.010917013430536098,0.15172375897566479,0.015442884807966276,0.002707257071626012,0.265267362733682,0.04681802872272366,0.008207562312049345,0.40232155247529344,0.0739392865715242,0.012962128444970413,0.6483001248836517,0.0726366433717601,0.012733765023354543,0.07935645215958356,0.056446692690585505,0.00989554152975727,0.23895764831701913,0.031048432290177137,0.005443030167337827,-0.16900148010253907,0.045038091259755574,0.007895525516878363,0.02109020691799621,0.06541074250582102,0.011467008749417256,0.4242534246842067,0.09920820135831454,0.017391964521553976,0.38270239778359727,0.045181278115625,0.00792062727946591,0.07752562617510557,0.02065413271515175,0.0036208291097627183,0.2899112771550814,0.05295578884525901,0.009283559102953741,0.37706472957134246,0.05313882582486962,0.009315646900252095,0.48342448377609254,0.045652137679094006,0.008003172600420879,0.10528884417532633,0.08361787477885416,0.014658859767743315,0.23925084427992502,0.04409653038307971,0.007730462617462563,-0.1823969267308712,0.08216418565222049,0.014404016827647387,0.07530804935470223,0.10463124497074845,0.018342665983882078,0.442405709584554,0.11070367665273365,0.01940721019420603,0.8208244601885477,0.13120737339919714,0.023001666715872508,10.418602771759033,9.538518586917025,1.6721760356553497,0.19952162873744964,0.08813812644211089,0.015451294823308079,0.35475807968775436,0.10447571103087296,0.018315399682032274,0.5261027985016505,0.030455061242429582,0.005339007636244153,0.08025908000270526,0.00987406319185018,0.0017309995984706751,0.4169230349063873,0.04393209509151753,0.007701635839859653,0.6057859582901001,0.01926177837172794,0.003376738631246761,0.5686054165760677,0.06227343863503568,0.010917015131279156,0.15172375895579654,0.015442883870231862,0.002707256907233921,0.35169986172517137,0.07263664622792451,0.01273376552406224,0.7347326317628226,0.046818026941335716,0.008207561999758268,256199,0.4192765146835093,0.16406591575536467,0.235,0.3850000000000001,0.665,8898,0.3791197624386603,0.09412613179397726,0.265,0.3750000000000001,0.505
hpre_cos__hpre_raw_logit_gauss,hpre_cos,hpre_raw_logit_gauss,hall,5,125,153,58.937333333333335,4.233079467453622,0.7420915499613766,5.062666666666666,4.2330794674536625,0.7420915499613838,0.4941101809342702,0.10046240497408711,0.017611836109685464,0.25663472855091096,0.06276175068570199,0.011002620008137695,0.2740433374245962,0.07940960079369504,0.01392111681056055,0.4540255265633265,0.06500874776846415,0.011396535964766008,0.15005463179945946,0.01801703241406002,0.003158525043683379,0.2820970204075178,0.06267919431049353,0.010988147237449435,0.42865534555912016,0.07358119736153364,0.012899352638631442,0.6678079739411672,0.07466125377845953,0.013088694876745485,0.06965700754274926,0.05379237032735064,0.009430218303067412,0.23154310395320257,0.02898863398613876,0.0050819316035607695,-0.17389854717254638,0.04227365191969561,0.007410897933008942,0.014670909996299693,0.059944825749085426,0.010508791293507845,0.4012647497256597,0.0956690709610587,0.016771527607433185,0.3868458794355392,0.04872537287995609,0.00854193448550675,0.07274357076485953,0.020032485953192684,0.0035118496274124432,0.29582651668787,0.05961569613758582,0.010451092328625702,0.3887523640394211,0.05161946530415073,0.009049291257170194,0.47644391934076946,0.05175400353839365,0.009072876849537647,0.05673840579017997,0.07231059106503993,0.012676605533786066,0.20929506615797677,0.04335015497161207,0.007599617238771323,-0.19038856267184018,0.06595894961842887,0.011563113693589195,0.027390910009543103,0.08883541670355213,0.015573535195799166,0.34579447804888086,0.11135470207905132,0.019521339983498878,0.8860087197621663,0.08319312345209591,0.014584397577074403,5.935586156845093,4.5593637710031505,0.7992917103672457,0.1513800939321518,0.06029809897556155,0.010570722820711897,0.32406504223744076,0.08760851684557085,0.015358450167451137,0.5151409807205201,0.03207311285360628,0.0056226645903097745,0.07998952288428943,0.01023375868407168,0.0017940569985003848,0.404781791249911,0.04605744910114369,0.008074226825534879,0.5985340055624645,0.02594697987859359,0.0045487061282373925,0.5459744741121929,0.06500875480365743,0.01139653719808977,0.15005463283260662,0.01801703235870928,0.003158525033979966,0.3321920115351677,0.07466125235880286,0.013088694627868698,0.7179029768308004,0.06267919477334184,0.010988147318590323,264036,0.4457094290488782,0.16482821348113114,0.255,0.42499999999999993,0.6849999999999999,9040,0.38342849649159255,0.09184107680777384,0.275,0.3850000000000001,0.495
hpre_cos__hpre_raw_logit_gauss,hpre_cos,hpre_raw_logit_gauss,hall,6,125,153,58.44133333333333,3.292837749486617,0.5772599092635927,5.558666666666667,3.2928377494866705,0.577259909263602,0.5248713654677074,0.09904395693712202,0.01736317120500219,0.23696422721942267,0.04857854943863001,0.008516195201379898,0.2199847573240598,0.05100499669852665,0.00894157016110854,0.582546228369077,0.03945510526950151,0.006916784919454018,0.1244719330271085,0.013652683757440226,0.0023934209902243776,0.4263523169159889,0.04774891464695837,0.008370753809790849,0.5748147037426632,0.04534193029885961,0.007948790848937704,0.7508529371420543,0.03413450699438683,0.0059840429166026525,0.10655560372769833,0.04174926188414471,0.007318968306537659,0.2588338284889857,0.02914196555810307,0.005108811813292683,-0.19425592461228372,0.05013001326945197,0.008788178802863348,0.05873702278158938,0.05019019254704685,0.008798728695377603,0.48568058999379476,0.06877537059214983,0.012056854059628098,0.46048669862747194,0.049093589193942605,0.008606485651453014,0.05862769467631976,0.01424159919107112,0.0024966624177240175,0.3837579813400904,0.047975437766225,0.008410465063494237,0.4692875303030014,0.051600707207346025,0.00904600281781082,0.5253720031579335,0.05650594331845485,0.009905928622796701,0.1616998919894298,0.055650643078497194,0.009755987879743674,0.25592903661727906,0.05070587472433196,0.008889131766988061,-0.147946701982369,0.060634491447322116,0.010629695021135602,0.12278110261385639,0.08041270029161053,0.014096967905938491,0.5299992902080218,0.10246652944959128,0.017963174620993182,0.9281542993783951,0.08235369495021204,0.014437239272385292,4.0611523547172546,4.384548747403465,0.768645285508687,0.10297394919395447,0.05713625883170816,0.010016427804253417,0.2671662585735321,0.07878625482844072,0.013811839444738733,0.4505949540535609,0.020939745611437,0.0036708992581081204,0.07199891169369221,0.006736881268911941,0.0011810273587327597,0.35219524427254995,0.022734451814741524,0.003985525127614111,0.5350871340036393,0.02174832908567585,0.0038126501910363923,0.4174537715911865,0.03945511669478247,0.0069167869223940815,0.12447193280855814,0.013652683398499793,0.0023934209272993452,0.2491470539768537,0.03413451164506097,0.005984043731901777,0.573647676428159,0.047748912077048636,0.008370753359265806,258060,0.5793999162319325,0.13184801691764836,0.4149999999999999,0.5750000000000001,0.755,8949,0.4599237761719691,0.08044122238794006,0.3550000000000001,0.46499999999999997,0.555
hpre_cos__hpre_raw_logit_gauss,hpre_cos,hpre_raw_logit_gauss,hall,7,125,153,60.029333333333334,3.4888434250398936,0.6116212192014037,3.9706666666666663,3.488843425039944,0.6116212192014124,0.5030668320258458,0.10035953196390797,0.017593801675850715,0.23679660332202912,0.0655218821910641,0.01148649239528745,0.23192668569087982,0.0844403462556712,0.01480304537486997,0.5517749627431233,0.08009266306341008,0.014040862906127683,0.1432622628013293,0.02786600229069206,0.0048851255900391405,0.37477687309185664,0.1039084489922176,0.018215954262040375,0.5388367063601811,0.09176780933957426,0.016087606290635006,0.752714432477951,0.04892123635546999,0.008576270866678531,0.07198296305040518,0.04945595699562289,0.008670011527986294,0.23354163712263107,0.027036512651379237,0.004739709644780536,-0.1737250063320001,0.04127280694356624,0.007235442072726292,0.01760543420103689,0.05419883350119159,0.009501474439172814,0.40505358795324964,0.0862476059566851,0.01511987196955587,0.48715287474791213,0.052165632209259294,0.009145038537197853,0.08157618709901969,0.030730875620360545,0.005387360028585028,0.38174523784716924,0.0789323764410753,0.013837455692871228,0.49326288112004596,0.05423738219795824,0.00950823232367569,0.5821415876150131,0.050894682520258826,0.008922231232991813,0.06260400442631604,0.06731631495507812,0.011801070328772286,0.2018064345816771,0.042390288872772,0.007431345292421096,-0.1804230023895701,0.07179603436093877,0.01258639976632403,0.03943725069488088,0.08937689508680566,0.015668460541706012,0.3406470504303773,0.09555830399153868,0.016752109301510127,0.8953792117436727,0.08135453411425123,0.014262078654891642,4.690330683549246,4.402226117167539,0.7717442650644272,0.13436481936772662,0.05731269665390902,0.010047358718250078,0.3567557870546977,0.11847347301633222,0.02076931555288846,0.4641627151568731,0.04136924962544997,0.007252349220308046,0.08191391800840696,0.01177922944941263,0.0020649899692819986,0.3497967012723287,0.03505945406591846,0.006146193287561326,0.5571469289461772,0.045999569425956406,0.008064080071097305,0.44822504381338757,0.08009266788687973,0.014040863751719196,0.14326226249337196,0.027866002390520016,0.004885125607539753,0.24728555504480998,0.048921232213467024,0.008576270140553397,0.6252231210867565,0.10390845048390465,0.018215954523544645,274025,0.5436745789002985,0.16945933018832676,0.31500000000000006,0.545,0.765,9218,0.48506010895205776,0.104433319310369,0.3550000000000001,0.495,0.6050000000000001
hpre_cos__hpre_raw_logit_gauss,hpre_cos,hpre_raw_logit_gauss,hall,8,125,153,59.284,3.3748102168863015,0.5916303163996965,4.716,3.374810216886277,0.5916303163996922,0.43233995799223585,0.06819217804820521,0.01195461589892517,0.19104559925198555,0.04088663744843207,0.00716774357535688,0.17520522847771644,0.052580195509525564,0.009217714688075022,0.5998944230079651,0.07135648615961303,0.012509343569171943,0.12489293164014817,0.025317388635370194,0.004438333916915121,0.4400812212228775,0.10035347868931323,0.01759274049002586,0.597135819753011,0.07446681286369733,0.013054607881469067,0.7638065632184347,0.049255984813204,0.008634954858736079,0.07340591761345663,0.04207683827331702,0.007376394979540296,0.2370861011147499,0.023116239855965365,0.004052455522246874,-0.18562011163433395,0.03983661952761933,0.006983667317792105,0.023606347655217786,0.04388807712139147,0.007693919149462474,0.4107983771959941,0.07448898488961067,0.013058494808988932,0.5096472667853038,0.05398985037475697,0.009464838081787127,0.06435740514596304,0.02539807327425829,0.004452478557758956,0.4243593788941701,0.07849781164864719,0.013761273125817836,0.5212557909488678,0.052037448839556875,0.009122567001703871,0.5781976199547451,0.051680152450485815,0.009059930183000147,0.051454015983889496,0.05992456054257698,0.010505238646168298,0.21214476297299067,0.05158667427795311,0.009043542736821612,-0.18994729882478714,0.06130092529400826,0.010746526025617438,0.01104215299213926,0.08088228679210316,0.014179290049113641,0.3586382355988026,0.12104327746754366,0.021219822136324822,0.9306689285437265,0.07013771390839857,0.012295683373111954,3.925606365362803,4.020113067135882,0.704756893875519,0.10066096301873524,0.04420057536216129,0.007748702506504571,0.3032544469038645,0.10661057802004406,0.018689658366551693,0.4392640306552251,0.037773736679388936,0.006622028009576402,0.07399952098727226,0.010147425305241592,0.0017789220898831455,0.3417421812613805,0.03508601437792838,0.006150849515552895,0.527021275639534,0.04548089735241179,0.007973152847562344,0.4001055846214294,0.0713564929980316,0.012509344767999574,0.12489293232560157,0.02531738862842904,0.004438333915698284,0.2361934292316437,0.049255986079148203,0.008634955080665883,0.5599187702337901,0.10035347565242218,0.017592739957635384,266879,0.5922494264905924,0.15087622165684345,0.39500000000000013,0.6050000000000001,0.775,9098,0.5067241113771316,0.09194862452740742,0.39500000000000013,0.525,0.6050000000000001
hpre_cos__hpre_raw_logit_gauss,hpre_cos,hpre_raw_logit_gauss,hall,9,125,153,60.16266666666667,3.5774891256919563,0.6271614957069787,3.8373333333333335,3.5774891256919905,0.6271614957069847,0.508211044271787,0.08828709371449696,0.015477409937590352,0.23070337780316671,0.055482458582065936,0.009726503837547976,0.2170889408091704,0.07081752570755066,0.012414859636065098,0.5806697626511257,0.07307620410448463,0.012810823417357701,0.1268850346505642,0.025576800723974225,0.004483810861156541,0.4231035881638527,0.0958770831363203,0.016807993749573334,0.5709557680288951,0.08209214262936979,0.014391387128889726,0.7540371815363566,0.049209856594579854,0.008626868225466152,0.07929808793713648,0.04508218361465137,0.00790325524750063,0.23372977966070174,0.028083636695634868,0.004923278583416815,-0.1709649898906549,0.0319822459442423,0.0056067349187483104,0.027580675138781468,0.050774966877520734,0.00890124415548543,0.4143846829732259,0.09013983617647743,0.015802210011829784,0.4758335955937703,0.05525504668396507,0.009686636774045184,0.06724001019944749,0.028826509704166454,0.005053509963801766,0.385938115020593,0.07508238029821233,0.013162521610728626,0.48325932991504666,0.05632711215734393,0.009874578137989946,0.5520651257435482,0.0601677344379959,0.010547868909632292,0.06603993963302733,0.06482179215012349,0.011363761199809407,0.1747091228167216,0.03924648542164796,0.00688021224761153,-0.13877071418069925,0.05013455309339,0.008788974669089964,0.04014267611565689,0.07965290204707842,0.013963769400860122,0.3113639227549235,0.10579853103480322,0.018547300253373786,0.9163267906506857,0.07430860779838296,0.013026873310683532,4.479796826680502,3.0047627711838483,0.5267581389100141,0.11923005330562592,0.05987281647920693,0.010496167511907104,0.30296986377239227,0.10614444522992873,0.018607941685500916,0.44991006616751356,0.038446293219516904,0.006739932369543556,0.07450525916119417,0.011260129014848684,0.00197398765074936,0.3488665352662404,0.03481752630538008,0.006103781481173809,0.5351730622053147,0.043723945948281856,0.007665145686174962,0.4193302499453227,0.07307620759163362,0.01281082402868187,0.1268850344121456,0.025576800431675414,0.0044838108099143,0.24596280590693154,0.04920985722758747,0.008626868336437282,0.5768964023590087,0.09587708151261286,0.01680799346492487,275178,0.5747043620792439,0.15180215874834638,0.3650000000000001,0.5850000000000001,0.765,9236,0.4733641487326442,0.09414332677638271,0.3450000000000001,0.485,0.5750000000000001
hpre_cos__hpre_raw_logit_gauss,hpre_cos,hpre_raw_logit_gauss,hall,10,125,153,61.26,3.145536520214021,0.5514368652166847,2.74,3.145536520214,0.551436865216681,0.5589286854664486,0.09861692808758979,0.017288309746987033,0.272637487590313,0.05943496585695618,0.010419408913488191,0.27484929347038267,0.07425809483619007,0.013018017997974413,0.5149273325999577,0.0677514245196728,0.011877348398597257,0.1422273999452591,0.023516361074075884,0.00412259986449299,0.3493880796233813,0.08225906241747893,0.014420649457941075,0.49450017662843065,0.07550602249629022,0.01323678936256693,0.7171103477080664,0.06334937519131055,0.011105635125976876,0.06578474233547846,0.03716754912017731,0.006515758644958671,0.23122222501039505,0.03152355527372431,0.005526322898786332,-0.16758751542369524,0.038619704740255716,0.006770332749502318,0.00615929067817827,0.042362404085197154,0.007426456873625545,0.40187998680273695,0.09037354671158163,0.01584318127508417,0.43729315042495726,0.050279554279668744,0.008814394497822014,0.07961268508434295,0.027519980221146087,0.004824465246692296,0.3343439375956853,0.06854150372842499,0.012015855390758182,0.44257795008023576,0.05241140257465839,0.009188123981918622,0.5333084179162979,0.058731129186164376,0.010296020904837899,0.0477174911055093,0.05251262179912941,0.009205868494335908,0.14403259195884066,0.03750842800184806,0.0065755173477170465,-0.12114142372707526,0.04324548076071957,0.007581267040529256,0.028652401357578735,0.05924919535819547,0.010386841909154261,0.2474548869431019,0.09984473520603539,0.017503553825107068,0.8906778737703959,0.068432503197457,0.011996746755166869,4.9695010175704954,2.685219477445598,0.47073972962826593,0.14132990396022796,0.05923444804488512,0.010384256591142543,0.33406122926870985,0.0886658313903034,0.015543805579587842,0.48445600314935044,0.0345014046555156,0.00604836291251051,0.08001712308327358,0.011915616920944056,0.0020888997472396876,0.37358290056387583,0.042057592440093224,0.007373021036216728,0.5691161247094472,0.03594484503943438,0.006301409168791516,0.48507268460591635,0.06775142507435088,0.011877348495836612,0.1422273999651273,0.02351636132443005,0.00412259990838201,0.28288963590065636,0.06334936705194948,0.011105633699083966,0.6506119102636972,0.08225906068045034,0.014420649153426536,284568,0.5088784583877469,0.1605741746443777,0.30500000000000005,0.495,0.735,9396,0.43497342300090247,0.0994754767524315,0.30500000000000005,0.44499999999999995,0.555
hpre_cos__hpre_raw_logit_gauss,hpre_cos,hpre_raw_logit_gauss,hall,11,125,153,60.372,2.9992692443326425,0.5257950811911336,3.628,2.9992692443326923,0.5257950811911423,0.5100877604881923,0.08785290912687703,0.015401294023378602,0.2425100440979004,0.05622694826407751,0.009857018633289942,0.23834793428579965,0.07262533584486229,0.012731782726488554,0.541506581902504,0.07122543239358148,0.012486368831014916,0.13411251389980317,0.022030146592318407,0.003862054978241209,0.3786915731827418,0.08799440058258905,0.015426098569214071,0.5284677981932957,0.07915702834122236,0.013876838907399488,0.7267306303977966,0.05465323487790694,0.009581134512777366,0.06759861079851785,0.03730875818433685,0.006540513685372259,0.2231785361766815,0.02630330998108238,0.004611173549434394,-0.16308949427306652,0.026808207033304696,0.004699685905258409,0.013621265751464913,0.04040988151032889,0.0070841645743528895,0.3883745095332463,0.08342667731846383,0.014625341375088358,0.4820857789516449,0.050044756921380176,0.008773232706062879,0.07912669255087773,0.026222251139703782,0.004596963308001601,0.3818902623653412,0.07128392305210249,0.01249662269555345,0.4853701700369517,0.05256123386224447,0.009214390564743808,0.5764960682789485,0.0511941750262199,0.008974734584194942,0.04465195399328756,0.04862875099551757,0.008524995922332006,0.11999954757094383,0.030676889213673227,0.005377895794208267,-0.09981602002183597,0.04039071662980371,0.007080804822663108,0.03537507679127157,0.05362885468439364,0.009401552746973357,0.2007677940328916,0.08483888949681309,0.014872913085556612,0.8844643574555715,0.062074436259947206,0.010882128476750028,5.755133806546529,3.195776357482959,0.5602442970155355,0.1525265209674835,0.055968343727500265,0.009811683259160741,0.3551447454690933,0.10094751460970165,0.017696879578432568,0.47104892249902086,0.03640424837516085,0.006381946124473039,0.07598083582520485,0.00968699136447416,0.0016982044611719446,0.36770603092511495,0.03623820810190237,0.006352837981173166,0.5558403852383297,0.03880969661331688,0.006803639793379962,0.45849342489242556,0.07122543621500448,0.012486369500939905,0.1341125140984853,0.022030146454554325,0.003862054954090101,0.27326936568816507,0.054653232874146467,0.009581134161502669,0.6213084246714909,0.08799440252353598,0.015426098909477068,276324,0.533498752027596,0.1583196776104026,0.32500000000000007,0.535,0.745,9260,0.47901619484821095,0.1009168136118706,0.3450000000000001,0.485,0.5950000000000001
hpre_cos__hpre_raw_logit_gauss,hpre_cos,hpre_raw_logit_gauss,hall,12,125,153,61.52,2.973482806407285,0.5212745193081972,2.48,2.973482806407328,0.5212745193082048,0.6308149168093999,0.1220141470642386,0.02139002308089984,0.30419387159744893,0.07255131087388265,0.012718805576904548,0.30348974128564205,0.08748370392303782,0.015336569497397604,0.5281265100240707,0.06344833426455099,0.011122983416413745,0.14254947469631832,0.02238900439774573,0.0039249655253010525,0.36352777816851933,0.07576724321337791,0.01328258337336121,0.502052737236023,0.07151060876398714,0.012536362452999527,0.7375520178476969,0.05739920661000908,0.010062524582227587,0.07506894267350435,0.035010667536103164,0.006137640631792345,0.23788836109638214,0.03242358200744133,0.005684104541905948,-0.16769986930241187,0.036418825737554825,0.006384501648775493,0.011166050390029948,0.04192214720224938,0.007349276439107406,0.42757475550969437,0.09017825183202832,0.015808944573179204,0.478230038801829,0.04707363990675753,0.008252372928340765,0.09350050429006417,0.026582742346936968,0.0046601602030232865,0.3631103605230649,0.062223347642434784,0.010908233793101099,0.47171489981810255,0.05226517319032685,0.009162488840574638,0.5958421657880146,0.054495408538663116,0.009553466335599338,0.06041106066356102,0.049995577263367834,0.008764611131882297,0.13845512900749843,0.03465320511822782,0.006074974706955922,-0.10432927388480555,0.044658877999975234,0.007829046501334255,0.04400398414426794,0.06052519132243168,0.010610533864413988,0.24841424118479094,0.08624228875288456,0.01511893982263065,0.8513139126300812,0.05786088448610443,0.01014346028241669,6.3262817570368455,2.5964705223827784,0.45518135182638686,0.18716615863641103,0.05466933704039793,0.009583957346322673,0.38053496964772543,0.08788956302173144,0.015407719734460517,0.47747417565186817,0.033193558621540886,0.005819087393842548,0.08130276443064213,0.011426484710980015,0.0020031510901168865,0.3600696402788162,0.03892834246325744,0.006824439327940041,0.5629780562718708,0.03404620247720487,0.0059685624521965425,0.47187351206938427,0.0634483372484829,0.011122983939520072,0.14254947476585705,0.02238900368894632,0.003924965401043038,0.26244797122478486,0.057399202559494156,0.010062523872141012,0.6364722193479538,0.07576724571526387,0.01328258381196116,286468,0.5214576912413647,0.15925756793991747,0.32500000000000007,0.505,0.755,9426,0.47527014807027895,0.10980748642463668,0.3350000000000001,0.475,0.6150000000000001
hpre_cos__hpre_raw_logit_gauss,hpre_cos,hpre_raw_logit_gauss,hall,13,125,153,60.965333333333334,3.826358640332166,0.670790245244389,3.0346666666666664,3.826358640332143,0.670790245244385,0.6093618953227997,0.11344193767073303,0.019887248515874572,0.3006578263441721,0.0710611826496066,0.01245757458133824,0.3060263653794924,0.08891137065235308,0.015586850510105157,0.5069815976222356,0.06892686679718024,0.012083412515350148,0.14185678940018015,0.019975168842048547,0.0035018014947999347,0.3438279677430789,0.07873885578351478,0.013803530025795334,0.4837514505783717,0.07609913388684889,0.013340766373748387,0.7114624927838644,0.06538890775713382,0.0114631809492021,0.07477155988166728,0.042000354390763474,0.007362986763751384,0.22936186160643895,0.029202295003651724,0.005119388031409949,-0.16007963433861733,0.03933095036566474,0.00689501960516405,0.015771849318873137,0.049522169537538234,0.008681619098369658,0.4102586023211479,0.08523018477986903,0.014941510173168158,0.4609448966185252,0.056628491488058284,0.009927412264156416,0.09418828000624974,0.024938002811207338,0.004371824649500932,0.3438331246972084,0.07011220603445657,0.012291211645648442,0.4566336106856664,0.06214574100575538,0.01089462874983567,0.5816774637301763,0.06042932878049939,0.010593728419849879,0.062126929181550314,0.05294520456303914,0.009281703596470065,0.1272431231737137,0.03035682832790365,0.005321786647042733,-0.08768581848700222,0.046699533999689916,0.008186789271204153,0.04473420650884509,0.05640060533683044,0.009887462060414758,0.2344361300468445,0.08512355729666159,0.014922817551191589,0.8401945037047068,0.061030949667801544,0.01069919721158408,6.882149681091309,2.9479632007937346,0.516800735191984,0.19230784269173942,0.053402318854428116,0.009361839264986203,0.3905288524230321,0.08521357270702476,0.014938597948396604,0.48870518974463145,0.03549391029823637,0.00622235682318829,0.0791780913968881,0.010004783967528831,0.0017539159608450099,0.37738161166508993,0.04237430994795025,0.007428544063391767,0.5717001970609028,0.03470523515214008,0.006084095974063556,0.49301841036478683,0.0689268640227337,0.012083412028968224,0.14185679079095526,0.01997516836753981,0.0035018014116148847,0.2885374943614006,0.0653889112374938,0.011463181559336103,0.6561720244089762,0.07873885892306765,0.013803530576183217,282317,0.49822816206355575,0.15952564954839932,0.30500000000000005,0.485,0.725,9353,0.4561542713691828,0.11406156989007059,0.30500000000000005,0.45499999999999996,0.6050000000000001
hpre_cos__hpre_raw_logit_gauss,hpre_cos,hpre_raw_logit_gauss,hall,14,125,153,61.392,2.951327836754101,0.5173905818825744,2.608,2.9513278367541615,0.517390581882585,0.6522237872282663,0.12293984840791526,0.021552305681595635,0.3269610304832459,0.07381771487648567,0.012940815987149525,0.33790918336311976,0.0895228554234851,0.015694048516916997,0.48953629326820375,0.05768009614309209,0.010111766688494703,0.14924561758836108,0.0190819062930362,0.0033452056655423807,0.32139239662885666,0.06329300862925034,0.011095753631965988,0.46016997877756755,0.0655016756114875,0.01148295002570221,0.7090791112581889,0.058368731941611726,0.010232489866741516,0.06997269621739784,0.03487172726032741,0.006113283327518888,0.23288792141278586,0.030869435182296914,0.005411650590779737,-0.16773058697581292,0.032969340211616766,0.005779780173501003,0.009901055423542858,0.039919051942145754,0.00699811835721466,0.41192930297056835,0.087457229787317,0.015331928376775607,0.45603666551907857,0.04490788647650555,0.007872699611965097,0.10647064324716728,0.026023033519211737,0.0045620389192895005,0.3241930010716121,0.05688666725478083,0.00997267247161594,0.4480775764783223,0.051155752336537005,0.00896799878970781,0.5912635160684585,0.054727142933693275,0.009594091166224297,0.0604328579736563,0.04045574643504793,0.007092205050166137,0.1316641195019086,0.034289225368410725,0.006011166243454809,-0.09494903132754068,0.04165133321638672,0.007301800654146316,0.04507833381618062,0.048655657179350116,0.008529712784327478,0.23937666465093693,0.08263428558618234,0.014486428979678244,0.8227815090020498,0.062311849334301346,0.010923748823753469,7.019197536468506,3.434586020502968,0.6021094768069456,0.20908909273147583,0.06027440274262805,0.01056656868792014,0.4196128791173299,0.0821768998647836,0.014406245727383393,0.49742440795898435,0.029443082699480795,0.005161599975641866,0.08234082129597664,0.01036955777536406,0.0018178636288543213,0.3794186774094899,0.038015422428491014,0.006664397389488521,0.5818252931435902,0.027534847730664957,0.004827071636028417,0.5104637246529261,0.05768010627411829,0.010111768464541905,0.14924561647574108,0.0190819062579121,0.0033452056593848553,0.2909208806951841,0.058368734178490415,0.01023249025888364,0.678607594648997,0.06329300745712646,0.01109575342648361,286451,0.48309123837149776,0.1614885992288398,0.29500000000000004,0.45499999999999996,0.725,9429,0.4527501702902868,0.1198999671324219,0.29500000000000004,0.45499999999999996,0.6050000000000001
hpre_cos__hpre_raw_logit_gauss,hpre_cos,hpre_raw_logit_gauss,hall,15,125,153,60.56133333333334,4.091103409975182,0.7172020496905588,3.4386666666666663,4.09110340997525,0.7172020496905704,0.594170079310735,0.09818065904834224,0.017211828412293326,0.2772062231699625,0.056959165566738135,0.009985381986073117,0.2667752398252487,0.06754532921458006,0.011841218298614033,0.5566728914181392,0.05682722535663784,0.009962251847419128,0.13094621671239537,0.019192426662797142,0.0033645807406215973,0.4024315750201543,0.06839003123111285,0.011989301091182394,0.5380229559342067,0.0650358355875944,0.011401284668833106,0.7426057724952698,0.046637933966554086,0.008175990309261928,0.08897989641875029,0.04016423897980513,0.00704110154007386,0.23535950934886932,0.025082944260093755,0.004397234005806372,-0.16059052368998528,0.03646888255697919,0.006393276996131567,0.03157880790438503,0.049342412314573966,0.008650106267762074,0.43531224159399673,0.07146951195780779,0.012529157865221156,0.4936008705298106,0.05270142512417896,0.009238967176560309,0.08816086391111215,0.024683510460068326,0.004327210173263927,0.3840440380175908,0.06644801880967387,0.011648851303043448,0.4899598896900813,0.05814693989368234,0.01019360800641206,0.6063213392496108,0.05615283405294072,0.009844025839216612,0.0755039813450227,0.04157700388186013,0.007288770147279971,0.13652321148912114,0.03412241962343213,0.005981923907045735,-0.08565187243154894,0.043715640685814426,0.007663689709469427,0.06032181970899304,0.04653551669767614,0.008158035770399901,0.2626806679368019,0.08199489338088399,0.014374338583948324,0.8531314318974813,0.059952900793455624,0.010510206911201478,6.295682881991069,2.7041031063005345,0.4740501757263366,0.17971344888210297,0.051991226232442976,0.009114463821402121,0.36748234677314756,0.08195612846993096,0.014367542795427362,0.46349037579695385,0.030500546301587363,0.005346981518688365,0.0759532439907392,0.009545073234982592,0.001673325116124976,0.35724621586004895,0.032097706880772986,0.005626976113370056,0.5456529328028362,0.031625853145472324,0.0055442565064086095,0.4433271283308665,0.05682723313669499,0.009962253211323283,0.13094621680180232,0.019192426816826712,0.0033645807676241715,0.25739422003428136,0.04663793422876856,0.008175990355230152,0.5975684235493343,0.06839003058866105,0.011989300978555628,278892,0.5508474887221829,0.14475710682833431,0.3750000000000001,0.535,0.755,9295,0.49070188307903223,0.10722431100954755,0.3450000000000001,0.495,0.6250000000000001
hpre_cos__hpre_raw_logit_gauss,hpre_cos,hpre_raw_logit_gauss,hall,16,125,153,62.026666666666664,2.7787607149792146,0.4871382315889162,1.9733333333333332,2.778760714979091,0.4871382315888946,0.6253302958011627,0.09810947587918147,0.017199349452533694,0.3024106022516886,0.06093462321179365,0.010682310439296723,0.30082610315084457,0.07465575628383518,0.013087731123445303,0.5257473290363949,0.05507354355416724,0.009654817872474804,0.1331482240160306,0.015683286184925222,0.0027494012911739685,0.3751770363648732,0.06199807597556887,0.010868741928676576,0.5001532475153605,0.0614386305912158,0.010770666828602199,0.7198313740094503,0.050451766462659565,0.008844584624603349,0.07124190755436817,0.03126707523972758,0.005481359966380702,0.23346908670663832,0.02609003167457784,0.004573784213783132,-0.1728022566040357,0.03603329072653839,0.006316914381376124,0.011952262419120719,0.03628473954980141,0.006360995303651714,0.4146839103301366,0.0701734549698,0.012301949057433871,0.4931146778662999,0.04617590362157375,0.008094992818552901,0.0977929709404707,0.024748741196808293,0.004338645625611246,0.3752434939146042,0.05731543664539756,0.010047839059936609,0.4847759981950124,0.05290405606786463,0.009274489947211313,0.6229235610167186,0.052322116554754584,0.00917247145249891,0.07065409077952305,0.045500362817502686,0.007976565294049845,0.15009481392304105,0.03677619944533282,0.0064471520220461724,-0.10655459080760678,0.05211193190742672,0.009135624459213558,0.05404047430989643,0.05164370621984024,0.00905354087705917,0.2754292556544145,0.07859215182072099,0.013777811687178695,0.8205782820383707,0.06695722129200297,0.011738118434043732,7.42755592695872,3.197849361368527,0.5606077106198263,0.2089491922855377,0.05701039820181922,0.009994363463002203,0.3914677694241206,0.07901691995922801,0.013852276825077108,0.48005639561017355,0.028822378946900158,0.00505278581012456,0.07563733978072801,0.00794910748696424,0.0013935399845822777,0.3727520362138748,0.03318500105880293,0.005817587186949451,0.5581709521611531,0.028126499810051865,0.004930792818681814,0.47425270171960193,0.055073555977713386,0.00965482005041847,0.13314822356899578,0.015683286896660865,0.0027494014159467283,0.2801686113079389,0.0504517682406471,0.008844584936298307,0.6248229625225067,0.061998073389567386,0.010868741475330528,290933,0.519552334216085,0.14610074750573426,0.3450000000000001,0.495,0.725,9502,0.49034888617391714,0.11314426205220506,0.3450000000000001,0.485,0.6450000000000001
hpre_cos__hpre_raw_logit_gauss,hpre_cos,hpre_raw_logit_gauss,hall,17,125,153,62.308,2.6868449899463327,0.4710246945339395,1.692,2.686844989946387,0.471024694533949,0.6935747565031052,0.10273191687143614,0.018009699087337676,0.3282625034650167,0.061945722857911986,0.010859564022491252,0.32115097043911617,0.07409043926786732,0.012988626680964451,0.542793492436409,0.04962293568836875,0.008699284183475759,0.14202173178394634,0.015981929361652818,0.0028017557483976325,0.38004168939590455,0.05401133314305946,0.009468604177120235,0.5136403557459515,0.06197151162481345,0.010864084992661702,0.7523923865159353,0.040146563410492414,0.007038002876151159,0.07559091334293284,0.03848023012410481,0.006745881771230947,0.24567612393697102,0.023691063467993687,0.00415322654449775,-0.18958184362451236,0.037756818876179515,0.006619062187908713,0.0161390087188532,0.04908716271939348,0.008605359040791528,0.4371605979601542,0.06468808627323995,0.011340321526120706,0.4953636235396067,0.04222537139684769,0.007402433984172491,0.114103017359972,0.02419166681775174,0.004240986181091882,0.3555200942556064,0.052708956314097846,0.009240287452364939,0.4872348984877269,0.05050731992564773,0.00885432357606211,0.6401935832500458,0.04726089515992433,0.008285200221598397,0.08332110613398254,0.04132102954458429,0.007243895867418263,0.1628855476578077,0.0355811237268489,0.006237646011334679,-0.1143984372515115,0.05144436473455714,0.009018594773891794,0.07347222945497682,0.053893207200923825,0.009447895786416952,0.3024912302096685,0.07245613385717722,0.012702120310211428,0.8223702556292216,0.048641599646667505,0.008527248390191417,6.456474479039509,2.5819830246236215,0.4526415814890202,0.21172469083468118,0.051989756585890785,0.009114206181001984,0.4117637540499369,0.06650490585806451,0.011658824042331126,0.47018083226680757,0.026557013113255087,0.004655649669486389,0.08180533439914386,0.008359160875789685,0.001465425513124797,0.35070272934436797,0.02820886548574067,0.004945232158270279,0.5561359805266063,0.024697203894119227,0.004329610738095572,0.45720653637250264,0.04962294149866812,0.008699285202066148,0.14202173193295795,0.015981929420296435,0.002801755758678312,0.24760760494073233,0.04014656521183807,0.007038003191940976,0.6199583046038945,0.05401133375083324,0.009468604283667678,293915,0.5379741068231754,0.15215094981822816,0.3550000000000001,0.515,0.755,9552,0.49256308873494464,0.12592528750263748,0.32500000000000007,0.495,0.6550000000000001
hpre_cos__hpre_raw_logit_gauss,hpre_cos,hpre_raw_logit_gauss,hall,18,125,153,62.308,2.924916409061966,0.5127604544627036,1.692,2.924916409061975,0.5127604544627051,0.7221466770172119,0.11547188065272791,0.0202431132109326,0.3570868205428123,0.06618559945649483,0.011602847162077571,0.3633958352804184,0.07736477226575954,0.013562642564242253,0.5018326768875122,0.04358926482892263,0.007641535044942199,0.14510802369316417,0.015574554394931921,0.002730339767952733,0.34251753505071003,0.04694640993440044,0.008230068530770641,0.46570107396443683,0.05420555379782147,0.009502652559116136,0.71694841893514,0.0407354294053233,0.007141235636647023,0.06580130054056645,0.03740588659550553,0.006557541046597967,0.24044317026933035,0.02437574140670834,0.004273255879328725,-0.19164926633238794,0.04142989256632255,0.0072629803965787365,0.008167851930600592,0.04750218314293213,0.008327499870039683,0.4150687842766444,0.059633535084340564,0.010454219633876804,0.4656627392371495,0.04046966940479329,0.007094645854379201,0.12388992513219516,0.024769863715461613,0.004342348566396329,0.31866706426938374,0.049578584927351906,0.008691509152263138,0.4504512300491333,0.049253089476969825,0.008634447283914912,0.626778149763743,0.046547659304505384,0.00816016446323257,0.06690874272026122,0.03953161976904587,0.006930198502638071,0.1664597268899282,0.03770247511529807,0.006609535306579575,-0.1312514687720686,0.054554904742005646,0.009563896479917379,0.053610181997219716,0.04876339182847304,0.008548599501046802,0.2944514752626419,0.06866799173302705,0.012038029715645859,0.796625124057134,0.0473912864069897,0.008308058815059752,7.308170208295186,3.031664638167861,0.5314742441285701,0.24037741112709046,0.04999123028332676,0.008763849072681393,0.4334358053604762,0.06395462392783437,0.011211739907720864,0.4919057490030925,0.022630952255987966,0.003967380854971399,0.08063512157400449,0.008379100220689219,0.0014689210344055752,0.37521798352400465,0.02677174485547782,0.004693293803653289,0.5729528919061024,0.021073799614244458,0.003694399960962101,0.49816735287507374,0.04358927319731425,0.0076415365119859345,0.1451080234547456,0.015574554137369738,0.0027303397228000915,0.2830515719254812,0.040735430216611884,0.007141235778872182,0.6574824603398641,0.046946412373953667,0.008230068958443177,294060,0.4975766195242627,0.15226853541366658,0.32500000000000007,0.46499999999999997,0.725,9553,0.46342969287643504,0.13346708503057272,0.29500000000000004,0.45499999999999996,0.6450000000000001
hpre_cos__hpre_raw_logit_gauss,hpre_cos,hpre_raw_logit_gauss,hall,19,125,153,60.601333333333336,3.551894392824423,0.6226745412024509,3.3986666666666667,3.5518943928244515,0.6226745412024558,0.6269660143852234,0.09915636438381066,0.01738287709925287,0.3016316122213999,0.05844180688735565,0.010245300469558542,0.29838722928365075,0.06884521084055294,0.012069097594998893,0.5294925178686779,0.04740048611019827,0.008309671594140734,0.13477873241901397,0.01312466935533468,0.0023008559842817564,0.37331622330347697,0.049889317909355,0.008745983045798973,0.5069866993029912,0.05558074645580484,0.009743734461524232,0.7210026717185974,0.04607463951286465,0.00807724043758175,0.08597016999125481,0.04298984339103206,0.0075364518336903516,0.23542898378769556,0.02279604529488655,0.003996322940766396,-0.17091835898160934,0.04041015123335047,0.0070842118588833785,0.03504334975065042,0.05321898513463796,0.009329699446840738,0.42626194965839387,0.06490016963596056,0.011377501378890405,0.4734195405642192,0.041473429353335554,0.007270612731856925,0.10327549372116725,0.02143352018716973,0.0037574617578330412,0.3449288189013799,0.04934850606044999,0.00865117454851536,0.4695085023244222,0.048483522825921846,0.008499536301670036,0.6073226301670075,0.04736098191962006,0.008302746204187259,0.0822533196049432,0.046760706236920906,0.008197513237217636,0.1618086022635301,0.034233082687910935,0.006001323997611941,-0.11815897216601297,0.054786656867783855,0.00960452441887952,0.07498575880937278,0.060507283243482264,0.010607394439754806,0.3012915296753248,0.0701098555503287,0.01229079958761291,0.8163876040776571,0.05995476515066986,0.010510533747431565,7.433076217969258,3.188345583720991,0.5589416249393724,0.20794948824246726,0.050744285795223484,0.00889586552461126,0.4007887054681778,0.07161967250197927,0.012555482169270729,0.478242858171463,0.02533291783436241,0.004441056305530406,0.07628721832732359,0.007299076739874647,0.0012795845702464252,0.37220632596810654,0.03065755390632368,0.005374506165378871,0.5592900329430898,0.022734764804751815,0.0039855799971821515,0.4705074939727783,0.04740049596494577,0.00830967332175414,0.1347787329852581,0.013124670232345967,0.0023008561380286137,0.2789973177512487,0.0460746374702625,0.008077240079497805,0.6266837697823842,0.0498893197826669,0.008745983374205029,278628,0.5239638356714643,0.14389389547642803,0.3550000000000001,0.505,0.725,9294,0.47010138441676447,0.11472770191968178,0.32500000000000007,0.46499999999999997,0.6250000000000001
hpre_cos__hpre_raw_logit_gauss,hpre_cos,hpre_raw_logit_gauss,hall,20,125,153,58.868,5.3453321692856495,0.9370780456785874,5.132,5.345332169285647,0.9370780456785869,0.6392503205537796,0.12511377735853657,0.021933412229884208,0.2888323147892952,0.07572604441642118,0.013275360905811233,0.27125977093974746,0.0886477781106925,0.01554064070013038,0.5874341161648433,0.06884960843643842,0.012069868527548553,0.13383899115522702,0.022695518236735445,0.003978699770455047,0.42700501696268717,0.08149413495972208,0.014286551762138482,0.5690422342618305,0.08688579802540083,0.015231751972066478,0.7754576497077942,0.04220219054799839,0.007398370202194322,0.11307391731937726,0.06976035079347725,0.012229528702262207,0.24925731670856477,0.029265664896955583,0.005130497263519649,-0.17414132734170804,0.07721680532306015,0.013536702815486037,0.07158569685959569,0.08824777731976698,0.01547051746970063,0.4666559228897095,0.06615117790431815,0.011596812797921817,0.5193410983085632,0.06044886695464681,0.010597153612796987,0.10715210220714409,0.031443105817189655,0.0055122194872268835,0.37970121530691786,0.08771525485051224,0.015377162164741939,0.5260271715323132,0.0678965707109698,0.011902793647829814,0.6472115460236868,0.04960250861707881,0.008695703159988891,0.11388634961843491,0.0628019324664459,0.011009664184884606,0.15422454663117724,0.039032883684178774,0.0068427662120122265,-0.07794160352088511,0.08614886783197186,0.015102562413103624,0.1103203158142666,0.0771404065040283,0.013523309511989975,0.3165808988809586,0.07101314066263208,0.012449152449684144,0.8468059136072794,0.05575491224039014,0.00977426706976532,5.842541327476502,2.3994697134104177,0.42064558730839036,0.17886882090568543,0.05571264239468173,0.009766856839090569,0.39520080431302385,0.0829561773630752,0.014542859096209445,0.44518828308582303,0.03884175105460426,0.006809259184700391,0.07976103817423184,0.010399760136300082,0.0018231583361736216,0.33350376415252686,0.03162146447083675,0.005543487137823015,0.5336479855378468,0.03983440494741372,0.006983279084764607,0.4125658944050471,0.06884962433384031,0.012069871314485984,0.1338389910360177,0.022695517977835693,0.003978699725067919,0.22454234224557876,0.04220218865372701,0.007398369870113908,0.5729949809312821,0.08149414001853672,0.01428655264898779,265550,0.5751308046260856,0.15329887365573697,0.3850000000000001,0.5650000000000001,0.785,9055,0.5129321487485737,0.12910277707246673,0.32500000000000007,0.535,0.665
hpre_cos__hpre_raw_logit_gauss,hpre_cos,hpre_raw_logit_gauss,hall,21,125,153,54.368,5.482387800949505,0.9611049572719924,9.632,5.48238780094951,0.9611049572719933,0.5237735529343288,0.10911413206968092,0.01912855074251379,0.22814765355984368,0.0696240659983805,0.012205636924277148,0.20751615258057912,0.08445989059494043,0.014806471648610584,0.6190433789491654,0.08532765025956103,0.014958596625111353,0.12142531216144561,0.02947855198266416,0.005167818015141464,0.4675414518515269,0.11327829564569179,0.019858560804024285,0.6097863896687825,0.09684341125068396,0.016977398537192583,0.7835216198762258,0.05281191227633931,0.009258336428337387,0.16985195131351552,0.09014003522326874,0.01580224490627082,0.22822758766015372,0.03222235297277415,0.005648827536741849,-0.09784029371105135,0.1110889395429627,0.019474749756728034,0.13784379858430476,0.10067734999180264,0.017649517632694754,0.48992300442854564,0.07916134522226699,0.013877595690013666,0.5516724888881047,0.07238731368649841,0.012690055602350328,0.09072075670957565,0.038258773691284574,0.00670705874682424,0.4320757770737012,0.11736870264875601,0.02057564076820052,0.5613670631249745,0.07581149622977092,0.013290341269185763,0.6589167294502258,0.04716581692732872,0.008268532272523275,0.16017078983783722,0.07306340622328272,0.0128085798498626,0.1266844035287698,0.0380955068855604,0.006678436813820469,0.0007206467049157559,0.10242071072176379,0.017955142243852102,0.15972744727010527,0.07864462228323,0.013787010164823607,0.32554408645629884,0.07124607978185228,0.012489988477771453,0.876588906844457,0.06452447445121123,0.011311639109091968,5.149666943868001,2.203846368048134,0.38635130280825725,0.1507770089308421,0.05741911143086621,0.010066014051176882,0.35870889759063723,0.11183875580852866,0.01960619834373857,0.42698487746715547,0.04824359310757477,0.008457474767522396,0.07431074538826943,0.01272557066128073,0.002230890898406292,0.326523650487264,0.039435814780193965,0.006913403147573802,0.5127352206707001,0.05596196884971986,0.009810565693811626,0.380956618309021,0.08532765241764163,0.014958597003439563,0.12142531289656956,0.029478552060374,0.0051678180287645994,0.21647837269306183,0.05281191108903347,0.009258336220193496,0.532458543419838,0.11327829723006405,0.019858561081776988,226942,0.601788908473517,0.15699570809862462,0.3750000000000001,0.6250000000000001,0.795,8363,0.5431416778491471,0.12831825818252024,0.3450000000000001,0.5850000000000001,0.6749999999999999
hpre_cos__hpre_raw_logit_gauss,hpre_cos,hpre_raw_logit_gauss,hall,22,125,153,48.272,4.198334908032012,0.7360005601389207,15.728,4.198334908031992,0.7360005601389171,0.4361814382870992,0.09073804280365119,0.015907080257373172,0.17558521645267805,0.050256415319449306,0.008810338059244435,0.1469307567377885,0.05546448182614499,0.009723352373284849,0.6728386798302333,0.06401776639435576,0.011222809270157716,0.1029067056576411,0.01884136110469519,0.0033030362347475674,0.5411811729669571,0.08649347992764327,0.015162975577131955,0.6717664021253585,0.06577004378682627,0.011529997041173726,0.8064961771965027,0.045900987343796024,0.008046797870110697,0.21904131052891412,0.07423104391920979,0.013013275763139438,0.21308019218842186,0.02032630660480031,0.0035633586587071773,-0.03457830660262455,0.08576236932032569,0.015034806236596547,0.19428969892611106,0.07775254745089663,0.013630622551480254,0.5126942068338394,0.07590922775156311,0.013307474360365477,0.5854815912246704,0.05395060280625331,0.009457957679666867,0.06022812354316314,0.021205229927214537,0.003717440710707946,0.508914891799291,0.07979958726472088,0.013989484453306843,0.5909294752279918,0.05234372917271532,0.009176260311480774,0.6542302703857422,0.044943348222065214,0.007878916330060999,0.1839215038816134,0.05755618683461984,0.01009004442897045,0.09950884479284286,0.024425739409681093,0.004282020915706212,0.06411047136935426,0.0691498161582616,0.012122497261620525,0.17735730232298375,0.06123666110592677,0.010735260016720824,0.312376584649086,0.06788908385371113,0.011901481143883189,0.9238482284545898,0.049484417046991094,0.008675000794971285,4.083896765391032,1.926548097242797,0.3377387725768491,0.11158410056432087,0.042070705489944175,0.007375319855212079,0.27620798321565,0.07909993741626097,0.013866830426973105,0.3967116752465566,0.03852945630253925,0.0067545115008011,0.06760437216361365,0.00772004147166587,0.001353382941549372,0.30882519896825156,0.036374107932005,0.006376662271819193,0.4767642612457275,0.04447049450796489,0.007796021419086699,0.3271613124012947,0.0640177681398206,0.011222809576151195,0.10290670542915661,0.018841360493010315,0.0033030361275144813,0.19350381602843603,0.04590098715975814,0.008046797837847433,0.45881881765524546,0.08649347694078754,0.01516297505351306,177495,0.6637242656153166,0.12675857861082204,0.485,0.6749999999999999,0.8150000000000001,7417,0.5814600840755368,0.08776775411501878,0.46499999999999997,0.5950000000000001,0.6749999999999999
hpre_cos__hpre_raw_logit_gauss,hpre_cos,hpre_raw_logit_gauss,hall,23,125,153,49.06,3.8815460837145426,0.6804650306371304,14.94,3.881546083714583,0.6804650306371375,0.48661752688884735,0.10041529926344132,0.017603578114508685,0.19682180094718932,0.04967180648414311,0.008707851611718692,0.16463217973709107,0.049880844438778306,0.008744497580911729,0.6672752579847971,0.0460627739128061,0.00807516030617709,0.10350902266303699,0.014055884831831598,0.002464105255082078,0.5338422108491261,0.061018207240420494,0.010696963365572406,0.6662831641832987,0.04582100179044789,0.008032775784365554,0.8003932422796884,0.04192186133586999,0.007349226324521514,0.2015042153696219,0.06132570829874988,0.010750870677907292,0.21423400177558263,0.02320522609375125,0.004068055497544168,-0.04922882305306848,0.07031439900820127,0.012326657636783535,0.17343395136793455,0.06258898793479395,0.010972333362544894,0.49640229817231496,0.07887034635480804,0.013826581339290994,0.5927726637125015,0.046569839533703736,0.008164052828851702,0.0564171270057559,0.011471367805750499,0.0020110194435511604,0.523297491510709,0.051726514783928666,0.009068057858407367,0.5952141794363658,0.047824282528010215,0.008383966381890448,0.6595020305713019,0.04846845891508265,0.008496895481664392,0.20353635930021605,0.055105224018163104,0.009660371702685397,0.10131179066499074,0.020663003164304736,0.0036223841680628056,0.08341044321462202,0.057005710923949036,0.009993541746961546,0.1942034632563591,0.060960862866771305,0.010686910453632037,0.3371510054866473,0.0665877419613008,0.011673345851504806,0.9252452970345816,0.03943078051585189,0.006912520602122612,4.281469242095947,1.758690154391825,0.3083119777478501,0.11605009595553081,0.03739158856329462,0.006555034491035668,0.266236545920372,0.056008027301459685,0.00981864009640747,0.40099480644861857,0.0289614925467126,0.005077173499441345,0.06807675059636435,0.007065226454587367,0.0012385888077047552,0.3140681449174881,0.033410472798026405,0.0058571141256046995,0.4816607362826665,0.032049423757945464,0.005618511708737085,0.3327247318029404,0.04606277047846355,0.008075159704110296,0.10350902290145557,0.014055884731191019,0.0024641052374390067,0.19960674357414246,0.041921860456975275,0.007349226170444477,0.46615778104464217,0.061018206448247084,0.010696963226698284,183366,0.6621748410184732,0.11518611801437895,0.515,0.665,0.805,7541,0.5890401868791103,0.07589777890942667,0.485,0.5950000000000001,0.6849999999999999
hpre_cos__hpre_raw_logit_gauss,hpre_cos,hpre_raw_logit_gauss,hall,24,125,153,52.156,4.382883069396265,0.7683532792792734,11.844,4.38288306939622,0.7683532792792654,0.49114216502507524,0.10629451271127593,0.01863424967491807,0.20306795980532966,0.052538297286070096,0.009210369605653641,0.17300182910760245,0.0518464861102159,0.009089089759216207,0.6541233486334482,0.04178914791230561,0.0073259606355707664,0.1026686950524648,0.011866280974510311,0.0020802507744908123,0.5245982100168864,0.05135216923880997,0.009002432190868132,0.6511338478724161,0.04190642332798307,0.007346519922411844,0.7859674900372824,0.04221023697853189,0.007399780803661214,0.16444590825835864,0.05167794129650252,0.009059542550615902,0.209921189169089,0.02397590289582927,0.004203161097845451,-0.06876883734390139,0.05294558666898981,0.009281770582596681,0.12890565052628516,0.05186313861192312,0.009092009071479926,0.45352092091242474,0.08351127245083122,0.014640171555665021,0.5897928785483043,0.044599273365716154,0.007818597348238433,0.0550402947117885,0.010782063469367697,0.001890179065449514,0.5228054618835449,0.04602545994977953,0.008068618880042644,0.5887303355534871,0.04625836974564189,0.008109449767518673,0.6581325376431146,0.047648153915690404,0.008353089674775951,0.1847050633430481,0.048144347933996794,0.008440076321484961,0.10868115290006002,0.022743876210481413,0.003987177297032577,0.05606383051459367,0.04486832041833184,0.007865763376143932,0.17179906021555266,0.052013353923146904,0.009118342976617087,0.3297799330155055,0.06761059931328103,0.011852660651417364,0.9186823689142862,0.04666035080378185,0.008179920154097464,4.713109800338745,2.15618214034138,0.37799539527366643,0.12622850918769837,0.040538446194176375,0.007106702957163847,0.2532707921266556,0.05066012238033406,0.008881111027445416,0.4094543287754059,0.02653550202672435,0.004651878609748984,0.0671516301383575,0.006997404298096752,0.0012266990594449333,0.32538099642594653,0.03328963996607268,0.005835931196193573,0.48675875254472095,0.02729931308793849,0.004785780592608524,0.34587664739290874,0.04178914467152008,0.0073259600674360145,0.10266869482398033,0.011866281270179219,0.002080250826323857,0.21403250137964883,0.042210237109987274,0.007399780826706359,0.4754017811616262,0.051352169609143426,0.00900243225579045,207936,0.6472268252785149,0.11152726291486939,0.505,0.6450000000000001,0.795,8022,0.5870355236592717,0.07222493832966811,0.495,0.5850000000000001,0.6749999999999999
hpre_cos__hpre_raw_logit_gauss,hpre_cos,hpre_raw_logit_gauss,hall,25,125,153,50.572,5.252696069638852,0.9208382213857019,13.428,5.252696069638901,0.9208382213857105,0.4922732384204864,0.10158800062264811,0.01780916172709772,0.19376715907454492,0.048719329119143194,0.008540874967521388,0.15758902298410735,0.04704741789883279,0.008247776007670226,0.6851219131946563,0.04188761480047447,0.007343222642160275,0.09629593570033709,0.013516445491914443,0.0023695373692327565,0.5632329474290211,0.054083701780701494,0.009481290958667636,0.6826484711170197,0.04339529349710849,0.007607530371186189,0.8078707197507223,0.03963349871645869,0.006948058669586339,0.1800825377702713,0.05798657044973788,0.010165494003323245,0.2118233522772789,0.02465692512413829,0.004322549558385739,-0.054999174904699126,0.05044581462214341,0.008843541220956498,0.1442146141479413,0.06116036856254791,0.01072188534416818,0.47014092751344044,0.09314731654232124,0.016329444566089164,0.6424682176907858,0.047417924549453504,0.008312728687331475,0.05193656200170517,0.011058053991546617,0.0019385623372385518,0.5801933405001958,0.05067237246016836,0.008883258561126577,0.6423776909510294,0.05051187163334804,0.008855121525604108,0.7058369333744049,0.048925628784448845,0.008577040893429524,0.2240656404197216,0.055183549938192786,0.009674102841881785,0.11388679041465123,0.021910088638829425,0.003841007891014325,0.08837664517201484,0.05398149700112379,0.009463373670822365,0.21654780603448548,0.06020340922647403,0.010554122975798502,0.3702512127359708,0.07156252096139802,0.012545463062457662,0.9272277817726136,0.04651210578118131,0.008153931655785178,4.421758427619934,2.3232331239245263,0.4072807239056756,0.1173355324268341,0.041186012629892826,0.00722022635866825,0.2454720709323883,0.05817118029039996,0.010197857535321252,0.3901849465370178,0.027429807024218423,0.004808657188282923,0.06597789578636488,0.007680873386699639,0.0013465164735075865,0.3081289111574491,0.032867997417353086,0.005762013998343939,0.46633954397837324,0.02953839905012742,0.00517830966865185,0.3148780835668246,0.04188761482621825,0.007343222646673361,0.09629593541224797,0.013516445777307153,0.0023695374192643044,0.1921292698184649,0.03963349973140432,0.006948058847514154,0.4367670449018478,0.05408369927622548,0.009481290519613633,194549,0.6792442089972754,0.10556577405465992,0.545,0.6749999999999999,0.8150000000000001,7750,0.6403862036428144,0.07192017400057833,0.545,0.6450000000000001,0.735
hpre_cos__hpre_raw_logit_gauss,hpre_cos,hpre_raw_logit_gauss,hall,26,125,153,52.35466666666667,4.635849484662367,0.8127002471631337,11.645333333333333,4.6358494846623755,0.8127002471631353,0.49752479028701785,0.09769287682059877,0.017126316417488394,0.192451671987772,0.044684245558457146,0.007833493630413052,0.15435506622493267,0.042304362413687374,0.007416281719980496,0.6932912219365438,0.04238301046265345,0.0074300693308693095,0.09966365785400073,0.01579598337802688,0.002769157980210429,0.56320871980985,0.05923496257529431,0.010384346792300303,0.6955304542382559,0.0440211020530719,0.007717239448193747,0.815652155160904,0.0355356600999531,0.006229675886131652,0.14970957733690737,0.05179516331278822,0.009080092476130855,0.2144052609205246,0.02325706107283696,0.004077142570033046,-0.08299815096779882,0.03964904936554024,0.006950784818568082,0.10936255482770503,0.05750366485766954,0.010080836920445804,0.4415690287748973,0.08088408692795367,0.014179605626842272,0.6578587278525034,0.04193714317322964,0.007351905348730645,0.05497827192644278,0.011331912315873495,0.00198657181826344,0.5891223470767338,0.04781994356021829,0.00838320572729875,0.6600125923156738,0.043811805195152466,0.0076805480912538054,0.7250735959211985,0.04233872708236441,0.007422306112019086,0.20592233383655548,0.05075042038583013,0.00889694096576153,0.13690954785545664,0.023518339720241255,0.004122946736459598,0.03273864868307525,0.06399257564998558,0.011218393137959378,0.21089308562874795,0.05470709129495863,0.009590575958966256,0.373698436319828,0.06715394870322082,0.011772606269822149,0.9277407089869181,0.03721006492537524,0.006523211994233063,4.21088853486379,1.9265121068986666,0.337732463191338,0.11392119995752971,0.036226868603433354,0.006350850079443621,0.25527744583288825,0.05945149104040203,0.010422305905876597,0.38443970374266306,0.02819529796820205,0.0049428536675765,0.06804609241088232,0.008446733848898023,0.0014807777322003782,0.3020024008353552,0.03024438370766881,0.005302074235982071,0.46609812625249225,0.03250510577765018,0.005698396288956322,0.3067087629040083,0.04238301312342735,0.00743006979732354,0.0996636582215627,0.01579598327396763,0.0027691579619680377,0.18434783706068994,0.03553565953896639,0.006229675787786345,0.43679127236207327,0.05923495999376614,0.010384346339738462,206966,0.6885544502554164,0.11113590695963016,0.545,0.695,0.8250000000000001,8000,0.6559575471878052,0.07180690776948372,0.5650000000000001,0.665,0.745
hpre_cos__hpre_raw_logit_gauss,hpre_cos,hpre_raw_logit_gauss,hall,27,125,153,54.5,5.009990019950131,0.878289974894395,9.5,5.009990019950139,0.8782899748943964,0.5227344872554143,0.0949170768399962,0.01663969722552051,0.20544843896230064,0.050233158149245984,0.008806260897542984,0.16888829601804414,0.05386411232186758,0.009442795229231386,0.6833134342034658,0.0655523085297917,0.011491826367644837,0.1079115513265133,0.0238677997070385,0.004184209773273751,0.5401392354170482,0.09347654593799971,0.016387161023909136,0.6872308988571167,0.06934543677103484,0.012156791067076678,0.8162916940848032,0.04616260278084153,0.008092661078364547,0.1300045530019949,0.06411518227121518,0.011239887026340956,0.2157678253451983,0.02498226076813694,0.004379583411439736,-0.10257606421038508,0.045312531189522706,0.007943636957832411,0.08844889021129347,0.07145873567921963,0.012527268700290096,0.42640531257788344,0.09600086527398301,0.016829693715071717,0.6569162226517996,0.05100980347023442,0.008942412825342548,0.07013644125064215,0.02444828557780604,0.004285973433247678,0.5687986862262089,0.07660688059501079,0.013429778296284847,0.6641293872197469,0.04888839977199326,0.008570514359786792,0.7382229936122894,0.04439414246297842,0.007782636315442326,0.17407010362297295,0.06716589164150913,0.011774699959216267,0.16534601842363678,0.03478335641275414,0.006097791234882484,-0.04464312323369086,0.09947648653961308,0.017438996987528745,0.18540411732097467,0.07161170550908896,0.012554085493836697,0.37554512375593185,0.07218420985752609,0.012654449931253437,0.9094535617828369,0.03794523678677511,0.0066520933040002984,4.625012439727783,1.768494032799624,0.3100306734111878,0.1266804743607839,0.033059589974179356,0.005795601654457987,0.3231196689208348,0.10241856918147184,0.017954766815286023,0.3887685370047887,0.042502386885026666,0.007450996940423749,0.0714796499411265,0.010866869268220157,0.0019050461774893434,0.3002876648505529,0.039503880795888055,0.006925335646236888,0.47670163452625275,0.04932213138903119,0.00864655086475431,0.31668656492233277,0.0655523170537973,0.011491827861968906,0.10791155116756757,0.023867799738183034,0.004184209778733629,0.18370830166339874,0.04616260526731304,0.008092661514262222,0.4598607580661774,0.09347654484325937,0.016387160831992695,225497,0.6732642181553067,0.13205960959935834,0.505,0.6849999999999999,0.8350000000000001,8345,0.6521742672745948,0.09289484844354877,0.535,0.665,0.755
hpre_cos__hpre_raw_logit_gauss,hpre_cos,hpre_raw_logit_gauss,hall,28,125,153,62.37466666666666,1.6788429878276907,0.29431415227559493,1.6253333333333333,1.6788429878275628,0.2943141522755725,0.9039922517935435,0.06814940744471994,0.01194711788154156,0.4208855709234874,0.04507816460424157,0.00790255068391111,0.40901700548330944,0.062358052568704574,0.010931848607869298,0.5491173669894536,0.04950472124251393,0.008678560277386418,0.15938211836417518,0.03049750510350049,0.00534644837315699,0.3490519738992055,0.08816990470756311,0.015456865798869922,0.5348785322904587,0.05168822224332305,0.009061344880059462,0.7783518455823263,0.045246106837462226,0.00793199225549343,0.04693099941685796,0.025163182056161738,0.0044113003116499966,0.2229007202386856,0.03373385100153187,0.00591380482421033,-0.19461466507116953,0.04714870372647631,0.008265532196138455,0.011795109526564679,0.024643607877679736,0.004320214942146751,0.3410092797080676,0.08031450545171953,0.01407975359151487,0.5817700758775074,0.036872886108097136,0.006464101941362127,0.13998568293452263,0.030075041668529392,0.00527238726760248,0.4071641261974971,0.06761415415916336,0.01185328384337749,0.601106231490771,0.043816189242622955,0.007681316648661596,0.740553273677826,0.044295847167516576,0.007765404390380672,0.06635666059950987,0.03716195438127141,0.00651477784398429,0.2128424153327942,0.03825306811604567,0.006706058515383981,-0.20019682539502778,0.049165604054335024,0.008619110413114058,0.059446677343919875,0.060778597176856526,0.010654957869378995,0.34475054615736006,0.07469850805868669,0.013095225840023879,0.8234886659781138,0.030177643071620738,0.005290374086615371,6.070381112734477,1.9481259936247766,0.34152154459757883,0.19539363904794058,0.0389677269392786,0.006831343731006338,0.5634205119212468,0.12216062532279093,0.021415701851818385,0.46485979958375295,0.026501752129162257,0.004645961991838677,0.09149515901009242,0.016191043070898956,0.0028384149979595093,0.3309353167613347,0.03546014643651049,0.006216437757252136,0.5691755123138428,0.03888965631276055,0.006817657346735813,0.4508826505343119,0.04950472706142947,0.008678561297487288,0.15938211744030317,0.030497505173143393,0.0053464483853659294,0.2216481450200081,0.04524610382637421,0.007931991727626427,0.6509480185508728,0.08816990316698022,0.015456865528793832,293086,0.5481922478198592,0.16856251687823,0.3350000000000001,0.535,0.785,9543,0.5806133338618825,0.14707306762780628,0.405,0.5950000000000001,0.755
hpre_cos__hpre_raw_logit_gauss,hpre_cos,hpre_raw_logit_gauss,real,1,451,967,58.1502798014993,3.677830984234544,0.33943730266220296,5.849720198500689,3.677830984234616,0.3394373026622096,0.6293241819250975,0.07289790244825883,0.006727951198094366,0.37398339560846,0.045929507787540194,0.0042389626665375515,0.45490384685594815,0.05968194034455896,0.005508213111217751,0.2780121315979061,0.030614150249527697,0.002825465506310606,0.1892695099120878,0.01537631952040374,0.0014191235119969225,0.08269946547532903,0.020906306191830752,0.0019295014406057844,0.23019222086845176,0.0316959688136475,0.0029253095657436824,0.5572972550912675,0.05832818761593496,0.00538327148756906,0.06657195289316101,0.02709534999757741,0.002500705594490548,0.2572614378479035,0.022837396277041674,0.0021077271428013252,-0.20442317287109077,0.031613010933008334,0.002917653151036362,-0.0027805971192754455,0.025614961936695223,0.0023640764420272626,0.45300388482754556,0.06350552745449119,0.005861102654171961,0.013869044809369683,0.00807676963562577,0.0007454276477338958,0.01785215691250518,0.003270239510000123,0.0003018195461107726,-0.008034541260124414,0.008359085800553534,0.0007714833957907801,0.013592980109980465,0.008179836254440128,0.000754939954100019,0.03604288190820967,0.010291935221637318,0.0009498714720121317,0.05563275392827269,0.05025442520732902,0.004638121385223324,0.31136527474127496,0.0368768434609509,0.0034034669697271787,-0.29554684265744735,0.04493351922114736,0.004147040097526637,-0.0041138759532647565,0.06662176594020706,0.006148709015252118,0.5120538998111608,0.0995967965145957,0.009192066766425044,0.9912704482600652,0.003409005044389585,0.00031462660518922055,1.8829274606476891,0.36515894751696276,0.03370154004342422,0.04533848670875611,0.013619453052168213,0.0012569773944423512,0.08533946296203887,0.018472857843186634,0.001704911689969523,0.5938812579704352,0.014121807124357974,0.0013033410560614987,0.08925259795825385,0.009420402788433556,0.0008694353074419204,0.4691869082016059,0.03204509865508995,0.00295753173477921,0.6771898201599807,0.00775391560776908,0.0007156305469864533,0.7219878667883124,0.030614149762660168,0.0028254654613762403,0.18926951017231924,0.015376319233520553,0.0014191234855196711,0.4427027205390168,0.058328189238787916,0.005383271637346696,0.9173005287167818,0.020906306239378083,0.0019295014449940604,1628266,0.27273818149541323,0.18987885277150585,0.07500000000000007,0.22499999999999998,0.555,56468,0.013622769236413165,0.021149707421685846,-0.015000000000000013,0.015000000000000013,0.03500000000000003
hpre_cos__hpre_raw_logit_gauss,hpre_cos,hpre_raw_logit_gauss,real,2,451,967,53.799429838454216,3.1935344225653894,0.2947402191675489,10.200570161545771,3.1935344225650404,0.2947402191675167,0.5460771040807065,0.05799494613768832,0.005352515699987715,0.29563012033002384,0.032856875659530646,0.003032452903786628,0.32815288369317774,0.039749825735561906,0.003668622535078218,0.3993249424494957,0.03181414894924598,0.0029362167408226235,0.16602234004796812,0.01110368208603607,0.0010247898593108238,0.20602679166617538,0.026314286989319223,0.002428619106049709,0.37180479672771743,0.03609707851148596,0.0033315002827610037,0.6354776667690792,0.0431770726586994,0.0039849327342510186,0.1240493630809943,0.048020792119178306,0.004431973143548014,0.2559863640014138,0.02324935997431445,0.0021457484240392185,-0.16585612818207376,0.0414889375429533,0.0038291300253515334,0.07465634539065705,0.05960942302216609,0.005501520284816854,0.49382165734021005,0.0695505818404734,0.006419017621994004,0.31235337948351666,0.025939107306022235,0.0023939927242888587,0.06186463676992672,0.011736395489593996,0.001083184748032613,0.23044589519057837,0.028029202224598076,0.0025868934270428805,0.3183501693832623,0.027350101331872295,0.0025242173072727086,0.3860200084170826,0.03379889848471067,0.00311939482368344,0.2048973225038773,0.06777835169043929,0.00625545354729811,0.2843519512306308,0.03207188419992362,0.0029600038475890845,-0.16926960613889258,0.07062235358725985,0.0065179344325701875,0.1977910125990917,0.09037505819698864,0.008340966758348762,0.5840706132733888,0.08117711002034689,0.007492062408885895,0.9127280745800436,0.03227749830053823,0.002978980547715086,5.033094286944443,2.108797780631793,0.19462684217574888,0.12731172550399236,0.03237837990371888,0.002988291192880312,0.27297871663274365,0.05591063906499977,0.005160149173710162,0.5412658829821375,0.015346365711889777,0.0014163589912753276,0.08398473605799918,0.00731729117535802,0.0006753332575652344,0.42604617064309563,0.025761190227242953,0.0023775722597331856,0.6299740680519472,0.01045403256904242,0.0009648318893362946,0.6006750451391635,0.03181414729928266,0.0029362165885428964,0.1660223403185836,0.011103682157508598,0.0010247898659072232,0.3645223146268103,0.04317707028519084,0.003984932515193279,0.7939732023802041,0.026314287076860822,0.0024286191141291674,1382564,0.39406878467547574,0.16837476464008086,0.19499999999999995,0.3650000000000001,0.6350000000000001,52077,0.3100460021065515,0.07161911182052051,0.21499999999999997,0.31500000000000006,0.405
hpre_cos__hpre_raw_logit_gauss,hpre_cos,hpre_raw_logit_gauss,real,3,451,967,55.180012670256566,2.7660870756254314,0.2552899086183784,8.819987329743427,2.7660870756254266,0.25528990861837797,0.5217784724796841,0.06623611945950618,0.006113116623499639,0.2660368278979776,0.036044903523671644,0.003326684907283979,0.2789941038474991,0.0420148861384441,0.003877671291483024,0.46634552486578335,0.03414903257462622,0.003151709677617859,0.15613824512025595,0.016463580224703657,0.0015194698417603555,0.27957789250943044,0.03437859035974808,0.0031728962073199825,0.44423526096524607,0.03970116735112702,0.0036641317167575077,0.686579717993862,0.04584209459575782,0.004230895058710304,0.13509539461123046,0.04881754883641755,0.004505508048261415,0.2643004129964375,0.02588672688136756,0.0023891583884715524,-0.16521733987831796,0.04500897222996377,0.004154003866634075,0.08302958394438353,0.05890339778325618,0.005436359241872165,0.5194265076828638,0.0788843097659035,0.0072804534640356295,0.40725591420567225,0.029739469245453946,0.002744738751333187,0.07603283991327006,0.017167447533836724,0.0015844317233335936,0.3036729545954061,0.0360520005045732,0.0033273399074905128,0.4237641569964486,0.032503576009364994,0.002999845891447618,0.48987013091948906,0.0379145678662875,0.003499241455983922,0.23460086662158652,0.06556922976832869,0.006051567509655945,0.29189218922091714,0.03525723017891644,0.0032539883324090814,-0.15013590946987476,0.07258483605576005,0.0066990574255747755,0.22907495660361804,0.0903692400594349,0.00834042978616972,0.6285623811020946,0.08290334924075606,0.007651381852122175,0.8754688230283079,0.06800817102598491,0.0062766642162199885,7.480290875929785,5.0162106934039645,0.46296010737119725,0.1490113941489825,0.05278651280863476,0.00487181482822707,0.34458282882893077,0.08204228425099944,0.007571911757168729,0.5093906856893158,0.01745791395558637,0.0016112396813760597,0.08303295739711736,0.010348782093681959,0.0009551180287447088,0.39456383537832684,0.030405299676130617,0.0028061901030641693,0.5999910536565445,0.014342213036341258,0.0013236829338082216,0.5336544644381375,0.03414903202707976,0.0031517096270832655,0.15613824541458976,0.016463580428161855,0.0015194698605380814,0.31342026902831366,0.04584209385103373,0.004230894989977636,0.7204221004909102,0.03437858989676985,0.003172896164590427,1450343,0.4604076466158498,0.1589762166927775,0.275,0.43499999999999994,0.6849999999999999,53364,0.4047173070332143,0.08602575899308226,0.29500000000000004,0.4149999999999999,0.505
hpre_cos__hpre_raw_logit_gauss,hpre_cos,hpre_raw_logit_gauss,real,4,451,967,57.95333650089747,4.6549620934264455,0.4296194642332997,6.046663499102522,4.65496209342632,0.4296194642332882,0.5537883704690857,0.11796297858874358,0.0108871330514651,0.2919627632578007,0.07273443729721643,0.006712864542348914,0.31634274369306103,0.09007530924489594,0.008313302089632251,0.44138073824206836,0.05708765197275125,0.005268778985226341,0.15296945872078116,0.016030021424110266,0.0014794554880693553,0.2715063449592043,0.04732775198708349,0.004368010532410275,0.41238951467480295,0.06569754592841386,0.006063410166769332,0.6615942720363529,0.06722087297920568,0.006204002278644413,0.0844720284316156,0.058383506584214026,0.00538837702979196,0.24346242739951054,0.02811877174665606,0.002595160048619139,-0.17070980018081525,0.04308474856068421,0.0039764118851594405,0.026115296038475053,0.06485670717551786,0.005985806807756827,0.4386977284293173,0.09566016809228145,0.008828744324751772,0.39658674144238887,0.04064243591689531,0.00375100402394473,0.08269830616083847,0.018727896224570592,0.001728449895129955,0.2975644487474224,0.051562968111821476,0.004758890467821917,0.38917084581880135,0.04748226340377258,0.0043822708229827026,0.5045051680262824,0.03891664058906095,0.0035917255487950494,0.10444347412567428,0.08384789912726683,0.007738557001573431,0.23930409557589535,0.03397325313854596,0.0031354865020825147,-0.1852167708672109,0.08272239784984771,0.007634681342417897,0.07972494422369686,0.10130842888417976,0.009350038102566216,0.4396148197477969,0.0963224382222696,0.00888986708637963,0.8046093740092322,0.11717194778575334,0.010814126607384145,11.28293839647002,9.170459842826377,0.846367374293273,0.21247707082098483,0.0787957747249303,0.007272282317610509,0.37599571801367254,0.09087706804578505,0.008387298650628683,0.5210016002031104,0.028280609901985606,0.002610096544382095,0.0815199886826186,0.010312834639552848,0.0009518003377144619,0.40850228333222105,0.04204457709000545,0.0038804115524016633,0.6031328456160282,0.01961268933493851,0.00181010992466497,0.5586192711849497,0.05708766321340673,0.005268780022657857,0.1529694582860263,0.016030020956444044,0.0014794554449071321,0.3384057116991815,0.0672208684921846,0.0062040018645246955,0.7284936491082583,0.047327753077446764,0.00436801063304295,1620986,0.4259168058474036,0.16423591132457926,0.245,0.39500000000000013,0.665,56208,0.3902962151973159,0.09843688157049135,0.275,0.3850000000000001,0.515
hpre_cos__hpre_raw_logit_gauss,hpre_cos,hpre_raw_logit_gauss,real,5,451,967,56.731005173688104,4.1559519439540304,0.38356442258944556,7.268994826311898,4.155951943954131,0.3835644225894548,0.4527057757077809,0.06670781153306654,0.006156650403551741,0.22545530822872645,0.04209912248597105,0.0038854456994732857,0.23175111335770385,0.05368471150263715,0.004954712096550112,0.4953328127571088,0.05647571604207394,0.005212301707558721,0.14963851148820564,0.017155995073341403,0.0015833747437399037,0.3161642084580429,0.05791259708515293,0.00534491547572803,0.476419180290851,0.06443937168589901,0.005947289748786834,0.7071636866206618,0.05829932797890545,0.005380607950992448,0.10465777255974794,0.06170652062486034,0.005695067284863693,0.23992285897321836,0.02605704557472815,0.0024048775767961626,-0.15589140162279033,0.04305993213142637,0.0039741215075305885,0.05262980686758752,0.07051545541754346,0.006508068501660476,0.45364766661339284,0.09384591886977285,0.00866130219239574,0.4218994436752341,0.04485161167891399,0.0041394806214869375,0.07490118742842679,0.01869800747761082,0.0017256913791210717,0.32610512652473056,0.052700122137788394,0.004863841591715395,0.4242100671089485,0.044774537490175154,0.00413236722915256,0.5143199174465,0.05249113222839795,0.004844553328760626,0.0972632670456123,0.08044549421605077,0.007424539541125021,0.21603754151759227,0.03472050887769317,0.003204452823151173,-0.16337533031907767,0.06769634333740258,0.006247884767147561,0.07311369550512525,0.09305487397996991,0.00858829444820346,0.39810229779837963,0.10747709548923395,0.009919361587635988,0.8860294937165479,0.04841737988307026,0.004468575336911812,5.67078427096982,2.2175250653523877,0.2046615872223664,0.15091743551996284,0.03940552941564971,0.003636846465256499,0.33020249707525007,0.07335717030788683,0.006770338312711601,0.4943362056886479,0.029032965472883275,0.0026795335431792373,0.08188840017558918,0.009988732492126612,0.0009218880445229124,0.38007166565720096,0.038624653844725694,0.0035647772759311983,0.5840920777459824,0.02449870108399787,0.002261053607500281,0.5046671858341172,0.05647572200897737,0.005212302258260918,0.14963851155731495,0.017155995185074373,0.0015833747540520517,0.2928363016207786,0.058299328517311025,0.005380608000683403,0.6838357855961247,0.05791259654218014,0.005344915425615554,1553137,0.4801641847129642,0.16246434610843555,0.29500000000000004,0.45499999999999996,0.715,55070,0.41393143744093763,0.09490428883911183,0.30500000000000005,0.4149999999999999,0.525
hpre_cos__hpre_raw_logit_gauss,hpre_cos,hpre_raw_logit_gauss,real,6,451,967,56.632910991447595,3.4200467075966556,0.31564567115282205,7.3670890085524245,3.4200467075969674,0.31564567115285086,0.49077717274861643,0.08166501065950436,0.007537092122766899,0.2153047047083836,0.03850938393623539,0.0035541386938474136,0.19444989655530703,0.038688124579233825,0.0035706351674470896,0.6059339727803227,0.030708595492963377,0.00283418212184256,0.12132139303074937,0.012247383321765993,0.0011303452434956115,0.44952180693288896,0.03883620664839617,0.0035843020755634684,0.603344400486515,0.03559555183099403,0.0032852129834345656,0.766829216968307,0.027028357482003506,0.002494522667955197,0.13749100604877207,0.05063316677462989,0.004673076503215898,0.26175074119653036,0.02569881405275521,0.0023718153882213446,-0.17307749310579765,0.05091634520048488,0.0046992118317441475,0.09664486995500425,0.059050765626299746,0.00544996023206347,0.5159837814026103,0.07075472132878184,0.0065301510214603,0.49129958090419285,0.034426618494476154,0.003177328858133431,0.06210268108157885,0.014526959132933906,0.0013407336675079463,0.41012798009188356,0.03243456401921497,0.002993476581958332,0.49968350741081247,0.03518509746383367,0.0032473310024919784,0.5621376707427745,0.047824578255725635,0.004413864017587412,0.19571543605358835,0.06035159964708706,0.005570017840235255,0.2588581571879583,0.044461490937779666,0.004103475287731565,-0.12910903329098364,0.06547236405475976,0.006042627502169133,0.1743343003987513,0.08886701703033424,0.008201785423451376,0.5567246082462565,0.0885237114491772,0.008170100791678913,0.9214678447553166,0.053571417580538634,0.00494425588377416,4.191603301748555,2.3617016461043137,0.21796804689581945,0.10947793380500592,0.044940690660343556,0.004147701969697326,0.2826884587757622,0.06890201825159543,0.006359159875360909,0.43753146363603024,0.01751842780069182,0.001616824673303194,0.07173899404361186,0.006550561492726617,0.000604569631814331,0.3407399591959628,0.019936238562941116,0.001839971187377264,0.5242041384952897,0.018356723840833727,0.0016941933582476426,0.3940660216807124,0.030708597191282296,0.0028341822785851608,0.12132139276752861,0.012247383173985337,0.0011303452298565217,0.2331707731061602,0.027028357235580783,0.002494522645212155,0.550478184287997,0.03883620643191298,0.00358430205558363,1542228,0.5990273386529328,0.12691136299659703,0.43499999999999994,0.5950000000000001,0.765,54962,0.4880862324515708,0.07905570897092169,0.3850000000000001,0.495,0.5750000000000001
hpre_cos__hpre_raw_logit_gauss,hpre_cos,hpre_raw_logit_gauss,real,7,451,967,59.40515257100622,3.5320111826451552,0.325979185544148,4.59484742899377,3.5320111826450544,0.32597918554413874,0.47864311409184124,0.0742080301734855,0.006848866548228777,0.2164895428065928,0.04617242681740112,0.004261382342867097,0.20410001441362782,0.0575784509269678,0.005314076192706191,0.5838371829757621,0.06356230064081864,0.005866342410243716,0.13893288808595808,0.02558539694523236,0.0023613478063182255,0.4084718781462734,0.08886890084482686,0.008201959285956975,0.5748261154042531,0.07251337561044342,0.006692462141313674,0.7776749057287577,0.03823462485883098,0.0035287804105233853,0.08998513645108619,0.05193363329707932,0.004793100193938761,0.2424684998437427,0.024265204746671775,0.0022395035778052736,-0.1711398711509467,0.03901751817311272,0.003601035823023635,0.0359973395813207,0.057929871943096005,0.0053465098206582915,0.4420433460128948,0.08518407439379985,0.007861876352109142,0.5146707075841825,0.039678578202639196,0.003662046901097133,0.08075333180908233,0.026354846636439354,0.0024323624692641696,0.4093074031780709,0.0687023020386508,0.0063407275077751145,0.5214356099712143,0.03865683378025074,0.0035677472521376333,0.6090239561539607,0.038812742581294045,0.003582136511218404,0.07547717363273558,0.0621659915119008,0.005737473137448375,0.214276177184142,0.03497440221598297,0.003227885349083555,-0.18162061420527645,0.06570106064597996,0.006063734549878663,0.04860920441577751,0.07554065431135347,0.0069718581551730515,0.37794618630450766,0.08572947769489117,0.007912213147404817,0.8976662271296683,0.04312919713385833,0.003980514168230653,4.508602882157837,1.5735449830542938,0.14522686522441056,0.1332441731684815,0.0392932519444528,0.0036264840635756774,0.34949889614644747,0.10265469677939001,0.009474288930015807,0.4467692209645065,0.03396209055881919,0.003134456276395296,0.08178509975747239,0.011198132447687359,0.0010335069472172044,0.33173224241384774,0.028833806383124168,0.002661152594049635,0.5418598441800225,0.0396878956308406,0.0036629068325920795,0.41616282417257894,0.06356230247212796,0.005866342579260373,0.13893288811329502,0.025585397023621524,0.0023613478135529804,0.22232508304612558,0.03823462298639446,0.0035287802377109846,0.5915281126481179,0.08886889847667305,0.00820195906739344,1703952,0.5695445397982001,0.1612318856156253,0.3650000000000001,0.5650000000000001,0.785,57742,0.5098435834077534,0.10008747199075901,0.3850000000000001,0.525,0.6250000000000001
hpre_cos__hpre_raw_logit_gauss,hpre_cos,hpre_raw_logit_gauss,real,8,451,967,59.08096293949952,3.603610364950237,0.33258727422974443,4.919037060500474,3.60361036495027,0.33258727422974754,0.45083650587721147,0.06771724508103036,0.006249813847496376,0.18814182303166985,0.03088618790328181,0.002850572621838393,0.16260602762972798,0.0318272200065016,0.0029374231052359994,0.6408648767223105,0.03907496306861665,0.0036063375730130045,0.11718735644042576,0.018001376280212925,0.0016613973385279318,0.4884644734184186,0.06003502100967249,0.005540799912814144,0.6406581753837549,0.03984696946170999,0.003677588201123126,0.7939617313961457,0.03200321127139222,0.0029536658310444046,0.09603126605428809,0.049303346994703866,0.004550343718305478,0.2511764970764309,0.026687249370920322,0.002463040846838729,-0.18736565200036365,0.04220805359104925,0.0038954992556704724,0.04813569636661326,0.05493994417017936,0.005070561028355411,0.4616014557894038,0.0833244550827062,0.007690246887448588,0.549978371793366,0.03898356403515684,0.003597902100715196,0.06248136735449966,0.016265663720217476,0.001501203574299154,0.46905578292379996,0.05125271423731384,0.004730256270449932,0.5585306079737453,0.03734322093577471,0.0034465102506052838,0.6195914497330551,0.04403136269226762,0.004063777549558906,0.09335625308210654,0.0639854834766135,0.005905399137138154,0.23146786278458092,0.04817240220437535,0.004445965662126565,-0.17845950659124746,0.06012315037197577,0.005548933618020771,0.05623050720379332,0.08009602152892781,0.007392285729903237,0.43034397136180463,0.11368588683569099,0.010492388297255824,0.9330766913030784,0.033493360392317165,0.003091195859025419,3.651892568635634,1.3614141245814448,0.1256487152985168,0.10145617653089194,0.029768791690144715,0.0027474450017226045,0.29434098080547955,0.07217237417170229,0.006660990165285849,0.41642726951394504,0.022355702729740398,0.002063270298779233,0.07271619819361519,0.00898321385351563,0.0008290859185063145,0.31952181579620864,0.025094552645020973,0.0023160464137297492,0.5045629829084934,0.028417778067200406,0.002622756177794076,0.35913512876174497,0.039074965460960516,0.0036063377938091072,0.11718735646496997,0.01800137614582897,0.0016613973261252611,0.20603825964404127,0.03200321070065488,0.00295366577836946,0.5115355173348687,0.06003501978929536,0.005540799800182126,1666205,0.6333884547543107,0.12945490499192952,0.475,0.6350000000000001,0.795,57079,0.5457776924638149,0.08307366075286858,0.44499999999999995,0.555,0.6350000000000001
hpre_cos__hpre_raw_logit_gauss,hpre_cos,hpre_raw_logit_gauss,real,9,451,967,59.57570478302185,3.5045440118113422,0.32344416356528133,4.424295216978144,3.5045440118112454,0.32344416356527245,0.49713090333653737,0.06369493263897381,0.005878583388117217,0.21280822286177986,0.03431747344509701,0.0031672555564186433,0.18854151250037954,0.04015491618169788,0.0037060094647549885,0.6252738897108614,0.044510557179785006,0.004108003748367592,0.11567657762213479,0.0180407404082189,0.001665030363941355,0.4801131325940966,0.06207572911688894,0.005729142568690324,0.618870561074561,0.04729599800054786,0.004365079868226785,0.7820843507248327,0.034042128997206066,0.0031418432476160497,0.09701346816176114,0.04495855705836121,0.004149350909514679,0.24375887286480863,0.02572221640608631,0.002373975256829964,-0.1715820864562967,0.03620654884257023,0.0033416036056336603,0.04621507294272715,0.05013999942572632,0.004627560709969695,0.4529355354148477,0.0793936389162788,0.007327460875118881,0.5248016265978998,0.04382421669113912,0.0040446594660521525,0.06487682466541225,0.018935089196231852,0.0017475723136784794,0.44330565425391427,0.052054597467968276,0.004804264315417242,0.5284479412533719,0.04236197927173255,0.003909705487029539,0.6025821614068461,0.05405649762098569,0.004989025276715389,0.0905843867362871,0.060177545044358904,0.005553953854391629,0.1938382567418341,0.040966845406301695,0.0037809446825867814,-0.13638874938951065,0.05410137361144075,0.004993167007322275,0.06221069884741674,0.07230464915130497,0.006673198192919118,0.36637011409767944,0.10308938427189844,0.009514407453838828,0.9119653295484471,0.055728334073998055,0.005143323736469371,4.707106739153594,2.4266185356511643,0.22395940810286233,0.125682425658185,0.04650499551633633,0.00429207603776508,0.29933772240970424,0.0824434560185223,0.0076089370210418944,0.4256020286429736,0.02473632372822328,0.002282984465593838,0.07131228393561082,0.008930763171660314,0.0008242450984555619,0.32862692521504483,0.025725636575680996,0.00237429091384271,0.5083682821786852,0.029469710303673076,0.002719841944503396,0.37472611817034396,0.04451056215767648,0.004108004207791111,0.11567657760097334,0.01804074036233951,0.0016650303597070175,0.21791563880584702,0.03404212952866794,0.0031418432966661513,0.519886860235536,0.062075729367461946,0.005729142591816407,1699277,0.6160170686071217,0.13360270253941633,0.44499999999999995,0.6150000000000001,0.785,57646,0.5186153051941936,0.09016915800774201,0.405,0.525,0.6250000000000001
hpre_cos__hpre_raw_logit_gauss,hpre_cos,hpre_raw_logit_gauss,real,10,451,967,60.07215711118152,3.428660093142689,0.3164406245830009,3.927842888818498,3.4286600931432716,0.31644062458305466,0.5202507967064255,0.09726334018712184,0.008976705558943502,0.24433259937718305,0.05910734508185506,0.005455182108180703,0.2379992661905833,0.07282555919989192,0.0067212744374719365,0.5552934334344438,0.06021931257198402,0.0055578086962744435,0.13579157820330762,0.02577971502600752,0.002379281965195987,0.39461047073287125,0.08252251580200791,0.007616233669466047,0.536302789821379,0.06915298485062779,0.006382322284345721,0.7500192916159795,0.044317107654000355,0.004090149750857891,0.0820766233341229,0.03820438085563752,0.0035259891069236004,0.23994757073325954,0.027442009688177095,0.0025326997863996583,-0.166011775539573,0.03653998320548255,0.0033723771950799966,0.021292557830666105,0.04294196387115668,0.003963233887018024,0.4381303518814664,0.08087350622951422,0.0074640419663261305,0.4818700594858802,0.047836069660191285,0.00441492459142899,0.08170163159484538,0.027388340940939518,0.0025277465476897577,0.3781603944635077,0.06916968915387049,0.006383863971187737,0.48482743328878336,0.050872167846178595,0.004695134580220421,0.5825718396136492,0.049055532228729576,0.004527472200804332,0.06875757177847833,0.04731373402341046,0.004366716775356623,0.1682032095828283,0.03852986894581719,0.0035560293126461733,-0.12458726692456927,0.03918174544223316,0.003616192816776958,0.04105070379353519,0.05211074920914197,0.0048094467165785484,0.30799932558541443,0.0967122524718823,0.008925844133175695,0.8752619398571966,0.07280832180713355,0.006719683550308304,5.885795551598254,3.245376921795941,0.29952490834372875,0.1575956084001732,0.060626963185217986,0.005595431910929461,0.3516515539312625,0.09946762769012198,0.009180145414531672,0.46311254300269145,0.03100907937911737,0.0028619146196780464,0.07918190341049486,0.01254449340481686,0.001157766363611472,0.35160257404396955,0.03125681790052272,0.0028847791003547884,0.5484001109651296,0.03691341837446698,0.0034068425707382698,0.444706578571603,0.06021932452684854,0.005557809799622309,0.1357915784448949,0.025779715097468823,0.00237928197179135,0.24998069663364217,0.04431710770041655,0.004090149755141771,0.6053895230240912,0.0825225164769917,0.007616233731762188,1729726,0.5453945153838502,0.15597761134900717,0.3450000000000001,0.545,0.755,58187,0.47635761380763114,0.10548899953599335,0.3450000000000001,0.485,0.6050000000000001
hpre_cos__hpre_raw_logit_gauss,hpre_cos,hpre_raw_logit_gauss,real,11,451,967,60.93120050681025,2.5431399985669065,0.23471349964320679,3.0687994931897378,2.543139998566732,0.2347134996431907,0.5151566125495786,0.06887129168935412,0.006356324035037636,0.23589956041159177,0.03877102930328001,0.0035782866761838485,0.22314428103179693,0.047689835898693696,0.00440142826879381,0.5705122103408592,0.05237375703654523,0.004833720444190147,0.12812080830020944,0.017655162915935257,0.0016294443393227557,0.4129212131820325,0.06870722619276506,0.006341181971723459,0.5605033254583451,0.05751440219612895,0.005308164956293189,0.7460797330690858,0.03853172836789086,0.0035562009239072405,0.0741181138714814,0.03271818389541107,0.0030196526531726074,0.22738556206374236,0.02135983765015349,0.001971359126710837,-0.16549347469760725,0.030009517974478872,0.0027696623034378126,0.02156073708912622,0.03496784257902933,0.0032272799418520824,0.4017050605768002,0.06587491471275055,0.006079780027698179,0.5221843035989397,0.04497885308643032,0.004151224086681349,0.08115750895821958,0.020611825965664958,0.0019023230373334337,0.4220866492227163,0.06263103136058297,0.005780392965070624,0.5225053730334527,0.04686910459514545,0.004325680682490621,0.6229442681166528,0.042619491302379284,0.003933471992195352,0.05809786875103536,0.050521337835441896,0.004662755497808019,0.13715651584754743,0.026939562129415208,0.0024863274966434343,-0.10282170838596971,0.0464291042447238,0.004285071820159055,0.04265879091706213,0.05238070187127455,0.00483436140240113,0.24325108189269914,0.0814502077135119,0.0075172673584141805,0.8677594496741012,0.06262010191682486,0.005779384256153669,6.418478653155541,2.9901166366517864,0.27596622306495167,0.16681010927900738,0.04954173047256326,0.004572344795861974,0.36922696798177657,0.08506976698108076,0.007851326601450674,0.4560970204382294,0.02760261699798826,0.002547522683988978,0.07446738745912589,0.00781128284154786,0.00072092512935811,0.35492139393724315,0.02690895789654449,0.002483502946439737,0.5405198088316,0.031000281169979466,0.002861102608361912,0.4294878019329713,0.05237376234743105,0.004833720934346646,0.1281208079968683,0.017655163304554727,0.0016294443751895332,0.2539202542987541,0.0385317265092192,0.0035562007523652376,0.5870787800130881,0.06870722470508046,0.006341181834420888,1771541,0.5594409541762475,0.14673737636103615,0.3750000000000001,0.555,0.755,58937,0.515273655844606,0.1032250607093588,0.3850000000000001,0.525,0.6350000000000001
hpre_cos__hpre_raw_logit_gauss,hpre_cos,hpre_raw_logit_gauss,real,12,451,967,61.33240946045821,2.886237703256032,0.26637894591534106,2.667590539541759,2.8862377032555195,0.2663789459152938,0.5970698713036942,0.08897399613425556,0.008211658824005107,0.27453266120644687,0.056637683883843735,0.005227250172445777,0.2622169573882678,0.07046399281249348,0.006503318873980188,0.570531102914724,0.06282695161074009,0.005798474992639403,0.13436321298109072,0.02195731263574939,0.002026501763332302,0.41115108344056095,0.07964956074462579,0.007351080616069145,0.5515570818506265,0.07311503903098204,0.006747991340304489,0.7641529367524129,0.041514048560154664,0.0038314475913251936,0.07815807618462305,0.040264090394722785,0.0037160854580641682,0.24351089517640498,0.0275469190723058,0.0025423821667279684,-0.17629697772042657,0.038229130089182654,0.0035282732828722857,0.01768879388933637,0.04756087549166137,0.004389526152328721,0.43772139111825814,0.07713413203181892,0.007118924668453753,0.5241557204937962,0.05722753903195452,0.005281689552965002,0.09278854783398245,0.02383593919029311,0.002199885459624324,0.41178627074143975,0.0773523920853636,0.007139068498926576,0.5166263576357433,0.06275213746648549,0.005791570186128276,0.6445856210534656,0.048533306496406095,0.004479274528121565,0.06932395273161242,0.05817419526263823,0.00536905910280812,0.1542323141519962,0.030749714811895704,0.0028379771387330934,-0.10951868220367626,0.05202422984227143,0.004801461602351041,0.04706287894478559,0.06267463117490835,0.005784416913815039,0.2816634036782311,0.09171845892219768,0.008464952966663962,0.8444818594276742,0.05784424491723828,0.005338607063077336,6.509176959076147,2.8419057530932235,0.26228742630785407,0.18936326658035985,0.049376726130841285,0.004557116083906001,0.38313642811585136,0.08466324242662217,0.007813807313907857,0.4546221004110079,0.0339970987569832,0.003137687280866897,0.07935779767405748,0.010013042799409459,0.0009241317107398623,0.34157837346076597,0.03020253555609242,0.002787476435612492,0.5408471300084076,0.037017112328392686,0.0034164127756154913,0.4294689178746852,0.06282696056405769,0.005798475818966113,0.13436321328431383,0.02195731251435745,0.0020265017521287005,0.2358470547557264,0.041514047244950385,0.003831447469941314,0.5888489093862395,0.079649561572537,0.007351080692479386,1802059,0.5564444349637648,0.15575248579726517,0.3650000000000001,0.545,0.775,59431,0.5147959398550568,0.11925617331271024,0.3550000000000001,0.525,0.665
hpre_cos__hpre_raw_logit_gauss,hpre_cos,hpre_raw_logit_gauss,real,13,451,967,60.1091120261852,3.6783735880438795,0.3394873810845787,3.8908879738148037,3.678373588043881,0.3394873810845788,0.5524258936204196,0.0868014589852033,0.00801114929733875,0.2581355631017133,0.05534292788907985,0.0051077535222864056,0.24967945529966715,0.06901029800829918,0.006369153316795818,0.5585565126877741,0.06257158982653462,0.005774906939728522,0.13217150413881307,0.018443699009735942,0.0017022205397188167,0.4008623936846136,0.07613411159303508,0.007026629986669047,0.542548000219379,0.07014557251300094,0.00647393097441766,0.745498790168332,0.045364299183113695,0.004186797984432691,0.08649305685060169,0.04594424603510668,0.004240322900605235,0.23289816073523426,0.020455035873900202,0.001887852441468392,-0.15908420756964675,0.03871307048872694,0.0035729374951688087,0.03139647012894449,0.05128548190541517,0.004733280490138799,0.42549616867667905,0.0724705979829189,0.006688514074487477,0.5162620249217219,0.0591063564023504,0.005455090860185432,0.09382997512026384,0.02200267713940396,0.0020306885801879768,0.40055601152283316,0.07437591928472652,0.006864361503627841,0.5112856412349891,0.06411464333556167,0.005917319661578111,0.6381874037198327,0.05312753793593873,0.004903288990538579,0.07936332888468678,0.06455804135144583,0.005958242103953155,0.14448801251235507,0.02655220414125707,0.0024505771450833227,-0.08717635410423485,0.05533748258004261,0.0051072509594933665,0.058113391657808856,0.06834709332458572,0.006307944302592167,0.27906315810902693,0.0940893660328944,0.008683770611620269,0.834704183922966,0.058762493971514417,0.005423354835199463,7.027270219586819,2.959291305455067,0.2731212670786827,0.19362751628215094,0.05049677680046624,0.004660488691231408,0.39585512361318415,0.07919120170235877,0.007308777378746692,0.4617260251496715,0.033302413549878083,0.0030735728411577625,0.07684638443506292,0.007830643676808954,0.0007227119949662589,0.3548058340495282,0.03173961054538782,0.0029293373831634985,0.5458040853069231,0.034571057063005575,0.003190659497391238,0.44144350217011996,0.06257159866487308,0.0057749077554434865,0.13217150426692276,0.018443699213001558,0.0017022205584787688,0.2545011973518867,0.04536429725442851,0.004186797806428944,0.5991376001986097,0.07613411234372616,0.007026630055952427,1738089,0.5427090147429654,0.15404205001862342,0.3450000000000001,0.535,0.755,58312,0.5043050347245889,0.12038682654547055,0.3450000000000001,0.505,0.6550000000000001
hpre_cos__hpre_raw_logit_gauss,hpre_cos,hpre_raw_logit_gauss,real,14,451,967,62.2779009608278,2.1638786266928087,0.19971040743349128,1.7220990391722097,2.163878626692924,0.19971040743350196,0.629838125019866,0.09723089862709494,0.008973711436680439,0.30601343918151597,0.06023269524435192,0.005559043820517631,0.30695473095495546,0.0743681107155263,0.006863640828948026,0.52124770811714,0.053985239271403,0.004982448644434516,0.14176551752970867,0.01891822743383678,0.0017460160944911243,0.3585176453097401,0.06750644555426583,0.006230358569895489,0.4967591200899065,0.06242438052042987,0.00576132058135448,0.7283671359988932,0.038583494866810196,0.0035609785988022446,0.05829795387893323,0.02764471078803045,0.002551407637542308,0.23532404048464117,0.024496450341934036,0.002260845880223413,-0.18047853159751553,0.029032487801267298,0.0026794894575305,-0.0032335306692946723,0.031152927379478182,0.0028751907537486795,0.4027447186718015,0.06931477753876912,0.006397254583814776,0.49529129775905145,0.04685573905258295,0.00432444713920506,0.11014209667492314,0.022089338019866348,0.0020386867551004675,0.3633266063245993,0.06472416462674516,0.005973574085416885,0.48221612950713566,0.05354291899926297,0.004941625670042377,0.6404963695152408,0.04292664744249891,0.00396182029100116,0.05398555869160195,0.041921821939751955,0.0038690821364310676,0.15124132139064472,0.02901912233012229,0.0026782559208362584,-0.11679255167159545,0.038231548529236284,0.00352849648746542,0.028402687564153758,0.044159795059308705,0.0040756309317371035,0.26403432222809503,0.07953267047449217,0.0073402924862796875,0.7994400831298333,0.05575926291207564,0.005146178245395021,7.894132132353244,3.09699787901179,0.28583059170162395,0.2296928480652994,0.04730795093981526,0.004366183038405405,0.4458676974518338,0.08058196101191882,0.007437134443199359,0.481475203459674,0.027821881268270978,0.002567759196431774,0.0801620944996755,0.00850211056219391,0.0007846835508585959,0.36729504143788344,0.026191609934370905,0.0024172968977131375,0.5652722178072465,0.03014819118882006,0.002782460842040931,0.4787523189354454,0.053985248705075636,0.004982449515094535,0.1417655171469136,0.01891822757046831,0.0017460161071012304,0.27163285348808647,0.03858349351846171,0.003560978474359393,0.6414823476979163,0.06750644566049661,0.006230358579699826,1853653,0.5106225637593313,0.15578997391911914,0.32500000000000007,0.495,0.735,60310,0.48880080462015996,0.12596702834176873,0.32500000000000007,0.495,0.6450000000000001
hpre_cos__hpre_raw_logit_gauss,hpre_cos,hpre_raw_logit_gauss,real,15,451,967,60.202317601098095,3.50985979320287,0.323934771889812,3.7976823989019106,3.5098597932028732,0.3239347718898123,0.5491358181736044,0.08225611531837695,0.007591646824127254,0.24697101242276231,0.04783775242494029,0.00441507989849173,0.22935077940777504,0.05552969039833795,0.00512499035634777,0.5902201786031568,0.04744485344241507,0.004378818153072007,0.12268809297029334,0.015513897618451442,0.0014318209792559915,0.4427330012629408,0.058389413931886035,0.005388922235422201,0.5763605922658798,0.05492320206393139,0.005069015852568364,0.7624331656340344,0.03353397261878204,0.003094944074934588,0.09507664157714482,0.04431078304616444,0.004089566035120702,0.2340707297917058,0.020601545839495937,0.0019013742557518992,-0.15667247530889108,0.039576551744455186,0.0036526305940632834,0.041876560328723,0.05050949736185235,0.004661662707401198,0.4371526865776156,0.0649072963599328,0.005990475825005118,0.5393947808045026,0.049577526288523896,0.004575648491781758,0.09052498673882702,0.017335846547290062,0.001599973739033229,0.426829395921341,0.05866979343690762,0.005414799243722542,0.5360180216871587,0.05656621192628174,0.005220653825687368,0.6559916433225006,0.04551007535445092,0.004200252074792809,0.0924790402300712,0.0550922122759292,0.005084614277490232,0.1521347873143379,0.02554735464502849,0.0023578367760877387,-0.08287344654980994,0.04627899981913114,0.004271218263114362,0.06954591099387987,0.0627842380022968,0.005794532834313174,0.30660760622696176,0.08018512775927251,0.007400509592992176,0.8462418839305546,0.05185917422642438,0.004786228158162731,6.442763805610932,2.580714504251088,0.23818135580978336,0.18194749276538716,0.044574795839108235,0.00411393251381135,0.3781767608104041,0.06477945860956569,0.005978677321661972,0.4454409358011115,0.026255158635925795,0.002423161985025726,0.073520232485093,0.007194977312730083,0.0006640445692631909,0.34347395815443754,0.02450521388107888,0.0022616546917489703,0.5268005579414217,0.02758823049752303,0.002546194913644555,0.4097798330897942,0.04744486440234144,0.00437881916459425,0.12268809290452744,0.015513897972662807,0.0014318210119471486,0.2375668243189704,0.033533972177732144,0.0030949440342288603,0.557266991682647,0.05838941346602073,0.0053889221924261895,1739270,0.5787174280847824,0.13763988019714554,0.405,0.5750000000000001,0.765,58344,0.5301730564456899,0.11110362084454699,0.3850000000000001,0.535,0.665
hpre_cos__hpre_raw_logit_gauss,hpre_cos,hpre_raw_logit_gauss,real,16,451,967,60.83517052053636,3.121645381524104,0.2881053786089078,3.164829479463627,3.1216453815236376,0.28810537860886476,0.5580571644798763,0.08544207818323989,0.007885688243068668,0.25835654751983056,0.05191470884276017,0.004791353603147617,0.2467078809834967,0.06214454896717739,0.005735494145054671,0.5673616298264429,0.051894985506779116,0.004789533281334676,0.12506823317695417,0.014235306677801157,0.0013138162471290776,0.4215055505209683,0.059773884229042056,0.005516698869339592,0.5489576294999314,0.059789437400653886,0.005518134315025485,0.7457438818552641,0.037690037756744586,0.003478518944515506,0.09053296893835071,0.04465989516517028,0.004121786568503013,0.233521558577534,0.01835177032707281,0.0016937361846154357,-0.1598047966029146,0.04000985425854461,0.0036926212943564005,0.03662214608139999,0.05123618450117669,0.004728730694894078,0.4308025057770082,0.062066487178832806,0.005728289604391912,0.5450983429655845,0.05221817775025625,0.004819361596947189,0.09398317984944002,0.02042649031993551,0.0018852178924958296,0.4321586674643149,0.06816179588301091,0.006290842683722792,0.5363688384831459,0.060914005216958826,0.0056219238224453644,0.6703272997426729,0.0417475129981499,0.0038529946769417837,0.10944417179841809,0.05993313755729069,0.005531396804185542,0.15872234111015948,0.028661437915002756,0.0026452442262823415,-0.07900964755790035,0.06200647306675543,0.005722750734222909,0.0884757142638924,0.07163320879387487,0.006611229085365893,0.3314329643748845,0.074069717388108,0.006836101274622272,0.8282578384302919,0.062350773814755255,0.005754527212725214,7.031201472620741,2.8453220157957073,0.2626027227425971,0.1998189425357681,0.05399901023443862,0.004983719605108867,0.38490507442792465,0.07137693436700698,0.006587576802112468,0.4578964546075809,0.02804173157968188,0.0025880497962485274,0.07369047570700268,0.00645451310656002,0.0005957050577582633,0.3551427615150179,0.026534434100950913,0.0024489370983885243,0.5367516582744224,0.02782550658793386,0.0025680937873177965,0.43263838467571764,0.05189499885546728,0.004789534513322423,0.12506823336174366,0.014235306448519034,0.0013138162259679895,0.2542561077066855,0.03769003646570693,0.0034785188253620316,0.5784944451266844,0.059773884229041126,0.005516698869339506,1781042,0.553362466606901,0.14187437039041462,0.3750000000000001,0.545,0.755,59065,0.5344393112491332,0.1177280110125228,0.3750000000000001,0.545,0.6849999999999999
hpre_cos__hpre_raw_logit_gauss,hpre_cos,hpre_raw_logit_gauss,real,17,451,967,62.534315278217726,2.2131387399621807,0.20425676099042891,1.4656847217822826,2.2131387399623863,0.20425676099044793,0.6719751749340718,0.10140149802644233,0.009358627713874105,0.30964772542268937,0.06034483408375902,0.005569393427483036,0.2959957460542722,0.07107653463445081,0.00655985207104777,0.5681481604361003,0.048886556976701176,0.004511877002435769,0.13903375684451136,0.0196144685666871,0.0018102741349367692,0.40930810540933416,0.06361770624686373,0.005871455948508233,0.5383645251099102,0.06181923269525429,0.005705469796919303,0.7740315263886952,0.024174070404138905,0.0022310925345730382,0.07195159805496887,0.036877811300775984,0.0034035562943701666,0.2529512391959918,0.022578064245209122,0.0020837926646383844,-0.200732348461116,0.041307003986603974,0.0038123388688531307,0.008968404244532262,0.04757002562272473,0.0043903706435031295,0.44351999917386287,0.05143303270089287,0.004746898365521682,0.5279872281515994,0.04267080924678655,0.003938208268740534,0.1207584219192039,0.0232061086322724,0.0021417566367759634,0.38115183108232237,0.061400498345291904,0.005666823633217784,0.5183459426338828,0.052784343551824875,0.004871614621452075,0.6803125039499799,0.03721140040009296,0.003434344164871843,0.08788369217678291,0.04305351110594508,0.003973528893139378,0.18402503150296068,0.029515088145929378,0.002724029992415912,-0.13012695642587158,0.047127584548157124,0.004349536519917254,0.07193568909183869,0.054744103291565906,0.005052486326208276,0.3399859313610101,0.0672905451819116,0.006210432520996063,0.8160882418311874,0.03696533451091423,0.003411634056099026,6.409242865985405,2.131614304184082,0.19673264291643447,0.2190493679470805,0.04306448436164108,0.003974541645582554,0.42864829508634744,0.0624040029480743,0.005759439878237662,0.45615390727074046,0.026377521223378726,0.002434455170278075,0.08198169423521932,0.008973910750462395,0.0008282273091193375,0.33542644813438094,0.01790496757020683,0.0016524995091774565,0.5422477547967085,0.030103354751644187,0.002778322761916749,0.4318518753107956,0.04888656662447971,0.00451187789285622,0.13903375679904162,0.01961446869012316,0.001810274146329028,0.2259684693801838,0.024174068081692545,0.0022310923202279714,0.5906918915561533,0.06361770697605805,0.005871456015807615,1863222,0.5593032493038479,0.15340698257116941,0.3750000000000001,0.535,0.775,60450,0.522129027695573,0.13549396263606625,0.3450000000000001,0.535,0.695
hpre_cos__hpre_raw_logit_gauss,hpre_cos,hpre_raw_logit_gauss,real,18,451,967,62.11353605743851,2.895349572790608,0.2672199058263007,1.8864639425615042,2.8953495727908467,0.2672199058263227,0.6697715544984456,0.12925964321356373,0.01192973380874991,0.3244584795077742,0.07308203544612867,0.006744945347199086,0.3245072229111531,0.08349346723411427,0.007705845491364051,0.5244881944097015,0.0457469129599632,0.004222110479469008,0.14560688111371367,0.016328187627007672,0.0015069740804381645,0.361213813559135,0.054492792375127025,0.005029292139207501,0.49115766943265704,0.05788394627747628,0.005342271212596161,0.7393870291778125,0.030367438508967767,0.0028026957901083837,0.06963504719579923,0.04034099001359241,0.003723182738857318,0.24714383304350399,0.022486921116370778,0.0020753808104934557,-0.19514131721983788,0.04631483833196224,0.004274525899647677,0.010005055612830884,0.04797506049099414,0.004427752443743231,0.4299779515596632,0.05885267603099333,0.005431677989566606,0.49498032493836003,0.04012713407053406,0.0037034453760526713,0.12960336362472427,0.02332037203985852,0.0021523023260776966,0.3383096885152823,0.05749687654024356,0.005306547464519744,0.4821398794701378,0.0520344694737214,0.004802406646561754,0.6604637215325587,0.03594386181846749,0.0033173594858554502,0.07966667507967642,0.04874519718789513,0.004498830512365152,0.18006737225250133,0.031509820733268495,0.002908129439041164,-0.13296600358933786,0.0574935851957663,0.005306243697137207,0.061446518683122626,0.05936757360392996,0.005479199325934188,0.3266192409855667,0.07132104631387193,0.006582418737457369,0.7936281571354509,0.04429050551351994,0.004087694564948473,7.248109224444017,2.44557289509057,0.22570875892115197,0.2422816507882522,0.04582332016544362,0.00422916231405396,0.45689973756301216,0.06713182463818454,0.006195783758322973,0.479738046275614,0.024010836232525076,0.002216027196564737,0.08249929263277632,0.007486197930368104,0.0006909221341524986,0.3601542539634193,0.021197051196538058,0.001956335109848173,0.5644764682360444,0.02490442410065327,0.002298498918878597,0.4755118378239126,0.04574692625265908,0.0042221117062890695,0.1456068813309535,0.016328187409047398,0.0015069740603220012,0.26061296461219086,0.030367438487852283,0.0028026957881595767,0.6387861810351622,0.05449279432788482,0.005029292319432977,1857780,0.513990337717325,0.15507726824744403,0.3350000000000001,0.485,0.735,60362,0.487722037291259,0.14147804839605632,0.30500000000000005,0.495,0.665
hpre_cos__hpre_raw_logit_gauss,hpre_cos,hpre_raw_logit_gauss,real,19,451,967,60.42670784500052,3.451328076839188,0.31853271616516254,3.5732921549994727,3.4513280768390966,0.3185327161651541,0.5666642753533032,0.10630448812405706,0.009811138375959413,0.26616845944100426,0.060055722373742335,0.005542710499573409,0.25735001147675235,0.06810843266637873,0.006285917643286554,0.555867312495509,0.0460496727410664,0.004250053026011467,0.1280258875779187,0.01660904578658956,0.0015328952651059227,0.4068583252764518,0.05914999764037291,0.005459118632038651,0.5357166473892696,0.05405371762550837,0.004988768703161497,0.7365125729662979,0.031178625955300375,0.002877562547149936,0.09117700151038403,0.04634321076512004,0.004277144470817024,0.23518030028851203,0.021454627912644308,0.0019801075850158674,-0.16639276025783362,0.04932484228724611,0.004552327578942835,0.04092280887000241,0.05447947219138574,0.005028062782214348,0.42902731623226426,0.05927107026279439,0.005470292762812239,0.5080008903445354,0.04782356615437335,0.00441377060792435,0.10269347760999811,0.020105995673778524,0.001855638545680944,0.3810982662873275,0.06389907578966289,0.005897424330162652,0.5053371891313274,0.054418173175605544,0.00502240532469075,0.6398219635443243,0.039508954819788486,0.003646391884923173,0.1039268204722286,0.057818328269679614,0.0053362151432259156,0.16989400600289764,0.02850202711168697,0.002630531757622234,-0.10536132405827857,0.06413399510533375,0.005919105690506937,0.09424336215747844,0.06972482617361013,0.006435099118587413,0.33182937481929625,0.07169059218722419,0.006616525159149488,0.8193363878561695,0.05516158244322083,0.005091016644149176,7.282883525845016,2.7785629595794847,0.25644134282398584,0.20394079964605993,0.04596031368204453,0.004241805828657146,0.40608440485902203,0.07099211352688031,0.006552060611036605,0.4643874255933828,0.024509869297604042,0.002262084353153979,0.07419839578958685,0.007655304229663266,0.000706529427239645,0.36212185214787634,0.02157953019660795,0.0019916351659587397,0.5436145362982011,0.027675160237191975,0.002554217902324796,0.444132703574963,0.04604968860965561,0.0042500544905679245,0.1280258877199919,0.01660904560248075,0.0015328952481140057,0.2634874186646804,0.03117862814432804,0.0028775627491814185,0.5931416694822601,0.059149999032874635,0.005459118760556528,1754087,0.5451433986629334,0.14056131048356718,0.3750000000000001,0.535,0.735,58592,0.49965015322311795,0.12075486364274818,0.3350000000000001,0.515,0.6450000000000001
hpre_cos__hpre_raw_logit_gauss,hpre_cos,hpre_raw_logit_gauss,real,20,451,967,57.55066518847006,5.037827912638266,0.46495522096380193,6.4493348115299325,5.037827912638219,0.46495522096379754,0.5770804155832319,0.12256330897372728,0.01131171040260698,0.25092142825794184,0.07192645515711142,0.006638293611979323,0.2277472361271291,0.08233443911597332,0.00759887554635629,0.622423529066401,0.06559978168021785,0.006054387231009995,0.12479801547050116,0.024908481124265365,0.002298873352928892,0.4716336220062319,0.08899733846032672,0.008213813152530105,0.6071105475179837,0.08014194728263965,0.007396524346095633,0.7951308314701578,0.0312450953304935,0.002883697191597142,0.14936520382884877,0.0783184782553279,0.007228231292180978,0.24119913448177333,0.02741143972066508,0.0025298783986417023,-0.1290354330424952,0.0947440477085984,0.008744193013589233,0.11019183527107324,0.09156366529306618,0.00845066662991632,0.4904528312840566,0.06482218500293806,0.005982620659945044,0.5570048521338428,0.05843801523453096,0.005393407785504948,0.10137820289891222,0.03028888499546635,0.002795445866756316,0.42818856528767324,0.09151623867136904,0.008446289494421985,0.5626658846262816,0.06489282621045231,0.005989140334459241,0.6769019920357291,0.040967850352071025,0.0037810374318410903,0.15065851886262097,0.07295897719144756,0.006733587956873557,0.15361463361592906,0.034521690050434865,0.00318610327779895,-0.03806134074327775,0.09704747723683828,0.008956782963831589,0.14501947627209422,0.0823078845733879,0.007596424753389658,0.35184996708682414,0.06923678065695835,0.006390056033557464,0.8597052790558887,0.047090308024158416,0.004346096165313417,5.472875574824297,1.7727548756238514,0.1636125030874053,0.16972159232553666,0.047986842649822045,0.004428839852117685,0.388693202478671,0.07816480988395554,0.007214048808617508,0.4251399488660428,0.03733480632196591,0.003445733642374387,0.07693903231420028,0.010622415091233168,0.000980372383011205,0.31879615427595975,0.024673788437875314,0.0022772129088344593,0.5113083869009571,0.04440647772865127,0.004098397964875409,0.37757647998954336,0.0655997955517548,0.006054388511252917,0.12479801520869643,0.024908481238771443,0.002298873363496978,0.20486916102171607,0.031245096086265873,0.002883697261349487,0.5283663712474174,0.08899733902001669,0.008213813204185457,1617301,0.5987078291251617,0.15439998541575328,0.39500000000000013,0.6150000000000001,0.795,56098,0.5432130816216656,0.13451228552698652,0.3350000000000001,0.5850000000000001,0.695
hpre_cos__hpre_raw_logit_gauss,hpre_cos,hpre_raw_logit_gauss,real,21,451,967,52.39747122795902,4.824048336315549,0.4452249062586648,11.602528772040968,4.824048336315408,0.44522490625865174,0.4470422882502938,0.09536988057220161,0.008801952878044517,0.18192015341952597,0.05548213766998704,0.005120601582117836,0.15481321960483102,0.06357377971989776,0.005867401846540916,0.6711437145708454,0.06238621511242658,0.005757798189161045,0.10508497293671548,0.024983474479658766,0.00230579469933699,0.5400135194433363,0.09152497280398715,0.008447095591936985,0.6646340084406646,0.06903941122942239,0.006371840257357314,0.8120805481434019,0.032757873661637224,0.0030233157326476695,0.22085084187206333,0.07683364055815335,0.007091191470345614,0.21702800453198506,0.027346982243761028,0.00252392943791172,-0.03313432191632957,0.10031444238156569,0.009258300309618075,0.18990784309742706,0.08338550697684381,0.007695881537424981,0.5256752664304536,0.06351413035986474,0.005861896640357725,0.5982961795932261,0.055974998758552955,0.005166089109741347,0.0729684315368249,0.02824315777008533,0.0026066399824341228,0.5045436130264104,0.09282105965771786,0.00856671507079073,0.6051058409359336,0.053988332655086055,0.00498273414146197,0.6830078187177068,0.03640065747273442,0.00335951843372903,0.20797214826833763,0.06597247351057271,0.006088784001868192,0.11542061613031893,0.026186467366334717,0.0024168222757333774,0.06466534632070171,0.0853229307816617,0.007874691796308533,0.20399997502968995,0.06752700480960956,0.006232256041043168,0.35745198122323946,0.06604417393795506,0.006095401434744994,0.9062661346192469,0.046839332947892484,0.004322932973941023,4.456098650378092,1.522297058865174,0.1404970510408987,0.1281442238788659,0.04011477447825858,0.003702304674731164,0.3111636319223773,0.08561718081555944,0.007901848954492977,0.3969981670632949,0.036084201960398306,0.0033303118698655987,0.06874838538694841,0.010730896622272933,0.0009903844467636308,0.3049655123065366,0.026239161387540857,0.0024216855542530565,0.4762522910377528,0.04648477399929501,0.004290209737429457,0.32885628229111563,0.0623862229989898,0.005757798917034011,0.1050849734145014,0.02498347451250311,0.0023057947023682863,0.18791944489878948,0.03275787433580521,0.003023315794868518,0.4599864750510536,0.09152497402720007,0.008447095704830725,1339431,0.6456515836257135,0.14643589510355576,0.4149999999999999,0.6749999999999999,0.8150000000000001,51025,0.5843329409534356,0.11766543664867166,0.39500000000000013,0.6150000000000001,0.695
hpre_cos__hpre_raw_logit_gauss,hpre_cos,hpre_raw_logit_gauss,real,22,451,967,49.1476612818076,4.168678380460906,0.38473898099055565,14.852338718192382,4.168678380460569,0.3847389809905245,0.38257199566614264,0.06744215159194643,0.006224424700383618,0.14933645981036994,0.03461478313881515,0.003194695099160985,0.12092399347200637,0.03636787365603319,0.0033564927236407363,0.6921806813658335,0.03908886310135799,0.003607620445891302,0.0979391811110914,0.01549498799589758,0.0014300757573299276,0.5669860095035855,0.06068367964575079,0.0056006664316190545,0.6905308150945239,0.039491948200388045,0.0036448222964778542,0.8201398288712131,0.026537564890215904,0.0024492260476816994,0.23509214324529054,0.06014973056774548,0.005551386778591493,0.21005999291735164,0.01757944683811647,0.0016224562908416973,-0.011554602548332371,0.07218026795727545,0.006661718704822938,0.20766094528962087,0.06364012973179445,0.005873525474615822,0.5281880841902085,0.05962086580218638,0.005502576370972443,0.6073167427250923,0.03895280890907634,0.0035950636241553566,0.058092617223989375,0.015129210693535497,0.0013963171475892783,0.536404038979705,0.05714112234924702,0.005273713915745948,0.6122329924232404,0.03716671744231506,0.0034302202497903415,0.6727975237586344,0.0352212846223307,0.003250670816508417,0.20766762418210344,0.05145481275312291,0.0047489085074266515,0.10192405477942228,0.017880992649570243,0.00165028679673164,0.0863295619404963,0.05678980332957894,0.0052412897013322775,0.20025665164915227,0.05299541281448793,0.004891094793733064,0.33976180584285665,0.06185443554371105,0.005708718766210553,0.9295760148172707,0.03345817473410765,0.00308794847627014,3.918772268858545,1.3831675643547694,0.12765640106546314,0.10765478556633326,0.03159605851534426,0.0029160885650208095,0.2722979762449132,0.060686627957852346,0.0056009385395847135,0.38545182196413774,0.02383667017317485,0.002199952924077892,0.06627371645757833,0.006828230491547514,0.0006301964799203747,0.29873999029991105,0.02201026262417416,0.002031388665782127,0.46362870639407777,0.03166440500823544,0.0029223964539077246,0.30781931444599775,0.03908886404172439,0.003607620532680345,0.09793918102101733,0.015494988339203255,0.0014300757890145681,0.1798601648870869,0.02653756419687625,0.002449225983691445,0.4330139839298974,0.06068367758557446,0.005600666241479622,1158773,0.6782470654297844,0.12036303324894607,0.515,0.6849999999999999,0.8250000000000001,47547,0.6002653899256893,0.08746249733011974,0.495,0.6150000000000001,0.6849999999999999
hpre_cos__hpre_raw_logit_gauss,hpre_cos,hpre_raw_logit_gauss,real,23,451,967,48.40077605321508,3.626882535891283,0.3347351279416698,15.599223946784926,3.626882535891248,0.3347351279416666,0.42993805947246583,0.07402896405513111,0.006832340035598656,0.17011159183411273,0.035824440209540155,0.003306337731732534,0.13946998276972067,0.03552437977037955,0.0032786443150037846,0.6810035772831672,0.03548109140511459,0.003274649110763791,0.10377199481112684,0.012150041036699366,0.0011213612518930535,0.5471920842365595,0.0523417341837734,0.004830764965590121,0.6801431608773086,0.03399295336364744,0.003137304690927774,0.8161260330388165,0.029623627316940772,0.002734047375922448,0.21622181250060338,0.05650937728548441,0.005215408397810797,0.21750618164442231,0.016829681316819483,0.0015532583349625103,-0.036613382048320216,0.06379231696869457,0.005887571260138438,0.18536859033030942,0.058961640507267626,0.005441734625684768,0.5221791905569384,0.066491234485162,0.006136661902374175,0.6115334726051133,0.03482874713460379,0.0032144424344541637,0.06120145565344102,0.013036728340411323,0.001203196101826879,0.5348319632090606,0.04887500181322087,0.004510810544096495,0.6175874186687391,0.034441270577632514,0.003178681139846837,0.6799266025979394,0.03497052690123543,0.003227527685452324,0.22039721603599716,0.05012454850549508,0.004626134701349554,0.1067992695406152,0.019290183475862182,0.0017803449573875493,0.09035994758208128,0.05479611030148982,0.005057286198536225,0.21698102189434232,0.05171186750172617,0.0047726328087543705,0.3555456118305166,0.06454475827562055,0.005957016171753302,0.9255194969507522,0.031543347816760506,0.002911223747299331,4.011289391118888,1.3492674254033625,0.12452766247609744,0.10975097506033207,0.03110906373515406,0.0028711424553961615,0.28774807455185136,0.05609069049885381,0.00517676662386213,0.3923362697990226,0.022374904994177762,0.0020650425294427856,0.06961959941398614,0.005607619337314562,0.0005175428643604789,0.301897375546801,0.02488274908666688,0.002296498471246761,0.4746930916706031,0.027420332129978898,0.0025306991039554024,0.31899641543829754,0.035481090745337986,0.003274649049871164,0.10377199510172386,0.012150040692041095,0.0011213612200835783,0.18387395999539008,0.029623626577838544,0.002734047307708637,0.4528079072219015,0.052341732582689246,0.004830764817821589,1129742,0.6702460410746799,0.11654139916456518,0.515,0.6749999999999999,0.8150000000000001,47028,0.6048823124881585,0.08073019700714419,0.495,0.6150000000000001,0.695
hpre_cos__hpre_raw_logit_gauss,hpre_cos,hpre_raw_logit_gauss,real,24,451,967,51.0479305247598,3.694345826474443,0.3409615036186452,12.952069475240203,3.6943458264745197,0.3409615036186523,0.4359698576051651,0.0727870992337838,0.0067177248596875915,0.17696191640957215,0.0350891109641434,0.00323847214011181,0.14836598085920985,0.034508894865892696,0.003184922374449483,0.663930995525402,0.032205594611825025,0.002972344355281857,0.10468278976041076,0.009895651617869192,0.000913297350436421,0.5320933249528591,0.041608604299947005,0.0038401744048747895,0.6611030023017563,0.03193469603487557,0.0029473423683365843,0.7998712795643682,0.03283133857820548,0.003030096015163948,0.17777429208782494,0.04752135141490853,0.004385878364798324,0.21396311047001096,0.01780188951100461,0.0016429861469459564,-0.05837735172619435,0.04645383697311506,0.00428735447280095,0.13956761273673074,0.04849716711907061,0.004475939123962093,0.4770014876518063,0.07026797322534452,0.006485227678322744,0.606380094106831,0.03229633826117378,0.0029807193403479744,0.0572949808781231,0.010592463617998524,0.0009776080778190665,0.5352171664013428,0.03918893072459578,0.0036168559665721747,0.6088674403877308,0.03265961816048327,0.0030142474577795784,0.6750954708585379,0.03436119044128597,0.0031712903202048216,0.2013229573377971,0.044929784758754414,0.004146695433552956,0.10844911885670128,0.020188241429216238,0.0018632292363627248,0.06982931828426625,0.04441285701787066,0.004098986727310337,0.1940464627912315,0.04629770374606296,0.0042729445008164585,0.34362792608540277,0.06390565725750626,0.005898031752227963,0.921346857151969,0.03433016338412602,0.003168426746365495,4.401607083027572,1.5927790964115938,0.14700203531381578,0.11852704134763152,0.032651467238674764,0.0030134951864205224,0.2675596383001909,0.049108901759786494,0.004532397824016481,0.4032886516969528,0.020283549480874546,0.0018720254828774672,0.0695605239048663,0.006160783353202697,0.0005685959177193023,0.3150159757636648,0.02650948267781366,0.0024466342617971756,0.48304814406312796,0.021594123111809176,0.001992981986896166,0.33606899725168043,0.03220559280188287,0.002972344188237236,0.10468278976422611,0.009895651358357621,0.0009132973264853727,0.20012871056418302,0.03283133811358368,0.003030095972282703,0.4679066678564773,0.04160860269339023,0.0038401742566011735,1256953,0.6551297201409769,0.1123138098431098,0.515,0.6550000000000001,0.795,49594,0.6007542469599855,0.07348309677850626,0.505,0.6050000000000001,0.6849999999999999
hpre_cos__hpre_raw_logit_gauss,hpre_cos,hpre_raw_logit_gauss,real,25,451,967,50.55304086157746,4.003104739967492,0.36945772685953066,13.446959138422553,4.003104739967471,0.36945772685952866,0.4454630907915636,0.07775323557025772,0.007176063464678244,0.17203037637917093,0.03581499794511159,0.0033054662787532114,0.13761880443647867,0.033915714173809945,0.0031301760701807524,0.6952806349541266,0.03298419134295686,0.0030442032241123954,0.09824629613679095,0.010123608667776146,0.0009343361438108136,0.5702328225137341,0.04348602203465428,0.004013446535804932,0.6943111346108071,0.032831356985357586,0.0030300977140114717,0.8205853456504848,0.03163233383146542,0.0029194365153508194,0.19066281024834292,0.049974600062375654,0.004612295540363354,0.2174794741352506,0.019110966671537433,0.001763804537527991,-0.05095430651004644,0.04829754202897122,0.004457515166358414,0.15370634774303893,0.05241300432100289,0.004837342685785867,0.4930094033169741,0.07509111426543495,0.006930368847676506,0.6593300371175048,0.03161349576195835,0.002917697897255465,0.0539042331856627,0.010848611335861577,0.001001248666744229,0.5940066362757412,0.04020587848167485,0.003710712917881518,0.6609107468601717,0.03333395417499856,0.0030764838136198105,0.7241989864401261,0.030886477668213206,0.0028505993650539295,0.2378444886720353,0.04566304828686302,0.004214370374350584,0.11490049734554313,0.021578658619518763,0.0019915547256727437,0.09985032128030258,0.04749952257613434,0.004383863720246815,0.23354349819532363,0.04873761045907803,0.004498130311954436,0.38499163663461794,0.06257540654608507,0.005775259195445214,0.930266187209827,0.03154950334523991,0.0029117918582300577,3.9824261332140978,1.302993781383989,0.12025693851471447,0.11039759496231032,0.031601344240237875,0.0029165763993471276,0.2518877781960627,0.04926358804671172,0.004546674253851839,0.3834746688259791,0.021780681242239728,0.0020101999582642087,0.06853703455953276,0.005947746595478814,0.0005489341598191507,0.29808992448835864,0.027144933708833262,0.0025052818138102547,0.46279027474733975,0.0235942443830461,0.0021775787702220475,0.3047193554132192,0.03298418765028572,0.0030442028833054533,0.0982462960045906,0.010123608680700369,0.0009343361450036263,0.17941464586048708,0.03163233231342584,0.0029194363752467027,0.4297671705740845,0.04348602153043888,0.004013446489269483,1229593,0.6859698909253137,0.10664279740948038,0.545,0.6849999999999999,0.8150000000000001,49031,0.6535225639857531,0.07012398760199096,0.5650000000000001,0.665,0.735
hpre_cos__hpre_raw_logit_gauss,hpre_cos,hpre_raw_logit_gauss,real,26,451,967,52.16581670362157,3.6260467414368227,0.334657990135061,11.834183296378423,3.6260467414366424,0.3346579901350443,0.4561375546486536,0.07637247906001049,0.007048629586536303,0.17308829558954048,0.03652301795329058,0.003370811424529987,0.13680247386268268,0.03572738995360324,0.0032973806923147046,0.7049282822396482,0.036985726867626786,0.0034135161237054787,0.1018338135976894,0.013178887125306148,0.0012163163334800687,0.5720700177754534,0.05018615835229681,0.004631820846337035,0.7089292807874076,0.037820301126149494,0.003490541315020303,0.8286473922786259,0.03292906101538945,0.0030391150920681055,0.16070443139983917,0.05028121242309361,0.004640593652248083,0.22160534754382905,0.021555276254560947,0.001989396701846971,-0.08160193239177502,0.041609482436230014,0.003840255450527119,0.12003274811554314,0.053301161632818166,0.004919313206876857,0.4633874546577176,0.0795126665791513,0.007338446270859146,0.6769938728506901,0.03106500441530903,0.002867076097602822,0.05743473695518129,0.011505307260643475,0.0010618569693912907,0.6051133930654813,0.04068915097180906,0.003755315486951489,0.6806749148534856,0.032873723676502035,0.0030340078543704065,0.7454600419411375,0.027635618954917576,0.0025505685268487174,0.22129172435372213,0.04614100725370189,0.004258482543502034,0.14235073521618433,0.023156908011077528,0.0021372157739088875,0.03934642810893208,0.06348689076902084,0.005859382622372313,0.22999639196766133,0.04980295534781621,0.004596453969835499,0.39190196109247893,0.058957917842006026,0.005441391050501317,0.9277618292902022,0.029536627951744034,0.0027260179613076132,3.9701977031332376,1.2476806576819928,0.11515193570416961,0.11044838592959186,0.03010045346088559,0.0027780549936822765,0.2654088729722877,0.056430693065374994,0.005208146411180496,0.3763414262118893,0.024633443058154018,0.0022734893209572066,0.07109207006458679,0.007410501541293413,0.0006839359028006711,0.29103011203957907,0.028915260497544126,0.002668670221968908,0.4614897631795527,0.026844546277643332,0.002477558218073035,0.2950717092472118,0.03698572365178728,0.003413515826906661,0.10183381364669913,0.013178887073444855,0.001216316328693645,0.1713525983648814,0.03292906041190476,0.0030391150363708167,0.4279299732404251,0.05018615773652439,0.004631820789505678,1316874,0.6944742886326987,0.11410550974975489,0.545,0.705,0.8250000000000001,50766,0.6705934715549025,0.07383842713319681,0.5750000000000001,0.6749999999999999,0.755
hpre_cos__hpre_raw_logit_gauss,hpre_cos,hpre_raw_logit_gauss,real,27,451,967,55.113446309787776,3.6896397036762734,0.34052716238995484,8.886553690212226,3.6896397036763253,0.34052716238995967,0.4947651905109634,0.07202992433583363,0.006647843071724671,0.1882714766066585,0.03907429563062863,0.0036062759732953115,0.1505114165785405,0.04334449510319542,0.00400038461967165,0.701619538809251,0.05383591915953221,0.00496866747389571,0.10750769579028074,0.018940762975492444,0.0017480959626271046,0.5597486526271968,0.07394006774078922,0.0068241355462444215,0.7070292980084575,0.0575580615523169,0.005312194400322545,0.8317531448588829,0.03825559506098354,0.0035307158091008235,0.13756103145799173,0.053227312143576025,0.004912497431073458,0.22452902195359817,0.0233448725304935,0.002154563544847859,-0.10832287210594789,0.041452812080315,0.0038257959054183634,0.09718446106733872,0.058761798420000434,0.005423290640805871,0.4412197025304969,0.08122162583111747,0.007496170897502843,0.68044322391392,0.04016075933321422,0.0037065487455425652,0.06724223417638332,0.02116747595867971,0.0019536055284706537,0.5959524705228031,0.06466681293209028,0.005968280937194412,0.6863354135541085,0.039196838405088676,0.0036175857885102484,0.7591537527460734,0.027439519576960485,0.00253246996707454,0.19180630925862616,0.056167829344650505,0.005183885983577121,0.1676978236680476,0.028341158827845655,0.0026156847740101364,-0.027210294888028324,0.08850494600707588,0.00816836887656986,0.20479379796123398,0.061832796716904476,0.005706721658394702,0.3914048632858403,0.05793880592932464,0.005347334363221685,0.916780682829325,0.03361041624838702,0.0031019992712038166,4.2172279833098445,1.2535026058006145,0.1156892595708985,0.119766054213324,0.0318092466921994,0.0029357642978158674,0.3068297735995078,0.08818796715793746,0.008139114012489991,0.37684165073471954,0.03417215173581869,0.00315384340963236,0.07365789320756493,0.009056521864785056,0.0008358517197939458,0.2876677908787643,0.03317454041521583,0.0030617710720991036,0.46684279309074544,0.03779855384840666,0.003488534197964377,0.29838045455162177,0.05383592347950394,0.004968667872597978,0.10750769539198816,0.018940762771542698,0.0017480959438040124,0.16824684792999953,0.03825559500925812,0.0035307158043269404,0.4402513365438553,0.07394006779599044,0.006824135551339097,1465991,0.6885266095120474,0.13186246910359578,0.525,0.705,0.8350000000000001,53554,0.6729926684040127,0.09197326792532735,0.5650000000000001,0.6849999999999999,0.765
hpre_cos__hpre_raw_logit_gauss,hpre_cos,hpre_raw_logit_gauss,real,28,451,967,62.549276739520636,1.5203711032748919,0.14031929921559327,1.4507232604793576,1.5203711032745337,0.14031929921556024,0.9229432701032401,0.04880109235365504,0.004503989233464281,0.42788510275118674,0.034649571389601744,0.0031979058040742764,0.41576155522019487,0.05125622170432544,0.004730579984385319,0.5505575192900081,0.04004578948773303,0.003695937857112697,0.16879057788678803,0.02982982989060987,0.0027530783878716852,0.3379266661744935,0.08315846369468524,0.007674927078230462,0.537805380746085,0.043768475089252364,0.004039514917792156,0.7918233042460737,0.0318625245513049,0.0029406814603673576,0.04466698333906418,0.021867401956545865,0.0020182036554094,0.23514302258038833,0.030933621108856613,0.002854950364977202,-0.21502530413204135,0.04399843101812873,0.004060738193294366,0.01081821218277244,0.02130020855905531,0.0019658557912043038,0.35357523543854386,0.06815463461740878,0.006290181750501539,0.5988167815878805,0.03305694829123292,0.0030509181662559093,0.14899608467787853,0.028404474606976746,0.002621528364261113,0.41241522229025535,0.07717921347301646,0.007123085360683987,0.6158262942900831,0.03799761641176629,0.0035069062384027383,0.7652015857962556,0.02868005427728737,0.002646962382398368,0.07040190466090715,0.02923304322248101,0.002697999277993398,0.2279349408025048,0.0336510933203627,0.003105753471886449,-0.21636858543721518,0.046565089744994036,0.004297622302117242,0.07021537539684995,0.05371594414006471,0.004957594643967021,0.36259430180696217,0.05398621785023999,0.004982538960210933,0.8220497694643328,0.026035833364235463,0.0024029198425924957,5.7263786876822165,1.4535121905244117,0.13414870325829323,0.20016470340363465,0.03848129176043185,0.003551545988412732,0.6003416865581055,0.10722836626507637,0.0098964056722328,0.46317297977056787,0.02022917302106303,0.0018670069273957553,0.0975454680127397,0.015020912404831848,0.0013863219957842938,0.32138270943493163,0.025147767632445504,0.0023209577736780494,0.5742351239200016,0.035818766848114976,0.0033058141213471066,0.4494425058482869,0.04004579455184125,0.003695938324493401,0.16879057778479586,0.029829830068205623,0.0027530784042624937,0.20817668654159124,0.031862523386028165,0.0029406813528207103,0.6620733238208345,0.08315846196397612,0.00767492691849848,1864695,0.5482214453435561,0.1733257167558918,0.3350000000000001,0.535,0.795,60512,0.5956258081620739,0.1546651383434595,0.405,0.6150000000000001,0.775
hpre_cos__hpre_softmax_prob_gauss,hpre_cos,hpre_softmax_prob_gauss,all,1,500,1120,59.72129761904765,2.8163757321414904,0.24686621742016518,4.278702380952381,2.816375732141844,0.24686621742019615,0.6009208141623509,0.0734942094701424,0.006442051494451611,0.3583922842166963,0.04601326658772913,0.0040332406447136995,0.437529178206126,0.05989545312251393,0.005250067945223653,0.27262560118394225,0.03300867339400991,0.002893337792198918,0.19058867419720402,0.014974200734706926,0.0013125465654600535,0.07633582613960442,0.02224154667334779,0.0019495575232245268,0.22425891230120537,0.03532622128333649,0.0030964798213674177,0.554165031270328,0.05766011955269963,0.005054132318895565,0.06912312160595203,0.027006872668159796,0.0023672567633109074,0.2652839440617532,0.021768285713839767,0.0019080743711035035,-0.21615840844898698,0.03351362388420081,0.002937598654155395,7.275744053407651e-05,0.02708537252651909,0.0023741375792759147,0.46950090050654736,0.05609911653208402,0.004917304371302147,0.013624375202105046,0.008770217237631554,0.0007687434352947554,0.017944414564889547,0.0032842680268175815,0.00028787878532029397,-0.008515345709106474,0.008873484795369844,0.0007777952358305049,0.01344571710790458,0.008877535781016967,0.0007781503203783925,0.03587551384690174,0.010903726364661675,0.0009557537556900544,0.09335203500941532,0.049808700808605895,0.004365925122456467,0.32654028344196934,0.03480861735449708,0.0030511098366114266,-0.29065853726572943,0.04759303941788688,0.004171713838653506,0.05117769962648773,0.06786459000353666,0.005948593591311978,0.5610925211998677,0.08837905975171208,0.00774676614737988,0.9913024697465558,0.0033304745825925007,0.0002919289685092731,1.8805187440205189,0.3463882023568119,0.03036226462929234,0.04523848488629754,0.012881872946815965,0.0011291459485945642,0.08584567473747189,0.018465539861699007,0.0016185759329820487,0.5961010593886885,0.015026341897070567,0.001317116939852115,0.08937751668063658,0.009068746762856371,0.000794910701913138,0.4708793751880528,0.031439667378726874,0.0027558083511935835,0.6795295675270615,0.008215689398709623,0.0007201369271195323,0.7273744042484533,0.033008672368451036,0.0028933377023047193,0.19058867418482187,0.014974201039021813,0.0013125465921344295,0.4458349495790547,0.05766011709952046,0.005054132103864929,0.9236641672169876,0.02224154714971834,0.0019495575649802464,1983636,0.26707594001158497,0.19181425523832127,0.07500000000000007,0.21499999999999997,0.555,67129,0.013437112781228578,0.021213393713898267,-0.015000000000000013,0.015000000000000013,0.03500000000000003
hpre_cos__hpre_softmax_prob_gauss,hpre_cos,hpre_softmax_prob_gauss,all,2,500,1120,54.39864523809525,3.217636879816432,0.28203830777505057,9.601354761904759,3.217636879816807,0.2820383077750835,0.5133272734026113,0.06355325166205747,0.00557068812357447,0.2786101939133946,0.037019785833212006,0.003244927299313393,0.31023191179292536,0.045819307514223896,0.004016239382323844,0.39654106520875587,0.037492637327470116,0.0032863745602227934,0.16798366262313158,0.011930409566524502,0.0010457465061743732,0.2012228167013044,0.03233808615746498,0.002834558229285197,0.3689261281575475,0.0440007662528152,0.0038568372126122404,0.6358438542612961,0.04588194809998798,0.004021730071754265,0.15724363016663562,0.05494857218952457,0.0048164547131473905,0.24995676793874724,0.02053816692417025,0.0018002497051267518,-0.1267843294119274,0.0482410826718775,0.004228517334370206,0.11262771496451454,0.06787532881366086,0.005949534889521837,0.5172365340768582,0.06763671714337863,0.005928619654454783,0.3090106017880496,0.02687268052336337,0.0023554943032047045,0.06457193950600919,0.013006485309166342,0.0011400687037462136,0.22087590296367796,0.03310178196847315,0.002901499118589004,0.3169441980937053,0.02748524401477319,0.0024091878606119217,0.38407789573889406,0.033879935459495615,0.0029697072794209207,0.2595007247699336,0.06779266817311458,0.00594228936491789,0.26487095735601723,0.030160134411928,0.0026436523416195844,-0.08581379894529902,0.08168412739101683,0.007159929451939393,0.2577000694855161,0.08770102205938035,0.007687333523222536,0.6086595190031187,0.07339115283549259,0.006433018182139725,0.9117251277571627,0.032736033984421604,0.0028694398942740716,5.014304258405026,2.0935828637531224,0.18351062911532195,0.12652004802982725,0.032036402346507654,0.0028081144773319353,0.28408622646899456,0.05765437735895997,0.005053628993422324,0.5423601227118855,0.017864697797536456,0.0015659098039730657,0.08470977986768956,0.007506887410260172,0.0006580076935121406,0.42575823889530856,0.027206107192816558,0.002384720439382325,0.6318340478204552,0.01282873805247637,0.0011244884697543167,0.603458923679874,0.037492637174109326,0.003286374546780127,0.16798366285328356,0.011930409486891504,0.0010457464991942332,0.3641561285249534,0.04588194921974057,0.004021730169904907,0.7987771759365281,0.03233808709539416,0.002834558311498314,1635088,0.39017319901130704,0.17169536527698775,0.18499999999999994,0.3650000000000001,0.6350000000000001,60937,0.30677922060709656,0.07473255282035192,0.20499999999999996,0.30500000000000005,0.39500000000000013
hpre_cos__hpre_softmax_prob_gauss,hpre_cos,hpre_softmax_prob_gauss,all,3,500,1120,54.99789761904762,2.9859975646079664,0.2617342265763995,9.002102380952376,2.9859975646079784,0.26173422657640055,0.4828248661370505,0.07311679407950356,0.006408969576858064,0.24630582560584652,0.040871211625439836,0.0035825196546767153,0.25887587040116383,0.04880299361701771,0.004277771000339085,0.46606420686472044,0.041403677601425534,0.003629192355302699,0.15994488930453854,0.017779823110100557,0.0015584702096025774,0.2723984658322517,0.04362264008331767,0.0038236929925047716,0.4464439030620314,0.04887298937631487,0.004283906399155351,0.6902167320207475,0.047701395363523066,0.0041812116560536895,0.17797784559893468,0.05630918683418538,0.004935717845143807,0.2554067311645618,0.025265512456357837,0.0022146198108803253,-0.11474008191080512,0.05094822108927417,0.004465808478981572,0.13580729050786525,0.07011663248400285,0.006145993818233933,0.5457396039683192,0.07753844979556795,0.006796544788823508,0.40454446623587875,0.03162601035164278,0.002772142032932703,0.07790174983605919,0.019318938040306495,0.0016933795814802902,0.2970049691318046,0.046548563662628065,0.004080161502100827,0.42177434768655453,0.033277449566648167,0.0029168970624747718,0.4872278562140609,0.038180874415262675,0.003346701200810067,0.2884399658864098,0.0708331099910478,0.006208795840709934,0.2636199704678286,0.033989613658772816,0.0029793209974628768,-0.058075482689690636,0.08461480013299968,0.007416814243997865,0.2929418400609068,0.09123281478060082,0.007996908804620383,0.6370780029650247,0.08020769956968202,0.007030514847422232,0.8784676921180312,0.06585380858173295,0.005772340828587744,7.285472076909885,4.829480260474804,0.42332260940987,0.1469732415842158,0.05165693877813348,0.004527930323404094,0.3569514312637351,0.08565067893798542,0.0075076130246343195,0.5091092549924341,0.02071098085796949,0.0018153975143013746,0.08478540996855924,0.010634783140653619,0.0009321798427160318,0.39220513048526773,0.031229632356209316,0.002737397969743789,0.6028761764096364,0.018038594032206912,0.001581152481001838,0.5339357792935201,0.04140367750704854,0.003629192347030191,0.15994488958517705,0.01777982355818399,0.001558470248878822,0.3097832550712285,0.047701397826398255,0.004181211871934218,0.7276015263973242,0.04362264276418199,0.0038236932274928904,1669896,0.4591094405891742,0.16508188053481715,0.255,0.44499999999999995,0.6849999999999999,61612,0.4019562721964462,0.0896930817887081,0.28500000000000003,0.4149999999999999,0.505
hpre_cos__hpre_softmax_prob_gauss,hpre_cos,hpre_softmax_prob_gauss,all,4,500,1120,57.65185714285714,4.464278623232343,0.3913112745042303,6.348142857142858,4.464278623232459,0.3913112745042404,0.49977613106618335,0.1112235543290568,0.009749174384613351,0.2623323785933711,0.06721019986716241,0.005891233766825441,0.2833530168392118,0.082497795263287,0.007231250585540739,0.4456172482279085,0.060971976301043826,0.005344429362280295,0.15498128953803156,0.01678701381123924,0.0014714466376294234,0.271012458997965,0.05414283610559136,0.004745828831447904,0.4179308929561861,0.07158323259458257,0.006274546985922079,0.6695847805441846,0.06627253987623768,0.005809044244829451,0.1058280921900867,0.06469842086809897,0.005671066630240041,0.2486225844548926,0.027106547144034824,0.0023759936163350944,-0.16316168145864726,0.05300695151531255,0.004646264157236354,0.05025415524899314,0.07781906255378335,0.006821141581570263,0.47014891693194716,0.0905899027716777,0.007940555082364662,0.399616300102501,0.04132677754663038,0.0036224517683028784,0.08566894017676152,0.02020865441426194,0.0017713666601603631,0.2958226139301701,0.056001440826848915,0.004908742718249235,0.39248865041420566,0.04883955338562968,0.00428097560535112,0.5091900778075059,0.03857411150130963,0.0033811699511525233,0.15283272926078673,0.07930205215148287,0.006951131351145206,0.24648244395128324,0.03834116833426062,0.00336075158230103,-0.15639626417409608,0.09366743924666333,0.008210313048207738,0.13455120197859427,0.0989034372601134,0.008669268509742364,0.49005808463181755,0.08360519747848519,0.007328318669500125,0.8118551854731072,0.10860056844551086,0.009519259534819812,10.523916428572795,8.215923684355719,0.7201574631618606,0.20945082737661544,0.07656415787554867,0.006711144336670306,0.3843941252440214,0.09246967337409026,0.008105324240449392,0.5187034099757671,0.030077054866118016,0.002636370098350324,0.08241574358475351,0.010139449178216516,0.0008887619065823431,0.4037083425007405,0.04142424892027002,0.0036309955109017637,0.6032339438414291,0.022489178347940116,0.0019712633965291325,0.5543827564477918,0.060971980319941485,0.005344429714552206,0.15498128932586727,0.016787014264067514,0.0014714466773215716,0.3304152048344414,0.06627253706230422,0.005809043998177309,0.7289875337085556,0.054142836985526716,0.004745828908577639,1858326,0.42981103306000434,0.1675946067961596,0.245,0.39500000000000013,0.6749999999999999,64775,0.3931810784938022,0.10192419104241686,0.265,0.39500000000000013,0.525
hpre_cos__hpre_softmax_prob_gauss,hpre_cos,hpre_softmax_prob_gauss,all,5,500,1120,57.037499999999994,4.312003779660413,0.37796379596582297,6.962499999999999,4.3120037796603325,0.3779637959658159,0.422777231194221,0.07160567659280823,0.00627651428910628,0.2117044642389176,0.04414268952992945,0.003869277336344747,0.21893027707927284,0.05581812128391691,0.004892674051832908,0.4899860923118533,0.0655205132284572,0.0057431262027805765,0.15159070507355393,0.0187726485203933,0.0016454951938049624,0.30778007782108735,0.06962899534717637,0.006103250538611075,0.47218319079492777,0.07471191949008411,0.006548788483805324,0.7033631115667878,0.06293645238555651,0.005516623283233899,0.1125166151389302,0.06723958664415106,0.005893809631400102,0.243809025755844,0.024863443628383476,0.002179376924225739,-0.15763989688559452,0.0533276281528713,0.004674372703843149,0.06290761125576763,0.07821257752605026,0.006855634689713851,0.4667752964495193,0.09017809972971041,0.007904458954233605,0.4192253131620939,0.04715562287743931,0.004133372588391702,0.07866466937473134,0.021667091122491405,0.0018992042740832618,0.3186512553599619,0.06149074541227217,0.005389901479775776,0.4226778004234745,0.04872436808540215,0.004270879168627475,0.5142926672438779,0.05105730034352758,0.004475369697177441,0.13392959328932616,0.07836394564003968,0.006868902689900097,0.22831618982876342,0.03635359974519487,0.0031865335140773307,-0.14464050312655588,0.07564758121035246,0.00663080284965553,0.1109767801155103,0.09593523564657512,0.008409094167053556,0.45241066137055574,0.09936704920785437,0.008709905888691296,0.8826214645988886,0.054379208625303994,0.004766547796313847,5.646551907525745,2.2974976983439106,0.20138455244053458,0.15211017037310776,0.0434383769389097,0.0038075416157723235,0.3471353768919907,0.08826897667727869,0.007737116940465755,0.49673977475464337,0.03308658134068045,0.0029001667248168346,0.08220057338770656,0.009939321792076206,0.0008712199677512352,0.3823845287010784,0.04077229591228754,0.00357384931013758,0.5874573683918942,0.029306292618662376,0.002568809808582112,0.51001390450611,0.06552051844614769,0.005743126660131312,0.15159070528085752,0.018772648206055852,0.0016454951662520701,0.2966368727654928,0.06293644960270238,0.0055166230393059795,0.6922199137735933,0.06962899660713942,0.006103250649051706,1815874,0.4762512368503296,0.16649726462297937,0.275,0.45499999999999996,0.715,64077,0.41204624902923553,0.09939361392595895,0.29500000000000004,0.4149999999999999,0.525
hpre_cos__hpre_softmax_prob_gauss,hpre_cos,hpre_softmax_prob_gauss,all,6,500,1120,55.80996904761904,3.7632184065130954,0.32986063710875535,8.19003095238095,3.7632184065131122,0.3298606371087568,0.44668538906808414,0.09035124677206757,0.0079196359616607,0.19661245955069154,0.04466473170355003,0.003915036350408372,0.17875171534213286,0.04748228664638741,0.004162005930203347,0.6042990741379205,0.04297636013799534,0.0037670440576075374,0.12695080059983188,0.023919450989597833,0.0020966323211708423,0.4367142056999462,0.07710688221274713,0.006758716222302261,0.60713609360201,0.04243798943324494,0.003719853784685215,0.7667917091169525,0.02908032402753088,0.002549002788264557,0.16434858395758833,0.060417644566246695,0.005295840043389497,0.2576401271434767,0.0270243186027034,0.002368785966897272,-0.1461971622406475,0.05911004332968737,0.005181223741495047,0.130666031480503,0.0719849478572563,0.0063097588812116336,0.5324956347469065,0.07639634262003746,0.006696434680966111,0.4897507616646943,0.03871626633841002,0.0033936303720127296,0.06399207871437429,0.02087787608580983,0.00183002652602457,0.4093255896603069,0.05213166909862403,0.0045695422706939015,0.4991895222228198,0.037372134529898654,0.0032758120243063247,0.558205591852679,0.048629158304361764,0.004262533663360332,0.23320521221567125,0.06673415998021184,0.005849507030974308,0.24505969306833686,0.04194027496756117,0.0036762271882419826,-0.08747939991573085,0.07040867586679224,0.006171592549400738,0.23112482535345036,0.09318173705560007,0.008167739374059046,0.5602972915147031,0.08696315188022873,0.007622656350359739,0.926708834944311,0.05524448204480922,0.004842392355571231,4.011075784159276,2.3519273458077663,0.20615552139597937,0.10495898800733543,0.04513377538034305,0.003956149841400816,0.30649124200152483,0.10346321655551904,0.00906895078724575,0.43776889955706527,0.023195501224726335,0.002033175326418174,0.07367077915580669,0.010083147065075833,0.0008838268087737726,0.3406780780568719,0.021183277743896677,0.0018567961616471648,0.5293382647447644,0.03479838095934329,0.0030502125770154164,0.3957009184529384,0.04297636122677319,0.003767044153043123,0.12695080015242452,0.02391945078723291,0.0020966323034327747,0.23320828254190934,0.02908032436685142,0.0025490028180073132,0.5632857852527073,0.07710688209184369,0.0067587162117046075,1734479,0.5964702578601739,0.13807619438650806,0.42499999999999993,0.6050000000000001,0.765,62698,0.4863984191690344,0.08487023481258231,0.3850000000000001,0.495,0.5750000000000001
hpre_cos__hpre_softmax_prob_gauss,hpre_cos,hpre_softmax_prob_gauss,all,7,500,1120,59.08925476190479,3.7564927913467505,0.32927111094681927,4.910745238095238,3.7564927913474815,0.3292711109468833,0.4524281736534976,0.07425255888189665,0.006508523751198486,0.20484725217279942,0.0437523102391196,0.003835059082799395,0.19374337511598358,0.0542443902885521,0.0047547304480626915,0.5801894702917054,0.07165558159102269,0.006280888655068522,0.14370894323741754,0.02876001304750668,0.002520926292953828,0.39852233333381865,0.10046902351881673,0.008806498195867093,0.5714833849596123,0.08128182803499191,0.007124666358610251,0.7806823798679171,0.04099628618186093,0.0035934829229249125,0.1009598823409594,0.05442847255359809,0.004770865970020014,0.24737683998165388,0.02264698802630332,0.0019850960247275702,-0.1714308386379254,0.04543589698477812,0.00398263196764435,0.049123499398969865,0.0637545348920007,0.005588331376581914,0.45960431882135944,0.07879880137917566,0.006907019476030166,0.5120845375985618,0.04487943630676475,0.003933856038652884,0.08522974263097026,0.029500167935167,0.0025858037293471662,0.4018123553024872,0.07655211860397845,0.006710089047988786,0.5189457798520016,0.047687626967957114,0.004180004802971368,0.6100227608046359,0.040287110400469076,0.0035313209249215145,0.11054375843253665,0.061467712648135726,0.0053878825689840796,0.21990021653366934,0.03889436788158771,0.0034092416605844924,-0.16279055991867705,0.07074187993400514,0.006200799173631702,0.09310760040094056,0.07950061780278883,0.006968536397882418,0.41523033433357853,0.08381463295543568,0.007346676498463891,0.8931787338746444,0.05260069904275054,0.004610654557965054,4.507537106553143,1.7486400871998944,0.15327506164387686,0.13600200748848063,0.04797858168017692,0.004205508107955345,0.36609537349527765,0.11393073081126887,0.009986468865752897,0.4481255829784845,0.03754109750638599,0.003290622282189695,0.08395046943962754,0.01211583956066057,0.0010620001617950342,0.329418549830431,0.03005423192324638,0.002634369579203387,0.5461337310718638,0.04464086017685995,0.003912943918837267,0.4198105337823432,0.0716555836985278,0.0062808888397994905,0.14370894294519512,0.028760012678214434,0.0025209262605839357,0.21931760949116377,0.04099628491973636,0.003593482812294816,0.6014776572614907,0.10046902404902644,0.008806498242342024,1956233,0.5699678553847227,0.1659036943941737,0.3550000000000001,0.5750000000000001,0.785,66579,0.5091631626255259,0.10507926483091003,0.3750000000000001,0.525,0.6250000000000001
hpre_cos__hpre_softmax_prob_gauss,hpre_cos,hpre_softmax_prob_gauss,all,8,500,1120,58.730754761904755,3.7612651608255625,0.32968942757549935,5.26924523809524,3.7612651608254986,0.32968942757549374,0.41614133135924747,0.06566083546085612,0.005755425988756198,0.1748685969010351,0.030628423303661455,0.0026846996727845273,0.15279451040483655,0.033708011953234654,0.0029546375196612793,0.6338947220098402,0.05405269778005822,0.004737927858855716,0.12413735544301926,0.025571088288591153,0.002241404713539992,0.4707333604645161,0.08595915895356371,0.007534652490188023,0.6367430653782119,0.05461300633074504,0.004787041068757953,0.7925636261612177,0.039388504280120175,0.0034525546256136924,0.10773021234146407,0.05283317693241568,0.004631032143455687,0.24994449839233643,0.024245501764222906,0.002125211931661025,-0.17683027648943958,0.04167405776404899,0.003652892221499724,0.062084710856030685,0.06076954628143595,0.005326685588726726,0.46950989886642913,0.08051638966935061,0.0070575727276583665,0.5447568180915854,0.04414836341841218,0.0038697746745982374,0.06687542603393751,0.02297094399048353,0.0020134920169864088,0.4601972513691303,0.06516249404193523,0.005711744437438735,0.5554936632667979,0.04291358907993882,0.0037615419317764453,0.6153256804293108,0.044806932337023986,0.003927500785497711,0.12216630905372608,0.06566474970842805,0.005755769087683341,0.2243796961299721,0.04453383949197883,0.003903563142202671,-0.1526574390934869,0.062011658593923005,0.0054355615333300175,0.097857879477338,0.08409091507532741,0.007370893694024883,0.43915272644038,0.1048674186662848,0.00919203452909953,0.9321860960453748,0.04126039590329845,0.003616633160718503,3.6287259459030072,1.5486329969664914,0.13574366721391895,0.10000907612648749,0.03466678152623428,0.0030386773781087154,0.32139400751980995,0.10748672379884101,0.009421626746843754,0.4195896268736747,0.029539868619406925,0.0025892836477527446,0.07548378241886165,0.011098294434680802,0.0009728083989779517,0.32027670410630243,0.02908395183750343,0.0025493207798291135,0.5125201790437101,0.03971075993575558,0.0034808015792573664,0.3661052834106344,0.054052698708291075,0.004737927940218913,0.12413735533805477,0.025571088128947216,0.002241404699546584,0.20743636442085817,0.03938850444965494,0.0034525546404740705,0.5292666306718474,0.0859591585860217,0.007534652457971545,1912261,0.627425224629685,0.14029280087390827,0.44499999999999995,0.6350000000000001,0.795,65803,0.5413748191275927,0.09003363297162027,0.43499999999999994,0.555,0.6350000000000001
hpre_cos__hpre_softmax_prob_gauss,hpre_cos,hpre_softmax_prob_gauss,all,9,500,1120,59.3449857142857,3.6254987073986316,0.31778897323357364,4.655014285714287,3.6254987073983242,0.31778897323354666,0.4744487292986543,0.07112279740515215,0.0062341880621163415,0.20401452055527342,0.03949079139601757,0.003461520486632957,0.18200716240118656,0.047143756717104614,0.004132332473579002,0.622327181585204,0.05422318433954614,0.004752871664677307,0.11880755906887355,0.021538735664545488,0.0018879534221366543,0.4725938532138865,0.07666985116403563,0.006720408761880941,0.6166580793599287,0.05828194264182579,0.005108637515828352,0.7824064922043258,0.03715105543309587,0.0032564335870631975,0.1044964923738768,0.048814852603939994,0.004278810486374463,0.244234576460932,0.024310962982727866,0.0021309498604521336,-0.1678311058170251,0.03563362319041986,0.0031234247865449555,0.056004553743107706,0.05570426454902393,0.0048826940689953675,0.4590199408942744,0.07964460527565323,0.0069811574563499595,0.521737802978002,0.04742749213409243,0.004157202979435356,0.06676476132179655,0.021480897882497508,0.001882883717013432,0.4375010997047737,0.060984074013896994,0.005345489773566123,0.5265094107694569,0.046597408502818134,0.004084442941115019,0.600171384122684,0.0546175268777613,0.004787437312174567,0.11098516992182757,0.062160560392340115,0.005448613351424736,0.1939509203733078,0.03712362108610371,0.0032540288605233205,-0.12331257071989268,0.052525697894983826,0.004604080417505016,0.0888879306627016,0.07825410950162535,0.0068592751278823815,0.3814167038701828,0.09727525503265985,0.008526552045040913,0.9124966779906124,0.05666582855641935,0.004966978870417295,4.572835354681809,2.2246193328549926,0.19499648205110057,0.12388728835071841,0.04839555442826886,0.004242057380807685,0.30729745518182006,0.09353798116355691,0.008198965546904477,0.4267638838472111,0.029592359700552653,0.002593884693878393,0.07257501095638032,0.009776767544438625,0.0008569714597194756,0.3282412552212674,0.02764012189767358,0.0024227635056074813,0.5116165230712012,0.03597845574694413,0.0031536506928048938,0.37767282989826945,0.05422318806282586,0.0047528719910371635,0.11880755913270019,0.02153873606262209,0.001887953457029607,0.21759350028885965,0.0371510541197283,0.0032564334719414546,0.5274061410153195,0.07666985149967584,0.006720408791301103,1956661,0.613750194757405,0.13927859915144575,0.43499999999999994,0.6250000000000001,0.785,66566,0.5163524646195705,0.09406972373968948,0.39500000000000013,0.525,0.6250000000000001
hpre_cos__hpre_softmax_prob_gauss,hpre_cos,hpre_softmax_prob_gauss,all,10,500,1120,59.9753738095238,3.451305961413675,0.3025203058421527,4.024626190476191,3.451305961413939,0.3025203058421759,0.4937935802352571,0.09800513184575807,0.008590528568477022,0.23338065067249403,0.05790990051043816,0.005076026585174307,0.22892100349242495,0.07050919393840586,0.006180403346851672,0.5494415214419365,0.06509429385548676,0.005705766427522039,0.13841627053918232,0.026192919012117552,0.002295910579657466,0.3856306807735848,0.08641633734397211,0.007574725942972869,0.5301678360710541,0.07423955216229638,0.0065073836619582185,0.7478272866988465,0.04992445592529315,0.004376071505794987,0.0847295191159472,0.038577287670004075,0.003381448354613588,0.23959019588239128,0.027476205906367582,0.0024083956354804302,-0.16433057406926085,0.0357929507594205,0.003137390463723985,0.025046037046171702,0.04496641253377656,0.003941479841089059,0.4397322699971141,0.08022610524461199,0.007032128175962588,0.47650169462809977,0.04936437406375673,0.004326978166072874,0.08357393817734858,0.028123055556791447,0.0024650945072315637,0.3718149956962181,0.07115828331324393,0.006237298539103614,0.47895879576929973,0.05270385387061431,0.004619696477291633,0.5789518335258677,0.05111285679073114,0.004480239434484833,0.07699469641181833,0.04942711890392666,0.00433247799380488,0.16662183919197748,0.03620206860506622,0.0031732512240199313,-0.1183958969941321,0.03950952068164845,0.0034631621809019103,0.053149406536080926,0.056456771512725455,0.0049486542125910075,0.31140326678696134,0.0939705080208306,0.008236878197538844,0.8733465935722706,0.07430010311065083,0.0065126911865938265,5.8457769547292155,3.1325184337919256,0.27457734702221287,0.15896161048483287,0.06266693513854803,0.005492999054925452,0.3581352778724971,0.10159743020604202,0.008905407402976016,0.46591029219052615,0.03341632989346674,0.0029290704598537174,0.08009412399066526,0.012729047297822253,0.0011157501898322302,0.35286863830657245,0.03438219583298149,0.0030137323422516587,0.5523467910895746,0.038620132790972046,0.0033852038950507412,0.4505584912227023,0.06509429909728971,0.005705766886986326,0.1384162709130063,0.026192919172123092,0.0022959105936825696,0.252172700435207,0.04992445325649854,0.004376071271864825,0.6143693116669148,0.08641633560680571,0.007574725790703522,1992326,0.5414387708273364,0.15890564168169768,0.3350000000000001,0.535,0.755,67205,0.4720349953737068,0.10760985892169335,0.3350000000000001,0.485,0.5950000000000001
hpre_cos__hpre_softmax_prob_gauss,hpre_cos,hpre_softmax_prob_gauss,all,11,500,1120,61.181861904761924,2.410264943514391,0.21126903729332844,2.818138095238095,2.410264943514822,0.21126903729336624,0.4993036680281873,0.06875816420500637,0.006026918823483091,0.23009970083396344,0.03808626976639469,0.0033384087377164996,0.21940986338037813,0.04705344355354296,0.004124416175757916,0.5636984209646781,0.05670347081716186,0.004970278360048099,0.13337145482283966,0.020246180805169208,0.001774655993352303,0.39907058696427516,0.07553482861777784,0.006620919649159391,0.5541101026260428,0.06260398771824856,0.005487481470262176,0.7464045543934619,0.04153579896551302,0.00364077330347678,0.07522384114744188,0.03332503486656971,0.0029210680979166593,0.22904218695082132,0.022760799741890575,0.001995072061448978,-0.16608024401210608,0.030485832114847514,0.002672201004010252,0.02185683712514777,0.03622911966915241,0.0031756223543318194,0.4064356674816281,0.06836773730453322,0.005992696396766753,0.5171630667658791,0.0470573284294021,0.004124756700140919,0.0840245761720286,0.02238836248644108,0.0019624264966438677,0.41417914466119954,0.06733354511464384,0.005902045454461787,0.5175335683307479,0.049558071445627745,0.004343956490179624,0.6206333104467816,0.04477826777255458,0.003924988225641509,0.06688756242281876,0.048596541155139714,0.0042596746441749345,0.13821778661461462,0.028789971468074792,0.0025235522642974703,-0.09681514862676935,0.04565902633053593,0.0040021901171320194,0.05314598704172918,0.051148896218982554,0.004483398429653297,0.25158213048323647,0.0830717519669649,0.007281560108798906,0.8652846357050394,0.06342137024211049,0.0055591282074316205,6.479623865209306,2.999217813041001,0.26289303244408696,0.16943235648004787,0.051946142596859014,0.004553280155806589,0.385700788608903,0.09252763311520631,0.008110404635756267,0.45930132932975165,0.02951101177415852,0.0025867542337431526,0.07677402173268297,0.008984156962575802,0.000787496079002823,0.3545993798622773,0.028445053918343805,0.0024933189080544893,0.5467466317796992,0.03382216190719124,0.002964643204282955,0.43630159450088224,0.05670347390006656,0.00497027863027661,0.13337145477162582,0.020246180708958547,0.0017746559849190669,0.25359543391732253,0.04153579816082045,0.0036407732329423663,0.6009294070923611,0.07553482757776706,0.0066209195579984255,2065526,0.5552208018013679,0.15144467632508526,0.3550000000000001,0.555,0.755,68499,0.5117169444523658,0.10616784259789849,0.3750000000000001,0.525,0.6350000000000001
hpre_cos__hpre_softmax_prob_gauss,hpre_cos,hpre_softmax_prob_gauss,all,12,500,1120,61.399769047619046,2.857656917138605,0.2504846728253006,2.600230952380953,2.8576569171388337,0.25048467282532066,0.5850824712824256,0.09345186358055042,0.008191417007933787,0.27066782845113246,0.05775458656111134,0.005062412717271198,0.26036839969867764,0.07099164618850339,0.0062226921511146106,0.5648192866870337,0.06354391895544298,0.005569870075771431,0.13853765965347128,0.022272265668606326,0.001952250161879191,0.4008114481343401,0.0789427085722603,0.006919633497664751,0.5442811815566251,0.07460998868150986,0.006539853854499961,0.7656419987012938,0.044152921834042035,0.0038701742373451844,0.08259895053728418,0.040215388573141185,0.003525034229571589,0.24687086320356247,0.028828725701009184,0.002526949222588351,-0.17618177340884825,0.03920514609940638,0.003436482572446469,0.02029336609822016,0.04852666809081148,0.004253550000046876,0.44962170481568337,0.07888428012276455,0.00691451201825697,0.5197086118368875,0.05600663612522303,0.004909198106230089,0.09527713729638963,0.024154866778676433,0.0021172674248992173,0.4040913421014945,0.07548736317684392,0.006616759119820989,0.5113204817834354,0.06218921682422785,0.005451125198428724,0.6422241047040336,0.04892503039083956,0.004288467995202287,0.08079913387834287,0.05338883167445528,0.004679737429044336,0.15779404305673786,0.03247798080150439,0.0028468205354885987,-0.10451793047890645,0.05069515914699252,0.0044436266217275444,0.06032317095669651,0.05988328176558106,0.0052490010787496245,0.29836253897721554,0.08640225834263662,0.007573491864094444,0.8439717578070505,0.05562411429201586,0.004875668589210469,6.3593741174584295,2.5037596496396386,0.21946420961587929,0.19094131970433964,0.050284149096032696,0.004407600002322977,0.38900740654724,0.08454492507239293,0.007410689424888278,0.4573708190817919,0.03419733738348257,0.0029975287847273033,0.08135052799578933,0.010434890236530677,0.0009146584571399529,0.34037302318527585,0.0315760670377289,0.0027677643084513277,0.545640981993363,0.03644881604344217,0.0031948795906028473,0.43518073543381136,0.06354392575025657,0.005569870671363102,0.13853765958302788,0.02227226570186352,0.0019522501647943127,0.2343579905149838,0.04415291896658088,0.003870173986001132,0.5991885449843747,0.07894270832881176,0.0069196334763255455,2087876,0.5531177381127202,0.15862574073390395,0.3550000000000001,0.545,0.775,68846,0.51189317557244,0.12064798226120026,0.3550000000000001,0.525,0.665
hpre_cos__hpre_softmax_prob_gauss,hpre_cos,hpre_softmax_prob_gauss,all,13,500,1120,60.21255952380952,3.6728181723242095,0.32193670721068796,3.787440476190476,3.6728181723243223,0.3219367072106979,0.5380480057354485,0.08874068752805626,0.007778464219565822,0.2538043031034369,0.0556910405501227,0.0048815349343846485,0.24794799312225418,0.06937811146769471,0.006081259596979065,0.5496630464815665,0.06446876179301408,0.005650936124741292,0.13619694441672234,0.018972814358034197,0.001663040503058701,0.38781396051162775,0.07692235784623745,0.006742541948443049,0.5325230235190619,0.0727514849593434,0.006376948820659298,0.7433089253323422,0.04907985855088445,0.004302039281797397,0.08799750035094053,0.04432571079258579,0.003885319857342142,0.2345777193852123,0.021969415309143182,0.0019257041574410134,-0.15927952924517993,0.03822868866461305,0.0033508923045542168,0.03167631031762215,0.05073085437680269,0.0044467554465724025,0.43180480972599405,0.07238452319628963,0.006344783203923908,0.5084575008194362,0.060126501235310575,0.005270320205246077,0.09537840165447974,0.0218905604307855,0.0019187922226010954,0.3915915345467274,0.07502051887351756,0.006575838412412854,0.5031388906901079,0.06617591631069678,0.005800574815886959,0.6325123507239989,0.05492648305567633,0.004814518515197319,0.08387737346720489,0.06092688812550567,0.005340477209441291,0.14519719235709025,0.027630944665648065,0.0024219590857530314,-0.08490060983518283,0.05348612656193606,0.004688265701949329,0.06381556549336362,0.06592162563475218,0.005778285255378665,0.28426123747589704,0.08928685987622294,0.00782633833668473,0.8329920168321757,0.05807842266578989,0.005090798203381494,6.978876177032223,2.726782016171976,0.23901298196099116,0.1952247683761375,0.05131169658318723,0.004497668510753333,0.40152220703874314,0.08085707265873998,0.007087434908322024,0.4662021733763675,0.03399994174515395,0.002980226294149325,0.07846955929606089,0.008362385111558249,0.0007329953732882751,0.3561929834162194,0.03350826939717448,0.002937129312673955,0.5517639988846718,0.03469737284543944,0.003041358825463869,0.450336969360993,0.06446876815403407,0.005650936682309277,0.1361969443335597,0.018972814240146272,0.001663040492725369,0.2566910629202213,0.04907985527552697,0.0043020389946996545,0.6121860310271383,0.07692235709085285,0.006742541882230669,2018329,0.5362267733561827,0.15687914809283357,0.3350000000000001,0.525,0.755,67629,0.4981285040726421,0.12178382882652868,0.3350000000000001,0.505,0.6550000000000001
hpre_cos__hpre_softmax_prob_gauss,hpre_cos,hpre_softmax_prob_gauss,all,14,500,1120,61.960352380952386,2.374717654652618,0.2081531800443472,2.0396476190476194,2.374717654652807,0.2081531800443638,0.6044457073037109,0.0954144805409006,0.008363447969469558,0.29497103290039867,0.058307653062450795,0.005110891133559659,0.2973595702237671,0.07174925399608553,0.006289099403389711,0.5161350062213482,0.055578454170147805,0.00487166630306524,0.1448500324457174,0.018924576013854385,0.001658812225763744,0.35004898920889416,0.06750526473490402,0.005917097342825497,0.49068037037842355,0.06440525515891463,0.005645369522827242,0.7283747445711068,0.04222556553501076,0.003701234009046528,0.06408130756867193,0.03003549476820781,0.0026327271951504362,0.23705992323468844,0.025135883069664047,0.0022032572941555915,-0.17761458380350045,0.03095500551369866,0.002713325865642431,0.001897953732252963,0.03493675597153398,0.0030623416816143298,0.4126228199487286,0.07018825402895168,0.00615227172344577,0.4908224518243758,0.048268535037930306,0.004230923640350388,0.11088871532338011,0.022670341915106453,0.001987143083337359,0.357739223580701,0.0658346625100241,0.005770662601408296,0.4771846915219509,0.055393575894087506,0.004855461007666155,0.6368226176198036,0.04633307137829102,0.004061272770561777,0.064329380335476,0.041058397492701335,0.0035989272193627745,0.1534378998723059,0.030506434581125407,0.002674006889802232,-0.11099008734588382,0.0403965023561473,0.0035409095526057702,0.04043883090762289,0.04569177330699769,0.0040050605161767215,0.28052173913341194,0.079235062993146,0.006945259492522775,0.8017005160805725,0.05603101587674409,0.0049113350856717745,7.649286818378311,2.881088596585304,0.2525385500856369,0.22848397205386836,0.04976144399070451,0.004361782879733137,0.44509336053253645,0.08270281380595093,0.007249221253144084,0.48387096233460175,0.028540186355211234,0.0025016576338059596,0.08150081749606346,0.008770001184147832,0.0007687244973719215,0.36712333478870834,0.028263806516020392,0.0024774318727707454,0.5690531319084623,0.02998415222158964,0.00262822682251489,0.48386501888859845,0.05557845790096286,0.0048716666300855985,0.1448500323662978,0.018924576576595607,0.0016588122750901867,0.2716252443217806,0.042225565869547566,0.003701234038369972,0.6499510042418327,0.06750526578774087,0.005917097435110715,2127629,0.5063439768349441,0.15802218172864335,0.31500000000000006,0.485,0.735,69535,0.4848425193342803,0.12720204493686627,0.32500000000000007,0.485,0.6450000000000001
hpre_cos__hpre_softmax_prob_gauss,hpre_cos,hpre_softmax_prob_gauss,all,15,500,1120,60.1567976190476,3.597538960593856,0.31533819336959856,3.843202380952381,3.5975389605934134,0.3153381933695597,0.5358074314310438,0.08603145432504723,0.007540989458899776,0.24270220479450771,0.04954489369468561,0.004342801409381255,0.22715972401419923,0.057315581404411224,0.005023932218655305,0.5843815438493377,0.049833118711826975,0.004368065446042105,0.12583812447525564,0.01592455056930304,0.0013958484012965072,0.4328472983270171,0.06005000002512154,0.005263614578517405,0.5700398220940716,0.05761794716480717,0.005050435746112404,0.7612055297674165,0.037024282874606726,0.0032453214823714364,0.09791462961227212,0.044878247554487674,0.003933751839921607,0.23635190877513526,0.02157800699596997,0.0018913957061086313,-0.15675895110891155,0.03942295163173974,0.0034555740691124474,0.04358285191619071,0.05181536634790376,0.004541817112172338,0.44485396930355403,0.06829708140260786,0.00598650313389786,0.5327532340896272,0.0509605670639094,0.00446689065137206,0.09135772518950204,0.018122676845600077,0.0015885226645521106,0.4193441855433442,0.059774641577614675,0.005239478346410682,0.528746865267413,0.058043575191255345,0.005087743687562878,0.6504676182851905,0.04882010243970954,0.004279270654768799,0.09543926251832553,0.05256732796171828,0.004607729453742759,0.15249679575711492,0.02758227842593285,0.0024176933017607005,-0.08092050725560429,0.045713079313648645,0.004006928070001386,0.07320886303494863,0.06077703248733093,0.005327341783605495,0.30908931490624575,0.08067662711133015,0.0070716181587204,0.8452286881140304,0.05144842798059192,0.004509653546164145,6.4499148421679235,2.45710981843388,0.21537517162225261,0.18351819576124342,0.04566071418258713,0.00400233806388738,0.3807296958481981,0.06736282214207187,0.005904611699063307,0.4484064606926981,0.02744735618961557,0.0024058668463110967,0.07488043322291753,0.007513791280638821,0.0006586128444323413,0.3442136095420236,0.02663887209260197,0.0023350000906448187,0.5314384794781604,0.0281858487866803,0.002470598576509447,0.41561846915320255,0.04983312426569476,0.00436806593286008,0.1258381245298223,0.01592455047325667,0.0013958483928776715,0.23879445936942395,0.037024281386140334,0.003245321351901605,0.5671526961679967,0.06005000068869634,0.0052636146366823,2015708,0.5739765120340549,0.1403509061934317,0.39500000000000013,0.5650000000000001,0.765,67598,0.5245016372226047,0.11225226178477937,0.3750000000000001,0.525,0.665
hpre_cos__hpre_softmax_prob_gauss,hpre_cos,hpre_softmax_prob_gauss,all,16,500,1120,61.033261904761915,2.9080449178666146,0.25490137582452366,2.966738095238094,2.908044917866824,0.25490137582454203,0.5503503411197944,0.08684793715215744,0.0076125573341718576,0.25641408366465135,0.05288991812103143,0.004636005727926549,0.2465555928784821,0.06346778080864418,0.00556319627295205,0.561701130213624,0.052974270798715827,0.004643399566124898,0.1281821511200673,0.014474495365602132,0.0012687454586376879,0.41237584698044116,0.06045153542483717,0.005298810708123563,0.5424012488944192,0.06127017434072172,0.005370567572909391,0.7453081620830861,0.039907154817598205,0.003498016349661706,0.09123322903002572,0.04295959227867739,0.003765574289935271,0.236482957997386,0.02014902888625662,0.0017661402521948458,-0.16222947390957052,0.039798646881972835,0.003488505209751571,0.03573254184919365,0.049876873411068855,0.004371900714530229,0.43807218441799994,0.06300574443312149,0.005522696998997193,0.5379674295172097,0.05253925087721352,0.004605268388775903,0.09536053728690104,0.020341777221415443,0.0017830353886894754,0.42318308536012983,0.06679732316448045,0.005855043528183346,0.5283976585764264,0.06091936060539416,0.005339817393211776,0.6655040399469082,0.04413097913552601,0.0038682508750179133,0.10749558122258131,0.05791030878342515,0.005076062371879478,0.15907888824737487,0.029874096696279887,0.0026185800303879215,-0.0816572483425583,0.060745969734804714,0.0053246190132977935,0.08699461550856938,0.06784218996800752,0.0059466301416280275,0.3298443482738165,0.07462786981974613,0.006541421205371927,0.8258419332136707,0.0615932487377956,0.005398886292404351,7.043135867903344,2.691722209558119,0.23593985441502122,0.20261382421638285,0.05381279541121098,0.004716899489071254,0.3891124728793189,0.07194602664011222,0.006306347286109427,0.46073280559657587,0.028487254539911803,0.0024970179556284256,0.07504634841137696,0.006731499505055796,0.0005900419469653892,0.35537652751093823,0.027735275260070424,0.0024311040655624764,0.5409792922881388,0.02798826356755563,0.0024532794684420183,0.4382988865703344,0.05297428071532442,0.004643400435353966,0.12818215106007244,0.014474495388096559,0.0012687454606094112,0.25469182669534574,0.03990715389471775,0.003498016268767667,0.5876241475080451,0.06045153506790678,0.005298810676837235,2069843,0.5487416536213813,0.1442015223969325,0.3750000000000001,0.535,0.755,68537,0.5285232646691729,0.11885227545675132,0.3650000000000001,0.535,0.6849999999999999
hpre_cos__hpre_softmax_prob_gauss,hpre_cos,hpre_softmax_prob_gauss,all,17,500,1120,62.359030952380934,2.3044086034443976,0.20199031998129152,1.6409690476190482,2.3044086034440556,0.20199031998126155,0.6615018352107629,0.10235493082135588,0.008971805259434534,0.30613141755245277,0.060632898178468966,0.005314707854395287,0.293897014285624,0.07136616075506602,0.006255519800267009,0.5643268092360527,0.049436025967355676,0.004333258732337722,0.1404266786600863,0.018690051909338232,0.0016382552816333767,0.40363283169120556,0.06275220014137672,0.005500472861948579,0.5346056051706272,0.061860792871682384,0.005422337569722156,0.7723322650835628,0.027822851610403435,0.0024387804711270616,0.07563065691720695,0.03637689682691607,0.0031885755933268446,0.2536642838822589,0.02248655420305187,0.0019710333800880974,-0.19827671494299012,0.040578079149135686,0.0035568254602543013,0.012590343114196522,0.04657111418145844,0.004082138142227705,0.4495121288161194,0.052925985893671916,0.004639167207590258,0.5240262120398739,0.043704040923593764,0.0038308280907462635,0.12008486805199863,0.022779212714245524,0.0019966860296368348,0.3782449050347011,0.06048003438084979,0.005301308751758498,0.5132301677492404,0.05418971553483981,0.004749937994597305,0.6762722467981632,0.038779207493523905,0.003399147407508276,0.09317700403001426,0.04130824722934123,0.003620827514378034,0.1840202664774444,0.030904062841105556,0.002708860543510582,-0.126577414244807,0.047680762578418,0.004179403112699335,0.07896404535808776,0.053298470339927115,0.004671816908851867,0.34460626857908716,0.06596085993710023,0.0057817242936089855,0.8161594899448609,0.03870073963141602,0.003392269396138362,6.36135146951221,2.1257924372821897,0.18633392271606303,0.21927801562207083,0.04473264430831055,0.003920989152678697,0.42693193495422616,0.061957943811171014,0.005430853225029318,0.45814881024012993,0.0266370777250532,0.002334842807394445,0.0825196207181506,0.008592437228878369,0.0007531603304579405,0.3365568250473767,0.0202454218306229,0.0017745894663000967,0.5449078299697667,0.029521091202665103,0.0025876377346059033,0.4356732241676677,0.04943603448615006,0.004333259479042973,0.14042667833403472,0.01869005149621818,0.0016382552454218076,0.2276677299620495,0.02782285162716543,0.002438780472596315,0.5963671630662111,0.06275220266389098,0.005500473083056701,2148907,0.5558059284581305,0.15418171256254176,0.3750000000000001,0.535,0.775,69864,0.5182505005292981,0.13519545070156314,0.3350000000000001,0.535,0.6849999999999999
hpre_cos__hpre_softmax_prob_gauss,hpre_cos,hpre_softmax_prob_gauss,all,18,500,1120,61.909042857142865,2.9703068674122273,0.2603588763270732,2.0909571428571434,2.9703068674126305,0.2603588763271086,0.6555930188723971,0.12976333828931164,0.011374258099766322,0.31864301659244876,0.07296228218287303,0.006395426011973493,0.3197231669597682,0.08315774883969793,0.007289098067047617,0.521539762230714,0.046052120860527,0.004036646371885239,0.1462471970790377,0.016082044778406572,0.0014096533773951352,0.3578035245315659,0.053918875531849875,0.004726197821615005,0.48773860244573597,0.05783156281279183,0.0050691599832224975,0.737737769837181,0.03210858862684275,0.0028144418837829227,0.07272868517170145,0.039908620805716354,0.003498144849185892,0.2475247428778382,0.022792409008648876,0.001997842735841245,-0.19295902356957476,0.04559518919627166,0.003996594545601235,0.012843856327791163,0.047981661660674954,0.004205778080149254,0.4341484839074668,0.05853483715089853,0.0051308046969145375,0.49104134130811417,0.041130254150513273,0.0036052257331257087,0.1289980501825433,0.02310112137200924,0.002024902567576006,0.3358913114974896,0.05612682805231072,0.004919733393147228,0.47634767391582344,0.053835996281385155,0.0047189331350068415,0.657118304049401,0.03772782612015501,0.0033069897668399828,0.0820911571671729,0.04629114349402353,0.0040575976294662825,0.18055777702079637,0.03220723993557294,0.002823089052252612,-0.13208248524832558,0.05579340734558873,0.004890507779626041,0.06550828513077549,0.05696901022958811,0.004993553915782205,0.32964674845199493,0.06887103912308988,0.006036812746282838,0.7922661637712092,0.0439962020791797,0.003856437145153845,7.241983423216003,2.3795645218516883,0.20857802668612063,0.244160821354531,0.047085536626578134,0.004127229257640126,0.45384522917611253,0.06663121245273652,0.005840483282327935,0.4812315972227426,0.02412475492336086,0.0021146280044069786,0.0826826544987836,0.007513098756631299,0.0006585521420266719,0.36123114760581926,0.02217716532933839,0.0019439142496063642,0.5659965257091185,0.024543572758449674,0.0021513390062653354,0.4784602656759675,0.04605213248325683,0.004036647390662428,0.14624719713500572,0.016082044833815094,0.0014096533822519064,0.26226222217636447,0.03210858904380929,0.0028144419203316516,0.6421964706527334,0.053918875490464785,0.004726197817987441,2137955,0.5113104112142302,0.15538158062623122,0.3350000000000001,0.485,0.735,69683,0.484002578074268,0.1410894983289366,0.30500000000000005,0.485,0.665
hpre_cos__hpre_softmax_prob_gauss,hpre_cos,hpre_softmax_prob_gauss,all,19,500,1120,60.14071904761902,3.522526921980849,0.3087630982847932,3.8592809523809537,3.5225269219804547,0.3087630982847587,0.5496425005795699,0.11058291342590348,0.009693019733555538,0.25913716238119777,0.06180504033535281,0.005417450644445038,0.25159666412135673,0.06969064711278396,0.006108654554133267,0.5528396185093691,0.04727801256441582,0.004144100517456819,0.12997869919730082,0.01610094745539426,0.001411310270086622,0.40147559720582915,0.05868572827549799,0.0051440308871373245,0.5323839344204182,0.055541527278866715,0.004868429518332431,0.7368529946567048,0.034347135879084986,0.0030106592017957964,0.09474516995940466,0.04542614950206825,0.003981777563113559,0.23700216411682112,0.022054061087751122,0.0019331236870680627,-0.16568335732826964,0.04855298249922487,0.004255856559642078,0.04426920973047298,0.05421172235339411,0.004751866977293736,0.4365741131948573,0.058765193051153825,0.005150996281832507,0.5034971394136547,0.047451972566634484,0.004159348783957635,0.10331593027923792,0.01980392033085962,0.0017358901535670557,0.3761164100021833,0.0622011673463576,0.0054521727078787946,0.5003794969565102,0.054349746602212215,0.004763965336127441,0.6368721835868699,0.0409089978834865,0.003585831766227737,0.10569747444149827,0.05451182687909543,0.0047781722987908165,0.17121219547334166,0.02932307559316697,0.0025702809011589034,-0.1060609066106385,0.061885710724581204,0.005424521715829212,0.09658968603470405,0.06700185597570335,0.005872971619548669,0.33582431268670726,0.06815224015078851,0.005973807238405302,0.818118648418784,0.054369508327157555,0.004765697527692394,7.213107948965119,2.6027699186266697,0.22814284233936052,0.20468662126270076,0.046348272299856316,0.00406260519008425,0.40684963289442516,0.06938499755596558,0.006081863189228796,0.4658457094395446,0.025182523764189054,0.0022073455312838397,0.07506858271241544,0.007545650181253969,0.0006614054001969254,0.36176975793455324,0.023553982791612787,0.002064597621185933,0.5461021342365514,0.027333943538565105,0.0023959257891386105,0.44716039613428554,0.04727802367465622,0.0041441014913123275,0.12997869908534698,0.01610094740369317,0.0014113102655548217,0.2631469953004094,0.034347134339457415,0.003010659066841489,0.5985243969016131,0.05868572869053813,0.005144030923517197,2015010,0.5424412655639058,0.14202961165474448,0.3650000000000001,0.525,0.735,67582,0.49603909123367573,0.1208950903600541,0.3350000000000001,0.505,0.6450000000000001
hpre_cos__hpre_softmax_prob_gauss,hpre_cos,hpre_softmax_prob_gauss,all,20,500,1120,57.296064285714266,5.006415524745521,0.4388316691280976,6.7039357142857146,5.006415524745379,0.43883166912808513,0.5576254908258004,0.12653757743859145,0.0110915076945447,0.24449391195358985,0.07323454570803722,0.006419290962175877,0.22364935859204046,0.08304180851918853,0.007278935449878327,0.6175485174218815,0.06563637531956172,0.0057532819628401954,0.12619192422005748,0.02429016082685726,0.002129126471095609,0.4654449814154987,0.08770823776466082,0.007687966007677034,0.601813963882838,0.07986549108166975,0.007000518950908657,0.7926371966019984,0.03353105167709776,0.002939126267556317,0.14634222653909984,0.07568884412680704,0.00663441970375231,0.2423760740352528,0.02781947744514627,0.0024384847125020737,-0.13307550601542012,0.09144800310690815,0.008015770893063417,0.10652238537882995,0.08852442054624957,0.00775950758279957,0.4903553893243274,0.06476521971811211,0.00567692180760241,0.5516474399261532,0.05869214518667222,0.005144593354201298,0.10213340492656547,0.0294224101401411,0.002578987958101197,0.42186464102821697,0.09029199621882164,0.007914442421682015,0.5571634535429025,0.06440649989676155,0.005645478628910086,0.6734188943945226,0.04218334150529154,0.0036975329096576707,0.14872828899382154,0.06991351683584639,0.006128189946688318,0.15449009171165526,0.034814519388992445,0.0030516271727446444,-0.04143561232182131,0.09448802824546654,0.008282240845297908,0.14323631114551044,0.07896572808148931,0.006921651246612587,0.35209911962612733,0.06708848977751988,0.0058805654070931005,0.8566425364999549,0.04747194305039504,0.0041610992740395356,5.517340747452919,1.7496671861861093,0.1533650908394665,0.1714470520296267,0.047430732311602684,0.004157486993516502,0.39028529609143725,0.0767742240379365,0.0067295574476500765,0.42790592353649093,0.037330132364280795,0.003272130372163394,0.07741160978365333,0.010473251062297259,0.0009180209317721673,0.3206070701869471,0.026093760071693554,0.0022872189153079615,0.5143964151883408,0.04361131280734001,0.003822700112988602,0.38245148929655576,0.06563639070472525,0.005753283311409239,0.12619192424368642,0.02429016061425356,0.0021291264524600727,0.2073627956032398,0.0335310505629929,0.002939126169900721,0.5345550123866112,0.08770823770306267,0.007687966002277719,1857608,0.5942258306705998,0.1545683037683425,0.3850000000000001,0.6050000000000001,0.795,64704,0.5382736034757659,0.13453554920458385,0.3350000000000001,0.5750000000000001,0.6849999999999999
hpre_cos__hpre_softmax_prob_gauss,hpre_cos,hpre_softmax_prob_gauss,all,21,500,1120,52.46533095238094,4.891213396572773,0.4287337573700188,11.53466904761905,4.891213396572538,0.4287337573699982,0.43257143065961323,0.09974007087520767,0.008742602679458361,0.17877867371592493,0.05814566455589242,0.005096692214919923,0.15459029964732807,0.06671069556344111,0.005847450284161,0.6624090027765147,0.06641270810539047,0.005821330531825371,0.10804295282603374,0.024565093634117748,0.002153225394189757,0.5274327846651277,0.09352920786192948,0.008198196533110496,0.6556557316530317,0.07377072442327223,0.006466289098745755,0.8075817163612161,0.03750727084984157,0.003287657245013088,0.21242605069764847,0.07684375613877995,0.006735652205010966,0.21937073369593854,0.026816850176755214,0.002350600557555955,-0.04459817606115435,0.09715632339199352,0.008516127227099258,0.18092152369172557,0.08390436723651006,0.007354542054997752,0.5215373750128917,0.0650400300547544,0.005701009995673558,0.5905652401641722,0.05917060085929073,0.005186531843002556,0.07619756292989924,0.028832970013791055,0.0025273212530067535,0.49243820621009377,0.09550593499146179,0.008371464305506907,0.5967905156839463,0.059389272736921114,0.0052056992781819985,0.679638885468812,0.037686742223932534,0.00330338860455841,0.20073162958625526,0.06649008870107333,0.005828113240091154,0.11730571687915142,0.027232944157794096,0.0023870728030799073,0.055150330824864376,0.08606390408802801,0.007543833806034224,0.19649693537523208,0.06925114531730345,0.006070130523208904,0.3532614694668422,0.06550293797437308,0.005741585663836702,0.9000195005865321,0.050376634459481665,0.004415706701859127,4.572570495795637,1.5782910797546623,0.1383433127904283,0.13336596121362274,0.04355819204363293,0.003818043872752906,0.3202033359753945,0.08660640280948499,0.007591385915574498,0.40202889371932976,0.03818442949708625,0.0033470128174712924,0.069813250300847,0.010418649016346496,0.0009132348514230735,0.308335392186826,0.029219979827878575,0.0025612441588953165,0.482646936647452,0.04714856075379109,0.004132753565960819,0.3375909937246924,0.06641271223466493,0.0058213308937722355,0.10804295268672562,0.024565093509730462,0.002153225383286731,0.1924182754395618,0.03750726978711018,0.0032876571518605747,0.4725672082705159,0.09352920831561368,0.00819819657287767,1554450,0.6379682906608284,0.148997750777229,0.4149999999999999,0.665,0.8150000000000001,59164,0.5773906700026472,0.12087235688046712,0.3850000000000001,0.6150000000000001,0.695
hpre_cos__hpre_softmax_prob_gauss,hpre_cos,hpre_softmax_prob_gauss,all,22,500,1120,49.20080000000003,3.9643711381497724,0.3474924514352911,14.799199999999997,3.9643711381501414,0.3474924514353235,0.3698845923059755,0.06838679854108387,0.005994367187816721,0.14612709998410367,0.03582005216192024,0.0031397660063923645,0.11987782718608424,0.03809813938358505,0.0033394491555359574,0.6852825880649545,0.043524659738210264,0.0038151046365897047,0.10092851933631153,0.015805918090318814,0.0013854498060324638,0.5552591341457908,0.0649687983712939,0.005694766263327879,0.6844143093851354,0.043543027542346804,0.0038167146456086556,0.8165152896309181,0.030403556371818904,0.0026649892171612503,0.22746785149788917,0.061132387649334013,0.0053584900369025535,0.21260126045921016,0.01733735653471273,0.0015196863042612999,-0.023240169708373396,0.07217626912184097,0.006326528929455214,0.20043947117942126,0.06439363485918236,0.005644350958646528,0.5238815770154198,0.061617325073636736,0.005400996676289076,0.6020248159614346,0.04065842041578009,0.003563867682772022,0.06094654802838785,0.016089311021403114,0.0014102902916757623,0.5262409563042577,0.06110635056267776,0.005356207785631136,0.608070348343111,0.03896098975154648,0.0034150813249611183,0.6700202005447372,0.03616651854421283,0.0031701351237951713,0.20270606159589732,0.05179539888295491,0.00454006688670095,0.1026997809881433,0.01881896276751927,0.0016495548165570576,0.07969540453801512,0.05832575444109286,0.0051124777893543595,0.1958014571412023,0.053116888993304835,0.004655900602059727,0.33534320192769884,0.06215235471220594,0.005447894091848337,0.9259646591988351,0.03631887183465371,0.0031834894785048168,3.993092359013784,1.4398671396618214,0.12620991947179902,0.10947135829201766,0.03295841565390714,0.002888932507046918,0.28350467944961205,0.0638551870017002,0.0055971539229890946,0.389514622045131,0.026409215995377124,0.0023148698461670104,0.06742157118361265,0.006808740166472108,0.0005968123894519029,0.3015236917228216,0.024727434525017376,0.0021674552006788715,0.4697377003450478,0.033669781746037436,0.0029512864942514735,0.3147174063481036,0.04352466011466585,0.0038151046695874915,0.10092851957389642,0.015805918404542943,0.001385449833575423,0.18348470387870358,0.0304035551526375,0.002664989110295288,0.44474085974686206,0.06496879725316611,0.005694766165319656,1346497,0.6714579497010997,0.12348105817344628,0.505,0.6849999999999999,0.8150000000000001,55182,0.595307377706748,0.08993997525606873,0.475,0.6150000000000001,0.6849999999999999
hpre_cos__hpre_softmax_prob_gauss,hpre_cos,hpre_softmax_prob_gauss,all,23,500,1120,49.36455,3.5977240838871594,0.31535442014170584,14.635449999999995,3.5977240838870883,0.3153544201416996,0.42736021257603435,0.07717583978304929,0.006764760619840808,0.17162746465484657,0.03804861443542759,0.003335108102429998,0.14288033680722476,0.03824382809588583,0.0033522193342149084,0.6719130534851832,0.03792690791983705,0.0033244400559771267,0.10734746876059185,0.01243079375647609,0.0010896071142674118,0.5323193288356776,0.0537520901912891,0.004711578441936546,0.6721690721702008,0.03695841924463022,0.00323954828065964,0.8105669552273689,0.03217975780762518,0.0028206801375273162,0.2050727626806036,0.0557545632331912,0.004887102943052859,0.2200776616490314,0.01805586251165743,0.0015826661299634794,-0.05224685165031374,0.06254494142747634,0.005482305834678729,0.17519515027220672,0.058271080868331666,0.005107685439403901,0.5130538350360023,0.06767150269762023,0.005931668742720418,0.6048659583513225,0.036621446964505075,0.003210011358003837,0.06484041255772824,0.013439973266785074,0.0011780655985402044,0.5216258232770931,0.050726927797362244,0.004446411266709325,0.6124143392670722,0.036513249458240145,0.003200527428426867,0.6765867785595713,0.03698851237780995,0.003242186060084317,0.21314091113512185,0.04967960745274445,0.004354609590905796,0.10925879527066082,0.019200700719555677,0.00168301562336258,0.07855180610310579,0.05429984738388637,0.004759591476794774,0.20977651587884344,0.05230266848279927,0.004584531027581258,0.35170957139418246,0.06395175192539333,0.005605618211746996,0.9208130582502915,0.03384340695095375,0.0029665054144748415,4.157377971141113,1.433585625535769,0.12565932048236989,0.11284857774873576,0.032194340149004186,0.0028219583361058236,0.3015480459453805,0.057760891611291866,0.005062965379286762,0.3977831317995278,0.023711889411694068,0.0020784387467006125,0.0708366129579998,0.005865397092091053,0.0005141247232274514,0.3063278082969641,0.02638128113212774,0.002312421247442833,0.48243696657028956,0.027874166047917925,0.0024432783798910367,0.3280869385824316,0.03792690690789606,0.0033244399672765885,0.10734746896667142,0.012430793721351368,0.001089607111188594,0.18943303624597324,0.03217975841986362,0.0028206801911923817,0.4676806622214969,0.0537520881603627,0.004711578263917998,1359710,0.6613412558562077,0.12040211526116397,0.505,0.665,0.8150000000000001,55523,0.5986973790148717,0.08401774792953728,0.485,0.6150000000000001,0.695
hpre_cos__hpre_softmax_prob_gauss,hpre_cos,hpre_softmax_prob_gauss,all,24,500,1120,52.38010238095237,3.653902375313017,0.3202786644984359,11.61989761904762,3.65390237531278,0.32027866449841513,0.4400239616402559,0.07388868223565039,0.006476628556874379,0.18090690374746912,0.03626301390057658,0.0031785933147077945,0.15365238497012423,0.036127910550839464,0.003166750983966989,0.6551880417913197,0.033220932162461796,0.0029119430935740072,0.10847931191946061,0.010886742869005794,0.0009542650866593953,0.5171262534288421,0.04253265151033622,0.0037281512815844986,0.6537742529199237,0.03345545745047452,0.0029325001414424227,0.7944374860878504,0.033787381576382815,0.002961594573871426,0.1677255221969315,0.045719741716958674,0.00400751205539982,0.21523843874555262,0.01895346561418381,0.0016613445108827761,-0.07110031214276928,0.04493744110229795,0.003938940383153546,0.13066404548120422,0.04721466399335778,0.004138547770379219,0.4668499906477476,0.06974434098444196,0.006113361029495763,0.6004680293876499,0.03387034298422667,0.002968866461891385,0.06015145472353768,0.010959704770388231,0.000960660479292739,0.5250957930798333,0.03888808234824531,0.0034086907092952174,0.6038711880341882,0.03503565133092288,0.003071010242067442,0.6717875979971321,0.03676231709505544,0.003222359169369905,0.194557614373398,0.044186978269180915,0.0038731594155036256,0.11075261212974077,0.0201229083261277,0.0017638506841509472,0.0607070856214237,0.04391686723963869,0.003849483139861293,0.18668754240658503,0.04588018111506576,0.004021575188696934,0.339876279871698,0.06277663616192025,0.005502614773587547,0.9172129671751035,0.03733108868975867,0.003272214197787458,4.564399256749382,1.7002736825941203,0.14903555935766666,0.12172358011858805,0.034232941193296576,0.0030006495962561852,0.28263820866935313,0.0520113098882509,0.004558992320750291,0.40843830214518884,0.020740645994283036,0.0018179977781466428,0.07079733045218244,0.006710414067908599,0.0005881937269101691,0.31928614923045756,0.026825956187222368,0.002351398734565563,0.49074397039505696,0.021821086002470614,0.0019127025204602227,0.3448119487575832,0.03322092890359211,0.0029119428079214848,0.10847931202375106,0.010886742730912679,0.000954265074555,0.2055625043187113,0.033787381226936634,0.002961594543241118,0.48287373851977633,0.042532648844043536,0.0037281510478736407,1531630,0.646669075855678,0.11568924729132321,0.495,0.6450000000000001,0.795,58921,0.595707134054476,0.07574928811351814,0.495,0.6050000000000001,0.6849999999999999
hpre_cos__hpre_softmax_prob_gauss,hpre_cos,hpre_softmax_prob_gauss,all,25,500,1120,51.20147142857145,4.013865031956071,0.35183078250735506,12.79852857142857,4.013865031956354,0.35183078250737987,0.4396493853461173,0.07619270657602606,0.006678585194712629,0.17119218548394388,0.03590471581281871,0.0031471871025947505,0.13808448630415263,0.034572936245291626,0.0030304514765485454,0.6903865837978465,0.034649820400546524,0.003037190669892216,0.09992099789773073,0.010688373567817053,0.0009368772507687947,0.5630863766493541,0.04479745133409196,0.003926669738949316,0.6898414651547163,0.03512041061200576,0.003078439720625075,0.8171347451210019,0.03279861206405545,0.0028749251048006087,0.1834067166555495,0.050165716236413097,0.004397218904467716,0.2177085344985837,0.020012313111343952,0.0017541565861558354,-0.05840671519071422,0.04692324610226163,0.0041130038659766745,0.14672190795003856,0.05293547756306436,0.004639999189095131,0.4849414067516015,0.0767108600342914,0.006724003347846577,0.6547021682572506,0.034212283213880645,0.0029988388445231144,0.05583284856034886,0.010998757550096923,0.000964083606362186,0.5865916190895295,0.04104431484436396,0.0035976928208105393,0.6571692748966668,0.035967499170080776,0.0031526903064987405,0.7210503089805446,0.034265071987957106,0.0030034659845846407,0.23103649692059086,0.04621389931221526,0.004050826878403809,0.11760799450313764,0.021104641915191357,0.0018499034273558414,0.08904575782146948,0.0481712997086311,0.004222400587950185,0.2271470790130906,0.0499562064382179,0.0043788545609596205,0.3805537582071053,0.06272171686117899,0.005497800884629965,0.9273957729386434,0.03487988323468704,0.0030573565664326068,4.1116898599596245,1.441495400365666,0.12635264281525943,0.11250655963321524,0.033034915610639516,0.00289563802390527,0.26456927259103175,0.05316429288709926,0.004660055736553489,0.3865215945800855,0.022687043048572466,0.001988607002230826,0.06891172168812756,0.006294450851212719,0.0005517329433862478,0.3009177795383192,0.027703655698484632,0.0024283324887887934,0.4666064876242763,0.02417598979953627,0.0021191189393121005,0.3096134084094137,0.034649818451717475,0.0030371904990698175,0.09992099775097202,0.010688373481452332,0.0009368772431985931,0.182865246515863,0.03279861101954893,0.002874925013245575,0.4369136163942161,0.044797450785313185,0.0039266696908467355,1463556,0.6809181614210446,0.10854597193074865,0.545,0.6849999999999999,0.8150000000000001,57564,0.6494430753787276,0.07231948350939998,0.555,0.6550000000000001,0.735
hpre_cos__hpre_softmax_prob_gauss,hpre_cos,hpre_softmax_prob_gauss,all,26,500,1120,52.98527142857142,3.4593150687558993,0.30322233505363994,11.014728571428572,3.459315068755768,0.30322233505362844,0.45026422516788756,0.0749381505192251,0.006568618507828661,0.17320593247686814,0.03574232987703216,0.003132953347747211,0.1388293052259656,0.03518825441113964,0.0030843864918163105,0.6959862436040526,0.038132868196854304,0.003342493270236077,0.10628929255634906,0.0155228697622834,0.001360639526178194,0.5559344851093633,0.05448610557287155,0.004775917726894699,0.7010240085143419,0.03880644630376866,0.003401534994496549,0.8239894458327975,0.032799462445543916,0.0028749996440245573,0.1504613582700313,0.047085204425618254,0.004127200138942129,0.2207765737516185,0.0219067939435506,0.0019202151527329052,-0.08912292578201535,0.03942526987183963,0.0034557772718165464,0.10871559625402359,0.05028546460685972,0.004407715311931044,0.4515001008657827,0.07539110676713587,0.0066083218735062,0.6706818491018954,0.03261011344200994,0.0028584024720843034,0.06094611646470034,0.012386550539703223,0.001085729025329714,0.5949569499638817,0.04121512452971793,0.003612664949863078,0.6754345744983071,0.03462018267210863,0.003034592808453172,0.7419186461592006,0.03024009108618664,0.0026506608531283522,0.21252965065235196,0.04548799355062648,0.003987198432979495,0.143969931694741,0.022726306458853714,0.0019920485918839856,0.026863737798800105,0.060212677803270366,0.005277873914475885,0.22108941119043593,0.04982673616876856,0.004367505991476305,0.3867920352614705,0.05952245599031661,0.00521737330505783,0.9239674488561497,0.031427577494768405,0.0027547486261406315,4.1015112723895495,1.326537520063154,0.11627614032695596,0.1132825104632548,0.030908352643200614,0.0027092365612430896,0.2882763477587274,0.0651630207226539,0.005711790603039197,0.38191595246167415,0.02501667192885672,0.002192807976946389,0.07260731864340957,0.008464467764409773,0.0007419433123313763,0.29506992365199913,0.028332375024628265,0.002483442167548174,0.47004538780379845,0.028901943713969785,0.00253336706439132,0.3040137475242928,0.038132865043284954,0.003342492993813536,0.10628929272586754,0.015522869979552491,0.0013606395452226694,0.17601054714879105,0.03279946304661651,0.002874999696710893,0.4440655046108932,0.054486103938547026,0.004775917583639838,1573578,0.6856399422116957,0.11829328998748972,0.535,0.695,0.8250000000000001,59728,0.6646124679857689,0.07713584024461834,0.5650000000000001,0.6749999999999999,0.755
hpre_cos__hpre_softmax_prob_gauss,hpre_cos,hpre_softmax_prob_gauss,all,27,500,1120,55.440228571428584,3.590719589754011,0.31474044916054095,8.559771428571429,3.5907195897542503,0.3147404491605619,0.48175000139162677,0.07165003236048961,0.006280402243566088,0.1857195168455086,0.03836510955282016,0.003362850122633831,0.15037698630637356,0.04202959996844608,0.003684056869785483,0.6934659498681622,0.054429873394854604,0.004770988759170004,0.11065750925943611,0.019327644484836606,0.0016941427349913074,0.5461958601735177,0.07417208402018849,0.006501469818557119,0.6995577202168248,0.0580161744325098,0.0050853419051626264,0.8272836583794584,0.04001750728044757,0.003507689169511601,0.1302954514508579,0.05200069605359215,0.004558061977122974,0.223171253297336,0.023915547430018835,0.002096290159087586,-0.11176696051313272,0.03923843793175278,0.0034394007302151744,0.08835053982584228,0.05745422428883159,0.005036084803290399,0.4331885305784998,0.08169035172545408,0.007160475038908117,0.6739706044249592,0.041470650095130776,0.003635062753205765,0.06989961992789591,0.019823354684542292,0.001737593649775638,0.5861805648448211,0.06330302639911692,0.005548754912227655,0.6805769972242061,0.04116922513508197,0.0036086416905350208,0.7552453055799012,0.030802174729489963,0.0026999296567586572,0.18277313696914793,0.05692769320137499,0.004989932318580662,0.1679594924155267,0.02747092591994167,0.0024079328242645405,-0.036803424521375014,0.08348429078786686,0.0073177207307971665,0.19343293581641774,0.063574212748849,0.005572525443840437,0.38559654369020757,0.06017954786283602,0.005274969947158938,0.912268966614065,0.033896189636008635,0.002971132020810095,4.388037866430622,1.322977890438791,0.1159641250334159,0.12335640983028072,0.031861899744591374,0.002792818649870628,0.3231446806131375,0.08436754345213184,0.007395141240342455,0.3819475471455427,0.03483109649751129,0.0030530802203721703,0.07461539430993479,0.009583491137491048,0.0008400300356917131,0.2913425089579964,0.034336081089046545,0.0030096902067252808,0.47403484956288616,0.038460810884585084,0.0033712387142216856,0.3065340462960658,0.05442987592976982,0.004770988981365119,0.11065750903153705,0.019327644279914315,0.0016941427170290763,0.17271633364969766,0.04001750671994482,0.003507689120381369,0.4538041300752333,0.07417208186425303,0.006501469629581045,1717597,0.6808920248004007,0.13383952682894346,0.505,0.695,0.8350000000000001,62394,0.6667854026498277,0.09372811503341826,0.555,0.6849999999999999,0.765
hpre_cos__hpre_softmax_prob_gauss,hpre_cos,hpre_softmax_prob_gauss,all,28,500,1120,62.20719523809527,1.6707872353813509,0.14645095830266436,1.7928047619047627,1.6707872353828792,0.14645095830279833,0.8995905755312671,0.05795445982552688,0.005079932381351021,0.41904743511272335,0.0385860153926206,0.003382213373231113,0.4083706148109265,0.05502167990626235,0.004822862887060165,0.547304393998498,0.042728974987103575,0.00374535979305803,0.1660059825845772,0.03038564826382503,0.0026634195022858,0.3383895819307083,0.0850287090830258,0.00745309496310902,0.5350597351495707,0.04625725555835228,0.004054627220937383,0.7842798744915498,0.034891571441590226,0.003058381082939294,0.045103764855165686,0.022615987150278766,0.0019823786781343745,0.22952655514028095,0.03080140574650492,0.002699862252428116,-0.20542388013205712,0.044598463688899276,0.0039092277028170445,0.01051142932689787,0.02210468991800366,0.001937561499705849,0.3460581137108305,0.06907412657649238,0.006054614146449301,0.5934955740996768,0.03348363943854825,0.0029349704016125213,0.1463184535354198,0.029041490827844883,0.002545598908232714,0.41111552104226173,0.07653266432368802,0.006708383805136023,0.6064818263334886,0.03873490644102483,0.003395264249045657,0.759482457207214,0.03141443969198485,0.0027535970469527503,0.06159065950084435,0.02896198189203617,0.0025386296427294653,0.22243814261986739,0.03348333221743481,0.0029349434724946053,-0.21476087211338532,0.04646165557069309,0.00407254367196746,0.05155226513792849,0.051244278479706355,0.004491759053431277,0.3532559935101972,0.056162393298244816,0.004922850824402998,0.8181733094025223,0.02776501682157437,0.002433711028371045,5.964458697179385,1.5379868332208455,0.1348104898171925,0.2057663892889308,0.0390355366673664,0.003421615650235541,0.5944387651109982,0.11077697681738322,0.009710030139819017,0.4652838829112194,0.02183153042452281,0.0019136180144178436,0.09540210367803065,0.015383337097202623,0.0013484089488294626,0.32703562690573085,0.02716419592937607,0.0023810467551665525,0.573969779158632,0.036795414321640706,0.0032252602691915508,0.45269562685716713,0.042728976398632504,0.0037453599167839957,0.16600598279542866,0.030385648307319844,0.0026634195060982885,0.2157201168449507,0.03489157151707708,0.003058381089556008,0.6616104082394213,0.08502870747989075,0.007453094822588037,2135637,0.5447470623779528,0.17099018923607032,0.3350000000000001,0.535,0.785,69692,0.5902989140157892,0.1521855585649097,0.405,0.6050000000000001,0.775
hpre_cos__hpre_softmax_prob_gauss,hpre_cos,hpre_softmax_prob_gauss,hall,1,125,153,60.11333333333334,2.6684660595763106,0.4678027259813089,3.8866666666666667,2.6684660595763834,0.46780272598132167,0.6194796321789424,0.07711170673335113,0.013518278220357229,0.3711262781222661,0.047602708471740966,0.008345122737183965,0.45465960971514385,0.061346557331174154,0.010754525674442529,0.2665175527731577,0.03165631424020126,0.005549596571761674,0.18869876639048258,0.015858098502198624,0.0027800472415926117,0.0728056780869762,0.021173263198940466,0.0037118366961567217,0.21858989888429642,0.03187086965335237,0.005587209794079394,0.5424325754642486,0.05881338365445198,0.010310440748909364,0.06246992160954202,0.0272968740926978,0.004785353017890774,0.26485844169060385,0.021933158241259625,0.0038450521706353538,-0.2222698926528295,0.03483988269172081,0.0061077007285015965,-0.006474793229368515,0.026564842597069715,0.004657022238516587,0.46253252518177035,0.054959527793873544,0.0096348300284178,0.010554013646581248,0.010209012775112044,0.0017897188493878413,0.017293701919416583,0.0036073513194810817,0.0006323965690961276,-0.010806002808269113,0.010166799136777833,0.001782318472300239,0.010328485157651206,0.010342460698051765,0.001813113301756352,0.03185731915105134,0.012442688263730491,0.002181299427594352,0.09472845646382,0.058335686853427986,0.010226696807363014,0.3322483814557393,0.03399639526977636,0.005959830863752704,-0.29536508789658544,0.05413417918340326,0.009490140037523109,0.05188463724404573,0.0805927729127606,0.014128536028285895,0.569868087887764,0.08968848877297543,0.01572308532333502,0.9920307840506235,0.0034583129739984885,0.0006062689951506784,1.8256312268575032,0.38494049825136945,0.06748304471640375,0.0431511567980051,0.014412760766600554,0.002526668364896768,0.0831953716725111,0.022847913751753532,0.004005415882169095,0.5989056751728058,0.0143975143447539,0.0025239955493008078,0.08803977675239245,0.009394590540940452,0.0016469443367130388,0.47724434820810957,0.031533409639339295,0.005528050445247327,0.6808342785835266,0.007793855351327443,0.0013663230851937037,0.7334824550151825,0.031656314108993326,0.005549596548759909,0.18869876643021902,0.015858098522855687,0.0027800472452139545,0.4575674101114273,0.05881338437006055,0.010310440874361075,0.9271943202813466,0.021173265422822364,0.0037118370860204073,273894,0.2633954311618957,0.19128947193973717,0.06500000000000006,0.21499999999999997,0.545,9222,0.010775451484370377,0.020607591958766627,-0.015000000000000013,0.015000000000000013,0.03500000000000003
hpre_cos__hpre_softmax_prob_gauss,hpre_cos,hpre_softmax_prob_gauss,hall,2,125,153,55.19866666666666,3.588047813381498,0.6290125152716558,8.801333333333332,3.5880478133814147,0.6290125152716413,0.5188280915021897,0.06318332095431277,0.01107652453472557,0.28416263369719186,0.037132609680186605,0.006509633491066135,0.3188089331189792,0.046281675881033386,0.008113535513196084,0.38620433314641317,0.03761889030986541,0.006594882244123828,0.16595526907841363,0.011901244995589024,0.0020863802376380734,0.1954547205766042,0.0319913771622295,0.0056083356918406315,0.3576789104143779,0.04573791914573843,0.008018210754566001,0.6218427307605744,0.04341908268703571,0.007611700800057452,0.14261341353754203,0.0537684882524055,0.009426031590734562,0.24687235214312872,0.019787692564275386,0.0034689354542204115,-0.13383434383974718,0.04849029687947162,0.008500723845616925,0.0941890028566122,0.06484637918050201,0.01136807149627864,0.5005073074499766,0.06508245186474562,0.011409456862535245,0.29855412324269615,0.03209180596931686,0.005625941637981079,0.06165093944718441,0.01423006723718842,0.0024946407770728807,0.21455758802096048,0.03644916922563441,0.006389821096773894,0.3056757044196129,0.032676424796716376,0.005728429837198017,0.3705576558510463,0.042077658777134826,0.007376538820201588,0.24591242730617524,0.06709760442268382,0.011762728681934505,0.26774929604927694,0.031521491614783785,0.005525961123423138,-0.1014596699498361,0.08321303553430956,0.014587888318995622,0.2354896494795879,0.08750542931209206,0.015340378126023813,0.6076405313014984,0.07019363879983619,0.012305487438848836,0.915881056467692,0.03892063588636359,0.006823088305443058,4.951665104548137,2.5058511792368745,0.4392950805364982,0.1243756582935651,0.0368987526833097,0.006468636551930928,0.2735028163393339,0.06192033232237567,0.010855112865357218,0.5473904368082683,0.017635685799072865,0.003091672034481882,0.08302680350343387,0.0072457273390067875,0.0012702320079135106,0.4340937085549037,0.025022358738984698,0.004386612895664046,0.6341228408018748,0.01264566544290809,0.002216882896003298,0.6137956555684407,0.03761889319225987,0.006594882749429855,0.1659552705089251,0.011901245880875473,0.0020863803928356304,0.3781572599013646,0.04341908180953985,0.007611700646225645,0.8045452739397685,0.03199137568888244,0.005608335433551504,230386,0.382496887076158,0.17083414688756854,0.18499999999999994,0.3550000000000001,0.6250000000000001,8452,0.2983961166277126,0.07226214549494507,0.20499999999999996,0.30500000000000005,0.3850000000000001
hpre_cos__hpre_softmax_prob_gauss,hpre_cos,hpre_softmax_prob_gauss,hall,3,125,153,55.696,3.1221121056105896,0.54733038427919,8.304,3.1221121056105576,0.5473303842791845,0.4828972746531169,0.07648357830396428,0.013408162451607227,0.24979230721791587,0.04426550861919708,0.007760085808360397,0.26574985913435617,0.054195057195895895,0.009500812423665768,0.4521589094400406,0.04273862465272035,0.0074924112470851545,0.15879709579547246,0.016675714899284887,0.0029233817157154336,0.26246762363115944,0.04138726859975971,0.0072555080857810515,0.43109687002499897,0.05181679801958186,0.009083885207455861,0.6756041917800903,0.048186462561218175,0.008447459341159185,0.16347740227977434,0.056963948935160345,0.00998622054753027,0.2505096857746442,0.025339451940507633,0.004442201784842619,-0.12112770765367896,0.05709769221727131,0.01000966677864446,0.11914260449881356,0.07175310621734088,0.012578874130940979,0.5232869861920674,0.07042526001204362,0.012346092427650132,0.38661254223187763,0.03633559294898606,0.006369910297596879,0.07481694554040828,0.02080473436115239,0.0036472307423724122,0.28384144987662635,0.04419720957168262,0.007748112457417997,0.4020414850314458,0.04022230332572392,0.007051280668718068,0.46810551846027376,0.04723166847803736,0.008280076558357843,0.2720270648598671,0.07651357306584877,0.013413420765208172,0.26460944467782976,0.04089023112057214,0.0071683735738600944,-0.07096427506918554,0.09374079240552681,0.01643348547214279,0.2715998280147711,0.10293176637290596,0.018044734249669264,0.6276558527946472,0.08617616266101635,0.01510734740760876,0.885292291800181,0.06997081285565701,0.012266424328515355,6.934363623301189,4.936108423864328,0.8653379600374865,0.14416584205627442,0.05426774222391322,0.009513554670891477,0.33778965948025386,0.08936688317062183,0.01566670537541252,0.5161805425087611,0.0208752745182763,0.0036595969771518622,0.08325802272558212,0.009980907779559093,0.0017497302805444483,0.40159120146433513,0.029975430717088247,0.005254924697878375,0.6070217205683391,0.01700350373987417,0.0029808456330935947,0.5478410726388294,0.04273862300396692,0.007492410958045933,0.15879709601402284,0.016675715345721563,0.002923381793979234,0.32439579808712005,0.04818646249401238,0.008447459329377488,0.7375323699315389,0.04138727063740988,0.007255508442996875,233940,0.4488917112452378,0.16540844896718299,0.245,0.42499999999999993,0.6749999999999999,8524,0.3864741625219709,0.08856082892979146,0.275,0.3850000000000001,0.495
hpre_cos__hpre_softmax_prob_gauss,hpre_cos,hpre_softmax_prob_gauss,hall,4,125,153,57.75333333333334,5.029848683387742,0.8817713520912762,6.246666666666667,5.029848683387778,0.8817713520912824,0.47738643940289816,0.12132622844436225,0.021269425629612582,0.2529294876058896,0.07499304923334198,0.013146861184578106,0.27530172048012413,0.09334059794381191,0.016363328289726697,0.43587917304039003,0.06677898298013125,0.011706871880290997,0.15322910207509993,0.017322312636388257,0.0030367352968654706,0.26385827457904815,0.05477650023463785,0.009602743882583979,0.4090640307664871,0.08082711346116293,0.014169617737741093,0.6552753644386927,0.07140072268318035,0.01251709857367667,0.10160325656582911,0.06896453946154713,0.012090016824602109,0.2429685858488083,0.029915030635628125,0.005244336096739853,-0.16015076419462762,0.055983717215467375,0.009814378350429767,0.04629753649312382,0.08558490006398552,0.015003694504222861,0.4554098546902339,0.09430793253232873,0.01653290952004447,0.3869104468027751,0.04570095533422644,0.008011730712698535,0.08162641864766677,0.022064264418490312,0.0038680360968806975,0.2892597315311432,0.05766388134421591,0.01010892410892046,0.3807602817614873,0.05492349104435549,0.009628512507683535,0.490312184770902,0.04558419249743627,0.007991261284898346,0.1537898093124386,0.08473818951729678,0.014855259600793357,0.24474990479151407,0.04427083276131731,0.0077610191716266895,-0.1523434501439333,0.09667181877105684,0.016947317049200862,0.13383515107631683,0.11070302648380323,0.019407096214567092,0.48936830302079515,0.09387108040577119,0.01645632596563839,0.8219995500246683,0.123806935598733,0.02170431276824092,10.147000570615134,8.737266344809465,1.531710324385982,0.2024309449593226,0.08918608731047627,0.015635010463678975,0.37059818784395854,0.10322895641659448,0.018096833961439275,0.5237446405490239,0.03271149922268845,0.005734578655176452,0.08076701788107554,0.010186521087187348,0.0017857758826465803,0.4128231107791265,0.04322937560884124,0.0075784436829212445,0.6062511150042217,0.022654252088985374,0.003971465495790412,0.5641208252509434,0.06677898874219418,0.011706872890425164,0.1532291024327278,0.01732231255989206,0.003036735283455096,0.34472461934884385,0.07140071932138609,0.01251709798432815,0.7361417140165964,0.054776501068087714,0.009602744028694182,253535,0.42449149555076376,0.16714048188877112,0.235,0.39500000000000013,0.6749999999999999,8850,0.38351352637770486,0.0980391628669723,0.265,0.3850000000000001,0.505
hpre_cos__hpre_softmax_prob_gauss,hpre_cos,hpre_softmax_prob_gauss,hall,5,125,153,58.870666666666665,4.3170393146743855,0.7568103601414408,5.129333333333334,4.317039314674403,0.756810360141444,0.457950415233771,0.09901670259080357,0.017358393307431837,0.23750737898548446,0.0591260247181045,0.010365249143906735,0.25334040803710617,0.07306348992431298,0.012808594523300167,0.4537557413180669,0.0705383606727287,0.012365919847672541,0.1503425021469593,0.01934406941944194,0.00339116488797441,0.2800041929483414,0.06893026828658812,0.012084008822734943,0.42956058410803477,0.07970116796647612,0.013972230789598871,0.6675562946796417,0.07765747793113673,0.013613956129832577,0.07960738610476255,0.06133721151280893,0.010752887280245201,0.2387953759431839,0.0303421759674394,0.005319217974998867,-0.17885497153798738,0.056991377024436726,0.00999102890358408,0.027017207669249428,0.0725798732752191,0.01272381278663008,0.4246024634838104,0.09189550321005395,0.01610999201313169,0.38877687493960067,0.05045857348504859,0.00884577794824259,0.07708405273159345,0.021637185453893888,0.003793165853307427,0.2911491201519966,0.06449020531299449,0.011305631464281462,0.39107016189893085,0.054490682472412774,0.009552637819655827,0.4823689484993617,0.05171322545699347,0.009065728136676627,0.10175458786543459,0.07476671841222968,0.013107183642227528,0.22836830945809683,0.04817133266251107,0.008444806952970245,-0.17273324597999454,0.07467384691933694,0.01309090255167917,0.07428760412459573,0.09869233615629835,0.017301529364293484,0.4263881283203761,0.11143864326105775,0.019536055521522596,0.8792397712071737,0.08482496117908779,0.014870471343801327,5.959739211082458,4.222006722778463,0.7401504122337502,0.15552592968940734,0.06239363735970117,0.010938086896781366,0.33840250899394353,0.09010623819496182,0.015796320025976647,0.5151421679655711,0.03466517384532741,0.00607707291732799,0.07976614932219188,0.010681391085548381,0.0018725304184252418,0.4048152485291163,0.04723128922931961,0.008280010073126244,0.599300320704778,0.028629983475644154,0.005019057396904904,0.5462442615429561,0.070538367911193,0.012365921116631283,0.15034250240524608,0.01934406925103483,0.003391164858451342,0.33244368972380955,0.07765747320647273,0.01361395530156246,0.7199957986672719,0.06893027069496488,0.012084009244942006,262921,0.44718428166364466,0.16674130837900955,0.245,0.42499999999999993,0.6849999999999999,9021,0.3856216191109024,0.09628474024676108,0.265,0.3850000000000001,0.505
hpre_cos__hpre_softmax_prob_gauss,hpre_cos,hpre_softmax_prob_gauss,hall,6,125,153,57.57333333333334,3.8319939689119655,0.6717781619023394,6.426666666666667,3.8319939689119775,0.6717781619023415,0.4748765178521474,0.11099072232811365,0.01945753151980132,0.21503414743145308,0.0568902865281619,0.009973306958214584,0.2009480981528759,0.06233142397830497,0.01092718041014826,0.5816134521961213,0.05242574702036804,0.009190638674125999,0.13106781378388405,0.02358664060689994,0.004134920409818196,0.409052528878053,0.08290247050804997,0.014533443869399826,0.5811516200304031,0.05501299629300524,0.009644203469596926,0.7515748260815939,0.03951938546851511,0.006928053735190786,0.13444450777769087,0.05439444967524218,0.009535767466486577,0.25519677029053367,0.030184152440013254,0.005291515229208324,-0.16693314343194166,0.06196284328955806,0.010862565366490091,0.09341308996640146,0.06438743048440014,0.011287614242437417,0.5029781032005946,0.07436292274041068,0.01303639513984486,0.46179987053076427,0.051537629956648234,0.009034944888211925,0.0630944857870539,0.020696484671024966,0.0036282537349840247,0.3829351665576299,0.0604078931592185,0.010589970589754074,0.4731712568203608,0.05322759881376044,0.009331209491369792,0.5265329054991404,0.05526714448190279,0.009688757611532824,0.20259862857063612,0.0661286137854862,0.011592857133482664,0.24601455076535544,0.04773641798916014,0.0083685630490867,-0.11094906977812449,0.06435385099097514,0.011281727497689468,0.19314361626779042,0.09508794947087856,0.016669652518463248,0.5389707873662312,0.10169376453142998,0.017827702957802543,0.9314272825320562,0.07637355675361995,0.013388874823427337,3.937738166968028,4.013638720587469,0.703621890882535,0.09946299763520558,0.0578816292757076,0.01014709700437965,0.30358464270830154,0.10690523477329679,0.018741313972927408,0.45033473936716717,0.027212878622566036,0.004770627962739066,0.07437647040685019,0.009809265000423256,0.0017196399746600627,0.3514895722866058,0.025546870634342498,0.004478563885101387,0.5422755072514217,0.03696519636849888,0.0064802846435168026,0.4183865437110265,0.05242574538420054,0.00919063838729319,0.13106781337658566,0.023586641648086337,0.004134920592346219,0.24842516839504242,0.03951938571762975,0.0069280537788625075,0.5909474600553513,0.08290246804400796,0.014533443437434216,251251,0.5764966565314976,0.1449944149737064,0.39500000000000013,0.5850000000000001,0.755,8825,0.46053283734632283,0.08739628760986605,0.3550000000000001,0.475,0.555
hpre_cos__hpre_softmax_prob_gauss,hpre_cos,hpre_softmax_prob_gauss,hall,7,125,153,59.57866666666666,3.723354282244913,0.6527327851061018,4.421333333333334,3.7233542822448555,0.6527327851060917,0.4704607023398082,0.08517938399620666,0.01493260440313074,0.21949881076812744,0.05294598312705236,0.009281840084759442,0.21352769655982654,0.06797391285938999,0.01191635232425906,0.5538177961905797,0.08552620372653419,0.014993404582578059,0.14606359708309175,0.028881598503510412,0.005063167456132109,0.37265692686041196,0.10958476667128397,0.01921105662591483,0.5409916179180145,0.09662700300747268,0.016939460499443986,0.7605740412076315,0.054189467473427066,0.009499832502111581,0.08791416626175244,0.05408293471567639,0.009481156486239756,0.24099547235170998,0.02656888066001884,0.004657730142163518,-0.17427708253264426,0.049319794659297936,0.008646141217970468,0.03649873436211298,0.06597634365298995,0.011566163002293827,0.43320192301273347,0.07949507763028485,0.01393610156070248,0.48824084401130674,0.05465629127036822,0.009581670322000017,0.08528432350854079,0.032602435765342795,0.005715458988104746,0.3784387644628684,0.08289398195571217,0.014531955760563287,0.4931214319864909,0.06148716852480055,0.010779175903530456,0.586849698026975,0.05106833898900022,0.008952674554228737,0.10121700969959299,0.0714945186510099,0.01253354173182712,0.21020765511194864,0.044415250101231124,0.007786336647578165,-0.16035266522845873,0.07791617493439872,0.013659307714086329,0.0849187701685975,0.09503021150306777,0.01665953060642409,0.38359510189294815,0.09282345361923496,0.016272668892394405,0.8899492619832358,0.08106289024707138,0.014210951230732414,4.556086455027262,3.0067525806808897,0.5271069678949506,0.13904995572566986,0.06522337347838264,0.011434161510650406,0.3678877320686976,0.1226067305922846,0.02149390755370275,0.4625082270701726,0.04396550335101134,0.007707492565975921,0.0836494365632534,0.012442976955799516,0.002181350037545479,0.34388794438044235,0.03738909364962574,0.006554597113385238,0.5579135904709499,0.048639353563518124,0.008526854634454377,0.44618220782279966,0.0855261989499631,0.014993403745208229,0.14606359743078548,0.02888159826018344,0.00506316741347501,0.23942595046758652,0.05418946708814865,0.009499832434569297,0.6273430646260579,0.10958476792935759,0.01921105684646486,268759,0.5496968665740467,0.17234705520914295,0.32500000000000007,0.555,0.775,9127,0.48691640684400106,0.10812257281823827,0.3450000000000001,0.505,0.6050000000000001
hpre_cos__hpre_softmax_prob_gauss,hpre_cos,hpre_softmax_prob_gauss,hall,8,125,153,59.13066666666666,3.583640855021353,0.6282399414078199,4.8693333333333335,3.5836408550212973,0.6282399414078101,0.39991090742746993,0.0698310369067787,0.012241920524287738,0.17612365265687308,0.03739321992602566,0.006555320481531932,0.16137248861789705,0.04599242584094676,0.00806282774542923,0.5989662756125133,0.07811990921647245,0.013695023908484948,0.12896667726834612,0.027663609010631293,0.004849644483658586,0.4318936898112297,0.11137149316542459,0.01952428359072574,0.5979999541044235,0.08188126718803491,0.014354419034075498,0.7658787184556326,0.05684437350850974,0.009965258050987812,0.08748591960469883,0.050411455767342475,0.008837517848135325,0.23863482139507927,0.022955171412677576,0.004024218979170303,-0.17795401014884313,0.04384190588855752,0.0076858249754690935,0.04230626695773875,0.0615865828389681,0.010796604001220605,0.4256862458388011,0.07400697978221231,0.012973995588034377,0.5096540016333262,0.05723747004282071,0.010034170911867023,0.06791516898075739,0.027716553256673923,0.004858926019219019,0.42242442786693574,0.0836968149147553,0.014672698583729509,0.5213169067700704,0.058604421328695235,0.010273808038043286,0.5803693880637486,0.051458302648621466,0.009021038197959486,0.08721409620771495,0.06986261986066244,0.01224745726022198,0.21047140782078108,0.04802164082650074,0.008418564817084171,-0.1642199869143466,0.06596867021670895,0.011564817789602437,0.05980730110220611,0.09502380029687683,0.01665840667242381,0.3829593622287114,0.11089493597103957,0.01944073943103172,0.929065047343572,0.06853737721637153,0.012015131981299599,3.783739462375641,2.733831205874149,0.47926174136303384,0.10211257847150167,0.051167995778723746,0.008970145159758048,0.32210846324761705,0.11515098691946953,0.020186858059164838,0.43913014090061187,0.041318007083044984,0.0072433660065485,0.07584770561257997,0.011051275983359097,0.0019373741000130989,0.3398117163181305,0.03890299618931782,0.006819995930206026,0.5304793033599854,0.050651709756180864,0.00887963622940652,0.4010337289571762,0.07811990933436913,0.013695023929153146,0.1289666769703229,0.02766360928935702,0.0048496445325213605,0.2341212703982989,0.056844372599561925,0.009965257891642236,0.5681062986453373,0.11137149412405548,0.019524283758781145,265066,0.5930319535062435,0.15553812657184773,0.3850000000000001,0.6050000000000001,0.785,9065,0.5067521326198673,0.09636537789243177,0.3850000000000001,0.525,0.6050000000000001
hpre_cos__hpre_softmax_prob_gauss,hpre_cos,hpre_softmax_prob_gauss,hall,9,125,153,59.852,3.7040647942497533,0.6493511887636876,4.148,3.7040647942496903,0.6493511887636766,0.48149383811155955,0.08504450491648481,0.014908959057916287,0.2180342869758606,0.05249114111695975,0.00920210276471801,0.20490407450000445,0.06664141617186173,0.011682755355487512,0.5818889982302983,0.07660157293314077,0.013428847822133798,0.12825088893373807,0.026827030152613666,0.004702985743565368,0.4210304353435834,0.10099323170407704,0.017704894138443925,0.5733206225236256,0.0853925897887103,0.014969981026517152,0.7561709903875986,0.05257778291224807,0.009217291741124262,0.08625726023316384,0.04979472794117946,0.008729400693250696,0.23416202237208686,0.027550270693659708,0.004829775400652201,-0.16765133284529052,0.033780582641649785,0.005921997241932222,0.03626649915939197,0.05650480292657863,0.009905728703286217,0.42052564954757693,0.09158880752156237,0.01605622588835443,0.4776406533718109,0.05696526616169479,0.009986451467523177,0.06951269195973873,0.030066183092315707,0.005270834290720424,0.3860220185518265,0.0795279351225274,0.013941861733062482,0.4860945701996486,0.05906527511717909,0.01035459926930436,0.5558845408360165,0.05997579242025542,0.010514219990318848,0.08386113080382347,0.06540840700165806,0.01146659931748536,0.17777278129259744,0.04003445858600243,0.007018350033911,-0.127175266691794,0.0572325438464815,0.01003330731157204,0.06155114730012914,0.08164452341731573,0.014312916021172606,0.3290579361319542,0.10296447979038995,0.01805046916461047,0.914270400206248,0.07188451481419081,0.012601911073683109,4.440184603532156,2.6272660273234716,0.46058004187437435,0.12004833336671193,0.05938998646464832,0.010411523678351289,0.3112749160528183,0.11055913620989342,0.019381871137360042,0.4489417533079783,0.04039025967305421,0.007080724714612903,0.07516646773119769,0.011620555824201845,0.0020371732563249194,0.34712172647317246,0.03678582715857001,0.006448839834593445,0.5359616250197093,0.04613184204836122,0.008087268484197635,0.41811101814111074,0.07660157282311064,0.013428847802844666,0.1282508886853854,0.026827030392307147,0.004702985785585488,0.24382900408903757,0.05257777945859939,0.009217291135672953,0.578969560265541,0.10099323225065447,0.017704894234263177,271806,0.5769450424440336,0.15409317430319414,0.3650000000000001,0.5850000000000001,0.775,9178,0.4757143680658131,0.0971084455833526,0.3450000000000001,0.485,0.5850000000000001
hpre_cos__hpre_softmax_prob_gauss,hpre_cos,hpre_softmax_prob_gauss,hall,10,125,153,60.608,3.600324429825805,0.6311647010256638,3.392,3.6003244298257346,0.6311647010256515,0.5247602636814117,0.10127705470761574,0.017754650504755998,0.25614363207419716,0.057493461319815746,0.010079048161392441,0.25848802441358565,0.06954243783056983,0.01219132687552024,0.5127095768849056,0.07117531518188629,0.01247758289642697,0.14286994923154514,0.022537260052559013,0.003950955887522415,0.34656442576646806,0.0827905022468972,0.014513814967768237,0.4921043141285579,0.07879167804476499,0.013812790176478781,0.715536097685496,0.06925298624296981,0.012140583774916438,0.07144270505011081,0.04058819752954419,0.007115424750803587,0.2319015595714251,0.030963779469492272,0.005428189873553212,-0.16483139339089395,0.041047350850886066,0.007195917877031021,0.013154257728718222,0.04896550456312474,0.008584031425648687,0.40839599665006,0.08934880204045599,0.01566353561353751,0.43631568109989166,0.051502221619746394,0.009028737533066562,0.0811491761058569,0.027625089137524865,0.004842891652166136,0.33264631909132003,0.06879943681291635,0.012061073054146783,0.4393785336812337,0.05549532716413281,0.00972875979945118,0.5346660823822021,0.059685185100350785,0.010463274280908888,0.058805541425632935,0.057323925174248655,0.010049327164655746,0.1454332084755103,0.036110861398174016,0.006330513119691392,-0.11387231945991516,0.046349667963798136,0.008125455050845196,0.04132612551997105,0.06677944114850112,0.011706952200747618,0.2600845249990622,0.09998948479436592,0.017528929546774086,0.8819466573397318,0.0830684935570929,0.01456254899316158,5.366293052355449,3.6553737359886918,0.6408152698961057,0.14924248357613878,0.06692689612380259,0.011732802197661757,0.34210648878415423,0.09343413328027897,0.016379725757184768,0.4854377979040146,0.03621530776872653,0.006348823375760781,0.08021579245229561,0.011698806879225141,0.0020508912711070235,0.3742993251482646,0.04493846760970235,0.007878060720989408,0.5703434799909591,0.03616261289696156,0.006339585557438744,0.48729043642679853,0.07117531025792842,0.012477582033219095,0.14286994940042497,0.022537260359810192,0.003950955941385921,0.2844638861616453,0.06925298213242786,0.012140583054306665,0.6534355692863464,0.08279050210492153,0.014513814942878806,278331,0.5081670187329719,0.16215004742693098,0.30500000000000005,0.495,0.735,9289,0.43439119626251693,0.10127310896078656,0.29500000000000004,0.44499999999999995,0.555
hpre_cos__hpre_softmax_prob_gauss,hpre_cos,hpre_softmax_prob_gauss,hall,11,125,153,60.56133333333334,2.781569181435286,0.48763057746652727,3.4386666666666663,2.7815691814353842,0.4876305774665444,0.48732621188958486,0.0796846101470596,0.01396932807587255,0.23162860568364463,0.04860733690051451,0.008521241865959095,0.22780040617783864,0.06233727700948292,0.010928206491754387,0.5384649172623951,0.07215583252634176,0.01264947516575606,0.13768796964486438,0.023237446899600313,0.004073704053858165,0.37173684523502987,0.08958629794877804,0.015705170481975783,0.5252196850379307,0.0809068320562565,0.014183593023640771,0.7290295716524124,0.05642262233908249,0.009891321811088552,0.07323702719310919,0.039516672563240964,0.006927578141926999,0.2244906932115555,0.027735588564152678,0.004862263055752236,-0.15977944496273994,0.029271415729634806,0.00513150542893901,0.019419285750249402,0.04536482966509894,0.007952805284838643,0.3966938541730245,0.08520068370700108,0.014936338407067753,0.4816662310361862,0.05231300671843526,0.009170874427778235,0.08156805775066216,0.026559298895378426,0.004656050384760417,0.38023792598644895,0.0735870210433062,0.012900373575059947,0.48387905220190686,0.05638846756907513,0.009885334215909154,0.5791411593357723,0.05074314414356775,0.008895665384251687,0.055611107259523125,0.05075127059495319,0.008897090013992439,0.12128619230786959,0.03164636385020559,0.00554785219148453,-0.09188812479625146,0.042372462015128204,0.0074282201064845834,0.04783880029246211,0.05718908477624132,0.010025688600644837,0.21242031774918238,0.0876927159543962,0.015373210922039844,0.8782879668076834,0.06767442727325643,0.01186385018615518,6.040503243128459,3.338033044358433,0.5851829937887605,0.1588001554409663,0.060131753043249074,0.010541561093017286,0.3735179617802302,0.09839124209496507,0.017248745248054486,0.4723524292310079,0.036812591239813036,0.006453531784906601,0.07769851836562157,0.010498412591043074,0.0018404528740179017,0.3660629814863205,0.037075958562445,0.006499702112244844,0.5589675825834274,0.039459545381779294,0.006917563305455877,0.461535098195076,0.07215583811376776,0.012649476145275023,0.13768796900908153,0.023237446723320426,0.004073704022954939,0.2709704144001007,0.056422620582065486,0.00989132150306989,0.6282631472746532,0.08958629938408376,0.01570517073359597,277536,0.532455911881561,0.1606860166689209,0.31500000000000006,0.535,0.745,9281,0.4791767536315819,0.1036072804013115,0.3450000000000001,0.485,0.6050000000000001
hpre_cos__hpre_softmax_prob_gauss,hpre_cos,hpre_softmax_prob_gauss,hall,12,125,153,61.344,3.048551131275283,0.5344345768933687,2.656,3.0485511312753144,0.5344345768933743,0.6066573764880497,0.11802923123355646,0.02069143653462945,0.2921034455299377,0.06817783076149313,0.011952100708668109,0.2912253713806471,0.08126095861730383,0.01424567414699095,0.5279888152281444,0.06355099540760129,0.011140980708303197,0.14456706191102667,0.022249444468157468,0.0039004995909246894,0.3609226261774699,0.07351245970975338,0.012887302396971084,0.5016611126661301,0.07235560855260631,0.01268449744731624,0.740293200413386,0.06019754333619741,0.010553094639892987,0.08122675018260876,0.03766290850433954,0.006602598973850958,0.24005748860041298,0.033304986394268765,0.005838621543675581,-0.16606309984376033,0.039967289430125334,0.007006574761706055,0.01759882931256046,0.046841849135951144,0.008211738214606482,0.4356689578294754,0.09086708739020814,0.015929702770838477,0.4788617140849431,0.04745159711642065,0.008318631748590766,0.0954061554223299,0.026690032058238455,0.004678968918703393,0.3619196781714757,0.06092182927196804,0.010680067562755354,0.46951073133945465,0.054973512027634806,0.009637281572686387,0.599268972992897,0.05362527304207284,0.009400924857390445,0.07068362925527617,0.05037914041915583,0.008831852717818792,0.14162399440010387,0.03554067416685884,0.006230554890816137,-0.09996366355381905,0.048027441062752745,0.008419581643331703,0.05697296470465759,0.06108321368830222,0.010708359498349248,0.26094321923454605,0.08615717666122495,0.015104019015094255,0.8479883476098379,0.05930281096675181,0.010396241139752602,6.272054814338684,2.5195637529261083,0.44169900069468143,0.1916413617928823,0.057344326424403895,0.010052903661498117,0.3864177219072978,0.08505826200440075,0.014911370781762481,0.477358500679334,0.03320760820054443,0.00582155039363719,0.08238700157403946,0.011657264952358994,0.0020436086502317236,0.35799301354090374,0.04041332414574005,0.007084768094950096,0.564206923007965,0.03290475072340798,0.005768457136977689,0.47201121064027146,0.06355099430439493,0.011140980514902593,0.14456706128517788,0.022249444804524225,0.003900499649892382,0.2597067859570185,0.06019753476494475,0.010553093137286145,0.6390773654778799,0.07351246294235188,0.012887302963670588,284557,0.5231688947567719,0.16058141397281026,0.32500000000000007,0.505,0.755,9394,0.47639282434474467,0.11143013723526031,0.3350000000000001,0.475,0.6250000000000001
hpre_cos__hpre_softmax_prob_gauss,hpre_cos,hpre_softmax_prob_gauss,hall,13,125,153,60.51866666666666,4.062085725885786,0.712115025379356,3.4813333333333336,4.06208572588571,0.7121150253793428,0.5783025656143825,0.10875355859121273,0.019065339424708703,0.2853999552925428,0.06615817640034403,0.011598039688369581,0.2907242686549822,0.08188953276570587,0.014355868053729471,0.5054537939230601,0.06901676482412376,0.012099172334334392,0.14368128725886345,0.020124683439924032,0.00352801255947102,0.3402618553042412,0.0767110828618222,0.013448045759081637,0.48143289879957835,0.0762030304602165,0.013358980246121642,0.7136844890912374,0.06760133520379996,0.01185103658141899,0.08055814512073994,0.04199940930956378,0.007362821083712133,0.23105424789587656,0.030000955209877084,0.005259399338754191,-0.15689632880687715,0.04172518850002409,0.007314748056227633,0.021134849393740298,0.05199147121488054,0.009114506768717003,0.4194826788306236,0.08307823095347783,0.01456425603401244,0.4596469736496608,0.056943916228616026,0.009982708659231529,0.09536901399493218,0.02477318908120304,0.004342931528714003,0.3414599007964134,0.06855502900953271,0.012018226477079159,0.45270422196388244,0.06464401535388097,0.011332595553313727,0.5824126400152843,0.059890407340508885,0.010499251325860772,0.06805790613032878,0.05245357580353526,0.00919551727491601,0.12967217140396434,0.03172493080973571,0.005561625586768444,-0.08553242816884692,0.04786709274178803,0.008391471343264506,0.05284107208158821,0.057756457912256885,0.010125153496862698,0.24371421841780344,0.08535072333639368,0.014962641513821987,0.8363641084829966,0.06306070102948566,0.01105502831412052,6.884514534632365,2.889762939270755,0.50659777949181,0.1966384722391764,0.05659776113984944,0.009922024996587146,0.39417215033372244,0.08576859341664689,0.015035897368790407,0.489333044052124,0.03538385979332746,0.006203064119049426,0.08013193194071452,0.01042097251971477,0.001826877030945976,0.37579681237538654,0.043382104535192166,0.007605218244219021,0.5733247907161713,0.03364633629903789,0.0058984628204238445,0.49454622463385267,0.06901676315914367,0.012099172042450512,0.14368128813306494,0.020124683657993622,0.0035280125977003047,0.28631549624602,0.06760133600780234,0.011851036722366821,0.6597381365299225,0.07671108250181537,0.013448045695969657,278495,0.49789903993767,0.16082530691341623,0.30500000000000005,0.475,0.725,9287,0.4551887563551616,0.11496459022775476,0.30500000000000005,0.45499999999999996,0.6050000000000001
hpre_cos__hpre_softmax_prob_gauss,hpre_cos,hpre_softmax_prob_gauss,hall,14,125,153,60.885333333333335,3.2186550676399714,0.5642551117455853,3.1146666666666665,3.218655067639968,0.5642551117455847,0.613287555416425,0.11496313411945078,0.02015392601132536,0.30761731733878456,0.06716885148991387,0.011775218843519578,0.31809749521811803,0.0805378173143689,0.014118901887112052,0.4876624927520752,0.05833706240938876,0.01022693795295521,0.14929666127761204,0.0190758922011995,0.0033441513487578694,0.31911754276355103,0.06230140158734531,0.010921917252956884,0.4586179192463557,0.0659484010124652,0.011561264441428989,0.7063778662681579,0.060621624945850945,0.010627439423976906,0.07548599546402693,0.036192195788963655,0.006344771667065782,0.232310955007871,0.031015909569590227,0.005437328683036655,-0.162719940473636,0.035667203469755736,0.006252736455614111,0.016087501196423545,0.04279020454804346,0.007501453601418794,0.41509362481037776,0.08613458421224897,0.015100058384161879,0.45448637664318087,0.045668292720861856,0.008006004704112144,0.1066789605965217,0.02563609290332046,0.00449420523849104,0.32278598205248515,0.055870974930076416,0.009794613756366453,0.4442899578809738,0.05398692505415731,0.009464325250474928,0.5916663413445156,0.05504954328279832,0.00965061043939527,0.0661428150398036,0.04192824014917612,0.007350344579798708,0.13344786073764164,0.0348453388421021,0.0061086572338364025,-0.0920478518359984,0.0459140652711011,0.008049090531852278,0.05285177112122377,0.050575815740050115,0.008866331421760862,0.24761166125535966,0.08317581684221523,0.014581363594591987,0.8186623860994975,0.06444910676516485,0.011298426571178332,7.092469507535299,3.4135836477223758,0.5984275985220119,0.2129717776377996,0.06191322815952441,0.01085386745069822,0.421489534219106,0.08205106694952076,0.014384186244720354,0.4983606741031011,0.02970946962684369,0.005208299663029284,0.08223761240641277,0.010519043943385186,0.0018440697095521911,0.38107313303152723,0.038969287416412625,0.0068316172947095405,0.5828227144082386,0.027039565379312954,0.004740244811583182,0.512337519288063,0.05833706891491949,0.01022693909342503,0.1492966614663601,0.019075892872275273,0.00334415146640264,0.29362211692333223,0.060621627983037094,0.010627439956419113,0.6808824486732483,0.06230140160065232,0.010921917255289706,281768,0.48245075886830546,0.1617278360246442,0.29500000000000004,0.45499999999999996,0.715,9350,0.45156029543137166,0.1201379041130173,0.29500000000000004,0.44499999999999995,0.6050000000000001
hpre_cos__hpre_softmax_prob_gauss,hpre_cos,hpre_softmax_prob_gauss,hall,15,125,153,60.522666666666666,4.086038233355671,0.7163140850782,3.4773333333333336,4.086038233355684,0.7163140850782024,0.5750893419981002,0.0997937158446261,0.017494609736701132,0.2686050929824511,0.05680346664155944,0.009958086761024417,0.25886644486586247,0.06663303501736421,0.0116812860743225,0.5555045744180679,0.05729754268856603,0.010044702110993849,0.13194826538364093,0.01916784481202215,0.003360271352176899,0.3993869642019272,0.0676483350908716,0.011859276024905267,0.5367461385329564,0.06573652078193287,0.011524120199301994,0.7430396754741668,0.04784200746146588,0.008387073699728964,0.09315387545029323,0.04082117201947558,0.007156266979649964,0.23621866714954376,0.026268242357024692,0.004605025923884126,-0.15857379190127058,0.036329594197891446,0.00636885867016303,0.03585680252911213,0.05065251450549925,0.008879777308182292,0.44103675214449567,0.0731942483509335,0.01283151748617563,0.4925871071020762,0.05317553097466845,0.009322081596721937,0.08865004822115104,0.02495475083003691,0.004374760706654495,0.38310602035125096,0.06599744069914744,0.011569861477553504,0.4877126288016637,0.05955894252892417,0.01044114298235393,0.605756925702095,0.05710302204606184,0.010010601138828009,0.07939678867223363,0.04229965595834919,0.007415456641981467,0.1383761837879817,0.03543089372530037,0.006211309530870043,-0.08414090000193876,0.04450675999561364,0.00780237903938329,0.06315209534702201,0.047853721710924314,0.00838912729820357,0.2693528712838888,0.08260417300372834,0.01448115001122078,0.8517936058044434,0.06078693349522232,0.010656419290423559,6.352329651196797,2.751987582771796,0.48244469457174427,0.18198534770806632,0.05382509390964487,0.009435954999978426,0.36746800597508744,0.07736565080243485,0.013562796578512028,0.46402688602606457,0.030712811793990213,0.005384193300199119,0.07641959673662982,0.0096106102188428,0.0016848142559595918,0.35687825429439546,0.03279784684754267,0.005749716061231834,0.547073121746381,0.0311999351774431,0.005469589794507419,0.4444954436222712,0.05729754653938605,0.01004470278607236,0.13194826568166418,0.01916784561596238,0.0033602714931138355,0.2569603126446406,0.04784200537568573,0.008387073334075583,0.6006130277713139,0.06764833418740969,0.011859275866521411,278197,0.550165984856982,0.1455541011534087,0.3650000000000001,0.535,0.755,9283,0.48972933443663874,0.10777770186403601,0.3450000000000001,0.495,0.6250000000000001
hpre_cos__hpre_softmax_prob_gauss,hpre_cos,hpre_softmax_prob_gauss,hall,16,125,153,61.861333333333334,2.6666446665758388,0.4674834217099856,2.138666666666667,2.6666446665759156,0.46748342170999907,0.6049717522064846,0.09589445199547937,0.016811038644835404,0.2925134160319964,0.05888241487570016,0.010322542455566575,0.29101877480745314,0.07187629426367531,0.012600469947637525,0.5255133730570476,0.05509665910331147,0.009658870206909944,0.13413691173990566,0.015817422425675822,0.0027729164109750347,0.37371565983692806,0.06146183801751439,0.010774735269812657,0.4998032944202423,0.06173994570452055,0.010823489696960401,0.7214013488292694,0.051740428594744384,0.009070497056989271,0.07594388259450593,0.03138751224622994,0.005502473504530697,0.23480270675818124,0.02674441237909924,0.004688502209279497,-0.1707237119873365,0.03532062767749662,0.006191979040395688,0.016691025079227984,0.037225615298474644,0.006525938094833001,0.4220933223168055,0.07025774663633982,0.01231672603810534,0.4919713773727417,0.046849124147553795,0.008213013580372162,0.09794400854905445,0.024284293734647116,0.004257224395577466,0.373989471634229,0.05539935684636054,0.009711935460949275,0.48221600071589155,0.054647815640244936,0.009580184478527567,0.6223452738126118,0.05335281248385346,0.009353160415568145,0.07229991697768369,0.046679425509305435,0.008183264097412464,0.15094988164305687,0.03673480827320271,0.00643989582964135,-0.10658763275916378,0.051145652648700815,0.008966228236365236,0.05580186700820923,0.05542389935727013,0.009716237952811492,0.27856234980622924,0.07791694339913735,0.01365944243189481,0.8170680830478668,0.06786403513084588,0.011897089909152407,7.5606074241002394,3.1896998066207507,0.5591790306810794,0.2122128633658091,0.05890694176375982,0.010326842208622443,0.39270521406332654,0.07617488334944664,0.013354045840042395,0.48010550101598104,0.028758489475313207,0.005041585491925787,0.07612964467207589,0.008193983362230602,0.0014364686182688727,0.37163802433013915,0.03388567712171572,0.005940421116608835,0.558848085641861,0.027774648318522818,0.004869110532603192,0.474486652414004,0.055096656824328155,0.009658869807386554,0.13413691170016925,0.015817422689981635,0.002772916457309887,0.2785986374219259,0.05174042822112626,0.009070496991491128,0.6262843336661656,0.06146183698027424,0.010774735087976443,289483,0.5198080586854544,0.1469145559517515,0.3450000000000001,0.495,0.735,9479,0.4893115031868864,0.11329174000636923,0.3450000000000001,0.485,0.6450000000000001
hpre_cos__hpre_softmax_prob_gauss,hpre_cos,hpre_softmax_prob_gauss,hall,17,125,153,62.10933333333334,2.834713702964935,0.49694722286785176,1.8906666666666667,2.8347137029650415,0.4969472228678704,0.6797539746761322,0.10415882407214214,0.018259846948809298,0.32206353747844696,0.06236190011370546,0.010932523112247305,0.3154847777287165,0.07437874533067165,0.013039168962217308,0.5419107403755188,0.05027218270991266,0.008813102204665697,0.14247188983360928,0.016208860154040997,0.0028415384703503127,0.3787447588841121,0.05407244185475737,0.009479317006616755,0.5127138247887294,0.06246889198214078,0.010951279613770815,0.7523845681349436,0.04217750536760807,0.0073940426992693785,0.07900772199283045,0.03823380556220992,0.0067026816408078975,0.24671749073266983,0.024126222106160066,0.004229513217299153,-0.18802128990491232,0.03788635705422562,0.00664177123177725,0.019454967477669317,0.0486607891851567,0.008530612464612883,0.4421153947512309,0.06483422152701245,0.011365940165650115,0.49472770607471467,0.04325010554329757,0.00758207780066214,0.11428603381415207,0.02460837965560441,0.004314039162522659,0.3552680383324623,0.05263741802754077,0.009227746237780877,0.48490325502554577,0.05442133519892796,0.009540480706598627,0.6405849289894104,0.04768565292658291,0.008359663541231611,0.0871403630785644,0.04149599190081637,0.007274568120826079,0.16540032987793288,0.036198903942175495,0.006345947658174059,-0.11402444317548846,0.05173187383946538,0.00906899734226543,0.0788913468113169,0.05650595806914722,0.00990593120870709,0.30959838573137916,0.07200909264249843,0.012623750529901783,0.8200328772068024,0.05033510211057458,0.00882413246193321,6.473755960782369,2.6077832418087405,0.4571645589826986,0.21421594289938609,0.05438841226712393,0.009534709062177689,0.41209121982256575,0.06657042224849186,0.011670309571977785,0.470589194337527,0.02684534180596585,0.0047061959179367585,0.08200874831775824,0.008600342963044549,0.0015077065972220786,0.35060526672999065,0.02931774408683556,0.005139627148048373,0.5567161392370861,0.0246359614023667,0.004318874455921435,0.4580892908175786,0.0502721796512004,0.008813101668449796,0.14247188942631084,0.016208860268689347,0.0028415384904490553,0.24761542534828185,0.04217750410803219,0.00739404247845599,0.6212552362680435,0.05407244133646016,0.009479316915755247,291958,0.5375574435568028,0.15278547958018196,0.3550000000000001,0.515,0.755,9519,0.49202386435496603,0.12646125162498542,0.32500000000000007,0.495,0.6550000000000001
hpre_cos__hpre_softmax_prob_gauss,hpre_cos,hpre_softmax_prob_gauss,hall,18,125,153,62.16133333333334,2.772158084316897,0.48598073939920094,1.8386666666666667,2.7721580843170623,0.4859807393992299,0.6992147867679596,0.11690435677725752,0.020494237347795145,0.34594409410158794,0.0665554634920047,0.011667687186342838,0.35232351974646253,0.07754478095602464,0.013594199479011375,0.5013772600094477,0.0442686809687819,0.00776064194576309,0.145494455943505,0.015767406479722308,0.0027641482290543316,0.34137942882378897,0.04831453412381787,0.008469911276003855,0.46534836665789286,0.0551905174737849,0.009675324304726203,0.7171415862242381,0.04031991915416717,0.007068393477959467,0.07004301716883979,0.03751695294955777,0.0065770118369435976,0.24162266236543656,0.0244435127886409,0.004285136726416061,-0.18955561117331185,0.042486185641579535,0.007448156737220993,0.012019217027196041,0.04799654998559893,0.008414166198736035,0.4215388344526291,0.05888682447888543,0.010323315493088696,0.464543198744456,0.040755348500286316,0.00714472760795741,0.12377441936731338,0.025029356396465124,0.004387839639108311,0.31870330786705015,0.05003846064499442,0.00877212892014579,0.44730680008729296,0.05091260207716479,0.008925372669825496,0.6275231159528097,0.04686982677400596,0.008216642910808852,0.06908554035114745,0.038973927918938965,0.0068324308106708755,0.1687503671248754,0.03818998362419745,0.006694999316355446,-0.13124750468693674,0.05466887456685126,0.00958387627113528,0.055342509146469335,0.04838864607752777,0.008482903674332803,0.2989174358050028,0.0692204358348946,0.012134877436784557,0.7930544017950694,0.048032616943164755,0.008420489015174563,7.357103803634644,2.93629477336919,0.5147551696740985,0.2438207137187322,0.05282865075066793,0.00926127081226616,0.43327187367280323,0.06513570769694027,0.011418793021556514,0.4920935333967209,0.022890386289935696,0.004012861646401193,0.08082086779673894,0.008336303327335124,0.0014614184082047549,0.3751112619241079,0.0264064189439386,0.004629249347597217,0.5734226988951366,0.021709252507186406,0.0038057997647872807,0.4986227707465489,0.04426868900832883,0.007760643355157807,0.14549445539712905,0.01576740617905727,0.0027641481763454262,0.2828584083716074,0.040319923424873505,0.007068394226647298,0.6586205635070801,0.04831453554775609,0.008469911525631231,292222,0.4974130398299762,0.1529690965940273,0.32500000000000007,0.46499999999999997,0.725,9524,0.4623418086619499,0.13352536284025956,0.29500000000000004,0.45499999999999996,0.6450000000000001
hpre_cos__hpre_softmax_prob_gauss,hpre_cos,hpre_softmax_prob_gauss,hall,19,125,153,60.269333333333336,3.6902143268077676,0.6469230947648061,3.7306666666666666,3.6902143268078316,0.6469230947648174,0.6062667431433995,0.10060983432303507,0.017637681614101758,0.2914273567795754,0.057924334281469536,0.010154583521975324,0.2881508913437525,0.06752062811407562,0.011836888004770032,0.5299707212845485,0.04854952118953451,0.008511106324941465,0.1351567747592926,0.013833550732082504,0.0024251283688788714,0.37354176787535354,0.05186139778049744,0.009091703890275362,0.5069172116120656,0.05707358152540593,0.010005439987998408,0.7224759356975555,0.04619707472313081,0.008098704276296529,0.08998878971983988,0.04248713346751892,0.007448322898434326,0.23745160541931787,0.023701792021696644,0.004155107342887548,-0.1699968753953775,0.041797316581400096,0.007327392666402235,0.03863495604096291,0.05448122674294114,0.009550980157191994,0.4333773713509242,0.06280786861818552,0.011010704838167667,0.4735168858766556,0.04255242592706248,0.007459769171266198,0.10332285855213802,0.021753862444074262,0.0038136202315333734,0.3452975741624832,0.050765798102547374,0.00889963679836314,0.47056013973553973,0.049618071180734566,0.008698431397687586,0.6070051743984223,0.04805571028007504,0.008424537455633407,0.08615432185633108,0.04795493554624353,0.008406870865860887,0.1636231701274713,0.03506775890084734,0.006147649189316047,-0.11765601520193741,0.05619893289464769,0.009852107322485891,0.08025356718835731,0.06336432357850447,0.011108255693794571,0.3054779265920321,0.06980830801152417,0.012237935973268079,0.8156862618923187,0.06042071147015106,0.010592217738738866,7.435047946929932,3.219950592971269,0.5644822273498419,0.2069461725552877,0.05108743647610914,0.008956022491331735,0.4001219719648361,0.0724808901920919,0.012706460287074478,0.4779253418445587,0.025871700953717658,0.004535509150843012,0.07652029493947825,0.007462894827317362,0.0013083031471965527,0.3712201291322708,0.030640811686499226,0.005371571124835727,0.5591525219281513,0.02364819689047054,0.004145711702123476,0.4700292925039927,0.04854952791932876,0.008511107504726414,0.13515677473942442,0.01383355073279791,0.002425128369004287,0.2775240503350893,0.04619707391111331,0.008098704133943584,0.6264582262833912,0.051861394630896,0.009091703338125885,275314,0.524749929001522,0.14465557491789877,0.3550000000000001,0.505,0.735,9237,0.4700586808970626,0.11520945270267371,0.31500000000000006,0.46499999999999997,0.6250000000000001
hpre_cos__hpre_softmax_prob_gauss,hpre_cos,hpre_softmax_prob_gauss,hall,20,125,153,58.32933333333334,5.414033780627668,0.9491219691715501,5.670666666666667,5.41403378062769,0.949121969171554,0.615075317422549,0.1268573327893248,0.022239070973601466,0.27858878391981123,0.07598234052389545,0.01332029159447583,0.26223420691490174,0.08848047966503313,0.015511311989483667,0.5861255619923275,0.06963105317123704,0.012206861829685802,0.1337706900537014,0.022579651423934963,0.00395838742258601,0.4258799688418706,0.0820518380262766,0.01438432142043564,0.5677953176101048,0.08685842918919232,0.015226954003533457,0.7743776106834411,0.04405215200869966,0.007722682745413938,0.11614451484878857,0.0694527303567373,0.01217560046196922,0.24944972441593805,0.029332668809780613,0.005142243567340332,-0.17122525555578372,0.07677714228050717,0.01345962648577916,0.07481872452585958,0.08765469036147591,0.01536654474168453,0.47115466614564255,0.06668556500300689,0.011690494986832821,0.5180524481534958,0.061066886544731254,0.010705497223881649,0.10713419092694919,0.03135511965676148,0.0054967948332204294,0.37914315076669053,0.08792702420301539,0.015414286969093395,0.5239926971197129,0.06888314708488354,0.01207574811185582,0.6474200430711111,0.0495149426628185,0.008680352171371622,0.11708924816300471,0.06267320712770497,0.010987097638029054,0.15572843079765636,0.04028532479178452,0.007062328818838879,-0.07667555622011422,0.0874252856961319,0.015326328330681049,0.11402517863425116,0.07849470939869992,0.013760729277423436,0.32232027874390284,0.06952025384911967,0.012187437852102362,0.8438082191149393,0.057935019852043496,0.010156456785090374,5.897337245305379,2.4295739476244944,0.42592309225486924,0.18093968514601388,0.05613171561878473,0.009840323614475482,0.3960532816251119,0.08165875863247407,0.014315411564420047,0.44591237461566924,0.0392519646867206,0.006881172805130393,0.07963046812514464,0.010323524863787287,0.0018097937036464704,0.33419549183050795,0.03276266011281749,0.005743547554660897,0.5341515135765076,0.0400680963533147,0.007024246994521811,0.41387444265683493,0.06963106532392363,0.012206863960145696,0.13377068972587586,0.022579651926492566,0.003958387510688242,0.22562237878640493,0.04405215052523833,0.0077226824853517,0.5741200282176335,0.08205183728469348,0.014384321290430388,261148,0.5737978400186687,0.15327677569108628,0.3750000000000001,0.5650000000000001,0.785,8979,0.5115056163763626,0.12922310367929307,0.32500000000000007,0.535,0.665
hpre_cos__hpre_softmax_prob_gauss,hpre_cos,hpre_softmax_prob_gauss,hall,21,125,153,54.166666666666664,5.486022643449883,0.961742173257591,9.833333333333332,5.486022643449849,0.9617421732575852,0.5012647655804952,0.10835444913864987,0.018995372452783467,0.21938102901975312,0.06801708027148179,0.0119239199052585,0.20036387711763382,0.08191133227039757,0.0143596896753998,0.6158145506381989,0.08483687899044584,0.014872560628250353,0.12213253462314606,0.028096447686636692,0.00492552444916117,0.4631081292231877,0.11095996864383255,0.01945214016123821,0.6067319000164668,0.09604693106825005,0.01683776940486934,0.7813227094014487,0.05363456185839197,0.0094025532586885,0.16892438375701507,0.08877328444012862,0.015562642929773673,0.22866090085109075,0.030538648817992408,0.00535366118432513,-0.09993564819234113,0.10736299261802698,0.018821562461318567,0.1366911160910192,0.09946066785005266,0.017436223848979252,0.49050383738676706,0.07734104104681967,0.013558482298133157,0.5491610033512115,0.07304021328288413,0.012804513948142379,0.09182050646841526,0.0373631391027439,0.0065500470807028435,0.42823537506659826,0.11616170475209829,0.020364044707503446,0.5570034784873326,0.07717653504984727,0.013529643125325324,0.6585935301780701,0.04757457486218612,0.008340190697972066,0.15964548216573893,0.07353890652705994,0.012891938728463906,0.1274556621511777,0.03809445375900391,0.0066782521925950415,-0.0007083826090868874,0.10227642427586857,0.017929847714633823,0.156731913211445,0.0803084838852198,0.014078697964364154,0.32613253670930864,0.07074508130873802,0.0124021595729989,0.87235586921374,0.06599555189356542,0.011569530355335575,5.2263997392654415,2.238004458123152,0.3923394800211784,0.15490519503752392,0.058770312256074174,0.010302889999856117,0.3622023561000824,0.10887779095095478,0.01908711831761755,0.4288990630706151,0.047951035146667896,0.00840618709566739,0.07445912090937296,0.012031743425051115,0.0021092576210020343,0.3281513730684916,0.039785971630645,0.006974788349972828,0.5150295441150665,0.054734304894684685,0.00959534671334401,0.38418544542789457,0.0848368837743511,0.014872561466905923,0.12213253471255302,0.02809644767860298,0.004925524447752797,0.21867728207508721,0.05363456198026303,0.009402553280053438,0.5368918621937435,0.11095996868037519,0.019452140167644415,224936,0.5992254753830499,0.1564964426811793,0.3750000000000001,0.6150000000000001,0.795,8326,0.5406437818173059,0.12894725058201473,0.3450000000000001,0.5750000000000001,0.6749999999999999
hpre_cos__hpre_softmax_prob_gauss,hpre_cos,hpre_softmax_prob_gauss,hall,22,125,153,48.436,4.216622344958105,0.7392064891836377,15.564,4.216622344958101,0.7392064891836372,0.41958183304468794,0.0917355969450952,0.016081959208899183,0.17038679413000743,0.05023151396006263,0.008805972658470489,0.1438772250811259,0.05510987439883513,0.009661186950362022,0.6670651990969976,0.06494042751193951,0.01138455889572019,0.1056557223002116,0.019145703141379502,0.0033563897461706166,0.5296490548451741,0.08776510621753221,0.01538590149470349,0.6665489883422852,0.06715272456635797,0.011772391669168207,0.8038145861625672,0.046393314005104415,0.008133106539245469,0.2145728424489498,0.07363794484334706,0.012909300910819361,0.21575473994016647,0.020932673527504615,0.003669659467131553,-0.04372503021437054,0.08623124582313844,0.015117003911690536,0.190085670620203,0.07785713838341819,0.0136489581503802,0.5129773784478505,0.07366117217756427,0.012913372842041831,0.5823749203681946,0.05503593675515418,0.009648225109928469,0.06340900730341673,0.021213515250227865,0.0037188931918730565,0.49959672435124713,0.08199827214600564,0.014374930907590098,0.588608470082283,0.05417894197543098,0.009497987300956705,0.6540502062638601,0.04527404484252595,0.007936890003726124,0.18330249432722726,0.05774723775582046,0.010123537132172785,0.10059379022320111,0.023948038293612292,0.004198276217699156,0.061338138593360785,0.0699602457710947,0.012264571836913981,0.1778300975561142,0.061513997968570565,0.010783879312399807,0.3126878133217494,0.06795964863234141,0.011913851695003013,0.9196540826956431,0.05024543220379626,0.008808412634177167,4.153119662920633,1.9256891836515047,0.33758819838537796,0.1139051057100296,0.04318225135265328,0.007570182436567574,0.28715631759166715,0.07577997495255032,0.0132848153456473,0.4001133659680684,0.03890403319629689,0.006820177725544937,0.06869401407241821,0.007885532335992524,0.0013823947692168765,0.31097270774841307,0.036483856053374515,0.0063959019657863474,0.48275675853093464,0.044825454167577425,0.007858248591054742,0.33293479402860005,0.06494042662696208,0.011384558740576806,0.10565572266777357,0.01914570370076074,0.003356389844234472,0.19618540686368943,0.046393314758233134,0.008133106671274754,0.4703509404261907,0.0877651060828058,0.01538590147108491,178554,0.6583637872626681,0.1288023030031615,0.475,0.6749999999999999,0.8150000000000001,7439,0.5783604302542843,0.0904974622501571,0.45499999999999996,0.5950000000000001,0.6749999999999999
hpre_cos__hpre_softmax_prob_gauss,hpre_cos,hpre_softmax_prob_gauss,hall,23,125,153,49.970666666666666,4.089991252367679,0.7170070798656125,14.029333333333334,4.089991252367717,0.7170070798656192,0.4775550463994344,0.10577689177545828,0.018543506723951348,0.19553238129615783,0.05226245308527719,0.009162011985134555,0.16566577934225402,0.05269451960529788,0.009237756585724689,0.6592924981911977,0.04805802250551995,0.008424942806626097,0.10719715280334155,0.014297499344005335,0.0025064621466100384,0.5205230195522308,0.06369173408339517,0.011165653286000448,0.6592195013364156,0.047814534042245956,0.008382257396985676,0.7967192482948303,0.042171906126466985,0.007393061109018368,0.19330260467529298,0.06199329875050221,0.010867904444197135,0.21708394153912863,0.022346196858783317,0.003917461032842811,-0.062027223079775776,0.07161421717043016,0.012554525807483535,0.1659900154223045,0.06390014355885411,0.011202189077936098,0.4921424947579702,0.07758777077794049,0.013601735927080298,0.5889010366996129,0.04724135653249999,0.00828177494918834,0.060703885773817697,0.012596701196531368,0.0022082990851474507,0.512933589418729,0.05571855277390008,0.009767892974251444,0.5934157179991405,0.04785730225398747,0.008389754995078118,0.658921467423439,0.048119910304624904,0.008435792216166976,0.2002496059437593,0.05530399955929041,0.009695218591467835,0.10399717430273692,0.019923624856401197,0.0034927654357100168,0.07616274977498688,0.057172055566098536,0.010022703248480615,0.1919609309732914,0.06121010207788027,0.010730604013817965,0.33642870622873305,0.0670529580166076,0.011754901821857806,0.9208789978822073,0.039586398297900574,0.006939801602153431,4.373811320940653,1.766774070321675,0.3097291506944635,0.11784855739275615,0.037256749789002404,0.006531396211674569,0.2848776848713557,0.060500812809718606,0.010606260122703234,0.40565363776683805,0.029820734218749274,0.005227805206002872,0.06945030077795186,0.006853217947647652,0.0012014220777320408,0.31700114413102465,0.033256851298406415,0.005830183089313769,0.4884639720916748,0.03308608481553707,0.005800246404938174,0.34070749711990356,0.04805801682895045,0.008424941811479587,0.1071971531311671,0.014297499612050606,0.002506462193600447,0.20328074367841087,0.0421719041930021,0.007393060770067029,0.47947696955998736,0.06369173267438898,0.011165653038990773,190759,0.653423331143411,0.1195792146992567,0.495,0.6550000000000001,0.805,7688,0.5848757759217293,0.07992309931164043,0.475,0.5950000000000001,0.6849999999999999
hpre_cos__hpre_softmax_prob_gauss,hpre_cos,hpre_softmax_prob_gauss,hall,24,125,153,53.342666666666666,4.29854259539721,0.7535677422829444,10.657333333333334,4.29854259539724,0.7535677422829498,0.4877106474637985,0.10545468345563255,0.01848702111499732,0.20397111669182777,0.0524781488575534,0.009199825121221238,0.17584534253676734,0.0522388306236542,0.009157870785023739,0.6459214211304983,0.042056925115599934,0.007372904049075012,0.10678509830435116,0.012765339001791807,0.002237862595884726,0.5105220486720403,0.05250405282344139,0.009204366286664448,0.6436622610092163,0.04258028836619385,0.007464653672206867,0.7824937138557434,0.04173819251651316,0.0073170277608318795,0.1567683268090089,0.05071682928641175,0.008891052186393236,0.2116524268190066,0.023697139310394966,0.00415429168663353,-0.07878877338549742,0.052161326056588374,0.00914428363535051,0.1214569118147095,0.05124292654100256,0.008983281101558055,0.4475279281536738,0.08184148124745652,0.014347444251169227,0.5863525952895482,0.04439360581448982,0.007782542236814285,0.05804345271984736,0.01033770733866924,0.001812280001115808,0.5148147644996643,0.046053812049216554,0.008073589222219693,0.5867280031840008,0.04620042789295133,0.008099292112884177,0.656914849559466,0.047743222298313015,0.008369755897074673,0.18113328169782958,0.048516127952225575,0.008505252232330318,0.11036595736940702,0.022248826827606934,0.0039003913137621673,0.05019109210760022,0.04654720839096841,0.008160085414604232,0.16909150316317878,0.05254561139392962,0.009211651825295345,0.3285605906844139,0.06720855145260471,0.011782178553837602,0.9154298667907714,0.04601046202959109,0.008065989628708147,4.83140372212728,2.185655524494613,0.38316230732836426,0.12814196674029035,0.04058435394143068,0.00711475094009852,0.27359873704115545,0.04881354541705411,0.008557391812784015,0.4141832797924678,0.026267812345555086,0.004604950539549758,0.0687127479662498,0.007403937064048699,0.0012979673955852992,0.32811891714731856,0.03247283874138976,0.005692739628093879,0.4939257756868998,0.02731671228310334,0.004788830806006888,0.35407857223351796,0.042056917624603424,0.007372902735845423,0.10678509859244029,0.012765338922622027,0.0022378625820056513,0.21750627583265306,0.04173819327223057,0.007317027893314984,0.4894779390891393,0.052504048802433444,0.009204365581750676,217619,0.6388740124633497,0.1158885106996513,0.495,0.6350000000000001,0.785,8208,0.5835481184964989,0.07464320043372706,0.485,0.5850000000000001,0.6749999999999999
hpre_cos__hpre_softmax_prob_gauss,hpre_cos,hpre_softmax_prob_gauss,hall,25,125,153,51.38133333333334,5.450700913134367,0.9555500009162278,12.618666666666666,5.450700913134424,0.9555500009162379,0.4793781750996907,0.10162527704584745,0.01781569657221029,0.190297547519207,0.04885238781283627,0.008564201184994439,0.15611128492156667,0.04736408500026259,0.00830329019820896,0.6799514581362406,0.04258322399647804,0.007465168310886452,0.09860045713186263,0.013769543460596145,0.0024139073994472048,0.5553116076389949,0.05422740406616582,0.009506483080047149,0.6777813893953959,0.04451601306504482,0.007804001173975584,0.8054157706896463,0.03950215560294832,0.006925033206579783,0.173242584725221,0.05867783255837307,0.01028667759403321,0.21247302069266638,0.024261017646964873,0.004253143917495739,-0.06272106959065422,0.05035841846649815,0.008828219999348892,0.1376763645460208,0.06222461307840724,0.010908455633808175,0.4635836974779765,0.09241304469647083,0.016200721036004357,0.6400253693262735,0.04762331946246007,0.008348736003168357,0.05460263949632645,0.011164540040701143,0.00195723016473244,0.5749278789361317,0.05113474354340613,0.008964315785885845,0.6410819376309713,0.05011227007010422,0.008785068282872765,0.7053041986227035,0.04892906569632492,0.00857764341064679,0.21979083140691122,0.05570557873339078,0.009765618524668148,0.11710646281639735,0.0221452916973111,0.003882240805153146,0.07929118623243024,0.05702565517606124,0.009997038128514636,0.2132379516363144,0.060502039498260975,0.010606475170686322,0.36895438987016677,0.07186579741690265,0.012598629769263571,0.9249356327851613,0.04616713232091468,0.00809345514175016,4.479751730600992,2.340024613954011,0.4102244018965915,0.11835874183972676,0.04103457585537757,0.007193678321574873,0.2630430021286011,0.05997784882199715,0.010514580493438997,0.39334063069025677,0.027572849787112205,0.004833733690258081,0.06676677622397742,0.0077511060247499475,0.0013588287978164855,0.310155827899774,0.03250616817119714,0.005698582534756806,0.47059407623608907,0.029288127648474382,0.0051344351574852945,0.32004853318134946,0.042583222038109624,0.007465167967569332,0.09860045682390531,0.01376954367740465,0.0024139074374554116,0.19458421992262206,0.03950215569660325,0.006925033222998218,0.44468838624159496,0.054227403127450655,0.009506482915483125,201104,0.6736608361541556,0.10773668367962985,0.535,0.6749999999999999,0.8150000000000001,7877,0.6376535549553666,0.07388739643392914,0.545,0.6450000000000001,0.725
hpre_cos__hpre_softmax_prob_gauss,hpre_cos,hpre_softmax_prob_gauss,hall,26,125,153,53.32933333333334,4.580366991604186,0.8029737372816563,10.670666666666666,4.580366991604252,0.8029737372816679,0.4824232479731242,0.09473357550652707,0.016607528023401562,0.1890987209280332,0.043769929702909084,0.007673206993789603,0.15385629652937252,0.04203013875540457,0.007368208193089308,0.6845860551993052,0.04428746962404709,0.007763935742256785,0.10466849079728127,0.017506081454297898,0.0030689513910743442,0.5475309973160427,0.06314149419824545,0.011069191981089736,0.6879972921212515,0.0457683818609069,0.008023551103994641,0.8121045124530792,0.03528806779770849,0.006186271041799322,0.1414944115082423,0.050810649522959585,0.008907499599037584,0.21373499085505804,0.022725765038082903,0.003984002268521971,-0.088931577853354,0.03781785034691818,0.006629761476468047,0.0998409121464938,0.056670587946999994,0.009934792098790782,0.4327886356711388,0.0782700666779719,0.013721347672118286,0.6537729570070903,0.041980501562857146,0.007359506409568244,0.058997006590167676,0.01213841814049372,0.0021279585231545072,0.5806764036417007,0.04830103939758443,0.008467545546188511,0.6573905801773071,0.04372943718659067,0.007666108342694673,0.7242237949371337,0.04260462813941444,0.007468920622585156,0.1995975827475389,0.050918556895892385,0.008926416595575835,0.1392240575154622,0.02362499556789444,0.004141644330942748,0.020982146755636984,0.06386926119498613,0.01119677516084679,0.20446937215328218,0.05582987839247384,0.009787409215671665,0.37197374016046525,0.06719233853143536,0.011779336303439879,0.923924887975057,0.037105863354975344,0.006504944653522592,4.305694614410401,1.977810918257856,0.3467255413334823,0.11592361609141032,0.036730074292168645,0.006439065926175074,0.2821794643004736,0.06918463856730632,0.012128601899083645,0.38965145556132,0.02897108494339074,0.00507885512072284,0.06999030851821103,0.008939340844383704,0.0015671355460832547,0.30497885493437443,0.02975408422854459,0.005216120947553159,0.4743199159304301,0.03428094502525455,0.006009714635297148,0.3154139370918274,0.04428746237356476,0.00776393447119119,0.10466849133372307,0.01750608176647681,0.0030689514458017205,0.1878954819639524,0.035288067594804434,0.006186271006228673,0.45246899843215943,0.06314149621110343,0.011069192333959298,215101,0.6792884241529815,0.11684360858361599,0.525,0.6849999999999999,0.8150000000000001,8156,0.6517448668505644,0.0752842955464817,0.555,0.6550000000000001,0.745
hpre_cos__hpre_softmax_prob_gauss,hpre_cos,hpre_softmax_prob_gauss,hall,27,125,153,54.86,4.756721560066356,0.833890056254422,9.14,4.756721560066343,0.8338900562544198,0.5000645871162415,0.0922193117112061,0.016166758146240745,0.19831136659781137,0.048353998394342255,0.008476829667663333,0.1644483699152867,0.05192990442188081,0.009103713634027562,0.6772731479008993,0.06632649757893588,0.011627547692004506,0.10931170519193013,0.023472302298469565,0.004114876020579716,0.5327462460597355,0.09307845896030172,0.016317373299730868,0.6807212988535563,0.07003196987621509,0.012277145626928462,0.812834801197052,0.04723911163683502,0.008281381401626493,0.12407305002460878,0.061332562395076354,0.010752072253971621,0.21494819931189219,0.025488137267434256,0.004468267471906573,-0.10464673986534279,0.04183800168928678,0.007334525080287708,0.08117559719535831,0.06768722842561595,0.011866094327109491,0.4192194067637126,0.09492923359931929,0.01664182839939474,0.6535896848042806,0.05131623789431327,0.008996133148448833,0.07143636037906012,0.023896371450216527,0.00418921862069632,0.5633580552339554,0.07529633972602236,0.013200030352209423,0.6605495325724283,0.04977878121339398,0.00872660510861069,0.73701731300354,0.045056485369559245,0.00789875014650304,0.167160869119068,0.06753691193154869,0.011839742683837782,0.1664506196876367,0.0332587423088241,0.005830514598056433,-0.05109235824272036,0.09462866528586257,0.01658913645082224,0.17551035607606172,0.07418562025201261,0.013005312643180446,0.3725161436200142,0.07336677092399033,0.012861762026734678,0.9057308462460836,0.03880142435671789,0.006802189602858281,4.747395143826803,1.8153894765925211,0.3182518071834134,0.1298858642578125,0.03374275298477024,0.005915365410679326,0.3281683581272761,0.10126761705689769,0.017752996011637406,0.3925370228290558,0.04280401090598707,0.007503873962681668,0.07184969638784727,0.010685641319761826,0.0018732755173347718,0.3030758978923162,0.040017687291327535,0.007015409896321843,0.4805933152039846,0.04904795880819227,0.008598486292133835,0.3227268429199855,0.06632650355347083,0.011627548739386663,0.10931170513232548,0.023472301607838638,0.004114875899506777,0.1871651936173439,0.047239112985108155,0.008281381637989195,0.46725374794006347,0.09307845684729926,0.016317372929305206,228346,0.6678882270875736,0.13303541192850443,0.495,0.6749999999999999,0.8250000000000001,8401,0.6489968953168388,0.0936420105172302,0.535,0.6550000000000001,0.755
hpre_cos__hpre_softmax_prob_gauss,hpre_cos,hpre_softmax_prob_gauss,hall,28,125,153,62.157333333333334,1.8435839492081347,0.32319451616030165,1.8426666666666667,1.8435839492081119,0.3231945161602976,0.8842563151518503,0.07404973879605652,0.012981491573664326,0.41340323865413664,0.04718179383364923,0.008271333147693734,0.4028529540697734,0.06401330131931535,0.01122202650799062,0.5460719260772069,0.05042783528532463,0.008840389304242031,0.15752301838000615,0.030307424588449126,0.0053131257896533125,0.3482397468884786,0.08822822174948183,0.015467089227076116,0.5325726866722107,0.0528117146526708,0.009258301783380779,0.7716920880476633,0.0461757664491929,0.008094968771174273,0.047775574273740254,0.02369290365787641,0.004153549144007822,0.21750584942102433,0.03347500518679525,0.005868427152154846,-0.18384847504893936,0.04791794303408268,0.008400385792547836,0.012150939833528052,0.023498753407839922,0.004119513104504496,0.33441012479861576,0.07810444448062721,0.013692312820757592,0.5788236597379048,0.03711894268628733,0.006507237561397438,0.13836650577187537,0.029980161731512682,0.005255754081275052,0.40699984248479204,0.06776576182784572,0.011879861839539277,0.5933863084316253,0.046046566972944215,0.008072319104348798,0.737854806025823,0.044765070343083344,0.007847662839888024,0.057862007407161097,0.03730506401251016,0.006539866068497176,0.20990058356523514,0.03785527067807088,0.00663632154975717,-0.20107826747496924,0.04862430676964623,0.008524216815185401,0.041954935087511934,0.059180916548128064,0.010374872105992753,0.33798416221141814,0.07556189636792247,0.013246584484137578,0.8192200490633647,0.03179644000297933,0.005574161701069782,6.289170181592305,2.0652433283031595,0.36205311861764033,0.20204272452990213,0.04093405676771646,0.007176056548552028,0.5623496747414272,0.12258580018417245,0.02149023829138044,0.4667649561564128,0.027032550750738803,0.004739015092975011,0.08999424570798874,0.015978774890203662,0.0028012027451703105,0.33591780002911886,0.03562596394685322,0.006245506848491047,0.5695298049449921,0.038922889051088934,0.006823483302635104,0.4539280912478765,0.05042783634784684,0.008840389490510388,0.15752301838000615,0.03030742486462008,0.005313125838068216,0.22830790587266286,0.046175766659765485,0.008094968808089275,0.6517602439721426,0.08822821999417925,0.015467088919358007,290897,0.5452439160871643,0.1670582924319248,0.3350000000000001,0.535,0.775,9507,0.5777857557661691,0.14562662030261184,0.405,0.5950000000000001,0.755
hpre_cos__hpre_softmax_prob_gauss,hpre_cos,hpre_softmax_prob_gauss,real,1,451,967,59.693443142223614,2.861566090259419,0.264101933784062,4.30655685777637,2.861566090258956,0.2641019337840193,0.5990217241218169,0.07362653255117627,0.006795198507128675,0.35719602341502005,0.046159636823929366,0.004260201918616029,0.4359914127751838,0.06012355989122931,0.005548971413697463,0.27295456973102455,0.03358253473121077,0.003099426008042729,0.1905355669587155,0.015015503965585365,0.0013858228358073106,0.07649453763344888,0.022240203908884766,0.0020526105897333427,0.22486967667897942,0.03616894971773955,0.003338133477297232,0.5544161235234542,0.05833074365620551,0.005383507391670867,0.07010975881387882,0.027129014205653286,0.0025038125583598824,0.26496932809760815,0.021992948183321523,0.002029790667634492,-0.21458992955327286,0.03350821011462266,0.003092566381408385,0.001027689806037104,0.027354095380971034,0.002524585929229125,0.47010867911285836,0.056728204269985066,0.005235604551926363,0.014075078401177698,0.008185302484337114,0.000755444447737687,0.017958448454113235,0.003294458077221262,0.0003040547453809744,-0.008052207374170279,0.008467701533624682,0.0007815078454238351,0.013876929909749255,0.00828241393364992,0.0007644071348632392,0.036401631849054955,0.010396809732325958,0.0009595506337731714,0.09478211111893971,0.04926404671716132,0.004546716585829815,0.32589892856969455,0.03554043062454121,0.0032801256932034396,-0.28844996842821896,0.04702497979981793,0.004340066840868411,0.05227714378366873,0.06617562388703452,0.0061075333180049575,0.5617719575342666,0.0900275812256896,0.008308897137319256,0.9912503064188505,0.0034139736951427357,0.00031508517585675515,1.8890203871132638,0.364959690523831,0.03368315005851867,0.04551567863487121,0.013544279005516692,0.0012500393715329313,0.08584821875155106,0.018407914885802217,0.0016989179228888806,0.5959593102992015,0.015302618844395852,0.0014123214705829108,0.08935726313481936,0.009122183677281936,0.0008419118320224285,0.4707226425848281,0.03184284890739377,0.0029388655401888703,0.6794713824930775,0.008219165141510163,0.0007585697270289502,0.7270454358634794,0.033582533431193655,0.003099425888060515,0.1905355669510061,0.015015504286303305,0.001385822865407266,0.4455838568213624,0.058330740915114636,0.0053835071386879275,0.9235054552413481,0.02224020364831591,0.002052610565684715,1709742,0.26766554317444624,0.191891630083925,0.07500000000000007,0.21499999999999997,0.555,57907,0.013860996603212557,0.021277568723090855,-0.015000000000000013,0.015000000000000013,0.04500000000000004
hpre_cos__hpre_softmax_prob_gauss,hpre_cos,hpre_softmax_prob_gauss,real,2,451,967,54.27154471544717,3.2252036386287224,0.2976630596471806,9.728455284552846,3.225203638629163,0.29766305964722123,0.5126625169649534,0.06462380106366818,0.005964311251620974,0.2779675506516346,0.037414521992741076,0.0034530908244699804,0.3092419557305642,0.04605344243188698,0.004250400941315213,0.39765716866767975,0.03747260907778788,0.0034584518439274583,0.16808827197014597,0.01207371292585661,0.001114316717173316,0.20176907059734683,0.03237729069068952,0.002988190666365011,0.3703847668425434,0.04361475374627001,0.00402532754533072,0.6369266516359792,0.04654103308476858,0.004295402045696272,0.15955333734829366,0.05551989744039641,0.005124086536883795,0.24993975133422788,0.020861793100590432,0.0019253932029818864,-0.12516327480221948,0.04881073412858565,0.004504879099825556,0.11585061538478199,0.06862179244814007,0.006333297052607776,0.5188829458560061,0.068641730688018,0.006335137208502108,0.3105709343062241,0.026776766388553797,0.0024713026226348767,0.06505628314497394,0.01325373454870839,0.00122322421141676,0.22172024521444522,0.03334133070880454,0.003077164614545364,0.318617556173885,0.027512275526711844,0.0025391848170614184,0.3860875381825279,0.03394628894331921,0.003132997901128458,0.2624239891134821,0.06791713593109548,0.006268262332830206,0.2645977441296603,0.030244726443847736,0.0027913703505851968,-0.08249594504033997,0.08267365846576523,0.007630183048413282,0.2621191279583483,0.08727752476219074,0.008055086738706528,0.6100746620331984,0.0737208381195122,0.006803902231655222,0.9110153628933103,0.03259220591900733,0.0030080257935674133,5.052932008739359,2.116746955937264,0.1953604937860715,0.12723342247732888,0.03235640210989251,0.002986262800850643,0.2861637450689348,0.05848594905041953,0.005397831731369037,0.5418276895492522,0.017911479766348774,0.001653100537963799,0.0847999609391631,0.007613194728727136,0.0007026430236839944,0.4250899059856698,0.027653663903592175,0.0025522339456053272,0.6316175524853768,0.012849868350779389,0.001185950271029314,0.6023428201806003,0.03747260842439104,0.003458451783623638,0.1680882719612565,0.012073712785787217,0.00111431670424592,0.36307332943336296,0.046541033989779136,0.004295402129222226,0.7982309216261539,0.03237729218447986,0.0029881908042310966,1404702,0.39143219544008073,0.17180346581102637,0.18499999999999994,0.3650000000000001,0.6350000000000001,52485,0.30812920621886664,0.07503527964413995,0.20499999999999996,0.31500000000000006,0.405
hpre_cos__hpre_softmax_prob_gauss,hpre_cos,hpre_softmax_prob_gauss,real,3,451,967,54.91272304930843,2.988545643400803,0.27582123170621325,9.087276950691582,2.9885456434010336,0.2758212317062345,0.4828976272474674,0.07394246075697976,0.006824356404398162,0.24587592699743666,0.04100770268535675,0.003784715515084527,0.2579773236348912,0.04859535853499699,0.004485001484225386,0.467948984066576,0.04114427278454603,0.003797319951311159,0.16003636898125387,0.018060077687207403,0.0016668150554752562,0.27353924885360703,0.04406522411449036,0.004066902714873154,0.44877123928487944,0.048360221132881374,0.004463299996073468,0.6918116143655154,0.0477792755265688,0.00440968290207282,0.18085226181693156,0.056484108244802475,0.005213076247408371,0.2556395858254041,0.025257893969727073,0.0023311216411964755,-0.11272616394659632,0.050688519015554996,0.004678185116264313,0.1392730785879098,0.07005373889086848,0.006465455392716391,0.548885379422178,0.07852422205534185,0.007247219962627111,0.4073520938940869,0.031467475157960806,0.0029042212475218323,0.07845123993426957,0.019456748578566104,0.0017957177163375475,0.29895658734534875,0.04773461161438869,0.004405560744762779,0.4248944079688088,0.03270558036043642,0.0030184894376974695,0.49012811833249403,0.037947392117668705,0.0035022708979018623,0.29244617726498445,0.06904517280479404,0.006372372009254457,0.2631380717411972,0.032772762011165,0.003024689820044961,-0.053907338199041394,0.08360602654616672,0.007716233904925299,0.29724895996400036,0.08766559936888649,0.008090903228994735,0.6399011794092626,0.07867549675884875,0.007261181527891941,0.8769556915951356,0.06740367897026968,0.006220873954581467,7.398077976798045,4.981863339715231,0.4597900940835652,0.14787534718660256,0.05286232352838623,0.004878811611476661,0.36101102129068613,0.08590605969083577,0.007928510393433542,0.5081612984578546,0.02066761316988424,0.0019074717943601792,0.08490537193981121,0.01078924738807786,0.000995769802055378,0.3911631586231711,0.03150737016328466,0.002907903269086954,0.6023972342380208,0.018230565351044125,0.0016825498385574544,0.5320510034580478,0.04114427281649738,0.0037973199542600386,0.16003636925714018,0.018060078061573812,0.0016668150900265787,0.3081883723747957,0.04777927860512043,0.004409683186200956,0.7264607432786395,0.04406522667329349,0.004066902951032248,1435956,0.46077407070508336,0.16496867706479193,0.255,0.44499999999999995,0.695,53088,0.4044421353456556,0.08962471371382659,0.28500000000000003,0.4149999999999999,0.505
hpre_cos__hpre_softmax_prob_gauss,hpre_cos,hpre_softmax_prob_gauss,real,4,451,967,57.71416957026713,4.652479040637317,0.4293902963501854,6.285830429732869,4.652479040637374,0.42939029635019055,0.5060810481026343,0.11600978613110136,0.01070686745953219,0.26552704068931515,0.0694892417208654,0.006413356370883236,0.28668738335832006,0.08460859272198702,0.0078087635398975345,0.44589781837130565,0.06082209690437403,0.005613441347353456,0.15531707589700702,0.01692281102808086,0.001561853536352617,0.2708664633982688,0.053907981005681026,0.00497531826312079,0.41806509680530746,0.07186735856395136,0.006632839422196062,0.6704811676318738,0.06626112056209839,0.006115424045146762,0.1051603035509802,0.06699402830874966,0.00618306614987913,0.24928310863746847,0.02659799008844745,0.002454802858141034,-0.1643161063488101,0.054439875486363316,0.005024408291617923,0.0493630919843204,0.08028082051879609,0.007409341345271229,0.47057044490827293,0.09115651879799772,0.008413089941736025,0.40079405845633903,0.04185978014809535,0.0038633561260454563,0.08654230262534683,0.020563662345657655,0.001897877882204825,0.2957255026127144,0.05679688891896049,0.005241943650183585,0.3933163794690749,0.05012949078501995,0.004626590838142711,0.511531127063063,0.03874640035996739,0.003576013602156985,0.15103949574635364,0.08170366637983636,0.007540659767255786,0.24717552703133164,0.03851133555518001,0.0035543188142154306,-0.15810742629018,0.09698234351007026,0.008950771590111251,0.13237987993330638,0.10097468829060668,0.009319236250236151,0.48966008448044435,0.08405699194017979,0.007757854761781953,0.8094130557997655,0.11093172568170494,0.01023819906528365,10.679495323852231,8.519952522772186,0.7863302352763564,0.21141625648723744,0.07860029912148105,0.007254241327729379,0.38787718057851145,0.0933217395818756,0.008612924220608036,0.5185493436748684,0.030073983397088774,0.0027756119974991994,0.08262959348853816,0.010263466396171466,0.0009472440045272166,0.4031464313270675,0.04158919709755747,0.0038383832599147407,0.6032997693038521,0.022392398276055436,0.0020666570333285604,0.5541021881974143,0.06082210161958626,0.005613441782533574,0.15531707546303875,0.016922811451639083,0.0015618535754439895,0.32951881815758527,0.06626111811184428,0.006115423819005961,0.7291335307221367,0.053907981865748265,0.0049753183424988,1604791,0.4306514471341145,0.16765080094893556,0.245,0.39500000000000013,0.6749999999999999,55925,0.39471094592746264,0.1024419198397459,0.265,0.39500000000000013,0.525
hpre_cos__hpre_softmax_prob_gauss,hpre_cos,hpre_softmax_prob_gauss,real,5,451,967,56.738316967585256,4.356449018934189,0.4020688581153458,7.261683032414737,4.356449018934029,0.40206885811533105,0.4167500941955847,0.06779622319370775,0.0062571029582933315,0.20740287125884704,0.04163671657739664,0.0038427689655465822,0.2132482741579135,0.052428836509975735,0.004838803882763983,0.49580916346611004,0.06316354503780373,0.005829540140947214,0.15163470072157081,0.01926402236415831,0.0017779304752567847,0.31227893701055054,0.06873062504577605,0.00634334151727775,0.4792846498742469,0.07209135358237383,0.00665351254860916,0.7086219750502873,0.059842841097506275,0.005523063091494406,0.11825810728632809,0.06914629158429514,0.0063817045440853065,0.24415602363475333,0.02450237958693223,0.0022613931068190987,-0.153412880295815,0.05398706405943937,0.004982617059223464,0.06952655933028576,0.08039959550515972,0.0074203034207901515,0.4728861032936279,0.09112277495112686,0.008409975627779677,0.4241176858634029,0.046623941776747134,0.004303053920644602,0.07877260110845566,0.021712831590244758,0.0020039379242124903,0.3230479029759807,0.0610726815774254,0.005636568507321834,0.4279616418400317,0.04792444553616962,0.004423081048071801,0.5190704707659268,0.051287246949603515,0.004733443391001002,0.13936751030288289,0.08069363818535086,0.00744744144172137,0.22845492813995413,0.035973269176192285,0.0033200735731061465,-0.13974701940360945,0.07827333258818749,0.007224064672358937,0.11666579331834338,0.09824009869242464,0.009066853331860086,0.4578698758026067,0.10031534964570114,0.009258384043561333,0.8837064246711075,0.049991026098198936,0.0046138115451273545,5.611740346797453,2.1343550349672804,0.196985592621943,0.15130617335531565,0.04121736975871788,0.0038040662753951147,0.3483111064580184,0.08863480018285998,0.00818035348145152,0.4938065526846306,0.03216925083428357,0.0029689900864559903,0.0824994763845001,0.01016203312514234,0.0009378824443941055,0.37907743573380737,0.03942231812522074,0.0036383959421945095,0.5855537757971335,0.029008337327153723,0.002677260542763545,0.5041908326894187,0.06316354967634517,0.00582954056905117,0.15163470081778102,0.019264021973160968,0.0017779304391705468,0.2913780092792637,0.059842838350599614,0.005523062837974712,0.6877210546598407,0.0687306259802937,0.006343341603526996,1552953,0.4811723857354784,0.16595273424026258,0.28500000000000003,0.46499999999999997,0.715,55056,0.41637596035031377,0.09922504867085274,0.29500000000000004,0.42499999999999993,0.535
hpre_cos__hpre_softmax_prob_gauss,hpre_cos,hpre_softmax_prob_gauss,real,6,451,967,55.45233871819239,3.8176227917362455,0.35233907935505643,8.547661281807624,3.8176227917365266,0.35233907935508235,0.4403831589748711,0.08871008943000241,0.008187302136536283,0.19287825380019794,0.04314025296675946,0.003981534541954929,0.17446293943947966,0.04495394063942075,0.0041489248473057785,0.6080356996252749,0.04085611345986195,0.0037707249217062075,0.12629894095463842,0.02398509697099973,0.0022136516481662018,0.44080160849961425,0.07586439514812739,0.00700173710199448,0.611603135853084,0.04017222770940223,0.0037076071940400253,0.7690516257919184,0.027947811726585135,0.0025793816704596465,0.16986963676845096,0.060850773734253,0.00561608801214712,0.2579057286957126,0.026569575131521108,0.0024521803623342164,-0.14213447485932507,0.059780105862093695,0.0055172730812460815,0.1376230221399588,0.07264315181805218,0.006704439550294476,0.5373343236433668,0.07537009783919182,0.006956117021578197,0.49441727759367105,0.03740823649995275,0.003452510718769877,0.0642386594870529,0.0209102592377624,0.0019298662782652883,0.4136024474381783,0.05106472427572308,0.004712906151381527,0.5037113610579944,0.03614154894707647,0.003335604583575739,0.5633985172195289,0.04830674413536529,0.004458364454481388,0.23939530778756513,0.06595597533366668,0.006087261339001998,0.24558088510187015,0.04303579290168297,0.003971893630537989,-0.08358067436854624,0.07299527391440577,0.0067369378829004,0.23912958832817172,0.0916787442377651,0.008461287587417972,0.5658264395786863,0.08630992118813663,0.007965783899986877,0.926364516579429,0.052934777528069916,0.004885498593647713,4.022787284766744,2.2255848082585024,0.20540544342563669,0.10563672779118317,0.04423865521802907,0.004082909156233634,0.3074603872217349,0.10391909860416078,0.009590984108973489,0.43571091023295494,0.022312668473897256,0.0020592985470081248,0.07354003781760168,0.010213543988737524,0.0009426365259904323,0.3390645447739666,0.020729391504107086,0.0019131734895227507,0.5274387002652076,0.03435563828179441,0.0031707778958846595,0.3919642921486421,0.04085611538935818,0.0037707250997848084,0.12629894051618623,0.02398509652949229,0.002213651607418246,0.23094836536036947,0.02794781208993506,0.0025793817039942266,0.559198382567005,0.07586439478610969,0.007001737068582854,1483228,0.5998536805756508,0.13658065555095503,0.43499999999999994,0.6050000000000001,0.765,53873,0.4906354907927686,0.08369065964363145,0.3850000000000001,0.495,0.5850000000000001
hpre_cos__hpre_softmax_prob_gauss,hpre_cos,hpre_softmax_prob_gauss,real,7,451,967,59.109085629817365,3.822230411796501,0.35276432949070696,4.890914370182662,3.8222304117972032,0.35276432949077174,0.45150309381639736,0.07308782673229824,0.006745479841188825,0.20312745141797864,0.042057207036463234,0.003881577205466412,0.19082633650213365,0.05086181758134955,0.004694179325345885,0.5853902868255494,0.06696034403837196,0.006179957334403878,0.14319675187147127,0.02868441275624815,0.0026473646386054907,0.4034744140976535,0.09740971024738324,0.008990214460972607,0.5775959552711059,0.07613187617621482,0.007026423673801749,0.7844833027490807,0.0366407688765952,0.003381678986406494,0.10245281417361525,0.05536932528581369,0.005110189811823105,0.2481894601436562,0.02246044609335809,0.0020729373566104824,-0.17109260587373007,0.04584884696053515,0.004231518253331382,0.050150026862216,0.06425096039396852,0.005929900743963575,0.46313400838703844,0.0795855664510615,0.007345174403824388,0.5169275707458949,0.04196450985071937,0.003873021923065411,0.08490519592113281,0.028782646312746542,0.002656430888139975,0.40737623619518476,0.07369106624458503,0.006801154502092935,0.5243897693518248,0.043224569856864514,0.0039893163834448745,0.6141587554300842,0.039711419313381846,0.003665077899012671,0.11187596379748314,0.06036949406637544,0.005571669366214015,0.2222941083810958,0.03831593656170965,0.0035362848948834115,-0.16415627197357133,0.0717504926758762,0.006622053542694937,0.09361101624500766,0.07662542269725116,0.007071974461904036,0.42215726907307877,0.08262945595696386,0.007626103475310886,0.8946817825439295,0.04718838603010485,0.004355148058652631,4.482245570223608,1.6176836027893107,0.14930054182627459,0.13452772687152598,0.04419725899814604,0.004079088583380303,0.3658143448832481,0.11324247639502638,0.01045146470816306,0.44540049769617635,0.03552213177628122,0.0032784368413443354,0.08398068332858798,0.012179409222740408,0.0011240717238795543,0.32674692147429596,0.027790275883625554,0.002564842247132137,0.5439597137878882,0.043438492188424334,0.004009059873429907,0.41460971733988444,0.06696034766769068,0.006179957669363849,0.1431967514504832,0.028684412403201923,0.0026473646060218674,0.21551668622726985,0.036640766758600264,0.0033816787909308208,0.5965255761326536,0.09740971067803317,0.008990214500718494,1687474,0.5731963559019269,0.16462396451147343,0.3650000000000001,0.5750000000000001,0.785,57452,0.5126973501214873,0.1041511434883284,0.3850000000000001,0.525,0.6250000000000001
hpre_cos__hpre_softmax_prob_gauss,hpre_cos,hpre_softmax_prob_gauss,real,8,451,967,58.728017104846394,3.8340421013686674,0.3538544633400997,5.271982895153626,3.8340421013689343,0.35385446334012427,0.42024053282577145,0.06689808979754543,0.0061742117164904865,0.175231783340414,0.03030387480826034,0.002796829318482079,0.15178641397696765,0.03146813618728372,0.002904282255765906,0.6399457490171363,0.044450325086312976,0.004102444760086323,0.12331853700043967,0.025175404034846867,0.0023235084145113603,0.47729520577413825,0.0782431081976916,0.0072212751788698374,0.6436249164291524,0.04327624053417546,0.003994085214695777,0.797017490281347,0.03192294296530982,0.002946257644691452,0.11066956676889335,0.05316416203222209,0.004906669130764749,0.25155148871228056,0.024443790298229722,0.0022559857375823596,-0.17643475963401914,0.04198356202703143,0.003874780301676319,0.06472063942182352,0.060676011816624804,0.00559995874623412,0.4759449619252722,0.08068736145137687,0.007446862144396726,0.5511204985739461,0.04039239219193876,0.0037279267895882076,0.06650180684149079,0.021614827553225902,0.0019948928576723783,0.4673416584611361,0.05909206693377565,0.005453772045185427,0.5619054312579684,0.038182600745065624,0.0035239789596340975,0.6211927744815119,0.04384804479268474,0.0040468586281536415,0.1288526617335298,0.06402937760424844,0.00590945024888064,0.22771934500689248,0.044983141191736874,0.004151619847907198,-0.15111009025872849,0.0627397224192457,0.0057904243667130945,0.10478178122557394,0.08055997978688517,0.0074351057344939795,0.45128175206328996,0.10369466435424929,0.009570270444658425,0.9335948829822815,0.034994381658663705,0.003229729307699737,3.5885705473335907,1.407776137315668,0.12992759505562199,0.09892053681739138,0.03053017678913616,0.0028177153609089548,0.3210557467064136,0.10654426934540391,0.009833268455169665,0.4162982707434704,0.025000186256010967,0.0023073370758931724,0.0754004076610385,0.011176388039824459,0.0010315000950305191,0.3171302772466049,0.025115320112843124,0.002317963101389104,0.5095604899295619,0.03648303530929418,0.0033671213145467878,0.360054256861042,0.04445032615841091,0.004102444859033238,0.12331853694777191,0.025175403809499876,0.0023235083937134565,0.20298250057464023,0.031922944223059004,0.00294625776077264,0.5227047856467198,0.07824310758823863,0.00722127512262172,1647195,0.6329597768858575,0.13687707477075248,0.46499999999999997,0.6450000000000001,0.805,56738,0.5469064672856618,0.0877232611045068,0.44499999999999995,0.555,0.6350000000000001
hpre_cos__hpre_softmax_prob_gauss,hpre_cos,hpre_softmax_prob_gauss,real,9,451,967,59.25477246330905,3.7663196468845515,0.34760416870222993,4.745227536690953,3.7663196468845586,0.3476041687022306,0.47284175659853483,0.06916483295538796,0.00638341577905461,0.20134279455066437,0.03637152597943817,0.003356829806777605,0.1776874818561536,0.04155982022619398,0.0038356719863355516,0.6294413827472168,0.04758944732652183,0.0043921631268386205,0.11667505516538386,0.020589999428334088,0.0019003086051885625,0.48225534013131754,0.07011367076708525,0.006470986673107934,0.6243023127075132,0.05024287446053333,0.004637055334512219,0.7862441452714309,0.033991553705592356,0.003137175512573221,0.10716168300020347,0.04965594359941774,0.004582885844614427,0.24527405080116174,0.02415232400657553,0.002229085498751334,-0.16731288209814182,0.038061329623082694,0.0035127865087810923,0.059049059311606644,0.05684878921074092,0.005246733673195749,0.46371035280250694,0.07843013671475761,0.007238536563535401,0.5292238890470213,0.04502070171624824,0.004155086413712252,0.06587048712770718,0.02053126064081743,0.0018948874382883514,0.4468062134525106,0.05625691193532408,0.005192107664894728,0.5333720393627553,0.044017332053963666,0.004062482622728136,0.6071510783287214,0.05406999376344456,0.004990270873430469,0.11499743516332075,0.06279110405787325,0.005795166521775918,0.19648824408697607,0.03795714780250894,0.0035031712773271233,-0.1224204339991972,0.05467255803397092,0.005045883214384917,0.09242596653032065,0.07912503067303792,0.0073026702694740445,0.39012548875206426,0.09813872314961805,0.009057497099626007,0.9130943891525949,0.054649828315667934,0.005043785425143348,4.584217201199581,2.3240076500029843,0.21448916262461695,0.12393667879911176,0.046837346533472414,0.0043227496422013085,0.30501756709249556,0.09332463034329892,0.008613191017060722,0.4229235392621999,0.026508068801750693,0.0024465037712229293,0.07185468336402277,0.009650720911801023,0.0008906920108862047,0.32546231027465605,0.02587318411887202,0.0023879084890629644,0.5070677963223632,0.033312903875254846,0.003074541022611777,0.3705586271580983,0.0475894492947853,0.004392163308495158,0.11667505532535384,0.02059000001957849,0.001900308659756161,0.2137558468025626,0.03399155207322977,0.003137175361917915,0.5177446535589351,0.0701136704462122,0.006470986643493662,1684855,0.6196877153331746,0.13580723038739315,0.44499999999999995,0.6250000000000001,0.785,57388,0.5228516709025981,0.09192306134356297,0.405,0.535,0.6250000000000001
hpre_cos__hpre_softmax_prob_gauss,hpre_cos,hpre_softmax_prob_gauss,real,10,451,967,59.80917537746804,3.512588562305837,0.3241866176184139,4.19082462253194,3.512588562305709,0.32418661761840206,0.48569838310884034,0.09996419380175654,0.009225974889091328,0.22793977657654965,0.058861372718438894,0.005432480631161958,0.2220592314102682,0.07107343363835131,0.006559565871449122,0.5567315837633281,0.06274368785131454,0.005790790347523824,0.136939313049316,0.026879054389187897,0.0024807430681525696,0.3940942482805098,0.08624787424563621,0.007960057414215491,0.5380803941404375,0.07224174558437853,0.006667392646884819,0.7529628670425805,0.04455890793082777,0.004112466174342575,0.08763377909847418,0.039991919287899164,0.0036909660257795377,0.24014330491558913,0.027197208055711734,0.0025101063594130616,-0.16280050804067006,0.03693094242875954,0.0034084599146962354,0.027973282663803688,0.04651221510523104,0.004292742353806045,0.4439746285595488,0.08007084169608236,0.0073899618127414145,0.4838545222060757,0.04901644359935757,0.004523864601929976,0.08335250878560846,0.028875061061361763,0.0026649601036288387,0.3796139977645022,0.07156752757474195,0.006605167182044721,0.4862486873661034,0.052612167430671125,0.004855724005924121,0.5861530404941871,0.050290483385537876,0.0046414492952884115,0.08101923596153006,0.04907653082905847,0.004529410220328849,0.17042542016915418,0.03700981339451249,0.003415739136604013,-0.11824363042349752,0.03962845597574305,0.0036574209806636,0.05572521855598443,0.05583248413668434,0.005152936036899127,0.3216070110656627,0.09479101651258538,0.008748527895807299,0.8732000609371106,0.07527054576194574,0.006946929082078073,5.900770480306657,3.3151907589939364,0.30596822253858097,0.15947537884334873,0.06324669486227757,0.005837214270687603,0.3590450523262063,0.10531409990462502,0.009719732678624903,0.4621108963816538,0.03241224311507143,0.0029914165233183502,0.079726210807084,0.012979985307692286,0.0011979591287159378,0.349484302786509,0.03161090482164223,0.0029174587721308926,0.5484843583714808,0.03883460745532882,0.0035841544815648474,0.4432684282109372,0.06274369656963004,0.0057907911521615325,0.1369393134682194,0.02687905462814065,0.0024807430902061872,0.2470371204458563,0.04455890569767614,0.004112465968238768,0.6059057438224726,0.08624787215542007,0.007960057221303602,1713995,0.5468416804228583,0.15771144215694513,0.3450000000000001,0.545,0.755,57916,0.4780725886112205,0.10737060293413625,0.3350000000000001,0.485,0.6050000000000001
hpre_cos__hpre_softmax_prob_gauss,hpre_cos,hpre_softmax_prob_gauss,real,11,451,967,61.28370816175694,2.381432212822586,0.21978903605371053,2.716291838243057,2.38143221282246,0.2197890360536989,0.5002766208204181,0.07004868055127238,0.00646498854441482,0.2292161051466748,0.03741620808880799,0.0034532464389893627,0.2171984797088532,0.04484372443847672,0.004138752686018736,0.5684270664506748,0.05265717021943633,0.004859877439101507,0.13228248663556583,0.019729656395278666,0.001820905141637251,0.4048125648099535,0.07219687456142945,0.006663251374742947,0.5593791333777377,0.058317621660630155,0.005382296326017568,0.7491882828945045,0.03721903394352965,0.0034350486859346684,0.07547526727586136,0.03311629591264669,0.0030563955241384388,0.22911685393764675,0.021800798235094718,0.0020120566117704853,-0.16626575487622466,0.03119394486388477,0.0028789763720461605,0.02233845977177772,0.03538231652262434,0.003265532900740278,0.40660788971356854,0.06604470163460703,0.0060954501373441435,0.5235181163371448,0.04548904667921922,0.0041983112795714395,0.08410480698983018,0.022064868138097587,0.0020364283613081326,0.42067656729517083,0.06535674423160563,0.006031956625482861,0.5237272960608708,0.04800770520275129,0.004430765315447377,0.62737182440271,0.04356812047482626,0.004021023630349027,0.06900139724961449,0.049619421935711165,0.004579515158177113,0.14101529302435994,0.02781425709046766,0.002567055539749433,-0.09732272951141958,0.04747824765514907,0.004381900198316485,0.054291166836704284,0.05172095317632131,0.004773471351061143,0.25843044345607075,0.08218290436713765,0.007584889980781128,0.8641064341959913,0.06310037135797217,0.005823709665437819,6.528009053333144,3.048515739088778,0.2813560394795936,0.17046912514619672,0.05110708068689746,0.004716815342973286,0.38695660578878566,0.09360107721744773,0.008638705071864412,0.4569170668334156,0.02766526835774145,0.002553304953118229,0.07644310351663744,0.008729369224239364,0.0008056578880649548,0.3528370685316092,0.02614257557205321,0.002412771379342602,0.5442034404683536,0.03250866347318171,0.0030003154277049226,0.43157294924817285,0.05265717382381815,0.004859877771759981,0.1322824867501054,0.01972965642452223,0.0018209051443362214,0.25081170540994874,0.037219032359249345,0.0034350485397170102,0.5951874294923309,0.072196873382271,0.006663251265915118,1787990,0.5587544213902825,0.14964899358068787,0.3650000000000001,0.555,0.755,59218,0.5168168382516783,0.10565904846029,0.3850000000000001,0.525,0.6450000000000001
hpre_cos__hpre_softmax_prob_gauss,hpre_cos,hpre_softmax_prob_gauss,real,12,451,967,61.42339774047091,2.901684163808188,0.26780454293923295,2.5766022595290896,2.9016841638081208,0.26780454293922673,0.5807121710154994,0.09227192946828668,0.008516034310551908,0.26665490691667776,0.05695895351846265,0.005256901045112241,0.25465389539369376,0.06974313238471369,0.006436788649983934,0.5711978903401176,0.06309913358640722,0.005823595428039984,0.13689795618583972,0.022454870533583044,0.0020724227726127437,0.4086573884188469,0.07963116194428783,0.007349382539353357,0.5516933697803184,0.0747114478439209,0.006895328372303232,0.7690008126799476,0.04053936804360373,0.0037414916017993976,0.08241022755113976,0.041709843081535795,0.0038495180150337704,0.24703328423937582,0.02813429490672599,0.0025965927244559345,-0.17726321766765993,0.03961180070863469,0.0036558838195034993,0.02100482416477403,0.049975541899163964,0.004612382465113388,0.449379607629007,0.07809361173694399,0.007207477732600218,0.5266710351376532,0.057002656315691874,0.005260934498436734,0.09501853245557798,0.024665977622455194,0.002276492026844731,0.41159877497932923,0.07782054352385637,0.007182275503870684,0.5185221742998709,0.06325235478377488,0.005837736640664515,0.6491327267537811,0.04799790881326143,0.004429861179276215,0.08227384269687568,0.05526445785824386,0.0051005113037829,0.16065487348510057,0.0315660046194705,0.002913314806956992,-0.10544178788773419,0.05304802829368597,0.004895950823391256,0.06055941448128584,0.06138941954137241,0.00566580113943401,0.3048019661926534,0.08662080904905634,0.007994476609737096,0.8438857719542897,0.05727195487808029,0.005285788815565435,6.363349878338645,2.689108700803084,0.24818535921819554,0.19036984996176512,0.0504945731319598,0.004660285308504742,0.38938013584636333,0.08748359225516661,0.008074105283680978,0.453974355329129,0.034213604967218196,0.0031576692442379186,0.08083094722994416,0.010335524788146738,0.0009538944749569642,0.33807029138458733,0.02971612572360067,0.0027425843124461147,0.542005511701088,0.03703311171344816,0.003417889403587458,0.42880213231087455,0.06309914159674855,0.005823596167336778,0.13689795621616602,0.022454870616764266,0.0020724227802897716,0.23099917689525756,0.04053936547657478,0.0037414913648811197,0.5913426051755891,0.07963116145006838,0.0073493824937404615,1803319,0.557843553688799,0.1577965554536638,0.3550000000000001,0.545,0.775,59452,0.5175025797881597,0.12109235526777787,0.3550000000000001,0.525,0.665
hpre_cos__hpre_softmax_prob_gauss,hpre_cos,hpre_softmax_prob_gauss,real,13,451,967,60.168097349804675,3.69790451367422,0.34128994480838143,3.8319026501953335,3.697904513674414,0.3412899448083993,0.5312252541809485,0.08514860761438829,0.007858603023892272,0.24840041989227138,0.0530502862165297,0.0048961592134023745,0.24054319319935644,0.06556226108075741,0.006050924349999499,0.5571785313369617,0.06209076334204284,0.005730530119356934,0.1345072742547632,0.018703187058397998,0.001726169417111087,0.3963917102643862,0.0754750609680425,0.006965804362157138,0.5413468033106799,0.0702696722076947,0.006485384482153232,0.7474362388959648,0.04471288336297731,0.004126676997403538,0.0889360292747141,0.045685299815252975,0.004216424030108332,0.23451033052040895,0.020676561956970332,0.0019082977029360822,-0.15925463211466317,0.038595956457508566,0.0035621287138433294,0.03353451273453861,0.05119144387583129,0.004724601457511566,0.43184096540533157,0.07243084202840001,0.006684844886309853,0.5164162740229352,0.059304271714859816,0.005473357017635765,0.0950921657825898,0.022239328295589045,0.002052529776934563,0.40008161118050134,0.07488018602521332,0.0069109016907508555,0.5114079914659042,0.06523026032401792,0.0060202830720744015,0.640277725776748,0.053345504160752205,0.00492340570273642,0.08585348012978393,0.06345861474423288,0.005856772949000922,0.1474459797436579,0.026748266166667638,0.002468672257486565,-0.08491705480464969,0.056222859831162375,0.005188964901011296,0.0648234176973574,0.06867314693037187,0.006338036701330923,0.28987874066742914,0.09036321290884432,0.008339873523593222,0.832942742097656,0.05973737285524508,0.005513329132586799,7.005770399034017,2.93375432532158,0.27076438779526635,0.19465966244179908,0.0520466876701067,0.0048035342980612935,0.4023160831560845,0.08278385928529093,0.007640353790106229,0.4623192196273527,0.03303444815527447,0.003048841565810699,0.07795844434489797,0.00800132058227996,0.000738464243687897,0.3534941341148587,0.03133598494838529,0.002892085648508141,0.5478903274653945,0.0342413921252073,0.0031602337987258495,0.44282148350519873,0.06209077221133933,0.005730530937929101,0.13450727396566084,0.01870318682288653,0.0017261693953750754,0.25256374994295416,0.0447128800035768,0.004126676687355075,0.6036082815257363,0.07547506067235972,0.006965804334867746,1739834,0.542361888613379,0.15536280395179242,0.3450000000000001,0.535,0.755,58342,0.5049637417582243,0.1214416223112498,0.3450000000000001,0.515,0.6550000000000001
hpre_cos__hpre_softmax_prob_gauss,hpre_cos,hpre_softmax_prob_gauss,real,14,451,967,62.20249181712596,2.153012941714279,0.198707582992537,1.7975081828740365,2.153012941714338,0.19870758299254243,0.6055413315254572,0.09456558439873856,0.008727722135840185,0.2943800065496122,0.05777827352117734,0.0053325183785163065,0.2955932399843892,0.07092143410718142,0.006545537409813068,0.5198381081078739,0.05366094987227871,0.004952519069260303,0.14382141967927595,0.018684594677560035,0.0017244534743098114,0.35489427931225237,0.06654493231769874,0.006141617825447641,0.49476203242531824,0.06269272798374138,0.005786087118890642,0.7306713085943737,0.03786123484971646,0.0034943192027957477,0.061059120843584974,0.02810425195145142,0.0025938199761305993,0.2371010356850269,0.024190260774937702,0.0022325867891531434,-0.18024039764428082,0.029775718194629305,0.002748084268184061,-0.0012231659241544665,0.03225055110698323,0.0029764935158928425,0.40937641429829996,0.06870175162088361,0.006340676708180725,0.49627134910280296,0.04730753556733807,0.004366144702518339,0.11170374728102452,0.022441518556979713,0.0020711904813674772,0.3632652156017213,0.06560262056001463,0.006054649239162336,0.4816211819411165,0.054695562514014716,0.005048006362155624,0.6441429688503882,0.043765758902017615,0.004039264233279343,0.06328641184731149,0.04171875327822643,0.0038503403619941996,0.15687040650089995,0.029263592922883132,0.0027008187952431264,-0.11502424182297444,0.03928928329154994,0.0036261177855051716,0.037292496518854565,0.04509970631371387,0.004162377968864352,0.2856360936389687,0.07906289188653774,0.007296935307163177,0.7983174357359116,0.055670108298392106,0.005137949916872489,7.769598259890344,3.0085021200668636,0.27766307072470164,0.2318680006406926,0.04817396918045145,0.004446110282729003,0.44988299843115426,0.08377025742535602,0.007731391231861968,0.48206700712392053,0.027624538390023285,0.002549545870539656,0.0811731269188393,0.00841299935012017,0.000776459227991958,0.36575053649330175,0.02575581558571845,0.0023770762190424436,0.5669310838500142,0.029659641941688224,0.002737371266316832,0.4801619198600842,0.05366095364522151,0.004952519417475741,0.14382141945212407,0.01868459516208684,0.0017244535190281444,0.2693286811442628,0.037861235291200085,0.0034943192435415056,0.6451057146490091,0.06654493399933442,0.006141617980650499,1845861,0.5099912418457028,0.15712953829774742,0.32500000000000007,0.485,0.735,60185,0.49001305673549644,0.12748717873711748,0.32500000000000007,0.495,0.6550000000000001
hpre_cos__hpre_softmax_prob_gauss,hpre_cos,hpre_softmax_prob_gauss,real,15,451,967,60.145063879210205,3.554903653057563,0.3280919956328583,3.8549361207897794,3.5549036530573015,0.3280919956328342,0.5302473645417758,0.08473008962205358,0.007819976828441025,0.23882895278961813,0.04815042706065825,0.004443937514682889,0.22223724717666263,0.0550917110711884,0.005084568019903619,0.5890421945861695,0.04726614534469877,0.0043623246831673975,0.12461915518882002,0.015352963154350611,0.0014169678876827412,0.4386441660643555,0.05742107067192604,0.0052995511290225535,0.5753357578841881,0.05515413665466809,0.005090329451509447,0.7637763700475408,0.03378761849828324,0.0031183537622036157,0.09841171076908889,0.04561227387965751,0.0042096842623731735,0.23585550034460587,0.020811206978755433,0.00192072446838766,-0.1561098426612093,0.0402523386965606,0.003715000860989705,0.04488661220575529,0.052150235353782846,0.004813091003248295,0.4441161752916129,0.06727003040375247,0.006208539154772086,0.5391229484663344,0.0494725993501984,0.004565964491327555,0.09173831715900578,0.01723460934495922,0.001590630274628379,0.42511531116678664,0.0578228121614181,0.005336628974128876,0.5356334376745471,0.0569256434302042,0.005253826763950775,0.6572822782064981,0.04634240748404089,0.004277070333760712,0.09803905789122876,0.05461847848202562,0.005040892061360164,0.1548442603196985,0.02548025715456594,0.0023516441611264637,-0.0806769284636725,0.046320310186726776,0.004275030912420096,0.07488797186462717,0.06386710308826442,0.005894473480173067,0.3156516629258917,0.07907576922253311,0.0072981237924999096,0.8446097783762428,0.05180160789807267,0.004780915200796384,6.469997420700914,2.6569026198193844,0.2452129699742937,0.18314286709546077,0.04548586376115072,0.0041980175191652655,0.3829874704443543,0.06701591271463217,0.006185085922874399,0.4459379061913367,0.026174574959667102,0.0024157246922776065,0.07450053899266432,0.0072136629491760555,0.0006657691188852196,0.34247793125626075,0.024765273817888005,0.0022856563502970085,0.5287571884731834,0.02704349013765379,0.002495919303047475,0.4109578173435699,0.04726615179399737,0.004362325278391193,0.12461915524789927,0.01535296273821715,0.0014169678492766207,0.23622361911391343,0.03378761656117516,0.003118353583422496,0.5613558288192801,0.05742107193075615,0.005299551245203503,1737511,0.5777888719149881,0.13912182504444748,0.405,0.5750000000000001,0.765,58315,0.5300369418056815,0.11195615702012027,0.3750000000000001,0.535,0.6749999999999999
hpre_cos__hpre_softmax_prob_gauss,hpre_cos,hpre_softmax_prob_gauss,real,16,451,967,60.87493400908035,3.0273471956779616,0.27940233543298126,3.1250659909196483,3.0273471956778892,0.27940233543297455,0.5417730298434121,0.08550604173512896,0.007891591618078283,0.2507526229829439,0.051357621090049294,0.004739938417148882,0.23953897096633608,0.061022955389630956,0.005631979138444097,0.5673765344433341,0.05174586200120681,0.004775770256140758,0.126927463250891,0.014350008179153717,0.0013244023693291767,0.41887841229398315,0.059092967385267176,0.005453855150370731,0.5491007683148682,0.060321901882362125,0.005567276950510702,0.7484800022640997,0.03766910767571981,0.003476587248829106,0.09373190636538023,0.04490718408361757,0.00414460955406592,0.23627517764581352,0.01908503407434489,0.0017614111456402735,-0.1605174692728383,0.040576704584818456,0.0037449374955598747,0.03932466633434999,0.051825291824065166,0.004783101056533041,0.43945687534410477,0.06314400372023492,0.00582773661812236,0.545368523317064,0.052411304171815866,0.004837185774264745,0.09488257782569359,0.02045280875699905,0.0018876468946238303,0.4312827768388173,0.06808701627607937,0.0062839410647577585,0.5358682847127795,0.06116903078381747,0.005645460844917432,0.6723625764316837,0.04162627946892505,0.0038418056956295095,0.11320681861579629,0.059937552056701905,0.005531804230676637,0.16039641640904165,0.02895478203810135,0.0026723177754267215,-0.07768717168823527,0.06341387266434782,0.005852643577374878,0.0919768997651054,0.07111843701676587,0.006563719359046896,0.33820701119338636,0.07310147598548504,0.006746739568920996,0.8272858539018193,0.062390504763500325,0.00575819409305007,6.982616791827362,2.802056097587124,0.2586095902041856,0.2011192570568994,0.054495344261756604,0.005029527659958171,0.38846226455924027,0.07410459411260895,0.006839320145021984,0.45773440411725597,0.028010982321787045,0.002585211861279947,0.07469094245261021,0.006621020023781356,0.00061107244660742,0.3532284965574044,0.0266236239869626,0.0024571686822928234,0.5379944565062751,0.027501567786314598,0.0025381965697673947,0.43262348081843816,0.05174587330788268,0.004775771299665481,0.12692746319893122,0.01435000806791775,0.0013244023590628985,0.25151998695706307,0.03766910695100747,0.003476587181943378,0.5811215823793752,0.05909296809367305,0.00545385521575149,1780360,0.5534461986925112,0.1432040703131499,0.3750000000000001,0.545,0.755,59058,0.5348168792021845,0.118518584564138,0.3750000000000001,0.545,0.6849999999999999
hpre_cos__hpre_softmax_prob_gauss,hpre_cos,hpre_softmax_prob_gauss,real,17,451,967,62.405405976137665,2.3303605364510878,0.21507548827397582,1.5945940238623164,2.330360536450698,0.2150754882739398,0.6591536357838363,0.10369674980025877,0.009570462916300364,0.303989285820484,0.06097541559941204,0.005627591558310533,0.29092178733638074,0.07127908731738253,0.0065785462243778325,0.5675134993355638,0.04913563070879064,0.004534864713439038,0.1400243489703228,0.01926814373329257,0.0017783108479351938,0.4076208200815071,0.06370797692736638,0.005879787281957391,0.5373582244504657,0.06204723325975394,0.005726512606377097,0.7752290747785204,0.024605249761852726,0.0022708872828291118,0.07494783409918458,0.03719612010602653,0.003432933903817426,0.25490226281633555,0.022474850027001163,0.0020742667359116215,-0.20027583050209705,0.04132240131129484,0.003813759930991028,0.011422364060097978,0.04824486704469936,0.004452653644810616,0.45053022860483216,0.052091707113867194,0.0048076892683747525,0.5282562516632056,0.04312858583630102,0.003980457749870247,0.12125745121776664,0.023208667638010865,0.0021419928145690933,0.3811415709674725,0.06161904212785523,0.005686993649834883,0.517145113583893,0.05402168502232066,0.004985812324668333,0.681772703713367,0.03700178025892131,0.0034149977360642173,0.09351253659073684,0.04281285494963233,0.003951318063735303,0.18762062047179956,0.029932812713321683,0.0027625829604612582,-0.12957008525742772,0.04806360406998461,0.0044359243781658345,0.07792445544653034,0.05560413029774874,0.005131860622756084,0.3508051888137922,0.0650228894150575,0.006001144231195126,0.8154006582777346,0.03750191870641311,0.003461156911486361,6.350875406350346,2.136802333259432,0.19721146062258213,0.22058184876347306,0.044389851245857294,0.004096863460300147,0.42934834779838177,0.06246615258828763,0.0057651758422680565,0.45639843489782417,0.026538803814623143,0.002449340391478573,0.08254705485373044,0.008751968741874408,0.0008077436607229127,0.3345218094851084,0.01826452380696187,0.0016856839593826646,0.5430342560919383,0.030123338736514828,0.0027801671397443355,0.4324865349095734,0.04913564208473157,0.0045348657633564275,0.140024348744587,0.01926814326935401,0.0017783108051170069,0.2247709207979387,0.024605250038485328,0.002270887308360308,0.5923791750911523,0.06370797969315523,0.005879787537219775,1856949,0.5586750385709133,0.15420375440757952,0.3750000000000001,0.535,0.775,60345,0.5223875682191392,0.13606135732335864,0.3450000000000001,0.535,0.695
hpre_cos__hpre_softmax_prob_gauss,hpre_cos,hpre_softmax_prob_gauss,real,18,451,967,61.88448421497204,3.0991385652567858,0.2860281616193179,2.1155157850279807,3.0991385652574035,0.2860281616193749,0.6491868936929629,0.13313720352452305,0.012287604689305336,0.3147410717490433,0.07449505618129976,0.006875356980851702,0.31511531152069516,0.08443257419478718,0.007792518297974401,0.5241690799068426,0.04595544324530335,0.0042413563224353275,0.1463500376840322,0.01610630642665446,0.001486496044203712,0.3599997213224198,0.054135559153685814,0.004996322086579438,0.4906153120983934,0.05796389140941201,0.005349649572303707,0.7404569185367922,0.0309517834789513,0.002856626620884915,0.0728777988266821,0.04139675355326756,0.0038206221072493427,0.24839784666705492,0.022690296692836225,0.0020941509109680886,-0.19376685614423958,0.047016928772218115,0.004339323789025123,0.012835584256159025,0.04924041927670991,0.004544535943301647,0.4356293784396446,0.059615001111802665,0.005502035102302585,0.49491523922578456,0.04064123336890097,0.0037508930374286916,0.13015618628096853,0.023069291998393488,0.002129129447173653,0.3380207159384264,0.05720144734233505,0.005279281477992471,0.4805528640334854,0.053779883333474415,0.004963495770864483,0.6619021609895974,0.03603058031960561,0.0033253629787411785,0.08376878705840611,0.04852528794522801,0.0044785344736180226,0.1829793363278974,0.03130694485151845,0.002889405456788678,-0.1327425172840976,0.05772499548001383,0.005327601199162173,0.06644973553612508,0.05943138661902583,0.005485088807482345,0.3351160626972146,0.06912946672925678,0.006380151731181075,0.7917817876078032,0.04441775396021468,0.004099438679808337,7.236611734490349,2.428781871794427,0.22415906844298358,0.24470163505906323,0.047168368415914645,0.004353300577081134,0.45793820962179244,0.06699888629597235,0.006183514507100086,0.47982353550707324,0.024140138852725063,0.002227960896839703,0.08294276844494956,0.007412468848483773,0.0006841174710807434,0.3593844147880708,0.021608594863070818,0.001994317625274903,0.5650218315442203,0.024701712775520936,0.0022797901240163665,0.47583094745679283,0.045955455287659173,0.00424135743385801,0.14635003781477726,0.016106306688757507,0.001486496068393935,0.25954307330737464,0.030951782719552057,0.002856626550797836,0.6400002741899247,0.054135559212297485,0.004996322091988872,1845733,0.5135106848511265,0.1556463666391149,0.3350000000000001,0.485,0.745,60159,0.48743177682895006,0.1419473891354375,0.30500000000000005,0.495,0.6749999999999999
hpre_cos__hpre_softmax_prob_gauss,hpre_cos,hpre_softmax_prob_gauss,real,19,451,967,60.15473550839402,3.5914475030986286,0.33146472970900376,3.845264491605956,3.5914475030982906,0.33146472970897256,0.5417524779158225,0.11219763830492467,0.01035503368005352,0.2546953740503657,0.062425124957342454,0.005761389287518165,0.24654916831724982,0.0699712219381359,0.006457839672478154,0.5560394638903275,0.04629141471991337,0.004272364069012567,0.12878165692028057,0.016571451282217355,0.0015294255632045232,0.4061516289978908,0.05895157697235109,0.005440805833915391,0.5358031492089914,0.054678400573005,0.005046422438644794,0.7382989921397133,0.031179086570178857,0.002877605058584689,0.09482868378989934,0.046750321462832506,0.004314717855159265,0.23639335004417514,0.021857042157534992,0.0020172475205985706,-0.16503295466053963,0.050091549995904615,0.004623089176654353,0.04463166843105553,0.05526313287820001,0.005100389017670762,0.4352812645870142,0.0590803494357558,0.005452690604537703,0.5084818797922539,0.04805726419687203,0.004435339253553589,0.10324120365162673,0.020075184346493868,0.0018527948821548664,0.3812790190731601,0.06449065835125964,0.005952023138501362,0.5052470028486955,0.054911772609589564,0.0050679609962768915,0.6417483322280675,0.03943828555351943,0.0036398696207880585,0.10896046231521639,0.05679499202011069,0.005241768580086085,0.17275474164723445,0.02859995599923663,0.0026395698884077584,-0.10434568455984328,0.06465589888592763,0.005967273649364584,0.09912312902881033,0.0696111198335449,0.006424604842604428,0.3414760244524684,0.06778384149396277,0.006255960216611665,0.8186319550768953,0.05537237862642117,0.005110471613163176,7.18751295772252,2.6537574448016796,0.24492269297978622,0.20441137413271954,0.04686604271233957,0.0043253980927671805,0.40726289901760093,0.07060488317788152,0.0065163220396513176,0.4642129714527877,0.024629898451221998,0.0022731621792747418,0.07461823164750406,0.00766635269552993,0.0007075491210397169,0.36088607297891073,0.021655247828501145,0.00199862335786967,0.543934327358461,0.027528222704058723,0.0025406566266380154,0.4439605521231893,0.046291427275375066,0.004272365227791225,0.12878165685648138,0.016571451170254166,0.0015294255528711276,0.26170099807989505,0.03117908502167989,0.0028776049156693903,0.5938483645562671,0.05895157736436656,0.005440805870095595,1739696,0.5452409918576583,0.1414068726191262,0.3750000000000001,0.535,0.735,58345,0.5001522294679597,0.12126157403752764,0.3350000000000001,0.515,0.6550000000000001
hpre_cos__hpre_softmax_prob_gauss,hpre_cos,hpre_softmax_prob_gauss,real,20,451,967,57.14462569950376,5.084218988670424,0.46923678305391786,6.855374300496251,5.084218988670707,0.46923678305394406,0.5499833539029182,0.12900747155774575,0.0119064601817057,0.2400501144735851,0.07406574416556254,0.0068357345748066775,0.21866568849596002,0.08354687140858873,0.0077107743119140485,0.6214569937283193,0.06536763078107045,0.00603296137556558,0.1253378567498336,0.02455788464216675,0.0022665158235273116,0.47016855070585567,0.08834566695186075,0.008153668567310255,0.606166799536553,0.0798743854892133,0.0073718303202294595,0.7950164258860821,0.03152634962611176,0.0029096549367670682,0.1513501376466307,0.07827275872235046,0.007224011708676635,0.2412113493125721,0.027633673356821275,0.0025503889621616223,-0.12713355924862488,0.09475738626250665,0.00874542406601645,0.11204871950544372,0.09124622021709192,0.008421368736458464,0.4932179370633263,0.06504242190609572,0.006002946939394797,0.5565124286917482,0.05841485772381477,0.005391270514105699,0.10189902077793521,0.030158966541641657,0.002783455329474605,0.4273997203136287,0.09112085743581032,0.008409798654930828,0.5619503469173452,0.0650863544424201,0.006007001595982602,0.6775619899994684,0.04107863099160749,0.003791261686743679,0.15422074743193656,0.07209278025276943,0.00665364422000813,0.1550278225349796,0.03562986081215686,0.003288379455214515,-0.03652262035550431,0.09833083618052467,0.009075227748287335,0.1482690627850602,0.0814883521939509,0.007520787819144206,0.3581882473677255,0.0665940562710792,0.006146151612427806,0.8580115560357642,0.04769296505626503,0.0044017170674934165,5.474785790629956,1.783666576712504,0.16461957448379774,0.17055709434356753,0.0483005153900046,0.004457789586160014,0.3910517007565627,0.07825710333692926,0.007222566829392544,0.425679610147262,0.03719881842311738,0.0034331829390447034,0.07719328746493824,0.010506462122897334,0.0009696707594248282,0.3188611735084462,0.024865429631269146,0.0022949000102927405,0.5120629362589691,0.04400881788993088,0.004061696826728782,0.37854301279697683,0.06536764835011338,0.006032962997061665,0.12533785682330878,0.02455788423084477,0.0022665157855652563,0.20498356688297628,0.03152634886307057,0.0029096548663438636,0.5298314428475156,0.08834566673960799,0.008153668547720854,1596460,0.5975674295222907,0.15452174517007428,0.39500000000000013,0.6050000000000001,0.795,55725,0.542586744008122,0.1348759927399134,0.3350000000000001,0.5850000000000001,0.695
hpre_cos__hpre_softmax_prob_gauss,hpre_cos,hpre_softmax_prob_gauss,real,21,451,967,52.15118783655368,4.815813879865897,0.44446492525406156,11.848812163446311,4.815813879865797,0.4444649252540524,0.42117447150306114,0.09724570703699746,0.008975078146226247,0.17220135272412992,0.05582576403374322,0.0051523158198130995,0.1472559813843107,0.06334387003604469,0.005846182839121181,0.6696517494637424,0.06227550885479697,0.00574758079917257,0.10584108986834873,0.02452346611764334,0.0022633392416843943,0.537271439966368,0.09042478774080111,0.008345556436962782,0.6633582480564097,0.0691906850719041,0.006385801743155723,0.8116039284524715,0.032976406323760823,0.0030434847229282996,0.22062660292004943,0.07535304389418963,0.006954543065320797,0.21740325113526174,0.02698235215275424,0.002490276707514003,-0.03426172056609622,0.09767157361660785,0.009014382563339644,0.1896108318064645,0.08200624799666843,0.007568585870519615,0.5265860336313792,0.06280831062120681,0.005796754563605754,0.5973985137001173,0.05630242386559226,0.0051963080881646945,0.07386049523874104,0.02805946158902267,0.0025896861483736284,0.5023417164161432,0.09241515905425919,0.008529253369429909,0.6035037306428158,0.05600597513435074,0.005168948006056082,0.6831100759664126,0.036213406029872185,0.0033422364746185603,0.20876092698672166,0.0654553481622399,0.006041057057881702,0.11570637716910065,0.026520690131855793,0.002447668629060402,0.06517707332044984,0.08533714425336648,0.007876003597344963,0.20471487102122504,0.06753181200798465,0.006232699710819401,0.3586092471476184,0.06483090382272633,0.005983425344196174,0.9046278051036852,0.047684828968085576,0.004400966165171451,4.46824961825694,1.5339837543334447,0.14157564883503035,0.12973619019273416,0.041854717176420086,0.0038628888502363523,0.31388018634947135,0.0845352962698349,0.007801998805433152,0.39786600297474833,0.03599025334275454,0.003321641089316263,0.06906932374143292,0.010540659916766839,0.0009728269694186594,0.3053303119857557,0.02640643283346138,0.002437123503593049,0.47769102712528916,0.04585676639577567,0.0042322491601479734,0.3303482471130492,0.062275512792762396,0.005747581162618407,0.10584108965990001,0.024523465854558987,0.002263339217403604,0.1883960637380283,0.032976405197590264,0.0030434846189908707,0.46272855343187214,0.09042478884346265,0.0083455565387305,1329514,0.6445230572126077,0.14668278959125738,0.4149999999999999,0.6749999999999999,0.8150000000000001,50838,0.5834088963496937,0.118416123872019,0.39500000000000013,0.6150000000000001,0.695
hpre_cos__hpre_softmax_prob_gauss,hpre_cos,hpre_softmax_prob_gauss,real,22,451,967,49.289863794741876,4.072238421235078,0.37583826756223565,14.710136205258152,4.072238421235543,0.3758382675622785,0.3625614479859118,0.0666347187941581,0.006149904470352083,0.14271825515984599,0.03413189941439106,0.003150128410365169,0.11660155216883897,0.03578459278426644,0.0033026601014632465,0.687456128319029,0.03956179160909749,0.0036512683399101634,0.10047210146277812,0.015760374040470704,0.0014545689772522783,0.5580487926218121,0.06171413405725134,0.005695769949821893,0.6865604621508965,0.03956160214288589,0.003651250853543855,0.8181759496149148,0.026784086651945524,0.0024719782302065996,0.22997812457699698,0.06022259239833913,0.005558111400617289,0.21206006660731788,0.017548022161309414,0.0016195560195736204,-0.019753155049340988,0.07228030589160542,0.006670951485431515,0.20281565377729432,0.06327722953956802,0.005840032401412358,0.5256447793809076,0.05988805662063395,0.00552723615852079,0.6052493164581123,0.03920504029853416,0.0036183427641841696,0.06076919574753864,0.015626515595150915,0.0014422148071415054,0.5299879225765672,0.058894635525633544,0.005435550548621875,0.6115934528965038,0.03741377065124181,0.0034530214810626894,0.6726625719588443,0.03518544227425478,0.0032473628260096367,0.2073547042819031,0.05132263050313007,0.004736709038068294,0.10273362203383068,0.017925477530045624,0.001654392430705181,0.08432061188934692,0.05700115608695664,0.005260796038132971,0.200513251750072,0.05289257944235772,0.004881604014355446,0.3398779642873322,0.06163195494809055,0.005688185410111315,0.9270790948952511,0.03364191562872537,0.003104906437069625,3.9540507250137518,1.386408529166399,0.12795551876782585,0.10829639518705267,0.03165705274711211,0.0029217178931759055,0.2830924064797328,0.062216420840025904,0.005742127401112808,0.38829065549415787,0.024003967282929542,0.0022153932420048822,0.06733222006264651,0.0069108841771014055,0.0006378248196129182,0.30036227671179166,0.022091946470303422,0.0020389274962830514,0.46835355099387765,0.03203380424057657,0.0029564893416910002,0.3125438667056573,0.039561792045664464,0.0036512683802021498,0.10047210161578611,0.01576037435200258,0.001454569006004426,0.181824043547087,0.026784085429363187,0.002471978117371058,0.4419512011541093,0.061714132604355515,0.005695769815730076,1167943,0.6734597726325542,0.12252394873294058,0.505,0.6849999999999999,0.8150000000000001,47743,0.5979479395084546,0.08956452205583046,0.485,0.6150000000000001,0.6849999999999999
hpre_cos__hpre_softmax_prob_gauss,hpre_cos,hpre_softmax_prob_gauss,real,23,451,967,49.23263646922185,3.676642365459188,0.33932760171272214,14.767363530778162,3.676642365459428,0.3393276017127443,0.4204025817760262,0.07517715855272011,0.006938310115481027,0.16840274361212082,0.036760028967563474,0.003392685833585456,0.13987286143734926,0.0367305585645577,0.003389965927709539,0.6734627015109096,0.0362254543280902,0.0033433484457413014,0.10767008983221824,0.012590934705200372,0.0011620525610473735,0.5332598648739582,0.05322358648695522,0.004912153579809104,0.673852773271277,0.034868546963494215,0.0032181156719201845,0.8126386870298598,0.029617403827258283,0.0027334729926623076,0.2078744191148324,0.05608777720761671,0.005176497748069949,0.2204566558586005,0.017392778822063217,0.001605228177822358,-0.049888189444260586,0.06369361657040655,0.005878461924470164,0.17786054719111538,0.05880481894558943,0.005427261125373442,0.5169086370082605,0.06578875096399169,0.006071827734460304,0.6076054812890526,0.03498252529992034,0.003228635051207665,0.06570062577007012,0.013799868921606185,0.0012736284793731145,0.5227732638291454,0.05164720611645391,0.004766665028751075,0.6160071710116155,0.034277478127902,0.003163564276790518,0.6794915773579441,0.03481699907170593,0.0032133581728884066,0.21666931784454632,0.049625762234253024,0.004580100322053415,0.10989251248573893,0.019326629791278416,0.0017837086897205176,0.08052217265352446,0.05595913625754594,0.005164625115180863,0.21460388121864302,0.0515914623234252,0.004761520278264461,0.35485673594801737,0.06435279233451346,0.0059392990984207545,0.9213052348414799,0.03182348670461259,0.00293707854836847,4.096216299128298,1.3692813607452852,0.12637480451640298,0.11133584597617743,0.031087232051944164,0.00286912754832373,0.3054122098555674,0.05836215425433607,0.005386406363578534,0.39681200157855306,0.022609905878107128,0.0020867314179496676,0.0711767729808193,0.005802181734548092,0.0005354995718871535,0.3047890555799139,0.024653117633043082,0.0022753051424726587,0.4819595031126375,0.027516800069187358,0.0025396023997345356,0.32653729020274813,0.03622545421598436,0.00334334843539474,0.10767008994522385,0.012590934675733067,0.0011620525583277534,0.1873613042464862,0.029617404436718998,0.0027334730489111405,0.46674012692953765,0.05322358487257165,0.0049121534308131315,1168951,0.6626333676729462,0.12048649506193908,0.505,0.665,0.8150000000000001,47835,0.6009187751595374,0.08444662030072811,0.485,0.6150000000000001,0.695
hpre_cos__hpre_softmax_prob_gauss,hpre_cos,hpre_softmax_prob_gauss,real,24,451,967,52.24390243902438,3.6467346639332487,0.33656733633394104,11.75609756097561,3.646734663933171,0.3365673363339339,0.43381576940658007,0.07015756320075922,0.0064750376285100265,0.17795314181266822,0.03380567016636877,0.0031200198011134433,0.1508263294464393,0.033394625057166054,0.0030820832989363863,0.6561192791828345,0.030882476267404937,0.0028502300645876894,0.10872139182650144,0.010470170727617746,0.0009663213251043398,0.5178934033018848,0.039613183992356894,0.0036560114866250977,0.6546238359672353,0.03138098093336322,0.0028962384537449797,0.795872578120838,0.03182409709248621,0.002937134882771624,0.1699157764138946,0.045596669844639434,0.0042082441223613345,0.21552178222670715,0.01818084241413302,0.0016779607697128289,-0.06893939771579895,0.0450150660453294,0.004154566281889016,0.1325059225428393,0.047224680270950156,0.004358497755598334,0.46994214959953157,0.06784749593643802,0.0062618350630493855,0.603039694734554,0.0317048784612829,0.002926131862030269,0.06053332665392548,0.011053554770228789,0.0010201634692074565,0.5267070522417602,0.038406304645844644,0.003544625217986083,0.6071130502667339,0.03253316672797228,0.003002576901586732,0.6744764918747201,0.03419545723069178,0.0031559943389031283,0.19785584105103393,0.04433619282235307,0.004091911174396457,0.11053604071322844,0.019930542251014205,0.0018394454588258758,0.06374857157420376,0.04453542283392299,0.004110298669098236,0.1909426287449378,0.045578679696278386,0.004206583761278852,0.3423238151465345,0.06333080063623897,0.00584497662767849,0.9180335770403114,0.03446446800385844,0.0031808220951600598,4.4947832875072535,1.6110015774799238,0.1486838390313225,0.12021215372350025,0.03281074360660349,0.003028195247662954,0.28387952885460593,0.05287045601759374,0.004879562181639444,0.4078914127884413,0.01923230854680327,0.0017750035183992615,0.071091787750457,0.006599188188161586,0.0006090575254686549,0.3182827868973325,0.02538057950819474,0.0023424446325007627,0.49042047280127904,0.020156520688147012,0.0018603016404962643,0.34388071099272016,0.030882473845333446,0.002850229841047941,0.10872139190851213,0.010470170700518477,0.0009663213226032726,0.2041274120527891,0.03182409695103047,0.002937134869716279,0.48210658955874236,0.039613181944088534,0.003656011297584685,1314011,0.6479600497519201,0.11560549223472544,0.505,0.6450000000000001,0.795,50713,0.5976750949264393,0.07574349444701303,0.495,0.6050000000000001,0.6849999999999999
hpre_cos__hpre_softmax_prob_gauss,hpre_cos,hpre_softmax_prob_gauss,real,25,451,967,51.229632562559416,3.9683190510923634,0.3662472583922099,12.770367437440601,3.968319051092614,0.366247258392233,0.4342123343162344,0.07467917637200458,0.006892349947947362,0.16871093073880467,0.034715293544088324,0.00320397148543367,0.13582101111051406,0.033155653134887275,0.0030600279121994695,0.691472932539008,0.03316476631673087,0.0030608689932270965,0.10019295359158789,0.010168017924422618,0.000938434798249783,0.5637582587624361,0.043470681045713465,0.004012030673050889,0.6910764445074509,0.03348333720407444,0.0030902707909633543,0.8184973988883812,0.03124455158338452,0.002883647007656446,0.1851894775313682,0.04960690802543452,0.004578360214415893,0.21819828096047567,0.019168681894075102,0.0017691312367549843,-0.05691057049504675,0.04798827856835542,0.004428972377053143,0.14825393230935258,0.052427895457788795,0.004838717030427002,0.4877899354074173,0.07391652171961868,0.006821962418129288,0.6571865016767793,0.03156254476903524,0.0029129954876885448,0.056079694967181584,0.011152296820192495,0.001029276649025314,0.588437800565185,0.04030829774593842,0.0037201654780865136,0.6598577240292581,0.033253637490426875,0.0030690711622808424,0.723792663314453,0.030804906616147376,0.0028430709446324275,0.23383350839730999,0.045607707724254036,0.004209262839126609,0.11754806157169666,0.021324377113171856,0.0019680863746252743,0.09150740611701479,0.048099433375405155,0.004439231164921491,0.2304165320087205,0.04889508644583996,0.00451266421098614,0.38356573317570075,0.062252396316368815,0.005745447678391502,0.928043700844166,0.03185273112368492,0.0029397775975554463,4.040758927323325,1.3109288918118147,0.1209892920381618,0.11145639528069347,0.03166040274179603,0.0029220270735499675,0.26496611232609235,0.05330688565042215,0.004919841492462632,0.38581923256673334,0.021724317264494176,0.0020049979691963925,0.06926271788635892,0.005964372426833778,0.0005504686042712848,0.299895921842612,0.026586569642629256,0.002453748833271391,0.4662860300293971,0.023425869618170017,0.0021620389924913927,0.30852705892149856,0.033164764446549214,0.0030608688206228037,0.10019295348833708,0.010168017786558322,0.0009384347855259017,0.18150259343490888,0.031244550284733816,0.002883646887800342,0.4362417345075758,0.043470680478009734,0.004012030620655925,1262452,0.682074226871828,0.10862957254455226,0.545,0.6849999999999999,0.8150000000000001,49687,0.6513120964984332,0.07189045608803026,0.555,0.6550000000000001,0.735
hpre_cos__hpre_softmax_prob_gauss,hpre_cos,hpre_softmax_prob_gauss,real,26,451,967,52.97718825889558,3.4397971701541508,0.3174684965533325,11.022811741104423,3.439797170154192,0.3174684965533363,0.44593343682553316,0.07245404894769317,0.006686986717764788,0.17126331913470114,0.03469593299472956,0.0032021846462122468,0.13709314181396123,0.03428188424128807,0.00316397092931191,0.6969045735089294,0.036959238318954694,0.0034110714215015887,0.10666317268946444,0.015138797980872424,0.0013972019851382152,0.5565037155726267,0.05227205674079468,0.004824334239599046,0.7020465889070258,0.03802263914585089,0.003509215656480763,0.8251551318368141,0.03220174227534709,0.002971988812379363,0.15171499316094914,0.047116768878892434,0.004348538311566346,0.22147928609973638,0.021596813469707318,0.001993230287547299,-0.08855149168639166,0.03999195975545648,0.003690969760643527,0.10985254181030535,0.050316568947107294,0.004643856804686072,0.45362704041104307,0.07458844545581104,0.0068839761380597355,0.6731308714917854,0.031023166433641232,0.0028632147533194595,0.061398057697143946,0.012544863807885036,0.001157800549146071,0.5968504347848786,0.0406545665560744,0.003752123594544948,0.6781454137892158,0.03297906567810368,0.0030437301621746467,0.7445527065512674,0.02758569913979125,0.00254596128756325,0.2150084038019767,0.04540366499622029,0.004190431165368761,0.14484882031118698,0.02247536722284672,0.002074314469361994,0.02824384827089075,0.060702989132098394,0.005602448558092435,0.2242579948147533,0.04951169328204953,0.004569572579582532,0.38951055968233195,0.0589187045820433,0.005437771949121347,0.9239066855618703,0.03035526848271365,0.002801572584364908,4.075186601622583,1.2845319168550702,0.1185530414284498,0.11291411969593994,0.03049369702457762,0.0028143485414611384,0.2903919821208407,0.06734756343017215,0.006215694894518677,0.3812990946786266,0.024147855611056684,0.002228673098037803,0.07301220662094177,0.008319884151962609,0.0007678653660567725,0.2941324294452027,0.027824656529912603,0.0025680153330867347,0.46983649322666504,0.027430730778661847,0.002531658824311069,0.30309541726607026,0.03695923668037244,0.003411071270272252,0.10666317281403415,0.015138798137893749,0.0013972019996301521,0.17484486070324395,0.03220174296732655,0.0029719888762440817,0.44349627320296464,0.052272054205215204,0.0048243340055833285,1358477,0.6866456404207545,0.11848998767272885,0.535,0.695,0.8250000000000001,51572,0.6666474512103622,0.07722850941770722,0.5750000000000001,0.6749999999999999,0.755
hpre_cos__hpre_softmax_prob_gauss,hpre_cos,hpre_softmax_prob_gauss,real,27,451,967,55.567041495090265,3.493523460417573,0.32242704606994604,8.432958504909726,3.4935234604174306,0.32242704606993294,0.47966972918416567,0.07025352716054739,0.006483894410619622,0.18425863420742383,0.03755660851604379,0.003466204386898832,0.14871716344739488,0.04165329809369286,0.003844299320038065,0.6952248938462696,0.05343269673884394,0.004931452949509448,0.11105257251672901,0.0194516341176684,0.0017952456884441697,0.5472550278056537,0.07334426489372614,0.006769147235962502,0.7016737373697003,0.05732067431184244,0.005290285268299219,0.8290792745029569,0.03861688939932386,0.0035640606735600827,0.1311393750680886,0.050668712531067354,0.004676357120443264,0.2241569334207051,0.023551339717607016,0.002173618978711591,-0.11241261860582735,0.039796245451920995,0.0036729067404641692,0.08934673490049028,0.05595731647714069,0.005164457162560189,0.4345827684231224,0.07883762649485039,0.0072761449344502195,0.6769084267869706,0.04016775054644414,0.003707193984155018,0.06977754750644698,0.02072323432135406,0.0019126052259144872,0.5891953608595215,0.06400752759470757,0.005907433650419893,0.6834689695385323,0.03984503329789508,0.003677409507152233,0.7580391640466041,0.02757669438287807,0.002545130213375545,0.18579599290313234,0.05602707854947539,0.005170895699231103,0.16830294427661832,0.02773334811641497,0.002559588224358558,-0.034388285692098286,0.08488971449958445,0.007834709054608873,0.1967904885823379,0.06263780642842005,0.005781018255020551,0.3885988279464392,0.05873369688437047,0.0054206970715266435,0.9131755985886806,0.03412672574211111,0.003149650917687802,4.332140612945851,1.294999168895109,0.1195190933797185,0.1224229489414295,0.03240008393830881,0.0029902943189047734,0.32202353803003364,0.0870402539629002,0.00803318835336557,0.380841745400162,0.03365424780323373,0.003106044607928759,0.07510228140108352,0.009594036281859971,0.0008854604279309046,0.28998946608357407,0.03300806028556001,0.0030464061555492516,0.47361648422686026,0.037233025171885155,0.003436339975511129,0.30477510347188314,0.05343269967013365,0.004931453220046369,0.1110525722046558,0.019451634059215406,0.0017952456830493794,0.1709207170896319,0.038616888283548326,0.0035640605705820395,0.45274496213216836,0.07334426324700533,0.006769147083982033,1489251,0.6828858896307974,0.13385073714975443,0.505,0.695,0.8350000000000001,53993,0.669553191994825,0.09343754232186693,0.555,0.6849999999999999,0.765
hpre_cos__hpre_softmax_prob_gauss,hpre_cos,hpre_softmax_prob_gauss,real,28,451,967,62.22143385070217,1.6633203846192322,0.15351248799588793,1.7785661492978573,1.663320384620559,0.15351248799601042,0.9023024489504272,0.05541895617076514,0.0051147703849350485,0.4203563778083676,0.03682295448930948,0.0033984934058914253,0.40972698287155923,0.05269724871323669,0.004863576395331055,0.5470302381383721,0.040345861747440925,0.003723632364792799,0.16696427941342779,0.029743541697861458,0.0027451146093501405,0.3368235573982055,0.08313818736197706,0.00767305571880371,0.5349775775606246,0.04389189844960453,0.004050906004740694,0.7852397891268308,0.03282298388642528,0.0030293249373045793,0.04423587715129783,0.022310300527316033,0.0020590800025987095,0.2306498848889883,0.03023580666134184,0.00279054711892308,-0.20827275028324632,0.043992532634379175,0.004060193814969587,0.010050085031488359,0.021727809377826125,0.0020053202660977646,0.34580420657430677,0.06779227328426225,0.006256738410108903,0.5955552379800029,0.03319035272978815,0.0030632304348132368,0.14737173403929804,0.02830505274670726,0.0026123524428497717,0.4120003593177557,0.07725161009876451,0.007129767047654135,0.6084041451389254,0.0382616422838084,0.0035312739241999316,0.76266294068925,0.02857590823339104,0.0026373504528739698,0.06206309767041173,0.028470130309474987,0.0026275879125807412,0.22454067774719974,0.032969427156888775,0.0030428405961078907,-0.21709934163236036,0.046247000892793405,0.004268264992751823,0.05300511938504583,0.05068733829667791,0.004678076144418526,0.3561538262345842,0.05373335480927667,0.004959201523298939,0.8175676947790571,0.027583634561054397,0.002545770741820236,5.937480430102825,1.5304015677460554,0.14124503882112044,0.20638937418736625,0.03887498441150203,0.0035878809837211157,0.5991442077831827,0.10712729517588485,0.009887077538873936,0.46539875278596476,0.02033878027218361,0.001877122887001314,0.09597962220560197,0.014929032313118063,0.0013778421252754608,0.32645230604025527,0.025402620182025888,0.0023444788279018487,0.5747167227418255,0.035790868410374606,0.003303239296539857,0.45296978327203685,0.04034586424900615,0.0037236325956692463,0.16696427966921454,0.029743541782705347,0.0027451146171806207,0.2147602020656562,0.03282298341134029,0.003029324893457657,0.6631764333771875,0.08313818599666266,0.007673055592795028,1844740,0.5446687135301757,0.17160185548092302,0.32500000000000007,0.535,0.785,60185,0.5922755293764129,0.1531024413873152,0.405,0.6050000000000001,0.775
