model,scope,metric,layer,n_mixed_images,n_valid,mean_hall_minus_real,median_hall_minus_real,fraction_hall_gt_real
qwen3_vl_8b,all,amp_mean,1,237,237,-0.25031963472334606,-0.17054203230119414,0.43037974683544306
qwen3_vl_8b,all,amp_mean,2,237,237,-0.026784081071155392,-0.053984742103108385,0.3924050632911392
qwen3_vl_8b,all,amp_mean,3,237,237,-0.004405373476183075,-0.013472452360430487,0.4177215189873418
qwen3_vl_8b,all,amp_mean,4,237,237,-0.00013221723697307277,-0.0036315145683395444,0.4978902953586498
qwen3_vl_8b,all,amp_mean,5,237,237,-0.023293811143455155,-0.04109180194492168,0.3628691983122363
qwen3_vl_8b,all,amp_mean,6,237,237,0.001947833984464499,0.005657073502865706,0.5358649789029536
qwen3_vl_8b,all,amp_mean,7,237,237,0.0007098411143029931,-0.00025203365649251186,0.48945147679324896
qwen3_vl_8b,all,amp_mean,8,237,237,-0.009240774927298322,-0.012160690704860366,0.41350210970464135
qwen3_vl_8b,all,amp_mean,9,237,237,0.007424200950451946,0.004785661133307584,0.540084388185654
qwen3_vl_8b,all,amp_mean,10,237,237,-0.014050241031058874,-0.02108018370998943,0.3881856540084388
qwen3_vl_8b,all,amp_mean,11,237,237,-0.014492432299270948,-0.014431419490271047,0.4388185654008439
qwen3_vl_8b,all,amp_mean,12,237,237,-0.0083510502083629,-0.010517119814732134,0.4050632911392405
qwen3_vl_8b,all,amp_mean,13,237,237,-0.021876533322024737,-0.021229949333829934,0.3080168776371308
qwen3_vl_8b,all,amp_mean,14,237,237,-0.014087616034766649,-0.014690108338893282,0.33755274261603374
qwen3_vl_8b,all,amp_mean,15,237,237,-0.010802720171122004,-0.012538038123615203,0.39662447257383965
qwen3_vl_8b,all,amp_mean,16,237,237,-0.012867597711461533,-0.012984269823436811,0.34177215189873417
qwen3_vl_8b,all,amp_mean,17,237,237,-0.0014419481490883402,-0.004557331159629974,0.4345991561181435
qwen3_vl_8b,all,amp_mean,18,237,237,-0.01610577599045925,-0.01703734325668027,0.37130801687763715
qwen3_vl_8b,all,amp_mean,19,237,237,-0.009179047546439419,-0.013685409405568394,0.3628691983122363
qwen3_vl_8b,all,amp_mean,20,237,237,-0.011836396242601306,-0.009136348583591802,0.4177215189873418
qwen3_vl_8b,all,amp_mean,21,237,237,-0.009299695885677453,-0.007431489544583281,0.4388185654008439
qwen3_vl_8b,all,amp_mean,22,237,237,-0.0006018548593519702,-0.004587373856296595,0.459915611814346
qwen3_vl_8b,all,amp_mean,23,237,237,0.003088350138417796,0.0035220548090669768,0.5569620253164557
qwen3_vl_8b,all,amp_mean,24,237,237,-0.0026643142623273748,-0.005366892546182278,0.4472573839662447
qwen3_vl_8b,all,amp_mean,25,237,237,-0.002946709019102453,-0.001363464685417981,0.4767932489451477
qwen3_vl_8b,all,amp_mean,26,237,237,-0.001177010552059652,-0.00044339664958464864,0.4936708860759494
qwen3_vl_8b,all,amp_mean,27,237,237,0.009263292911669972,0.008777898042533483,0.6286919831223629
qwen3_vl_8b,all,amp_mean,28,237,237,0.01150020880426508,0.0063708010275655425,0.5611814345991561
qwen3_vl_8b,all,amp_mean,29,237,237,-0.007900091467357642,-0.006397018351808448,0.4008438818565401
qwen3_vl_8b,all,amp_mean,30,237,237,-0.001391591442852374,-0.0018240293444759526,0.4810126582278481
qwen3_vl_8b,all,amp_mean,31,237,237,0.000594580800696146,0.00347515551363875,0.5232067510548524
qwen3_vl_8b,all,amp_mean,32,237,237,-0.004067734488062365,-0.005374996624140149,0.4472573839662447
qwen3_vl_8b,all,amp_mean,33,237,237,-0.00796846593725607,-0.00987544185760758,0.4177215189873418
qwen3_vl_8b,all,amp_mean,34,237,237,0.003829805399049674,0.0037389448459383967,0.5189873417721519
qwen3_vl_8b,all,amp_mean,35,237,237,0.00946570617915449,0.006465365425704639,0.5443037974683544
qwen3_vl_8b,all,amp_mean,36,237,237,0.10238171665619801,0.07367011598457407,0.6413502109704642
qwen3_vl_8b,all,amp_median,1,237,237,-0.2524789164203062,-0.1775373830849185,0.4345991561181435
qwen3_vl_8b,all,amp_median,2,237,237,-0.024062993871905275,-0.04833249734057038,0.38396624472573837
qwen3_vl_8b,all,amp_median,3,237,237,-0.0040188465613325485,-0.009577042924896084,0.4388185654008439
qwen3_vl_8b,all,amp_median,4,237,237,-0.0013882644686224069,-4.1211826962650466e-05,0.4978902953586498
qwen3_vl_8b,all,amp_median,5,237,237,-0.0219044708230952,-0.036106479705656946,0.3755274261603376
qwen3_vl_8b,all,amp_median,6,237,237,0.005119440473589777,0.006900594909526103,0.540084388185654
qwen3_vl_8b,all,amp_median,7,237,237,0.0011902672427554573,-0.001822555168078721,0.4978902953586498
qwen3_vl_8b,all,amp_median,8,237,237,-0.00800922008497705,-0.010434925316944121,0.43037974683544306
qwen3_vl_8b,all,amp_median,9,237,237,0.007774535146453924,0.005298716277493898,0.5358649789029536
qwen3_vl_8b,all,amp_median,10,237,237,-0.01388532818446355,-0.015486106553289969,0.4430379746835443
qwen3_vl_8b,all,amp_median,11,237,237,-0.011764269103679533,-0.012270430732821969,0.4345991561181435
qwen3_vl_8b,all,amp_median,12,237,237,-0.007590376358490147,-0.00989275526372857,0.4092827004219409
qwen3_vl_8b,all,amp_median,13,237,237,-0.022514050464060017,-0.020771135025991372,0.29957805907172996
qwen3_vl_8b,all,amp_median,14,237,237,-0.012656603919121462,-0.014359114947519847,0.3459915611814346
qwen3_vl_8b,all,amp_median,15,237,237,-0.011900277226601981,-0.013896801679010196,0.38396624472573837
qwen3_vl_8b,all,amp_median,16,237,237,-0.012170780864185712,-0.014408709567904632,0.33755274261603374
qwen3_vl_8b,all,amp_median,17,237,237,-0.002475029989102139,-0.004946128416107087,0.4345991561181435
qwen3_vl_8b,all,amp_median,18,237,237,-0.016118500905741483,-0.020087954150718734,0.3755274261603376
qwen3_vl_8b,all,amp_median,19,237,237,-0.00859009689338609,-0.011647735683843141,0.3670886075949367
qwen3_vl_8b,all,amp_median,20,237,237,-0.010038413681785523,-0.008644598875379494,0.4177215189873418
qwen3_vl_8b,all,amp_median,21,237,237,-0.00777906207562374,-0.007267449017198002,0.4430379746835443
qwen3_vl_8b,all,amp_median,22,237,237,-0.0003031245563552583,-0.0034617575254717314,0.4641350210970464
qwen3_vl_8b,all,amp_median,23,237,237,0.0010504909650571332,0.0013884193629640773,0.540084388185654
qwen3_vl_8b,all,amp_median,24,237,237,-0.0008599920065933747,-0.0033769892367518928,0.47257383966244726
qwen3_vl_8b,all,amp_median,25,237,237,-0.0029954813230674217,-0.001335153469311956,0.4767932489451477
qwen3_vl_8b,all,amp_median,26,237,237,-0.0009698251627651255,0.0002929061821629886,0.5063291139240507
qwen3_vl_8b,all,amp_median,27,237,237,0.008503236818761188,0.008227479099715274,0.6244725738396625
qwen3_vl_8b,all,amp_median,28,237,237,0.012383408980356737,0.007369547701050583,0.569620253164557
qwen3_vl_8b,all,amp_median,29,237,237,-0.006321468319151976,-0.004650269752817127,0.4008438818565401
qwen3_vl_8b,all,amp_median,30,237,237,0.001286990880440854,0.002009299567245826,0.5147679324894515
qwen3_vl_8b,all,amp_median,31,237,237,0.00537926935358071,0.004363090653377089,0.5611814345991561
qwen3_vl_8b,all,amp_median,32,237,237,-0.0022574695063957086,-0.0031252593090038694,0.4767932489451477
qwen3_vl_8b,all,amp_median,33,237,237,-0.007153673078526679,-0.008945719910054883,0.4219409282700422
qwen3_vl_8b,all,amp_median,34,237,237,0.003980005898115633,0.0011455775787158617,0.5189873417721519
qwen3_vl_8b,all,amp_median,35,237,237,0.00948466606820329,0.006487237706509941,0.540084388185654
qwen3_vl_8b,all,amp_median,36,237,237,0.09951706447867607,0.07987098514606172,0.6118143459915611
qwen3_vl_8b,all,amp_fraction_gt1,1,237,237,-0.042396235368902704,0.0,0.3670886075949367
qwen3_vl_8b,all,amp_fraction_gt1,2,237,237,-0.007963017751107125,0.0,0.24472573839662448
qwen3_vl_8b,all,amp_fraction_gt1,3,237,237,0.0027325334717736233,0.0,0.18565400843881857
qwen3_vl_8b,all,amp_fraction_gt1,4,237,237,-0.0036551264213376274,0.0,0.15611814345991562
qwen3_vl_8b,all,amp_fraction_gt1,5,237,237,-0.0048627044172328635,-0.0015384615384615385,0.2489451476793249
qwen3_vl_8b,all,amp_fraction_gt1,6,237,237,-0.000718826589895574,0.0,0.22362869198312235
qwen3_vl_8b,all,amp_fraction_gt1,7,237,237,-0.00021929266943920915,0.0,0.0970464135021097
qwen3_vl_8b,all,amp_fraction_gt1,8,237,237,-0.002041477786268905,0.0,0.07172995780590717
qwen3_vl_8b,all,amp_fraction_gt1,9,237,237,0.0022301241323461154,0.0,0.37130801687763715
qwen3_vl_8b,all,amp_fraction_gt1,10,237,237,-0.017656956261950647,-0.01346153846153847,0.4641350210970464
qwen3_vl_8b,all,amp_fraction_gt1,11,237,237,-0.023116323138993547,-0.01911111111111111,0.350210970464135
qwen3_vl_8b,all,amp_fraction_gt1,12,237,237,-0.005237278072939531,-0.0033333333333333335,0.38396624472573837
qwen3_vl_8b,all,amp_fraction_gt1,13,237,237,-0.0038351673590303666,-0.0008333333333333334,0.18143459915611815
qwen3_vl_8b,all,amp_fraction_gt1,14,237,237,-0.0007733270158111932,0.0,0.03375527426160337
qwen3_vl_8b,all,amp_fraction_gt1,15,237,237,-0.0005052925079296387,0.0,0.029535864978902954
qwen3_vl_8b,all,amp_fraction_gt1,16,237,237,-1.299692162033934e-05,0.0,0.04219409282700422
qwen3_vl_8b,all,amp_fraction_gt1,17,237,237,-9.168321118724069e-05,0.0,0.06329113924050633
qwen3_vl_8b,all,amp_fraction_gt1,18,237,237,-0.00021151789922510235,0.0,0.06751054852320675
qwen3_vl_8b,all,amp_fraction_gt1,19,237,237,-8.447994000284572e-06,0.0,0.0970464135021097
qwen3_vl_8b,all,amp_fraction_gt1,20,237,237,-3.347360890139388e-05,0.0,0.05063291139240506
qwen3_vl_8b,all,amp_fraction_gt1,21,237,237,-7.177714456195469e-06,0.0,0.016877637130801686
qwen3_vl_8b,all,amp_fraction_gt1,22,237,237,0.0,0.0,0.0
qwen3_vl_8b,all,amp_fraction_gt1,23,237,237,-3.9100780218543806e-05,0.0,0.02531645569620253
qwen3_vl_8b,all,amp_fraction_gt1,24,237,237,-0.0001564344879218297,0.0,0.03375527426160337
qwen3_vl_8b,all,amp_fraction_gt1,25,237,237,-7.69591402502795e-05,0.0,0.008438818565400843
qwen3_vl_8b,all,amp_fraction_gt1,26,237,237,0.0,0.0,0.0
qwen3_vl_8b,all,amp_fraction_gt1,27,237,237,-8.74535684662267e-06,0.0,0.0
qwen3_vl_8b,all,amp_fraction_gt1,28,237,237,-3.6928847055429334e-05,0.0,0.012658227848101266
qwen3_vl_8b,all,amp_fraction_gt1,29,237,237,-2.4978201006682023e-05,0.0,0.0
qwen3_vl_8b,all,amp_fraction_gt1,30,237,237,6.0727125702292215e-06,0.0,0.14767932489451477
qwen3_vl_8b,all,amp_fraction_gt1,31,237,237,-0.001008639742816958,0.0,0.016877637130801686
qwen3_vl_8b,all,amp_fraction_gt1,32,237,237,-4.036727454448973e-05,0.0,0.008438818565400843
qwen3_vl_8b,all,amp_fraction_gt1,33,237,237,-0.00010724331926863574,0.0,0.0
qwen3_vl_8b,all,amp_fraction_gt1,34,237,237,-7.543792353918937e-05,0.0,0.004219409282700422
qwen3_vl_8b,all,amp_fraction_gt1,35,237,237,0.0011297676833001342,0.0,0.25316455696202533
qwen3_vl_8b,all,amp_fraction_gt1,36,237,237,0.04676938123241408,0.04642857142857143,0.6455696202531646
qwen3_vl_8b,all,gross_gain,1,237,237,-0.2658170907399418,-0.1643975695726827,0.42616033755274263
qwen3_vl_8b,all,gross_gain,2,237,237,-0.024310929962453223,-0.040095460467788946,0.38396624472573837
qwen3_vl_8b,all,gross_gain,3,237,237,-0.02073082153389361,-0.03887194612716627,0.37130801687763715
qwen3_vl_8b,all,gross_gain,4,237,237,-0.0009549174304849152,-0.004186780807017398,0.46835443037974683
qwen3_vl_8b,all,gross_gain,5,237,237,-0.04348467854576143,-0.04649521137285906,0.29957805907172996
qwen3_vl_8b,all,gross_gain,6,237,237,-0.01006322368488899,-0.005066597052679533,0.45147679324894513
qwen3_vl_8b,all,gross_gain,7,237,237,-0.018480814310331342,-0.018611053033732783,0.3881856540084388
qwen3_vl_8b,all,gross_gain,8,237,237,-0.01404415360871252,-0.018036085956537384,0.3924050632911392
qwen3_vl_8b,all,gross_gain,9,237,237,0.0017743288457205883,0.00550452935427892,0.5147679324894515
qwen3_vl_8b,all,gross_gain,10,237,237,-0.03501302288877162,-0.04769346525930973,0.3628691983122363
qwen3_vl_8b,all,gross_gain,11,237,237,-0.025771525088023224,-0.019473263332825952,0.39662447257383965
qwen3_vl_8b,all,gross_gain,12,237,237,0.003009118927825761,0.005414097629919068,0.5274261603375527
qwen3_vl_8b,all,gross_gain,13,237,237,-0.026839060334931417,-0.032088653038608084,0.34177215189873417
qwen3_vl_8b,all,gross_gain,14,237,237,-0.02452845119341163,-0.025297265737206365,0.3206751054852321
qwen3_vl_8b,all,gross_gain,15,237,237,-0.009844412026505324,-0.010436802380358379,0.4219409282700422
qwen3_vl_8b,all,gross_gain,16,237,237,-0.018130717081143055,-0.022984886545822092,0.31645569620253167
qwen3_vl_8b,all,gross_gain,17,237,237,0.004805370279822712,0.003095411583128871,0.5316455696202531
qwen3_vl_8b,all,gross_gain,18,237,237,-0.010512214933112095,-0.015425054978885577,0.39662447257383965
qwen3_vl_8b,all,gross_gain,19,237,237,-0.00558772297928437,-0.010857218605938246,0.4008438818565401
qwen3_vl_8b,all,gross_gain,20,237,237,-0.009049802359845973,-0.008090885994965769,0.4092827004219409
qwen3_vl_8b,all,gross_gain,21,237,237,-0.015513639893716952,-0.0190383561969637,0.3333333333333333
qwen3_vl_8b,all,gross_gain,22,237,237,-0.009331000375878024,-0.012933267285119454,0.4219409282700422
qwen3_vl_8b,all,gross_gain,23,237,237,0.004604653109710745,0.003207664189580628,0.5358649789029536
qwen3_vl_8b,all,gross_gain,24,237,237,-0.015077600803415442,-0.019331182829379512,0.3333333333333333
qwen3_vl_8b,all,gross_gain,25,237,237,-0.014494175144735938,-0.01477080193697472,0.3924050632911392
qwen3_vl_8b,all,gross_gain,26,237,237,-0.0072892262274684315,-0.006697856609672925,0.4050632911392405
qwen3_vl_8b,all,gross_gain,27,237,237,0.0195010663304656,0.017781663913527812,0.6962025316455697
qwen3_vl_8b,all,gross_gain,28,237,237,0.00727448735392129,0.005123954635426808,0.5569620253164557
qwen3_vl_8b,all,gross_gain,29,237,237,-0.014654221616807551,-0.012350331917706903,0.33755274261603374
qwen3_vl_8b,all,gross_gain,30,237,237,-0.016176714813994502,-0.012726550740960074,0.45147679324894513
qwen3_vl_8b,all,gross_gain,31,237,237,-0.01955414681942368,-0.00963049387156134,0.4177215189873418
qwen3_vl_8b,all,gross_gain,32,237,237,-0.017051937348337737,-0.01778694477863435,0.350210970464135
qwen3_vl_8b,all,gross_gain,33,237,237,-0.010729869841537766,-0.013221436239019557,0.41350210970464135
qwen3_vl_8b,all,gross_gain,34,237,237,0.0014641740487492166,0.006183251511884591,0.5316455696202531
qwen3_vl_8b,all,gross_gain,35,237,237,0.01524128517300712,0.008589284180549273,0.6286919831223629
qwen3_vl_8b,all,gross_gain,36,237,237,0.12320515226267857,0.07077484327831685,0.620253164556962
qwen3_vl_8b,all,cancellation,1,237,237,0.0021914008857097556,0.001038264663503874,0.510548523206751
qwen3_vl_8b,all,cancellation,2,237,237,-0.004729231599066332,-0.008684569467801495,0.46835443037974683
qwen3_vl_8b,all,cancellation,3,237,237,-0.03224187783770378,-0.03285654925092307,0.3628691983122363
qwen3_vl_8b,all,cancellation,4,237,237,-0.0017253218972520792,0.006451609290828553,0.5358649789029536
qwen3_vl_8b,all,cancellation,5,237,237,-0.038858817998880114,-0.03908572165559765,0.34177215189873417
qwen3_vl_8b,all,cancellation,6,237,237,-0.005052051200811318,-0.004535094307587473,0.4641350210970464
qwen3_vl_8b,all,cancellation,7,237,237,-0.044332152631496986,-0.05581800964265482,0.3037974683544304
qwen3_vl_8b,all,cancellation,8,237,237,-0.02127641819295007,-0.02301342966965736,0.3628691983122363
qwen3_vl_8b,all,cancellation,9,237,237,0.004669384447571416,0.005202758482941161,0.540084388185654
qwen3_vl_8b,all,cancellation,10,237,237,-0.018088356366917028,-0.0176398268549538,0.4219409282700422
qwen3_vl_8b,all,cancellation,11,237,237,-0.005669460620945768,-0.008245937330193409,0.4388185654008439
qwen3_vl_8b,all,cancellation,12,237,237,0.011330528950854473,0.004165579448856094,0.5232067510548524
qwen3_vl_8b,all,cancellation,13,237,237,0.008336881744954661,0.008485654855348801,0.5485232067510548
qwen3_vl_8b,all,cancellation,14,237,237,0.008182159519793095,-0.0008389717274986386,0.48945147679324896
qwen3_vl_8b,all,cancellation,15,237,237,0.006701361239204948,0.005407015207320454,0.5358649789029536
qwen3_vl_8b,all,cancellation,16,237,237,0.01706000886957758,0.01213657886497338,0.5864978902953587
qwen3_vl_8b,all,cancellation,17,237,237,0.02922570420427375,0.022206221164451423,0.6413502109704642
qwen3_vl_8b,all,cancellation,18,237,237,0.028007596081670385,0.027572703151820366,0.679324894514768
qwen3_vl_8b,all,cancellation,19,237,237,0.033836592101316815,0.028350352715690696,0.6919831223628692
qwen3_vl_8b,all,cancellation,20,237,237,0.03272207119041936,0.03614185239867107,0.6540084388185654
qwen3_vl_8b,all,cancellation,21,237,237,0.03559707220328885,0.03240457503312616,0.6708860759493671
qwen3_vl_8b,all,cancellation,22,237,237,0.03863933761571332,0.03522571411252612,0.6751054852320675
qwen3_vl_8b,all,cancellation,23,237,237,0.02316038158166771,0.01259902301649335,0.5907172995780591
qwen3_vl_8b,all,cancellation,24,237,237,0.033548811230174336,0.028926858779929066,0.6329113924050633
qwen3_vl_8b,all,cancellation,25,237,237,0.013236600955230916,0.01037386436153298,0.5738396624472574
qwen3_vl_8b,all,cancellation,26,237,237,-0.0014054171515123638,-0.007878021757701248,0.45147679324894513
qwen3_vl_8b,all,cancellation,27,237,237,0.030093193999644434,0.023711634097965062,0.6118143459915611
qwen3_vl_8b,all,cancellation,28,237,237,-0.0028248506573801337,-0.006931289388889317,0.47257383966244726
qwen3_vl_8b,all,cancellation,29,237,237,0.0007939478249695291,-0.00663994781353372,0.48523206751054854
qwen3_vl_8b,all,cancellation,30,237,237,-0.028599766727584946,-0.025360823426723855,0.39662447257383965
qwen3_vl_8b,all,cancellation,31,237,237,-0.030476058273148435,-0.020833020667064384,0.38396624472573837
qwen3_vl_8b,all,cancellation,32,237,237,-0.005946179331256661,-0.02064610690206964,0.4177215189873418
qwen3_vl_8b,all,cancellation,33,237,237,0.006100797782678658,-0.0024301356177620637,0.4978902953586498
qwen3_vl_8b,all,cancellation,34,237,237,0.012058914913949724,0.005234046304012363,0.5358649789029536
qwen3_vl_8b,all,cancellation,35,237,237,0.017170152889154293,0.007132491706998645,0.5358649789029536
qwen3_vl_8b,all,cancellation,36,237,237,0.03390784925493641,0.034808337681130674,0.6244725738396625
qwen3_vl_8b,all,closure,1,237,237,4.2135256502600985e-06,2.508587764774954e-06,0.6329113924050633
qwen3_vl_8b,all,closure,2,237,237,2.5684620631574382e-05,1.9617231373558752e-05,0.6835443037974683
qwen3_vl_8b,all,closure,3,237,237,5.562958809732049e-06,4.902045020571677e-06,0.6497890295358649
qwen3_vl_8b,all,closure,4,237,237,1.1967627864285153e-05,8.521397649019488e-06,0.6413502109704642
qwen3_vl_8b,all,closure,5,237,237,2.922053178868924e-05,2.0923044030496388e-05,0.6919831223628692
qwen3_vl_8b,all,closure,6,237,237,1.1121424913739184e-05,9.166606560029322e-06,0.6877637130801688
qwen3_vl_8b,all,closure,7,237,237,2.5831180976215968e-05,1.1890237419720507e-05,0.679324894514768
qwen3_vl_8b,all,closure,8,237,237,1.611584926170821e-05,8.241396062658169e-06,0.6835443037974683
qwen3_vl_8b,all,closure,9,237,237,1.7292007479022745e-06,9.624368810060941e-07,0.6286919831223629
qwen3_vl_8b,all,closure,10,237,237,-9.828565254912186e-07,3.452520710804192e-07,0.5654008438818565
qwen3_vl_8b,all,closure,11,237,237,1.7586103138685417e-06,8.407794211962027e-07,0.6118143459915611
qwen3_vl_8b,all,closure,12,237,237,1.1602316287540983e-06,6.43321186544199e-07,0.6118143459915611
qwen3_vl_8b,all,closure,13,237,237,1.6484204020749271e-06,1.4118012359176646e-06,0.7172995780590717
qwen3_vl_8b,all,closure,14,237,237,7.240177831252448e-07,2.4861469682946336e-07,0.5611814345991561
qwen3_vl_8b,all,closure,15,237,237,9.743932902054704e-07,6.850174637899426e-07,0.6835443037974683
qwen3_vl_8b,all,closure,16,237,237,5.540826123837753e-07,7.239464139274787e-08,0.540084388185654
qwen3_vl_8b,all,closure,17,237,237,9.53722652269225e-07,6.478544491983484e-07,0.6329113924050633
qwen3_vl_8b,all,closure,18,237,237,4.62873754811695e-07,1.0758753887785133e-07,0.5443037974683544
qwen3_vl_8b,all,closure,19,237,237,2.849577921403869e-07,2.4627638595120516e-08,0.510548523206751
qwen3_vl_8b,all,closure,20,237,237,1.7336511975312437e-06,4.1210512335965177e-07,0.5991561181434599
qwen3_vl_8b,all,closure,21,237,237,2.054790147700411e-06,2.1480946088558994e-07,0.5611814345991561
qwen3_vl_8b,all,closure,22,237,237,1.4160083314044382e-06,3.4701370168477305e-07,0.5569620253164557
qwen3_vl_8b,all,closure,23,237,237,1.2574165715122753e-06,2.192852358954651e-07,0.5232067510548524
qwen3_vl_8b,all,closure,24,237,237,-4.235054051655261e-07,6.967115950828884e-08,0.5358649789029536
qwen3_vl_8b,all,closure,25,237,237,7.035128260105882e-07,6.346697318804218e-07,0.6497890295358649
qwen3_vl_8b,all,closure,26,237,237,3.6145001425286423e-06,1.8710271433519662e-06,0.6160337552742616
qwen3_vl_8b,all,closure,27,237,237,7.893903418868283e-07,2.4450431131602547e-07,0.5274261603375527
qwen3_vl_8b,all,closure,28,237,237,4.077877304897851e-06,3.148811856590328e-06,0.70042194092827
qwen3_vl_8b,all,closure,29,237,237,5.630435881017286e-06,2.054650470502869e-06,0.6497890295358649
qwen3_vl_8b,all,closure,30,237,237,1.8851870016481832e-06,1.1524859928613296e-06,0.6329113924050633
qwen3_vl_8b,all,closure,31,237,237,5.553103073315171e-06,3.67322021096091e-06,0.6033755274261603
qwen3_vl_8b,all,closure,32,237,237,8.222599612267136e-06,3.757384547498077e-06,0.6286919831223629
qwen3_vl_8b,all,closure,33,237,237,1.1484720796178954e-05,1.4358105318024172e-06,0.5527426160337553
qwen3_vl_8b,all,closure,34,237,237,7.4789177919443455e-06,3.3709466151776724e-07,0.5232067510548524
qwen3_vl_8b,all,closure,35,237,237,4.4292079237335686e-06,1.6499616322107613e-06,0.5527426160337553
qwen3_vl_8b,all,closure,36,237,237,2.5989443304686395e-06,7.910798255276557e-07,0.5189873417721519
qwen3_vl_8b,all,rotation_mean,1,237,237,-0.007924013749045257,0.008687344612553716,0.5316455696202531
qwen3_vl_8b,all,rotation_mean,2,237,237,-0.0036846024589556946,-0.006151562929153448,0.4472573839662447
qwen3_vl_8b,all,rotation_mean,3,237,237,-0.005004773902374405,-0.006980065256357193,0.4472573839662447
qwen3_vl_8b,all,rotation_mean,4,237,237,-0.003699132887364995,-0.010353777557611465,0.4430379746835443
qwen3_vl_8b,all,rotation_mean,5,237,237,-0.01767407798431412,-0.015638652775022716,0.3755274261603376
qwen3_vl_8b,all,rotation_mean,6,237,237,-0.009015240805841972,-0.00976202885309857,0.42616033755274263
qwen3_vl_8b,all,rotation_mean,7,237,237,-0.0043542349462183895,-0.003795146942138672,0.4472573839662447
qwen3_vl_8b,all,rotation_mean,8,237,237,-0.0033799947450598258,-0.00363718718290329,0.45147679324894513
qwen3_vl_8b,all,rotation_mean,9,237,237,-0.0008957532087846061,-0.0011102557182312012,0.4810126582278481
qwen3_vl_8b,all,rotation_mean,10,237,237,0.00019652777053348372,-0.0009895861148834229,0.4978902953586498
qwen3_vl_8b,all,rotation_mean,11,237,237,-0.015441235154667575,-0.013568520545959473,0.350210970464135
qwen3_vl_8b,all,rotation_mean,12,237,237,-0.007031242930855596,-0.004453587035338047,0.4641350210970464
qwen3_vl_8b,all,rotation_mean,13,237,237,0.0034568599748296884,0.003253728151321411,0.5063291139240507
qwen3_vl_8b,all,rotation_mean,14,237,237,-0.0034582406949588943,-0.0035754144191741943,0.4767932489451477
qwen3_vl_8b,all,rotation_mean,15,237,237,-0.004937935149140308,-0.004280179738998413,0.4641350210970464
qwen3_vl_8b,all,rotation_mean,16,237,237,0.0026612114066692314,0.005660951137542725,0.5443037974683544
qwen3_vl_8b,all,rotation_mean,17,237,237,-0.011041405414919804,-0.013108909130096436,0.350210970464135
qwen3_vl_8b,all,rotation_mean,18,237,237,-0.006052102339949565,-0.00627908855676651,0.42616033755274263
qwen3_vl_8b,all,rotation_mean,19,237,237,-0.002280000440003396,-0.0055551230907440186,0.4472573839662447
qwen3_vl_8b,all,rotation_mean,20,237,237,-0.007384215594316054,-0.009530466794967662,0.33755274261603374
qwen3_vl_8b,all,rotation_mean,21,237,237,-0.013481899357069189,-0.014019419749577822,0.35443037974683544
qwen3_vl_8b,all,rotation_mean,22,237,237,0.00140399168876169,0.0033527761697769165,0.5443037974683544
qwen3_vl_8b,all,rotation_mean,23,237,237,-0.001073148427390779,-0.0003470778465270996,0.4936708860759494
qwen3_vl_8b,all,rotation_mean,24,237,237,-0.009110294751072952,-0.012504154195388167,0.3924050632911392
qwen3_vl_8b,all,rotation_mean,25,237,237,0.0024056985276459243,0.0022245707611242838,0.5527426160337553
qwen3_vl_8b,all,rotation_mean,26,237,237,0.006138805151419068,0.0072923662761847224,0.6075949367088608
qwen3_vl_8b,all,rotation_mean,27,237,237,0.013342792654492215,0.0126970758040746,0.7552742616033755
qwen3_vl_8b,all,rotation_mean,28,237,237,0.012580608646021767,0.011014999200900396,0.6118143459915611
qwen3_vl_8b,all,rotation_mean,29,237,237,0.00982148638975296,0.009616487732273526,0.6751054852320675
qwen3_vl_8b,all,rotation_mean,30,237,237,0.004471088887411979,0.005631281994283199,0.6582278481012658
qwen3_vl_8b,all,rotation_mean,31,237,237,-0.0011954782798264097,-0.0008526712061009472,0.4641350210970464
qwen3_vl_8b,all,rotation_mean,32,237,237,-0.0003497706417501021,-0.0002550431527197361,0.4810126582278481
qwen3_vl_8b,all,rotation_mean,33,237,237,-0.0005705442941562211,-0.00028673478712638173,0.4810126582278481
qwen3_vl_8b,all,rotation_mean,34,237,237,-0.0028363732989397693,-0.002833819016814232,0.39662447257383965
qwen3_vl_8b,all,rotation_mean,35,237,237,-0.007822920937175258,-0.004296870281298951,0.45147679324894513
qwen3_vl_8b,all,rotation_mean,36,237,237,0.010610214982666566,0.013662924990057945,0.5611814345991561
qwen3_vl_8b,all,rotation_median,1,237,237,-0.008153876375043787,0.009472908219322562,0.5358649789029536
qwen3_vl_8b,all,rotation_median,2,237,237,-0.003181434257958225,-0.004921874403953558,0.4430379746835443
qwen3_vl_8b,all,rotation_median,3,237,237,-0.0043329069071594865,-0.007408991456031799,0.45147679324894513
qwen3_vl_8b,all,rotation_median,4,237,237,-0.003997912879402767,-0.009814639389514934,0.42616033755274263
qwen3_vl_8b,all,rotation_median,5,237,237,-0.017904441080816298,-0.020016714930534363,0.3924050632911392
qwen3_vl_8b,all,rotation_median,6,237,237,-0.007319650437559863,-0.009568721055984497,0.4219409282700422
qwen3_vl_8b,all,rotation_median,7,237,237,-0.004292465099049034,-0.004135731193754433,0.45569620253164556
qwen3_vl_8b,all,rotation_median,8,237,237,-0.0034042202427012236,-0.003863801558812441,0.4472573839662447
qwen3_vl_8b,all,rotation_median,9,237,237,-0.000340869509800943,-0.00011075536410015685,0.4978902953586498
qwen3_vl_8b,all,rotation_median,10,237,237,0.0012008571511382884,0.006927263736724865,0.5358649789029536
qwen3_vl_8b,all,rotation_median,11,237,237,-0.014309657918774959,-0.01259325742721562,0.3670886075949367
qwen3_vl_8b,all,rotation_median,12,237,237,-0.0059117600176061495,-0.0019433200359344482,0.4810126582278481
qwen3_vl_8b,all,rotation_median,13,237,237,0.009668126099016714,0.010197252035140991,0.5569620253164557
qwen3_vl_8b,all,rotation_median,14,237,237,-0.0025318630692384944,-0.0027174651622772217,0.4810126582278481
qwen3_vl_8b,all,rotation_median,15,237,237,-0.004392432132973497,-0.00462852418422699,0.45147679324894513
qwen3_vl_8b,all,rotation_median,16,237,237,0.0054802572055897645,0.009655783573786436,0.5485232067510548
qwen3_vl_8b,all,rotation_median,17,237,237,-0.01070779351173622,-0.013621628284454346,0.37130801687763715
qwen3_vl_8b,all,rotation_median,18,237,237,-0.007293645626002743,-0.008808821439743042,0.4092827004219409
qwen3_vl_8b,all,rotation_median,19,237,237,-0.0010567751304976837,-0.0048229893048604144,0.45569620253164556
qwen3_vl_8b,all,rotation_median,20,237,237,-0.006989892949209523,-0.00887550413608551,0.35864978902953587
qwen3_vl_8b,all,rotation_median,21,237,237,-0.014921192787515287,-0.015006303787231445,0.31223628691983124
qwen3_vl_8b,all,rotation_median,22,237,237,0.0009139531003910705,0.0038195550441741943,0.5316455696202531
qwen3_vl_8b,all,rotation_median,23,237,237,-0.004068096690481191,-0.003261419634024293,0.4388185654008439
qwen3_vl_8b,all,rotation_median,24,237,237,-0.009932114391112813,-0.015957290927569062,0.38396624472573837
qwen3_vl_8b,all,rotation_median,25,237,237,0.0027680938106096845,0.0019150873025258475,0.540084388185654
qwen3_vl_8b,all,rotation_median,26,237,237,0.003371005271965697,0.0025246888399124146,0.5485232067510548
qwen3_vl_8b,all,rotation_median,27,237,237,0.013246558606050753,0.013475164771080017,0.7721518987341772
qwen3_vl_8b,all,rotation_median,28,237,237,0.012675903425717477,0.009524251023928322,0.5822784810126582
qwen3_vl_8b,all,rotation_median,29,237,237,0.00846056970214681,0.007242478372063488,0.6540084388185654
qwen3_vl_8b,all,rotation_median,30,237,237,0.004977069169485679,0.005829811096191406,0.6708860759493671
qwen3_vl_8b,all,rotation_median,31,237,237,-0.0007330366803406186,-0.0007260311394929886,0.47257383966244726
qwen3_vl_8b,all,rotation_median,32,237,237,-0.0010450455659939972,-0.0010878902394324541,0.4430379746835443
qwen3_vl_8b,all,rotation_median,33,237,237,-0.0012145273819494896,-0.0011130943894386292,0.459915611814346
qwen3_vl_8b,all,rotation_median,34,237,237,-0.0024883066344505572,-0.002066671848297119,0.43037974683544306
qwen3_vl_8b,all,rotation_median,35,237,237,-0.005340587955034129,-0.0033271114031473772,0.46835443037974683
qwen3_vl_8b,all,rotation_median,36,237,237,0.017853466366846787,0.017183400690555573,0.6033755274261603
qwen3_vl_8b,all,input_cancellation,1,237,237,0.0013290653800774324,0.004071414470672607,0.5274261603375527
qwen3_vl_8b,all,input_cancellation,2,237,237,-0.008154044273571321,-0.005419025818506895,0.4388185654008439
qwen3_vl_8b,all,input_cancellation,3,237,237,-0.02230934950388785,-0.02185853322347009,0.31223628691983124
qwen3_vl_8b,all,input_cancellation,4,237,237,0.000698696091340988,-0.0031874477863311768,0.46835443037974683
qwen3_vl_8b,all,input_cancellation,5,237,237,-0.025200962988039356,-0.02213689684867859,0.3291139240506329
qwen3_vl_8b,all,input_cancellation,6,237,237,-0.0030400293876154585,-0.001482844352722168,0.48945147679324896
qwen3_vl_8b,all,input_cancellation,7,237,237,-0.03941968714632605,-0.050882260004679325,0.31223628691983124
qwen3_vl_8b,all,input_cancellation,8,237,237,-0.016222840613230146,-0.014132827520370483,0.4008438818565401
qwen3_vl_8b,all,input_cancellation,9,237,237,0.013117010188245634,0.017235493659973122,0.5654008438818565
qwen3_vl_8b,all,input_cancellation,10,237,237,-0.01163206155613433,-0.009400596221288082,0.459915611814346
qwen3_vl_8b,all,input_cancellation,11,237,237,-0.0013096038278811802,-0.005745232105255127,0.459915611814346
qwen3_vl_8b,all,input_cancellation,12,237,237,0.006901354980921045,0.0018847733736038208,0.5063291139240507
qwen3_vl_8b,all,input_cancellation,13,237,237,0.010082818492254019,0.005308389663696289,0.5358649789029536
qwen3_vl_8b,all,input_cancellation,14,237,237,0.017087830548931225,0.014444932341575623,0.569620253164557
qwen3_vl_8b,all,input_cancellation,15,237,237,0.007619076313049363,0.005626842379570007,0.5316455696202531
qwen3_vl_8b,all,input_cancellation,16,237,237,0.024124281114517074,0.015238091349601746,0.6075949367088608
qwen3_vl_8b,all,input_cancellation,17,237,237,0.02320318218373253,0.014633752902348807,0.6455696202531646
qwen3_vl_8b,all,input_cancellation,18,237,237,0.027006213274470572,0.02945952614148456,0.6708860759493671
qwen3_vl_8b,all,input_cancellation,19,237,237,0.03307998021806958,0.025765538215637207,0.759493670886076
qwen3_vl_8b,all,input_cancellation,20,237,237,0.03370135498696774,0.032236576080322266,0.6582278481012658
qwen3_vl_8b,all,input_cancellation,21,237,237,0.040259932508208994,0.037565089762210846,0.679324894514768
qwen3_vl_8b,all,input_cancellation,22,237,237,0.04847520562967279,0.04615205526351929,0.7046413502109705
qwen3_vl_8b,all,input_cancellation,23,237,237,0.02232304782081525,0.014447212219238281,0.6075949367088608
qwen3_vl_8b,all,input_cancellation,24,237,237,0.045131520933040174,0.03618592023849487,0.679324894514768
qwen3_vl_8b,all,input_cancellation,25,237,237,0.02243944705595495,0.01025777061780292,0.5991561181434599
qwen3_vl_8b,all,input_cancellation,26,237,237,0.005550739166026984,-0.006769120693206787,0.47257383966244726
qwen3_vl_8b,all,input_cancellation,27,237,237,0.02680545641901137,0.023370410714830647,0.5949367088607594
qwen3_vl_8b,all,input_cancellation,28,237,237,-0.002525512481812024,-0.005110740661621094,0.45569620253164556
qwen3_vl_8b,all,input_cancellation,29,237,237,0.010280646965647166,-0.003919228911399841,0.4767932489451477
qwen3_vl_8b,all,input_cancellation,30,237,237,0.0016130915229366522,-0.004102230072021484,0.47257383966244726
qwen3_vl_8b,all,input_cancellation,31,237,237,0.00227536266475894,-0.0017375871539115906,0.4936708860759494
qwen3_vl_8b,all,input_cancellation,32,237,237,0.007309338679922283,-0.005092635750770569,0.46835443037974683
qwen3_vl_8b,all,input_cancellation,33,237,237,0.01234000463935138,0.007627815008163452,0.5189873417721519
qwen3_vl_8b,all,input_cancellation,34,237,237,0.018146722186333078,0.014615610241889954,0.5864978902953587
qwen3_vl_8b,all,input_cancellation,35,237,237,0.00755249531551029,-0.00039635101954144103,0.4978902953586498
qwen3_vl_8b,all,input_cancellation,36,237,237,-0.008201380239343158,-0.016999143362045277,0.41350210970464135
qwen3_vl_8b,all,cancellation_change,1,237,237,0.0008623355056323237,-0.002250138093042295,0.4810126582278481
qwen3_vl_8b,all,cancellation_change,2,237,237,0.0034248126745050015,0.0023136698941487177,0.510548523206751
qwen3_vl_8b,all,cancellation_change,3,237,237,-0.009932528333815943,-0.011693255688136027,0.41350210970464135
qwen3_vl_8b,all,cancellation_change,4,237,237,-0.0024240179885930664,-0.001119831271843296,0.48945147679324896
qwen3_vl_8b,all,cancellation_change,5,237,237,-0.013657855010840762,-0.011448578760191369,0.42616033755274263
qwen3_vl_8b,all,cancellation_change,6,237,237,-0.0020120218131958623,-0.0028534216295756643,0.45147679324894513
qwen3_vl_8b,all,cancellation_change,7,237,237,-0.004912465485170925,-0.003141260275871638,0.4388185654008439
qwen3_vl_8b,all,cancellation_change,8,237,237,-0.005053577579719925,-0.005024799105149899,0.41350210970464135
qwen3_vl_8b,all,cancellation_change,9,237,237,-0.008447625740674218,-0.006933116272578699,0.37130801687763715
qwen3_vl_8b,all,cancellation_change,10,237,237,-0.006456294810782699,-0.008524161601601993,0.42616033755274263
qwen3_vl_8b,all,cancellation_change,11,237,237,-0.004359856793064592,-0.00622930462729095,0.4008438818565401
qwen3_vl_8b,all,cancellation_change,12,237,237,0.004429173969933426,0.003745745632651471,0.5569620253164557
qwen3_vl_8b,all,cancellation_change,13,237,237,-0.0017459367472993613,-0.003755081446822711,0.42616033755274263
qwen3_vl_8b,all,cancellation_change,14,237,237,-0.008905671029138135,-0.00894503719401979,0.3037974683544304
qwen3_vl_8b,all,cancellation_change,15,237,237,-0.0009177150738444139,0.0007086339730833398,0.5063291139240507
qwen3_vl_8b,all,cancellation_change,16,237,237,-0.007064272244939488,-0.008141530110842524,0.37130801687763715
qwen3_vl_8b,all,cancellation_change,17,237,237,0.0060225220205412195,0.005158494422930593,0.6075949367088608
qwen3_vl_8b,all,cancellation_change,18,237,237,0.0010013828071998088,0.000285916662666124,0.510548523206751
qwen3_vl_8b,all,cancellation_change,19,237,237,0.0007566118832472434,0.0016010415102215014,0.510548523206751
qwen3_vl_8b,all,cancellation_change,20,237,237,-0.0009792837965483846,-0.0015823794144936097,0.4810126582278481
qwen3_vl_8b,all,cancellation_change,21,237,237,-0.004662860304920132,-0.003916226533094411,0.4472573839662447
qwen3_vl_8b,all,cancellation_change,22,237,237,-0.009835868013959472,-0.0069180580252578595,0.3628691983122363
qwen3_vl_8b,all,cancellation_change,23,237,237,0.0008373337608524556,-0.001266529197462618,0.4810126582278481
qwen3_vl_8b,all,cancellation_change,24,237,237,-0.01158270970286584,-0.010971890981624932,0.3080168776371308
qwen3_vl_8b,all,cancellation_change,25,237,237,-0.009202846100724027,-0.005485293899978578,0.4388185654008439
qwen3_vl_8b,all,cancellation_change,26,237,237,-0.006956156317539348,-0.008411208330561044,0.3459915611814346
qwen3_vl_8b,all,cancellation_change,27,237,237,0.0032877375806330627,0.00404378515951187,0.5611814345991561
qwen3_vl_8b,all,cancellation_change,28,237,237,-0.0002993381755681132,-0.0019281077549732732,0.47257383966244726
qwen3_vl_8b,all,cancellation_change,29,237,237,-0.009486699140677637,-0.009158253910910408,0.3755274261603376
qwen3_vl_8b,all,cancellation_change,30,237,237,-0.030212858250521595,-0.028808730388776876,0.3755274261603376
qwen3_vl_8b,all,cancellation_change,31,237,237,-0.03275142093790737,-0.021929518677683855,0.2911392405063291
qwen3_vl_8b,all,cancellation_change,32,237,237,-0.013255518011178948,-0.011223848923115176,0.3459915611814346
qwen3_vl_8b,all,cancellation_change,33,237,237,-0.006239206856672728,-0.007380890966436349,0.3881856540084388
qwen3_vl_8b,all,cancellation_change,34,237,237,-0.006087807272383357,-0.00604328760107406,0.37130801687763715
qwen3_vl_8b,all,cancellation_change,35,237,237,0.009617657573644007,0.0034026316771341263,0.5443037974683544
qwen3_vl_8b,all,cancellation_change,36,237,237,0.04210922949427957,0.047982809064908205,0.6497890295358649
qwen3_vl_8b,train,amp_mean,1,197,197,-0.25652996756474317,-0.17054203230119414,0.4365482233502538
qwen3_vl_8b,train,amp_mean,2,197,197,-0.026595828069077423,-0.06189447992365271,0.37055837563451777
qwen3_vl_8b,train,amp_mean,3,197,197,-0.006973102296862163,-0.013472452360430487,0.41624365482233505
qwen3_vl_8b,train,amp_mean,4,197,197,-0.006509548398683335,-0.008303010521905851,0.4720812182741117
qwen3_vl_8b,train,amp_mean,5,197,197,-0.023445532160552295,-0.04109180194492168,0.3604060913705584
qwen3_vl_8b,train,amp_mean,6,197,197,-0.0007425927851661291,0.0007811687784849974,0.5126903553299492
qwen3_vl_8b,train,amp_mean,7,197,197,0.0019628268734278244,0.0014549562282722972,0.5025380710659898
qwen3_vl_8b,train,amp_mean,8,197,197,-0.008425351683908724,-0.011878436085644206,0.41624365482233505
qwen3_vl_8b,train,amp_mean,9,197,197,0.009362977883313115,0.007464290174345356,0.5532994923857868
qwen3_vl_8b,train,amp_mean,10,197,197,-0.012044351203575198,-0.02028020818515952,0.39086294416243655
qwen3_vl_8b,train,amp_mean,11,197,197,-0.014912570148735493,-0.014431419490271047,0.4467005076142132
qwen3_vl_8b,train,amp_mean,12,197,197,-0.009577292568933277,-0.010979876702684854,0.4010152284263959
qwen3_vl_8b,train,amp_mean,13,197,197,-0.023203356435767875,-0.022600877460992153,0.29949238578680204
qwen3_vl_8b,train,amp_mean,14,197,197,-0.013442643320728852,-0.013711319989689774,0.3401015228426396
qwen3_vl_8b,train,amp_mean,15,197,197,-0.01132589194706719,-0.013860041233653364,0.39086294416243655
qwen3_vl_8b,train,amp_mean,16,197,197,-0.012586166604243,-0.012984269823436811,0.3350253807106599
qwen3_vl_8b,train,amp_mean,17,197,197,-0.0013015187885552226,-0.004274038985298434,0.4416243654822335
qwen3_vl_8b,train,amp_mean,18,197,197,-0.014245634769349534,-0.016117355889122553,0.38578680203045684
qwen3_vl_8b,train,amp_mean,19,197,197,-0.007916106363063473,-0.013222628944926873,0.37055837563451777
qwen3_vl_8b,train,amp_mean,20,197,197,-0.009870155322184253,-0.008460540243848458,0.4517766497461929
qwen3_vl_8b,train,amp_mean,21,197,197,-0.006968217905813242,-0.004469864049341132,0.467005076142132
qwen3_vl_8b,train,amp_mean,22,197,197,0.000216772959932241,-0.0041195986506479265,0.45685279187817257
qwen3_vl_8b,train,amp_mean,23,197,197,0.004213968330310685,0.00424778789397684,0.5583756345177665
qwen3_vl_8b,train,amp_mean,24,197,197,-0.0021140989754726233,-0.006427025021783828,0.4467005076142132
qwen3_vl_8b,train,amp_mean,25,197,197,-0.002641956946686144,-0.0009223567667420718,0.49238578680203043
qwen3_vl_8b,train,amp_mean,26,197,197,-0.0006731805113091112,6.332044987955587e-05,0.5025380710659898
qwen3_vl_8b,train,amp_mean,27,197,197,0.00962045122832211,0.00788770922524823,0.6345177664974619
qwen3_vl_8b,train,amp_mean,28,197,197,0.010989310927411204,0.0063708010275655425,0.5685279187817259
qwen3_vl_8b,train,amp_mean,29,197,197,-0.00706574918831824,-0.006057646160776975,0.40609137055837563
qwen3_vl_8b,train,amp_mean,30,197,197,0.0007537096014891045,-0.00134953134243887,0.4873096446700508
qwen3_vl_8b,train,amp_mean,31,197,197,0.0017752470275828839,0.004313732798662151,0.5380710659898477
qwen3_vl_8b,train,amp_mean,32,197,197,-0.001992711401330699,-0.003026873311040179,0.467005076142132
qwen3_vl_8b,train,amp_mean,33,197,197,-0.005275888250243978,-0.007605039953929971,0.4365482233502538
qwen3_vl_8b,train,amp_mean,34,197,197,0.005820119769730728,0.008059264039525671,0.5380710659898477
qwen3_vl_8b,train,amp_mean,35,197,197,0.010471736577445323,0.008859484348660185,0.5685279187817259
qwen3_vl_8b,train,amp_mean,36,197,197,0.10193241773323429,0.06389482862674889,0.6345177664974619
qwen3_vl_8b,train,amp_median,1,197,197,-0.2576209921135323,-0.13988531698953777,0.4416243654822335
qwen3_vl_8b,train,amp_median,2,197,197,-0.02499264936520365,-0.05488408307315362,0.3604060913705584
qwen3_vl_8b,train,amp_median,3,197,197,-0.005487610841993936,-0.008770208701875726,0.4517766497461929
qwen3_vl_8b,train,amp_median,4,197,197,-0.007058675892942458,-0.005252780904242027,0.47715736040609136
qwen3_vl_8b,train,amp_median,5,197,197,-0.022200466186134565,-0.03313316764031615,0.38071065989847713
qwen3_vl_8b,train,amp_median,6,197,197,0.002477461895392862,0.0042014549394965295,0.5228426395939086
qwen3_vl_8b,train,amp_median,7,197,197,0.002722131300781877,0.0018450839266184182,0.5076142131979695
qwen3_vl_8b,train,amp_median,8,197,197,-0.007103884586842389,-0.008523921822711111,0.4416243654822335
qwen3_vl_8b,train,amp_median,9,197,197,0.00969123981669975,0.010421130759920794,0.5482233502538071
qwen3_vl_8b,train,amp_median,10,197,197,-0.012313112695203592,-0.00961966948487658,0.4517766497461929
qwen3_vl_8b,train,amp_median,11,197,197,-0.0115393371884211,-0.012216100728374979,0.4416243654822335
qwen3_vl_8b,train,amp_median,12,197,197,-0.009040688567011578,-0.010450452616049044,0.39086294416243655
qwen3_vl_8b,train,amp_median,13,197,197,-0.023888211684492643,-0.021890870031747167,0.2893401015228426
qwen3_vl_8b,train,amp_median,14,197,197,-0.01171788136615064,-0.013333036149863253,0.350253807106599
qwen3_vl_8b,train,amp_median,15,197,197,-0.012433453820141323,-0.015145412796261248,0.3756345177664975
qwen3_vl_8b,train,amp_median,16,197,197,-0.011830324122520873,-0.012743959988905651,0.34517766497461927
qwen3_vl_8b,train,amp_median,17,197,197,-0.0022827876714160717,-0.0043210204737829105,0.4416243654822335
qwen3_vl_8b,train,amp_median,18,197,197,-0.014123544096223798,-0.017302729438302245,0.39593908629441626
qwen3_vl_8b,train,amp_median,19,197,197,-0.007305953339510089,-0.011574643481815805,0.37055837563451777
qwen3_vl_8b,train,amp_median,20,197,197,-0.008005109978999458,-0.006848461518447535,0.4416243654822335
qwen3_vl_8b,train,amp_median,21,197,197,-0.005351081889549736,-0.0022286018674740893,0.467005076142132
qwen3_vl_8b,train,amp_median,22,197,197,0.0005727776639754984,-0.0025647122661086597,0.4619289340101523
qwen3_vl_8b,train,amp_median,23,197,197,0.0018714824112873924,0.0013884193629640773,0.5431472081218274
qwen3_vl_8b,train,amp_median,24,197,197,-0.00035491178868962806,-0.0024955516265875444,0.48223350253807107
qwen3_vl_8b,train,amp_median,25,197,197,-0.00274755124244441,-0.001406048355716949,0.47715736040609136
qwen3_vl_8b,train,amp_median,26,197,197,-0.0003679414995531757,0.0003854559522773471,0.5126903553299492
qwen3_vl_8b,train,amp_median,27,197,197,0.00876649911281988,0.007417117827577091,0.6294416243654822
qwen3_vl_8b,train,amp_median,28,197,197,0.011965901834066043,0.007754021704936553,0.5736040609137056
qwen3_vl_8b,train,amp_median,29,197,197,-0.005615075644221366,-0.003970074148218983,0.40609137055837563
qwen3_vl_8b,train,amp_median,30,197,197,0.0025739996885924517,0.0029802041325822093,0.5329949238578681
qwen3_vl_8b,train,amp_median,31,197,197,0.00720949232529076,0.006701561998750494,0.583756345177665
qwen3_vl_8b,train,amp_median,32,197,197,-0.0003822070324925968,0.00044961290339978754,0.5025380710659898
qwen3_vl_8b,train,amp_median,33,197,197,-0.004579958755996814,-0.007456434914055843,0.4416243654822335
qwen3_vl_8b,train,amp_median,34,197,197,0.0060267268303611544,0.009036714851816896,0.5380710659898477
qwen3_vl_8b,train,amp_median,35,197,197,0.010354240134285937,0.009438030835209388,0.5786802030456852
qwen3_vl_8b,train,amp_median,36,197,197,0.093719743940422,0.06207656885830737,0.5786802030456852
qwen3_vl_8b,train,amp_fraction_gt1,1,197,197,-0.047698046281727045,0.0,0.37055837563451777
qwen3_vl_8b,train,amp_fraction_gt1,2,197,197,-0.004905409265001556,-0.00047619047619047624,0.24873096446700507
qwen3_vl_8b,train,amp_fraction_gt1,3,197,197,0.0019497989400269393,0.0,0.16243654822335024
qwen3_vl_8b,train,amp_fraction_gt1,4,197,197,-0.00452180140297935,0.0,0.1319796954314721
qwen3_vl_8b,train,amp_fraction_gt1,5,197,197,-0.005931161008346881,-0.0015384615384615385,0.25380710659898476
qwen3_vl_8b,train,amp_fraction_gt1,6,197,197,-0.001201198053702365,0.0,0.20812182741116753
qwen3_vl_8b,train,amp_fraction_gt1,7,197,197,-0.00037409819721230845,0.0,0.10152284263959391
qwen3_vl_8b,train,amp_fraction_gt1,8,197,197,-0.0025831302532315476,0.0,0.05583756345177665
qwen3_vl_8b,train,amp_fraction_gt1,9,197,197,0.0019329779554457726,0.0,0.36548223350253806
qwen3_vl_8b,train,amp_fraction_gt1,10,197,197,-0.013512389958534668,-0.006666666666666668,0.47715736040609136
qwen3_vl_8b,train,amp_fraction_gt1,11,197,197,-0.02717473014741231,-0.0217948717948718,0.3401015228426396
qwen3_vl_8b,train,amp_fraction_gt1,12,197,197,-0.006447385550257401,-0.0033333333333333335,0.36548223350253806
qwen3_vl_8b,train,amp_fraction_gt1,13,197,197,-0.004325994608250307,-0.0011111111111111111,0.17766497461928935
qwen3_vl_8b,train,amp_fraction_gt1,14,197,197,-0.0008463961482679757,0.0,0.030456852791878174
qwen3_vl_8b,train,amp_fraction_gt1,15,197,197,-0.0006264301829022642,0.0,0.025380710659898477
qwen3_vl_8b,train,amp_fraction_gt1,16,197,197,-1.6883233095162032e-05,0.0,0.03553299492385787
qwen3_vl_8b,train,amp_fraction_gt1,17,197,197,-0.00010851620517206806,0.0,0.06598984771573604
qwen3_vl_8b,train,amp_fraction_gt1,18,197,197,-6.92985882661372e-05,0.0,0.07614213197969544
qwen3_vl_8b,train,amp_fraction_gt1,19,197,197,4.147892132844996e-05,0.0,0.10152284263959391
qwen3_vl_8b,train,amp_fraction_gt1,20,197,197,3.4535573659482154e-05,0.0,0.05583756345177665
qwen3_vl_8b,train,amp_fraction_gt1,21,197,197,1.1960986956416972e-06,0.0,0.015228426395939087
qwen3_vl_8b,train,amp_fraction_gt1,22,197,197,0.0,0.0,0.0
qwen3_vl_8b,train,amp_fraction_gt1,23,197,197,-3.2978689387318825e-05,0.0,0.030456852791878174
qwen3_vl_8b,train,amp_fraction_gt1,24,197,197,-0.00017388051176122244,0.0,0.03553299492385787
qwen3_vl_8b,train,amp_fraction_gt1,25,197,197,-8.920126686624151e-05,0.0,0.01015228426395939
qwen3_vl_8b,train,amp_fraction_gt1,26,197,197,0.0,0.0,0.0
qwen3_vl_8b,train,amp_fraction_gt1,27,197,197,-1.0521063820556207e-05,0.0,0.0
qwen3_vl_8b,train,amp_fraction_gt1,28,197,197,-6.959087162132847e-05,0.0,0.005076142131979695
qwen3_vl_8b,train,amp_fraction_gt1,29,197,197,-3.004991694712507e-05,0.0,0.0
qwen3_vl_8b,train,amp_fraction_gt1,30,197,197,0.0015740253924069227,0.0,0.16243654822335024
qwen3_vl_8b,train,amp_fraction_gt1,31,197,197,-0.0012642011119168477,0.0,0.015228426395939087
qwen3_vl_8b,train,amp_fraction_gt1,32,197,197,-4.856367546722876e-05,0.0,0.01015228426395939
qwen3_vl_8b,train,amp_fraction_gt1,33,197,197,-2.9610829103214892e-05,0.0,0.0
qwen3_vl_8b,train,amp_fraction_gt1,34,197,197,-9.075526842024304e-05,0.0,0.005076142131979695
qwen3_vl_8b,train,amp_fraction_gt1,35,197,197,0.001303370996248767,0.0,0.2639593908629442
qwen3_vl_8b,train,amp_fraction_gt1,36,197,197,0.0411174992729695,0.032916666666666705,0.6142131979695431
qwen3_vl_8b,train,gross_gain,1,197,197,-0.27307669220209385,-0.121722917156176,0.43147208121827413
qwen3_vl_8b,train,gross_gain,2,197,197,-0.024781905978960676,-0.04639855938845511,0.36548223350253806
qwen3_vl_8b,train,gross_gain,3,197,197,-0.029159500319861382,-0.04148121874594901,0.34517766497461927
qwen3_vl_8b,train,gross_gain,4,197,197,-0.008616718782384238,-0.012338776696234732,0.4263959390862944
qwen3_vl_8b,train,gross_gain,5,197,197,-0.044380754978009876,-0.04649521137285906,0.28426395939086296
qwen3_vl_8b,train,gross_gain,6,197,197,-0.015196355096556802,-0.009479581856396302,0.41624365482233505
qwen3_vl_8b,train,gross_gain,7,197,197,-0.017240029256886565,-0.018231611442259155,0.39086294416243655
qwen3_vl_8b,train,gross_gain,8,197,197,-0.014075067209346597,-0.01673353001590372,0.39593908629441626
qwen3_vl_8b,train,gross_gain,9,197,197,0.0035554015180917823,0.006853069280414181,0.5279187817258884
qwen3_vl_8b,train,gross_gain,10,197,197,-0.03313488687574654,-0.04769346525930973,0.36548223350253806
qwen3_vl_8b,train,gross_gain,11,197,197,-0.027453595393092618,-0.017137231612186055,0.39086294416243655
qwen3_vl_8b,train,gross_gain,12,197,197,0.0016269369763574995,0.0050831325785579695,0.5126903553299492
qwen3_vl_8b,train,gross_gain,13,197,197,-0.02929240291143046,-0.033635376264332995,0.3197969543147208
qwen3_vl_8b,train,gross_gain,14,197,197,-0.025097333697006157,-0.025297265737206365,0.3197969543147208
qwen3_vl_8b,train,gross_gain,15,197,197,-0.011753962538732973,-0.011655013590048391,0.4010152284263959
qwen3_vl_8b,train,gross_gain,16,197,197,-0.017868583252507054,-0.024183027831099713,0.3096446700507614
qwen3_vl_8b,train,gross_gain,17,197,197,0.0051553009188502275,0.0036718058738141046,0.5279187817258884
qwen3_vl_8b,train,gross_gain,18,197,197,-0.00811318304649781,-0.013547987851837417,0.40609137055837563
qwen3_vl_8b,train,gross_gain,19,197,197,-0.003369194584546903,-0.008453847450868857,0.41624365482233505
qwen3_vl_8b,train,gross_gain,20,197,197,-0.007687885895163544,-0.008060714482980624,0.4010152284263959
qwen3_vl_8b,train,gross_gain,21,197,197,-0.013658930867477092,-0.017539201534844118,0.350253807106599
qwen3_vl_8b,train,gross_gain,22,197,197,-0.008020128943492534,-0.010495491788992783,0.43147208121827413
qwen3_vl_8b,train,gross_gain,23,197,197,0.006589096903460323,0.004020645032556613,0.5532994923857868
qwen3_vl_8b,train,gross_gain,24,197,197,-0.01475966451276419,-0.015725665560599955,0.3248730964467005
qwen3_vl_8b,train,gross_gain,25,197,197,-0.015649436252996085,-0.014811432484480136,0.39086294416243655
qwen3_vl_8b,train,gross_gain,26,197,197,-0.0075141641568946625,-0.007261188408677843,0.41624365482233505
qwen3_vl_8b,train,gross_gain,27,197,197,0.02167634017149218,0.020458860532158007,0.7208121827411168
qwen3_vl_8b,train,gross_gain,28,197,197,0.007547521589630192,0.005123954635426808,0.5634517766497462
qwen3_vl_8b,train,gross_gain,29,197,197,-0.01377064376562814,-0.011827335683386675,0.3299492385786802
qwen3_vl_8b,train,gross_gain,30,197,197,-0.008864939002837057,-0.010745881829664017,0.45685279187817257
qwen3_vl_8b,train,gross_gain,31,197,197,-0.021540919457019476,-0.009107178927847348,0.41624365482233505
qwen3_vl_8b,train,gross_gain,32,197,197,-0.01420745207708766,-0.015276396969868211,0.3604060913705584
qwen3_vl_8b,train,gross_gain,33,197,197,-0.00745842156088861,-0.013221436239019557,0.4213197969543147
qwen3_vl_8b,train,gross_gain,34,197,197,0.004226646733608294,0.008197421740835487,0.5583756345177665
qwen3_vl_8b,train,gross_gain,35,197,197,0.015790552438496544,0.01015149285267658,0.649746192893401
qwen3_vl_8b,train,gross_gain,36,197,197,0.12855415652980087,0.07588288949940225,0.6294416243654822
qwen3_vl_8b,train,cancellation,1,197,197,0.0033590441040305093,0.0013961011409158175,0.5228426395939086
qwen3_vl_8b,train,cancellation,2,197,197,-0.005096388352340253,-0.005758213726436756,0.47715736040609136
qwen3_vl_8b,train,cancellation,3,197,197,-0.03675963846761463,-0.04252056157346895,0.34517766497461927
qwen3_vl_8b,train,cancellation,4,197,197,-0.0015677920482215692,0.009097155706121463,0.5583756345177665
qwen3_vl_8b,train,cancellation,5,197,197,-0.03796926462617849,-0.040176365938592085,0.3299492385786802
qwen3_vl_8b,train,cancellation,6,197,197,-0.0048710329667511,-0.004104168150097731,0.467005076142132
qwen3_vl_8b,train,cancellation,7,197,197,-0.04216839756943738,-0.054759312195778787,0.29949238578680204
qwen3_vl_8b,train,cancellation,8,197,197,-0.020782225781847016,-0.02312270670751937,0.350253807106599
qwen3_vl_8b,train,cancellation,9,197,197,0.003617969981607192,0.007947353263885959,0.5532994923857868
qwen3_vl_8b,train,cancellation,10,197,197,-0.020617171819677843,-0.021272147375167694,0.40609137055837563
qwen3_vl_8b,train,cancellation,11,197,197,-0.006771485089715842,-0.008245937330193409,0.43147208121827413
qwen3_vl_8b,train,cancellation,12,197,197,0.01437066172823812,0.005352390786887651,0.5279187817258884
qwen3_vl_8b,train,cancellation,13,197,197,0.00404293382509169,0.004092570459592437,0.5329949238578681
qwen3_vl_8b,train,cancellation,14,197,197,0.007153533320645439,-0.0008389717274986386,0.4873096446700508
qwen3_vl_8b,train,cancellation,15,197,197,0.005178048533232109,0.003919992532341543,0.5279187817258884
qwen3_vl_8b,train,cancellation,16,197,197,0.019440534324133726,0.015550655196775676,0.6091370558375635
qwen3_vl_8b,train,cancellation,17,197,197,0.03332773790493757,0.025441007262172743,0.6751269035532995
qwen3_vl_8b,train,cancellation,18,197,197,0.027267521632943315,0.026610137337465145,0.6700507614213198
qwen3_vl_8b,train,cancellation,19,197,197,0.037755484672104864,0.03177411811243508,0.7157360406091371
qwen3_vl_8b,train,cancellation,20,197,197,0.03219610588569366,0.03660934470914312,0.6598984771573604
qwen3_vl_8b,train,cancellation,21,197,197,0.03625316789338209,0.03254619639504619,0.6649746192893401
qwen3_vl_8b,train,cancellation,22,197,197,0.041122476565666526,0.0388746747177342,0.6802030456852792
qwen3_vl_8b,train,cancellation,23,197,197,0.02250024400207565,0.012451686924371264,0.5634517766497462
qwen3_vl_8b,train,cancellation,24,197,197,0.03430224465969905,0.030777071919528054,0.6192893401015228
qwen3_vl_8b,train,cancellation,25,197,197,0.013172266433191786,0.007808973280368281,0.5583756345177665
qwen3_vl_8b,train,cancellation,26,197,197,-0.0009771304096264654,-0.012484885249271493,0.4517766497461929
qwen3_vl_8b,train,cancellation,27,197,197,0.03539858540060803,0.029415409864558484,0.6294416243654822
qwen3_vl_8b,train,cancellation,28,197,197,-0.00010986969367620717,-0.006354497969899953,0.47715736040609136
qwen3_vl_8b,train,cancellation,29,197,197,0.0005653688130673237,-0.01486874153033646,0.47715736040609136
qwen3_vl_8b,train,cancellation,30,197,197,-0.026994632772173333,-0.024548156854922176,0.40609137055837563
qwen3_vl_8b,train,cancellation,31,197,197,-0.032001163546719266,-0.022530305122778038,0.38071065989847713
qwen3_vl_8b,train,cancellation,32,197,197,-0.001216373412685915,-0.016529856065205406,0.4416243654822335
qwen3_vl_8b,train,cancellation,33,197,197,0.010484889143844621,0.0025507791501260813,0.5076142131979695
qwen3_vl_8b,train,cancellation,34,197,197,0.01487776142612186,0.007410675339474149,0.5482233502538071
qwen3_vl_8b,train,cancellation,35,197,197,0.018599034423361596,0.01217303870729125,0.5532994923857868
qwen3_vl_8b,train,cancellation,36,197,197,0.03414982967555014,0.03507016336718949,0.6243654822335025
qwen3_vl_8b,train,closure,1,197,197,4.134554492678452e-06,2.5554685407769284e-06,0.6345177664974619
qwen3_vl_8b,train,closure,2,197,197,2.6688851815244845e-05,2.0139568126372368e-05,0.7055837563451777
qwen3_vl_8b,train,closure,3,197,197,6.185233179323263e-06,5.35601452611445e-06,0.6700507614213198
qwen3_vl_8b,train,closure,4,197,197,1.1411427449328418e-05,8.521397649019488e-06,0.6395939086294417
qwen3_vl_8b,train,closure,5,197,197,2.834938187149304e-05,2.0128974938415922e-05,0.7055837563451777
qwen3_vl_8b,train,closure,6,197,197,1.0157927245817205e-05,9.109164693654748e-06,0.6852791878172588
qwen3_vl_8b,train,closure,7,197,197,2.33455432724072e-05,1.118816885536944e-05,0.6700507614213198
qwen3_vl_8b,train,closure,8,197,197,1.5650526239514744e-05,8.082404383458197e-06,0.6903553299492385
qwen3_vl_8b,train,closure,9,197,197,1.7125250983851886e-06,8.647145932627609e-07,0.6192893401015228
qwen3_vl_8b,train,closure,10,197,197,-7.052207430893671e-07,4.480526740735513e-07,0.5532994923857868
qwen3_vl_8b,train,closure,11,197,197,1.682225274046131e-06,8.404892469116023e-07,0.5989847715736041
qwen3_vl_8b,train,closure,12,197,197,9.606645150464463e-07,4.506490053505075e-07,0.5939086294416244
qwen3_vl_8b,train,closure,13,197,197,1.701565647422401e-06,1.4118012359176646e-06,0.7309644670050761
qwen3_vl_8b,train,closure,14,197,197,6.642401616645364e-07,9.782900178834097e-08,0.5380710659898477
qwen3_vl_8b,train,closure,15,197,197,1.0298754228913125e-06,6.548942224071652e-07,0.6954314720812182
qwen3_vl_8b,train,closure,16,197,197,5.283836004971179e-07,6.084792403271422e-08,0.5380710659898477
qwen3_vl_8b,train,closure,17,197,197,9.228474838641046e-07,5.764420620835153e-07,0.6243654822335025
qwen3_vl_8b,train,closure,18,197,197,4.540254432193944e-07,7.11388565832749e-08,0.5126903553299492
qwen3_vl_8b,train,closure,19,197,197,2.995902905130366e-07,-1.5860602312992807e-08,0.49238578680203043
qwen3_vl_8b,train,closure,20,197,197,1.8813342161633038e-06,3.463178472884465e-07,0.5888324873096447
qwen3_vl_8b,train,closure,21,197,197,2.1190051676009662e-06,1.2592909115483053e-07,0.5329949238578681
qwen3_vl_8b,train,closure,22,197,197,1.2223691347062902e-06,1.9087974578724243e-07,0.5279187817258884
qwen3_vl_8b,train,closure,23,197,197,1.2666805002569278e-06,1.8834643924492377e-07,0.5177664974619289
qwen3_vl_8b,train,closure,24,197,197,-4.466039260460549e-07,3.0202158995962236e-08,0.5177664974619289
qwen3_vl_8b,train,closure,25,197,197,6.430128446495021e-07,5.512862344403402e-07,0.6345177664974619
qwen3_vl_8b,train,closure,26,197,197,3.5601333266964915e-06,1.8100581655744463e-06,0.6040609137055838
qwen3_vl_8b,train,closure,27,197,197,6.307194952469123e-07,1.6331318875018042e-07,0.5177664974619289
qwen3_vl_8b,train,closure,28,197,197,4.037732300181177e-06,3.2359071155951824e-06,0.7055837563451777
qwen3_vl_8b,train,closure,29,197,197,5.553743324306047e-06,1.9486697965476193e-06,0.6395939086294417
qwen3_vl_8b,train,closure,30,197,197,1.8432873208927909e-06,1.1666449305873057e-06,0.6345177664974619
qwen3_vl_8b,train,closure,31,197,197,5.414293171607276e-06,3.2550997275393456e-06,0.5939086294416244
qwen3_vl_8b,train,closure,32,197,197,7.027003771689521e-06,3.3326590861785625e-06,0.6142131979695431
qwen3_vl_8b,train,closure,33,197,197,1.029446150929276e-05,1.1595010012873299e-06,0.5380710659898477
qwen3_vl_8b,train,closure,34,197,197,6.271702324221946e-06,2.1830373952980153e-07,0.5126903553299492
qwen3_vl_8b,train,closure,35,197,197,3.974972504758801e-06,2.3569268705614377e-06,0.5482233502538071
qwen3_vl_8b,train,closure,36,197,197,2.543561117285966e-06,1.053770271634372e-06,0.5329949238578681
qwen3_vl_8b,train,rotation_mean,1,197,197,-0.010521361746498432,0.0074359541104058735,0.5228426395939086
qwen3_vl_8b,train,rotation_mean,2,197,197,-0.004120477771973843,-0.009922105818986893,0.4416243654822335
qwen3_vl_8b,train,rotation_mean,3,197,197,-0.0056092627953139755,-0.0064263681570688735,0.4467005076142132
qwen3_vl_8b,train,rotation_mean,4,197,197,-0.006028748321016086,-0.010940039530396461,0.43147208121827413
qwen3_vl_8b,train,rotation_mean,5,197,197,-0.01887333246407052,-0.019471096495787293,0.3604060913705584
qwen3_vl_8b,train,rotation_mean,6,197,197,-0.010679615100562196,-0.011821866035461426,0.41116751269035534
qwen3_vl_8b,train,rotation_mean,7,197,197,-0.006142788822880855,-0.008282162249088287,0.4263959390862944
qwen3_vl_8b,train,rotation_mean,8,197,197,-0.006234118260485832,-0.005506786704063404,0.43147208121827413
qwen3_vl_8b,train,rotation_mean,9,197,197,-0.0015951169921119297,-0.0018923232952753888,0.467005076142132
qwen3_vl_8b,train,rotation_mean,10,197,197,0.0022168803148751447,0.0027226507663726807,0.5126903553299492
qwen3_vl_8b,train,rotation_mean,11,197,197,-0.01691644786503705,-0.013576403260231018,0.3401015228426396
qwen3_vl_8b,train,rotation_mean,12,197,197,-0.007360568556890471,-0.006251106659571348,0.4619289340101523
qwen3_vl_8b,train,rotation_mean,13,197,197,0.0019153982097732199,0.002079526583353697,0.5025380710659898
qwen3_vl_8b,train,rotation_mean,14,197,197,-0.0021707471033576087,-0.004911514265196648,0.47715736040609136
qwen3_vl_8b,train,rotation_mean,15,197,197,-0.005976866816181996,-0.004145145416259766,0.467005076142132
qwen3_vl_8b,train,rotation_mean,16,197,197,0.0031499418125592676,0.005660951137542725,0.5532994923857868
qwen3_vl_8b,train,rotation_mean,17,197,197,-0.012898435251236962,-0.014819455146789562,0.3248730964467005
qwen3_vl_8b,train,rotation_mean,18,197,197,-0.006493645005907235,-0.0060516297817230225,0.4365482233502538
qwen3_vl_8b,train,rotation_mean,19,197,197,-0.0036116875556222033,-0.007256900270779909,0.4213197969543147
qwen3_vl_8b,train,rotation_mean,20,197,197,-0.008072933154175394,-0.010080029567082704,0.3299492385786802
qwen3_vl_8b,train,rotation_mean,21,197,197,-0.013342576522997545,-0.014019419749577822,0.3604060913705584
qwen3_vl_8b,train,rotation_mean,22,197,197,0.0007974548241775359,0.002790648490190506,0.5177664974619289
qwen3_vl_8b,train,rotation_mean,23,197,197,-0.0017728562035694878,-0.0004257708787918091,0.4873096446700508
qwen3_vl_8b,train,rotation_mean,24,197,197,-0.010116051364008402,-0.012678101658821106,0.39086294416243655
qwen3_vl_8b,train,rotation_mean,25,197,197,0.0026596673449495235,0.0026523619890213013,0.5786802030456852
qwen3_vl_8b,train,rotation_mean,26,197,197,0.005615478826387854,0.007327493280172348,0.6192893401015228
qwen3_vl_8b,train,rotation_mean,27,197,197,0.014052127287833057,0.013239305466413498,0.766497461928934
qwen3_vl_8b,train,rotation_mean,28,197,197,0.011630235543238438,0.01038768553795914,0.6091370558375635
qwen3_vl_8b,train,rotation_mean,29,197,197,0.010096055638557313,0.009518849197775126,0.6751269035532995
qwen3_vl_8b,train,rotation_mean,30,197,197,0.004750173023523997,0.005963774770498274,0.6649746192893401
qwen3_vl_8b,train,rotation_mean,31,197,197,-0.001725538610089847,-0.0012371200185346725,0.4467005076142132
qwen3_vl_8b,train,rotation_mean,32,197,197,-0.0008644619485323294,-0.001131104119122029,0.4416243654822335
qwen3_vl_8b,train,rotation_mean,33,197,197,-0.0012104916395965352,-0.0007718585431575747,0.4720812182741117
qwen3_vl_8b,train,rotation_mean,34,197,197,-0.0034393350433308814,-0.0034489966928958893,0.38071065989847713
qwen3_vl_8b,train,rotation_mean,35,197,197,-0.008550583494680974,-0.004862902998866048,0.4365482233502538
qwen3_vl_8b,train,rotation_mean,36,197,197,0.010744913977941306,0.014643453061580658,0.5736040609137056
qwen3_vl_8b,train,rotation_median,1,197,197,-0.010932670615000624,0.010609303290645281,0.5279187817258884
qwen3_vl_8b,train,rotation_median,2,197,197,-0.003654364664465503,-0.006664330760637924,0.4365482233502538
qwen3_vl_8b,train,rotation_median,3,197,197,-0.005085621986972803,-0.006865154951810837,0.4517766497461929
qwen3_vl_8b,train,rotation_median,4,197,197,-0.006478599410186833,-0.010435221716761589,0.41116751269035534
qwen3_vl_8b,train,rotation_median,5,197,197,-0.019236864778226333,-0.021598853170871735,0.38071065989847713
qwen3_vl_8b,train,rotation_median,6,197,197,-0.008473760294338897,-0.009651054938634218,0.41624365482233505
qwen3_vl_8b,train,rotation_median,7,197,197,-0.006409489530140997,-0.007441373808043328,0.43147208121827413
qwen3_vl_8b,train,rotation_median,8,197,197,-0.006195468377181183,-0.005048792809247971,0.4263959390862944
qwen3_vl_8b,train,rotation_median,9,197,197,-0.0008455024070598926,7.524490356447533e-05,0.5025380710659898
qwen3_vl_8b,train,rotation_median,10,197,197,0.0030834999526476803,0.00992351770401001,0.5532994923857868
qwen3_vl_8b,train,rotation_median,11,197,197,-0.015485558845898214,-0.012853171144213027,0.36548223350253806
qwen3_vl_8b,train,rotation_median,12,197,197,-0.0062070425670351145,-0.0019433200359344482,0.47715736040609136
qwen3_vl_8b,train,rotation_median,13,197,197,0.008492656627339902,0.01049887016415596,0.5482233502538071
qwen3_vl_8b,train,rotation_median,14,197,197,-0.0008906938681315474,-0.0025781095027923584,0.4873096446700508
qwen3_vl_8b,train,rotation_median,15,197,197,-0.005431844395825561,-0.00462852418422699,0.4467005076142132
qwen3_vl_8b,train,rotation_median,16,197,197,0.005254402136109426,0.009655783573786436,0.5583756345177665
qwen3_vl_8b,train,rotation_median,17,197,197,-0.012422757720764288,-0.015345151225725828,0.34517766497461927
qwen3_vl_8b,train,rotation_median,18,197,197,-0.008101863300888692,-0.008735585212707508,0.41116751269035534
qwen3_vl_8b,train,rotation_median,19,197,197,-0.0024482529874236395,-0.005554759502410911,0.43147208121827413
qwen3_vl_8b,train,rotation_median,20,197,197,-0.007827183152679164,-0.009582526981830597,0.350253807106599
qwen3_vl_8b,train,rotation_median,21,197,197,-0.01473546952511069,-0.015380412340164185,0.3299492385786802
qwen3_vl_8b,train,rotation_median,22,197,197,0.00019019016706821584,0.0013844743371009827,0.5076142131979695
qwen3_vl_8b,train,rotation_median,23,197,197,-0.004946856616747322,-0.003935500979423523,0.4263959390862944
qwen3_vl_8b,train,rotation_median,24,197,197,-0.010729570623453316,-0.01803499460220337,0.38578680203045684
qwen3_vl_8b,train,rotation_median,25,197,197,0.002676774695216673,0.002791935205459589,0.5583756345177665
qwen3_vl_8b,train,rotation_median,26,197,197,0.003261760424727419,0.0025371164083480835,0.5532994923857868
qwen3_vl_8b,train,rotation_median,27,197,197,0.01387351481505858,0.013719280064105985,0.7817258883248731
qwen3_vl_8b,train,rotation_median,28,197,197,0.01121871669284109,0.006853809300810098,0.5634517766497462
qwen3_vl_8b,train,rotation_median,29,197,197,0.00892624783540961,0.006725559011101723,0.6548223350253807
qwen3_vl_8b,train,rotation_median,30,197,197,0.005209502257905935,0.0065900422632694244,0.6700507614213198
qwen3_vl_8b,train,rotation_median,31,197,197,-0.0011800279594632612,-0.0010889515629969536,0.4467005076142132
qwen3_vl_8b,train,rotation_median,32,197,197,-0.0015411105965004062,-0.0018437542021274567,0.4213197969543147
qwen3_vl_8b,train,rotation_median,33,197,197,-0.001897549860004291,-0.001478256036837898,0.43147208121827413
qwen3_vl_8b,train,rotation_median,34,197,197,-0.003235708771984086,-0.0025344491004943848,0.4010152284263959
qwen3_vl_8b,train,rotation_median,35,197,197,-0.0061505790750174955,-0.0049046745523810414,0.45685279187817257
qwen3_vl_8b,train,rotation_median,36,197,197,0.01950013604769715,0.022233277559280396,0.6192893401015228
qwen3_vl_8b,train,input_cancellation,1,197,197,0.0015072713757865643,0.0036900997161865012,0.5177664974619289
qwen3_vl_8b,train,input_cancellation,2,197,197,-0.00842437090289294,-0.005419025818506895,0.43147208121827413
qwen3_vl_8b,train,input_cancellation,3,197,197,-0.026464259374087425,-0.026244521141052246,0.28426395939086296
qwen3_vl_8b,train,input_cancellation,4,197,197,0.0012682917719281713,-0.0024895071983337402,0.4720812182741117
qwen3_vl_8b,train,input_cancellation,5,197,197,-0.024753662683120733,-0.02173502643903097,0.3197969543147208
qwen3_vl_8b,train,input_cancellation,6,197,197,-0.002863176356532517,-0.001482844352722168,0.49238578680203043
qwen3_vl_8b,train,input_cancellation,7,197,197,-0.037483669813605604,-0.04823213815689087,0.3197969543147208
qwen3_vl_8b,train,input_cancellation,8,197,197,-0.01599422122755766,-0.014994680881500244,0.39086294416243655
qwen3_vl_8b,train,input_cancellation,9,197,197,0.012547344639963383,0.018543899059295654,0.5939086294416244
qwen3_vl_8b,train,input_cancellation,10,197,197,-0.013072793320963165,-0.01595870653788245,0.4365482233502538
qwen3_vl_8b,train,input_cancellation,11,197,197,-0.0018712473765943702,-0.005667003492514311,0.4619289340101523
qwen3_vl_8b,train,input_cancellation,12,197,197,0.008938330425838454,0.0018847733736038208,0.5076142131979695
qwen3_vl_8b,train,input_cancellation,13,197,197,0.006726700324637508,0.0013407468795776367,0.5025380710659898
qwen3_vl_8b,train,input_cancellation,14,197,197,0.015858257211815024,0.014444932341575623,0.5583756345177665
qwen3_vl_8b,train,input_cancellation,15,197,197,0.007188504396903794,0.0046842098236083984,0.5279187817258884
qwen3_vl_8b,train,input_cancellation,16,197,197,0.02639032641120916,0.0188459515571594,0.6142131979695431
qwen3_vl_8b,train,input_cancellation,17,197,197,0.02737952627349069,0.01843133568763733,0.6802030456852792
qwen3_vl_8b,train,input_cancellation,18,197,197,0.027341022716503315,0.028464466333389282,0.6751269035532995
qwen3_vl_8b,train,input_cancellation,19,197,197,0.03646824412421863,0.028517613808314024,0.8020304568527918
qwen3_vl_8b,train,input_cancellation,20,197,197,0.0338045404593779,0.033141545951366425,0.6649746192893401
qwen3_vl_8b,train,input_cancellation,21,197,197,0.04082626606805301,0.03803364932537079,0.6751269035532995
qwen3_vl_8b,train,input_cancellation,22,197,197,0.051490484049057324,0.05120047926902771,0.7208121827411168
qwen3_vl_8b,train,input_cancellation,23,197,197,0.022359323301740144,0.015376790364583337,0.5939086294416244
qwen3_vl_8b,train,input_cancellation,24,197,197,0.047674192397184886,0.0420721173286438,0.6751269035532995
qwen3_vl_8b,train,input_cancellation,25,197,197,0.024697531778829124,0.011325170596440615,0.6040609137055838
qwen3_vl_8b,train,input_cancellation,26,197,197,0.007309921848602025,-0.0072817564010619895,0.467005076142132
qwen3_vl_8b,train,input_cancellation,27,197,197,0.03149422809227085,0.030280455946922302,0.5989847715736041
qwen3_vl_8b,train,input_cancellation,28,197,197,-0.0008190085889157614,-0.0022935867309570312,0.47715736040609136
qwen3_vl_8b,train,input_cancellation,29,197,197,0.010673310159232152,-0.003919228911399841,0.4720812182741117
qwen3_vl_8b,train,input_cancellation,30,197,197,0.003423029110682076,-0.004813992977142356,0.47715736040609136
qwen3_vl_8b,train,input_cancellation,31,197,197,0.0033762965035874608,-0.002701711654663097,0.4873096446700508
qwen3_vl_8b,train,input_cancellation,32,197,197,0.011899216015478074,-0.0020420998334884644,0.49746192893401014
qwen3_vl_8b,train,input_cancellation,33,197,197,0.018240243567005383,0.016032510995864835,0.5482233502538071
qwen3_vl_8b,train,input_cancellation,34,197,197,0.02112095284123154,0.0165652334690094,0.6091370558375635
qwen3_vl_8b,train,input_cancellation,35,197,197,0.008777217015632452,0.0009692758321762085,0.5076142131979695
qwen3_vl_8b,train,input_cancellation,36,197,197,-0.009024058646409828,-0.017511244118213642,0.41116751269035534
qwen3_vl_8b,train,cancellation_change,1,197,197,0.0018517727282439454,-0.002055168065061716,0.48223350253807107
qwen3_vl_8b,train,cancellation_change,2,197,197,0.0033279825505526995,0.002599076940311862,0.5177664974619289
qwen3_vl_8b,train,cancellation_change,3,197,197,-0.010295379093527207,-0.010015936024725502,0.4416243654822335
qwen3_vl_8b,train,cancellation_change,4,197,197,-0.002836083820149741,-0.0015714850639452216,0.48223350253807107
qwen3_vl_8b,train,cancellation_change,5,197,197,-0.013215601943057757,-0.010526135526499503,0.4213197969543147
qwen3_vl_8b,train,cancellation_change,6,197,197,-0.0020078566102185846,-0.004099400475693474,0.4416243654822335
qwen3_vl_8b,train,cancellation_change,7,197,197,-0.004684727755831771,-0.0037296946080534465,0.4263959390862944
qwen3_vl_8b,train,cancellation_change,8,197,197,-0.00478800455428936,-0.004336922769554961,0.4365482233502538
qwen3_vl_8b,train,cancellation_change,9,197,197,-0.008929374658356186,-0.009010113612648404,0.3604060913705584
qwen3_vl_8b,train,cancellation_change,10,197,197,-0.007544378498714678,-0.008992038116620055,0.4263959390862944
qwen3_vl_8b,train,cancellation_change,11,197,197,-0.004900237713121474,-0.005957083321820378,0.4010152284263959
qwen3_vl_8b,train,cancellation_change,12,197,197,0.005432331302399667,0.0034676174132837745,0.5431472081218274
qwen3_vl_8b,train,cancellation_change,13,197,197,-0.002683766499545825,-0.004322948878075772,0.41116751269035534
qwen3_vl_8b,train,cancellation_change,14,197,197,-0.008704723891169585,-0.00894503719401979,0.3096446700507614
qwen3_vl_8b,train,cancellation_change,15,197,197,-0.0020104558636716867,-0.00019703823726584246,0.48223350253807107
qwen3_vl_8b,train,cancellation_change,16,197,197,-0.006949792087075428,-0.008141530110842524,0.3604060913705584
qwen3_vl_8b,train,cancellation_change,17,197,197,0.005948211631446878,0.005276596313481947,0.5939086294416244
qwen3_vl_8b,train,cancellation_change,18,197,197,-7.350108355999719e-05,-0.0002718192717683695,0.49746192893401014
qwen3_vl_8b,train,cancellation_change,19,197,197,0.0012872405478862397,0.002359854190644532,0.5279187817258884
qwen3_vl_8b,train,cancellation_change,20,197,197,-0.0016084345736842416,-0.0025378365655499557,0.4467005076142132
qwen3_vl_8b,train,cancellation_change,21,197,197,-0.004573098174670922,-0.003916226533094411,0.4517766497461929
qwen3_vl_8b,train,cancellation_change,22,197,197,-0.010368007483390807,-0.008130581067389536,0.3553299492385787
qwen3_vl_8b,train,cancellation_change,23,197,197,0.00014092070033550698,-0.001750501008517554,0.4720812182741117
qwen3_vl_8b,train,cancellation_change,24,197,197,-0.013371947737485842,-0.011780442847418936,0.2893401015228426
qwen3_vl_8b,train,cancellation_change,25,197,197,-0.011525265345637331,-0.010662436427528399,0.40609137055837563
qwen3_vl_8b,train,cancellation_change,26,197,197,-0.00828705225822849,-0.010459836181159393,0.3197969543147208
qwen3_vl_8b,train,cancellation_change,27,197,197,0.003904357308337177,0.00404378515951187,0.5583756345177665
qwen3_vl_8b,train,cancellation_change,28,197,197,0.0007091388952395495,-0.001154270016516153,0.48223350253807107
qwen3_vl_8b,train,cancellation_change,29,197,197,-0.010107941346164825,-0.00924376237670177,0.3553299492385787
qwen3_vl_8b,train,cancellation_change,30,197,197,-0.030417661882855412,-0.030060540599735605,0.37055837563451777
qwen3_vl_8b,train,cancellation_change,31,197,197,-0.035377460050306724,-0.02278481818297027,0.28426395939086296
qwen3_vl_8b,train,cancellation_change,32,197,197,-0.013115589428163998,-0.011507011494622327,0.3401015228426396
qwen3_vl_8b,train,cancellation_change,33,197,197,-0.007755354423160765,-0.007769761590598612,0.37055837563451777
qwen3_vl_8b,train,cancellation_change,34,197,197,-0.006243191415109679,-0.006097094854389529,0.350253807106599
qwen3_vl_8b,train,cancellation_change,35,197,197,0.009821817407729147,0.0026102982919739,0.5329949238578681
qwen3_vl_8b,train,cancellation_change,36,197,197,0.043173888321959966,0.0468834174128675,0.6598984771573604
qwen3_vl_8b,test,amp_mean,1,40,40,-0.219733745479465,-0.18432603325748964,0.4
qwen3_vl_8b,test,amp_mean,2,40,40,-0.02771122710638938,0.0021729651012732942,0.5
qwen3_vl_8b,test,amp_mean,3,40,40,0.008240690965661426,-0.014854360988089982,0.425
qwen3_vl_8b,test,amp_mean,4,40,40,0.03127613873444999,0.02874455916416427,0.625
qwen3_vl_8b,test,amp_mean,5,40,40,-0.022546585134251753,-0.043151250247578155,0.375
qwen3_vl_8b,test,amp_mean,6,40,40,0.015198185824895344,0.016827272537162485,0.65
qwen3_vl_8b,test,amp_mean,7,40,40,-0.005461113749386801,-0.007161968070794444,0.425
qwen3_vl_8b,test,amp_mean,8,40,40,-0.013256734400992088,-0.014918522313396576,0.4
qwen3_vl_8b,test,amp_mean,9,40,40,-0.002124275443889309,-0.001861616066686278,0.475
qwen3_vl_8b,test,amp_mean,10,40,40,-0.023929248431415976,-0.04445100999499596,0.375
qwen3_vl_8b,test,amp_mean,11,40,40,-0.01242325339065807,-0.014810530334625427,0.4
qwen3_vl_8b,test,amp_mean,12,40,40,-0.002311806582553791,-0.008357806691461522,0.425
qwen3_vl_8b,test,amp_mean,13,40,40,-0.015341929486839805,-0.00820361160364036,0.35
qwen3_vl_8b,test,amp_mean,14,40,40,-0.017264106651402815,-0.024356403876924226,0.325
qwen3_vl_8b,test,amp_mean,15,40,40,-0.008226099174591953,-0.010724960364316027,0.425
qwen3_vl_8b,test,amp_mean,16,40,40,-0.01425364591451283,-0.013088403446317565,0.375
qwen3_vl_8b,test,amp_mean,17,40,40,-0.0021335627497139436,-0.005020136318752977,0.4
qwen3_vl_8b,test,amp_mean,18,40,40,-0.025266971504424605,-0.03173266496441024,0.3
qwen3_vl_8b,test,amp_mean,19,40,40,-0.015399032874565951,-0.015715519888180485,0.325
qwen3_vl_8b,test,amp_mean,20,40,40,-0.021520132775655308,-0.02104250692880666,0.25
qwen3_vl_8b,test,amp_mean,21,40,40,-0.020782224936508692,-0.013707978157312839,0.3
qwen3_vl_8b,test,amp_mean,22,40,40,-0.00463359686932671,-0.009564585175601742,0.475
qwen3_vl_8b,test,amp_mean,23,40,40,-0.002455319456654681,0.0018749022878755683,0.55
qwen3_vl_8b,test,amp_mean,24,40,40,-0.005374124550087027,-0.005091754947911364,0.45
qwen3_vl_8b,test,amp_mean,25,40,40,-0.004447612975752776,-0.006148788902617608,0.4
qwen3_vl_8b,test,amp_mean,26,40,40,-0.0036583735027560654,-0.0010238690544908113,0.45
qwen3_vl_8b,test,amp_mean,27,40,40,0.007504288202158188,0.01003314970200228,0.6
qwen3_vl_8b,test,amp_mean,28,40,40,0.014016380847770427,0.005141576558842814,0.525
qwen3_vl_8b,test,amp_mean,29,40,40,-0.012009227191626693,-0.016349854062758323,0.375
qwen3_vl_8b,test,amp_mean,30,40,40,-0.011957199086234155,-0.008977234593597283,0.45
qwen3_vl_8b,test,amp_mean,31,40,40,-0.0052202003667210384,-0.004210490066376776,0.45
qwen3_vl_8b,test,amp_mean,32,40,40,-0.014287223190215814,-0.019674619024832335,0.35
qwen3_vl_8b,test,amp_mean,33,40,40,-0.021229411045790632,-0.027430661142228613,0.325
qwen3_vl_8b,test,amp_mean,34,40,40,-0.005972492876554522,-0.01255409138236227,0.425
qwen3_vl_8b,test,amp_mean,35,40,40,0.004511006467572113,-0.012936091330060129,0.425
qwen3_vl_8b,test,amp_mean,36,40,40,0.10459451385179433,0.09896376969094961,0.675
qwen3_vl_8b,test,amp_median,1,40,40,-0.22715419363116734,-0.21220337655256916,0.4
qwen3_vl_8b,test,amp_median,2,40,40,-0.019484440567410756,-0.005767750699218449,0.5
qwen3_vl_8b,test,amp_median,3,40,40,0.003214817520924773,-0.012227272697149183,0.375
qwen3_vl_8b,test,amp_median,4,40,40,0.026538511796153852,0.025199468920100998,0.6
qwen3_vl_8b,test,amp_median,5,40,40,-0.020446693660126327,-0.04572078243374961,0.35
qwen3_vl_8b,test,amp_median,6,40,40,0.018131184971209583,0.028361586447313902,0.625
qwen3_vl_8b,test,amp_median,7,40,40,-0.006354163243024661,-0.009908612327363175,0.45
qwen3_vl_8b,test,amp_median,8,40,40,-0.012467997413290252,-0.0146969077154262,0.375
qwen3_vl_8b,test,amp_median,9,40,40,-0.0016652353545067778,-0.008014334981165327,0.475
qwen3_vl_8b,test,amp_median,10,40,40,-0.021628489469068833,-0.02644358357844029,0.4
qwen3_vl_8b,test,amp_median,11,40,40,-0.012872058786327304,-0.013941444144682957,0.4
qwen3_vl_8b,test,amp_median,12,40,40,-0.00044758873152209167,-0.002447023991752506,0.5
qwen3_vl_8b,test,amp_median,13,40,40,-0.01574630645342933,-0.013062240242391332,0.35
qwen3_vl_8b,test,amp_median,14,40,40,-0.01727981249250275,-0.019673530538636852,0.325
qwen3_vl_8b,test,amp_median,15,40,40,-0.009274382503420709,-0.005066643010730232,0.425
qwen3_vl_8b,test,amp_median,16,40,40,-0.013847530316885024,-0.015894131041893078,0.3
qwen3_vl_8b,test,amp_median,17,40,40,-0.00342182340370602,-0.006370603394285357,0.4
qwen3_vl_8b,test,amp_median,18,40,40,-0.025943663192616078,-0.034576868145550055,0.275
qwen3_vl_8b,test,amp_median,19,40,40,-0.014914503896225399,-0.014009206188942469,0.35
qwen3_vl_8b,test,amp_median,20,40,40,-0.02005243441800689,-0.020524497610622194,0.3
qwen3_vl_8b,test,amp_median,21,40,40,-0.01973686449203821,-0.010315518564109949,0.325
qwen3_vl_8b,test,amp_median,22,40,40,-0.004616942991484236,-0.008249957848505629,0.475
qwen3_vl_8b,test,amp_median,23,40,40,-0.0029928919076268935,0.0013562653835130223,0.525
qwen3_vl_8b,test,amp_median,24,40,40,-0.003347512079769327,-0.006017019990189915,0.425
qwen3_vl_8b,test,amp_median,25,40,40,-0.004216536970135758,-0.0009465019420017429,0.475
qwen3_vl_8b,test,amp_median,26,40,40,-0.003934102204083978,-0.0006989303312313067,0.475
qwen3_vl_8b,test,amp_median,27,40,40,0.007206670020522136,0.009061907597119001,0.6
qwen3_vl_8b,test,amp_median,28,40,40,0.014439631675838394,0.005154765168165876,0.55
qwen3_vl_8b,test,amp_median,29,40,40,-0.009800452243185227,-0.0123583116017566,0.375
qwen3_vl_8b,test,amp_median,30,40,40,-0.005051527499705766,-0.010445257695320703,0.425
qwen3_vl_8b,test,amp_median,31,40,40,-0.0036345787820912896,-0.003426245835332048,0.45
qwen3_vl_8b,test,amp_median,32,40,40,-0.011493137190368536,-0.01612929129964963,0.35
qwen3_vl_8b,test,amp_median,33,40,40,-0.01982921611698626,-0.021217005606013944,0.325
qwen3_vl_8b,test,amp_median,34,40,40,-0.006100094693193556,-0.013947065109986612,0.425
qwen3_vl_8b,test,amp_median,35,40,40,0.005202013792746256,-0.011160820861763593,0.35
qwen3_vl_8b,test,amp_median,36,40,40,0.1280688681295774,0.1004117735067746,0.775
qwen3_vl_8b,test,amp_fraction_gt1,1,40,40,-0.016284816623242875,0.0,0.35
qwen3_vl_8b,test,amp_fraction_gt1,2,40,40,-0.023021739545177045,0.0,0.225
qwen3_vl_8b,test,amp_fraction_gt1,3,40,40,0.0065875010406260415,0.0,0.3
qwen3_vl_8b,test,amp_fraction_gt1,4,40,40,0.0006132478632478629,0.0,0.275
qwen3_vl_8b,test,amp_fraction_gt1,5,40,40,0.00039944429400367714,-0.0008333333333333334,0.225
qwen3_vl_8b,test,amp_fraction_gt1,6,40,40,0.001656852869352869,0.0,0.3
qwen3_vl_8b,test,amp_fraction_gt1,7,40,40,0.0005431245548433048,0.0,0.075
qwen3_vl_8b,test,amp_fraction_gt1,8,40,40,0.0006261606135221094,0.0,0.15
qwen3_vl_8b,test,amp_fraction_gt1,9,40,40,0.003693569053580309,-0.0016025641025641025,0.4
qwen3_vl_8b,test,amp_fraction_gt1,10,40,40,-0.03806894530627434,-0.06461538461538462,0.4
qwen3_vl_8b,test,amp_fraction_gt1,11,40,40,-0.003128668622531156,-0.010037878787878787,0.4
qwen3_vl_8b,test,amp_fraction_gt1,12,40,40,0.0007225012528509738,0.0,0.475
qwen3_vl_8b,test,amp_fraction_gt1,13,40,40,-0.001417843156622156,0.0,0.2
qwen3_vl_8b,test,amp_fraction_gt1,14,40,40,-0.0004134615384615385,0.0,0.05
qwen3_vl_8b,test,amp_fraction_gt1,15,40,40,9.131054131054132e-05,0.0,0.05
qwen3_vl_8b,test,amp_fraction_gt1,16,40,40,6.143162393162411e-06,0.0,0.075
qwen3_vl_8b,test,amp_fraction_gt1,17,40,40,-8.780715811965807e-06,0.0,0.05
qwen3_vl_8b,test,amp_fraction_gt1,18,40,40,-0.0009119480056980059,0.0,0.025
qwen3_vl_8b,test,amp_fraction_gt1,19,40,40,-0.000254338051994302,0.0,0.075
qwen3_vl_8b,test,amp_fraction_gt1,20,40,40,-0.0003684188330137084,0.0,0.025
qwen3_vl_8b,test,amp_fraction_gt1,21,40,40,-4.841874422899353e-05,0.0,0.025
qwen3_vl_8b,test,amp_fraction_gt1,22,40,40,0.0,0.0,0.0
qwen3_vl_8b,test,amp_fraction_gt1,23,40,40,-6.925207756232688e-05,0.0,0.0
qwen3_vl_8b,test,amp_fraction_gt1,24,40,40,-7.051282051282051e-05,0.0,0.025
qwen3_vl_8b,test,amp_fraction_gt1,25,40,40,-1.6666666666666667e-05,0.0,0.0
qwen3_vl_8b,test,amp_fraction_gt1,26,40,40,0.0,0.0,0.0
qwen3_vl_8b,test,amp_fraction_gt1,27,40,40,0.0,0.0,0.0
qwen3_vl_8b,test,amp_fraction_gt1,28,40,40,0.00012393162393162395,0.0,0.05
qwen3_vl_8b,test,amp_fraction_gt1,29,40,40,0.0,0.0,0.0
qwen3_vl_8b,test,amp_fraction_gt1,30,40,40,-0.007716094235625487,0.0,0.075
qwen3_vl_8b,test,amp_fraction_gt1,31,40,40,0.00025,0.0,0.025
qwen3_vl_8b,test,amp_fraction_gt1,32,40,40,0.0,0.0,0.0
qwen3_vl_8b,test,amp_fraction_gt1,33,40,40,-0.0004895833333333334,0.0,0.0
qwen3_vl_8b,test,amp_fraction_gt1,34,40,40,0.0,0.0,0.0
qwen3_vl_8b,test,amp_fraction_gt1,35,40,40,0.0002747713670281192,0.0,0.2
qwen3_vl_8b,test,amp_fraction_gt1,36,40,40,0.07460489988267863,0.07145833333333337,0.8
qwen3_vl_8b,test,gross_gain,1,40,40,-0.23006355353884275,-0.2031783996301334,0.4
qwen3_vl_8b,test,gross_gain,2,40,40,-0.021991373081154033,-0.008894875930429869,0.475
qwen3_vl_8b,test,gross_gain,3,40,40,0.020780421486997686,-0.0015177435123223115,0.5
qwen3_vl_8b,test,gross_gain,4,40,40,0.036779454227619246,0.034590534847839416,0.675
qwen3_vl_8b,test,gross_gain,5,40,40,-0.03907150211693784,-0.05081803320533307,0.375
qwen3_vl_8b,test,gross_gain,6,40,40,0.015217448517574972,0.007516576453293733,0.625
qwen3_vl_8b,test,gross_gain,7,40,40,-0.024591680698546885,-0.0257553974654518,0.375
qwen3_vl_8b,test,gross_gain,8,40,40,-0.013891904125589688,-0.018565734118533184,0.375
qwen3_vl_8b,test,gross_gain,9,40,40,-0.006997454065707542,-0.009871358610161807,0.45
qwen3_vl_8b,test,gross_gain,10,40,40,-0.0442628427529201,-0.05252057229896823,0.35
qwen3_vl_8b,test,gross_gain,11,40,40,-0.017487328835556464,-0.024689374343292214,0.425
qwen3_vl_8b,test,gross_gain,12,40,40,0.009816365038806948,0.016640750713027508,0.6
qwen3_vl_8b,test,gross_gain,13,40,40,-0.014756348145673639,-0.018949728245023723,0.45
qwen3_vl_8b,test,gross_gain,14,40,40,-0.021726704863208587,-0.02804306234295406,0.325
qwen3_vl_8b,test,gross_gain,15,40,40,-0.0004398757537841469,0.004878412230189866,0.525
qwen3_vl_8b,test,gross_gain,16,40,40,-0.019421726187175338,-0.020343157269614165,0.35
qwen3_vl_8b,test,gross_gain,17,40,40,0.003081961882612197,0.0024523498369021235,0.55
qwen3_vl_8b,test,gross_gain,18,40,40,-0.022327446974687446,-0.02709350899553492,0.35
qwen3_vl_8b,test,gross_gain,19,40,40,-0.016513975323366396,-0.01933334540124554,0.325
qwen3_vl_8b,test,gross_gain,20,40,40,-0.01575724094840694,-0.009545192989944495,0.45
qwen3_vl_8b,test,gross_gain,21,40,40,-0.024648081847948266,-0.023772516759611395,0.25
qwen3_vl_8b,test,gross_gain,22,40,40,-0.015787042180376555,-0.018772212600524585,0.375
qwen3_vl_8b,test,gross_gain,23,40,40,-0.005168732574505927,-0.006588677080014538,0.45
qwen3_vl_8b,test,gross_gain,24,40,40,-0.016643437034872848,-0.028695169633909667,0.375
qwen3_vl_8b,test,gross_gain,25,40,40,-0.00880451418655473,-0.010693597325773768,0.4
qwen3_vl_8b,test,gross_gain,26,40,40,-0.006181406925044248,-0.005194960407044813,0.35
qwen3_vl_8b,test,gross_gain,27,40,40,0.008787842663409692,0.0056262310521507375,0.575
qwen3_vl_8b,test,gross_gain,28,40,40,0.005929793743054944,0.00413085087765,0.525
qwen3_vl_8b,test,gross_gain,29,40,40,-0.019005842533866158,-0.01900586573611901,0.375
qwen3_vl_8b,test,gross_gain,30,40,40,-0.05218721068394492,-0.021766086710997418,0.425
qwen3_vl_8b,test,gross_gain,31,40,40,-0.009769291579264391,-0.01128526707426697,0.425
qwen3_vl_8b,test,gross_gain,32,40,40,-0.03106102730924437,-0.03838407109590203,0.3
qwen3_vl_8b,test,gross_gain,33,40,40,-0.026841752623734855,-0.013472679542263,0.375
qwen3_vl_8b,test,gross_gain,34,40,40,-0.012141003924181737,-0.018194752054993046,0.4
qwen3_vl_8b,test,gross_gain,35,40,40,0.012536143890471701,0.0034570540474072042,0.525
qwen3_vl_8b,test,gross_gain,36,40,40,0.09686130624710118,0.03339918847290807,0.575
qwen3_vl_8b,test,cancellation,1,40,40,-0.0035592419645199573,-0.006128635696821094,0.45
qwen3_vl_8b,test,cancellation,2,40,40,-0.0029209845891922785,-0.01037482485651342,0.425
qwen3_vl_8b,test,cancellation,3,40,40,-0.009991906735392898,-0.018199579628251167,0.45
qwen3_vl_8b,test,cancellation,4,40,40,-0.0025011564037273394,-0.019218761631051184,0.425
qwen3_vl_8b,test,cancellation,5,40,40,-0.04323986835943564,-0.027010206638755474,0.4
qwen3_vl_8b,test,cancellation,6,40,40,-0.005943566003557899,-0.011977470269967816,0.45
qwen3_vl_8b,test,cancellation,7,40,40,-0.05498864631214051,-0.06193807239323337,0.325
qwen3_vl_8b,test,cancellation,8,40,40,-0.023710315817632596,-0.013220463911361113,0.425
qwen3_vl_8b,test,cancellation,9,40,40,0.009847600692445212,-0.0077856593216564796,0.475
qwen3_vl_8b,test,cancellation,10,40,40,-0.005633940262070013,-0.00020583767144582987,0.5
qwen3_vl_8b,test,cancellation,11,40,40,-0.00024199011225315426,-0.00769107655403789,0.475
qwen3_vl_8b,test,cancellation,12,40,40,-0.0036421249777600015,3.738987592638576e-05,0.5
qwen3_vl_8b,test,cancellation,13,40,40,0.029484575250279782,0.027689492643809654,0.625
qwen3_vl_8b,test,cancellation,14,40,40,0.013248143550595304,-0.002658243393894588,0.5
qwen3_vl_8b,test,cancellation,15,40,40,0.014203676316121188,0.011966979976852088,0.575
qwen3_vl_8b,test,cancellation,16,40,40,0.005335921005888563,-0.007275255090921667,0.475
qwen3_vl_8b,test,cancellation,17,40,40,0.009023188228504436,-0.001063329424482784,0.475
qwen3_vl_8b,test,cancellation,18,40,40,0.031652462741651205,0.0375927621860489,0.725
qwen3_vl_8b,test,cancellation,19,40,40,0.014536046190185675,0.010169360961946927,0.575
qwen3_vl_8b,test,cancellation,20,40,40,0.035312450316193414,0.029360917827092103,0.625
qwen3_vl_8b,test,cancellation,21,40,40,0.03236580092957969,0.02311091652724176,0.7
qwen3_vl_8b,test,cancellation,22,40,40,0.026409878287193805,0.01658424404029027,0.65
qwen3_vl_8b,test,cancellation,23,40,40,0.026411559161158605,0.02577744480228336,0.725
qwen3_vl_8b,test,cancellation,24,40,40,0.029838151589765115,0.016431882677973964,0.7
qwen3_vl_8b,test,cancellation,25,40,40,0.013553448476273645,0.019606306505219995,0.65
qwen3_vl_8b,test,cancellation,26,40,40,-0.003514729355300411,-0.005364255240310978,0.45
qwen3_vl_8b,test,cancellation,27,40,40,0.003964141349898735,0.011974124690232818,0.525
qwen3_vl_8b,test,cancellation,28,40,40,-0.016196131903621964,-0.01992052649816134,0.45
qwen3_vl_8b,test,cancellation,29,40,40,0.0019196994585878868,0.004157197135557816,0.525
qwen3_vl_8b,test,cancellation,30,40,40,-0.03650505145798711,-0.03660420666906217,0.35
qwen3_vl_8b,test,cancellation,31,40,40,-0.022964914800812076,-0.010742034326601757,0.4
qwen3_vl_8b,test,cancellation,32,40,40,-0.029240473480217577,-0.027797311142204406,0.3
qwen3_vl_8b,test,cancellation,33,40,40,-0.015490852171063722,-0.025395799247614315,0.45
qwen3_vl_8b,test,cancellation,34,40,40,-0.0018239041584980492,-0.002735006383629668,0.475
qwen3_vl_8b,test,cancellation,35,40,40,0.010132911333183326,-0.0031457988923551117,0.45
qwen3_vl_8b,test,cancellation,36,40,40,0.03271609568341379,0.022456500213373476,0.625
qwen3_vl_8b,test,closure,1,40,40,4.602458601349705e-06,2.271311511018818e-06,0.625
qwen3_vl_8b,test,closure,2,40,40,2.073878205199738e-05,1.3102548943303795e-05,0.575
qwen3_vl_8b,test,closure,3,40,40,2.4982575394953225e-06,1.2642981725245282e-06,0.55
qwen3_vl_8b,test,closure,4,40,40,1.4706914907947066e-05,1.0416335650612986e-05,0.65
qwen3_vl_8b,test,closure,5,40,40,3.3510945130880523e-05,2.609668035802315e-05,0.625
qwen3_vl_8b,test,closure,6,40,40,1.5866650928254935e-05,1.0210094728790864e-05,0.7
qwen3_vl_8b,test,closure,7,40,40,3.8072946667474145e-05,1.871393650768975e-05,0.725
qwen3_vl_8b,test,closure,8,40,40,1.8407565146011015e-05,8.716258738180233e-06,0.65
qwen3_vl_8b,test,closure,9,40,40,1.811328321773924e-06,1.6546213885249015e-06,0.675
qwen3_vl_8b,test,closure,10,40,40,-2.3502127538203387e-06,3.2166466705045127e-07,0.625
qwen3_vl_8b,test,closure,11,40,40,2.1348066349939165e-06,1.3337363498067134e-06,0.675
qwen3_vl_8b,test,closure,12,40,40,2.1430996637642846e-06,1.2326952401053859e-06,0.7
qwen3_vl_8b,test,closure,13,40,40,1.3866800687386181e-06,1.3955145846011875e-06,0.65
qwen3_vl_8b,test,closure,14,40,40,1.0184225688192329e-06,9.103426918954938e-07,0.675
qwen3_vl_8b,test,closure,15,40,40,7.01143786727698e-07,8.356564649147913e-07,0.625
qwen3_vl_8b,test,closure,16,40,40,6.806502459255625e-07,5.620068577627537e-07,0.55
qwen3_vl_8b,test,closure,17,40,40,1.1057828566644426e-06,1.3370377018873114e-06,0.675
qwen3_vl_8b,test,closure,18,40,40,5.064516894037752e-07,4.491297337002227e-07,0.7
qwen3_vl_8b,test,closure,19,40,40,2.1289273765508668e-07,1.458147096400353e-07,0.6
qwen3_vl_8b,test,closure,20,40,40,1.0063123307683479e-06,7.707838562964753e-07,0.65
qwen3_vl_8b,test,closure,21,40,40,1.7385311746901757e-06,1.0910970236939948e-06,0.7
qwen3_vl_8b,test,closure,22,40,40,2.369681375142818e-06,1.1961555230755039e-06,0.7
qwen3_vl_8b,test,closure,23,40,40,1.2117917224448624e-06,7.113276296877302e-07,0.55
qwen3_vl_8b,test,closure,24,40,40,-3.0974518982892126e-07,4.898804585688292e-07,0.625
qwen3_vl_8b,test,closure,25,40,40,1.001475234213937e-06,8.647708445626754e-07,0.725
qwen3_vl_8b,test,closure,26,40,40,3.882256710501982e-06,5.421676235073392e-06,0.675
qwen3_vl_8b,test,closure,27,40,40,1.570844261588415e-06,6.666072067673667e-07,0.575
qwen3_vl_8b,test,closure,28,40,40,4.275591453127466e-06,2.703427905241066e-06,0.675
qwen3_vl_8b,test,closure,29,40,40,6.0081467228201295e-06,2.3929556315730833e-06,0.7
qwen3_vl_8b,test,closure,30,40,40,2.0915429293684915e-06,8.821867822916829e-07,0.625
qwen3_vl_8b,test,closure,31,40,40,6.236741839226549e-06,6.162116202782878e-06,0.65
qwen3_vl_8b,test,closure,32,40,40,1.411090912711188e-05,6.238284981918696e-06,0.7
qwen3_vl_8b,test,closure,33,40,40,1.734674778409347e-05,1.806649152058526e-06,0.625
qwen3_vl_8b,test,closure,34,40,40,1.3424453970477165e-05,3.2290009812641074e-06,0.575
qwen3_vl_8b,test,closure,35,40,40,6.6663173621842975e-06,1.0705377917474834e-06,0.575
qwen3_vl_8b,test,closure,36,40,40,2.8717066553933063e-06,-2.0574852896970697e-06,0.45
qwen3_vl_8b,test,rotation_mean,1,40,40,0.004867925138411618,0.009106178612758711,0.575
qwen3_vl_8b,test,rotation_mean,2,40,40,-0.0015379165423413121,-0.0016890342036883013,0.475
qwen3_vl_8b,test,rotation_mean,3,40,40,-0.00202766610464702,-0.007044452242553234,0.45
qwen3_vl_8b,test,rotation_mean,4,40,40,0.007774223123366633,-4.9870461225509644e-05,0.5
qwen3_vl_8b,test,rotation_mean,5,40,40,-0.011767749671513835,-0.005769781768321991,0.45
qwen3_vl_8b,test,rotation_mean,6,40,40,-0.000818197404344876,9.924396872521002e-05,0.5
qwen3_vl_8b,test,rotation_mean,7,40,40,0.004454392896344262,0.007690952469905227,0.55
qwen3_vl_8b,test,rotation_mean,8,40,40,0.010676563568413257,0.003735952079296112,0.55
qwen3_vl_8b,test,rotation_mean,9,40,40,0.0025486134241024623,0.003766000270843506,0.55
qwen3_vl_8b,test,rotation_mean,10,40,40,-0.009753708510349195,-0.004132623473803221,0.425
qwen3_vl_8b,test,rotation_mean,11,40,40,-0.008175812556097905,-0.012407161295413971,0.4
qwen3_vl_8b,test,rotation_mean,12,40,40,-0.005409314222633839,-0.002002507448196411,0.475
qwen3_vl_8b,test,rotation_mean,13,40,40,0.011048559167732796,0.008552692830562592,0.525
qwen3_vl_8b,test,rotation_mean,14,40,40,-0.00979914663359523,-0.0029384642839431763,0.475
qwen3_vl_8b,test,rotation_mean,15,40,40,0.00017880331104000446,-0.008236873894929886,0.45
qwen3_vl_8b,test,rotation_mean,16,40,40,0.0002542141576608023,-0.0009049015740553445,0.5
qwen3_vl_8b,test,rotation_mean,17,40,40,-0.0018955334710578128,-0.005787784854571015,0.475
qwen3_vl_8b,test,rotation_mean,18,40,40,-0.003877504710108043,-0.006686441103617352,0.375
qwen3_vl_8b,test,rotation_mean,19,40,40,0.004278558604419233,0.011189577480157226,0.575
qwen3_vl_8b,test,rotation_mean,20,40,40,-0.003992281612008808,-0.0067903585731983185,0.375
qwen3_vl_8b,test,rotation_mean,21,40,40,-0.014168064314872025,-0.01440379917621612,0.325
qwen3_vl_8b,test,rotation_mean,22,40,40,0.0043911857468386505,0.005328960716724396,0.675
qwen3_vl_8b,test,rotation_mean,23,40,40,0.0023729123702893643,0.0031625963747501373,0.525
qwen3_vl_8b,test,rotation_mean,24,40,40,-0.004156943432365854,-0.010958809405565262,0.4
qwen3_vl_8b,test,rotation_mean,25,40,40,0.001154902102425695,-0.0032553752884268705,0.425
qwen3_vl_8b,test,rotation_mean,26,40,40,0.008716187302197797,0.004851931085189186,0.55
qwen3_vl_8b,test,rotation_mean,27,40,40,0.009849319585288565,0.008246904859940209,0.7
qwen3_vl_8b,test,rotation_mean,28,40,40,0.017261196177229675,0.014596974525678283,0.625
qwen3_vl_8b,test,rotation_mean,29,40,40,0.008469232839391527,0.010846612312889192,0.675
qwen3_vl_8b,test,rotation_mean,30,40,40,0.003096599517060288,0.004067133646458387,0.625
qwen3_vl_8b,test,rotation_mean,31,40,40,0.001415068846721018,0.003135967068374157,0.55
qwen3_vl_8b,test,rotation_mean,32,40,40,0.002185084044152366,0.002798621077090502,0.675
qwen3_vl_8b,test,rotation_mean,33,40,40,0.0025811963821373253,0.0008804798126220703,0.525
qwen3_vl_8b,test,rotation_mean,34,40,40,0.00013321329218645897,-0.00015020929276943207,0.475
qwen3_vl_8b,test,rotation_mean,35,40,40,-0.0042391828414596,0.004588209092617038,0.525
qwen3_vl_8b,test,rotation_mean,36,40,40,0.009946822430938479,0.004617984096209199,0.5
qwen3_vl_8b,test,rotation_median,1,40,40,0.005531685256743608,0.009439608152024447,0.575
qwen3_vl_8b,test,rotation_median,2,40,40,-0.0008522520059098801,-0.0026250090450048447,0.475
qwen3_vl_8b,test,rotation_median,3,40,40,-0.0006257851390788965,-0.01518309861421585,0.45
qwen3_vl_8b,test,rotation_median,4,40,40,0.008219468284708759,0.0005955453962087631,0.5
qwen3_vl_8b,test,rotation_median,5,40,40,-0.011342254371071855,-0.005445500835776329,0.45
qwen3_vl_8b,test,rotation_median,6,40,40,-0.0016356593929231146,-0.005932112534840911,0.45
qwen3_vl_8b,test,rotation_median,7,40,40,0.006133880224078893,0.004762783646583557,0.575
qwen3_vl_8b,test,rotation_median,8,40,40,0.010342676819612581,0.0045525431632995605,0.55
qwen3_vl_8b,test,rotation_median,9,40,40,0.0021444475091993835,-0.0031273787220319205,0.475
qwen3_vl_8b,test,rotation_median,10,40,40,-0.008071158646295467,-0.006055684139331191,0.45
qwen3_vl_8b,test,rotation_median,11,40,40,-0.008518345852692918,-0.009670190513134003,0.375
qwen3_vl_8b,test,rotation_median,12,40,40,-0.004457493461668493,-0.002835715810457884,0.5
qwen3_vl_8b,test,rotation_median,13,40,40,0.015457313247025017,0.008973993360996246,0.6
qwen3_vl_8b,test,rotation_median,14,40,40,-0.010614621384690204,-0.005608707666397095,0.45
qwen3_vl_8b,test,rotation_median,15,40,40,0.000726673261572916,-0.004072129726409912,0.475
qwen3_vl_8b,test,rotation_median,16,40,40,0.006592593422780435,0.004066068679094315,0.5
qwen3_vl_8b,test,rotation_median,17,40,40,-0.0022615947822729756,-0.004667400072018296,0.5
qwen3_vl_8b,test,rotation_median,18,40,40,-0.003313173577189449,-0.008863624185323715,0.4
qwen3_vl_8b,test,rotation_median,19,40,40,0.005796253314862647,0.017137568444013596,0.575
qwen3_vl_8b,test,rotation_median,20,40,40,-0.0028662386971215386,-0.004857706526915223,0.4
qwen3_vl_8b,test,rotation_median,21,40,40,-0.01583587985485792,-0.012978732585906982,0.225
qwen3_vl_8b,test,rotation_median,22,40,40,0.0044784855470061296,0.004852075129747391,0.65
qwen3_vl_8b,test,rotation_median,23,40,40,0.00025979594637950477,-0.0003588050603866577,0.5
qwen3_vl_8b,test,rotation_median,24,40,40,-0.006004642446835837,-0.01068686942259471,0.375
qwen3_vl_8b,test,rotation_median,25,40,40,0.0032178404539202647,-0.0006404810895522389,0.45
qwen3_vl_8b,test,rotation_median,26,40,40,0.003909036144614219,0.0017596011360486372,0.525
qwen3_vl_8b,test,rotation_median,27,40,40,0.010158799276687206,0.008285846871634327,0.725
qwen3_vl_8b,test,rotation_median,28,40,40,0.019852548085133703,0.017139872225622337,0.675
qwen3_vl_8b,test,rotation_median,29,40,40,0.006167104895827531,0.00935737956315279,0.65
qwen3_vl_8b,test,rotation_median,30,40,40,0.0038323362090159213,0.004475220805034041,0.675
qwen3_vl_8b,test,rotation_median,31,40,40,0.0014683953693383953,0.002792780964227859,0.6
qwen3_vl_8b,test,rotation_median,32,40,40,0.0013980747092500678,0.001063575303851394,0.55
qwen3_vl_8b,test,rotation_median,33,40,40,0.00214935832247041,0.002325505956832785,0.6
qwen3_vl_8b,test,rotation_median,34,40,40,0.0011926488929020706,0.0011519126128405333,0.575
qwen3_vl_8b,test,rotation_median,35,40,40,-0.001351381689116047,0.0036275813666482755,0.525
qwen3_vl_8b,test,rotation_median,36,40,40,0.00974361818865873,0.008682921528816223,0.525
qwen3_vl_8b,test,input_cancellation,1,40,40,0.0004514008512099571,0.004520773887634277,0.575
qwen3_vl_8b,test,input_cancellation,2,40,40,-0.006822685624162353,-0.007354372491439193,0.475
qwen3_vl_8b,test,input_cancellation,3,40,40,-0.0018464183931549403,-0.0044472478330135345,0.45
qwen3_vl_8b,test,input_cancellation,4,40,40,-0.002106562635550889,-0.01571947087844211,0.45
qwen3_vl_8b,test,input_cancellation,5,40,40,-0.027403916989763577,-0.02408656974633533,0.375
qwen3_vl_8b,test,input_cancellation,6,40,40,-0.00391103056569894,-0.002828039228916168,0.475
qwen3_vl_8b,test,input_cancellation,7,40,40,-0.04895457250997424,-0.0655137300491333,0.275
qwen3_vl_8b,test,input_cancellation,8,40,40,-0.017348791087667147,-0.01062709093093872,0.45
qwen3_vl_8b,test,input_cancellation,9,40,40,0.01592261301353573,-0.007963831226031004,0.425
qwen3_vl_8b,test,input_cancellation,10,40,40,-0.004536457614352303,0.007686920464038849,0.575
qwen3_vl_8b,test,input_cancellation,11,40,40,0.0014564906495312835,-0.0064381808042526245,0.45
qwen3_vl_8b,test,input_cancellation,12,40,40,-0.0031307490852971907,0.002404753367106105,0.5
qwen3_vl_8b,test,input_cancellation,13,40,40,0.026611700467765332,0.03480877727270126,0.7
qwen3_vl_8b,test,input_cancellation,14,40,40,0.02314347923422853,0.01611901819705963,0.625
qwen3_vl_8b,test,input_cancellation,15,40,40,0.009739643000066283,0.007355148593584687,0.55
qwen3_vl_8b,test,input_cancellation,16,40,40,0.012964008028308553,0.008563073972860963,0.575
qwen3_vl_8b,test,input_cancellation,17,40,40,0.0026346875416735803,-0.004806913435459137,0.475
qwen3_vl_8b,test,input_cancellation,18,40,40,0.025357276772459348,0.034629917144775396,0.65
qwen3_vl_8b,test,input_cancellation,19,40,40,0.01639278048028548,0.006971299648284912,0.55
qwen3_vl_8b,test,input_cancellation,20,40,40,0.03319316653534771,0.017673704773187637,0.625
qwen3_vl_8b,test,input_cancellation,21,40,40,0.037470739725977184,0.029840101798375457,0.7
qwen3_vl_8b,test,input_cancellation,22,40,40,0.03362495941420396,0.0292726531624794,0.625
qwen3_vl_8b,test,input_cancellation,23,40,40,0.022144391077260177,0.013023752719163895,0.675
qwen3_vl_8b,test,input_cancellation,24,40,40,0.032608863972127436,0.01984531432390213,0.7
qwen3_vl_8b,test,input_cancellation,25,40,40,0.011318379795799652,0.004240722085038812,0.575
qwen3_vl_8b,test,input_cancellation,26,40,40,-0.003113235545655092,-0.001342490315437317,0.5
qwen3_vl_8b,test,input_cancellation,27,40,40,0.003713255928208435,0.00608409196138382,0.575
qwen3_vl_8b,test,input_cancellation,28,40,40,-0.010930044154326125,-0.020678632706403743,0.35
qwen3_vl_8b,test,input_cancellation,29,40,40,0.008346780737241103,-0.0009323008358478602,0.5
qwen3_vl_8b,test,input_cancellation,30,40,40,-0.007300851096709572,-0.0034466783205668317,0.45
qwen3_vl_8b,test,input_cancellation,31,40,40,-0.0031467364914715286,0.0028168335556983948,0.525
qwen3_vl_8b,test,input_cancellation,32,40,40,-0.015295807197690007,-0.033279698342084885,0.325
qwen3_vl_8b,test,input_cancellation,33,40,40,-0.01671867207934459,-0.0345311276614666,0.375
qwen3_vl_8b,test,input_cancellation,34,40,40,0.0034986362109581644,-0.001740582287311554,0.475
qwen3_vl_8b,test,input_cancellation,35,40,40,0.0015207409424086425,-0.017482999712228775,0.45
qwen3_vl_8b,test,input_cancellation,36,40,40,-0.0041496890845398125,-0.013370051359136909,0.425
qwen3_vl_8b,test,cancellation_change,1,40,40,-0.004010642815729916,-0.0036688715164429272,0.475
qwen3_vl_8b,test,cancellation_change,2,40,40,0.0039017010349700924,-0.015138103092684277,0.475
qwen3_vl_8b,test,cancellation_change,3,40,40,-0.008145488342237963,-0.02354146149096606,0.275
qwen3_vl_8b,test,cancellation_change,4,40,40,-0.000394593768176435,0.0015655816757193658,0.525
qwen3_vl_8b,test,cancellation_change,5,40,40,-0.015835951369672065,-0.0156601819213234,0.45
qwen3_vl_8b,test,cancellation_change,6,40,40,-0.0020325354378589533,0.000269973166376173,0.5
qwen3_vl_8b,test,cancellation_change,7,40,40,-0.006034073802166257,0.0008213353778482313,0.5
qwen3_vl_8b,test,cancellation_change,8,40,40,-0.006361524729965458,-0.009079338470679918,0.3
qwen3_vl_8b,test,cancellation_change,9,40,40,-0.006075012321090534,-0.002318969787334507,0.425
qwen3_vl_8b,test,cancellation_change,10,40,40,-0.001097482647717704,-0.002969764820074036,0.425
qwen3_vl_8b,test,cancellation_change,11,40,40,-0.0016984807617844433,-0.0070742572119545325,0.4
qwen3_vl_8b,test,cancellation_change,12,40,40,-0.0005113758924628162,0.004758448337877773,0.625
qwen3_vl_8b,test,cancellation_change,13,40,40,0.00287287478251447,0.0025203922464774736,0.5
qwen3_vl_8b,test,cancellation_change,14,40,40,-0.009895335683633237,-0.007925044273154833,0.275
qwen3_vl_8b,test,cancellation_change,15,40,40,0.004464033316054904,0.0051101307775260445,0.625
qwen3_vl_8b,test,cancellation_change,16,40,40,-0.007628087022419986,-0.008173980293757295,0.425
qwen3_vl_8b,test,cancellation_change,17,40,40,0.006388500686830852,0.004858206270521494,0.675
qwen3_vl_8b,test,cancellation_change,18,40,40,0.0062951859691918535,0.005741250056829165,0.575
qwen3_vl_8b,test,cancellation_change,19,40,40,-0.0018567342900998114,-0.002830480662138238,0.425
qwen3_vl_8b,test,cancellation_change,20,40,40,0.0021192837808457084,0.008822529889900597,0.65
qwen3_vl_8b,test,cancellation_change,21,40,40,-0.005104938796397488,-0.00302060243562155,0.425
qwen3_vl_8b,test,cancellation_change,22,40,40,-0.007215081127010153,-0.005085341625176135,0.4
qwen3_vl_8b,test,cancellation_change,23,40,40,0.004267168083898426,0.0017886407466606348,0.525
qwen3_vl_8b,test,cancellation_change,24,40,40,-0.0027707123823623218,-0.002929688655498707,0.4
qwen3_vl_8b,test,cancellation_change,25,40,40,0.0022350686804740003,0.003744114130270121,0.6
qwen3_vl_8b,test,cancellation_change,26,40,40,-0.0004014938096453183,-0.0013225635065593974,0.475
qwen3_vl_8b,test,cancellation_change,27,40,40,0.0002508854216903032,0.004716887591588621,0.575
qwen3_vl_8b,test,cancellation_change,28,40,40,-0.005266087749295854,-0.005914095157632899,0.425
qwen3_vl_8b,test,cancellation_change,29,40,40,-0.006427081278653229,-0.005318149622098927,0.475
qwen3_vl_8b,test,cancellation_change,30,40,40,-0.029204200361277542,-0.01541205330827497,0.4
qwen3_vl_8b,test,cancellation_change,31,40,40,-0.019818178309340555,-0.015724185007702868,0.325
qwen3_vl_8b,test,cancellation_change,32,40,40,-0.013944666282527569,-0.008205156377340025,0.375
qwen3_vl_8b,test,cancellation_change,33,40,40,0.001227819908280864,-0.0005712150240858652,0.475
qwen3_vl_8b,test,cancellation_change,34,40,40,-0.005322540369456211,-0.0015957917760511346,0.475
qwen3_vl_8b,test,cancellation_change,35,40,40,0.008612170390774688,0.006667129130864105,0.6
qwen3_vl_8b,test,cancellation_change,36,40,40,0.03686578476795359,0.05593935103810954,0.6
