method,layer,metric,count,mean,std,q10,median,q90
ATTN,1,bbox_mass,11418,0.2511647112853144,0.27484019816927,0.006424711970612407,0.13481664657592773,0.6987591326236726
ATTN,1,patch_aupr,11418,0.31022573608281423,0.2977239321488554,0.01985516641288996,0.20253463089466095,0.8141197204589845
ATTN,1,patch_auroc,11418,0.5494301330579915,0.21719631094440783,0.26115685105323794,0.5572977662086487,0.8275150537490845
ATTN,1,top1_pointing,11418,0.20292520581537923,0.4021772826256665,0.0,0.0,1.0
ATTN,1,top32_box_recall,11418,0.034929025080030526,0.06413104019795865,0.0,0.008771929889917374,0.08888889104127884
ATTN,1,uniform_enrichment,11418,1.0022896313013725,0.195276683420106,0.8231393039226532,1.0013002753257751,1.2104222893714904
ATTN,2,bbox_mass,11418,0.24846624064114087,0.27364270224897796,0.006003201566636563,0.13167309015989304,0.6988725841045385
ATTN,2,patch_aupr,11418,0.30749244953062466,0.2869959724146083,0.024450194276869296,0.20399024337530136,0.7786526679992678
ATTN,2,patch_auroc,11418,0.5607358496999122,0.1834696674775767,0.3381752610206604,0.5681210458278656,0.7781474590301514
ATTN,2,top1_pointing,11418,0.2398843930635838,0.4270127293513623,0.0,0.0,1.0
ATTN,2,top32_box_recall,11418,0.04849594544347625,0.06847309343001215,0.0,0.03846153989434242,0.09501239508390431
ATTN,2,uniform_enrichment,11418,1.0010095592356538,0.28339866673020897,0.7344979822635651,0.9889297187328339,1.29609591960907
ATTN,3,bbox_mass,11418,0.21611316892497012,0.29693116170162354,0.0014244789606891572,0.05165369249880314,0.7477497279644013
ATTN,3,patch_aupr,11418,0.3236569482555414,0.2914782147593263,0.026411106064915656,0.22707653045654297,0.8010301113128666
ATTN,3,patch_auroc,11418,0.5922485422356066,0.19210462852807123,0.3429339498281479,0.6103807389736176,0.8149758815765381
ATTN,3,top1_pointing,11418,0.2348922753547031,0.42393147362916267,0.0,0.0,1.0
ATTN,3,top32_box_recall,11418,0.06409655744687048,0.08460503920851285,0.0,0.05000000074505806,0.12727272510528564
ATTN,3,uniform_enrichment,11418,0.6956311855937034,0.9114552577567363,0.1255965769290924,0.4705781787633896,1.356204533576966
ATTN,4,bbox_mass,11418,0.21873245062103133,0.29926580402757336,0.0011612350819632411,0.05310112610459328,0.7593868732452393
ATTN,4,patch_aupr,11418,0.3388238283360096,0.29326218196491244,0.02817574180662632,0.24966979026794434,0.8111001729965213
ATTN,4,patch_auroc,11418,0.618158737884958,0.1955499030529879,0.3603903591632843,0.6429627239704132,0.8403629124164582
ATTN,4,top1_pointing,11418,0.23392888421790156,0.42332748711425433,0.0,0.0,1.0
ATTN,4,top32_box_recall,11418,0.07553284724444372,0.10055617989487924,0.0,0.0555555559694767,0.1666666716337204
ATTN,4,uniform_enrichment,11418,0.7092004158400912,1.032709869983973,0.10193339958786965,0.4664502292871475,1.3832876443862927
ATTN,5,bbox_mass,11418,0.2266785230707,0.2915867669550165,0.0018582910764962436,0.07781727984547615,0.7390888333320624
ATTN,5,patch_aupr,11418,0.351607443571392,0.28970196170049,0.033203992247581485,0.27445268630981445,0.8134017646312716
ATTN,5,patch_auroc,11418,0.6399713891052149,0.19339154583551094,0.3863518446683884,0.6668899357318878,0.8558759748935699
ATTN,5,top1_pointing,11418,0.22683482221054477,0.4187848918517182,0.0,0.0,1.0
ATTN,5,top32_box_recall,11418,0.09342078974884527,0.12354811970493812,0.0,0.05882352963089943,0.2142857164144516
ATTN,5,uniform_enrichment,11418,0.8441829789941486,1.0304284543784492,0.156113463640213,0.6518615782260895,1.550739860534668
ATTN,6,bbox_mass,11418,0.24389301276875955,0.28569407147436177,0.003005624166689813,0.1147226020693779,0.7360607862472535
ATTN,6,patch_aupr,11418,0.360619564993091,0.2886002612915043,0.035784615948796276,0.29242029786109924,0.8183289885520937
ATTN,6,patch_auroc,11418,0.6524799141189793,0.1855344102816808,0.41427887678146363,0.6780024468898773,0.8575213432312012
ATTN,6,top1_pointing,11418,0.2255211070239972,0.4179250379083167,0.0,0.0,1.0
ATTN,6,top32_box_recall,11418,0.10235711043506611,0.1260650532249641,0.0,0.06516290456056595,0.22857142984867096
ATTN,6,uniform_enrichment,11418,1.0430899746291877,1.096903239768609,0.2521564900875092,0.8748988211154938,1.862388074398041
ATTN,7,bbox_mass,11418,0.2827817187992844,0.2887843639507958,0.004046246595680714,0.1789354383945465,0.7487379014492036
ATTN,7,patch_aupr,11418,0.37863372143325447,0.2852535356285905,0.041050451993942264,0.3258756697177887,0.8147514581680302
ATTN,7,patch_auroc,11418,0.6653333449170821,0.17847894399087694,0.45028226375579833,0.6827989220619202,0.8739614844322204
ATTN,7,top1_pointing,11418,0.22867402347171134,0.41997882620552496,0.0,0.0,1.0
ATTN,7,top32_box_recall,11418,0.12478422415976208,0.15206396604612324,0.0,0.07355400547385216,0.2916666567325592
ATTN,7,uniform_enrichment,11418,1.638311830644373,2.6187303062314173,0.3072809338569641,1.054108440876007,3.0108458042144783
ATTN,8,bbox_mass,11418,0.2918052757822789,0.2897617322440849,0.0076490620151162154,0.19141794741153717,0.7657048940658571
ATTN,8,patch_aupr,11418,0.4008636548409022,0.2865648414564052,0.05577700734138489,0.35529568791389465,0.8309952557086946
ATTN,8,patch_auroc,11418,0.7034214110217922,0.16834168923180276,0.5142173290252685,0.7197449207305908,0.8954511284828187
ATTN,8,top1_pointing,11418,0.22814853739709232,0.41963887126988114,0.0,0.0,1.0
ATTN,8,top32_box_recall,11418,0.14358126821610107,0.16568555066139734,0.020408162847161293,0.0833333358168602,0.3333333432674408
ATTN,8,uniform_enrichment,11418,1.6946585394218916,2.279782305017543,0.5222310900688172,1.1494725346565247,3.0386999368667627
ATTN,9,bbox_mass,11418,0.30514348609910313,0.2909924141283641,0.010884510818868876,0.20762696862220764,0.7730672180652621
ATTN,9,patch_aupr,11418,0.39974076169721434,0.2825313002107439,0.06330711394548416,0.3474159985780716,0.8241763889789582
ATTN,9,patch_auroc,11418,0.7029965223297855,0.16450464049939556,0.5234832286834716,0.7134875953197479,0.896139830350876
ATTN,9,top1_pointing,11418,0.2630933613592573,0.44031266682659104,0.0,0.0,1.0
ATTN,9,top32_box_recall,11418,0.14842063229164654,0.16777899763993798,0.035269264131784446,0.08695652335882187,0.3333333432674408
ATTN,9,uniform_enrichment,11418,2.0160844959155506,3.366530070846342,0.6686458647251129,1.2266053557395935,3.480112838745118
ATTN,10,bbox_mass,11418,0.32291494277910143,0.28913407334469554,0.01583241131156683,0.24077755212783813,0.7849243819713594
ATTN,10,patch_aupr,11418,0.4251791869903469,0.2812087975846528,0.07974287196993828,0.38686583936214447,0.8422059059143067
ATTN,10,patch_auroc,11418,0.7254503872137883,0.16298362821438586,0.5481904566287994,0.7384347915649414,0.9121235966682436
ATTN,10,top1_pointing,11418,0.23804519180241723,0.42588693154658736,0.0,0.0,1.0
ATTN,10,top32_box_recall,11418,0.17393847161968903,0.182591992741982,0.04995844885706902,0.10159425809979439,0.41524389386177285
ATTN,10,uniform_enrichment,11418,2.3970650794892525,3.8356506662255767,0.8426014721393585,1.4138368964195251,4.251777887344368
ATTN,11,bbox_mass,11418,0.3477425184635818,0.2859515383396822,0.023185447789728645,0.282750204205513,0.7901666760444652
ATTN,11,patch_aupr,11418,0.4376443053207385,0.2708497615679882,0.09260776937007904,0.41398201882839203,0.8340985953807837
ATTN,11,patch_auroc,11418,0.7248372786447868,0.1651630716705124,0.5438185393810272,0.7370920479297638,0.9180700719356539
ATTN,11,top1_pointing,11418,0.30320546505517604,0.4596432431961232,0.0,0.0,1.0
ATTN,11,top32_box_recall,11418,0.18993923460237125,0.1930326350960795,0.05324074253439903,0.11182167381048203,0.4615384638309479
ATTN,11,uniform_enrichment,11418,3.209643273651378,6.526529096023819,0.9413605391979217,1.6174376606941223,6.198309612274173
ATTN,12,bbox_mass,11418,0.3607173218674902,0.2883648217887122,0.02618391774594784,0.3002333492040634,0.8077285826206216
ATTN,12,patch_aupr,11418,0.45229096848377853,0.2696758000480526,0.10103458166122437,0.43152688443660736,0.8423641383647922
ATTN,12,patch_auroc,11418,0.7360145877240877,0.16994435219220375,0.5409946143627167,0.7545166611671448,0.9282474279403687
ATTN,12,top1_pointing,11418,0.38623226484498163,0.4868848964978249,0.0,0.0,1.0
ATTN,12,top32_box_recall,11418,0.194003723348509,0.2023201818697291,0.05128205195069313,0.1111111119389534,0.5
ATTN,12,uniform_enrichment,11418,3.9155918504911633,8.66010052485283,0.9308834433555604,1.6767597198486328,7.749305868148826
ATTN,13,bbox_mass,11418,0.3707518798744081,0.2921741183423579,0.02213195934891701,0.31718266010284424,0.8183193862438202
ATTN,13,patch_aupr,11418,0.4546818615066321,0.2731427855886517,0.09186399728059769,0.43690526485443115,0.8486215829849244
ATTN,13,patch_auroc,11418,0.7394038654066444,0.1689515040304416,0.5450776994228363,0.7592161893844604,0.9280884981155396
ATTN,13,top1_pointing,11418,0.33631108775617446,0.47244675891409516,0.0,0.0,1.0
ATTN,13,top32_box_recall,11418,0.1933766482489268,0.202228140072224,0.0505952388048172,0.1111111119389534,0.5
ATTN,13,uniform_enrichment,11418,4.074768438400206,9.04741616112102,0.8773050665855407,1.6686275601387024,8.159812355041508
ATTN,14,bbox_mass,11418,0.34157398466305333,0.2795024750921982,0.029368936084210876,0.27462925016880035,0.78095001578331
ATTN,14,patch_aupr,11418,0.4444313757323439,0.267680740210242,0.10007346346974373,0.4182474613189697,0.8384011209011077
ATTN,14,patch_auroc,11418,0.7373807577823805,0.16911004574443994,0.543024092912674,0.7541553974151611,0.929632842540741
ATTN,14,top1_pointing,11418,0.30320546505517604,0.45964324319612315,0.0,0.0,1.0
ATTN,14,top32_box_recall,11418,0.19093483568632963,0.2023915921615274,0.0515873022377491,0.10515258833765984,0.5
ATTN,14,uniform_enrichment,11418,3.4709312457191293,6.297436918947918,0.918674498796463,1.5979599356651306,7.279707050323492
ATTN,15,bbox_mass,11418,0.4190523910094871,0.2962852489543518,0.039613835513591766,0.3876195698976517,0.8489085078239441
ATTN,15,patch_aupr,11418,0.48890089012402177,0.266165215781851,0.1175871677696705,0.489626944065094,0.8542923748493195
ATTN,15,patch_auroc,11418,0.7436879571754975,0.17071034768713478,0.5495412170886994,0.7619420886039734,0.9382246792316437
ATTN,15,top1_pointing,11418,0.5487826239271326,0.4976145653040955,0.0,1.0,1.0
ATTN,15,top32_box_recall,11418,0.21340317557612198,0.21432090008475735,0.0555555559694767,0.1230463981628418,0.5145454704761515
ATTN,15,uniform_enrichment,11418,5.8634202452521675,13.989953407095841,0.997442215681076,2.0392037630081177,12.309826469421402
ATTN,16,bbox_mass,11418,0.3843966205388544,0.28482403321961963,0.0308109350502491,0.3480258285999298,0.804808765649796
ATTN,16,patch_aupr,11418,0.47006094326524295,0.2653532896385477,0.10119913443922997,0.46652571856975555,0.8395305216312409
ATTN,16,patch_auroc,11418,0.738636499081237,0.16814253520656017,0.550455242395401,0.7532699108123779,0.9344273269176483
ATTN,16,top1_pointing,11418,0.43597827990891574,0.49588428020716574,0.0,0.0,1.0
ATTN,16,top32_box_recall,11418,0.20332282063035587,0.20976514924147915,0.05263157933950424,0.11456039175391197,0.5
ATTN,16,uniform_enrichment,11418,4.735989498819867,10.431736067047579,0.9581454575061799,1.809390366077423,9.834300136566164
ATTN,17,bbox_mass,11418,0.3518425856689781,0.28973736567282443,0.025079850107431412,0.2857917845249176,0.7977049350738525
ATTN,17,patch_aupr,11418,0.42790310605426096,0.2720985519970569,0.08953662514686585,0.39799055457115173,0.8317937493324281
ATTN,17,patch_auroc,11418,0.7178300810903755,0.1605494638601286,0.5450292229652405,0.7266716063022614,0.9053209006786347
ATTN,17,top1_pointing,11418,0.3233490979155719,0.4677546993807307,0.0,0.0,1.0
ATTN,17,top32_box_recall,11418,0.18063944998281434,0.18586859267777012,0.0513846155256033,0.10526315867900848,0.4285714328289032
ATTN,17,uniform_enrichment,11418,3.140004115821596,5.112827286853657,0.9579598307609558,1.643380880355835,6.2753883361816465
ATTN,18,bbox_mass,11418,0.4012870545081541,0.2885047306728468,0.04149722568690778,0.36066049337387085,0.824449634552002
ATTN,18,patch_aupr,11418,0.48537466569404714,0.2644665295066336,0.12461213022470474,0.4786362200975418,0.8524586260318759
ATTN,18,patch_auroc,11418,0.7490292061619457,0.16448142540899155,0.5680718660354614,0.7646294832229614,0.9347284615039826
ATTN,18,top1_pointing,11418,0.4864249430723419,0.4998156838569702,0.0,0.0,1.0
ATTN,18,top32_box_recall,11418,0.21348779725585734,0.21393958575746927,0.0555555559694767,0.12303578853607178,0.5
ATTN,18,uniform_enrichment,11418,5.167984644479933,10.45377826416411,0.9975456893444061,1.9777644276618958,11.208477592468263
ATTN,19,bbox_mass,11418,0.40560297285785885,0.2833448937109391,0.04030292443931103,0.37931521236896515,0.8186327993869782
ATTN,19,patch_aupr,11418,0.46578294651964647,0.260346682060601,0.11886682733893396,0.4511145353317261,0.8402820944786074
ATTN,19,patch_auroc,11418,0.7267566666602149,0.1587732257312019,0.56147141456604,0.7348200082778931,0.9134711861610413
ATTN,19,top1_pointing,11418,0.5271501138553162,0.49926232715641916,0.0,1.0,1.0
ATTN,19,top32_box_recall,11418,0.204614262117424,0.19716214084220576,0.0555555559694767,0.125,0.5
ATTN,19,uniform_enrichment,11418,5.814017185445742,14.239266211914066,0.9846283376216889,1.9701435565948486,12.204077339172372
ATTN,20,bbox_mass,11418,0.44284397072279275,0.29219570842810044,0.050531903281807906,0.43283554911613464,0.8492197632789612
ATTN,20,patch_aupr,11418,0.5015864082537301,0.2581159410553753,0.1384809583425522,0.5089840292930603,0.8490199804306032
ATTN,20,patch_auroc,11418,0.7465034325265032,0.16110906978801837,0.5737321376800537,0.7581278085708618,0.9330439388751983
ATTN,20,top1_pointing,11418,0.604133823787003,0.48903593604509005,0.0,1.0,1.0
ATTN,20,top32_box_recall,11418,0.22125458772195364,0.21265967399617017,0.0555555559694767,0.13394992798566818,0.5142857432365417
ATTN,20,uniform_enrichment,11418,6.60475533919363,14.95970488958942,1.0036697149276734,2.2512701749801636,14.43739471435548
ATTN,21,bbox_mass,11418,0.4165467482037527,0.2940544084570271,0.042612176761031156,0.3850225508213043,0.8427552461624146
ATTN,21,patch_aupr,11418,0.4889505027960681,0.26262690500933,0.12978500723838807,0.48943178355693817,0.8482848703861238
ATTN,21,patch_auroc,11418,0.7349853810868449,0.1611053992919606,0.5626376152038575,0.743110716342926,0.9242241740226745
ATTN,21,top1_pointing,11418,0.6154317743913119,0.4864930682557288,0.0,1.0,1.0
ATTN,21,top32_box_recall,11418,0.21396178709214853,0.20666378678419406,0.0555555559694767,0.130952388048172,0.5
ATTN,21,uniform_enrichment,11418,5.066980247175522,9.446504297601093,1.0129034280776978,2.141019582748413,11.099924278259282
ATTN,22,bbox_mass,11418,0.422849448935034,0.28973348916184943,0.05058786869049072,0.3910718411207199,0.8456707596778871
ATTN,22,patch_aupr,11418,0.48400671535735107,0.25866285904362496,0.13479780852794648,0.4820237457752228,0.8411399185657503
ATTN,22,patch_auroc,11418,0.7321302230887664,0.16263561066663895,0.5556731224060059,0.7407385408878326,0.923270517587662
ATTN,22,top1_pointing,11418,0.5867927833245752,0.49240939548588364,0.0,1.0,1.0
ATTN,22,top32_box_recall,11418,0.21254532166278223,0.2062438849739562,0.0555555559694767,0.12727272510528564,0.5
ATTN,22,uniform_enrichment,11418,5.925331633167698,12.572160134525088,1.0,2.1657391786575317,13.032367038726811
ATTN,23,bbox_mass,11418,0.415496167177316,0.28713977190569834,0.048932208120822905,0.38435618579387665,0.8361524343490602
ATTN,23,patch_aupr,11418,0.47706782773884565,0.26061086865826966,0.12676915526390076,0.47143785655498505,0.8435192167758944
ATTN,23,patch_auroc,11418,0.7324919593346727,0.16004813929095735,0.5622886061668396,0.7417780756950378,0.9193146288394929
ATTN,23,top1_pointing,11418,0.5727798213347346,0.494674739203938,0.0,1.0,1.0
ATTN,23,top32_box_recall,11418,0.20469965583743177,0.2020411023467335,0.055276382714509964,0.1210101842880249,0.5
ATTN,23,uniform_enrichment,11418,6.084434823821959,14.398786574024536,0.9971297264099122,2.067937970161438,12.960337734222414
ATTN,24,bbox_mass,11418,0.37955984847050483,0.28136642110300214,0.037611592561006546,0.33475884795188904,0.8043983876705173
ATTN,24,patch_aupr,11418,0.45186350199906244,0.2634614356631951,0.10991996675729751,0.43065719306468964,0.8323590159416202
ATTN,24,patch_auroc,11418,0.7228505321918488,0.15970522659512884,0.552591335773468,0.7316238284111023,0.9098907768726349
ATTN,24,top1_pointing,11418,0.4281835698020669,0.49481552153668884,0.0,0.0,1.0
ATTN,24,top32_box_recall,11418,0.19377271769298177,0.19273770481474004,0.05301525294780732,0.11428571492433548,0.48044444024563
ATTN,24,uniform_enrichment,11418,4.809281807147484,9.98212819691587,0.9561615228652954,1.8172585368156433,10.471539592742921
ATTN,25,bbox_mass,11418,0.40191945670771706,0.28414916179899996,0.04659895598888397,0.36648567020893097,0.8239713549613953
ATTN,25,patch_aupr,11418,0.46689703605869987,0.25601737097980737,0.12825770080089569,0.4564211219549179,0.8263607561588292
ATTN,25,patch_auroc,11418,0.7155995363358817,0.16476016207441313,0.5374513030052185,0.7208667695522308,0.9157588183879852
ATTN,25,top1_pointing,11418,0.5606060606060606,0.49631331376240007,0.0,1.0,1.0
ATTN,25,top32_box_recall,11418,0.204039440154212,0.20105145803971883,0.054924242198467255,0.1197916641831398,0.5
ATTN,25,uniform_enrichment,11418,5.343480907837188,11.050626623276864,0.9966342508792877,1.9986358284950256,11.8296624183655
ATTN,26,bbox_mass,11418,0.35074787293384846,0.27689198156906075,0.029746288992464544,0.29277274012565613,0.7769833207130432
ATTN,26,patch_aupr,11418,0.42484497985889297,0.2614130149666689,0.09702390059828758,0.39404095709323883,0.81301007270813
ATTN,26,patch_auroc,11418,0.6931153984600409,0.16465713987160385,0.5188023447990417,0.6947539150714874,0.8976085186004639
ATTN,26,top1_pointing,11418,0.3470835522858644,0.4760426031548963,0.0,0.0,1.0
ATTN,26,top32_box_recall,11418,0.18784292976086137,0.1861163940838194,0.05448089577257633,0.11290322244167328,0.44999998807907104
ATTN,26,uniform_enrichment,11418,3.480648778487936,5.490345236956579,0.9592525660991669,1.684056580066681,7.648556423187268
ATTN,27,bbox_mass,11418,0.35437370312264677,0.2755175885914579,0.0315525233745575,0.2974247336387634,0.7730358123779298
ATTN,27,patch_aupr,11418,0.4317870945907476,0.257843737780564,0.10373362526297569,0.40522466599941254,0.8095598697662355
ATTN,27,patch_auroc,11418,0.7022577409092047,0.1672312969005346,0.522104924917221,0.7072713971138,0.9083991050720216
ATTN,27,top1_pointing,11418,0.41977579260816256,0.4935221135353019,0.0,0.0,1.0
ATTN,27,top32_box_recall,11418,0.184061907757257,0.18855814161807744,0.047936643287539486,0.10576923191547394,0.4553246855735807
ATTN,27,uniform_enrichment,11418,3.8577705122358195,6.878551333002739,0.9338205277919769,1.690625011920929,8.495757198333742
ATTN,28,bbox_mass,11418,0.2440947517304341,0.2802350411277741,0.004792248876765371,0.11904900893568993,0.7069535791873937
ATTN,28,patch_aupr,11418,0.3368406766772898,0.2823517581783531,0.03597174696624279,0.2537345290184021,0.7864250898361206
ATTN,28,patch_auroc,11418,0.6230080404218868,0.16802055706071622,0.4300485223531723,0.6255340576171875,0.8262171864509583
ATTN,28,top1_pointing,11418,0.22140479943948152,0.415192382185228,0.0,0.0,1.0
ATTN,28,top32_box_recall,11418,0.08066996004614169,0.10082631174680795,0.0,0.05665024742484093,0.1666666716337204
ATTN,28,uniform_enrichment,11418,1.0411025204676674,0.9025537464250314,0.43830316662788393,0.8984600901603699,1.6645556449890138
ATTN,29,bbox_mass,11418,0.2811590295455391,0.2740835166255432,0.013758856430649759,0.18487969040870667,0.732212716341019
ATTN,29,patch_aupr,11418,0.38200554312205176,0.26976134563286264,0.06699993982911111,0.3278738558292389,0.7943840444087987
ATTN,29,patch_auroc,11418,0.6818303797824055,0.16609628398407972,0.501297003030777,0.6868854761123657,0.8832967102527619
ATTN,29,top1_pointing,11418,0.24837975126992468,0.43207320031334395,0.0,0.0,1.0
ATTN,29,top32_box_recall,11418,0.1418438449385841,0.16594333645569645,0.02777777798473835,0.07486630976200104,0.3529411852359772
ATTN,29,uniform_enrichment,11418,2.106448969164435,3.6297976786548674,0.663043212890625,1.1599421501159668,4.001812982559206
ATTN,30,bbox_mass,11418,0.30432102536710437,0.2719960543799189,0.02116511408239603,0.2213912457227707,0.738104766607285
ATTN,30,patch_aupr,11418,0.39792501614564046,0.265853818717349,0.08331205323338509,0.35040611028671265,0.8026498496532442
ATTN,30,patch_auroc,11418,0.6901370763000871,0.16545914330617872,0.5134543120861054,0.6925480365753174,0.8919780075550081
ATTN,30,top1_pointing,11418,0.232440007006481,0.42238803267766484,0.0,0.0,1.0
ATTN,30,top32_box_recall,11418,0.16385892445755312,0.17724138201830775,0.04160190038383008,0.09090909361839294,0.4000000059604645
ATTN,30,uniform_enrichment,11418,2.4539451952113396,3.448409991128646,0.8637369692325592,1.3721386790275574,4.9780261993408255
ATTN,31,bbox_mass,11418,0.26224762203899915,0.27086440246335236,0.009966972656548024,0.1598823368549347,0.6987782597541814
ATTN,31,patch_aupr,11418,0.3643030517862116,0.27386044726759146,0.05446278937160969,0.30127517879009247,0.7873883128166199
ATTN,31,patch_auroc,11418,0.6573283635647561,0.16592105328957285,0.47953671813011167,0.6577792763710022,0.8605545759201051
ATTN,31,top1_pointing,11418,0.1930285514100543,0.3946752205935791,0.0,0.0,1.0
ATTN,31,top32_box_recall,11418,0.12806908891358154,0.14675934051022857,0.02380952425301075,0.07307692617177963,0.3055555522441864
ATTN,31,uniform_enrichment,11418,1.4693094152591133,1.7100280749446313,0.6822754919528962,1.0682679414749146,2.4828795909881607
ATTN,32,bbox_mass,11418,0.24852369233459518,0.2659421768577264,0.008435812685638666,0.14193522930145264,0.6757903516292574
ATTN,32,patch_aupr,11418,0.33536723803624086,0.2711244551055572,0.044341681897640234,0.26033927500247955,0.7627343356609346
ATTN,32,patch_auroc,11418,0.6182869033880478,0.16729992991908066,0.43950587809085845,0.6129622161388397,0.8281333565711977
ATTN,32,top1_pointing,11418,0.17297249956209493,0.37822349736278416,0.0,0.0,1.0
ATTN,32,top32_box_recall,11418,0.10301762240696427,0.12338243934711032,0.008836207166314138,0.061999486759305,0.23999999463558197
ATTN,32,uniform_enrichment,11418,1.1820752902080747,0.6547628297417278,0.7333197891712189,1.0098175406455994,1.812455809116364
JFFN,1,bbox_mass,11418,0.2298302665586671,0.2694046157430242,0.00463899583555758,0.10843595489859581,0.6783590793609627
JFFN,1,patch_aupr,11418,0.28847116318537536,0.2933016687981781,0.015650206618010996,0.17221453040838242,0.7877546072006235
JFFN,1,patch_auroc,11418,0.46887074887180263,0.21074769095800508,0.2178429201245308,0.45138736069202423,0.7586604595184326
JFFN,1,top1_pointing,11418,0.20450166403923628,0.4033369973662466,0.0,0.0,1.0
JFFN,1,top32_box_recall,11418,0.03253685119756794,0.06311783774344101,0.0,0.0,0.08753398656845106
JFFN,1,uniform_enrichment,11418,0.857352513675724,0.3316316506773933,0.5471817195415497,0.80152627825737,1.228256261348725
JFFN,2,bbox_mass,11418,0.24824277250104623,0.27503727998334737,0.005728737730532884,0.13034538179636002,0.6998151540756226
JFFN,2,patch_aupr,11418,0.30569954345821776,0.2875758077680046,0.023512753099203112,0.20300545543432236,0.7787034690380098
JFFN,2,patch_auroc,11418,0.5535021452086376,0.1656426754131709,0.36642809510231017,0.5575608313083649,0.7354065954685212
JFFN,2,top1_pointing,11418,0.22954983359607636,0.4205433479346571,0.0,0.0,1.0
JFFN,2,top32_box_recall,11418,0.05228251328492085,0.06910770285746239,0.0,0.04545454680919647,0.09633995071053572
JFFN,2,uniform_enrichment,11418,0.9771394316249938,0.2686472775760903,0.7321915090084076,0.9751627445220947,1.2148853182792665
JFFN,3,bbox_mass,11418,0.2371632406444892,0.27829820977879605,0.003816197044216097,0.10978221148252487,0.7076170325279236
JFFN,3,patch_aupr,11418,0.3268924659672054,0.2901675375159403,0.028396648913621904,0.2334192395210266,0.7972831368446353
JFFN,3,patch_auroc,11418,0.6007459274824153,0.19040478134586838,0.35782383978366855,0.6184967756271362,0.8210435688495636
JFFN,3,top1_pointing,11418,0.23603082851637766,0.4246413504432299,0.0,0.0,1.0
JFFN,3,top32_box_recall,11418,0.06650301612784162,0.08994436276229115,0.0,0.05000000074505806,0.13834697306156177
JFFN,3,uniform_enrichment,11418,0.982737218023598,0.840101741933791,0.3346554160118103,0.8663316667079926,1.6287744879722619
JFFN,4,bbox_mass,11418,0.2644075263960904,0.28380187609676777,0.004351212130859494,0.15081054717302322,0.7303893804550171
JFFN,4,patch_aupr,11418,0.3489359995724284,0.29165742187454197,0.030480174534022807,0.27114158868789673,0.8123285114765167
JFFN,4,patch_auroc,11418,0.6322593582631917,0.18579370849989543,0.3990570932626724,0.6553085446357727,0.8388932108879089
JFFN,4,top1_pointing,11418,0.23900858293921878,0.42647799500162414,0.0,0.0,1.0
JFFN,4,top32_box_recall,11418,0.08378424851517383,0.10685765947075178,0.0,0.0578435305505991,0.18039616942405726
JFFN,4,uniform_enrichment,11418,1.2162089444713868,1.2627157491646346,0.40571840703487394,1.0014909505844116,2.034528326988221
JFFN,5,bbox_mass,11418,0.2894291168959321,0.28511982217368376,0.006855986127629878,0.1920868381857872,0.7497590243816382
JFFN,5,patch_aupr,11418,0.37228024280223443,0.28679280779565963,0.03916684314608574,0.3149493783712387,0.8196751713752748
JFFN,5,patch_auroc,11418,0.6609398181244984,0.1832203754357502,0.43296807408332827,0.6842063069343567,0.8660220801830293
JFFN,5,top1_pointing,11418,0.2561744613767735,0.4365193085249419,0.0,0.0,1.0
JFFN,5,top32_box_recall,11418,0.11259608461053702,0.14152755965640942,0.0,0.06666667014360428,0.2549019753932953
JFFN,5,uniform_enrichment,11418,1.7634570792834194,2.943997029722964,0.5163520395755767,1.134471595287323,2.9968508005142223
JFFN,6,bbox_mass,11418,0.3086031298681968,0.29117024680867243,0.007438144832849503,0.21782182157039642,0.7709652543067933
JFFN,6,patch_aupr,11418,0.38081877709065076,0.2894134206170285,0.03889506533741951,0.3302377760410309,0.8266228854656219
JFFN,6,patch_auroc,11418,0.6638840402357893,0.17963832658258427,0.4449026733636856,0.685649573802948,0.8652370095252991
JFFN,6,top1_pointing,11418,0.31178840427395343,0.46322391479095204,0.0,0.0,1.0
JFFN,6,top32_box_recall,11418,0.11554806067341249,0.1363237858467815,0.0,0.07253886014223099,0.25
JFFN,6,uniform_enrichment,11418,1.867812309267003,2.549257301090694,0.6023044407367706,1.225637972354889,3.3557612895965585
JFFN,7,bbox_mass,11418,0.3440352419870303,0.30375165374896074,0.008185615576803685,0.2687099575996399,0.8111504912376408
JFFN,7,patch_aupr,11418,0.39965170695208097,0.28665828443750696,0.041813551634550104,0.36695680022239685,0.8203286468982698
JFFN,7,patch_auroc,11418,0.6612582623506384,0.18001759087894087,0.44347206354141233,0.6768546998500824,0.8734294474124908
JFFN,7,top1_pointing,11418,0.44307234191627254,0.4967486706022496,0.0,0.0,1.0
JFFN,7,top32_box_recall,11418,0.1350602875679815,0.15973364183439384,0.0,0.08045977354049683,0.3214285671710968
JFFN,7,uniform_enrichment,11418,2.634297774505294,5.172839749752559,0.5814553320407867,1.3564738631248474,4.959245347976688
JFFN,8,bbox_mass,11418,0.3635328884428928,0.3067073794610068,0.016272814199328422,0.29402992129325867,0.831567341089249
JFFN,8,patch_aupr,11418,0.43448896407902426,0.28890248049778194,0.06198707856237888,0.4181007444858551,0.8458389878273012
JFFN,8,patch_auroc,11418,0.7103548913980078,0.16648825014282606,0.5281501293182373,0.7240539789199829,0.9047480046749116
JFFN,8,top1_pointing,11418,0.46706953932387457,0.49891440624585914,0.0,0.0,1.0
JFFN,8,top32_box_recall,11418,0.161205563066954,0.17750651900559472,0.0329453457146883,0.09469696879386902,0.380952388048172
JFFN,8,uniform_enrichment,11418,2.85970137748958,4.998459867769446,0.920214730501175,1.5900684595108032,5.305417585372929
JFFN,9,bbox_mass,11418,0.35480391437451037,0.3072631254286424,0.01703102421015501,0.27131110429763794,0.8312455117702485
JFFN,9,patch_aupr,11418,0.4175743172797581,0.2852213232127698,0.06514996141195298,0.38217008113861084,0.8373630523681643
JFFN,9,patch_auroc,11418,0.7013038686591003,0.1628993969388955,0.5234860956668854,0.7104876637458801,0.8922140359878541
JFFN,9,top1_pointing,11418,0.47591522157996147,0.4994195865687064,0.0,0.0,1.0
JFFN,9,top32_box_recall,11418,0.15213626504776698,0.1677648546412738,0.036363635212183,0.09090909361839294,0.34407327771186946
JFFN,9,uniform_enrichment,11418,2.784604789778906,5.282339686914283,0.9217405319213867,1.5235052108764648,4.8845930099487305
JFFN,10,bbox_mass,11418,0.3861188316735902,0.31064837708212106,0.02440906893461943,0.322126641869545,0.8571825563907626
JFFN,10,patch_aupr,11418,0.4585760230230966,0.28250002083191456,0.08863963708281516,0.4408109784126282,0.8604367673397064
JFFN,10,patch_auroc,11418,0.7302610790228119,0.16149045635450773,0.5571963965892792,0.7419055700302124,0.9176921725273133
JFFN,10,top1_pointing,11418,0.5373970923103871,0.4985994960754858,0.0,1.0,1.0
JFFN,10,top32_box_recall,11418,0.186221727844113,0.18769537935015967,0.05353053435683251,0.11230222508311272,0.4444444477558136
JFFN,10,uniform_enrichment,11418,3.405364503994268,5.970652663399029,1.0003413200378417,1.819002091884613,6.420004320144655
JFFN,11,bbox_mass,11418,0.4144163853131858,0.30204893944385575,0.03385966643691063,0.3836490660905838,0.8540056765079499
JFFN,11,patch_aupr,11418,0.47744863721944836,0.2674087285513524,0.11162006258964538,0.47713616490364075,0.846360093355179
JFFN,11,patch_auroc,11418,0.726485959767909,0.16409293239451286,0.5483663260936738,0.7359926998615265,0.9197005093097688
JFFN,11,top1_pointing,11418,0.6380276755999299,0.4805708696628214,0.0,1.0,1.0
JFFN,11,top32_box_recall,11418,0.2056408236298761,0.199458480392719,0.0555555559694767,0.12608827650547028,0.5
JFFN,11,uniform_enrichment,11418,4.779221951229379,11.042473152750134,1.0075777649879456,2.039544701576233,9.579178619384766
JFFN,12,bbox_mass,11418,0.42304991486321203,0.30589825433538526,0.03279219120740891,0.3935370296239853,0.86890926361084
JFFN,12,patch_aupr,11418,0.4849755391612715,0.26810952078366906,0.11287528052926064,0.48545217514038086,0.8558031857013704
JFFN,12,patch_auroc,11418,0.7314795712764375,0.16983771352333568,0.5353394329547883,0.7470550835132599,0.9262644827365876
JFFN,12,top1_pointing,11418,0.6461727097565247,0.47815639588155123,0.0,1.0,1.0
JFFN,12,top32_box_recall,11418,0.20942124657964709,0.2091212696891322,0.05454545468091965,0.125,0.5
JFFN,12,uniform_enrichment,11418,5.656306052521422,14.264627694115726,0.9885238111019135,2.0241979360580444,11.411543273925796
JFFN,13,bbox_mass,11418,0.4552819667301658,0.31295354422604976,0.032515314221382145,0.4493691623210907,0.8909009277820589
JFFN,13,patch_aupr,11418,0.4988786774039589,0.2705388145808424,0.10917504504323006,0.5094137191772461,0.8644639611244201
JFFN,13,patch_auroc,11418,0.7417409405501174,0.1673462717602947,0.5527312755584717,0.7580067813396454,0.9314595460891725
JFFN,13,top1_pointing,11418,0.6558066211245402,0.475104511464324,0.0,1.0,1.0
JFFN,13,top32_box_recall,11418,0.21263511575577218,0.2107451176875443,0.0555555559694767,0.12727272510528564,0.5
JFFN,13,uniform_enrichment,11418,6.380583835443043,15.553583511500571,0.9944837987422943,2.166131377220154,13.520240306854253
JFFN,14,bbox_mass,11418,0.39087161109467394,0.2922055479236727,0.03794653899967671,0.3430160582065582,0.8318680346012118
JFFN,14,patch_aupr,11418,0.48025186922374924,0.26605592103065984,0.11811652928590774,0.4742155820131302,0.8526885569095612
JFFN,14,patch_auroc,11418,0.7423366385435871,0.16951248845814648,0.5482773721218109,0.7590688467025757,0.9363548994064332
JFFN,14,top1_pointing,11418,0.5708530390611315,0.4949543886620279,0.0,1.0,1.0
JFFN,14,top32_box_recall,11418,0.20557345430831866,0.21231085082354226,0.05416666716337204,0.11538461595773697,0.5
JFFN,14,uniform_enrichment,11418,4.6924854522457755,9.408843097549498,0.9967675864696502,1.8950964212417603,10.02040634155274
JFFN,15,bbox_mass,11418,0.46961570754267784,0.31218124071657355,0.0456463135778904,0.4650934934616089,0.8984001576900484
JFFN,15,patch_aupr,11418,0.5148601256633779,0.26676027172123745,0.13016875833272937,0.5294999480247498,0.8663942098617556
JFFN,15,patch_auroc,11418,0.7484443595166026,0.16831797806155763,0.5587736785411834,0.7658547461032867,0.9401000857353211
JFFN,15,top1_pointing,11418,0.6833070590296024,0.46518654549537203,0.0,1.0,1.0
JFFN,15,top32_box_recall,11418,0.2275081495121875,0.21993465908585064,0.0555555559694767,0.13577453792095184,0.5517241358757019
JFFN,15,uniform_enrichment,11418,7.33696084735332,18.666807124956673,1.0077065467834472,2.339397430419922,15.396506023406983
JFFN,16,bbox_mass,11418,0.42938216157543807,0.29631515096958744,0.03684018775820733,0.41712644696235657,0.8468181252479553
JFFN,16,patch_aupr,11418,0.5026248936532978,0.2648972646441317,0.11664312183856965,0.5158743262290955,0.8530610382556916
JFFN,16,patch_auroc,11418,0.7411136716567691,0.16930915244023262,0.5522558867931366,0.754602313041687,0.9392948150634766
JFFN,16,top1_pointing,11418,0.6495883692415484,0.47709885745792163,0.0,1.0,1.0
JFFN,16,top32_box_recall,11418,0.21805074481482956,0.21665551313847753,0.0552957620471716,0.12918660044670105,0.523809552192688
JFFN,16,uniform_enrichment,11418,6.012542322351106,14.976986885333744,0.9985164999961853,2.0921021699905396,12.334840488433866
JFFN,17,bbox_mass,11418,0.3932292292369917,0.30373866929391047,0.03021817896515131,0.3418925702571869,0.8497862458229066
JFFN,17,patch_aupr,11418,0.4539064132684085,0.2707096235320031,0.0966625712811947,0.442396879196167,0.8428075671195987
JFFN,17,patch_auroc,11418,0.7155873154274197,0.16010728553043616,0.543617057800293,0.7227635681629181,0.9039479017257691
JFFN,17,top1_pointing,11418,0.568838675775092,0.49523856545864015,0.0,1.0,1.0
JFFN,17,top32_box_recall,11418,0.18698390898075987,0.1866983479941422,0.05240179300308228,0.11342372000217438,0.4444444477558136
JFFN,17,uniform_enrichment,11418,3.9981937389700097,7.369782560390646,0.9948484241962433,1.8970791101455688,8.245898628234873
JFFN,18,bbox_mass,11418,0.4404482878980148,0.3007958686707129,0.047317785769701005,0.418013259768486,0.8670684158802032
JFFN,18,patch_aupr,11418,0.5033394243751665,0.2637478198204426,0.13642871081829072,0.5077674090862274,0.8601075589656831
JFFN,18,patch_auroc,11418,0.7474598793985339,0.16415180276214536,0.5678480446338654,0.7616547644138336,0.9344385802745819
JFFN,18,top1_pointing,11418,0.6053599579611141,0.48877323909808346,0.0,1.0,1.0
JFFN,18,top32_box_recall,11418,0.22336114403079815,0.21747793082529365,0.0555555559694767,0.13333334028720856,0.5333333611488342
JFFN,18,uniform_enrichment,11418,6.334014861191788,14.121470525385194,1.0035659670829773,2.226030111312866,13.771902847290058
JFFN,19,bbox_mass,11418,0.47905766813895856,0.300044786801075,0.050146313756704336,0.4947175979614258,0.8821585655212403
JFFN,19,patch_aupr,11418,0.49146427025933753,0.2569042414669893,0.13485667407512664,0.48914632201194763,0.8478779613971712
JFFN,19,patch_auroc,11418,0.724501912287466,0.15804540675026488,0.5608807981014252,0.7308441400527954,0.9113253712654115
JFFN,19,top1_pointing,11418,0.6700823261516903,0.470182945597594,0.0,1.0,1.0
JFFN,19,top32_box_recall,11418,0.2168975388900801,0.19998715134846715,0.05562318935990334,0.14000000059604645,0.5
JFFN,19,uniform_enrichment,11418,8.066813374217812,21.28072597878542,1.0142578482627869,2.4113821983337402,16.903978538513186
JFFN,20,bbox_mass,11418,0.47327398560240397,0.3053039652576019,0.054356311261653904,0.4677122235298157,0.891351991891861
JFFN,20,patch_aupr,11418,0.5098881319504831,0.25905031756044844,0.14491930305957795,0.5204119086265564,0.8561348259449005
JFFN,20,patch_auroc,11418,0.7415998281444783,0.16035654921977072,0.5722404420375824,0.7518331110477448,0.9279049694538117
JFFN,20,top1_pointing,11418,0.6852338413032054,0.4644226782103334,0.0,1.0,1.0
JFFN,20,top32_box_recall,11418,0.2263753093269054,0.21265240553410167,0.0555555559694767,0.1428571492433548,0.5277777910232544
JFFN,20,uniform_enrichment,11418,7.337531715603589,17.874239632620522,1.0148422122001648,2.4508966207504272,15.844617938995368
JFFN,21,bbox_mass,11418,0.4155564259357495,0.29738167840232554,0.04266669452190399,0.37674422562122345,0.853718423843384
JFFN,21,patch_aupr,11418,0.48412617141437025,0.2636143307338706,0.1261441394686699,0.47978372871875763,0.8482392430305481
JFFN,21,patch_auroc,11418,0.7297478303832668,0.16140728805377375,0.5559338569641114,0.7364829182624817,0.9202205896377564
JFFN,21,top1_pointing,11418,0.6104396566824313,0.4876505739070412,0.0,1.0,1.0
JFFN,21,top32_box_recall,11418,0.2139377262107496,0.20735449681477244,0.0555555559694767,0.12941177189350128,0.5
JFFN,21,uniform_enrichment,11418,5.101177529990934,10.020226034634383,1.0133544921875,2.1272743940353394,10.834972000122075
JFFN,22,bbox_mass,11418,0.4479643106155326,0.30075594678590467,0.05361385345458985,0.42213088274002075,0.8798042953014374
JFFN,22,patch_aupr,11418,0.4924411355595252,0.26109289533139496,0.13539060354232788,0.4922516942024231,0.8478627264499664
JFFN,22,patch_auroc,11418,0.7305452878033766,0.16232598533162768,0.5549100935459137,0.738904744386673,0.9231611788272859
JFFN,22,top1_pointing,11418,0.6367139604133824,0.4809462475454904,0.0,1.0,1.0
JFFN,22,top32_box_recall,11418,0.2194387543110696,0.20767764321299265,0.0555555559694767,0.13636364042758942,0.5
JFFN,22,uniform_enrichment,11418,6.523774402390302,14.69495271829694,1.0095879793167115,2.3336431980133057,13.968285942077644
JFFN,23,bbox_mass,11418,0.4360956776457042,0.2990940454182,0.04937260411679745,0.40566501021385193,0.8730597376823426
JFFN,23,patch_aupr,11418,0.48137144742789356,0.2628500265806752,0.12895756363868716,0.4768712967634201,0.8478286206722261
JFFN,23,patch_auroc,11418,0.7283518699014598,0.1602825247554417,0.5585805296897888,0.7360022068023682,0.9172968864440918
JFFN,23,top1_pointing,11418,0.6009809073392889,0.4896966983275811,0.0,1.0,1.0
JFFN,23,top32_box_recall,11418,0.21000614966543835,0.20318928457836216,0.0555555559694767,0.12655172497034073,0.5
JFFN,23,uniform_enrichment,11418,6.532799944694221,16.227067621433616,0.9997516632080078,2.1893150806427,13.270608234405518
JFFN,24,bbox_mass,11418,0.42223500753615556,0.2957579734223135,0.04182644002139568,0.3954296410083771,0.8530564367771148
JFFN,24,patch_aupr,11418,0.4698913781773586,0.2636612955054424,0.11464051976799966,0.46029217541217804,0.8410329282283784
JFFN,24,patch_auroc,11418,0.7223008111403774,0.15918340678348722,0.5533229827880859,0.7304716110229492,0.9092243731021882
JFFN,24,top1_pointing,11418,0.5605184795936241,0.4963240006565027,0.0,1.0,1.0
JFFN,24,top32_box_recall,11418,0.20186315261404703,0.19586537194074496,0.054644808173179626,0.12376043200492859,0.5
JFFN,24,uniform_enrichment,11418,5.874358089125565,13.292048567387871,0.9883485972881317,2.0595752000808716,12.648341178894064
JFFN,25,bbox_mass,11418,0.417627441948955,0.2915823439369629,0.04865316189825535,0.3833603262901306,0.8486368417739869
JFFN,25,patch_aupr,11418,0.46789375425688823,0.2572827774912724,0.1257839322090149,0.46044157445430756,0.8273396015167238
JFFN,25,patch_auroc,11418,0.7072037504044655,0.16575187808084796,0.5279264807701111,0.7117473185062408,0.9113497555255891
JFFN,25,top1_pointing,11418,0.5964266946925907,0.49061379164334745,0.0,1.0,1.0
JFFN,25,top32_box_recall,11418,0.20749829764460617,0.20159123103098645,0.05545617267489433,0.125,0.5
JFFN,25,uniform_enrichment,11418,5.900375557344137,13.609753275366502,0.9940051078796387,2.0814024209976196,12.764905071258562
JFFN,26,bbox_mass,11418,0.4232610317364769,0.2992621978407773,0.037424732372164725,0.3956698477268219,0.8557427108287812
JFFN,26,patch_aupr,11418,0.4600537916976301,0.2603252928237137,0.11109163090586663,0.4515378773212433,0.8281108796596527
JFFN,26,patch_auroc,11418,0.6998624290653026,0.16424684362306619,0.5247927188873291,0.7040353119373322,0.901617765426636
JFFN,26,top1_pointing,11418,0.6119285338938518,0.48731099238614844,0.0,1.0,1.0
JFFN,26,top32_box_recall,11418,0.20285133456724522,0.19186821904694581,0.0555555559694767,0.12820513546466827,0.5
JFFN,26,uniform_enrichment,11418,5.00017452602144,9.420685093270734,1.001316499710083,2.12222421169281,11.186490058898926
JFFN,27,bbox_mass,11418,0.36080328721076027,0.2780580389982947,0.030044185742735863,0.3104025423526764,0.7825410246849062
JFFN,27,patch_aupr,11418,0.41817789193302574,0.2539687084221111,0.09764960631728173,0.3914210945367813,0.7914211213588715
JFFN,27,patch_auroc,11418,0.6646913483596648,0.17403774542936692,0.4768382877111435,0.6581420600414276,0.8924231052398682
JFFN,27,top1_pointing,11418,0.4511297950604309,0.4976059716976521,0.0,0.0,1.0
JFFN,27,top32_box_recall,11418,0.18564069583192455,0.18940286467675435,0.04641304463148117,0.10769230872392654,0.4586711764335645
JFFN,27,uniform_enrichment,11418,4.281692426457263,9.084072542114532,0.8720506966114044,1.662020742893219,9.44633417129517
JFFN,28,bbox_mass,11418,0.26907512773049286,0.2885589025294677,0.006647376902401448,0.14880378544330597,0.7562211275100709
JFFN,28,patch_aupr,11418,0.3374240535830488,0.2827987462857078,0.0359276819974184,0.25661423802375793,0.7877684116363529
JFFN,28,patch_auroc,11418,0.6151699672475455,0.16566805143662908,0.43173415064811704,0.6137989461421967,0.8178754627704622
JFFN,28,top1_pointing,11418,0.24373795761078998,0.4293364247656035,0.0,0.0,1.0
JFFN,28,top32_box_recall,11418,0.08565802793155551,0.10497522216499858,0.0,0.059405941516160965,0.171875
JFFN,28,uniform_enrichment,11418,1.310731046055446,1.52333488103752,0.5741369843482972,1.0222814679145813,2.062968206405641
JFFN,29,bbox_mass,11418,0.31432981548384115,0.2887005273957494,0.015814432874321938,0.2192758023738861,0.7907223463058473
JFFN,29,patch_aupr,11418,0.4020163839205,0.2680783704875805,0.07402736842632293,0.3643822968006134,0.8033511579036713
JFFN,29,patch_auroc,11418,0.6839592090056957,0.16602376798781446,0.5050688803195953,0.6871411800384521,0.8863003253936768
JFFN,29,top1_pointing,11418,0.3215098966544053,0.4670559741697765,0.0,0.0,1.0
JFFN,29,top32_box_recall,11418,0.15663237126072177,0.17533897469595697,0.031869581714272496,0.0833333358168602,0.4000000059604645
JFFN,29,uniform_enrichment,11418,3.117193019056729,7.578485544747434,0.6062872886657715,1.2773042917251587,6.039624071121228
JFFN,30,bbox_mass,11418,0.3240779533966967,0.2775510472054268,0.0235666835680604,0.24733958393335342,0.7658438682556157
JFFN,30,patch_aupr,11418,0.4101221588652556,0.2644146262243902,0.08878165483474731,0.37089210748672485,0.8069621443748475
JFFN,30,patch_auroc,11418,0.688902748419459,0.1649334772313331,0.5129655182361603,0.6887550354003906,0.8914254426956177
JFFN,30,top1_pointing,11418,0.27167630057803466,0.44482388456811534,0.0,0.0,1.0
JFFN,30,top32_box_recall,11418,0.17345608513591687,0.1809628640406049,0.04285714402794838,0.10000000149011612,0.4285714328289032
JFFN,30,uniform_enrichment,11418,3.0049258368903824,5.114172227449082,0.8292392015457153,1.4612128734588623,6.356496906280523
JFFN,31,bbox_mass,11418,0.273623976881851,0.273530087927744,0.011039289459586144,0.17320790886878967,0.7213464021682748
JFFN,31,patch_aupr,11418,0.3544773694904838,0.2696386045040635,0.05113255344331265,0.2901252806186676,0.7709500849246982
JFFN,31,patch_auroc,11418,0.6286111808197472,0.1665904774742314,0.4555469125509262,0.6209936141967773,0.8381185591220858
JFFN,31,top1_pointing,11418,0.232264844981608,0.422277026094574,0.0,0.0,1.0
JFFN,31,top32_box_recall,11418,0.1221863702276859,0.1411899444386961,0.021410256996750834,0.07050445303320885,0.2876136302948002
JFFN,31,uniform_enrichment,11418,1.6987528475299987,2.4054389169878463,0.7179488360881806,1.100380301475525,2.9772179365158093
JFFN,32,bbox_mass,11418,0.2521774928536561,0.27333504878980563,0.006551322015002371,0.13875232636928558,0.6979200839996347
JFFN,32,patch_aupr,11418,0.3045668320478371,0.2798599891315622,0.026585022173821925,0.2078683078289032,0.755178439617157
JFFN,32,patch_auroc,11418,0.547513792095851,0.15451872571896702,0.3899489015340805,0.5386860072612762,0.7222427845001221
JFFN,32,top1_pointing,11418,0.2136976703450692,0.4099158157892414,0.0,0.0,1.0
JFFN,32,top32_box_recall,11418,0.059325960946994785,0.06799109747196413,0.0,0.05000000074505806,0.11538461595773697
JFFN,32,uniform_enrichment,11418,1.0767063488513309,0.5498300938678367,0.6733340561389923,0.982526421546936,1.553845548629761
JFFN_MATCH_WRITE,1,bbox_mass,11418,0.23332991387524946,0.26976761635754887,0.0049690623767673974,0.1132996529340744,0.6808820128440857
JFFN_MATCH_WRITE,1,patch_aupr,11418,0.2884711442763786,0.2933016604167569,0.015650206618010996,0.17221453040838242,0.7877546072006235
JFFN_MATCH_WRITE,1,patch_auroc,11418,0.46887069725281255,0.21074767701989175,0.2178429201245308,0.45138736069202423,0.7586604595184326
JFFN_MATCH_WRITE,1,top1_pointing,11418,0.20450166403923628,0.4033369973662466,0.0,0.0,1.0
JFFN_MATCH_WRITE,1,top32_box_recall,11418,0.03253685119756794,0.06311783774344101,0.0,0.0,0.08753398656845106
JFFN_MATCH_WRITE,1,uniform_enrichment,11418,0.8779127049553643,0.2908621136402,0.6061114609241486,0.8368479013442993,1.2057242751121522
JFFN_MATCH_WRITE,2,bbox_mass,11418,0.24771629385739607,0.27501738779441687,0.005657622683793306,0.129815474152565,0.7005405545234681
JFFN_MATCH_WRITE,2,patch_aupr,11418,0.3056995499577368,0.2875758011706344,0.023512753099203112,0.20300545543432236,0.7787034690380098
JFFN_MATCH_WRITE,2,patch_auroc,11418,0.5535021439427306,0.165642680502941,0.36642809510231017,0.5575608313083649,0.7354065954685212
JFFN_MATCH_WRITE,2,top1_pointing,11418,0.22954983359607636,0.4205433479346571,0.0,0.0,1.0
JFFN_MATCH_WRITE,2,top32_box_recall,11418,0.05228251328492085,0.06910770285746239,0.0,0.04545454680919647,0.09633995071053572
JFFN_MATCH_WRITE,2,uniform_enrichment,11418,0.9729548215521553,0.2779840000617359,0.7155384540557862,0.9699773788452148,1.2189635992050172
JFFN_MATCH_WRITE,3,bbox_mass,11418,0.2380771033329267,0.2779602401243186,0.003954859171062708,0.11168958246707916,0.7080341875553131
JFFN_MATCH_WRITE,3,patch_aupr,11418,0.32689245677600265,0.2901675324873465,0.028396648913621904,0.2334192395210266,0.7972831368446353
JFFN_MATCH_WRITE,3,patch_auroc,11418,0.6007459218393412,0.19040474866350815,0.35782383978366855,0.6184967756271362,0.8210391879081727
JFFN_MATCH_WRITE,3,top1_pointing,11418,0.23603082851637766,0.4246413504432299,0.0,0.0,1.0
JFFN_MATCH_WRITE,3,top32_box_recall,11418,0.06650301612784162,0.08994436276229115,0.0,0.05000000074505806,0.13834697306156177
JFFN_MATCH_WRITE,3,uniform_enrichment,11418,0.9907761254499737,0.8288074272569073,0.34755044281482694,0.8754543364048004,1.6333559989929214
JFFN_MATCH_WRITE,4,bbox_mass,11418,0.2631231756196704,0.28422344672897476,0.004118236806243659,0.14860007911920547,0.7311462879180914
JFFN_MATCH_WRITE,4,patch_aupr,11418,0.34893598548301374,0.29165742989084026,0.030480174534022807,0.27114158868789673,0.8123285114765167
JFFN_MATCH_WRITE,4,patch_auroc,11418,0.6322593517901001,0.18579370044134785,0.3990570932626724,0.6553085446357727,0.8388932108879089
JFFN_MATCH_WRITE,4,top1_pointing,11418,0.23900858293921878,0.42647799500162414,0.0,0.0,1.0
JFFN_MATCH_WRITE,4,top32_box_recall,11418,0.08378303211294835,0.10685663692487407,0.0,0.0578435305505991,0.18009836375713384
JFFN_MATCH_WRITE,4,uniform_enrichment,11418,1.2075082473127332,1.312639178314597,0.3794095367193222,0.9977201223373413,2.0323760271072393
JFFN_MATCH_WRITE,5,bbox_mass,11418,0.2890443279636549,0.2853318822952748,0.006654650485143066,0.19116683304309845,0.7496069192886354
JFFN_MATCH_WRITE,5,patch_aupr,11418,0.3722802387852635,0.28679281407246265,0.03916684314608574,0.3149493783712387,0.8196751713752748
JFFN_MATCH_WRITE,5,patch_auroc,11418,0.6609398174432577,0.18322035716752577,0.43296807408332827,0.6842063069343567,0.8660220801830293
JFFN_MATCH_WRITE,5,top1_pointing,11418,0.2561744613767735,0.4365193085249419,0.0,0.0,1.0
JFFN_MATCH_WRITE,5,top32_box_recall,11418,0.11259608461053702,0.14152755965640942,0.0,0.06666667014360428,0.2549019753932953
JFFN_MATCH_WRITE,5,uniform_enrichment,11418,1.7709571893492844,3.042097542293167,0.5018931031227112,1.1305753588676453,3.0109890222549467
JFFN_MATCH_WRITE,6,bbox_mass,11418,0.30874721459983456,0.2914754691764466,0.007174185523763299,0.21744074672460556,0.7726792871952057
JFFN_MATCH_WRITE,6,patch_aupr,11418,0.3808187580968252,0.2894134319687245,0.03889506533741951,0.3302377760410309,0.8266228854656219
JFFN_MATCH_WRITE,6,patch_auroc,11418,0.6638840305887947,0.17963831264774852,0.4449026733636856,0.685649573802948,0.8652370095252991
JFFN_MATCH_WRITE,6,top1_pointing,11418,0.31178840427395343,0.46322391479095204,0.0,0.0,1.0
JFFN_MATCH_WRITE,6,top32_box_recall,11418,0.11554806067341249,0.1363237858467815,0.0,0.07253886014223099,0.25
JFFN_MATCH_WRITE,6,uniform_enrichment,11418,1.8828321895194249,2.6514451521727054,0.5864496231079102,1.2198807001113892,3.3893257379531865
JFFN_MATCH_WRITE,7,bbox_mass,11418,0.34420001436948877,0.30387200830797073,0.008161262702196836,0.26887382566928864,0.8114237725734712
JFFN_MATCH_WRITE,7,patch_aupr,11418,0.39965170951236156,0.28665828420594486,0.041813551634550104,0.36695680022239685,0.8203286468982698
JFFN_MATCH_WRITE,7,patch_auroc,11418,0.6612582499447497,0.18001759918881366,0.44347206354141233,0.6768546998500824,0.8734294474124908
JFFN_MATCH_WRITE,7,top1_pointing,11418,0.44307234191627254,0.4967486706022496,0.0,0.0,1.0
JFFN_MATCH_WRITE,7,top32_box_recall,11418,0.1350602875679815,0.15973364183439384,0.0,0.08045977354049683,0.3214285671710968
JFFN_MATCH_WRITE,7,uniform_enrichment,11418,2.6392308518272247,5.197174912269341,0.580071485042572,1.356364130973816,4.968796730041505
JFFN_MATCH_WRITE,8,bbox_mass,11418,0.363781069799335,0.3068313734721764,0.01625055130571127,0.2940717339515686,0.8318544149398805
JFFN_MATCH_WRITE,8,patch_aupr,11418,0.4344889485618753,0.28890248259621576,0.06198707856237888,0.4181007444858551,0.8458389878273012
JFFN_MATCH_WRITE,8,patch_auroc,11418,0.710354888740908,0.16648824966857845,0.5281501293182373,0.7240539789199829,0.9047480046749116
JFFN_MATCH_WRITE,8,top1_pointing,11418,0.46706953932387457,0.49891440624585914,0.0,0.0,1.0
JFFN_MATCH_WRITE,8,top32_box_recall,11418,0.161205563066954,0.17750651900559472,0.0329453457146883,0.09469696879386902,0.380952388048172
JFFN_MATCH_WRITE,8,uniform_enrichment,11418,2.8672929908646334,5.032567177966923,0.9186591327190399,1.5903863310813904,5.322235631942751
JFFN_MATCH_WRITE,9,bbox_mass,11418,0.3537038003159539,0.30658423377660404,0.017007940635085105,0.2693849802017212,0.8295956373214723
JFFN_MATCH_WRITE,9,patch_aupr,11418,0.417574323250402,0.28522132052716903,0.06514996141195298,0.38217008113861084,0.8373630523681643
JFFN_MATCH_WRITE,9,patch_auroc,11418,0.7013038712561673,0.16289939519009394,0.5234860956668854,0.7104876637458801,0.8922140359878541
JFFN_MATCH_WRITE,9,top1_pointing,11418,0.47591522157996147,0.4994195865687064,0.0,0.0,1.0
JFFN_MATCH_WRITE,9,top32_box_recall,11418,0.15213626504776698,0.1677648546412738,0.036363635212183,0.09090909361839294,0.34407327771186946
JFFN_MATCH_WRITE,9,uniform_enrichment,11418,2.7538319436435548,5.135988291962229,0.9246234595775604,1.51959228515625,4.81043496131897
JFFN_MATCH_WRITE,10,bbox_mass,11418,0.38303722216013447,0.3093516670084032,0.024168862774968148,0.3173840194940567,0.8525862872600557
JFFN_MATCH_WRITE,10,patch_aupr,11418,0.45857599043838887,0.2825000220749907,0.08863963708281516,0.4408109784126282,0.8604367673397064
JFFN_MATCH_WRITE,10,patch_auroc,11418,0.7302610815024236,0.1614904504554136,0.5571963965892792,0.7419055700302124,0.9176921725273133
JFFN_MATCH_WRITE,10,top1_pointing,11418,0.5373970923103871,0.4985994960754858,0.0,1.0,1.0
JFFN_MATCH_WRITE,10,top32_box_recall,11418,0.186221727844113,0.18769537935015967,0.05353053435683251,0.11230222508311272,0.4444444477558136
JFFN_MATCH_WRITE,10,uniform_enrichment,11418,3.3144196492255538,5.6274733878558445,1.001128602027893,1.8087342381477356,6.234412145614634
JFFN_MATCH_WRITE,11,bbox_mass,11418,0.41050986662282474,0.30082637528056494,0.03365488983690739,0.376750648021698,0.850313949584961
JFFN_MATCH_WRITE,11,patch_aupr,11418,0.47744862066869287,0.26740873366167417,0.11162006258964538,0.47713616490364075,0.846360093355179
JFFN_MATCH_WRITE,11,patch_auroc,11418,0.7264859362664104,0.16409293713300413,0.5483663260936738,0.7359926998615265,0.9197005093097688
JFFN_MATCH_WRITE,11,top1_pointing,11418,0.6380276755999299,0.4805708696628214,0.0,1.0,1.0
JFFN_MATCH_WRITE,11,top32_box_recall,11418,0.2056408236298761,0.199458480392719,0.0555555559694767,0.12608827650547028,0.5
JFFN_MATCH_WRITE,11,uniform_enrichment,11418,4.637162133705482,10.494225568180793,1.0087326765060425,2.0269508361816406,9.284324836730965
JFFN_MATCH_WRITE,12,bbox_mass,11418,0.4171614479692271,0.3038684597374263,0.03270216509699821,0.3838179111480713,0.8627014100551608
JFFN_MATCH_WRITE,12,patch_aupr,11418,0.4849755510151204,0.2681095208553401,0.11287528052926064,0.48545217514038086,0.8558031857013704
JFFN_MATCH_WRITE,12,patch_auroc,11418,0.7314795809495332,0.1698377193768039,0.5353394329547883,0.7470550835132599,0.9262644827365876
JFFN_MATCH_WRITE,12,top1_pointing,11418,0.6461727097565247,0.47815639588155123,0.0,1.0,1.0
JFFN_MATCH_WRITE,12,top32_box_recall,11418,0.20942124657964709,0.2091212696891322,0.05454545468091965,0.125,0.5
JFFN_MATCH_WRITE,12,uniform_enrichment,11418,5.4038325654703945,13.26192162775129,0.9923776805400849,1.9989655017852783,10.879203605651865
JFFN_MATCH_WRITE,13,bbox_mass,11418,0.45019946531114147,0.31118068210991084,0.032614995166659354,0.4410993903875351,0.886440098285675
JFFN_MATCH_WRITE,13,patch_aupr,11418,0.49887867770934263,0.2705388128100984,0.10917504504323006,0.5094137191772461,0.8644639611244201
JFFN_MATCH_WRITE,13,patch_auroc,11418,0.7417409307830575,0.16734625943559295,0.5527312755584717,0.7580067813396454,0.9314595460891725
JFFN_MATCH_WRITE,13,top1_pointing,11418,0.6558066211245402,0.475104511464324,0.0,1.0,1.0
JFFN_MATCH_WRITE,13,top32_box_recall,11418,0.21263511575577218,0.2107451176875443,0.0555555559694767,0.12727272510528564,0.5
JFFN_MATCH_WRITE,13,uniform_enrichment,11418,6.158321090641939,14.721439516782,0.9975226998329163,2.151826024055481,13.05554447174073
JFFN_MATCH_WRITE,14,bbox_mass,11418,0.38765956557459474,0.2915017480312662,0.037677297368645675,0.3386135548353195,0.8296329677104951
JFFN_MATCH_WRITE,14,patch_aupr,11418,0.48025186632651873,0.26605592442936127,0.11811652928590774,0.4742155820131302,0.8526885569095612
JFFN_MATCH_WRITE,14,patch_auroc,11418,0.7423366271321531,0.16951247152054572,0.5482773721218109,0.7590688467025757,0.9363548994064332
JFFN_MATCH_WRITE,14,top1_pointing,11418,0.5708530390611315,0.4949543886620279,0.0,1.0,1.0
JFFN_MATCH_WRITE,14,top32_box_recall,11418,0.20557345430831866,0.21231085082354226,0.05416666716337204,0.11538461595773697,0.5
JFFN_MATCH_WRITE,14,uniform_enrichment,11418,4.531486109083782,8.815472917613205,0.9979753375053406,1.8838852047920227,9.7193289756775
JFFN_MATCH_WRITE,15,bbox_mass,11418,0.4644946538170894,0.3106139422278659,0.044943980127573016,0.4566638767719269,0.8930635929107666
JFFN_MATCH_WRITE,15,patch_aupr,11418,0.5148601272333636,0.2667602703385369,0.13016875833272937,0.5294999480247498,0.8663942098617556
JFFN_MATCH_WRITE,15,patch_auroc,11418,0.7484443518976694,0.1683179731871371,0.5587736785411834,0.7658547461032867,0.9401000857353211
JFFN_MATCH_WRITE,15,top1_pointing,11418,0.6833070590296024,0.46518654549537203,0.0,1.0,1.0
JFFN_MATCH_WRITE,15,top32_box_recall,11418,0.2275081495121875,0.21993465908585064,0.0555555559694767,0.13577453792095184,0.5517241358757019
JFFN_MATCH_WRITE,15,uniform_enrichment,11418,7.079100029536191,17.683046985919653,1.0097647309303284,2.3143391609191895,14.905652141571055
JFFN_MATCH_WRITE,16,bbox_mass,11418,0.42881148019154036,0.29617985949958864,0.03679631687700748,0.41594506800174713,0.8463141679763798
JFFN_MATCH_WRITE,16,patch_aupr,11418,0.5026248749544154,0.26489726115651974,0.11664312183856965,0.5158743262290955,0.8530610382556916
JFFN_MATCH_WRITE,16,patch_auroc,11418,0.7411136525193871,0.1693091600492802,0.5522558867931366,0.754602313041687,0.9392948150634766
JFFN_MATCH_WRITE,16,top1_pointing,11418,0.6495883692415484,0.47709885745792163,0.0,1.0,1.0
JFFN_MATCH_WRITE,16,top32_box_recall,11418,0.21805074481482956,0.21665551313847753,0.0552957620471716,0.12918660044670105,0.523809552192688
JFFN_MATCH_WRITE,16,uniform_enrichment,11418,5.984043923340885,14.864146666203848,0.9986109554767608,2.089706778526306,12.270018672943126
JFFN_MATCH_WRITE,17,bbox_mass,11418,0.3918383562920513,0.303311448442564,0.030129054747521877,0.3391205221414566,0.8490294039249421
JFFN_MATCH_WRITE,17,patch_aupr,11418,0.4539064156253447,0.27070961841995844,0.0966625712811947,0.442396879196167,0.8428075671195987
JFFN_MATCH_WRITE,17,patch_auroc,11418,0.7155873129008259,0.1601072843827797,0.543617057800293,0.7227635681629181,0.9039479017257691
JFFN_MATCH_WRITE,17,top1_pointing,11418,0.568838675775092,0.49523856545864015,0.0,1.0,1.0
JFFN_MATCH_WRITE,17,top32_box_recall,11418,0.18698390898075987,0.1866983479941422,0.05240179300308228,0.11342372000217438,0.4444444477558136
JFFN_MATCH_WRITE,17,uniform_enrichment,11418,3.9428520521456054,7.164619004764705,0.9955058157444,1.8922924995422363,8.120365142822267
JFFN_MATCH_WRITE,18,bbox_mass,11418,0.4366589397834666,0.2998734836799484,0.047139654681086544,0.41289061307907104,0.8634466648101807
JFFN_MATCH_WRITE,18,patch_aupr,11418,0.5033394311719127,0.26374782159145543,0.13642871081829072,0.5077674090862274,0.8601075589656831
JFFN_MATCH_WRITE,18,patch_auroc,11418,0.7474598879310081,0.1641518050547699,0.5678480446338654,0.7616547644138336,0.9344385802745819
JFFN_MATCH_WRITE,18,top1_pointing,11418,0.6053599579611141,0.48877323909808346,0.0,1.0,1.0
JFFN_MATCH_WRITE,18,top32_box_recall,11418,0.22336114403079815,0.21747793082529365,0.0555555559694767,0.13333334028720856,0.5333333611488342
JFFN_MATCH_WRITE,18,uniform_enrichment,11418,6.1274806669024,13.376587523375509,1.0056550621986389,2.209607243537903,13.31166496276858
JFFN_MATCH_WRITE,19,bbox_mass,11418,0.47770555637587137,0.2996931865613976,0.04990615695714951,0.491982638835907,0.8810260832309725
JFFN_MATCH_WRITE,19,patch_aupr,11418,0.4914642684139844,0.2569042392315833,0.13485667407512664,0.48914632201194763,0.8478779613971712
JFFN_MATCH_WRITE,19,patch_auroc,11418,0.7245019163775201,0.15804539213548666,0.5608807981014252,0.7308441400527954,0.9113253712654115
JFFN_MATCH_WRITE,19,top1_pointing,11418,0.6700823261516903,0.470182945597594,0.0,1.0,1.0
JFFN_MATCH_WRITE,19,top32_box_recall,11418,0.2168975388900801,0.19998715134846715,0.05562318935990334,0.14000000059604645,0.5
JFFN_MATCH_WRITE,19,uniform_enrichment,11418,7.996087559830168,21.02740924553275,1.0151103138923645,2.406790018081665,16.773055839538596
JFFN_MATCH_WRITE,20,bbox_mass,11418,0.47517383076432546,0.30571109034891036,0.05473300814628601,0.4709840267896652,0.8929867029190064
JFFN_MATCH_WRITE,20,patch_aupr,11418,0.5098881312079047,0.25905030920870464,0.14491930305957795,0.5204119086265564,0.8561348259449005
JFFN_MATCH_WRITE,20,patch_auroc,11418,0.741599825161114,0.16035654623962703,0.5722404420375824,0.7518331110477448,0.9279049694538117
JFFN_MATCH_WRITE,20,top1_pointing,11418,0.6852338413032054,0.4644226782103334,0.0,1.0,1.0
JFFN_MATCH_WRITE,20,top32_box_recall,11418,0.2263753093269054,0.21265240553410167,0.0555555559694767,0.1428571492433548,0.5277777910232544
JFFN_MATCH_WRITE,20,uniform_enrichment,11418,7.440138555928917,18.253844135055495,1.0136194586753846,2.4603219032287598,16.027661323547374
JFFN_MATCH_WRITE,21,bbox_mass,11418,0.41680654972491066,0.2976165740943857,0.04265281036496162,0.3788486570119858,0.8547107219696045
JFFN_MATCH_WRITE,21,patch_aupr,11418,0.48412616382936857,0.263614332460191,0.1261441394686699,0.47978372871875763,0.8482392430305481
JFFN_MATCH_WRITE,21,patch_auroc,11418,0.729747821506257,0.16140729006459256,0.5559338569641114,0.7364829182624817,0.9202205896377564
JFFN_MATCH_WRITE,21,top1_pointing,11418,0.6104396566824313,0.4876505739070412,0.0,1.0,1.0
JFFN_MATCH_WRITE,21,top32_box_recall,11418,0.2139377262107496,0.20735449681477244,0.0555555559694767,0.12941177189350128,0.5
JFFN_MATCH_WRITE,21,uniform_enrichment,11418,5.1600154464175985,10.232414053000914,1.0129719614982604,2.1318130493164062,10.954214382171632
JFFN_MATCH_WRITE,22,bbox_mass,11418,0.44752186575137853,0.3006523990033144,0.053549939393997194,0.4208667576313019,0.879321175813675
JFFN_MATCH_WRITE,22,patch_aupr,11418,0.49244113569003106,0.2610928996332993,0.13539060354232788,0.4922516942024231,0.8478627264499664
JFFN_MATCH_WRITE,22,patch_auroc,11418,0.7305452810797137,0.16232597632588583,0.5549100935459137,0.738904744386673,0.9231611788272859
JFFN_MATCH_WRITE,22,top1_pointing,11418,0.6367139604133824,0.4809462475454904,0.0,1.0,1.0
JFFN_MATCH_WRITE,22,top32_box_recall,11418,0.2194387543110696,0.20767764321299265,0.0555555559694767,0.13636364042758942,0.5
JFFN_MATCH_WRITE,22,uniform_enrichment,11418,6.499766973968492,14.604379355400788,1.0095807671546937,2.331204056739807,13.921290302276624
JFFN_MATCH_WRITE,23,bbox_mass,11418,0.4343797231355112,0.29860484412010735,0.04915515333414078,0.403498575091362,0.8709482669830322
JFFN_MATCH_WRITE,23,patch_aupr,11418,0.4813714352334243,0.2628500148362329,0.12895756363868716,0.4768712967634201,0.8478286206722261
JFFN_MATCH_WRITE,23,patch_auroc,11418,0.7283518604319533,0.16028251667924917,0.5585805296897888,0.7360022068023682,0.9172968864440918
JFFN_MATCH_WRITE,23,top1_pointing,11418,0.6009809073392889,0.4896966983275811,0.0,1.0,1.0
JFFN_MATCH_WRITE,23,top32_box_recall,11418,0.21000614966543835,0.20318928457836216,0.0555555559694767,0.12655172497034073,0.5
JFFN_MATCH_WRITE,23,uniform_enrichment,11418,6.43437344902341,15.821205112654946,0.9999998807907104,2.1835442781448364,13.095013618469263
JFFN_MATCH_WRITE,24,bbox_mass,11418,0.4225430227493388,0.2958583083806093,0.041822449490427974,0.395907387137413,0.8535419762134552
JFFN_MATCH_WRITE,24,patch_aupr,11418,0.4698913817988967,0.26366129717001163,0.11464051976799966,0.46029217541217804,0.8410329282283784
JFFN_MATCH_WRITE,24,patch_auroc,11418,0.7223008043436312,0.15918340408763174,0.5533229827880859,0.7304716110229492,0.9092243731021882
JFFN_MATCH_WRITE,24,top1_pointing,11418,0.5605184795936241,0.4963240006565027,0.0,1.0,1.0
JFFN_MATCH_WRITE,24,top32_box_recall,11418,0.20186315261404703,0.19586537194074496,0.054644808173179626,0.12376043200492859,0.5
JFFN_MATCH_WRITE,24,uniform_enrichment,11418,5.891030626316691,13.358403504926953,0.9876783907413482,2.061445474624634,12.688117694854737
JFFN_MATCH_WRITE,25,bbox_mass,11418,0.41423769767690105,0.2907087796709023,0.047763392329216,0.37910228967666626,0.8438341140747071
JFFN_MATCH_WRITE,25,patch_aupr,11418,0.46789374856683197,0.25728277457185594,0.1257839322090149,0.46044157445430756,0.8273396015167238
JFFN_MATCH_WRITE,25,patch_auroc,11418,0.707203738382264,0.16575187364534477,0.5279264807701111,0.7117473185062408,0.9113497555255891
JFFN_MATCH_WRITE,25,top1_pointing,11418,0.5964266946925907,0.49061379164334745,0.0,1.0,1.0
JFFN_MATCH_WRITE,25,top32_box_recall,11418,0.20749829764460617,0.20159123103098645,0.05545617267489433,0.125,0.5
JFFN_MATCH_WRITE,25,uniform_enrichment,11418,5.719235568188009,12.895723331692226,0.9963065087795258,2.0700771808624268,12.439357089996351
JFFN_MATCH_WRITE,26,bbox_mass,11418,0.4227298653520057,0.2991003781915176,0.037415637448430066,0.39488059282302856,0.8549637377262116
JFFN_MATCH_WRITE,26,patch_aupr,11418,0.46005379176549316,0.2603252927470886,0.11109163090586663,0.4515378773212433,0.8281108796596527
JFFN_MATCH_WRITE,26,patch_auroc,11418,0.6998624264812862,0.16424683796974116,0.5247927188873291,0.7040353119373322,0.901617765426636
JFFN_MATCH_WRITE,26,top1_pointing,11418,0.6119285338938518,0.48731099238614844,0.0,1.0,1.0
JFFN_MATCH_WRITE,26,top32_box_recall,11418,0.20285133456724522,0.19186821904694581,0.0555555559694767,0.12820513546466827,0.5
JFFN_MATCH_WRITE,26,uniform_enrichment,11418,4.981345199223723,9.35966197629083,1.0014713764190675,2.120404839515686,11.152801990509035
JFFN_MATCH_WRITE,27,bbox_mass,11418,0.3604339582470222,0.27792169006054074,0.030207891017198573,0.3099646717309952,0.7821431100368502
JFFN_MATCH_WRITE,27,patch_aupr,11418,0.418177884737421,0.2539687053296317,0.09764960631728173,0.3914210945367813,0.7914211213588715
JFFN_MATCH_WRITE,27,patch_auroc,11418,0.6646913378722124,0.17403776735130255,0.4768382877111435,0.6581420600414276,0.8924231052398682
JFFN_MATCH_WRITE,27,top1_pointing,11418,0.4511297950604309,0.4976059716976521,0.0,0.0,1.0
JFFN_MATCH_WRITE,27,top32_box_recall,11418,0.18564069583192455,0.18940286467675435,0.04641304463148117,0.10769230872392654,0.4586711764335645
JFFN_MATCH_WRITE,27,uniform_enrichment,11418,4.263422874454196,9.012403907382767,0.8745761752128601,1.66065114736557,9.400923919677748
JFFN_MATCH_WRITE,28,bbox_mass,11418,0.26868351092472703,0.2894564556615334,0.006453512609004976,0.14720391482114792,0.7583458423614505
JFFN_MATCH_WRITE,28,patch_aupr,11418,0.3374240483540045,0.28279873910574327,0.0359276819974184,0.25661423802375793,0.7877684116363529
JFFN_MATCH_WRITE,28,patch_auroc,11418,0.6151699760201506,0.16566802763854716,0.43173415064811704,0.6137989461421967,0.8178754627704622
JFFN_MATCH_WRITE,28,top1_pointing,11418,0.24373795761078998,0.4293364247656035,0.0,0.0,1.0
JFFN_MATCH_WRITE,28,top32_box_recall,11418,0.08565802793155551,0.10497522216499858,0.0,0.059405941516160965,0.171875
JFFN_MATCH_WRITE,28,uniform_enrichment,11418,1.311739941079148,1.598866273312979,0.5522753655910492,1.0165866613388062,2.0727594614028932
JFFN_MATCH_WRITE,29,bbox_mass,11418,0.31430976451371934,0.2892230821464251,0.015643185004591942,0.2182530090212822,0.7926940858364109
JFFN_MATCH_WRITE,29,patch_aupr,11418,0.40201638080532465,0.2680783695247952,0.07402736842632293,0.3643822968006134,0.8033511579036713
JFFN_MATCH_WRITE,29,patch_auroc,11418,0.6839592047642546,0.16602376018412382,0.5050688803195953,0.6871411800384521,0.8863003253936768
JFFN_MATCH_WRITE,29,top1_pointing,11418,0.3215098966544053,0.4670559741697765,0.0,0.0,1.0
JFFN_MATCH_WRITE,29,top32_box_recall,11418,0.15663237126072177,0.17533897469595697,0.031869581714272496,0.0833333358168602,0.4000000059604645
JFFN_MATCH_WRITE,29,uniform_enrichment,11418,3.139346787614337,7.7190118110756805,0.5962542474269867,1.2733736634254456,6.0886442661285605
JFFN_MATCH_WRITE,30,bbox_mass,11418,0.3240965117846656,0.27757272454228754,0.023567196726799012,0.24736156314611435,0.766297465562821
JFFN_MATCH_WRITE,30,patch_aupr,11418,0.41012215182576855,0.26441462054678894,0.08878165483474731,0.37089210748672485,0.8069621443748475
JFFN_MATCH_WRITE,30,patch_auroc,11418,0.6889027389499525,0.16493348263747604,0.5129655182361603,0.6887550354003906,0.8914254426956177
JFFN_MATCH_WRITE,30,top1_pointing,11418,0.27167630057803466,0.44482388456811534,0.0,0.0,1.0
JFFN_MATCH_WRITE,30,top32_box_recall,11418,0.17345608513591687,0.1809628640406049,0.04285714402794838,0.10000000149011612,0.4285714328289032
JFFN_MATCH_WRITE,30,uniform_enrichment,11418,3.0084797687153824,5.130026855653041,0.8281814754009247,1.4614684581756592,6.367957592010498
JFFN_MATCH_WRITE,31,bbox_mass,11418,0.27263824764338274,0.2748526554301464,0.010675237141549587,0.17006494104862213,0.7259974658489229
JFFN_MATCH_WRITE,31,patch_aupr,11418,0.35447736793028606,0.2696386104212939,0.05113255344331265,0.2901252806186676,0.7709500849246982
JFFN_MATCH_WRITE,31,patch_auroc,11418,0.6286111712327854,0.16659046700029648,0.4555469125509262,0.6209936141967773,0.8381185591220858
JFFN_MATCH_WRITE,31,top1_pointing,11418,0.232264844981608,0.422277026094574,0.0,0.0,1.0
JFFN_MATCH_WRITE,31,top32_box_recall,11418,0.1221863702276859,0.1411899444386961,0.021410256996750834,0.07050445303320885,0.2876136302948002
JFFN_MATCH_WRITE,31,uniform_enrichment,11418,1.745811446513253,2.7841068277221543,0.6650652110576629,1.0820591449737549,3.0817650794983
JFFN_MATCH_WRITE,32,bbox_mass,11418,0.2510625230643313,0.274147460944484,0.006196795590221882,0.1356956660747528,0.6979252934455875
JFFN_MATCH_WRITE,32,patch_aupr,11418,0.30456683682043706,0.2798599919556872,0.026585022173821925,0.2078683078289032,0.755178439617157
JFFN_MATCH_WRITE,32,patch_auroc,11418,0.5475137975875384,0.15451872529753638,0.3899489015340805,0.5386860072612762,0.7222427845001221
JFFN_MATCH_WRITE,32,top1_pointing,11418,0.2136976703450692,0.4099158157892414,0.0,0.0,1.0
JFFN_MATCH_WRITE,32,top32_box_recall,11418,0.059325960946994785,0.06799109747196413,0.0,0.05000000074505806,0.11538461595773697
JFFN_MATCH_WRITE,32,uniform_enrichment,11418,1.0748433206843127,0.6377893372830035,0.6173610270023346,0.9683223068714142,1.5954679131507883
Q_POSITIVE,1,bbox_mass,11418,0.2302783259101835,0.2737334787427627,0.003913624444976449,0.105275709182024,0.6900607585906985
Q_POSITIVE,1,patch_aupr,11418,0.2944161393572929,0.29974780162987713,0.014714781753718854,0.17269112169742584,0.8076292276382446
Q_POSITIVE,1,patch_auroc,11418,0.4666045476301937,0.2159120436050986,0.21641139686107635,0.44340112805366516,0.7760918855667115
Q_POSITIVE,1,top1_pointing,11418,0.19653179190751446,0.3973751963536928,0.0,0.0,1.0
Q_POSITIVE,1,top32_box_recall,11418,0.032699682690305314,0.06516587334724651,0.0,0.0,0.08836045265197799
Q_POSITIVE,1,uniform_enrichment,11418,0.8338677059857276,0.3644442063966511,0.4397045195102692,0.8021422922611237,1.2659744143486031
Q_POSITIVE,2,bbox_mass,11418,0.2520101368363824,0.27685287072847853,0.006326213432475925,0.13225533813238144,0.706165635585785
Q_POSITIVE,2,patch_aupr,11418,0.30305051509059533,0.29149415553460845,0.02049059756100178,0.19475580006837845,0.785524982213974
Q_POSITIVE,2,patch_auroc,11418,0.5322861489455675,0.16249452923805188,0.3507597953081131,0.5330650806427002,0.7095162868499757
Q_POSITIVE,2,top1_pointing,11418,0.2094062007356805,0.40688480412658373,0.0,0.0,1.0
Q_POSITIVE,2,top32_box_recall,11418,0.048755161768191065,0.05926799859878386,0.0,0.043478261679410934,0.09743589907884598
Q_POSITIVE,2,uniform_enrichment,11418,0.9889392324665065,0.2130661662003097,0.8153788149356842,0.9953770041465759,1.1657314896583557
Q_POSITIVE,3,bbox_mass,11418,0.2319972641379896,0.2876424804277397,0.0021516652312129738,0.0890592634677887,0.7298300445079806
Q_POSITIVE,3,patch_aupr,11418,0.3271238953188657,0.2929855900207989,0.026086523383855822,0.23077474534511566,0.8030631244182594
Q_POSITIVE,3,patch_auroc,11418,0.596319702463373,0.1929893301719743,0.34944900274276736,0.6113683879375458,0.8242804765701295
Q_POSITIVE,3,top1_pointing,11418,0.23813277281485373,0.4259407885215538,0.0,0.0,1.0
Q_POSITIVE,3,top32_box_recall,11418,0.058998308038371805,0.07994455877954998,0.0,0.04545454680919647,0.125
Q_POSITIVE,3,uniform_enrichment,11418,0.8696952251803847,0.8826801173679572,0.17012890577316286,0.7517203688621521,1.5657229900360121
Q_POSITIVE,4,bbox_mass,11418,0.2714815399466841,0.29064121269292886,0.003711092402227224,0.1552797108888626,0.7536809563636784
Q_POSITIVE,4,patch_aupr,11418,0.3550890830835379,0.2937723105299794,0.03162772133946419,0.27736474573612213,0.8193803429603577
Q_POSITIVE,4,patch_auroc,11418,0.642599225621739,0.18028204916456575,0.4195739597082138,0.6634110808372498,0.8428742349147798
Q_POSITIVE,4,top1_pointing,11418,0.25932737782448767,0.43826554614202007,0.0,0.0,1.0
Q_POSITIVE,4,top32_box_recall,11418,0.08280825931507912,0.10601170428023055,0.0,0.05720372311770916,0.17777778208255768
Q_POSITIVE,4,uniform_enrichment,11418,1.2562897246327551,1.484398079201523,0.3307973384857178,1.0052499175071716,2.163404631614688
Q_POSITIVE,5,bbox_mass,11418,0.30992136639374346,0.299144064162006,0.0061611356679350145,0.21180035918951035,0.7990332245826721
Q_POSITIVE,5,patch_aupr,11418,0.3883785297342317,0.2925561380581729,0.03996546603739262,0.3398727774620056,0.8332956910133364
Q_POSITIVE,5,patch_auroc,11418,0.6701920522616047,0.1839186436299557,0.4399759739637375,0.6940994262695312,0.8761419594287873
Q_POSITIVE,5,top1_pointing,11418,0.32737782448765107,0.46925641660118383,0.0,0.0,1.0
Q_POSITIVE,5,top32_box_recall,11418,0.11815525319941608,0.14816645803460793,0.0,0.06957641988992691,0.28273173868656204
Q_POSITIVE,5,uniform_enrichment,11418,2.0351306571039367,4.102677138288863,0.44822750687599183,1.175702154636383,3.592531013488773
Q_POSITIVE,6,bbox_mass,11418,0.33416370839345916,0.30636616768653374,0.007755588600412011,0.24261201173067093,0.8268226563930513
Q_POSITIVE,6,patch_aupr,11418,0.39993222058743105,0.29493666369519544,0.04036450125277043,0.3581254333257675,0.8414472222328189
Q_POSITIVE,6,patch_auroc,11418,0.6761670149980221,0.17760775854857974,0.46285960972309115,0.696937620639801,0.8751988708972932
Q_POSITIVE,6,top1_pointing,11418,0.3963040812751795,0.48912897730538873,0.0,0.0,1.0
Q_POSITIVE,6,top32_box_recall,11418,0.12458585632278507,0.14497260063873876,0.0,0.0784313753247261,0.2777777910232544
Q_POSITIVE,6,uniform_enrichment,11418,2.168014119685748,3.3407339023448936,0.5922414422035217,1.3287373185157776,4.03551721572876
Q_POSITIVE,7,bbox_mass,11418,0.3792362694035023,0.3272812841177526,0.00844949269667268,0.30123065412044525,0.884273397922516
Q_POSITIVE,7,patch_aupr,11418,0.4210605936367662,0.29460594178732524,0.04260866492986679,0.39835527539253235,0.8447957873344423
Q_POSITIVE,7,patch_auroc,11418,0.6765949280518516,0.18027575198522544,0.45923964083194735,0.6936930418014526,0.8874142944812775
Q_POSITIVE,7,top1_pointing,11418,0.49159222280609566,0.4999293042847736,0.0,0.0,1.0
Q_POSITIVE,7,top32_box_recall,11418,0.14620442801780925,0.17070151579869627,0.0,0.08653846383094788,0.3484848439693451
Q_POSITIVE,7,uniform_enrichment,11418,3.138928020491421,6.949223374654801,0.555223709344864,1.4797388315200806,5.957590103149414
Q_POSITIVE,8,bbox_mass,11418,0.40590312662484596,0.33179818464657523,0.018231328390538693,0.34012432396411896,0.9077130615711214
Q_POSITIVE,8,patch_aupr,11418,0.4642963128522364,0.29615393063561973,0.0672540232539177,0.4581509083509445,0.8713976085186005
Q_POSITIVE,8,patch_auroc,11418,0.7233484559521969,0.16738824816869466,0.5383446216583252,0.7382638454437256,0.917447054386139
Q_POSITIVE,8,top1_pointing,11418,0.5387108074969347,0.49849922104546496,0.0,1.0,1.0
Q_POSITIVE,8,top32_box_recall,11418,0.17952306536493673,0.19076450744181497,0.0357142873108387,0.1071428582072258,0.43806818127632347
Q_POSITIVE,8,uniform_enrichment,11418,3.5585695908341752,7.357311576855845,0.9479735374450684,1.784709870815277,6.5950246334076
Q_POSITIVE,9,bbox_mass,11418,0.3935709159040691,0.33651938149962557,0.01698131896555424,0.3054613918066025,0.9125569343566896
Q_POSITIVE,9,patch_aupr,11418,0.43180134606933135,0.2892130348608778,0.06647723540663719,0.40238146483898163,0.852867478132248
Q_POSITIVE,9,patch_auroc,11418,0.6980274847414515,0.16953236079980435,0.5048651278018952,0.7100375890731812,0.8973111033439637
Q_POSITIVE,9,top1_pointing,11418,0.5198808898230863,0.4996045938738377,0.0,1.0,1.0
Q_POSITIVE,9,top32_box_recall,11418,0.16342075078225818,0.17571835957684775,0.0357142873108387,0.09936892986297607,0.38048289716243816
Q_POSITIVE,9,uniform_enrichment,11418,3.3914170410555355,7.793587084445476,0.8834125757217407,1.654737412929535,5.88511743545533
Q_POSITIVE,10,bbox_mass,11418,0.4300216272091744,0.33766131345739836,0.02578335423022509,0.371380552649498,0.9356364369392396
Q_POSITIVE,10,patch_aupr,11418,0.48257297706088964,0.2896900699538416,0.09286278486251831,0.4737069755792618,0.8807687044143677
Q_POSITIVE,10,patch_auroc,11418,0.7410333705643499,0.16316583555099923,0.5629078984260559,0.7545351088047028,0.9280558347702028
Q_POSITIVE,10,top1_pointing,11418,0.5628831669294097,0.4960299459880703,0.0,1.0,1.0
Q_POSITIVE,10,top32_box_recall,11418,0.20029537253970706,0.1987926666906578,0.05410122126340866,0.1230769231915474,0.5
Q_POSITIVE,10,uniform_enrichment,11418,4.184517274270078,8.478183788609666,0.9936942636966706,2.028932809829712,8.02133722305299
Q_POSITIVE,11,bbox_mass,11418,0.4802698685001014,0.3335536102509324,0.035319973900914195,0.4743831902742386,0.9356600642204288
Q_POSITIVE,11,patch_aupr,11418,0.50871932997035,0.27441326984071784,0.12136797681450844,0.5179148316383362,0.8754991471767427
Q_POSITIVE,11,patch_auroc,11418,0.7403008940967835,0.1646555129927715,0.5592182397842407,0.7532070875167847,0.9316228628158569
Q_POSITIVE,11,top1_pointing,11418,0.6571203363110878,0.4746716759166178,0.0,1.0,1.0
Q_POSITIVE,11,top32_box_recall,11418,0.2267754099717278,0.2142536533497426,0.0555555559694767,0.1428571492433548,0.525394725799562
Q_POSITIVE,11,uniform_enrichment,11418,6.390728260665991,16.118212387368033,1.0062155365943908,2.3766473531723022,12.964866161346436
Q_POSITIVE,12,bbox_mass,11418,0.49840223783586607,0.34302462089059527,0.030111572705209255,0.5055733919143677,0.9536926686763764
Q_POSITIVE,12,patch_aupr,11418,0.49657632909902943,0.27152403878658943,0.1135966993868351,0.4989987015724182,0.8743432164192201
Q_POSITIVE,12,patch_auroc,11418,0.6946561086716032,0.173744406523484,0.49386254847049715,0.7032670974731445,0.9090972661972047
Q_POSITIVE,12,top1_pointing,11418,0.6569451742862148,0.474729620171598,0.0,1.0,1.0
Q_POSITIVE,12,top32_box_recall,11418,0.22957828274974854,0.22396063880735312,0.0555555559694767,0.1388888955116272,0.5625
Q_POSITIVE,12,uniform_enrichment,11418,7.903612142479174,21.453032326726486,0.8777016639709473,2.3614736795425415,16.44214973449708
Q_POSITIVE,13,bbox_mass,11418,0.528706244097672,0.3455301999309538,0.029820267856121064,0.5674553215503693,0.9654180109500885
Q_POSITIVE,13,patch_aupr,11418,0.5196374674030526,0.2736249477584765,0.11327861398458482,0.5401277244091034,0.8778125405311585
Q_POSITIVE,13,patch_auroc,11418,0.727156958758262,0.1725587658300926,0.5326814532279969,0.7389289736747742,0.9332221865653992
Q_POSITIVE,13,top1_pointing,11418,0.6695568400770713,0.470372701145675,0.0,1.0,1.0
Q_POSITIVE,13,top32_box_recall,11418,0.23517355482907368,0.2271411680691379,0.0555555559694767,0.1428571492433548,0.5746276497840888
Q_POSITIVE,13,uniform_enrichment,11418,8.716622325618578,23.046321240425986,0.9296237111091614,2.5204856395721436,18.538597297668456
Q_POSITIVE,14,bbox_mass,11418,0.4491022223779203,0.3160262705949576,0.040638234838843344,0.42368170619010925,0.9045266747474671
Q_POSITIVE,14,patch_aupr,11418,0.5078950334833157,0.2707120353338734,0.1240698777139187,0.5165290236473083,0.8716449856758117
Q_POSITIVE,14,patch_auroc,11418,0.7482609428060145,0.17174068552849092,0.5512530207633972,0.7665267586708069,0.9457659661769868
Q_POSITIVE,14,top1_pointing,11418,0.6128919250306534,0.48708871190253766,0.0,1.0,1.0
Q_POSITIVE,14,top32_box_recall,11418,0.22497561760630114,0.22500968706810065,0.0555555559694767,0.12962962687015533,0.5625
Q_POSITIVE,14,uniform_enrichment,11418,6.565525585314097,15.550490524680601,0.9754666745662689,2.1739189624786377,14.368694877624526
Q_POSITIVE,15,bbox_mass,11418,0.5352376262056838,0.3404292162257843,0.04398194774985314,0.5733862519264221,0.9644595503807069
Q_POSITIVE,15,patch_aupr,11418,0.5325062650016952,0.27033002185842153,0.13530369997024536,0.5528378784656525,0.880933803319931
Q_POSITIVE,15,patch_auroc,11418,0.737919232790272,0.16573163878633593,0.5581205189228058,0.750101238489151,0.9318342983722687
Q_POSITIVE,15,top1_pointing,11418,0.7005605184795937,0.4580125308626354,0.0,1.0,1.0
Q_POSITIVE,15,top32_box_recall,11418,0.2411406438734988,0.2292316867914256,0.0555555559694767,0.1458333283662796,0.5952380895614624
Q_POSITIVE,15,uniform_enrichment,11418,9.687246447436209,26.533065421276877,1.0005441904067993,2.6408092975616455,20.372324562072777
Q_POSITIVE,16,bbox_mass,11418,0.5114573824271118,0.32825848407749786,0.036580567806959154,0.5476376414299011,0.9324406802654267
Q_POSITIVE,16,patch_aupr,11418,0.5344208589671638,0.2714735326020241,0.11888732612133027,0.5646992325782776,0.8760282516479493
Q_POSITIVE,16,patch_auroc,11418,0.7506177308673114,0.17342473642742887,0.5558058559894562,0.7679426074028015,0.9510812282562257
Q_POSITIVE,16,top1_pointing,11418,0.6746365387983885,0.4685104900816191,0.0,1.0,1.0
Q_POSITIVE,16,top32_box_recall,11418,0.2392244732546863,0.23305046548448266,0.0555555559694767,0.1428571492433548,0.5925925970077515
Q_POSITIVE,16,uniform_enrichment,11418,8.973445213566233,25.31394488701542,0.9835446894168853,2.4697827100753784,18.47999496459966
Q_POSITIVE,17,bbox_mass,11418,0.4328314799120981,0.3267088911481822,0.029005265049636367,0.38864557445049286,0.9112820029258728
Q_POSITIVE,17,patch_aupr,11418,0.46896252893648793,0.2773392126487447,0.0953853338956833,0.46704819798469543,0.8586515903472901
Q_POSITIVE,17,patch_auroc,11418,0.7187196039241528,0.16229313023454897,0.5417656123638153,0.7274742126464844,0.9094267249107363
Q_POSITIVE,17,top1_pointing,11418,0.5811000175162024,0.4933789488404138,0.0,1.0,1.0
Q_POSITIVE,17,top32_box_recall,11418,0.19621607937976812,0.19476223827755595,0.05126131735742093,0.1210101842880249,0.47058823704719543
Q_POSITIVE,17,uniform_enrichment,11418,4.958906010765438,10.862490383133414,0.9681497871875763,2.04586398601532,10.228405952453617
Q_POSITIVE,18,bbox_mass,11418,0.4969612157525419,0.3298472046742155,0.04599575698375702,0.4902426302433014,0.9434672057628634
Q_POSITIVE,18,patch_aupr,11418,0.5199900488111622,0.26867490186627174,0.13559154719114305,0.5316972434520721,0.872092229127884
Q_POSITIVE,18,patch_auroc,11418,0.744824259565583,0.16367762532290933,0.5659732460975647,0.7568391263484955,0.9349284529685974
Q_POSITIVE,18,top1_pointing,11418,0.6516903135400245,0.4764347266710615,0.0,1.0,1.0
Q_POSITIVE,18,top32_box_recall,11418,0.23289588323293,0.2240002238091188,0.0555555559694767,0.14042337238788605,0.5714285969734192
Q_POSITIVE,18,uniform_enrichment,11418,8.282243255684351,20.716749351419068,0.9981126606464386,2.4523656368255615,17.696081161499027
Q_POSITIVE,19,bbox_mass,11418,0.5535522201026701,0.32883160302487774,0.049359123408794406,0.6147333085536957,0.9531275629997253
Q_POSITIVE,19,patch_aupr,11418,0.5153080513435345,0.25800984598206106,0.1433002829551697,0.5244850516319275,0.8581693887710572
Q_POSITIVE,19,patch_auroc,11418,0.7266101691148227,0.1582910480333077,0.5613261282444,0.7322835326194763,0.9115449011325837
Q_POSITIVE,19,top1_pointing,11418,0.6899632159747767,0.46250835298026816,0.0,1.0,1.0
Q_POSITIVE,19,top32_box_recall,11418,0.23367699251656532,0.21098895353334896,0.05708475485444069,0.15405073761940002,0.5249999761581421
Q_POSITIVE,19,uniform_enrichment,11418,10.716255929365422,29.481546268117302,1.0041714787483216,2.7411816120147705,23.305585289001485
Q_POSITIVE,20,bbox_mass,11418,0.5363668760963543,0.33225019686340185,0.053847213834524156,0.568170428276062,0.956986665725708
Q_POSITIVE,20,patch_aupr,11418,0.5266174923114784,0.26352350604083674,0.14348078817129134,0.5468691289424896,0.869546675682068
Q_POSITIVE,20,patch_auroc,11418,0.7410900391629144,0.16034016408781168,0.5731855034828186,0.7488290071487427,0.9312642753124237
Q_POSITIVE,20,top1_pointing,11418,0.7000350324049746,0.4582422785064041,0.0,1.0,1.0
Q_POSITIVE,20,top32_box_recall,11418,0.23733301610761498,0.22157615096433272,0.0555555559694767,0.15000000596046448,0.5625
Q_POSITIVE,20,uniform_enrichment,11418,9.945425823642656,27.23806874445901,1.0000364184379578,2.6812139749526978,21.047132873535162
Q_POSITIVE,21,bbox_mass,11418,0.44545279926279935,0.3145121450795313,0.039244912564754486,0.4114094376564026,0.9001595318317414
Q_POSITIVE,21,patch_aupr,11418,0.49112650269120367,0.2696563844916226,0.12031319513916969,0.4896768033504486,0.860329192876816
Q_POSITIVE,21,patch_auroc,11418,0.7331655588615043,0.16161044279121606,0.560157299041748,0.7410463094711304,0.9214207768440247
Q_POSITIVE,21,top1_pointing,11418,0.59318619723244,0.49123958782386096,0.0,1.0,1.0
Q_POSITIVE,21,top32_box_recall,11418,0.21638804883753235,0.21152646696026106,0.0555555559694767,0.1304347813129425,0.5
Q_POSITIVE,21,uniform_enrichment,11418,6.266417462103414,14.924573517574894,0.9991225600242615,2.195202112197876,12.78301992416382
Q_POSITIVE,22,bbox_mass,11418,0.5012883141203034,0.3244321297848514,0.051714863255620004,0.5025169551372528,0.9425637423992158
Q_POSITIVE,22,patch_aupr,11418,0.5124445484358479,0.2659255275991392,0.13540101200342178,0.5229891538619995,0.8653314769268038
Q_POSITIVE,22,patch_auroc,11418,0.7390611190547886,0.16085735823795086,0.5681060016155243,0.7485652565956116,0.9272522330284119
Q_POSITIVE,22,top1_pointing,11418,0.6511648274654055,0.47660171520605565,0.0,1.0,1.0
Q_POSITIVE,22,top32_box_recall,11418,0.22980664745169757,0.21624450898964212,0.0555555559694767,0.1428571492433548,0.5416666865348816
Q_POSITIVE,22,uniform_enrichment,11418,8.679430015573528,22.697186209254895,0.9976938247680665,2.5025933980941772,18.56342315673828
Q_POSITIVE,23,bbox_mass,11418,0.49216867553473764,0.32815324937502877,0.04286017455160618,0.48924706876277924,0.9427052080631256
Q_POSITIVE,23,patch_aupr,11418,0.5021933320225643,0.26807919734848384,0.1277834102511406,0.50929856300354,0.8652243554592134
Q_POSITIVE,23,patch_auroc,11418,0.7323673474221487,0.16368052502394154,0.5551491260528565,0.7423799335956573,0.9254706621170046
Q_POSITIVE,23,top1_pointing,11418,0.6353126642143984,0.48134237596870844,0.0,1.0,1.0
Q_POSITIVE,23,top32_box_recall,11418,0.22245407007648668,0.21587502106717676,0.055045872926712036,0.13333334028720856,0.5333333611488342
Q_POSITIVE,23,uniform_enrichment,11418,9.071285216013562,26.42315173795307,0.9096579372882843,2.3328574895858765,18.19310188293457
Q_POSITIVE,24,bbox_mass,11418,0.474215343583471,0.32662928915266093,0.03429572582244873,0.47301696240901947,0.9260568976402285
Q_POSITIVE,24,patch_aupr,11418,0.489455269341427,0.2694123433434888,0.11124367117881775,0.49424412846565247,0.8549296855926514
Q_POSITIVE,24,patch_auroc,11418,0.7266051022449753,0.16257487485421832,0.5527132213115692,0.7355116605758667,0.9169717192649842
Q_POSITIVE,24,top1_pointing,11418,0.5981783149413207,0.49026627303464676,0.0,1.0,1.0
Q_POSITIVE,24,top32_box_recall,11418,0.2121648666123687,0.2056421011709215,0.05263157933950424,0.1294642835855484,0.5
Q_POSITIVE,24,uniform_enrichment,11418,7.850837677916869,20.98168853646649,0.8488838255405426,2.1594696044921875,16.911694526672385
Q_POSITIVE,25,bbox_mass,11418,0.46349126656336676,0.3201541491258949,0.03717815428972245,0.44727206230163574,0.9177350401878357
Q_POSITIVE,25,patch_aupr,11418,0.4762069886262338,0.26446790819620986,0.11441425606608391,0.47483372688293457,0.839104950428009
Q_POSITIVE,25,patch_auroc,11418,0.7041295493616387,0.16887449172340357,0.5167216122150421,0.7085181474685669,0.9108259081840515
Q_POSITIVE,25,top1_pointing,11418,0.6020318794885269,0.489478799916849,0.0,1.0,1.0
Q_POSITIVE,25,top32_box_recall,11418,0.21052510039045635,0.2075432782038628,0.051948051899671555,0.125,0.5
Q_POSITIVE,25,uniform_enrichment,11418,7.897632743091658,21.297527523349455,0.842552387714386,2.132383942604065,17.15728054046631
Q_POSITIVE,26,bbox_mass,11418,0.47005843659606134,0.3277674229289835,0.02970538437366486,0.45971736311912537,0.9232872605323792
Q_POSITIVE,26,patch_aupr,11418,0.47565278762682,0.2657350724075184,0.10635671988129616,0.4791010320186615,0.8419379889965062
Q_POSITIVE,26,patch_auroc,11418,0.7026278599835691,0.16553808865204864,0.5225884914398193,0.7075181901454926,0.9023956835269928
Q_POSITIVE,26,top1_pointing,11418,0.6331231389034857,0.4819525182925008,0.0,1.0,1.0
Q_POSITIVE,26,top32_box_recall,11418,0.21129070993002755,0.1995376710025655,0.0555555559694767,0.13333334028720856,0.5
Q_POSITIVE,26,uniform_enrichment,11418,6.220232835596413,13.828092331499654,0.957904040813446,2.218361020088196,14.028045368194583
Q_POSITIVE,27,bbox_mass,11418,0.3911298198287832,0.3068094486306777,0.020485380850732333,0.344333752989769,0.860508942604065
Q_POSITIVE,27,patch_aupr,11418,0.420899596481984,0.26077837096811923,0.08243608325719834,0.3988269716501236,0.7972752511501313
Q_POSITIVE,27,patch_auroc,11418,0.6489711785344787,0.18401604709543484,0.4396501988172531,0.6443483531475067,0.8910482048988344
Q_POSITIVE,27,top1_pointing,11418,0.46899632159747767,0.4990378461855503,0.0,0.0,1.0
Q_POSITIVE,27,top32_box_recall,11418,0.1858565997815859,0.19457847471212406,0.03846153989434242,0.10526315867900848,0.47999998927116394
Q_POSITIVE,27,uniform_enrichment,11418,5.351982324499009,14.538608934092027,0.6295617818832397,1.5863446593284607,11.996833038330111
Q_POSITIVE,28,bbox_mass,11418,0.26601576229974633,0.2995543153371224,0.005034014862030745,0.13017619401216507,0.7946000516414646
Q_POSITIVE,28,patch_aupr,11418,0.32741393721000145,0.2854690847876735,0.02977325785905123,0.2391369268298149,0.7848458886146545
Q_POSITIVE,28,patch_auroc,11418,0.5813851782389443,0.1708584966565863,0.3956545352935791,0.5733926892280579,0.7967188954353333
Q_POSITIVE,28,top1_pointing,11418,0.24750394114555965,0.4315619773137747,0.0,0.0,1.0
Q_POSITIVE,28,top32_box_recall,11418,0.0798354448756651,0.10098384164276866,0.0,0.05656749941408634,0.1666666716337204
Q_POSITIVE,28,uniform_enrichment,11418,1.223117360568551,1.827826511731054,0.4590072602033615,0.9694094657897949,1.8828010082244895
Q_POSITIVE,29,bbox_mass,11418,0.3289641014820982,0.31425839435647496,0.00962174152955413,0.21921755373477936,0.8664975702762604
Q_POSITIVE,29,patch_aupr,11418,0.4170506232502786,0.2741860421287457,0.07150941491127015,0.3877238929271698,0.8180729806423187
Q_POSITIVE,29,patch_auroc,11418,0.6832340474306224,0.1690340417751226,0.49941529631614684,0.687234103679657,0.8904593586921692
Q_POSITIVE,29,top1_pointing,11418,0.34112804344018216,0.474088284414259,0.0,0.0,1.0
Q_POSITIVE,29,top32_box_recall,11418,0.16703693653506785,0.1863764571368695,0.02777777798473835,0.09057999029755592,0.4285714328289032
Q_POSITIVE,29,uniform_enrichment,11418,3.6935258476542465,11.079700928370336,0.3601200431585312,1.2184330821037292,7.040028619766236
Q_POSITIVE,30,bbox_mass,11418,0.34583054445108047,0.3005270606077991,0.016550211794674398,0.26931679248809814,0.8354581117630006
Q_POSITIVE,30,patch_aupr,11418,0.42512657339857585,0.27204172126151993,0.08152861595153808,0.3923383206129074,0.8248014330863953
Q_POSITIVE,30,patch_auroc,11418,0.69221766423881,0.1682284973879005,0.5084929525852203,0.6954482197761536,0.8964952528476715
Q_POSITIVE,30,top1_pointing,11418,0.3217726396917148,0.4671562993662192,0.0,0.0,1.0
Q_POSITIVE,30,top32_box_recall,11418,0.17895990515293847,0.19073126074809946,0.0353750828653574,0.10000000149011612,0.4523809552192688
Q_POSITIVE,30,uniform_enrichment,11418,3.628986476397135,8.113695513487649,0.6000732243061065,1.4214014410972595,7.782989215850833
Q_POSITIVE,31,bbox_mass,11418,0.26936253491932155,0.2782659983677362,0.00784647585824132,0.1611575037240982,0.7286025881767274
Q_POSITIVE,31,patch_aupr,11418,0.3402481121293705,0.2743548206729957,0.03679421879351139,0.2720176726579666,0.7655303418636326
Q_POSITIVE,31,patch_auroc,11418,0.5938273192187427,0.17172537993246131,0.41078906655311587,0.5848190784454346,0.8141965925693512
Q_POSITIVE,31,top1_pointing,11418,0.24794184620774215,0.43181788650638186,0.0,0.0,1.0
Q_POSITIVE,31,top32_box_recall,11418,0.10293777812390419,0.1278599029466414,0.0,0.06060606241226196,0.25
Q_POSITIVE,31,uniform_enrichment,11418,1.5287324777975768,2.510207927965389,0.6436071455478668,1.0219003558158875,2.450801205635072
Q_POSITIVE,32,bbox_mass,11418,0.2556499018630882,0.27857244036642176,0.005363807594403624,0.14035987854003906,0.7135365486145022
Q_POSITIVE,32,patch_aupr,11418,0.302828074975763,0.2823182235286681,0.023079145140945913,0.20444271713495255,0.7588664889335633
Q_POSITIVE,32,patch_auroc,11418,0.5101999650797585,0.15861205232287942,0.3463092476129532,0.5028575658798218,0.6827974736690522
Q_POSITIVE,32,top1_pointing,11418,0.27106323349097916,0.4445086691397526,0.0,0.0,1.0
Q_POSITIVE,32,top32_box_recall,11418,0.06300847267280638,0.07016210405605813,0.0,0.0533333346247673,0.125
Q_POSITIVE,32,uniform_enrichment,11418,1.055730177560749,0.5898021941016398,0.598788046836853,0.9781732261180878,1.5265800952911377
WRITE,1,bbox_mass,11418,0.23337722262909508,0.2690036311081597,0.004980905447155237,0.11410927027463913,0.6803189516067505
WRITE,1,patch_aupr,11418,0.28735468738337694,0.2912627921215786,0.015913342125713825,0.17244087159633636,0.7838044881820682
WRITE,1,patch_auroc,11418,0.4737275626093497,0.20808999959197577,0.22456614822149276,0.4586716592311859,0.7522477746009827
WRITE,1,top1_pointing,11418,0.19442984760903836,0.39576114256930844,0.0,0.0,1.0
WRITE,1,top32_box_recall,11418,0.032465116914248665,0.06403232604321026,0.0,0.0,0.08622718229889877
WRITE,1,uniform_enrichment,11418,0.8847021812429192,0.28662575679070035,0.6146827399730682,0.850953608751297,1.2040457248687746
WRITE,2,bbox_mass,11418,0.24585347938880267,0.2735947893869577,0.0057047035079449415,0.12885574996471405,0.6960423469543462
WRITE,2,patch_aupr,11418,0.3023492798389982,0.28607581092766576,0.023168171755969524,0.19828452914953232,0.773917698860169
WRITE,2,patch_auroc,11418,0.5453845530550651,0.17692584193136368,0.33570692837238314,0.5478606820106506,0.751045733690262
WRITE,2,top1_pointing,11418,0.23655631459099669,0.4249675571359796,0.0,0.0,1.0
WRITE,2,top32_box_recall,11418,0.050794912962712616,0.06839712738973207,0.0,0.04210526496171951,0.095238097012043
WRITE,2,uniform_enrichment,11418,0.9721262840239925,0.2843496443187218,0.7015903353691101,0.9680778682231903,1.2469690680503849
WRITE,3,bbox_mass,11418,0.23409216979800176,0.2771324383051072,0.0037230150774121284,0.10654160380363464,0.7048195600509648
WRITE,3,patch_aupr,11418,0.3224915846397444,0.2898140656533245,0.027481762692332268,0.22646985948085785,0.7936116099357606
WRITE,3,patch_auroc,11418,0.5931827753862533,0.18895203210455042,0.35542653501033783,0.6090703904628754,0.8131098091602326
WRITE,3,top1_pointing,11418,0.23690663864074268,0.4251845284211166,0.0,0.0,1.0
WRITE,3,top32_box_recall,11418,0.061737337645683565,0.08535621534531272,0.0,0.046783626079559326,0.125
WRITE,3,uniform_enrichment,11418,0.9488919522762717,0.766491275148862,0.3359350234270096,0.8402849733829498,1.569572412967683
WRITE,4,bbox_mass,11418,0.25897822217028593,0.2833663806907407,0.004056981159374118,0.1413971185684204,0.724929291009903
WRITE,4,patch_aupr,11418,0.346481298464994,0.29172604191981866,0.029939587973058224,0.267496719956398,0.8120269298553469
WRITE,4,patch_auroc,11418,0.6283096720761918,0.1873368186313698,0.38999392092227936,0.651320606470108,0.8371954560279846
WRITE,4,top1_pointing,11418,0.23708180066561568,0.4252928643402861,0.0,0.0,1.0
WRITE,4,top32_box_recall,11418,0.08268919069669312,0.10644914913799478,0.0,0.05701754242181778,0.17921928912401242
WRITE,4,uniform_enrichment,11418,1.1563277279949646,1.1840005915093719,0.3741819053888321,0.9865006506443024,1.907146000862122
WRITE,5,bbox_mass,11418,0.27967823924223095,0.2820479814369189,0.006327028619125485,0.1784190982580185,0.7367307126522065
WRITE,5,patch_aupr,11418,0.36554918697064787,0.2863160218988433,0.03819877840578556,0.3034769892692566,0.8164603650569917
WRITE,5,patch_auroc,11418,0.6551547109764895,0.18490720891676082,0.42251498997211456,0.6785212755203247,0.8614956140518192
WRITE,5,top1_pointing,11418,0.24268698546155193,0.42870737403167725,0.0,0.0,1.0
WRITE,5,top32_box_recall,11418,0.10781660962674977,0.1380849151744094,0.0,0.06481481343507767,0.25
WRITE,5,uniform_enrichment,11418,1.6247634402963853,2.5174172214750987,0.4872132182121277,1.0887919664382935,2.749057364463812
WRITE,6,bbox_mass,11418,0.30102270447544754,0.28906756482708734,0.006890337355434895,0.20670175552368164,0.761720418930054
WRITE,6,patch_aupr,11418,0.37471317284074357,0.289337955228361,0.03819591104984284,0.31876519322395325,0.8252567410469056
WRITE,6,patch_auroc,11418,0.6605588369900849,0.17984589487750047,0.4403883099555969,0.6828708648681641,0.8618936061859135
WRITE,6,top1_pointing,11418,0.28271150814503415,0.450317345110528,0.0,0.0,1.0
WRITE,6,top32_box_recall,11418,0.11204516047598456,0.13243013418080019,0.0,0.0714285746216774,0.25
WRITE,6,uniform_enrichment,11418,1.7382956325187613,2.141940524672871,0.5751483380794525,1.1886066198349,3.105386996269228
WRITE,7,bbox_mass,11418,0.3369129788183887,0.3015524754678385,0.00768939987756312,0.2585957497358322,0.8010328114032745
WRITE,7,patch_aupr,11418,0.39436805129441016,0.2862606648303793,0.04062964580953121,0.35832060873508453,0.8167051315307619
WRITE,7,patch_auroc,11418,0.6568170269834748,0.18147500736244518,0.4356431782245636,0.6724230051040649,0.8717271149158479
WRITE,7,top1_pointing,11418,0.41942546855841656,0.4934650391699186,0.0,0.0,1.0
WRITE,7,top32_box_recall,11418,0.13241935081918293,0.15778126828475797,0.0,0.07905138283967972,0.3151072025299083
WRITE,7,uniform_enrichment,11418,2.506837692285956,4.850657886479546,0.5521312117576599,1.312900185585022,4.682924699783326
WRITE,8,bbox_mass,11418,0.3554262380044283,0.30325625609226103,0.015554914344102147,0.2834659367799759,0.8178139030933382
WRITE,8,patch_aupr,11418,0.4271720966157326,0.28775014747867633,0.06090780347585679,0.40571995079517365,0.8414832949638367
WRITE,8,patch_auroc,11418,0.7071551716871616,0.16605793761338136,0.524966812133789,0.7194177806377411,0.9014895319938661
WRITE,8,top1_pointing,11418,0.44105797863023294,0.4965136837156111,0.0,0.0,1.0
WRITE,8,top32_box_recall,11418,0.15712420419202738,0.17470772223679865,0.03030303120613098,0.09138736128807068,0.375
WRITE,8,uniform_enrichment,11418,2.7236648920044515,4.709449028137974,0.900025463104248,1.5432592630386353,5.022355461120608
WRITE,9,bbox_mass,11418,0.35187359512784916,0.3046092825911822,0.017552963085472585,0.2689935863018036,0.8239091813564302
WRITE,9,patch_aupr,11418,0.41678052898572243,0.28412083676865935,0.06564999222755433,0.38083556294441223,0.8349513471126558
WRITE,9,patch_auroc,11418,0.7002299350511331,0.16345913336553677,0.521431815624237,0.7086820602416992,0.8924032211303711
WRITE,9,top1_pointing,11418,0.46943422665966017,0.4990648590114385,0.0,0.0,1.0
WRITE,9,top32_box_recall,11418,0.15316335373724663,0.16882051811097465,0.03703703731298447,0.09090909361839294,0.3571428656578064
WRITE,9,uniform_enrichment,11418,2.791341086526242,5.428532980225011,0.9223486483097076,1.5187858939170837,4.857611036300659
WRITE,10,bbox_mass,11418,0.3804628936426753,0.30687247366205817,0.02476681582629681,0.31642743945121765,0.8470802843570711
WRITE,10,patch_aupr,11418,0.45698494125047645,0.2813594279362275,0.08883093297481537,0.43857425451278687,0.8580878078937537
WRITE,10,patch_auroc,11418,0.7299847574420057,0.16145158445647262,0.5572089970111846,0.7412442862987518,0.9173583686351776
WRITE,10,top1_pointing,11418,0.5305657733403398,0.4990648590114385,0.0,1.0,1.0
WRITE,10,top32_box_recall,11418,0.18573195909936732,0.18777792573815907,0.0535714291036129,0.1111111119389534,0.4375
WRITE,10,uniform_enrichment,11418,3.314598079892174,5.571354800342347,1.0020153522491455,1.796670913696289,6.234680318832402
WRITE,11,bbox_mass,11418,0.40626886572591375,0.29808321834486756,0.033890983089804656,0.37138548493385315,0.8415757536888127
WRITE,11,patch_aupr,11418,0.47476707664360795,0.26669778504655894,0.11199227720499039,0.4735870659351349,0.8439729690551759
WRITE,11,patch_auroc,11418,0.72613189212311,0.16447859890121339,0.5473475813865661,0.7355345785617828,0.9203403651714325
WRITE,11,top1_pointing,11418,0.6305832895428272,0.48264687349259205,0.0,1.0,1.0
WRITE,11,top32_box_recall,11418,0.20403127969288473,0.19931369394616158,0.0555555559694767,0.125,0.5
WRITE,11,uniform_enrichment,11418,4.634968709124927,10.619383301272492,1.0059200763702392,1.9933171272277832,9.254458904266361
WRITE,12,bbox_mass,11418,0.41019157371279924,0.29980797007814486,0.033378273248672485,0.37366466224193573,0.8529928147792817
WRITE,12,patch_aupr,11418,0.480745671214004,0.2669610720285623,0.11353834345936775,0.47776566445827484,0.8526574134826661
WRITE,12,patch_auroc,11418,0.7304152829129165,0.17021230184529712,0.5336120843887329,0.745861828327179,0.9254228353500367
WRITE,12,top1_pointing,11418,0.6422315641968821,0.47934349077264854,0.0,1.0,1.0
WRITE,12,top32_box_recall,11418,0.20656338640209565,0.20757292628855373,0.054347824305295944,0.12134906649589539,0.5
WRITE,12,uniform_enrichment,11418,5.315517364178466,12.965322854799414,0.9898781418800354,1.9756532907485962,10.655584335327156
WRITE,13,bbox_mass,11418,0.44532031169846154,0.30858360870825546,0.03250191174447537,0.43447262048721313,0.8807669818401337
WRITE,13,patch_aupr,11418,0.4951281268145128,0.2697969737721095,0.10851295441389083,0.5037597715854645,0.8621553957462312
WRITE,13,patch_auroc,11418,0.7400405031192854,0.16756987806634163,0.5506282866001129,0.7563288807868958,0.9300951957702637
WRITE,13,top1_pointing,11418,0.6535295148011911,0.4758452354336553,0.0,1.0,1.0
WRITE,13,top32_box_recall,11418,0.2098274421039251,0.20952282865377256,0.05519166067242623,0.125,0.5
WRITE,13,uniform_enrichment,11418,6.14395814540573,14.943295043047842,0.9945916414260865,2.123316168785095,12.80068702697755
WRITE,14,bbox_mass,11418,0.38776867168477797,0.29079360351151684,0.037061285600066184,0.33916108310222626,0.8264155447483067
WRITE,14,patch_aupr,11418,0.48139376309545334,0.2669383748132643,0.11449755057692529,0.47883740067481995,0.8513842284679414
WRITE,14,patch_auroc,11418,0.7425295901575326,0.17062930165994938,0.5465281784534455,0.7596196830272675,0.9383768379688263
WRITE,14,top1_pointing,11418,0.5747941846207743,0.4943741800973363,0.0,1.0,1.0
WRITE,14,top32_box_recall,11418,0.20533537551024375,0.2138756428987386,0.0535714291036129,0.11428571492433548,0.5
WRITE,14,uniform_enrichment,11418,4.613760098985274,9.220034751902826,0.9913594186306,1.8779048323631287,9.862634086608896
WRITE,15,bbox_mass,11418,0.461609426867675,0.30766852318920596,0.04624981544911862,0.4514707922935486,0.888258546590805
WRITE,15,patch_aupr,11418,0.5127666216334424,0.26591868614534464,0.1308131143450737,0.5248011648654938,0.864778208732605
WRITE,15,patch_auroc,11418,0.7469881632374911,0.16854815219617672,0.5575845599174499,0.7645057141780853,0.9391668319702149
WRITE,15,top1_pointing,11418,0.6780521982834121,0.46722308877713276,0.0,1.0,1.0
WRITE,15,top32_box_recall,11418,0.2264727763847113,0.21886137737878653,0.0555555559694767,0.13571250438690186,0.5476190447807312
WRITE,15,uniform_enrichment,11418,7.127640517367506,17.905074198887725,1.0059900283813477,2.306923508644104,15.034500026702885
WRITE,16,bbox_mass,11418,0.432727206455629,0.2962480348048777,0.037567090988159184,0.42239081859588623,0.8489602684974671
WRITE,16,patch_aupr,11418,0.5074430210829682,0.26496628517617826,0.11951925456523896,0.5227125287055969,0.8542709827423097
WRITE,16,patch_auroc,11418,0.7438439368571317,0.16924468463908726,0.5554181098937988,0.7587238252162933,0.9406906008720399
WRITE,16,top1_pointing,11418,0.6561569451742862,0.4749894824875968,0.0,1.0,1.0
WRITE,16,top32_box_recall,11418,0.22129850667397422,0.21900929983047504,0.0555555559694767,0.13092122226953506,0.5333333611488342
WRITE,16,uniform_enrichment,11418,6.147000370564467,15.276269764197089,1.0,2.1161558628082275,12.722016716003424
WRITE,17,bbox_mass,11418,0.3923069363681656,0.3017063482005672,0.030497677437961102,0.3433011919260025,0.842128795385361
WRITE,17,patch_aupr,11418,0.45510834634458536,0.2701465897529485,0.09730379283428192,0.4454520493745804,0.8415927946567537
WRITE,17,patch_auroc,11418,0.7164783388791245,0.16070751796185034,0.5441625952720642,0.7243292927742004,0.9054486751556399
WRITE,17,top1_pointing,11418,0.5715536871606236,0.49485358425873766,0.0,1.0,1.0
WRITE,17,top32_box_recall,11418,0.18800770559538704,0.18842065280259024,0.05225700885057449,0.11316486075520515,0.44999998807907104
WRITE,17,uniform_enrichment,11418,3.996476664141481,7.2634763494098715,0.994741290807724,1.8999270796775818,8.303075790405297
WRITE,18,bbox_mass,11418,0.4408417320654366,0.29945968057979694,0.04923854321241379,0.4175339490175247,0.8657371878623965
WRITE,18,patch_aupr,11418,0.5072219043627407,0.2633199711949027,0.1390797898173332,0.5133485794067383,0.8613631486892708
WRITE,18,patch_auroc,11418,0.749079417215455,0.16448574875829872,0.5695823013782502,0.7634234130382538,0.9358994364738464
WRITE,18,top1_pointing,11418,0.615957260465931,0.48636808462854164,0.0,1.0,1.0
WRITE,18,top32_box_recall,11418,0.22575867915783618,0.218856663047537,0.0555555559694767,0.13425925374031067,0.5428571701049805
WRITE,18,uniform_enrichment,11418,6.23991965196399,13.444897800203771,1.008811640739441,2.25544011592865,13.61033172607425
WRITE,19,bbox_mass,11418,0.46950179207892,0.29512124171386916,0.049904371052980435,0.47858646512031555,0.8703451871871949
WRITE,19,patch_aupr,11418,0.4909261799663603,0.25687008369703546,0.1347193345427513,0.48797135055065155,0.8476578593254089
WRITE,19,patch_auroc,11418,0.7264166742036003,0.15845179692909261,0.5621688067913055,0.7337595522403717,0.9136567115783693
WRITE,19,top1_pointing,11418,0.662024873007532,0.47302002127488557,0.0,1.0,1.0
WRITE,19,top32_box_recall,11418,0.21742420132923007,0.2017715477183832,0.0555555559694767,0.1388888955116272,0.5
WRITE,19,uniform_enrichment,11418,7.942151229529737,21.1351678120467,1.0131760001182557,2.3649024963378906,16.577291107177743
WRITE,20,bbox_mass,11418,0.47719482318539175,0.3055512888086158,0.05452625378966332,0.47355544567108154,0.892104423046112
WRITE,20,patch_aupr,11418,0.5118992166981069,0.25926460808577384,0.1441485181450844,0.5244260132312775,0.856828361749649
WRITE,20,patch_auroc,11418,0.7425964243852292,0.16068649922016168,0.5716341078281403,0.753555029630661,0.9296167254447938
WRITE,20,top1_pointing,11418,0.6931161324224908,0.46120077991930913,0.0,1.0,1.0
WRITE,20,top32_box_recall,11418,0.22680560695588195,0.21316017436675244,0.0555555559694767,0.1428571492433548,0.530803561210633
WRITE,20,uniform_enrichment,11418,7.52680118965632,18.473992766755178,1.0164930701255799,2.47711443901062,16.278088951110846
WRITE,21,bbox_mass,11418,0.4251731882886995,0.298332864212354,0.04327338561415672,0.3933447152376175,0.8585492372512817
WRITE,21,patch_aupr,11418,0.4892213530266099,0.2638128935363663,0.128756745159626,0.4904440641403198,0.8504994809627534
WRITE,21,patch_auroc,11418,0.7312497136852415,0.161429953365934,0.5587549805641174,0.7381195724010468,0.9214968919754029
WRITE,21,top1_pointing,11418,0.6359257313014538,0.4811696120602017,0.0,1.0,1.0
WRITE,21,top32_box_recall,11418,0.2159648805184681,0.20801049903637328,0.0555555559694767,0.13235294818878174,0.5
WRITE,21,uniform_enrichment,11418,5.337105240141016,10.614669726550707,1.0146443605422975,2.1860222816467285,11.471008300781252
WRITE,22,bbox_mass,11418,0.44764748595619736,0.2996119908227561,0.05204083137214184,0.4221338778734207,0.8764251649379733
WRITE,22,patch_aupr,11418,0.4920789004887692,0.26097176783435394,0.13454007655382155,0.49292005598545074,0.8476070761680603
WRITE,22,patch_auroc,11418,0.7301465326339074,0.16259823945886068,0.5534557044506073,0.7381678521633148,0.9233344793319703
WRITE,22,top1_pointing,11418,0.6398668768610966,0.4800388075532257,0.0,1.0,1.0
WRITE,22,top32_box_recall,11418,0.2188943566028603,0.2074645235191617,0.0555555559694767,0.13636364042758942,0.5
WRITE,22,uniform_enrichment,11418,6.520392422696628,14.574233547593304,1.0082282900810242,2.3319060802459717,14.034026813507092
WRITE,23,bbox_mass,11418,0.432975302597284,0.29720563282307744,0.049685833975672736,0.4029061794281006,0.8648559570312501
WRITE,23,patch_aupr,11418,0.47824982526175575,0.26219990199787296,0.12655784338712692,0.4724748283624649,0.8438738107681274
WRITE,23,patch_auroc,11418,0.725320030722221,0.16089404671243865,0.5544872105121612,0.7328939735889435,0.9155093610286713
WRITE,23,top1_pointing,11418,0.6036959187248204,0.4891289773053887,0.0,1.0,1.0
WRITE,23,top32_box_recall,11418,0.20872073564016114,0.20215431706492037,0.0555555559694767,0.1262626200914383,0.5
WRITE,23,uniform_enrichment,11418,6.400417896119359,16.00227070423177,0.9999371707439423,2.1831547021865845,13.385352039337171
WRITE,24,bbox_mass,11418,0.4228227125532555,0.29577388155117845,0.042176555842161186,0.3969791382551193,0.8538112282752993
WRITE,24,patch_aupr,11418,0.4699827992276726,0.26378386132763265,0.11600775048136712,0.4596850425004959,0.8421091616153719
WRITE,24,patch_auroc,11418,0.7227896029737455,0.15896371050928806,0.5544807970523834,0.7306353747844696,0.9093447566032412
WRITE,24,top1_pointing,11418,0.5656857593273779,0.4956666026893337,0.0,1.0,1.0
WRITE,24,top32_box_recall,11418,0.2019359128874573,0.19604718598760304,0.05454545468091965,0.12470095604658127,0.5
WRITE,24,uniform_enrichment,11418,5.895519455048171,13.340587011306734,0.9900965094566345,2.0739352703094482,12.663003540039073
WRITE,25,bbox_mass,11418,0.4125947365700295,0.2901706846336834,0.04747900739312172,0.37528447806835175,0.8428512692451477
WRITE,25,patch_aupr,11418,0.46562701613000107,0.2574380411392151,0.12423562705516815,0.4578191190958023,0.8262394607067112
WRITE,25,patch_auroc,11418,0.7065592342848994,0.16559115080756778,0.5280201137065887,0.7096929550170898,0.9112318754196167
WRITE,25,top1_pointing,11418,0.5904711858469084,0.49174685004731256,0.0,1.0,1.0
WRITE,25,top32_box_recall,11418,0.20619397254083727,0.20086518232285308,0.0555555559694767,0.12439000979065895,0.5
WRITE,25,uniform_enrichment,11418,5.605531585844712,12.532387755401732,0.9983845770359039,2.067124128341675,12.171077251434326
WRITE,26,bbox_mass,11418,0.41440242186665127,0.29421826248312805,0.038613788411021234,0.38166841864585876,0.8449657917022706
WRITE,26,patch_aupr,11418,0.45775910434131023,0.2605621586638444,0.11034407690167428,0.44533635675907135,0.8294002354145051
WRITE,26,patch_auroc,11418,0.7015576885781829,0.1632611887004832,0.5286539137363434,0.7047326862812042,0.9024438977241517
WRITE,26,top1_pointing,11418,0.5877561744613767,0.4922386147427936,0.0,1.0,1.0
WRITE,26,top32_box_recall,11418,0.20131829393069026,0.19154735681080243,0.0555555559694767,0.125,0.47727271914482117
WRITE,26,uniform_enrichment,11418,4.76948353121464,8.418503966250057,1.003334069252014,2.1029247045516968,10.815597057342536
WRITE,27,bbox_mass,11418,0.3594804233075366,0.2771804897362972,0.030726011283695703,0.3082866072654724,0.7777611672878268
WRITE,27,patch_aupr,11418,0.42045250979601995,0.25507623620848857,0.09837708249688148,0.3933981955051422,0.7968847811222077
WRITE,27,patch_auroc,11418,0.6751849312099689,0.1717117039552215,0.4916130840778351,0.6723016500473022,0.8959282279014589
WRITE,27,top1_pointing,11418,0.43405149763531264,0.4956317131054618,0.0,0.0,1.0
WRITE,27,top32_box_recall,11418,0.18489121848482912,0.18779799786388818,0.0476190485060215,0.10759493708610535,0.4545454680919647
WRITE,27,uniform_enrichment,11418,4.106959780707843,8.124108280217888,0.895568597316742,1.678371548652649,9.07316570281983
WRITE,28,bbox_mass,11418,0.27206723637413416,0.2901887474487535,0.006812045071274042,0.15145478397607803,0.7628508388996128
WRITE,28,patch_aupr,11418,0.34337211283793967,0.2838837546953901,0.03754817768931389,0.26388540863990784,0.7949858009815216
WRITE,28,patch_auroc,11418,0.6296179132850247,0.1638146304944959,0.4465240776538849,0.631907045841217,0.827700972557068
WRITE,28,top1_pointing,11418,0.2443510246978455,0.42970175869660854,0.0,0.0,1.0
WRITE,28,top32_box_recall,11418,0.08646091639392475,0.1044175434223857,0.0,0.060150377452373505,0.18000000715255737
WRITE,28,uniform_enrichment,11418,1.3425067549176288,1.5366974091553391,0.5730670750141144,1.0356513857841492,2.132843637466431
WRITE,29,bbox_mass,11418,0.3199209280940388,0.2891012153855278,0.016667767986655237,0.22852936387062073,0.7942197084426881
WRITE,29,patch_aupr,11418,0.4075587242452242,0.2689728591748128,0.07592608258128167,0.3701247274875641,0.8076462626457216
WRITE,29,patch_auroc,11418,0.6933190371122757,0.163895428527034,0.5173559665679932,0.6980183720588684,0.8900403916835785
WRITE,29,top1_pointing,11418,0.33403398143282537,0.471651651837413,0.0,0.0,1.0
WRITE,29,top32_box_recall,11418,0.15875449812338754,0.17700544439093827,0.0329453457146883,0.08510638028383255,0.4000000059604645
WRITE,29,uniform_enrichment,11418,3.1891001796333245,7.475199625420464,0.6244273543357849,1.3224295377731323,6.327997064590479
WRITE,30,bbox_mass,11418,0.32427927992833666,0.2774962845594334,0.023656865768134593,0.2471577301621437,0.766244578361512
WRITE,30,patch_aupr,11418,0.40983789560152506,0.26582420801820206,0.08853744789958001,0.3681870549917221,0.8095402836799622
WRITE,30,patch_auroc,11418,0.692593794772824,0.16406700111461184,0.5192639350891113,0.6943706274032593,0.8924286544322969
WRITE,30,top1_pointing,11418,0.2718514626029077,0.44491374993763405,0.0,0.0,1.0
WRITE,30,top32_box_recall,11418,0.17118060582910888,0.1793939558291442,0.04252308234572411,0.09842275455594063,0.41986416876316257
WRITE,30,uniform_enrichment,11418,2.9637500913785977,4.833686974766792,0.8415432572364807,1.4739248156547546,6.329727888107301
WRITE,31,bbox_mass,11418,0.2824113816387418,0.2776325782878149,0.012116949632763862,0.18290508538484573,0.7403468489646914
WRITE,31,patch_aupr,11418,0.3699900571938443,0.2728523853791081,0.05591856800019742,0.3099215477705002,0.7912537872791291
WRITE,31,patch_auroc,11418,0.6593898456112363,0.16072270900162003,0.4936448335647583,0.6569696366786957,0.8541790246963504
WRITE,31,top1_pointing,11418,0.23620599054125066,0.4247501860784493,0.0,0.0,1.0
WRITE,31,top32_box_recall,11418,0.12951478502140712,0.14572238655281836,0.025761825218796733,0.07575757801532745,0.3076923191547394
WRITE,31,uniform_enrichment,11418,1.836823115363798,2.724107866688571,0.7173672556877136,1.1618672013282776,3.3275950670242334
WRITE,32,bbox_mass,11418,0.26584441179902274,0.2714404673992957,0.009330621082335712,0.16324935853481293,0.7011694848537445
WRITE,32,patch_aupr,11418,0.33523064936663094,0.27415931188601717,0.04129934795200825,0.2584376335144043,0.7683665931224823
WRITE,32,patch_auroc,11418,0.6138873287315262,0.1601146754616549,0.4458959370851517,0.6090153753757477,0.8084134697914125
WRITE,32,top1_pointing,11418,0.19083902609914172,0.3929624564976568,0.0,0.0,1.0
WRITE,32,top32_box_recall,11418,0.0981993603529557,0.11318444730409148,0.0,0.0625,0.21739129722118378
WRITE,32,uniform_enrichment,11418,1.3583453512427728,0.9454453766955349,0.7861504435539246,1.0779195427894592,2.218084812164307
