method,layer,metric,count,mean,std,q10,median,q90
ATTN,1,bbox_mass,5,0.33698943853378294,0.259688883007637,0.08955523222684861,0.34790536761283875,0.6224272727966309
ATTN,1,patch_aupr,5,0.3562200054526329,0.30383783844615275,0.1034181535243988,0.3155968487262726,0.6886609673500061
ATTN,1,patch_auroc,5,0.3966217203469807,0.20420002371709428,0.23365384615384618,0.339795077746885,0.6261613192024778
ATTN,1,top1_pointing,5,0.6,0.48989794855663565,0.0,1.0,1.0
ATTN,1,top32_box_recall,5,0.020592828224407174,0.02424406243041697,0.0030769230769230774,0.011904761904761904,0.04694331983805669
ATTN,1,uniform_enrichment,5,0.8944634281896118,0.08905642470870395,0.8321049445910267,0.8654851076567563,0.9885600005800921
ATTN,10,bbox_mass,5,0.37951862812042236,0.22581767598464522,0.1634914219379425,0.3138737082481384,0.6536072969436646
ATTN,10,patch_aupr,5,0.5062299787998199,0.2188387343231973,0.26921297907829284,0.5550497770309448,0.7444208383560181
ATTN,10,patch_auroc,5,0.6389800228998884,0.06837966105887563,0.5569462025316456,0.6637244152046784,0.708341357030014
ATTN,10,top1_pointing,5,0.6,0.48989794855663565,0.0,1.0,1.0
ATTN,10,top32_box_recall,5,0.09982552535184115,0.041491036312475714,0.06672932330827068,0.08846153846153847,0.14615384615384616
ATTN,10,uniform_enrichment,5,1.2145174255613171,0.3169121080580962,0.8668931206360422,1.1990161310423708,1.5745754864098949
ATTN,11,bbox_mass,5,0.4027096018195152,0.2382525531394386,0.14723636955022812,0.37758907675743103,0.683923065662384
ATTN,11,patch_aupr,5,0.5078245013952255,0.2086628425229103,0.27592469155788424,0.538468599319458,0.7373485088348389
ATTN,11,patch_auroc,5,0.6460307242186175,0.08128802013359807,0.5640202044790652,0.6165570175438597,0.7456394280777179
ATTN,11,top1_pointing,5,0.8,0.4,0.4,1.0,1.0
ATTN,11,top32_box_recall,5,0.08946018893387314,0.04367035659745063,0.04763832658569501,0.08076923076923077,0.14
ATTN,11,uniform_enrichment,5,1.2343345031036779,0.2910511810730945,0.963373730456057,1.123624358166152,1.5878890916927038
ATTN,12,bbox_mass,5,0.40498708486557006,0.2321350371094126,0.15149352550506592,0.3972019553184509,0.6760073900222778
ATTN,12,patch_aupr,5,0.49217088222503663,0.2180629785652736,0.25093228816986085,0.5257996320724487,0.735972797870636
ATTN,12,patch_auroc,5,0.6409323567927206,0.0674083472692614,0.5738254625121714,0.607858187134503,0.7217985898745523
ATTN,12,top1_pointing,5,0.4,0.48989794855663565,0.0,0.0,1.0
ATTN,12,top32_box_recall,5,0.0762406015037594,0.018326316769093225,0.05721997300944669,0.06923076923076923,0.0980952380952381
ATTN,12,uniform_enrichment,5,1.2492544687127172,0.24062756858124978,0.9763679472564716,1.2858204042870836,1.5182625237721343
ATTN,13,bbox_mass,5,0.4027554512023926,0.2279981883918487,0.16787586212158204,0.33627164363861084,0.6800739288330078
ATTN,13,patch_aupr,5,0.49830195009708406,0.21038559201199364,0.27349698841571807,0.49568504095077515,0.7393077969551086
ATTN,13,patch_auroc,5,0.6416888047920638,0.08600061266969554,0.5455002434274586,0.6417032163742691,0.7408702934672667
ATTN,13,top1_pointing,5,0.6,0.48989794855663565,0.0,1.0,1.0
ATTN,13,top32_box_recall,5,0.09942645074224021,0.03860500741243837,0.06058704453441296,0.10256410256410256,0.14153846153846153
ATTN,13,uniform_enrichment,5,1.2922286210647682,0.34247964569564915,0.8858564858744188,1.439771187329546,1.6393008841018377
ATTN,14,bbox_mass,5,0.4116620808839798,0.24387834122837976,0.15588804185390473,0.35204508900642395,0.7012832403182984
ATTN,14,patch_aupr,5,0.511483895778656,0.21481889335740967,0.2765002608299255,0.5109828114509583,0.7609053611755371
ATTN,14,patch_auroc,5,0.6666163402314146,0.08256517141425154,0.5800728431757746,0.6366966893865629,0.7595070355575791
ATTN,14,top1_pointing,5,0.6,0.48989794855663565,0.0,1.0,1.0
ATTN,14,top32_box_recall,5,0.07810969732022363,0.0221431219952151,0.05590418353576248,0.06923076923076923,0.10501831501831502
ATTN,14,uniform_enrichment,5,1.2760638119393213,0.30883872274508106,0.9001723016368433,1.4252365973943388,1.5829814963412452
ATTN,15,bbox_mass,5,0.45812097787857053,0.26157534470321187,0.15098726153373718,0.5136229395866394,0.7367992758750915
ATTN,15,patch_aupr,5,0.4870870739221573,0.22160022879591998,0.23778029680252075,0.5302057862281799,0.7324681997299194
ATTN,15,patch_auroc,5,0.6053957533822751,0.06553273415905261,0.5434911981755752,0.5773003894839339,0.6840247346932625
ATTN,15,top1_pointing,5,0.8,0.4,0.4,1.0,1.0
ATTN,15,top32_box_recall,5,0.09016001542317331,0.021195423768451505,0.06388663967611335,0.10256410256410256,0.10747252747252747
ATTN,15,uniform_enrichment,5,1.3748217675619547,0.25732447323712804,1.0983015532426803,1.3581797952642876,1.6609848321731924
ATTN,16,bbox_mass,5,0.459472718834877,0.25291357805702697,0.16580744683742524,0.5099316239356995,0.7337921619415283
ATTN,16,patch_aupr,5,0.5169189691543579,0.2209251041941626,0.26417972445487975,0.5681362152099609,0.7587737441062927
ATTN,16,patch_auroc,5,0.6574461185384689,0.06889858494319827,0.5855684315869193,0.6417782375851997,0.7404165845908426
ATTN,16,top1_pointing,5,0.6,0.48989794855663565,0.0,1.0,1.0
ATTN,16,top32_box_recall,5,0.09378349720454984,0.018944254262848775,0.07091093117408907,0.10256410256410256,0.10978021978021978
ATTN,16,uniform_enrichment,5,1.4123822759711326,0.2542729600383286,1.106840383738217,1.4608437473716311,1.6757640614309368
ATTN,17,bbox_mass,5,0.4294937789440155,0.21433394312029952,0.19799121022224425,0.39540213346481323,0.6841431260108948
ATTN,17,patch_aupr,5,0.5027417600154876,0.19687463343832243,0.28460723757743833,0.5054728984832764,0.7273488521575928
ATTN,17,patch_auroc,5,0.6411382677799417,0.09374106871764465,0.5413188074047501,0.6274342745861734,0.752788026043242
ATTN,17,top1_pointing,5,0.6,0.48989794855663565,0.0,1.0,1.0
ATTN,17,top32_box_recall,5,0.10374590321958743,0.03893787245346363,0.06145748987854251,0.1,0.14926739926739926
ATTN,17,uniform_enrichment,5,1.4447495719617625,0.4432455955405883,0.9728386417686282,1.478411285381836,1.948660644776089
ATTN,18,bbox_mass,5,0.4558193773031235,0.24928276912770336,0.17003060281276702,0.5000086426734924,0.7308644652366638
ATTN,18,patch_aupr,5,0.5037470787763596,0.2138134043495053,0.25971579253673555,0.5502819418907166,0.7351491212844848
ATTN,18,patch_auroc,5,0.6430371425753104,0.06256007983640142,0.5893962358427715,0.6035418695228822,0.7217957015231479
ATTN,18,top1_pointing,5,0.4,0.48989794855663565,0.0,0.0,1.0
ATTN,18,top32_box_recall,5,0.10092539039907462,0.03209347000462776,0.0691497975708502,0.09230769230769231,0.13901098901098902
ATTN,18,uniform_enrichment,5,1.4205917505879995,0.3449455950722554,1.1426299008861371,1.255179877339904,1.827657260898079
ATTN,19,bbox_mass,5,0.4487715721130371,0.23385387112553155,0.19341855943202974,0.514665961265564,0.6981453776359559
ATTN,19,patch_aupr,5,0.4938696026802063,0.2165948469857963,0.2541885733604431,0.5394658446311951,0.7272644996643066
ATTN,19,patch_auroc,5,0.6279902644537673,0.06526756128637183,0.5679333008763389,0.6061677631578948,0.706291224040269
ATTN,19,top1_pointing,5,0.2,0.4000000000000001,0.0,0.0,0.6000000000000001
ATTN,19,top32_box_recall,5,0.09986215538847118,0.022876177951523403,0.07354251012145749,0.1,0.12454212454212453
ATTN,19,uniform_enrichment,5,1.453173897584053,0.3135837994998158,1.1581943675040918,1.2650722953030766,1.8398633652190006
ATTN,2,bbox_mass,5,0.3326938390731812,0.24948801462132458,0.10425335466861725,0.31929513812065125,0.6078606009483338
ATTN,2,patch_aupr,5,0.392190620303154,0.24838112235699888,0.17212027609348296,0.36206671595573425,0.6616763472557068
ATTN,2,patch_auroc,5,0.48220105543109415,0.12882384805607552,0.35117575462512174,0.43206157965194114,0.6368663274038755
ATTN,2,top1_pointing,5,0.6,0.48989794855663565,0.0,1.0,1.0
ATTN,2,top32_box_recall,5,0.05938789280894543,0.043204982422240835,0.02923076923076923,0.03461538461538462,0.1093984962406015
ATTN,2,uniform_enrichment,5,0.935852409636856,0.18563119118609808,0.7819638223155858,0.8130481549381408,1.1695481808042578
ATTN,20,bbox_mass,5,0.4741164788603783,0.24775581525278342,0.16716647297143936,0.596337080001831,0.7136333823204041
ATTN,20,patch_aupr,5,0.5137568116188049,0.21028458219535429,0.26597611904144286,0.5928350687026978,0.732571280002594
ATTN,20,patch_auroc,5,0.6707073039553455,0.07879105581580993,0.5830387861084064,0.6598101265822783,0.7575305555286453
ATTN,20,top1_pointing,5,0.4,0.48989794855663565,0.0,0.0,1.0
ATTN,20,top32_box_recall,5,0.0918796992481203,0.020393573595632746,0.06959514170040486,0.09230769230769231,0.11245421245421244
ATTN,20,uniform_enrichment,5,1.4797739801652317,0.4202872284858727,1.0431916080440353,1.4566327184291874,1.9664900949931006
ATTN,21,bbox_mass,5,0.470331197977066,0.25418644566770315,0.17058269381523133,0.5501419901847839,0.7405170798301697
ATTN,21,patch_aupr,5,0.50190489590168,0.22569452603284756,0.24162206351757048,0.57857745885849,0.7408303141593933
ATTN,21,patch_auroc,5,0.6566936855706782,0.05517971931267382,0.6026145443635866,0.6273551606621226,0.7234979653268663
ATTN,21,top1_pointing,5,0.4,0.48989794855663565,0.0,0.0,1.0
ATTN,21,top32_box_recall,5,0.09583477925583188,0.023066303995049525,0.06937246963562753,0.1,0.11978021978021977
ATTN,21,uniform_enrichment,5,1.450403627152737,0.24069842110649808,1.1793389552202402,1.463467002534238,1.7079004320676257
ATTN,22,bbox_mass,5,0.4666315674781799,0.24398865980930143,0.1648664355278015,0.5955452919006348,0.6926700472831726
ATTN,22,patch_aupr,5,0.5155240505933761,0.19591344576743142,0.29284179508686065,0.5704580545425415,0.7130753755569458
ATTN,22,patch_auroc,5,0.6464122919743878,0.0922409426481663,0.5536181968431302,0.6155550146056474,0.7551121218547019
ATTN,22,top1_pointing,5,0.6,0.48989794855663565,0.0,1.0,1.0
ATTN,22,top32_box_recall,5,0.10012049354154617,0.04091788360096418,0.067834008097166,0.08974358974358974,0.14406593406593407
ATTN,22,uniform_enrichment,5,1.4761558143343418,0.6946419044879769,0.8125530572354758,1.4546986705677634,2.242176801429276
ATTN,23,bbox_mass,5,0.47226340174674986,0.2644499321606605,0.15276311635971068,0.5492382645606995,0.7489094376564026
ATTN,23,patch_aupr,5,0.5145414233207702,0.2096143599509398,0.26922484636306765,0.5778711438179016,0.7384086966514587
ATTN,23,patch_auroc,5,0.6628450129522495,0.0808928950920251,0.5703874340183467,0.668932570593963,0.7429279254066207
ATTN,23,top1_pointing,5,0.6,0.48989794855663565,0.0,1.0,1.0
ATTN,23,top32_box_recall,5,0.08868999421631,0.019451179842861148,0.0658502024291498,0.09523809523809523,0.10923076923076924
ATTN,23,uniform_enrichment,5,1.426280775988317,0.40682910077422185,1.0069393889239997,1.3415875906457542,1.916996568986151
ATTN,24,bbox_mass,5,0.4442472830414772,0.2630553154539932,0.12868619412183763,0.5280632972717285,0.7206367969512939
ATTN,24,patch_aupr,5,0.5025055438280106,0.22721390510167075,0.24100807011127473,0.5905231237411499,0.7394222497940064
ATTN,24,patch_auroc,5,0.6548795112825372,0.06631591728189698,0.5803140587898666,0.6492514605647518,0.7237546361628054
ATTN,24,top1_pointing,5,0.4,0.48989794855663565,0.0,0.0,1.0
ATTN,24,top32_box_recall,5,0.07711490264121842,0.020723180959100734,0.05401002506265664,0.07692307692307693,0.10051282051282051
ATTN,24,uniform_enrichment,5,1.2872953742835551,0.29535076479172867,0.947196988189085,1.2898649136579536,1.6183395641375011
ATTN,25,bbox_mass,5,0.4527293838560581,0.27552593504048123,0.13202260658144951,0.4923647344112396,0.7523965835571289
ATTN,25,patch_aupr,5,0.4964101552963257,0.22159815012261908,0.24080289602279664,0.5511431097984314,0.7358068704605103
ATTN,25,patch_auroc,5,0.6528423020759989,0.07209274419273312,0.5738095916824681,0.6480769230769232,0.7284376584332506
ATTN,25,top1_pointing,5,0.6,0.48989794855663565,0.0,1.0,1.0
ATTN,25,top32_box_recall,5,0.08685752843647579,0.030479880794322255,0.06461538461538462,0.06578947368421052,0.12417582417582418
ATTN,25,uniform_enrichment,5,1.327172968016744,0.6043931868398513,0.7222834056678734,1.2026664207127733,2.0061432747643893
ATTN,26,bbox_mass,5,0.38466549627482893,0.21772865164491198,0.1675137970596552,0.399150550365448,0.5877309560775758
ATTN,26,patch_aupr,5,0.5014262527227402,0.2036429315372008,0.28015635907649994,0.5473771095275879,0.6918125271797181
ATTN,26,patch_auroc,5,0.6327381030160601,0.11895503606233963,0.5031730464367592,0.6568889970788705,0.7531050953523167
ATTN,26,top1_pointing,5,0.6,0.48989794855663565,0.0,1.0,1.0
ATTN,26,top32_box_recall,5,0.09286678234046657,0.08554197988707608,0.036923076923076927,0.06140350877192982,0.1817582417582418
ATTN,26,uniform_enrichment,5,1.332874047244852,1.158454001058546,0.4988682343143218,0.9464160712912987,2.5434398356843504
ATTN,27,bbox_mass,5,0.4284206435084343,0.24046451867764862,0.15458365231752397,0.4835245907306671,0.6790321946144104
ATTN,27,patch_aupr,5,0.4880459845066071,0.20989292450843264,0.24709523916244508,0.5480951070785522,0.7050972819328308
ATTN,27,patch_auroc,5,0.6249622392276573,0.09791141636712959,0.5283812781490334,0.6221153846153846,0.7260881716307773
ATTN,27,top1_pointing,5,0.6,0.48989794855663565,0.0,1.0,1.0
ATTN,27,top32_box_recall,5,0.09279352226720647,0.038102364402154615,0.06453441295546558,0.07692307692307693,0.13589743589743591
ATTN,27,uniform_enrichment,5,1.3421989095490896,0.6459551150504447,0.8074588568421401,1.1810731927338969,2.046411654055259
ATTN,28,bbox_mass,5,0.2723375730216503,0.22518574641094144,0.09400067403912545,0.2213558405637741,0.5157268643379211
ATTN,28,patch_aupr,5,0.40924873054027555,0.24970938482900162,0.18015901744365692,0.40651705861091614,0.6831134676933289
ATTN,28,patch_auroc,5,0.5461404149649137,0.09251393359090007,0.4322407497565725,0.600065331010453,0.6335541677506246
ATTN,28,top1_pointing,5,0.6,0.48989794855663565,0.0,1.0,1.0
ATTN,28,top32_box_recall,5,0.04967707730865626,0.01836323242994676,0.02846153846153846,0.05128205128205128,0.07005012531328321
ATTN,28,uniform_enrichment,5,0.7834953782114203,0.2837709769792588,0.5496115961922378,0.6015307860440268,1.1389201424104403
ATTN,29,bbox_mass,5,0.3601166807115078,0.23221234320363152,0.12327261939644814,0.36170127987861633,0.6113932490348817
ATTN,29,patch_aupr,5,0.4591012179851532,0.23552004823820194,0.19803487062454223,0.5160077810287476,0.7126722693443298
ATTN,29,patch_auroc,5,0.6108698993591093,0.046465115293278035,0.574746429730607,0.5885832521908472,0.6645362585874633
ATTN,29,top1_pointing,5,0.4,0.48989794855663565,0.0,0.0,1.0
ATTN,29,top32_box_recall,5,0.06707634470792365,0.026487923319239975,0.038461538461538464,0.06798245614035088,0.09505494505494505
ATTN,29,uniform_enrichment,5,1.0924264392805383,0.5837374947870158,0.6039024111515685,0.9764992219548501,1.7099030918286175
ATTN,3,bbox_mass,5,0.23549481742084027,0.2592658777646834,0.06312563158571721,0.14021213352680206,0.5043635189533234
ATTN,3,patch_aupr,5,0.4007304131984711,0.2622804728940416,0.17760920226573945,0.3669823408126831,0.6848019242286683
ATTN,3,patch_auroc,5,0.49965538073332716,0.1553687350118205,0.33264849074975655,0.5051745443311708,0.6786621597184017
ATTN,3,top1_pointing,5,0.6,0.48989794855663565,0.0,1.0,1.0
ATTN,3,top32_box_recall,5,0.06857817620975516,0.03850720945440066,0.04,0.05128205128205128,0.11290726817042607
ATTN,3,uniform_enrichment,5,0.6211270517415117,0.43413635771337794,0.2300635965997729,0.34248680497156875,1.1645128926888026
ATTN,30,bbox_mass,5,0.3779844790697098,0.24182995327678752,0.1300579935312271,0.3762291967868805,0.6449254751205444
ATTN,30,patch_aupr,5,0.47899370491504667,0.21560016438696616,0.2381344109773636,0.5312995314598083,0.7098581790924072
ATTN,30,patch_auroc,5,0.6415642654500554,0.07336857688609917,0.5644404691743966,0.6331426484907497,0.7214328591055008
ATTN,30,top1_pointing,5,0.2,0.4000000000000001,0.0,0.0,0.6000000000000001
ATTN,30,top32_box_recall,5,0.07209658762290341,0.01886663296935256,0.05620782726045884,0.06538461538461539,0.09351648351648352
ATTN,30,uniform_enrichment,5,1.1419844779584432,0.5143323546787527,0.714065682620574,1.0513536005553472,1.686938729836052
ATTN,31,bbox_mass,5,0.3117168426513672,0.22916037753146312,0.11891236603260041,0.25248590111732483,0.5687797904014588
ATTN,31,patch_aupr,5,0.4430434376001358,0.2169739194196653,0.23322663605213165,0.4283349812030792,0.6843770623207093
ATTN,31,patch_auroc,5,0.5931087980526593,0.08758273216516506,0.5059664070107108,0.5936038011695907,0.6913024832287248
ATTN,31,top1_pointing,5,0.4,0.48989794855663565,0.0,0.0,1.0
ATTN,31,top32_box_recall,5,0.07554077501445924,0.04175217796725464,0.04153846153846154,0.06140350877192982,0.12362637362637363
ATTN,31,uniform_enrichment,5,0.9423153732606812,0.3337014247011023,0.6681550225842746,0.791660106753163,1.3359770978441514
ATTN,32,bbox_mass,5,0.3253252536058426,0.21249782146578272,0.1365170359611511,0.29248887300491333,0.554123616218567
ATTN,32,patch_aupr,5,0.43150674998760224,0.2052513037750471,0.23479337990283966,0.4299357831478119,0.6492761611938477
ATTN,32,patch_auroc,5,0.5583818022816938,0.09945014942992314,0.482036270691334,0.5085252192982457,0.6768299634704278
ATTN,32,top1_pointing,5,0.4,0.48989794855663565,0.0,0.0,1.0
ATTN,32,top32_box_recall,5,0.07312704839020628,0.03324044487289794,0.045384615384615384,0.05263157894736842,0.11446886446886448
ATTN,32,uniform_enrichment,5,1.0452206084767632,0.5410209906022606,0.6947015763481476,0.7656008680794165,1.647952061660903
ATTN,4,bbox_mass,5,0.23388856053352355,0.25243722668248897,0.06367168128490448,0.13881045579910278,0.4989064395427705
ATTN,4,patch_aupr,5,0.40027276873588563,0.25946185332047794,0.19062503576278686,0.34983643889427185,0.6836405277252198
ATTN,4,patch_auroc,5,0.5091122782503023,0.17642832744746467,0.3060443037974684,0.5639481000926784,0.6976891351855249
ATTN,4,top1_pointing,5,0.6,0.48989794855663565,0.0,1.0,1.0
ATTN,4,top32_box_recall,5,0.06850588008482746,0.02926046666663462,0.039230769230769236,0.06578947368421052,0.1021978021978022
ATTN,4,uniform_enrichment,5,0.6384354472358634,0.4510720616522359,0.2487116120448768,0.3390630204924047,1.2061743297634564
ATTN,5,bbox_mass,5,0.25409557968378066,0.25447073752511845,0.08593791574239731,0.1599707305431366,0.5202867031097412
ATTN,5,patch_aupr,5,0.41447576582431794,0.24600892736288626,0.22153076231479646,0.3592555820941925,0.6851125597953797
ATTN,5,patch_auroc,5,0.5193129780408415,0.162944270275196,0.3269413339824732,0.5998867263927504,0.682385740774701
ATTN,5,top1_pointing,5,0.6,0.48989794855663565,0.0,1.0,1.0
ATTN,5,top32_box_recall,5,0.08260844418739156,0.03445203415360307,0.048461538461538466,0.06578947368421052,0.12454212454212453
ATTN,5,uniform_enrichment,5,0.7461817072422646,0.4394836225864364,0.35369881557767524,0.5177284414533404,1.294064801575472
ATTN,6,bbox_mass,5,0.26806976050138476,0.23739276691883096,0.10728468149900436,0.17905500531196594,0.5203782320022583
ATTN,6,patch_aupr,5,0.4257919669151306,0.224924930553393,0.23875831961631774,0.377888023853302,0.6778000831604004
ATTN,6,patch_auroc,5,0.5282495672306164,0.1320689036689978,0.36324123661148977,0.6172767995057151,0.6460057728161869
ATTN,6,top1_pointing,5,0.8,0.4,0.4,1.0,1.0
ATTN,6,top32_box_recall,5,0.08488143435511857,0.03717016397786508,0.04994601889338732,0.06153846153846154,0.12985347985347986
ATTN,6,uniform_enrichment,5,0.8402368462049923,0.4389347926862371,0.4103020297311085,0.7716618810879516,1.3547599720882026
ATTN,7,bbox_mass,5,0.3259366750717163,0.21296529931939934,0.16868386566638946,0.2605104148387909,0.5561502933502198
ATTN,7,patch_aupr,5,0.44156246781349184,0.20740409791559863,0.24928873181343078,0.43166637420654297,0.6703726410865785
ATTN,7,patch_auroc,5,0.5403586462726532,0.11638095795565413,0.4027117818889971,0.5675529970760234,0.6648453906755405
ATTN,7,top1_pointing,5,0.6,0.48989794855663565,0.0,1.0,1.0
ATTN,7,top32_box_recall,5,0.0876286871023713,0.04881588257018223,0.04598997493734336,0.08076923076923077,0.14
ATTN,7,uniform_enrichment,5,1.2229690983855463,0.786414823482145,0.5552052516300512,0.9896622818480123,2.13415353930227
ATTN,8,bbox_mass,5,0.3213506072759628,0.2251244088086586,0.1660648316144943,0.23569977283477783,0.5680942296981812
ATTN,8,patch_aupr,5,0.46623566150665285,0.2076257774003281,0.2629361689090729,0.4671337902545929,0.6987314701080323
ATTN,8,patch_auroc,5,0.595578591122837,0.10309413650334669,0.4749987828627069,0.6105628654970761,0.7087856204591438
ATTN,8,top1_pointing,5,0.6,0.48989794855663565,0.0,1.0,1.0
ATTN,8,top32_box_recall,5,0.08997397339502602,0.0331162159867103,0.06409774436090225,0.08076923076923077,0.12615384615384617
ATTN,8,uniform_enrichment,5,1.0731808708809623,0.41760501139868844,0.6135615715580237,1.0195874857442675,1.5594739886456108
ATTN,9,bbox_mass,5,0.345001757144928,0.22377001920616288,0.16171393394470215,0.26523926854133606,0.6052544832229615
ATTN,9,patch_aupr,5,0.4892098069190979,0.20601130134767842,0.2740414500236511,0.5131555199623108,0.7170788526535035
ATTN,9,patch_auroc,5,0.62930663414106,0.086443331916897,0.5357887049659202,0.6105263157894738,0.7316142036205215
ATTN,9,top1_pointing,5,0.8,0.4,0.4,1.0,1.0
ATTN,9,top32_box_recall,5,0.08371023713128976,0.015647605672702843,0.06475708502024291,0.08846153846153847,0.09963369963369963
ATTN,9,uniform_enrichment,5,1.1245329870835354,0.3602733794141563,0.7424261585068987,1.0243203690201006,1.5531778820885698
JFFN,1,bbox_mass,5,0.31298141181468964,0.2906698367698001,0.061492201685905454,0.2767826318740845,0.635806405544281
JFFN,1,patch_aupr,5,0.36136883199214936,0.3137932503590124,0.09670653343200683,0.3194892704486847,0.7069149136543275
JFFN,1,patch_auroc,5,0.4046563276761666,0.22343803576843732,0.2650735496350869,0.28477361246348587,0.6509119470424027
JFFN,1,top1_pointing,5,0.4,0.48989794855663565,0.0,0.0,1.0
JFFN,1,top32_box_recall,5,0.01788124156545209,0.026526235597639346,0.0,0.007692307692307693,0.046720647773279354
JFFN,1,uniform_enrichment,5,0.7480756943420328,0.2121478867567272,0.5737989271581391,0.676078431144169,0.9830407642720765
JFFN,10,bbox_mass,5,0.4911754369735718,0.2571678410152951,0.19341562390327455,0.5228651165962219,0.7771255135536194
JFFN,10,patch_aupr,5,0.5295331537723541,0.21746524755886013,0.28263646364212036,0.5946811437606812,0.7620359063148499
JFFN,10,patch_auroc,5,0.6577339780250057,0.0654416561513343,0.5861051606621227,0.6525219298245615,0.7334253883218033
JFFN,10,top1_pointing,5,0.4,0.48989794855663565,0.0,0.0,1.0
JFFN,10,top32_box_recall,5,0.10759205706574126,0.05112681982435707,0.06541353383458647,0.1,0.1630769230769231
JFFN,10,uniform_enrichment,5,1.58960356673304,0.5447511402452692,1.1846790858296412,1.2771676652355917,2.23369381515657
JFFN,11,bbox_mass,5,0.4733115702867508,0.2856599198552829,0.14336983263492584,0.49606117606163025,0.7892742395401001
JFFN,11,patch_aupr,5,0.5106454163789749,0.21004919472321562,0.26944102346897125,0.5459771752357483,0.7406371355056762
JFFN,11,patch_auroc,5,0.6448385047573352,0.08569138046939567,0.5645896040816094,0.6009006815968841,0.7513252778827272
JFFN,11,top1_pointing,5,0.4,0.48989794855663565,0.0,0.0,1.0
JFFN,11,top32_box_recall,5,0.09605359552727974,0.03411056700272127,0.06248313090418353,0.09230769230769231,0.13593406593406593
JFFN,11,uniform_enrichment,5,1.3848615998373313,0.30814221307982825,1.1043603938264936,1.2116954716141641,1.7704508538139478
JFFN,12,bbox_mass,5,0.4611996740102768,0.2699128225074019,0.15619934499263763,0.4443592429161072,0.768040144443512
JFFN,12,patch_aupr,5,0.49240649938583375,0.22198588686888593,0.25014721155166625,0.5051284432411194,0.7466632127761841
JFFN,12,patch_auroc,5,0.6311339334204319,0.06473962317986064,0.5555744888023368,0.6339912280701754,0.7020611437082198
JFFN,12,top1_pointing,5,0.8,0.4000000000000001,0.4,1.0,1.0
JFFN,12,top32_box_recall,5,0.08785232311548101,0.021462418526823623,0.06080971659919028,0.10256410256410256,0.10582417582417582
JFFN,12,uniform_enrichment,5,1.4174026967967255,0.44719317962567867,1.0443979330458355,1.0854066159461984,1.9812846183724127
JFFN,13,bbox_mass,5,0.49123268127441405,0.27004888697173535,0.19610477685928346,0.46239298582077026,0.8052264094352722
JFFN,13,patch_aupr,5,0.5063901036977768,0.20921018402858307,0.2770376592874527,0.5174368023872375,0.7435501217842102
JFFN,13,patch_auroc,5,0.6432748696907119,0.08602829572975824,0.5543622200584226,0.6262609649122807,0.7468301105790086
JFFN,13,top1_pointing,5,0.6,0.48989794855663565,0.0,1.0,1.0
JFFN,13,top32_box_recall,5,0.10015808752650857,0.029862799222097402,0.06344129554655871,0.11153846153846154,0.12985347985347986
JFFN,13,uniform_enrichment,5,1.5750113433400352,0.423701146713639,1.0671979778387841,1.6952905564541803,2.015199130402271
JFFN,14,bbox_mass,5,0.4697614938020706,0.2781376360602976,0.1524302065372467,0.47236132621765137,0.7821144461631775
JFFN,14,patch_aupr,5,0.5206930637359619,0.2188707116536748,0.2748377859592438,0.5487037897109985,0.7670576214790344
JFFN,14,patch_auroc,5,0.6695690839202252,0.07670919522216596,0.5879551096989472,0.6461416747809152,0.7584507690370165
JFFN,14,top1_pointing,5,0.4,0.48989794855663565,0.0,0.0,1.0
JFFN,14,top32_box_recall,5,0.08528918449971082,0.02379865220514208,0.06103238866396761,0.08076923076923077,0.11194139194139195
JFFN,14,uniform_enrichment,5,1.4217377556819588,0.40090905831394197,1.0583635454443967,1.1538054328050857,1.9155862571018558
JFFN,15,bbox_mass,5,0.5011544540524483,0.31210431575848974,0.13011291474103928,0.5997462272644043,0.8262705564498901
JFFN,15,patch_aupr,5,0.48968117237091063,0.2310899764318747,0.22811019122600557,0.542835533618927,0.7430878400802612
JFFN,15,patch_auroc,5,0.61346775899913,0.06184918688511532,0.5526582278481013,0.5897295321637427,0.6867780153043156
JFFN,15,top1_pointing,5,0.6,0.48989794855663565,0.0,1.0,1.0
JFFN,15,top32_box_recall,5,0.08975612107191053,0.019571447667693687,0.06674089068825911,0.09523809523809523,0.10794871794871795
JFFN,15,uniform_enrichment,5,1.4121898982554544,0.35974504643702965,1.0969610998460995,1.3044938047363568,1.8319544191333883
JFFN,16,bbox_mass,5,0.5114709705114364,0.2830899348725291,0.17153643369674682,0.5926802754402161,0.8045813083648682
JFFN,16,patch_aupr,5,0.5226525455713272,0.23246260028538748,0.24882899820804597,0.5852783918380737,0.7726714730262756
JFFN,16,patch_auroc,5,0.6581968373029847,0.0669019687916182,0.5839785869249561,0.6779941577409933,0.7290920404570126
JFFN,16,top1_pointing,5,0.6,0.48989794855663565,0.0,1.0,1.0
JFFN,16,top32_box_recall,5,0.09788606130711394,0.020381723539618278,0.07398785425101215,0.10714285714285714,0.11384615384615385
JFFN,16,uniform_enrichment,5,1.5682339265631478,0.3930952103554385,1.1542804626492305,1.4477004863946925,2.0399887422584926
JFFN,17,bbox_mass,5,0.48010737001895903,0.22138898005432894,0.2350620985031128,0.4709250032901764,0.7357661962509155
JFFN,17,patch_aupr,5,0.516429728269577,0.18867972103747147,0.3080992460250854,0.520754337310791,0.7329794764518738
JFFN,17,patch_auroc,5,0.6459011897241418,0.0944897423827872,0.5453543043953604,0.6305379746835443,0.7586362334893043
JFFN,17,top1_pointing,5,0.4,0.48989794855663565,0.0,0.0,1.0
JFFN,17,top32_box_recall,5,0.1125380759591286,0.04844234485259991,0.0601417004048583,0.1076923076923077,0.1695970695970696
JFFN,17,uniform_enrichment,5,1.6524615202863076,0.5008544708987122,1.0726713320764065,1.6905543804640784,2.20597559636395
JFFN,18,bbox_mass,5,0.5061297148466111,0.25790721929922444,0.19859754145145417,0.5861822366714478,0.7788612127304078
JFFN,18,patch_aupr,5,0.5143612086772918,0.21160761490826985,0.2709934592247009,0.5605026483535767,0.7395830035209656
JFFN,18,patch_auroc,5,0.6373681667790196,0.0637423451921288,0.5874898998957959,0.5953748782862707,0.716026026737164
JFFN,18,top1_pointing,5,0.8,0.4,0.4,1.0,1.0
JFFN,18,top32_box_recall,5,0.10169462116830538,0.03192334073651444,0.0691497975708502,0.09615384615384616,0.13901098901098902
JFFN,18,uniform_enrichment,5,1.6163611896414856,0.3883795863301865,1.2442074444524704,1.5493149212532462,2.0520938263355473
JFFN,19,bbox_mass,5,0.5267674148082733,0.24634717986964608,0.24599525928497315,0.5823192596435547,0.7971101522445678
JFFN,19,patch_aupr,5,0.5100930631160736,0.20181479887325426,0.28873995542526243,0.5450240969657898,0.7292779803276063
JFFN,19,patch_auroc,5,0.629906373316705,0.06692322827841247,0.5706913339824733,0.5915935672514621,0.7127947463937767
JFFN,19,top1_pointing,5,0.8,0.4,0.4,1.0,1.0
JFFN,19,top32_box_recall,5,0.1030133024869867,0.031863244456087916,0.0691497975708502,0.1,0.13992673992673993
JFFN,19,uniform_enrichment,5,1.7739696697144034,0.46407223875783055,1.2699937014468172,1.6603358289791534,2.3117427514862094
JFFN,2,bbox_mass,5,0.33332931697368623,0.2495881122605689,0.10669531226158142,0.31617245078086853,0.6090080857276917
JFFN,2,patch_aupr,5,0.3980647996068001,0.2459943986656845,0.17875082939863204,0.3713110089302063,0.6633287906646729
JFFN,2,patch_auroc,5,0.4959508277925413,0.12515205646185723,0.367555988315482,0.45152404489753883,0.6470784685290462
JFFN,2,top1_pointing,5,0.4,0.48989794855663565,0.0,0.0,1.0
JFFN,2,top32_box_recall,5,0.058618662039714664,0.04367091619234112,0.027692307692307693,0.03461538461538462,0.1093984962406015
JFFN,2,uniform_enrichment,5,0.9433617716004481,0.18896210007370334,0.7877499091504166,0.8127163643548124,1.1806434238698906
JFFN,20,bbox_mass,5,0.5131088554859161,0.22852550254990062,0.23983328342437743,0.6065782904624939,0.7460762143135071
JFFN,20,patch_aupr,5,0.5116287410259247,0.20790300340686474,0.2738025724887848,0.5746787786483765,0.7343327641487122
JFFN,20,patch_auroc,5,0.664015759718499,0.0738790580762667,0.5816539294316609,0.6533349561830576,0.7474094178913456
JFFN,20,top1_pointing,5,0.4,0.48989794855663565,0.0,0.0,1.0
JFFN,20,top32_box_recall,5,0.09601600154231733,0.023989864784403885,0.07200404858299596,0.08461538461538462,0.12454212454212453
JFFN,20,uniform_enrichment,5,1.7457501282952634,0.4754152480489259,1.2151899201408771,1.7078629732040318,2.281545030660294
JFFN,21,bbox_mass,5,0.4740081012248993,0.2628895485820759,0.16245557069778443,0.5511999130249023,0.7537669658660888
JFFN,21,patch_aupr,5,0.4951296031475067,0.23053283491263407,0.23301668763160704,0.5537527203559875,0.7458609938621521
JFFN,21,patch_auroc,5,0.6470215536096526,0.04834229932241168,0.6030136319376826,0.6162828947368422,0.7069044246314302
JFFN,21,top1_pointing,5,0.8,0.4,0.4,1.0,1.0
JFFN,21,top32_box_recall,5,0.08807017543859649,0.022397947671689254,0.06344129554655871,0.08333333333333333,0.11384615384615385
JFFN,21,uniform_enrichment,5,1.4376845383410919,0.24057488797223614,1.180937063547763,1.3690588207863392,1.708607326078655
JFFN,22,bbox_mass,5,0.48261314630508423,0.23306184268338953,0.19632397294044496,0.5819656848907471,0.7041922569274902
JFFN,22,patch_aupr,5,0.5115504831075668,0.19210032443290237,0.3016472369432449,0.5459561944007874,0.7071336388587952
JFFN,22,patch_auroc,5,0.6346840379018088,0.09619383192316333,0.5459384662361845,0.5854308666017527,0.7521239698362825
JFFN,22,top1_pointing,5,0.6,0.48989794855663565,0.0,1.0,1.0
JFFN,22,top32_box_recall,5,0.10711586658955079,0.04945281379413876,0.0691497975708502,0.08846153846153847,0.16245421245421246
JFFN,22,uniform_enrichment,5,1.604026703783808,0.7768374020378837,0.9653292070659318,1.4215286723614602,2.4796857284209786
JFFN,23,bbox_mass,5,0.5033486694097519,0.25062178569956484,0.19969561398029329,0.5946340560913086,0.7612326622009278
JFFN,23,patch_aupr,5,0.5152345418930053,0.20364086880975635,0.2760611891746521,0.5898886919021606,0.7280978798866272
JFFN,23,patch_auroc,5,0.6585082291095656,0.08748369441711742,0.5613634179777585,0.6717989289191821,0.7408870136132846
JFFN,23,top1_pointing,5,0.4,0.48989794855663565,0.0,0.0,1.0
JFFN,23,top32_box_recall,5,0.09913148255253518,0.03148953469002106,0.06629554655870445,0.08846153846153847,0.13699633699633698
JFFN,23,uniform_enrichment,5,1.6202507706288851,0.3904378756586558,1.218398682303867,1.5938791657796798,2.049062521196813
JFFN,24,bbox_mass,5,0.4932052239775658,0.2966612442510094,0.13259994834661484,0.6166297197341919,0.7934550762176513
JFFN,24,patch_aupr,5,0.5018222391605377,0.23093899220578704,0.23187530636787415,0.597338855266571,0.7403332710266113
JFFN,24,patch_auroc,5,0.6463724904299445,0.0742599777782659,0.564638136541451,0.64690847127556,0.7163777463108935
JFFN,24,top1_pointing,5,0.6,0.48989794855663565,0.0,1.0,1.0
JFFN,24,top32_box_recall,5,0.07923944476576054,0.01849811364495643,0.061152882205513785,0.07692307692307693,0.10076923076923078
JFFN,24,uniform_enrichment,5,1.4025479578472395,0.3242180858415416,1.0094156056966772,1.5062001928806539,1.7387216927851041
JFFN,25,bbox_mass,5,0.453726726770401,0.2800687351311542,0.1418862521648407,0.4626538157463074,0.764846670627594
JFFN,25,patch_aupr,5,0.49096504151821135,0.21497770092161603,0.24793467819690704,0.5279788970947266,0.724452793598175
JFFN,25,patch_auroc,5,0.6437637705342316,0.07609121013822018,0.5620022335536993,0.6450827653359298,0.7201960392270412
JFFN,25,top1_pointing,5,0.6,0.48989794855663565,0.0,1.0,1.0
JFFN,25,top32_box_recall,5,0.08861577019471757,0.046305806011350426,0.05564102564102564,0.06578947368421052,0.140989010989011
JFFN,25,uniform_enrichment,5,1.3523380948787445,0.6745832952792898,0.7309231736704593,1.1662164102723218,2.1064834633157097
JFFN,26,bbox_mass,5,0.41737474165856836,0.2283863916874078,0.17173709757626057,0.4651276767253876,0.6253555655479431
JFFN,26,patch_aupr,5,0.5019308924674988,0.19408602325297644,0.29706060886383057,0.5429845452308655,0.6711692571640014
JFFN,26,patch_auroc,5,0.6283712615628211,0.13724696995681088,0.4783474146247608,0.656110029211295,0.760616304041744
JFFN,26,top1_pointing,5,0.4,0.48989794855663565,0.0,0.0,1.0
JFFN,26,top32_box_recall,5,0.09169847696163487,0.09277672855611213,0.02874493927125506,0.05384615384615385,0.19043956043956045
JFFN,26,uniform_enrichment,5,1.4890611515106158,1.3812909094316643,0.48591551724635546,0.9864206079467761,2.96337580155104
JFFN,27,bbox_mass,5,0.45880503207445145,0.23970722970581426,0.1893655821681023,0.5147849917411804,0.7105966925621033
JFFN,27,patch_aupr,5,0.484821742773056,0.21143440330337684,0.24101449847221373,0.5491843819618225,0.701445198059082
JFFN,27,patch_auroc,5,0.6008259573691251,0.11459200812384383,0.4727211341994158,0.6227726387536514,0.7227387992269129
JFFN,27,top1_pointing,5,0.2,0.4000000000000001,0.0,0.0,0.6000000000000001
JFFN,27,top32_box_recall,5,0.10553788316946211,0.04558307658471718,0.07002024291497976,0.08076923076923077,0.16043956043956045
JFFN,27,uniform_enrichment,5,1.4959598042387863,0.6028693243281702,1.1081231552245736,1.2574308844323414,2.139535888145489
JFFN,28,bbox_mass,5,0.30847541987895966,0.2728651608714101,0.0927243709564209,0.25760477781295776,0.6048121571540833
JFFN,28,patch_aupr,5,0.4129082471132278,0.25191042713399964,0.18225262463092803,0.410876601934433,0.6897272109985352
JFFN,28,patch_auroc,5,0.5545762410889251,0.09256779346579706,0.4416869522882181,0.6014082462253194,0.6455349840658179
JFFN,28,top1_pointing,5,0.2,0.4000000000000001,0.0,0.0,0.6000000000000001
JFFN,28,top32_box_recall,5,0.05667437825332562,0.01851251024706811,0.033846153846153845,0.06578947368421052,0.07472527472527472
JFFN,28,uniform_enrichment,5,0.8311409208832462,0.19938000884989515,0.6328963429548478,0.7551488351335583,1.0757525340000171
JFFN,29,bbox_mass,5,0.4200079426169395,0.2574356951060358,0.14055587202310563,0.4664425849914551,0.6871413469314576
JFFN,29,patch_aupr,5,0.4676107674837112,0.23651902734055474,0.19904820322990419,0.538415789604187,0.7189213752746583
JFFN,29,patch_auroc,5,0.619370347748202,0.046694931228794395,0.5784989814482653,0.6072419668938656,0.6705950622825438
JFFN,29,top1_pointing,5,0.4,0.48989794855663565,0.0,0.0,1.0
JFFN,29,top32_box_recall,5,0.07081453634085214,0.026641709200792518,0.04082321187584346,0.07692307692307693,0.0965934065934066
JFFN,29,uniform_enrichment,5,1.2781031357160533,0.6997497641884626,0.6943626025503021,1.1393481192971504,2.002779990409868
JFFN,3,bbox_mass,5,0.2726695083081722,0.28608854005076795,0.08113672807812691,0.16720780730247498,0.5742163717746736
JFFN,3,patch_aupr,5,0.4021605342626572,0.2611866772507436,0.17445580959320067,0.37442559003829956,0.6868782758712769
JFFN,3,patch_auroc,5,0.5098829147893952,0.14666071547828324,0.35173320350535536,0.5146998249407888,0.6789620774497218
JFFN,3,top1_pointing,5,0.6,0.48989794855663565,0.0,1.0,1.0
JFFN,3,top32_box_recall,5,0.0663447079236553,0.03976388199981313,0.036153846153846154,0.05,0.11203007518796992
JFFN,3,uniform_enrichment,5,0.7208288859999914,0.3514091768346506,0.42049895639452944,0.4569884788789554,1.156550197905945
JFFN,30,bbox_mass,5,0.4092185407876968,0.2606665624168754,0.12737049162387848,0.4282083511352539,0.6986152291297913
JFFN,30,patch_aupr,5,0.48353120386600495,0.22553510038199837,0.22737402021884917,0.5506231784820557,0.7230464100837708
JFFN,30,patch_auroc,5,0.6448414606203576,0.0674855182117689,0.5734417226122757,0.6468354430379747,0.7157717890233318
JFFN,30,top1_pointing,5,0.2,0.4000000000000001,0.0,0.0,0.6000000000000001
JFFN,30,top32_box_recall,5,0.07594274146905726,0.019676369599281086,0.05620782726045884,0.06923076923076923,0.09967032967032967
JFFN,30,uniform_enrichment,5,1.1978098084281477,0.4423486636466715,0.7934734764450386,1.10736095017266,1.6810666091513176
JFFN,31,bbox_mass,5,0.33627196550369265,0.25006217340395526,0.1122312843799591,0.3074288070201874,0.615759551525116
JFFN,31,patch_aupr,5,0.44742724001407624,0.21384703320449033,0.2311921864748001,0.4542851448059082,0.6800032734870911
JFFN,31,patch_auroc,5,0.600273949262081,0.08627769607916419,0.5417526777020448,0.5595029239766082,0.6967035613193415
JFFN,31,top1_pointing,5,0.6,0.48989794855663565,0.0,1.0,1.0
JFFN,31,top32_box_recall,5,0.07554077501445924,0.04175217796725464,0.04153846153846154,0.06140350877192982,0.12362637362637363
JFFN,31,uniform_enrichment,5,0.9628885366056281,0.18478917865735328,0.7829296107910669,0.897255837492878,1.187775498316761
JFFN,32,bbox_mass,5,0.32290156483650206,0.23186964190813414,0.1140011191368103,0.2837797999382019,0.5813354969024659
JFFN,32,patch_aupr,5,0.3809767782688141,0.22796629917132885,0.17425191700458526,0.35587072372436523,0.6326947093009949
JFFN,32,patch_auroc,5,0.4662955676305188,0.11763462875069428,0.33777020447906525,0.4677685099371846,0.6012432504024288
JFFN,32,top1_pointing,5,0.2,0.4000000000000001,0.0,0.0,0.6000000000000001
JFFN,32,top32_box_recall,5,0.05492384808174282,0.02701896064908532,0.033846153846153845,0.04824561403508772,0.08428571428571428
JFFN,32,uniform_enrichment,5,0.9607527133221133,0.37896603663340694,0.656302963969159,0.8019213376552887,1.4059485187852958
JFFN,4,bbox_mass,5,0.29112797826528547,0.26736387523914673,0.1203449621796608,0.17958295345306396,0.5755880951881409
JFFN,4,patch_aupr,5,0.4147842705249786,0.23240365403160723,0.22960453927516938,0.35508614778518677,0.6749077558517457
JFFN,4,patch_auroc,5,0.5214917585309388,0.15994331805980846,0.32235394352482954,0.6230048398723098,0.6675708070990485
JFFN,4,top1_pointing,5,0.6,0.48989794855663565,0.0,1.0,1.0
JFFN,4,top32_box_recall,5,0.08704260651629073,0.0456332246233311,0.04763832658569501,0.06153846153846154,0.14285714285714285
JFFN,4,uniform_enrichment,5,0.8673775150562315,0.33311499864724115,0.46517080304043273,1.0275020448522671,1.2001715407058908
JFFN,5,bbox_mass,5,0.3442483186721802,0.25610112739828733,0.16322438418865204,0.2661498486995697,0.6154881238937379
JFFN,5,patch_aupr,5,0.4393923133611679,0.2208585380774234,0.25143153965473175,0.39667677879333496,0.6866313695907593
JFFN,5,patch_auroc,5,0.5447401244024259,0.1317191486671443,0.3802044790652386,0.6425187931212029,0.6564017895348127
JFFN,5,top1_pointing,5,0.6,0.48989794855663565,0.0,1.0,1.0
JFFN,5,top32_box_recall,5,0.08912955465587044,0.04604259504164609,0.05923076923076923,0.06359649122807018,0.14102564102564102
JFFN,5,uniform_enrichment,5,1.2161129761656828,0.7341918268909738,0.560465806488058,1.1308401563943846,2.0347283733675607
JFFN,6,bbox_mass,5,0.34910902976989744,0.22685435901930234,0.18011062741279601,0.2394421398639679,0.6099979996681214
JFFN,6,patch_aupr,5,0.4339507073163986,0.21180497704162404,0.24902160465717316,0.3925653398036957,0.6757903575897217
JFFN,6,patch_auroc,5,0.5312300545703286,0.12727998374677557,0.37157984420642654,0.6084612573099415,0.6460173939750783
JFFN,6,top1_pointing,5,0.6,0.48989794855663565,0.0,1.0,1.0
JFFN,6,top32_box_recall,5,0.09686042028147292,0.044512482279597136,0.061680161943319836,0.07307692307692308,0.15054945054945054
JFFN,6,uniform_enrichment,5,1.2248244959310604,0.6104488837353024,0.6626425639616009,1.0483237804511794,1.939556508225555
JFFN,7,bbox_mass,5,0.42033531963825227,0.23495926826291405,0.17254242599010466,0.40638479590415955,0.6829373955726624
JFFN,7,patch_aupr,5,0.44993452727794647,0.2000592015195094,0.26556573808193207,0.4235153794288635,0.6690150141716004
JFFN,7,patch_auroc,5,0.5329399709667372,0.10744532544379273,0.40763631937682565,0.5445723684210526,0.651562248278381
JFFN,7,top1_pointing,5,0.6,0.48989794855663565,0.0,1.0,1.0
JFFN,7,top32_box_recall,5,0.09759398496240602,0.06177494655258394,0.05137844611528822,0.08076923076923077,0.16461538461538464
JFFN,7,uniform_enrichment,5,1.7038865449638192,1.6226128394318693,0.7545109378905565,0.9926489729338126,3.3900255928589753
JFFN,8,bbox_mass,5,0.413605672121048,0.22798703699811818,0.21457249522209168,0.3643425703048706,0.6666306734085083
JFFN,8,patch_aupr,5,0.48005680441856385,0.20069391046356702,0.2814059376716614,0.481413334608078,0.7044109821319581
JFFN,8,patch_auroc,5,0.6022526328308618,0.10365703718692929,0.48365871470301847,0.6017361111111112,0.7182097997995736
JFFN,8,top1_pointing,5,0.8,0.4,0.4,1.0,1.0
JFFN,8,top32_box_recall,5,0.0981048775785618,0.04778132931528967,0.06541353383458647,0.08076923076923077,0.14923076923076925
JFFN,8,uniform_enrichment,5,1.461548159256353,0.7203322803414128,0.9350377724613947,1.1177178417129394,2.289736015903678
JFFN,9,bbox_mass,5,0.42960788309574127,0.24447939373299704,0.16756016612052918,0.4347241222858429,0.71162930727005
JFFN,9,patch_aupr,5,0.4970582962036133,0.21171559494100878,0.26788135766983034,0.5376942753791809,0.7304120063781738
JFFN,9,patch_auroc,5,0.6353632634123053,0.07452663099720555,0.5622772994641749,0.5950949367088608,0.7245694158748817
JFFN,9,top1_pointing,5,0.2,0.4000000000000001,0.0,0.0,0.6000000000000001
JFFN,9,top32_box_recall,5,0.09601792943898206,0.02622290863454825,0.07091093117408907,0.09523809523809523,0.12307692307692308
JFFN,9,uniform_enrichment,5,1.3404931961929347,0.2662669594518141,1.071577811630564,1.3641393982030419,1.6356299107873238
JFFN_MATCH_WRITE,1,bbox_mass,5,0.3181699551641941,0.2842773293842268,0.06647132262587548,0.2924203872680664,0.6337313532829285
JFFN_MATCH_WRITE,1,patch_aupr,5,0.36136883199214936,0.3137932503590124,0.09670653343200683,0.3194892704486847,0.7069149136543275
JFFN_MATCH_WRITE,1,patch_auroc,5,0.4046563276761666,0.22343803576843732,0.2650735496350869,0.28477361246348587,0.6509119470424027
JFFN_MATCH_WRITE,1,top1_pointing,5,0.4,0.48989794855663565,0.0,0.0,1.0
JFFN_MATCH_WRITE,1,top32_box_recall,5,0.01788124156545209,0.026526235597639346,0.0,0.007692307692307693,0.046720647773279354
JFFN_MATCH_WRITE,1,uniform_enrichment,5,0.7767651295640057,0.18889581577996,0.6207846711881944,0.7142757308150139,0.9856479484853957
JFFN_MATCH_WRITE,10,bbox_mass,5,0.48864527940750124,0.2555921104097688,0.19306617975234985,0.5212922692298889,0.7728633880615234
JFFN_MATCH_WRITE,10,patch_aupr,5,0.5295331537723541,0.21746524755886013,0.28263646364212036,0.5946811437606812,0.7620359063148499
JFFN_MATCH_WRITE,10,patch_auroc,5,0.6577339780250057,0.0654416561513343,0.5861051606621227,0.6525219298245615,0.7334253883218033
JFFN_MATCH_WRITE,10,top1_pointing,5,0.4,0.48989794855663565,0.0,0.0,1.0
JFFN_MATCH_WRITE,10,top32_box_recall,5,0.10759205706574126,0.05112681982435707,0.06541353383458647,0.1,0.1630769230769231
JFFN_MATCH_WRITE,10,uniform_enrichment,5,1.581357606067018,0.5321271576101549,1.1839218397100315,1.2840952938113797,2.208376756958773
JFFN_MATCH_WRITE,11,bbox_mass,5,0.47093244194984435,0.28022997042505643,0.14680180847644805,0.4961681067943573,0.7811279058456421
JFFN_MATCH_WRITE,11,patch_aupr,5,0.5106454163789749,0.21004919472321562,0.26944102346897125,0.5459771752357483,0.7406371355056762
JFFN_MATCH_WRITE,11,patch_auroc,5,0.6448385047573352,0.08569138046939567,0.5645896040816094,0.6009006815968841,0.7513252778827272
JFFN_MATCH_WRITE,11,top1_pointing,5,0.4,0.48989794855663565,0.0,0.0,1.0
JFFN_MATCH_WRITE,11,top32_box_recall,5,0.09605359552727974,0.03411056700272127,0.06248313090418353,0.09230769230769231,0.13593406593406593
JFFN_MATCH_WRITE,11,uniform_enrichment,5,1.3890278848597732,0.2959877954296533,1.116660921813868,1.211956664166362,1.7580383819931946
JFFN_MATCH_WRITE,12,bbox_mass,5,0.4574930131435394,0.2661180164793901,0.15679392218589783,0.443143367767334,0.7611679553985595
JFFN_MATCH_WRITE,12,patch_aupr,5,0.49240649938583375,0.22198588686888593,0.25014721155166625,0.5051284432411194,0.7466632127761841
JFFN_MATCH_WRITE,12,patch_auroc,5,0.6311339334204319,0.06473962317986064,0.5555744888023368,0.6339912280701754,0.7020611437082198
JFFN_MATCH_WRITE,12,top1_pointing,5,0.8,0.4000000000000001,0.4,1.0,1.0
JFFN_MATCH_WRITE,12,top32_box_recall,5,0.08785232311548101,0.021462418526823623,0.06080971659919028,0.10256410256410256,0.10582417582417582
JFFN_MATCH_WRITE,12,uniform_enrichment,5,1.4077066899869628,0.4258019218352359,1.0558760622639118,1.0824366790051272,1.9452149374081764
JFFN_MATCH_WRITE,13,bbox_mass,5,0.4891551911830902,0.2675318785192256,0.1963740736246109,0.4617830216884613,0.799109697341919
JFFN_MATCH_WRITE,13,patch_aupr,5,0.5063901036977768,0.20921018402858307,0.2770376592874527,0.5174368023872375,0.7435501217842102
JFFN_MATCH_WRITE,13,patch_auroc,5,0.6432748696907119,0.08602829572975824,0.5543622200584226,0.6262609649122807,0.7468301105790086
JFFN_MATCH_WRITE,13,top1_pointing,5,0.6,0.48989794855663565,0.0,1.0,1.0
JFFN_MATCH_WRITE,13,top32_box_recall,5,0.10015808752650857,0.029862799222097402,0.06344129554655871,0.11153846153846154,0.12985347985347986
JFFN_MATCH_WRITE,13,uniform_enrichment,5,1.5697035914973707,0.4167327213760126,1.067362231263434,1.7055431713498796,1.9952822793641793
JFFN_MATCH_WRITE,14,bbox_mass,5,0.46887793838977815,0.27591970383661,0.15395348072052,0.47193026542663574,0.7778954267501831
JFFN_MATCH_WRITE,14,patch_aupr,5,0.5206930637359619,0.2188707116536748,0.2748377859592438,0.5487037897109985,0.7670576214790344
JFFN_MATCH_WRITE,14,patch_auroc,5,0.6695690839202252,0.07670919522216596,0.5879551096989472,0.6461416747809152,0.7584507690370165
JFFN_MATCH_WRITE,14,top1_pointing,5,0.4,0.48989794855663565,0.0,0.0,1.0
JFFN_MATCH_WRITE,14,top32_box_recall,5,0.08528918449971082,0.02379865220514208,0.06103238866396761,0.08076923076923077,0.11194139194139195
JFFN_MATCH_WRITE,14,uniform_enrichment,5,1.4229187767993359,0.39398890551389393,1.0671999350029946,1.1527525094285562,1.9060358135967603
JFFN_MATCH_WRITE,15,bbox_mass,5,0.4976045459508896,0.30727480886181685,0.1327967166900635,0.5923105478286743,0.8177370429039001
JFFN_MATCH_WRITE,15,patch_aupr,5,0.48968117237091063,0.2310899764318747,0.22811019122600557,0.542835533618927,0.7430878400802612
JFFN_MATCH_WRITE,15,patch_auroc,5,0.61346775899913,0.06184918688511532,0.5526582278481013,0.5897295321637427,0.6867780153043156
JFFN_MATCH_WRITE,15,top1_pointing,5,0.6,0.48989794855663565,0.0,1.0,1.0
JFFN_MATCH_WRITE,15,top32_box_recall,5,0.08975612107191053,0.019571447667693687,0.06674089068825911,0.09523809523809523,0.10794871794871795
JFFN_MATCH_WRITE,15,uniform_enrichment,5,1.4106186449012648,0.3427248930057034,1.1114680053291814,1.3083878427734952,1.8059242955080705
JFFN_MATCH_WRITE,16,bbox_mass,5,0.5091926664113998,0.2811359309945736,0.17163252234458923,0.5895119309425354,0.8009149551391601
JFFN_MATCH_WRITE,16,patch_aupr,5,0.5226525455713272,0.23246260028538748,0.24882899820804597,0.5852783918380737,0.7726714730262756
JFFN_MATCH_WRITE,16,patch_auroc,5,0.6581968373029847,0.0669019687916182,0.5839785869249561,0.6779941577409933,0.7290920404570126
JFFN_MATCH_WRITE,16,top1_pointing,5,0.6,0.48989794855663565,0.0,1.0,1.0
JFFN_MATCH_WRITE,16,top32_box_recall,5,0.09788606130711394,0.020381723539618278,0.07398785425101215,0.10714285714285714,0.11384615384615385
JFFN_MATCH_WRITE,16,uniform_enrichment,5,1.563382394817511,0.3917849556553443,1.1529240483210372,1.439961383103375,2.0350921311342693
JFFN_MATCH_WRITE,17,bbox_mass,5,0.48134233951568606,0.22229022649107824,0.23552724123001098,0.4708564281463623,0.7380629301071167
JFFN_MATCH_WRITE,17,patch_aupr,5,0.516429728269577,0.18867972103747147,0.3080992460250854,0.520754337310791,0.7329794764518738
JFFN_MATCH_WRITE,17,patch_auroc,5,0.6459011897241418,0.0944897423827872,0.5453543043953604,0.6305379746835443,0.7586362334893043
JFFN_MATCH_WRITE,17,top1_pointing,5,0.4,0.48989794855663565,0.0,0.0,1.0
JFFN_MATCH_WRITE,17,top32_box_recall,5,0.1125380759591286,0.04844234485259991,0.0601417004048583,0.1076923076923077,0.1695970695970696
JFFN_MATCH_WRITE,17,uniform_enrichment,5,1.6565089903572598,0.5026483423449196,1.073124064579342,1.7022017629478128,2.2104372784680435
JFFN_MATCH_WRITE,18,bbox_mass,5,0.503624165058136,0.25655948551632074,0.19801135063171388,0.5833314657211304,0.7750877141952515
JFFN_MATCH_WRITE,18,patch_aupr,5,0.5143612086772918,0.21160761490826985,0.2709934592247009,0.5605026483535767,0.7395830035209656
JFFN_MATCH_WRITE,18,patch_auroc,5,0.6373681667790196,0.0637423451921288,0.5874898998957959,0.5953748782862707,0.716026026737164
JFFN_MATCH_WRITE,18,top1_pointing,5,0.8,0.4,0.4,1.0,1.0
JFFN_MATCH_WRITE,18,top32_box_recall,5,0.10169462116830538,0.03192334073651444,0.0691497975708502,0.09615384615384616,0.13901098901098902
JFFN_MATCH_WRITE,18,uniform_enrichment,5,1.6087857384485478,0.38337347102708824,1.2392116920984948,1.5523722921092127,2.0365075775720296
JFFN_MATCH_WRITE,19,bbox_mass,5,0.5257460922002792,0.2459525184749006,0.24551089107990265,0.5814511775970459,0.7955915689468384
JFFN_MATCH_WRITE,19,patch_aupr,5,0.5100930631160736,0.20181479887325426,0.28873995542526243,0.5450240969657898,0.7292779803276063
JFFN_MATCH_WRITE,19,patch_auroc,5,0.629906373316705,0.06692322827841247,0.5706913339824733,0.5915935672514621,0.7127947463937767
JFFN_MATCH_WRITE,19,top1_pointing,5,0.8,0.4,0.4,1.0,1.0
JFFN_MATCH_WRITE,19,top32_box_recall,5,0.1030133024869867,0.031863244456087916,0.0691497975708502,0.1,0.13992673992673993
JFFN_MATCH_WRITE,19,uniform_enrichment,5,1.770307251050566,0.46274997883364855,1.2681074074811514,1.6558119856224711,2.306247971591864
JFFN_MATCH_WRITE,2,bbox_mass,5,0.33182345181703565,0.250312814996052,0.10636322349309921,0.3114617168903351,0.608298134803772
JFFN_MATCH_WRITE,2,patch_aupr,5,0.3980647996068001,0.2459943986656845,0.17875082939863204,0.3713110089302063,0.6633287906646729
JFFN_MATCH_WRITE,2,patch_auroc,5,0.4959508277925413,0.12515205646185723,0.367555988315482,0.45152404489753883,0.6470784685290462
JFFN_MATCH_WRITE,2,top1_pointing,5,0.4,0.48989794855663565,0.0,0.0,1.0
JFFN_MATCH_WRITE,2,top32_box_recall,5,0.058618662039714664,0.04367091619234112,0.027692307692307693,0.03461538461538462,0.1093984962406015
JFFN_MATCH_WRITE,2,uniform_enrichment,5,0.9388079114707988,0.19639411576571816,0.776927918426392,0.8024160549434534,1.1855452486505742
JFFN_MATCH_WRITE,20,bbox_mass,5,0.5135474801063538,0.2286988915159883,0.2399747759103775,0.6072933673858643,0.7465457201004029
JFFN_MATCH_WRITE,20,patch_aupr,5,0.5116287410259247,0.20790300340686474,0.2738025724887848,0.5746787786483765,0.7343327641487122
JFFN_MATCH_WRITE,20,patch_auroc,5,0.664015759718499,0.0738790580762667,0.5816539294316609,0.6533349561830576,0.7474094178913456
JFFN_MATCH_WRITE,20,top1_pointing,5,0.4,0.48989794855663565,0.0,0.0,1.0
JFFN_MATCH_WRITE,20,top32_box_recall,5,0.09601600154231733,0.023989864784403885,0.07200404858299596,0.08461538461538462,0.12454212454212453
JFFN_MATCH_WRITE,20,uniform_enrichment,5,1.7472747117062706,0.47595600310135733,1.215921572971636,1.7105791427992387,2.283304761643876
JFFN_MATCH_WRITE,21,bbox_mass,5,0.4756496429443359,0.2650618200170866,0.1609140992164612,0.5531074404716492,0.7573817610740662
JFFN_MATCH_WRITE,21,patch_aupr,5,0.4951296031475067,0.23053283491263407,0.23301668763160704,0.5537527203559875,0.7458609938621521
JFFN_MATCH_WRITE,21,patch_auroc,5,0.6470215536096526,0.04834229932241168,0.6030136319376826,0.6162828947368422,0.7069044246314302
JFFN_MATCH_WRITE,21,top1_pointing,5,0.8,0.4,0.4,1.0,1.0
JFFN_MATCH_WRITE,21,top32_box_recall,5,0.08807017543859649,0.022397947671689254,0.06344129554655871,0.08333333333333333,0.11384615384615385
JFFN_MATCH_WRITE,21,uniform_enrichment,5,1.4380717413336739,0.24764603963801718,1.1784135401057876,1.3510385679776185,1.7210346462435362
JFFN_MATCH_WRITE,22,bbox_mass,5,0.4837014302611351,0.23408157548538275,0.19593969732522964,0.5837449431419373,0.7052305340766907
JFFN_MATCH_WRITE,22,patch_aupr,5,0.5115504831075668,0.19210032443290237,0.3016472369432449,0.5459561944007874,0.7071336388587952
JFFN_MATCH_WRITE,22,patch_auroc,5,0.6346840379018088,0.09619383192316333,0.5459384662361845,0.5854308666017527,0.7521239698362825
JFFN_MATCH_WRITE,22,top1_pointing,5,0.6,0.48989794855663565,0.0,1.0,1.0
JFFN_MATCH_WRITE,22,top32_box_recall,5,0.10711586658955079,0.04945281379413876,0.0691497975708502,0.08846153846153847,0.16245421245421246
JFFN_MATCH_WRITE,22,uniform_enrichment,5,1.607060761384418,0.7910471043841948,0.9495371324039118,1.4258747475429847,2.500018080604227
JFFN_MATCH_WRITE,23,bbox_mass,5,0.5033691108226777,0.2506608367179157,0.1996656835079193,0.5946555137634277,0.7612928509712219
JFFN_MATCH_WRITE,23,patch_aupr,5,0.5152345418930053,0.20364086880975635,0.2760611891746521,0.5898886919021606,0.7280978798866272
JFFN_MATCH_WRITE,23,patch_auroc,5,0.6585082291095656,0.08748369441711742,0.5613634179777585,0.6717989289191821,0.7408870136132846
JFFN_MATCH_WRITE,23,top1_pointing,5,0.4,0.48989794855663565,0.0,0.0,1.0
JFFN_MATCH_WRITE,23,top32_box_recall,5,0.09913148255253518,0.03148953469002106,0.06629554655870445,0.08846153846153847,0.13699633699633698
JFFN_MATCH_WRITE,23,uniform_enrichment,5,1.620220985351872,0.3904567119247124,1.2184553053211027,1.5933488865543899,2.0491833449269587
JFFN_MATCH_WRITE,24,bbox_mass,5,0.49317077696323397,0.296602614848887,0.1326445996761322,0.6165657043457031,0.7933710098266602
JFFN_MATCH_WRITE,24,patch_aupr,5,0.5018222391605377,0.23093899220578704,0.23187530636787415,0.597338855266571,0.7403332710266113
JFFN_MATCH_WRITE,24,patch_auroc,5,0.6463724904299445,0.0742599777782659,0.564638136541451,0.64690847127556,0.7163777463108935
JFFN_MATCH_WRITE,24,top1_pointing,5,0.6,0.48989794855663565,0.0,1.0,1.0
JFFN_MATCH_WRITE,24,top32_box_recall,5,0.07923944476576054,0.01849811364495643,0.061152882205513785,0.07692307692307693,0.10076923076923078
JFFN_MATCH_WRITE,24,uniform_enrichment,5,1.402585034826203,0.3239572901396979,1.0097969011802435,1.5060438267708098,1.7385478842256163
JFFN_MATCH_WRITE,25,bbox_mass,5,0.4533771090209484,0.2795115742580848,0.14202629700303077,0.46300357580184937,0.7638282299041749
JFFN_MATCH_WRITE,25,patch_aupr,5,0.49096504151821135,0.21497770092161603,0.24793467819690704,0.5279788970947266,0.724452793598175
JFFN_MATCH_WRITE,25,patch_auroc,5,0.6437637705342316,0.07609121013822018,0.5620022335536993,0.6450827653359298,0.7201960392270412
JFFN_MATCH_WRITE,25,top1_pointing,5,0.6,0.48989794855663565,0.0,1.0,1.0
JFFN_MATCH_WRITE,25,top32_box_recall,5,0.08861577019471757,0.046305806011350426,0.05564102564102564,0.06578947368421052,0.140989010989011
JFFN_MATCH_WRITE,25,uniform_enrichment,5,1.351732546683754,0.6691853469362019,0.7364345672673855,1.1647674271978092,2.100302284747738
JFFN_MATCH_WRITE,26,bbox_mass,5,0.41753133907914164,0.22931151128978566,0.16916596814990045,0.4717688262462616,0.6254002213478088
JFFN_MATCH_WRITE,26,patch_aupr,5,0.5019308924674988,0.19408602325297644,0.29706060886383057,0.5429845452308655,0.6711692571640014
JFFN_MATCH_WRITE,26,patch_auroc,5,0.6283712615628211,0.13724696995681088,0.4783474146247608,0.656110029211295,0.760616304041744
JFFN_MATCH_WRITE,26,top1_pointing,5,0.4,0.48989794855663565,0.0,0.0,1.0
JFFN_MATCH_WRITE,26,top32_box_recall,5,0.09169847696163487,0.09277672855611213,0.02874493927125506,0.05384615384615385,0.19043956043956045
JFFN_MATCH_WRITE,26,uniform_enrichment,5,1.4960188539433592,1.4076525853484592,0.4782410511945351,0.975706617576832,2.998504532395884
JFFN_MATCH_WRITE,27,bbox_mass,5,0.4595776066184044,0.24033858305699132,0.189693446457386,0.5148460865020752,0.7120321154594421
JFFN_MATCH_WRITE,27,patch_aupr,5,0.484821742773056,0.21143440330337684,0.24101449847221373,0.5491843819618225,0.701445198059082
JFFN_MATCH_WRITE,27,patch_auroc,5,0.6008259573691251,0.11459200812384383,0.4727211341994158,0.6227726387536514,0.7227387992269129
JFFN_MATCH_WRITE,27,top1_pointing,5,0.2,0.4000000000000001,0.0,0.0,0.6000000000000001
JFFN_MATCH_WRITE,27,top32_box_recall,5,0.10553788316946211,0.04558307658471718,0.07002024291497976,0.08076923076923077,0.16043956043956045
JFFN_MATCH_WRITE,27,uniform_enrichment,5,1.4988802587769046,0.6107927016829547,1.1065337423950115,1.2575801165204143,2.1511570045278896
JFFN_MATCH_WRITE,28,bbox_mass,5,0.30684875398874284,0.27365032071697015,0.0916264683008194,0.25492197275161743,0.6035726428031922
JFFN_MATCH_WRITE,28,patch_aupr,5,0.4129082471132278,0.25191042713399964,0.18225262463092803,0.410876601934433,0.6897272109985352
JFFN_MATCH_WRITE,28,patch_auroc,5,0.5545786607559788,0.09256901774495287,0.4416869522882181,0.6014203445605885,0.6455349840658179
JFFN_MATCH_WRITE,28,top1_pointing,5,0.2,0.4000000000000001,0.0,0.0,0.6000000000000001
JFFN_MATCH_WRITE,28,top32_box_recall,5,0.05667437825332562,0.01851251024706811,0.033846153846153845,0.06578947368421052,0.07472527472527472
JFFN_MATCH_WRITE,28,uniform_enrichment,5,0.8242409881052595,0.20239999692740998,0.6251124263594242,0.7430765301667889,1.07340504237884
JFFN_MATCH_WRITE,29,bbox_mass,5,0.4208646908402443,0.25760629969683685,0.14347342103719712,0.46099692583084106,0.6887107849121095
JFFN_MATCH_WRITE,29,patch_aupr,5,0.4676107674837112,0.23651902734055474,0.19904820322990419,0.538415789604187,0.7189213752746583
JFFN_MATCH_WRITE,29,patch_auroc,5,0.619370347748202,0.046694931228794395,0.5784989814482653,0.6072419668938656,0.6705950622825438
JFFN_MATCH_WRITE,29,top1_pointing,5,0.4,0.48989794855663565,0.0,0.0,1.0
JFFN_MATCH_WRITE,29,top32_box_recall,5,0.07081453634085214,0.026641709200792518,0.04082321187584346,0.07692307692307693,0.0965934065934066
JFFN_MATCH_WRITE,29,uniform_enrichment,5,1.2891528522344395,0.7273622134773833,0.6936982917991137,1.1260463717238824,2.044242944179249
JFFN_MATCH_WRITE,3,bbox_mass,5,0.27572459504008295,0.28516046223918107,0.08286586478352548,0.17258107662200928,0.5770673990249635
JFFN_MATCH_WRITE,3,patch_aupr,5,0.4021605342626572,0.2611866772507436,0.17445580959320067,0.37442559003829956,0.6868782758712769
JFFN_MATCH_WRITE,3,patch_auroc,5,0.5098829147893952,0.14666071547828324,0.35173320350535536,0.5146998249407888,0.6789620774497218
JFFN_MATCH_WRITE,3,top1_pointing,5,0.6,0.48989794855663565,0.0,1.0,1.0
JFFN_MATCH_WRITE,3,top32_box_recall,5,0.0663447079236553,0.03976388199981313,0.036153846153846154,0.05,0.11203007518796992
JFFN_MATCH_WRITE,3,uniform_enrichment,5,0.7325737573437803,0.3454987843261725,0.434225891665366,0.47963788411226127,1.1613396898951611
JFFN_MATCH_WRITE,30,bbox_mass,5,0.4088392645120621,0.26126676208965477,0.12690506279468539,0.426094651222229,0.6992039322853089
JFFN_MATCH_WRITE,30,patch_aupr,5,0.48353120386600495,0.22553510038199837,0.22737402021884917,0.5506231784820557,0.7230464100837708
JFFN_MATCH_WRITE,30,patch_auroc,5,0.6448414606203576,0.0674855182117689,0.5734417226122757,0.6468354430379747,0.7157717890233318
JFFN_MATCH_WRITE,30,top1_pointing,5,0.2,0.4000000000000001,0.0,0.0,0.6000000000000001
JFFN_MATCH_WRITE,30,top32_box_recall,5,0.07594274146905726,0.019676369599281086,0.05620782726045884,0.06923076923076923,0.09967032967032967
JFFN_MATCH_WRITE,30,uniform_enrichment,5,1.1956667546253261,0.4476530163377129,0.7844323280787295,1.1092052550995446,1.6838981550041723
JFFN_MATCH_WRITE,31,bbox_mass,5,0.33134201169013977,0.2534440192251819,0.1094327688217163,0.2931787669658661,0.6155341625213624
JFFN_MATCH_WRITE,31,patch_aupr,5,0.44742724001407624,0.21384703320449033,0.2311921864748001,0.4542851448059082,0.6800032734870911
JFFN_MATCH_WRITE,31,patch_auroc,5,0.600273949262081,0.08627769607916419,0.5417526777020448,0.5595029239766082,0.6967035613193415
JFFN_MATCH_WRITE,31,top1_pointing,5,0.6,0.48989794855663565,0.0,1.0,1.0
JFFN_MATCH_WRITE,31,top32_box_recall,5,0.07554077501445924,0.04175217796725464,0.04153846153846154,0.06140350877192982,0.12362637362637363
JFFN_MATCH_WRITE,31,uniform_enrichment,5,0.9403208325259967,0.17477400918285968,0.7539935525914262,0.9026995370487673,1.148401692624054
JFFN_MATCH_WRITE,32,bbox_mass,5,0.31746253818273545,0.23338509887259412,0.11487344652414322,0.25969627499580383,0.5768130421638489
JFFN_MATCH_WRITE,32,patch_aupr,5,0.3809767782688141,0.22796629917132885,0.17425191700458526,0.35587072372436523,0.6326947093009949
JFFN_MATCH_WRITE,32,patch_auroc,5,0.4662955676305188,0.11763462875069428,0.33777020447906525,0.4677685099371846,0.6012432504024288
JFFN_MATCH_WRITE,32,top1_pointing,5,0.2,0.4000000000000001,0.0,0.0,0.6000000000000001
JFFN_MATCH_WRITE,32,top32_box_recall,5,0.05492384808174282,0.02701896064908532,0.033846153846153845,0.04824561403508772,0.08428571428571428
JFFN_MATCH_WRITE,32,uniform_enrichment,5,0.9563481498085393,0.47800524909445957,0.563187330251595,0.7745144643019374,1.5140753202146404
JFFN_MATCH_WRITE,4,bbox_mass,5,0.28738583624362946,0.2689023469596503,0.11841299831867218,0.17219239473342896,0.5723885416984559
JFFN_MATCH_WRITE,4,patch_aupr,5,0.4147842705249786,0.23240365403160723,0.22960453927516938,0.35508614778518677,0.6749077558517457
JFFN_MATCH_WRITE,4,patch_auroc,5,0.5214917585309388,0.15994331805980846,0.32235394352482954,0.6230048398723098,0.6675708070990485
JFFN_MATCH_WRITE,4,top1_pointing,5,0.6,0.48989794855663565,0.0,1.0,1.0
JFFN_MATCH_WRITE,4,top32_box_recall,5,0.08704260651629073,0.0456332246233311,0.04763832658569501,0.06153846153846154,0.14285714285714285
JFFN_MATCH_WRITE,4,uniform_enrichment,5,0.8534373208757848,0.3383027754076863,0.4466855334850599,0.9993363930141451,1.1975919469000849
JFFN_MATCH_WRITE,5,bbox_mass,5,0.34362137913703916,0.2566661951167159,0.1620929002761841,0.26578289270401,0.6155550837516786
JFFN_MATCH_WRITE,5,patch_aupr,5,0.4393923133611679,0.2208585380774234,0.25143153965473175,0.39667677879333496,0.6866313695907593
JFFN_MATCH_WRITE,5,patch_auroc,5,0.5447401244024259,0.1317191486671443,0.3802044790652386,0.6425187931212029,0.6564017895348127
JFFN_MATCH_WRITE,5,top1_pointing,5,0.6,0.48989794855663565,0.0,1.0,1.0
JFFN_MATCH_WRITE,5,top32_box_recall,5,0.08912955465587044,0.04604259504164609,0.05923076923076923,0.06359649122807018,0.14102564102564102
JFFN_MATCH_WRITE,5,uniform_enrichment,5,1.215755135867545,0.7402250054944677,0.5549051786592,1.1315096338320403,2.0403555228557004
JFFN_MATCH_WRITE,6,bbox_mass,5,0.3473996937274933,0.22739661712393808,0.17712703347206116,0.2419651597738266,0.6084330320358277
JFFN_MATCH_WRITE,6,patch_aupr,5,0.4339507073163986,0.21180497704162404,0.24902160465717316,0.3925653398036957,0.6757903575897217
JFFN_MATCH_WRITE,6,patch_auroc,5,0.5312300545703286,0.12727998374677557,0.37157984420642654,0.6084612573099415,0.6460173939750783
JFFN_MATCH_WRITE,6,top1_pointing,5,0.6,0.48989794855663565,0.0,1.0,1.0
JFFN_MATCH_WRITE,6,top32_box_recall,5,0.09686042028147292,0.044512482279597136,0.061680161943319836,0.07307692307692308,0.15054945054945054
JFFN_MATCH_WRITE,6,uniform_enrichment,5,1.2238673377672307,0.6239468523367045,0.6490476299323753,1.048019472524972,1.9528789750630235
JFFN_MATCH_WRITE,7,bbox_mass,5,0.4203458994626999,0.23497779336031122,0.17252080142498016,0.40638163685798645,0.6829811573028565
JFFN_MATCH_WRITE,7,patch_aupr,5,0.44993452727794647,0.2000592015195094,0.26556573808193207,0.4235153794288635,0.6690150141716004
JFFN_MATCH_WRITE,7,patch_auroc,5,0.5329399709667372,0.10744532544379273,0.40763631937682565,0.5445723684210526,0.651562248278381
JFFN_MATCH_WRITE,7,top1_pointing,5,0.6,0.48989794855663565,0.0,1.0,1.0
JFFN_MATCH_WRITE,7,top32_box_recall,5,0.09759398496240602,0.06177494655258394,0.05137844611528822,0.08076923076923077,0.16461538461538464
JFFN_MATCH_WRITE,7,uniform_enrichment,5,1.704020812031232,1.622983299954717,0.7544116822339949,0.9926412565429171,3.3905547276127566
JFFN_MATCH_WRITE,8,bbox_mass,5,0.4136854499578476,0.2278479450394233,0.21453820168972015,0.36505067348480225,0.6664826035499574
JFFN_MATCH_WRITE,8,patch_aupr,5,0.48005680441856385,0.20069391046356702,0.2814059376716614,0.481413334608078,0.7044109821319581
JFFN_MATCH_WRITE,8,patch_auroc,5,0.6022526328308618,0.10365703718692929,0.48365871470301847,0.6017361111111112,0.7182097997995736
JFFN_MATCH_WRITE,8,top1_pointing,5,0.8,0.4,0.4,1.0,1.0
JFFN_MATCH_WRITE,8,top32_box_recall,5,0.0981048775785618,0.04778132931528967,0.06541353383458647,0.08076923076923077,0.14923076923076925
JFFN_MATCH_WRITE,8,uniform_enrichment,5,1.4616713951456466,0.7196381833262789,0.9361717907384673,1.117300800628187,2.289139688338914
JFFN_MATCH_WRITE,9,bbox_mass,5,0.42953974902629855,0.24359158643919204,0.16825751960277557,0.43588706851005554,0.7101699233055115
JFFN_MATCH_WRITE,9,patch_aupr,5,0.4970582962036133,0.21171559494100878,0.26788135766983034,0.5376942753791809,0.7304120063781738
JFFN_MATCH_WRITE,9,patch_auroc,5,0.6353632634123053,0.07452663099720555,0.5622772994641749,0.5950949367088608,0.7245694158748817
JFFN_MATCH_WRITE,9,top1_pointing,5,0.2,0.4000000000000001,0.0,0.0,0.6000000000000001
JFFN_MATCH_WRITE,9,top32_box_recall,5,0.09601792943898206,0.02622290863454825,0.07091093117408907,0.09523809523809523,0.12307692307692308
JFFN_MATCH_WRITE,9,uniform_enrichment,5,1.3427412111695867,0.2696710729653329,1.0726154456610792,1.3598032232966286,1.64347301439459
Q_POSITIVE,1,bbox_mass,5,0.30491428449749947,0.30461005408644415,0.04218285009264946,0.26816946268081665,0.6420945048332215
Q_POSITIVE,1,patch_aupr,5,0.36043217331171035,0.3162097131208467,0.09548367112874985,0.32108762860298157,0.7064866065979005
Q_POSITIVE,1,patch_auroc,5,0.4031052610643835,0.22063984631773806,0.2689062367613916,0.2837147030185005,0.6447506405750147
Q_POSITIVE,1,top1_pointing,5,0.2,0.4000000000000001,0.0,0.0,0.6000000000000001
Q_POSITIVE,1,top32_box_recall,5,0.014804318488529014,0.027725604960286022,0.0,0.0,0.04364372469635628
Q_POSITIVE,1,uniform_enrichment,5,0.6717013762400191,0.2846051780351882,0.39183588102139544,0.6550396185715184,0.9858126395565707
Q_POSITIVE,10,bbox_mass,5,0.5405036538839341,0.2892909043762505,0.18593078553676606,0.6415407061576843,0.8316506624221802
Q_POSITIVE,10,patch_aupr,5,0.5481009721755982,0.22993643451698645,0.27049894332885743,0.6431674361228943,0.7825372338294982
Q_POSITIVE,10,patch_auroc,5,0.6737362594581664,0.05100708582363219,0.615161936202076,0.6841041869522883,0.7299320259686113
Q_POSITIVE,10,top1_pointing,5,0.6,0.48989794855663565,0.0,1.0,1.0
Q_POSITIVE,10,top32_box_recall,5,0.10374686716791981,0.048543184792548884,0.05933583959899749,0.10384615384615385,0.15692307692307694
Q_POSITIVE,10,uniform_enrichment,5,1.714290258080424,0.7463150031646989,1.0034001509194737,1.5670485940444603,2.5865481393627285
Q_POSITIVE,11,bbox_mass,5,0.5097584575414658,0.33464340572133777,0.12019489109516143,0.5471131801605225,0.8798601508140564
Q_POSITIVE,11,patch_aupr,5,0.5201328009366989,0.22313403297401774,0.2540114313364029,0.5836796164512634,0.7549864888191223
Q_POSITIVE,11,patch_auroc,5,0.627830871791961,0.07201823764169611,0.56591572142788,0.602190847127556,0.7128754946526031
Q_POSITIVE,11,top1_pointing,5,0.4,0.48989794855663565,0.0,0.0,1.0
Q_POSITIVE,11,top32_box_recall,5,0.10601792943898207,0.041408532794197817,0.06629554655870445,0.09615384615384616,0.15483516483516485
Q_POSITIVE,11,uniform_enrichment,5,1.4112228448126438,0.4850065329609673,0.9225978494462174,1.336396789049597,1.9720716969288152
Q_POSITIVE,12,bbox_mass,5,0.494769486784935,0.32743062069166134,0.12661788761615753,0.4686323404312134,0.871802806854248
Q_POSITIVE,12,patch_aupr,5,0.47687732577323916,0.2431521292783971,0.20430434942245485,0.4881731867790222,0.7550492644309997
Q_POSITIVE,12,patch_auroc,5,0.5689528993439945,0.06613648856978802,0.4968050146056475,0.5670489740611692,0.6332581066506241
Q_POSITIVE,12,top1_pointing,5,0.6,0.48989794855663565,0.0,1.0,1.0
Q_POSITIVE,12,top32_box_recall,5,0.08338249469828417,0.024676524990204243,0.05670426065162907,0.08076923076923077,0.11256410256410257
Q_POSITIVE,12,uniform_enrichment,5,1.4237415643038827,0.5976298225550988,0.8227748305845173,1.1446968885182434,2.140333161832041
Q_POSITIVE,13,bbox_mass,5,0.5348369181156158,0.299270845651596,0.20370300710201264,0.5312279462814331,0.8821042060852051
Q_POSITIVE,13,patch_aupr,5,0.5037402242422104,0.21192854810108797,0.26706541478633883,0.5164470672607422,0.7450033307075501
Q_POSITIVE,13,patch_auroc,5,0.6095644075405409,0.07033310234653069,0.537091041869523,0.5926443713450293,0.6947950494912734
Q_POSITIVE,13,top1_pointing,5,0.6,0.48989794855663565,0.0,1.0,1.0
Q_POSITIVE,13,top32_box_recall,5,0.11532292269134374,0.04305751808120567,0.06651821862348178,0.11923076923076924,0.16355311355311355
Q_POSITIVE,13,uniform_enrichment,5,1.7243183026299,0.5590903367339447,1.1228067841221707,1.5715963201467278,2.374988056246851
Q_POSITIVE,14,bbox_mass,5,0.5025630965828896,0.3035116220819957,0.14974046796560286,0.5491760969161987,0.83879474401474
Q_POSITIVE,14,patch_aupr,5,0.5365623652935028,0.2169974549874523,0.2902389168739319,0.561691403388977,0.7801523685455323
Q_POSITIVE,14,patch_auroc,5,0.6742809037317651,0.08696352935902592,0.5713926541849593,0.6831061343719572,0.7675792421898798
Q_POSITIVE,14,top1_pointing,5,0.4,0.48989794855663565,0.0,0.0,1.0
Q_POSITIVE,14,top32_box_recall,5,0.08847406978985926,0.022465622663666425,0.06366396761133603,0.09230769230769231,0.11194139194139195
Q_POSITIVE,14,uniform_enrichment,5,1.5032743347583377,0.48393874711644125,1.0141796558096396,1.3414357378966224,2.0948273992841666
Q_POSITIVE,15,bbox_mass,5,0.5431612774729728,0.3653761853971212,0.10259403735399246,0.7234155535697937,0.9056894421577454
Q_POSITIVE,15,patch_aupr,5,0.48631490468978883,0.24135485919871175,0.20147999823093415,0.5940113663673401,0.7322540044784546
Q_POSITIVE,15,patch_auroc,5,0.5729304143908781,0.029837735323492615,0.5371298140982934,0.5798685491723466,0.6029386867581108
Q_POSITIVE,15,top1_pointing,5,0.6,0.48989794855663565,0.0,1.0,1.0
Q_POSITIVE,15,top32_box_recall,5,0.09616637748216697,0.023742009384904738,0.06981781376518219,0.09523809523809523,0.12000000000000001
Q_POSITIVE,15,uniform_enrichment,5,1.4376350265648417,0.5575433339212844,0.9363982194913715,1.131273610298584,2.128268109932655
Q_POSITIVE,16,bbox_mass,5,0.5887101665139198,0.3293006190154533,0.1795258566737175,0.7641512155532837,0.9021588802337647
Q_POSITIVE,16,patch_aupr,5,0.5411852270364761,0.24806874730607273,0.23657598793506623,0.6423027515411377,0.7896432518959046
Q_POSITIVE,16,patch_auroc,5,0.6449856373256281,0.09090251965794836,0.5466599298041853,0.6309883154819863,0.7528901682680087
Q_POSITIVE,16,top1_pointing,5,0.6,0.48989794855663565,0.0,1.0,1.0
Q_POSITIVE,16,top32_box_recall,5,0.10491806439174862,0.026246347525112453,0.07493734335839598,0.11153846153846154,0.13076923076923078
Q_POSITIVE,16,uniform_enrichment,5,1.8077211576551033,0.6886898885102912,1.0289468588765478,1.866541088471188,2.589236745570215
Q_POSITIVE,17,bbox_mass,5,0.537604296207428,0.23226513877916494,0.27363414168357847,0.5323319435119629,0.803184175491333
Q_POSITIVE,17,patch_aupr,5,0.5365473568439484,0.17616770631779363,0.33968231081962585,0.5444082617759705,0.738603389263153
Q_POSITIVE,17,patch_auroc,5,0.6431202183987674,0.10007122634252966,0.5345992628845727,0.6242210321324245,0.7610185403456047
Q_POSITIVE,17,top1_pointing,5,0.6,0.48989794855663565,0.0,1.0,1.0
Q_POSITIVE,17,top32_box_recall,5,0.11001060343165606,0.043181092374195894,0.06321862348178138,0.11904761904761904,0.15692307692307694
Q_POSITIVE,17,uniform_enrichment,5,1.9410275993293447,0.8010054993486467,1.1140290218869382,2.0453319066799542,2.809362255304958
Q_POSITIVE,18,bbox_mass,5,0.5801021695137024,0.25949533552253834,0.261465048789978,0.71010822057724,0.8336910963058471
Q_POSITIVE,18,patch_aupr,5,0.5435505688190461,0.18839238896600533,0.3233010470867157,0.5923887491226196,0.7417519807815551
Q_POSITIVE,18,patch_auroc,5,0.6355703434724294,0.07846902915682935,0.555674838569159,0.605379746835443,0.7311024630999652
Q_POSITIVE,18,top1_pointing,5,1.0,0.0,1.0,1.0,1.0
Q_POSITIVE,18,top32_box_recall,5,0.11330537883169463,0.0386859485175113,0.07508097165991903,0.10384615384615385,0.15842490842490842
Q_POSITIVE,18,uniform_enrichment,5,1.961101224426546,0.5387081456052608,1.3882667693555035,1.9138405263685092,2.5583449836687184
Q_POSITIVE,19,bbox_mass,5,0.6173347532749176,0.25195164895421307,0.319521564245224,0.6919230222702026,0.8814136028289795
Q_POSITIVE,19,patch_aupr,5,0.5321862816810607,0.19321933524589113,0.3129410982131958,0.5798698663711548,0.7413173317909241
Q_POSITIVE,19,patch_auroc,5,0.628379701068153,0.058172413720057464,0.5673352273697877,0.6113072054527751,0.6981074660475189
Q_POSITIVE,19,top1_pointing,5,0.8,0.4,0.4,1.0,1.0
Q_POSITIVE,19,top32_box_recall,5,0.11946018893387315,0.03788596966532323,0.07684210526315789,0.11538461538461539,0.16153846153846155
Q_POSITIVE,19,uniform_enrichment,5,2.191349176246649,0.717823809596315,1.3968274406590138,2.084807212525129,3.024041361313739
Q_POSITIVE,2,bbox_mass,5,0.3456380501389503,0.2501006105699113,0.10498151332139968,0.3562505543231964,0.6208077788352967
Q_POSITIVE,2,patch_aupr,5,0.3759755313396454,0.26101637180150816,0.14107789993286132,0.3592805564403534,0.6620887875556947
Q_POSITIVE,2,patch_auroc,5,0.4778950332487385,0.10653392665249273,0.3676996105160662,0.44619503655648235,0.6047177522057176
Q_POSITIVE,2,top1_pointing,5,0.2,0.4000000000000001,0.0,0.0,0.6000000000000001
Q_POSITIVE,2,top32_box_recall,5,0.032864854443801814,0.018027943656172985,0.016923076923076923,0.026923076923076925,0.053759398496240604
Q_POSITIVE,2,uniform_enrichment,5,0.963444554267703,0.09211231462933038,0.878573315031413,0.9069390999647082,1.0780862757108964
Q_POSITIVE,20,bbox_mass,5,0.5751954197883606,0.24687145869141844,0.27500748038291933,0.6623172760009766,0.8250080585479737
Q_POSITIVE,20,patch_aupr,5,0.5196860432624817,0.21045723097806085,0.2780725657939911,0.5804592370986938,0.7462786555290222
Q_POSITIVE,20,patch_auroc,5,0.6354441699973364,0.07097040918541668,0.5684254514084628,0.6096397273612463,0.7210722053764957
Q_POSITIVE,20,top1_pointing,5,0.4,0.48989794855663565,0.0,0.0,1.0
Q_POSITIVE,20,top32_box_recall,5,0.10037401195295934,0.02628986195660145,0.07024291497975708,0.1,0.12985347985347986
Q_POSITIVE,20,uniform_enrichment,5,2.0067269074916725,0.6777023142522698,1.312992157193212,1.9915734099575801,2.7566436470874245
Q_POSITIVE,21,bbox_mass,5,0.4960544019937515,0.28636750364129593,0.15607914328575134,0.590798556804657,0.791212260723114
Q_POSITIVE,21,patch_aupr,5,0.5015189230442048,0.235767770931633,0.22883131504058837,0.5710906386375427,0.7546343922615051
Q_POSITIVE,21,patch_auroc,5,0.6437702539690096,0.05082036797815207,0.5924467982883206,0.6216224440116845,0.7054885942411655
Q_POSITIVE,21,top1_pointing,5,0.6,0.48989794855663565,0.0,1.0,1.0
Q_POSITIVE,21,top32_box_recall,5,0.08502988239830346,0.031734818825536575,0.05137844611528822,0.07692307692307693,0.12307692307692307
Q_POSITIVE,21,uniform_enrichment,5,1.4654736344966126,0.26325594747080616,1.1922701451466005,1.4431041380820488,1.7530006858384601
Q_POSITIVE,22,bbox_mass,5,0.5368236184120179,0.2732266509682929,0.19477984309196472,0.7143352031707764,0.7721127867698669
Q_POSITIVE,22,patch_aupr,5,0.5377393305301666,0.1875117566251908,0.3196156322956085,0.5883612036705017,0.7317606806755066
Q_POSITIVE,22,patch_auroc,5,0.6509894894739918,0.09514841303325038,0.5454755109841302,0.6379077409931839,0.7586544583587634
Q_POSITIVE,22,top1_pointing,5,0.6,0.48989794855663565,0.0,1.0,1.0
Q_POSITIVE,22,top32_box_recall,5,0.1138914594177752,0.041911763648756026,0.0781578947368421,0.1,0.16043956043956045
Q_POSITIVE,22,uniform_enrichment,5,1.7431765201546814,0.8537113814565417,0.8817917417285801,1.7448588453716796,2.7142555652034317
Q_POSITIVE,23,bbox_mass,5,0.5289776802062989,0.25477467736244747,0.22304320335388184,0.6216309666633606,0.7914736032485962
Q_POSITIVE,23,patch_aupr,5,0.5322942554950714,0.2005704923138762,0.2918561577796936,0.6109828948974609,0.7352633714675904
Q_POSITIVE,23,patch_auroc,5,0.6572402402436207,0.10466688964681732,0.5328149372117349,0.6748782862706914,0.7638435612447653
Q_POSITIVE,23,top1_pointing,5,0.6,0.48989794855663565,0.0,1.0,1.0
Q_POSITIVE,23,top32_box_recall,5,0.1157210333526123,0.04693355169678512,0.07309716599190284,0.08461538461538462,0.1738095238095238
Q_POSITIVE,23,uniform_enrichment,5,1.7444772241158266,0.5529397282611004,1.297854946150027,1.5877608147618303,2.3444019066898023
Q_POSITIVE,24,bbox_mass,5,0.5234346866607666,0.36102659137594095,0.0828024372458458,0.6942355632781982,0.8741426229476928
Q_POSITIVE,24,patch_aupr,5,0.5101048856973648,0.25368208283977806,0.20558356940746308,0.622229814529419,0.7670029401779175
Q_POSITIVE,24,patch_auroc,5,0.6362720181233849,0.07062319170448832,0.5527073577711656,0.657120253164557,0.6992552066899859
Q_POSITIVE,24,top1_pointing,5,0.6,0.48989794855663565,0.0,1.0,1.0
Q_POSITIVE,24,top32_box_recall,5,0.08235203393098131,0.02917290812381423,0.04774436090225564,0.08846153846153847,0.11256410256410257
Q_POSITIVE,24,uniform_enrichment,5,1.3239889681190005,0.5337649119486062,0.7664042131081037,1.1771983065363354,1.9422498608137795
Q_POSITIVE,25,bbox_mass,5,0.49376707524061203,0.3304472630135273,0.11212315112352372,0.506735622882843,0.8634593605995178
Q_POSITIVE,25,patch_aupr,5,0.4944483906030655,0.22336498042047337,0.2338915079832077,0.5403027534484863,0.736678946018219
Q_POSITIVE,25,patch_auroc,5,0.6169574494212624,0.0876201814476695,0.5260987641524262,0.6179040895813048,0.7060204671319212
Q_POSITIVE,25,top1_pointing,5,0.6,0.48989794855663565,0.0,1.0,1.0
Q_POSITIVE,25,top32_box_recall,5,0.08722382880277618,0.022921373558498336,0.060931174089068826,0.08974358974358974,0.11296703296703296
Q_POSITIVE,25,uniform_enrichment,5,1.3526886709458783,0.6640918061496154,0.6398057043207649,1.239749934464404,2.05293050712783
Q_POSITIVE,26,bbox_mass,5,0.4713329080492258,0.25408402154943727,0.18259939663112165,0.5197867751121521,0.7046493172645569
Q_POSITIVE,26,patch_aupr,5,0.5248268157243728,0.19720628330472678,0.31589117944240575,0.558376133441925,0.6964560747146606
Q_POSITIVE,26,patch_auroc,5,0.6264211482164497,0.1293127106378017,0.4958038337689403,0.6244979919678715,0.7529502022624901
Q_POSITIVE,26,top1_pointing,5,0.6,0.48989794855663565,0.0,1.0,1.0
Q_POSITIVE,26,top32_box_recall,5,0.10649411991517255,0.09743753844207403,0.03906882591093117,0.06538461538461539,0.21241758241758243
Q_POSITIVE,26,uniform_enrichment,5,1.6729125141340475,1.5637429213196687,0.4508494326858864,1.0846911026809944,3.4078091775169277
Q_POSITIVE,27,bbox_mass,5,0.5292864330112934,0.2880473037934756,0.18009827360510827,0.6610260009765625,0.8004546403884888
Q_POSITIVE,27,patch_aupr,5,0.5025598883628846,0.22430111497030342,0.2334109902381897,0.5921099185943604,0.726140296459198
Q_POSITIVE,27,patch_auroc,5,0.5859676156432032,0.09912274117777246,0.4637454270523389,0.6326557935735151,0.6829557974185946
Q_POSITIVE,27,top1_pointing,5,0.6,0.48989794855663565,0.0,1.0,1.0
Q_POSITIVE,27,top32_box_recall,5,0.10905436668594563,0.036905425735274666,0.07925101214574899,0.1,0.14816849816849817
Q_POSITIVE,27,uniform_enrichment,5,1.6574732626440003,0.9251492888347013,0.7795008736777762,1.6146440210491497,2.6557863898251166
Q_POSITIVE,28,bbox_mass,5,0.28957581520080566,0.27374682186290666,0.0678186610341072,0.23846220970153809,0.5906764626502992
Q_POSITIVE,28,patch_aupr,5,0.40061506927013396,0.2556335541733742,0.16813265085220336,0.3945767283439636,0.68235502243042
Q_POSITIVE,28,patch_auroc,5,0.5207353088627864,0.10209274140023893,0.40750486854917234,0.5250677506775068,0.6378383710279715
Q_POSITIVE,28,top1_pointing,5,0.2,0.4000000000000001,0.0,0.0,0.6000000000000001
Q_POSITIVE,28,top32_box_recall,5,0.053305378831694616,0.023593351029985266,0.03461538461538462,0.038461538461538464,0.08258145363408521
Q_POSITIVE,28,uniform_enrichment,5,0.7201046023221167,0.19724752761747555,0.5580313875354211,0.6277551155303869,0.956488188695468
Q_POSITIVE,29,bbox_mass,5,0.48363439962267873,0.27918321821478426,0.1581301845610142,0.5680385828018188,0.7664400577545166
Q_POSITIVE,29,patch_aupr,5,0.4902206897735596,0.24329809957955534,0.2057328164577484,0.5799475908279419,0.7439112305641175
Q_POSITIVE,29,patch_auroc,5,0.6201247214226718,0.05739052442793447,0.5566191960825759,0.6287426971762415,0.6818497461682087
Q_POSITIVE,29,top1_pointing,5,0.4,0.48989794855663565,0.0,0.0,1.0
Q_POSITIVE,29,top32_box_recall,5,0.07920185078079815,0.024828347118964287,0.04939271255060729,0.08461538461538462,0.10428571428571429
Q_POSITIVE,29,uniform_enrichment,5,1.477966852334562,0.7897315045767831,0.7477238582040033,1.387509871156655,2.3248659641596907
Q_POSITIVE,3,bbox_mass,5,0.24612145274877548,0.291111516580553,0.06330861300230026,0.12481273710727692,0.5486579537391663
Q_POSITIVE,3,patch_aupr,5,0.3974515676498413,0.26835886551189747,0.1516375333070755,0.3887014091014862,0.6928503394126893
Q_POSITIVE,3,patch_auroc,5,0.5098606548228595,0.12444869878507404,0.39672590068159685,0.5063274293457221,0.6460854619557854
Q_POSITIVE,3,top1_pointing,5,0.6,0.48989794855663565,0.0,1.0,1.0
Q_POSITIVE,3,top32_box_recall,5,0.050851166377482174,0.014318108889018695,0.036153846153846154,0.046153846153846156,0.06829573934837092
Q_POSITIVE,3,uniform_enrichment,5,0.6121255570545847,0.38889888131195666,0.26960792310171605,0.33556960650483014,1.0892939571096423
Q_POSITIVE,30,bbox_mass,5,0.4059655964374542,0.2921643270772827,0.08548168540000917,0.4113326370716095,0.7415266036987305
Q_POSITIVE,30,patch_aupr,5,0.48306397795677186,0.2424483282096324,0.1989102005958557,0.5588000416755676,0.7408741116523743
Q_POSITIVE,30,patch_auroc,5,0.6252850325411801,0.08050692137039075,0.5296946795278279,0.6585443037974685,0.706767129263656
Q_POSITIVE,30,top1_pointing,5,0.2,0.4000000000000001,0.0,0.0,0.6000000000000001
Q_POSITIVE,30,top32_box_recall,5,0.06714960478118373,0.024164006463294307,0.04194139194139194,0.06798245614035088,0.09384615384615386
Q_POSITIVE,30,uniform_enrichment,5,1.0588185332547764,0.3513848483149673,0.6501250340387095,1.1416823494640402,1.3724300822213513
Q_POSITIVE,31,bbox_mass,5,0.32941205650568006,0.25451423600511375,0.08481855392456054,0.342919260263443,0.6087259769439698
Q_POSITIVE,31,patch_aupr,5,0.4477949798107147,0.20640912704467437,0.24386464953422546,0.4504200518131256,0.6702510714530945
Q_POSITIVE,31,patch_auroc,5,0.6018553861277278,0.09249455629338851,0.531110029211295,0.5475328947368421,0.7143195582293438
Q_POSITIVE,31,top1_pointing,5,0.6,0.48989794855663565,0.0,1.0,1.0
Q_POSITIVE,31,top32_box_recall,5,0.0716599190283401,0.04800353562619725,0.04,0.05384615384615385,0.12280701754385964
Q_POSITIVE,31,uniform_enrichment,5,0.8716049156434005,0.11861352204708692,0.7471683613945312,0.8494064785070851,1.002598223556842
Q_POSITIVE,32,bbox_mass,5,0.3201011225581169,0.22794250377291525,0.10974633246660233,0.29029208421707153,0.5783362627029419
Q_POSITIVE,32,patch_aupr,5,0.3684119194746017,0.23013628701086658,0.15720946192741395,0.3463236689567566,0.6250138401985169
Q_POSITIVE,32,patch_auroc,5,0.44065768527657995,0.10021672272412868,0.3245569620253165,0.4595304294099474,0.5494470806080242
Q_POSITIVE,32,top1_pointing,5,0.4,0.48989794855663565,0.0,0.0,1.0
Q_POSITIVE,32,top32_box_recall,5,0.054593213803740125,0.02679180660924899,0.036153846153846154,0.04230769230769231,0.08446115288220551
Q_POSITIVE,32,uniform_enrichment,5,0.9337960018961443,0.21769139162135445,0.7497570740557036,0.833881900782937,1.1925895329664034
Q_POSITIVE,4,bbox_mass,5,0.2871556282043457,0.2646020112724864,0.1307436317205429,0.1680048704147339,0.5641774237155914
Q_POSITIVE,4,patch_aupr,5,0.42228238880634306,0.22482864855742346,0.2333463668823242,0.3569907248020172,0.6825398206710815
Q_POSITIVE,4,patch_auroc,5,0.5305962672254294,0.14670065040372185,0.345309152872444,0.6415204678362573,0.6520036996014075
Q_POSITIVE,4,top1_pointing,5,0.6,0.48989794855663565,0.0,1.0,1.0
Q_POSITIVE,4,top32_box_recall,5,0.08440524387892809,0.039262260208122755,0.04763832658569501,0.07307692307692308,0.1304029304029304
Q_POSITIVE,4,uniform_enrichment,5,0.8837498717821004,0.37022705122460586,0.43058703098902584,1.08715943865729,1.2348258835978227
Q_POSITIVE,5,bbox_mass,5,0.36445980668067934,0.2529633580568494,0.15486868619918823,0.28523093461990356,0.6536911845207215
Q_POSITIVE,5,patch_aupr,5,0.45595254600048063,0.21071314500006297,0.26640768349170685,0.42365652322769165,0.6879560828208924
Q_POSITIVE,5,patch_auroc,5,0.551142298845283,0.12242694780138684,0.40082521908471275,0.6216739766081871,0.6672897970870348
Q_POSITIVE,5,top1_pointing,5,0.8,0.4000000000000001,0.4,1.0,1.0
Q_POSITIVE,5,top32_box_recall,5,0.09553981106612686,0.048821568974150104,0.0658502024291498,0.06923076923076923,0.14871794871794874
Q_POSITIVE,5,uniform_enrichment,5,1.402311744404445,1.116634803401098,0.5701936493811746,1.1236178656186697,2.598148003940505
Q_POSITIVE,6,bbox_mass,5,0.3753872275352478,0.22927738656383012,0.15305061340332032,0.3372608721256256,0.6426553249359132
Q_POSITIVE,6,patch_aupr,5,0.4486028879880905,0.20350508335347497,0.265345099568367,0.3982020616531372,0.681864881515503
Q_POSITIVE,6,patch_auroc,5,0.5425975790902109,0.130117481655389,0.3821592015579357,0.5896747076023392,0.669328861053075
Q_POSITIVE,6,top1_pointing,5,0.6,0.48989794855663565,0.0,1.0,1.0
Q_POSITIVE,6,top32_box_recall,5,0.09792172739541162,0.041784597650333384,0.06761133603238867,0.08333333333333333,0.1430769230769231
Q_POSITIVE,6,uniform_enrichment,5,1.3908706024457362,0.9644661459247048,0.710112052998942,1.0733883371264976,2.3940165210756716
Q_POSITIVE,7,bbox_mass,5,0.47143224999308586,0.25737415526473867,0.1688073195517063,0.5220261812210083,0.7391404628753662
Q_POSITIVE,7,patch_aupr,5,0.4621193677186966,0.20189732102198693,0.26825391948223115,0.4401543438434601,0.6810654520988465
Q_POSITIVE,7,patch_auroc,5,0.5550637763074505,0.10475680777012746,0.4408592989289192,0.5614583333333334,0.6750172134979657
Q_POSITIVE,7,top1_pointing,5,0.8,0.4000000000000001,0.4,1.0,1.0
Q_POSITIVE,7,top32_box_recall,5,0.08719009061114326,0.04911905496640514,0.045112781954887216,0.07692307692307693,0.14153846153846156
Q_POSITIVE,7,uniform_enrichment,5,1.972659846416238,2.105733195560346,0.6509913360434616,1.0789694582244886,4.203191988610057
Q_POSITIVE,8,bbox_mass,5,0.4619165390729904,0.2430407512258456,0.2118357926607132,0.4411119520664215,0.7301604270935059
Q_POSITIVE,8,patch_aupr,5,0.4910728394985199,0.19964865928206782,0.2737795948982239,0.5273036956787109,0.7028143405914307
Q_POSITIVE,8,patch_auroc,5,0.5912681786872974,0.10471333329636622,0.4965620836109261,0.5270691333982473,0.7226391360133646
Q_POSITIVE,8,top1_pointing,5,0.6,0.48989794855663565,0.0,1.0,1.0
Q_POSITIVE,8,top32_box_recall,5,0.10931270483902063,0.06164545244007972,0.06672932330827068,0.08846153846153847,0.17538461538461542
Q_POSITIVE,8,uniform_enrichment,5,1.6059490765417723,0.9382183147781648,1.0440634249828484,1.1464236658484164,2.608072109111
Q_POSITIVE,9,bbox_mass,5,0.4664198786020279,0.27914557018115016,0.14038784205913543,0.5295774340629578,0.7700525164604187
Q_POSITIVE,9,patch_aupr,5,0.50007284283638,0.23163123334613323,0.23581225275993348,0.5635153651237488,0.7507688879966736
Q_POSITIVE,9,patch_auroc,5,0.6109347255301725,0.04722280486516672,0.5711499740913466,0.5968231901966842,0.6660025846850485
Q_POSITIVE,9,top1_pointing,5,0.4,0.48989794855663565,0.0,0.0,1.0
Q_POSITIVE,9,top32_box_recall,5,0.10074224021592441,0.035656936909198696,0.07017543859649122,0.08846153846153847,0.14153846153846153
Q_POSITIVE,9,uniform_enrichment,5,1.35715396245606,0.24296561366653585,1.1043694688122772,1.2935633943733824,1.6497181334187399
WRITE,1,bbox_mass,5,0.31829195767641066,0.2848342961105644,0.06388547122478486,0.29549917578697205,0.6348188400268555
WRITE,1,patch_aupr,5,0.3538176313042641,0.3010093991201022,0.09519727975130081,0.3224889039993286,0.6850128769874573
WRITE,1,patch_auroc,5,0.38071655604100674,0.18771414279084564,0.26299402413288336,0.28041626095423566,0.5874973511013306
WRITE,1,top1_pointing,5,0.6,0.48989794855663565,0.0,1.0,1.0
WRITE,1,top32_box_recall,5,0.017112010796221322,0.026753806495623037,0.0,0.007692307692307693,0.04518218623481782
WRITE,1,uniform_enrichment,5,0.7696472388658375,0.19468541538060827,0.5969548792447106,0.7217960817040586,0.9889781897036772
WRITE,10,bbox_mass,5,0.4866255521774292,0.25281811875170074,0.19622368812561036,0.5098158717155457,0.7704134941101074
WRITE,10,patch_aupr,5,0.530176168680191,0.21608750371079324,0.2852935314178467,0.5931423306465149,0.7618359565734864
WRITE,10,patch_auroc,5,0.6593724561015412,0.0674494505623227,0.5864386562804283,0.6492872807017543,0.737722192262304
WRITE,10,top1_pointing,5,0.4,0.48989794855663565,0.0,0.0,1.0
WRITE,10,top32_box_recall,5,0.10323308270676693,0.04144093664246053,0.06541353383458647,0.1,0.14923076923076925
WRITE,10,uniform_enrichment,5,1.5847306482605839,0.5360466603918982,1.1696905308369077,1.3248400234167872,2.2141172365518798
WRITE,11,bbox_mass,5,0.4686724111437798,0.27944682945655325,0.1468395009636879,0.49005216360092163,0.7806755900382996
WRITE,11,patch_aupr,5,0.5097234189510346,0.21133783410884932,0.268602591753006,0.5410718321800232,0.7425881147384643
WRITE,11,patch_auroc,5,0.6458328281776613,0.08522172660839401,0.5643357206306907,0.6047103213242454,0.75108657178522
WRITE,11,top1_pointing,5,0.4,0.48989794855663565,0.0,0.0,1.0
WRITE,11,top32_box_recall,5,0.09272026219394641,0.03684922972122584,0.055330634278002694,0.08846153846153847,0.13593406593406593
WRITE,11,uniform_enrichment,5,1.3816884072862001,0.28479450519389926,1.1244344377906434,1.1970176585965835,1.737316054359243
WRITE,12,bbox_mass,5,0.45193329751491546,0.25848730772982476,0.16082042455673218,0.43667516112327576,0.7488958477973938
WRITE,12,patch_aupr,5,0.48780577480792997,0.22005818410337735,0.2506102710962296,0.4993557929992676,0.7400117516517639
WRITE,12,patch_auroc,5,0.6273749197529038,0.0662345486696173,0.5488023369036027,0.6348866959064328,0.6982560726242771
WRITE,12,top1_pointing,5,0.8,0.4000000000000001,0.4,1.0,1.0
WRITE,12,top32_box_recall,5,0.08451898978214768,0.019629189268587383,0.06080971659919028,0.08974358974358974,0.10428571428571429
WRITE,12,uniform_enrichment,5,1.4049661605907418,0.4186986401744126,1.0490125238302679,1.1233305250708296,1.9333856506146856
WRITE,13,bbox_mass,5,0.4850367814302444,0.264328807328089,0.1960635006427765,0.4533412754535675,0.7909996509552002
WRITE,13,patch_aupr,5,0.5072156816720963,0.20864721101400596,0.2796694725751877,0.5163522958755493,0.7443844676017761
WRITE,13,patch_auroc,5,0.6476191308941135,0.08599476813499585,0.5571421616358325,0.6330226608187135,0.7506523772208462
WRITE,13,top1_pointing,5,0.6,0.48989794855663565,0.0,1.0,1.0
WRITE,13,top32_box_recall,5,0.10220840562945825,0.03271556661304765,0.06321862348178138,0.11153846153846154,0.13699633699633698
WRITE,13,uniform_enrichment,5,1.5612608369776433,0.42095229959292213,1.0601062155666368,1.674568954161112,2.004409632325671
WRITE,14,bbox_mass,5,0.4715369284152985,0.27474126169058527,0.15985455513000488,0.4646052420139313,0.7796525001525879
WRITE,14,patch_aupr,5,0.52371866106987,0.21792666996819537,0.28019458055496216,0.547537624835968,0.7703593850135804
WRITE,14,patch_auroc,5,0.6756670358740415,0.07603924799688418,0.5974107147941258,0.6460564751703992,0.7637674884295513
WRITE,14,top1_pointing,5,0.4,0.48989794855663565,0.0,0.0,1.0
WRITE,14,top32_box_recall,5,0.0916252168883748,0.023201566672692745,0.0654251012145749,0.09523809523809523,0.11487179487179487
WRITE,14,uniform_enrichment,5,1.4450363959084458,0.4093268329980188,1.0766452938664195,1.1666581180408044,1.9499303123763814
WRITE,15,bbox_mass,5,0.49946740865707395,0.30051871855536927,0.1391276776790619,0.6064485907554626,0.8061222314834595
WRITE,15,patch_aupr,5,0.4919318914413452,0.2292590536353317,0.23363812267780304,0.5403212904930115,0.7447019100189209
WRITE,15,patch_auroc,5,0.6149025741799656,0.06286705754614376,0.5524696000387207,0.5941333982473224,0.6879581849240973
WRITE,15,top1_pointing,5,0.6,0.48989794855663565,0.0,1.0,1.0
WRITE,15,top32_box_recall,5,0.09059861191440138,0.021550708880222272,0.06366396761133603,0.10256410256410256,0.10978021978021978
WRITE,15,uniform_enrichment,5,1.4351903232365217,0.32154159863825105,1.1171308007893361,1.4268822023145589,1.7926258674388105
WRITE,16,bbox_mass,5,0.5060774058103561,0.28109759017991853,0.16753476560115815,0.5978330969810486,0.7936132669448852
WRITE,16,patch_aupr,5,0.5212091833353043,0.2316125768815535,0.2485836297273636,0.5868433117866516,0.7695215702056885
WRITE,16,patch_auroc,5,0.6570945499241307,0.06786698891087153,0.5803494999060455,0.6734298928919182,0.730622095278281
WRITE,16,top1_pointing,5,0.6,0.48989794855663565,0.0,1.0,1.0
WRITE,16,top32_box_recall,5,0.09865529207634471,0.020374409732826924,0.07552631578947369,0.10714285714285714,0.11384615384615385
WRITE,16,uniform_enrichment,5,1.5424205439698326,0.36196059585154033,1.1478850230162345,1.4602869390911781,1.965109234940379
WRITE,17,bbox_mass,5,0.4761832863092422,0.22930787883738166,0.21694535315036773,0.4697396457195282,0.7391703248023986
WRITE,17,patch_aupr,5,0.5173338532447815,0.191138995665965,0.30455760955810546,0.5202502012252808,0.7345739245414734
WRITE,17,patch_auroc,5,0.6458334227900144,0.09366791378130102,0.5449347550351048,0.6367210321324246,0.7565562930718676
WRITE,17,top1_pointing,5,0.6,0.48989794855663565,0.0,1.0,1.0
WRITE,17,top32_box_recall,5,0.11235492577597839,0.04759813155184907,0.0601417004048583,0.1076923076923077,0.16666666666666666
WRITE,17,uniform_enrichment,5,1.6040104712284389,0.47510395898478325,1.076109680189452,1.6903126972775409,2.1287150554254355
WRITE,18,bbox_mass,5,0.508457002043724,0.2675909284149177,0.1860746592283249,0.6033532619476318,0.7863529324531555
WRITE,18,patch_aupr,5,0.5164432227611542,0.2180330495599536,0.2620557308197021,0.5720941424369812,0.7477358222007752
WRITE,18,patch_auroc,5,0.6436317162547663,0.06040724771099932,0.59506935547242,0.6113315481986368,0.7158118133213638
WRITE,18,top1_pointing,5,0.8,0.4,0.4,1.0,1.0
WRITE,18,top32_box_recall,5,0.10861673414304993,0.036272755617889035,0.07046558704453441,0.10384615384615385,0.15128205128205127
WRITE,18,uniform_enrichment,5,1.589330978333048,0.3817996347119801,1.2262617247624619,1.4737706770157541,2.037912618996422
WRITE,19,bbox_mass,5,0.5179207354784012,0.258569662534064,0.22496533393859863,0.5731125473976135,0.8026812195777894
WRITE,19,patch_aupr,5,0.5066152006387711,0.20943738505266019,0.2758811265230179,0.5482207536697388,0.7321028828620911
WRITE,19,patch_auroc,5,0.6312823966641217,0.06430523184987104,0.5726314508276534,0.6057931286549707,0.7095050890598936
WRITE,19,top1_pointing,5,0.8,0.4,0.4,1.0,1.0
WRITE,19,top32_box_recall,5,0.09550414497782918,0.02230091714880093,0.07068825910931174,0.09615384615384616,0.11978021978021977
WRITE,19,uniform_enrichment,5,1.6919153404474792,0.37538545303003135,1.2733644204079926,1.6377800904302775,2.124192144951317
WRITE,2,bbox_mass,5,0.3292876824736595,0.2548086591366106,0.09959730356931687,0.30827072262763977,0.6108000993728638
WRITE,2,patch_aupr,5,0.3896035760641098,0.2542922158005958,0.16220975518226624,0.36233648657798767,0.6658998012542725
WRITE,2,patch_auroc,5,0.47356744955978236,0.12855783066300414,0.3540603700097371,0.39625167336010714,0.6320980423620026
WRITE,2,top1_pointing,5,0.4,0.48989794855663565,0.0,0.0,1.0
WRITE,2,top32_box_recall,5,0.061109504530557156,0.03591659896243281,0.036153846153846154,0.04230769230769231,0.10225563909774436
WRITE,2,uniform_enrichment,5,0.9133716329311158,0.19805547434304202,0.7360750665012492,0.7956535899562291,1.1622633482155231
WRITE,20,bbox_mass,5,0.5163533866405488,0.228534174344839,0.2422097146511078,0.613737940788269,0.7474024772644043
WRITE,20,patch_aupr,5,0.5115837633609772,0.20978052090533406,0.27091230154037477,0.5759490728378296,0.736128282546997
WRITE,20,patch_auroc,5,0.6657691669461739,0.07348501315094788,0.5823442811629853,0.6602482960077898,0.7466161572942355
WRITE,20,top1_pointing,5,0.4,0.48989794855663565,0.0,0.0,1.0
WRITE,20,top32_box_recall,5,0.08964237516869096,0.021127910498815634,0.07149122807017544,0.08461538461538462,0.1123076923076923
WRITE,20,uniform_enrichment,5,1.760838024345071,0.48422930627968064,1.220819163974265,1.7222119660548685,2.3053244861951265
WRITE,21,bbox_mass,5,0.4807736068964005,0.2586209344808574,0.1719103217124939,0.5618025660514832,0.7537356019020081
WRITE,21,patch_aupr,5,0.5001057803630828,0.22667492060269798,0.24199656248092652,0.5609358549118042,0.7454861283302308
WRITE,21,patch_auroc,5,0.6520523155647491,0.049820612406680016,0.6095712900801176,0.6143987341772152,0.7134820708726086
WRITE,21,top1_pointing,5,0.8,0.4,0.4,1.0,1.0
WRITE,21,top32_box_recall,5,0.08968189705031811,0.02171893685054158,0.06344129554655871,0.09523809523809523,0.11230769230769232
WRITE,21,uniform_enrichment,5,1.4847232893425988,0.29648567081305893,1.1915117509148467,1.3729178906725357,1.8318891068015726
WRITE,22,bbox_mass,5,0.4826787933707237,0.2374522467265467,0.18899274021387102,0.5949366092681885,0.7024815797805786
WRITE,22,patch_aupr,5,0.511792340874672,0.19379499966236444,0.29813178479671476,0.5528650283813477,0.7079723596572877
WRITE,22,patch_auroc,5,0.6366456350354766,0.09391444271028837,0.547464916551359,0.5961781888997079,0.7504464700578424
WRITE,22,top1_pointing,5,0.6,0.48989794855663565,0.0,1.0,1.0
WRITE,22,top32_box_recall,5,0.10949681897050319,0.054218551014228455,0.06761133603238867,0.09230769230769231,0.1695970695970696
WRITE,22,uniform_enrichment,5,1.5878224981948577,0.7898045139909887,0.8970062463202663,1.4532118821937146,2.4782840676546725
WRITE,23,bbox_mass,5,0.49778513610363007,0.26109317956390776,0.17771351039409639,0.604069173336029,0.7589811682701111
WRITE,23,patch_aupr,5,0.5169412136077881,0.20564991000904465,0.27317413687705994,0.5986170768737793,0.7298978209495545
WRITE,23,patch_auroc,5,0.6593094327862836,0.09604404211852507,0.5513420006320573,0.6870009737098344,0.7398221134336327
WRITE,23,top1_pointing,5,0.6,0.48989794855663565,0.0,1.0,1.0
WRITE,23,top32_box_recall,5,0.09191536533641796,0.02253794557567968,0.067834008097166,0.09523809523809523,0.11538461538461538
WRITE,23,uniform_enrichment,5,1.5540272136036222,0.3929749687431807,1.1441410786947839,1.475519385903406,2.0171085232047306
WRITE,24,bbox_mass,5,0.49732836335897446,0.29579699334012877,0.1366857573390007,0.6230425238609314,0.7948269724845887
WRITE,24,patch_aupr,5,0.5023805260658264,0.23100652496726007,0.23340905010700225,0.5946837067604065,0.7422023296356202
WRITE,24,patch_auroc,5,0.6477532682041973,0.06968745992029947,0.570356813406447,0.6432205452775073,0.7181561948679198
WRITE,24,top1_pointing,5,0.6,0.48989794855663565,0.0,1.0,1.0
WRITE,24,top32_box_recall,5,0.08103431656063234,0.018831910343832657,0.061152882205513785,0.08076923076923077,0.10282051282051283
WRITE,24,uniform_enrichment,5,1.425530056772263,0.33514768526629507,1.0207075004229262,1.5218643208061853,1.7756363097225252
WRITE,25,bbox_mass,5,0.44915971010923383,0.2791673999580724,0.14101076871156693,0.45350679755210876,0.7596835494041443
WRITE,25,patch_aupr,5,0.48754259645938874,0.21579005732089068,0.24431126415729523,0.5249124765396118,0.7223387598991394
WRITE,25,patch_auroc,5,0.642195815634805,0.07529026533126552,0.5608078695399648,0.6445959104186952,0.7176317572622305
WRITE,25,top1_pointing,5,0.6,0.48989794855663565,0.0,1.0,1.0
WRITE,25,top32_box_recall,5,0.08905436668594563,0.04609744104367191,0.05564102564102564,0.06798245614035088,0.140989010989011
WRITE,25,uniform_enrichment,5,1.339642058037426,0.685877694108091,0.7078728118046056,1.1656970580782617,2.1022465655397355
WRITE,26,bbox_mass,5,0.41877478137612345,0.23034892115520864,0.1695793263614178,0.473300576210022,0.627971637248993
WRITE,26,patch_aupr,5,0.5023721367120743,0.19560738172541636,0.2958975523710251,0.5453720092773438,0.6727313280105591
WRITE,26,patch_auroc,5,0.6292960156678618,0.13638714454028125,0.4783759769171152,0.6617697176241479,0.7616966441503336
WRITE,26,top1_pointing,5,0.4,0.48989794855663565,0.0,0.0,1.0
WRITE,26,top32_box_recall,5,0.0945180258338153,0.0972718061091716,0.029230769230769234,0.05482456140350877,0.19758241758241757
WRITE,26,uniform_enrichment,5,1.5011688401184848,1.4111164506647442,0.48546799154721976,0.9752727525793129,3.0060580427377506
WRITE,27,bbox_mass,5,0.4497013255953789,0.24938358166293365,0.16304603368043902,0.5242032408714294,0.7069642663002015
WRITE,27,patch_aupr,5,0.48515118658542633,0.21074582782818707,0.240968319773674,0.5516279339790344,0.7008731007575989
WRITE,27,patch_auroc,5,0.6043048940363598,0.11325325136876475,0.4789582486491174,0.622261441090555,0.7235724209412077
WRITE,27,top1_pointing,5,0.6,0.48989794855663565,0.0,1.0,1.0
WRITE,27,top32_box_recall,5,0.09733468286099864,0.036974016542072885,0.06738866396761134,0.08076923076923077,0.14102564102564102
WRITE,27,uniform_enrichment,5,1.405622498519615,0.5838374324682519,0.9262466225294249,1.2804362119450896,2.0395968720818147
WRITE,28,bbox_mass,5,0.31113314628601074,0.27362132575844594,0.09359159767627716,0.2560514509677887,0.6106951475143433
WRITE,28,patch_aupr,5,0.417087185382843,0.24956000580092547,0.1860451281070709,0.41784945130348206,0.6914752721786499
WRITE,28,patch_auroc,5,0.5663620068086194,0.08653187665313766,0.4590092502434274,0.6230884630274874,0.644902304901116
WRITE,28,top1_pointing,5,0.2,0.4000000000000001,0.0,0.0,0.6000000000000001
WRITE,28,top32_box_recall,5,0.05257181415076152,0.017966342405980183,0.03076923076923077,0.0641025641025641,0.06917293233082707
WRITE,28,uniform_enrichment,5,0.8394024598320596,0.1985239821218959,0.6400907418450852,0.7616340072474116,1.0826206528099034
WRITE,29,bbox_mass,5,0.42774809524416924,0.2584801403306265,0.1463534988462925,0.4780905246734619,0.6931074738502503
WRITE,29,patch_aupr,5,0.46912062764167783,0.2350849618167732,0.20196062922477723,0.5372735857963562,0.7192535281181336
WRITE,29,patch_auroc,5,0.6181893447317524,0.05143577745624935,0.5751557615435864,0.6005233690360272,0.6758414655674427
WRITE,29,top1_pointing,5,0.4,0.48989794855663565,0.0,0.0,1.0
WRITE,29,top32_box_recall,5,0.07319548872180451,0.03009066981507915,0.04082321187584346,0.07692307692307693,0.10373626373626374
WRITE,29,uniform_enrichment,5,1.3150087987166614,0.7499652928271745,0.6936315706558629,1.1677997628592927,2.0923525957132574
WRITE,3,bbox_mass,5,0.27422706261277197,0.2847954057025934,0.07903098985552788,0.17484131455421448,0.5756854236125947
WRITE,3,patch_aupr,5,0.39919084012508393,0.26294437362560186,0.16855462193489074,0.3744278848171234,0.6859244704246521
WRITE,3,patch_auroc,5,0.5047839486248391,0.14347661529975703,0.3506694255111977,0.5099114406343321,0.67002671821831
WRITE,3,top1_pointing,5,0.6,0.48989794855663565,0.0,1.0,1.0
WRITE,3,top32_box_recall,5,0.06363312126470022,0.03558640784969546,0.036153846153846154,0.046153846153846156,0.10576441102756894
WRITE,3,uniform_enrichment,5,0.7189322189085692,0.33930667159586775,0.43383511977898104,0.4554514918549854,1.137945607087144
WRITE,30,bbox_mass,5,0.41084741055965424,0.25966645780364783,0.13044023811817168,0.43111711740493774,0.6979218482971192
WRITE,30,patch_aupr,5,0.4826530277729034,0.2242688519135672,0.22892836332321168,0.5470792055130005,0.7211502313613892
WRITE,30,patch_auroc,5,0.6454993039629604,0.06639475751968614,0.5754290942790277,0.6448028237585199,0.7172497503639144
WRITE,30,top1_pointing,5,0.2,0.4000000000000001,0.0,0.0,0.6000000000000001
WRITE,30,top32_box_recall,5,0.0744042799305957,0.019539095166373203,0.05620782726045884,0.06538461538461539,0.09813186813186814
WRITE,30,uniform_enrichment,5,1.2113208866836167,0.4625824268176985,0.7993341462300737,1.108550734495909,1.7151043310288923
WRITE,31,bbox_mass,5,0.3371633470058441,0.2552106332739655,0.11662451922893524,0.2869167923927307,0.6257346868515015
WRITE,31,patch_aupr,5,0.4524525970220566,0.21444499551087573,0.2377466231584549,0.4575328826904297,0.6863597869873047
WRITE,31,patch_auroc,5,0.6089362501458174,0.08666328360528913,0.5364216163583252,0.5788011695906432,0.7109280954784922
WRITE,31,top1_pointing,5,0.4,0.48989794855663565,0.0,0.0,1.0
WRITE,31,top32_box_recall,5,0.07751783304414883,0.04061168957558378,0.04461538461538462,0.06359649122807018,0.12362637362637363
WRITE,31,uniform_enrichment,5,0.9728412089776931,0.20291768921348546,0.7538090434936557,0.9546237338284146,1.2075959867711237
WRITE,32,bbox_mass,5,0.34982513934373854,0.22335500454347146,0.15630398243665694,0.31135526299476624,0.5876415967941284
WRITE,32,patch_aupr,5,0.4361707240343094,0.201420207046345,0.246663960814476,0.4222387373447418,0.6496755719184876
WRITE,32,patch_auroc,5,0.5528577976087727,0.10994773241058872,0.4698928919182084,0.4951023391812866,0.682407091961162
WRITE,32,top1_pointing,5,0.4,0.48989794855663565,0.0,0.0,1.0
WRITE,32,top32_box_recall,5,0.07832754964333913,0.04153265525207683,0.045384615384615384,0.05482456140350877,0.12875457875457877
WRITE,32,uniform_enrichment,5,1.1527798030618484,0.6222188748096922,0.776061469643427,0.8037156938179592,1.836963877740025
WRITE,4,bbox_mass,5,0.2840025722980499,0.2692170406940142,0.11377528607845307,0.17302988469600677,0.5679552495479585
WRITE,4,patch_aupr,5,0.41276732087135315,0.23549880488531297,0.22715732753276824,0.35360896587371826,0.6737073659896851
WRITE,4,patch_auroc,5,0.5209133150274846,0.16482973228426703,0.317246835443038,0.622386983832767,0.674276608696538
WRITE,4,top1_pointing,5,0.6,0.48989794855663565,0.0,1.0,1.0
WRITE,4,top32_box_recall,5,0.0812184306921149,0.0413449279808929,0.04076923076923077,0.06140350877192982,0.13223443223443224
WRITE,4,uniform_enrichment,5,0.8342192512041251,0.3332978268707388,0.44133929029004315,0.9320589307257975,1.1897123665062679
WRITE,5,bbox_mass,5,0.3281494528055191,0.2633958311192919,0.16042246520519257,0.20567192137241364,0.6111201286315918
WRITE,5,patch_aupr,5,0.43361036479473114,0.22807008181965366,0.24322804510593415,0.38921067118644714,0.688559639453888
WRITE,5,patch_auroc,5,0.5426330057069491,0.13855888254594456,0.37053067185978583,0.6331222325198229,0.6680730917741509
WRITE,5,top1_pointing,5,0.6,0.48989794855663565,0.0,1.0,1.0
WRITE,5,top32_box_recall,5,0.09176595334490072,0.0414633768790002,0.05923076923076923,0.06578947368421052,0.14285714285714285
WRITE,5,uniform_enrichment,5,1.0906678977102167,0.5363322993040961,0.5322208457280896,1.1342769663562726,1.6889178481839036
WRITE,6,bbox_mass,5,0.33936496675014494,0.23141361063689864,0.17601166367530824,0.21961237490177155,0.6038424849510193
WRITE,6,patch_aupr,5,0.43360104560852053,0.21427190457140127,0.2497940957546234,0.38970571756362915,0.6779647827148438
WRITE,6,patch_auroc,5,0.5306082673840792,0.12847049274251815,0.3689435248296008,0.6190241228070176,0.642245090430515
WRITE,6,top1_pointing,5,0.6,0.48989794855663565,0.0,1.0,1.0
WRITE,6,top32_box_recall,5,0.09847214189319452,0.04590702542641349,0.0601417004048583,0.07307692307692308,0.15531135531135531
WRITE,6,uniform_enrichment,5,1.175826908661599,0.5598323784181652,0.6206526144879462,1.0526455099067147,1.8359948450136447
WRITE,7,bbox_mass,5,0.4037462159991264,0.23794482929209976,0.16268484741449357,0.37175288796424866,0.67435622215271
WRITE,7,patch_aupr,5,0.44586089849472044,0.2022578888503424,0.2628309428691864,0.41719546914100647,0.666389560699463
WRITE,7,patch_auroc,5,0.5300981990648759,0.10612401143617278,0.40540165530671857,0.5491776315789474,0.6451876298188376
WRITE,7,top1_pointing,5,0.6,0.48989794855663565,0.0,1.0,1.0
WRITE,7,top32_box_recall,5,0.0936745710429921,0.06427056537314044,0.04423558897243107,0.07307692307692308,0.16461538461538464
WRITE,7,uniform_enrichment,5,1.6192185886646828,1.525089064798417,0.7174818801637372,0.9080559266541031,3.223627410124175
WRITE,8,bbox_mass,5,0.4029208689928055,0.22914354076393947,0.2007486790418625,0.36241376399993896,0.6580883026123048
WRITE,8,patch_aupr,5,0.47762600183486936,0.20083642414060557,0.27560463547706604,0.4818916320800781,0.7033070206642151
WRITE,8,patch_auroc,5,0.6050206143545249,0.10294567273759204,0.4913510223953262,0.5883771929824562,0.7235237115710228
WRITE,8,top1_pointing,5,0.6,0.48989794855663565,0.0,1.0,1.0
WRITE,8,top32_box_recall,5,0.09209947946790052,0.03847773450519896,0.06278195488721804,0.08076923076923077,0.13384615384615384
WRITE,8,uniform_enrichment,5,1.3879620078440464,0.6020811680371201,0.9228639282893955,1.1072272138003842,2.093875593872305
WRITE,9,bbox_mass,5,0.42695152163505556,0.24075374040207867,0.16915242075920106,0.4435768723487854,0.7015876173973083
WRITE,9,patch_aupr,5,0.4998335659503937,0.20905320202943564,0.270868980884552,0.5464910864830017,0.7282475590705871
WRITE,9,patch_auroc,5,0.6380380365630438,0.07546116463807363,0.5632607606325128,0.6006085686465433,0.7294881482510046
WRITE,9,top1_pointing,5,0.2,0.4000000000000001,0.0,0.0,0.6000000000000001
WRITE,9,top32_box_recall,5,0.09642182379024485,0.027509527913048726,0.06959514170040486,0.08846153846153847,0.12747252747252746
WRITE,9,uniform_enrichment,5,1.3327673980032526,0.23590546261548664,1.0786236850384587,1.3323595150961725,1.6069472939495326
